geometry,panel_a_in,panel_b_in,source_dataset,case,test_id,theta1,theta2,pt,predicted_type,confidence,type1_probability,type2_probability,type3_probability,review_priority,csv_path,plot_path
8x8,8.0,8.0,8x8_new_data_curve_classifier_v1,Case2,Test_001,65.0,19.0,5245.443709754744,2,0.6383333333333333,0.075,0.6383333333333333,0.2866666666666667,high,data/New_data/8x8_Case2/csv/force_disp_Test_001.csv,data/New_data/8x8_Case2/Ori/plot_Test_001_original.png
8x8,8.0,8.0,8x8_new_data_curve_classifier_v1,Case2,Test_002,40.0,-51.0,7023.092989393881,2,0.525,0.355,0.525,0.12,high,data/New_data/8x8_Case2/csv/force_disp_Test_002.csv,data/New_data/8x8_Case2/Ori/plot_Test_002_original.png
8x8,8.0,8.0,8x8_new_data_curve_classifier_v1,Case2,Test_003,-44.0,65.0,6340.934290963928,2,0.5766666666666667,0.3516666666666667,0.5766666666666667,0.07166666666666667,high,data/New_data/8x8_Case2/csv/force_disp_Test_003.csv,data/New_data/8x8_Case2/Ori/plot_Test_003_original.png
8x8,8.0,8.0,8x8_new_data_curve_classifier_v1,Case2,Test_004,49.0,48.0,7615.382084736431,1,0.505,0.505,0.4216666666666667,0.07333333333333333,high,data/New_data/8x8_Case2/csv/force_disp_Test_004.csv,data/New_data/8x8_Case2/Ori/plot_Test_004_original.png
8x8,8.0,8.0,8x8_new_data_curve_classifier_v1,Case2,Test_005,-52.0,20.0,5859.475917983462,2,0.5783333333333334,0.06166666666666667,0.5783333333333334,0.36,high,data/New_data/8x8_Case2/csv/force_disp_Test_005.csv,data/New_data/8x8_Case2/Ori/plot_Test_005_original.png
8x8,8.0,8.0,8x8_new_data_curve_classifier_v1,Case2,Test_006,-15.0,-74.0,4656.4360621187025,2,0.6733333333333333,0.058333333333333334,0.6733333333333333,0.2683333333333333,high,data/New_data/8x8_Case2/csv/force_disp_Test_006.csv,data/New_data/8x8_Case2/Ori/plot_Test_006_original.png
8x8,8.0,8.0,8x8_new_data_curve_classifier_v1,Case2,Test_007,51.0,-83.0,5354.975808791502,2,0.495,0.4216666666666667,0.495,0.08333333333333333,high,data/New_data/8x8_Case2/csv/force_disp_Test_007.csv,data/New_data/8x8_Case2/Ori/plot_Test_007_original.png
8x8,8.0,8.0,8x8_new_data_curve_classifier_v1,Case2,Test_008,86.0,9.0,3971.12592521655,3,0.4866666666666667,0.12,0.3933333333333333,0.4866666666666667,high,data/New_data/8x8_Case2/csv/force_disp_Test_008.csv,data/New_data/8x8_Case2/Ori/plot_Test_008_original.png
8x8,8.0,8.0,8x8_new_data_curve_classifier_v1,Case2,Test_009,-63.0,21.0,5484.306752952295,2,0.6816666666666666,0.07,0.6816666666666666,0.24833333333333332,high,data/New_data/8x8_Case2/csv/force_disp_Test_009.csv,data/New_data/8x8_Case2/Ori/plot_Test_009_original.png
8x8,8.0,8.0,8x8_new_data_curve_classifier_v1,Case2,Test_010,-74.0,83.0,3176.3548254643347,1,0.4766666666666667,0.4766666666666667,0.47,0.05333333333333334,high,data/New_data/8x8_Case2/csv/force_disp_Test_010.csv,data/New_data/8x8_Case2/Ori/plot_Test_010_original.png
8x8,8.0,8.0,8x8_new_data_curve_classifier_v1,Case2,Test_011,-39.0,-9.0,5545.9774662356685,3,0.6733333333333333,0.03833333333333333,0.28833333333333333,0.6733333333333333,high,data/New_data/8x8_Case2/csv/force_disp_Test_011.csv,data/New_data/8x8_Case2/Ori/plot_Test_011_original.png
8x8,8.0,8.0,8x8_new_data_curve_classifier_v1,Case2,Test_012,-56.0,9.0,5266.151607589449,2,0.56,0.043333333333333335,0.56,0.39666666666666667,high,data/New_data/8x8_Case2/csv/force_disp_Test_012.csv,data/New_data/8x8_Case2/Ori/plot_Test_012_original.png
8x8,8.0,8.0,8x8_new_data_curve_classifier_v1,Case2,Test_013,61.0,33.0,6098.869968378102,2,0.6566666666666666,0.16166666666666665,0.6566666666666666,0.18166666666666667,high,data/New_data/8x8_Case2/csv/force_disp_Test_013.csv,data/New_data/8x8_Case2/Ori/plot_Test_013_original.png
8x8,8.0,8.0,8x8_new_data_curve_classifier_v1,Case2,Test_014,19.0,79.0,4635.134950156164,2,0.7916666666666666,0.065,0.7916666666666666,0.14333333333333334,medium,data/New_data/8x8_Case2/csv/force_disp_Test_014.csv,data/New_data/8x8_Case2/Ori/plot_Test_014_original.png
8x8,8.0,8.0,8x8_new_data_curve_classifier_v1,Case2,Test_015,35.0,60.0,6232.269763655698,2,0.645,0.20333333333333334,0.645,0.15166666666666667,high,data/New_data/8x8_Case2/csv/force_disp_Test_015.csv,data/New_data/8x8_Case2/Ori/plot_Test_015_original.png
8x8,8.0,8.0,8x8_new_data_curve_classifier_v1,Case2,Test_016,75.0,-61.0,5563.11147592123,1,0.6783333333333333,0.6783333333333333,0.075,0.24666666666666667,high,data/New_data/8x8_Case2/csv/force_disp_Test_016.csv,data/New_data/8x8_Case2/Ori/plot_Test_016_original.png
8x8,8.0,8.0,8x8_new_data_curve_classifier_v1,Case2,Test_017,-30.0,66.0,5665.928848025043,2,0.7716666666666666,0.11666666666666667,0.7716666666666666,0.11166666666666666,medium,data/New_data/8x8_Case2/csv/force_disp_Test_017.csv,data/New_data/8x8_Case2/Ori/plot_Test_017_original.png
8x8,8.0,8.0,8x8_new_data_curve_classifier_v1,Case2,Test_018,-53.0,31.0,6390.174985571255,2,0.685,0.135,0.685,0.18,high,data/New_data/8x8_Case2/csv/force_disp_Test_018.csv,data/New_data/8x8_Case2/Ori/plot_Test_018_original.png
8x8,8.0,8.0,8x8_new_data_curve_classifier_v1,Case2,Test_019,-79.0,29.0,5026.196368639911,2,0.7266666666666667,0.11666666666666667,0.7266666666666667,0.15666666666666668,medium,data/New_data/8x8_Case2/csv/force_disp_Test_019.csv,data/New_data/8x8_Case2/Ori/plot_Test_019_original.png
8x8,8.0,8.0,8x8_new_data_curve_classifier_v1,Case2,Test_020,-2.0,48.0,5325.270352479137,3,0.49833333333333335,0.03333333333333333,0.4683333333333333,0.49833333333333335,high,data/New_data/8x8_Case2/csv/force_disp_Test_020.csv,data/New_data/8x8_Case2/Ori/plot_Test_020_original.png
8x8,8.0,8.0,8x8_new_data_curve_classifier_v1,Case2,Test_021,-49.0,-67.0,6271.898565424734,2,0.5233333333333333,0.37666666666666665,0.5233333333333333,0.1,high,data/New_data/8x8_Case2/csv/force_disp_Test_021.csv,data/New_data/8x8_Case2/Ori/plot_Test_021_original.png
8x8,8.0,8.0,8x8_new_data_curve_classifier_v1,Case2,Test_022,43.0,-33.0,6873.013713356222,2,0.5333333333333333,0.21666666666666667,0.5333333333333333,0.25,high,data/New_data/8x8_Case2/csv/force_disp_Test_022.csv,data/New_data/8x8_Case2/Ori/plot_Test_022_original.png
8x8,8.0,8.0,8x8_new_data_curve_classifier_v1,Case2,Test_023,62.0,-67.0,5716.871280069032,1,0.6416666666666667,0.6416666666666667,0.32166666666666666,0.03666666666666667,high,data/New_data/8x8_Case2/csv/force_disp_Test_023.csv,data/New_data/8x8_Case2/Ori/plot_Test_023_original.png
8x8,8.0,8.0,8x8_new_data_curve_classifier_v1,Case2,Test_024,30.0,75.0,5192.143867522031,2,0.7416666666666667,0.135,0.7416666666666667,0.12333333333333334,medium,data/New_data/8x8_Case2/csv/force_disp_Test_024.csv,data/New_data/8x8_Case2/Ori/plot_Test_024_original.png
8x8,8.0,8.0,8x8_new_data_curve_classifier_v1,Case2,Test_025,80.0,-80.0,2887.8993841308998,1,0.5116666666666667,0.5116666666666667,0.41833333333333333,0.07,high,data/New_data/8x8_Case2/csv/force_disp_Test_025.csv,data/New_data/8x8_Case2/Ori/plot_Test_025_original.png
8x8,8.0,8.0,8x8_new_data_curve_classifier_v1,Case2,Test_026,-81.0,73.0,3332.8052915034446,1,0.48333333333333334,0.48333333333333334,0.46,0.056666666666666664,high,data/New_data/8x8_Case2/csv/force_disp_Test_026.csv,data/New_data/8x8_Case2/Ori/plot_Test_026_original.png
8x8,8.0,8.0,8x8_new_data_curve_classifier_v1,Case2,Test_027,54.0,-38.0,6727.184640188092,2,0.5583333333333333,0.31166666666666665,0.5583333333333333,0.13,high,data/New_data/8x8_Case2/csv/force_disp_Test_027.csv,data/New_data/8x8_Case2/Ori/plot_Test_027_original.png
8x8,8.0,8.0,8x8_new_data_curve_classifier_v1,Case2,Test_028,36.0,-31.0,6907.788015230194,3,0.44,0.14333333333333334,0.4166666666666667,0.44,high,data/New_data/8x8_Case2/csv/force_disp_Test_028.csv,data/New_data/8x8_Case2/Ori/plot_Test_028_original.png
8x8,8.0,8.0,8x8_new_data_curve_classifier_v1,Case2,Test_029,52.0,-41.0,7028.705863315265,2,0.5133333333333333,0.36333333333333334,0.5133333333333333,0.12333333333333334,high,data/New_data/8x8_Case2/csv/force_disp_Test_029.csv,data/New_data/8x8_Case2/Ori/plot_Test_029_original.png
8x8,8.0,8.0,8x8_new_data_curve_classifier_v1,Case2,Test_030,15.0,-12.0,5438.2177322714615,3,0.8816666666666667,0.0016666666666666668,0.11666666666666667,0.8816666666666667,low,data/New_data/8x8_Case2/csv/force_disp_Test_030.csv,data/New_data/8x8_Case2/Ori/plot_Test_030_original.png
8x8,8.0,8.0,8x8_new_data_curve_classifier_v1,Case2,Test_031,-55.0,-62.0,6831.5116320028155,1,0.5566666666666666,0.5566666666666666,0.41333333333333333,0.03,high,data/New_data/8x8_Case2/csv/force_disp_Test_031.csv,data/New_data/8x8_Case2/Ori/plot_Test_031_original.png
8x8,8.0,8.0,8x8_new_data_curve_classifier_v1,Case2,Test_032,-19.0,-7.0,5353.345541568076,3,0.8716666666666667,0.0016666666666666668,0.12666666666666668,0.8716666666666667,low,data/New_data/8x8_Case2/csv/force_disp_Test_032.csv,data/New_data/8x8_Case2/Ori/plot_Test_032_original.png
8x8,8.0,8.0,8x8_new_data_curve_classifier_v1,Case2,Test_033,-61.0,86.0,4856.438902414364,2,0.495,0.4533333333333333,0.495,0.051666666666666666,high,data/New_data/8x8_Case2/csv/force_disp_Test_033.csv,data/New_data/8x8_Case2/Ori/plot_Test_033_original.png
8x8,8.0,8.0,8x8_new_data_curve_classifier_v1,Case2,Test_034,-43.0,-15.0,5831.153417960552,3,0.56,0.05,0.39,0.56,high,data/New_data/8x8_Case2/csv/force_disp_Test_034.csv,data/New_data/8x8_Case2/Ori/plot_Test_034_original.png
8x8,8.0,8.0,8x8_new_data_curve_classifier_v1,Case2,Test_035,70.0,81.0,3611.4947923782247,2,0.4716666666666667,0.465,0.4716666666666667,0.06333333333333334,high,data/New_data/8x8_Case2/csv/force_disp_Test_035.csv,data/New_data/8x8_Case2/Ori/plot_Test_035_original.png
8x8,8.0,8.0,8x8_new_data_curve_classifier_v1,Case2,Test_036,8.0,25.0,5470.248036442415,3,0.85,0.0033333333333333335,0.14666666666666667,0.85,low,data/New_data/8x8_Case2/csv/force_disp_Test_036.csv,data/New_data/8x8_Case2/Ori/plot_Test_036_original.png
8x8,8.0,8.0,8x8_new_data_curve_classifier_v1,Case2,Test_037,-85.0,67.0,3789.6988880614354,1,0.475,0.475,0.47,0.055,high,data/New_data/8x8_Case2/csv/force_disp_Test_037.csv,data/New_data/8x8_Case2/Ori/plot_Test_037_original.png
8x8,8.0,8.0,8x8_new_data_curve_classifier_v1,Case2,Test_038,-56.0,52.0,7396.421028391188,1,0.54,0.54,0.44333333333333336,0.016666666666666666,high,data/New_data/8x8_Case2/csv/force_disp_Test_038.csv,data/New_data/8x8_Case2/Ori/plot_Test_038_original.png
8x8,8.0,8.0,8x8_new_data_curve_classifier_v1,Case2,Test_039,64.0,42.0,6235.392231474027,2,0.5583333333333333,0.3416666666666667,0.5583333333333333,0.1,high,data/New_data/8x8_Case2/csv/force_disp_Test_039.csv,data/New_data/8x8_Case2/Ori/plot_Test_039_original.png
8x8,8.0,8.0,8x8_new_data_curve_classifier_v1,Case2,Test_040,-27.0,-54.0,6152.389268452867,2,0.595,0.10833333333333334,0.595,0.2966666666666667,high,data/New_data/8x8_Case2/csv/force_disp_Test_040.csv,data/New_data/8x8_Case2/Ori/plot_Test_040_original.png
8x8,8.0,8.0,8x8_new_data_curve_classifier_v1,Case2,Test_041,-2.0,-68.0,4551.274031987597,2,0.5116666666666667,0.07333333333333333,0.5116666666666667,0.415,high,data/New_data/8x8_Case2/csv/force_disp_Test_041.csv,data/New_data/8x8_Case2/Ori/plot_Test_041_original.png
8x8,8.0,8.0,8x8_new_data_curve_classifier_v1,Case2,Test_042,84.0,51.0,5304.112331994,2,0.49833333333333335,0.43,0.49833333333333335,0.07166666666666667,high,data/New_data/8x8_Case2/csv/force_disp_Test_042.csv,data/New_data/8x8_Case2/Ori/plot_Test_042_original.png
8x8,8.0,8.0,8x8_new_data_curve_classifier_v1,Case2,Test_043,79.0,-71.0,3642.838541111375,1,0.5083333333333333,0.5083333333333333,0.42333333333333334,0.06833333333333333,high,data/New_data/8x8_Case2/csv/force_disp_Test_043.csv,data/New_data/8x8_Case2/Ori/plot_Test_043_original.png
8x8,8.0,8.0,8x8_new_data_curve_classifier_v1,Case2,Test_044,59.0,-56.0,7214.189626636932,1,0.6716666666666666,0.6716666666666666,0.31833333333333336,0.01,high,data/New_data/8x8_Case2/csv/force_disp_Test_044.csv,data/New_data/8x8_Case2/Ori/plot_Test_044_original.png
8x8,8.0,8.0,8x8_new_data_curve_classifier_v1,Case2,Test_045,-18.0,-35.0,5925.911787551522,3,0.715,0.04833333333333333,0.23666666666666666,0.715,medium,data/New_data/8x8_Case2/csv/force_disp_Test_045.csv,data/New_data/8x8_Case2/Ori/plot_Test_045_original.png
8x8,8.0,8.0,8x8_new_data_curve_classifier_v1,Case2,Test_046,-76.0,-77.0,3325.4045484087624,2,0.475,0.445,0.475,0.08,high,data/New_data/8x8_Case2/csv/force_disp_Test_046.csv,data/New_data/8x8_Case2/Ori/plot_Test_046_original.png
8x8,8.0,8.0,8x8_new_data_curve_classifier_v1,Case2,Test_047,42.0,27.0,6449.470381146225,2,0.48,0.13,0.48,0.39,high,data/New_data/8x8_Case2/csv/force_disp_Test_047.csv,data/New_data/8x8_Case2/Ori/plot_Test_047_original.png
8x8,8.0,8.0,8x8_new_data_curve_classifier_v1,Case2,Test_048,1.0,71.0,4558.529609242353,2,0.4866666666666667,0.08833333333333333,0.4866666666666667,0.425,high,data/New_data/8x8_Case2/csv/force_disp_Test_048.csv,data/New_data/8x8_Case2/Ori/plot_Test_048_original.png
8x8,8.0,8.0,8x8_new_data_curve_classifier_v1,Case2,Test_049,-37.0,22.0,6208.863158682437,3,0.5433333333333333,0.09333333333333334,0.36333333333333334,0.5433333333333333,high,data/New_data/8x8_Case2/csv/force_disp_Test_049.csv,data/New_data/8x8_Case2/Ori/plot_Test_049_original.png
8x8,8.0,8.0,8x8_new_data_curve_classifier_v1,Case2,Test_050,-16.0,44.0,5782.42296970098,3,0.465,0.07166666666666667,0.4633333333333333,0.465,high,data/New_data/8x8_Case2/csv/force_disp_Test_050.csv,data/New_data/8x8_Case2/Ori/plot_Test_050_original.png
8x8,8.0,8.0,8x8_new_data_curve_classifier_v1,Case2,Test_051,28.0,57.0,6018.571641259708,2,0.6866666666666666,0.13,0.6866666666666666,0.18333333333333332,high,data/New_data/8x8_Case2/csv/force_disp_Test_051.csv,data/New_data/8x8_Case2/Ori/plot_Test_051_original.png
8x8,8.0,8.0,8x8_new_data_curve_classifier_v1,Case2,Test_052,-79.0,34.0,5218.475982441628,2,0.725,0.15333333333333332,0.725,0.12166666666666667,medium,data/New_data/8x8_Case2/csv/force_disp_Test_052.csv,data/New_data/8x8_Case2/Ori/plot_Test_052_original.png
8x8,8.0,8.0,8x8_new_data_curve_classifier_v1,Case2,Test_053,3.0,87.0,3942.823764947161,2,0.51,0.09666666666666666,0.51,0.3933333333333333,high,data/New_data/8x8_Case2/csv/force_disp_Test_053.csv,data/New_data/8x8_Case2/Ori/plot_Test_053_original.png
8x8,8.0,8.0,8x8_new_data_curve_classifier_v1,Case2,Test_054,-17.0,-44.0,5905.0899975511975,3,0.5416666666666666,0.06333333333333334,0.395,0.5416666666666666,high,data/New_data/8x8_Case2/csv/force_disp_Test_054.csv,data/New_data/8x8_Case2/Ori/plot_Test_054_original.png
8x8,8.0,8.0,8x8_new_data_curve_classifier_v1,Case2,Test_055,44.0,-49.0,7440.495367717857,2,0.45666666666666667,0.435,0.45666666666666667,0.10833333333333334,high,data/New_data/8x8_Case2/csv/force_disp_Test_055.csv,data/New_data/8x8_Case2/Ori/plot_Test_055_original.png
8x8,8.0,8.0,8x8_new_data_curve_classifier_v1,Case2,Test_056,67.0,-19.0,5133.812984365671,2,0.6633333333333333,0.07666666666666666,0.6633333333333333,0.26,high,data/New_data/8x8_Case2/csv/force_disp_Test_056.csv,data/New_data/8x8_Case2/Ori/plot_Test_056_original.png
8x8,8.0,8.0,8x8_new_data_curve_classifier_v1,Case2,Test_057,2.0,74.0,4350.277696932785,2,0.47,0.09166666666666666,0.47,0.43833333333333335,high,data/New_data/8x8_Case2/csv/force_disp_Test_057.csv,data/New_data/8x8_Case2/Ori/plot_Test_057_original.png
8x8,8.0,8.0,8x8_new_data_curve_classifier_v1,Case2,Test_058,82.0,19.0,4487.650842235879,2,0.6566666666666666,0.10333333333333333,0.6566666666666666,0.24,high,data/New_data/8x8_Case2/csv/force_disp_Test_058.csv,data/New_data/8x8_Case2/Ori/plot_Test_058_original.png
8x8,8.0,8.0,8x8_new_data_curve_classifier_v1,Case2,Test_059,14.0,3.0,4906.824952087089,3,0.89,0.005,0.105,0.89,low,data/New_data/8x8_Case2/csv/force_disp_Test_059.csv,data/New_data/8x8_Case2/Ori/plot_Test_059_original.png
8x8,8.0,8.0,8x8_new_data_curve_classifier_v1,Case2,Test_060,44.0,-84.0,5283.659746593987,2,0.5416666666666666,0.37,0.5416666666666666,0.08833333333333333,high,data/New_data/8x8_Case2/csv/force_disp_Test_060.csv,data/New_data/8x8_Case2/Ori/plot_Test_060_original.png
8x8,8.0,8.0,8x8_new_data_curve_classifier_v1,Case2,Test_061,0.0,-52.0,5259.973044863009,2,0.4866666666666667,0.03666666666666667,0.4866666666666667,0.4766666666666667,high,data/New_data/8x8_Case2/csv/force_disp_Test_061.csv,data/New_data/8x8_Case2/Ori/plot_Test_061_original.png
8x8,8.0,8.0,8x8_new_data_curve_classifier_v1,Case2,Test_062,33.0,26.0,6532.661567326767,3,0.6233333333333333,0.1,0.27666666666666667,0.6233333333333333,high,data/New_data/8x8_Case2/csv/force_disp_Test_062.csv,data/New_data/8x8_Case2/Ori/plot_Test_062_original.png
8x8,8.0,8.0,8x8_new_data_curve_classifier_v1,Case2,Test_063,-75.0,38.0,5537.1589121300185,2,0.6783333333333333,0.21666666666666667,0.6783333333333333,0.105,high,data/New_data/8x8_Case2/csv/force_disp_Test_063.csv,data/New_data/8x8_Case2/Ori/plot_Test_063_original.png
8x8,8.0,8.0,8x8_new_data_curve_classifier_v1,Case2,Test_064,-20.0,55.0,5775.144279548085,2,0.68,0.056666666666666664,0.68,0.2633333333333333,high,data/New_data/8x8_Case2/csv/force_disp_Test_064.csv,data/New_data/8x8_Case2/Ori/plot_Test_064_original.png
8x8,8.0,8.0,8x8_new_data_curve_classifier_v1,Case2,Test_065,72.0,31.0,5389.078711684597,2,0.6833333333333333,0.15833333333333333,0.6833333333333333,0.15833333333333333,high,data/New_data/8x8_Case2/csv/force_disp_Test_065.csv,data/New_data/8x8_Case2/Ori/plot_Test_065_original.png
8x8,8.0,8.0,8x8_new_data_curve_classifier_v1,Case2,Test_066,75.0,72.0,3802.546065363662,1,0.47333333333333333,0.47333333333333333,0.4583333333333333,0.06833333333333333,high,data/New_data/8x8_Case2/csv/force_disp_Test_066.csv,data/New_data/8x8_Case2/Ori/plot_Test_066_original.png
8x8,8.0,8.0,8x8_new_data_curve_classifier_v1,Case2,Test_067,-83.0,68.0,3750.04629067731,1,0.475,0.475,0.47,0.055,high,data/New_data/8x8_Case2/csv/force_disp_Test_067.csv,data/New_data/8x8_Case2/Ori/plot_Test_067_original.png
8x8,8.0,8.0,8x8_new_data_curve_classifier_v1,Case2,Test_068,-26.0,-1.0,5356.440229584633,3,0.8433333333333334,0.0016666666666666668,0.155,0.8433333333333334,medium,data/New_data/8x8_Case2/csv/force_disp_Test_068.csv,data/New_data/8x8_Case2/Ori/plot_Test_068_original.png
8x8,8.0,8.0,8x8_new_data_curve_classifier_v1,Case2,Test_069,-36.0,57.0,6497.168688060765,2,0.645,0.24166666666666667,0.645,0.11333333333333333,high,data/New_data/8x8_Case2/csv/force_disp_Test_069.csv,data/New_data/8x8_Case2/Ori/plot_Test_069_original.png
8x8,8.0,8.0,8x8_new_data_curve_classifier_v1,Case2,Test_070,-89.0,-51.0,5228.957314727552,2,0.5216666666666666,0.3883333333333333,0.5216666666666666,0.09,high,data/New_data/8x8_Case2/csv/force_disp_Test_070.csv,data/New_data/8x8_Case2/Ori/plot_Test_070_original.png
8x8,8.0,8.0,8x8_new_data_curve_classifier_v1,Case2,Test_071,-45.0,-29.0,6507.381217383448,2,0.5166666666666667,0.12666666666666668,0.5166666666666667,0.3566666666666667,high,data/New_data/8x8_Case2/csv/force_disp_Test_071.csv,data/New_data/8x8_Case2/Ori/plot_Test_071_original.png
8x8,8.0,8.0,8x8_new_data_curve_classifier_v1,Case2,Test_072,-29.0,13.0,5641.422264894557,3,0.825,0.021666666666666667,0.15333333333333332,0.825,medium,data/New_data/8x8_Case2/csv/force_disp_Test_072.csv,data/New_data/8x8_Case2/Ori/plot_Test_072_original.png
8x8,8.0,8.0,8x8_new_data_curve_classifier_v1,Case2,Test_073,-22.0,46.0,6113.025656201765,2,0.56,0.09166666666666666,0.56,0.34833333333333333,high,data/New_data/8x8_Case2/csv/force_disp_Test_073.csv,data/New_data/8x8_Case2/Ori/plot_Test_073_original.png
8x8,8.0,8.0,8x8_new_data_curve_classifier_v1,Case2,Test_074,-1.0,-8.0,4850.751189382047,3,0.895,0.01,0.095,0.895,low,data/New_data/8x8_Case2/csv/force_disp_Test_074.csv,data/New_data/8x8_Case2/Ori/plot_Test_074_original.png
8x8,8.0,8.0,8x8_new_data_curve_classifier_v1,Case2,Test_075,-22.0,82.0,4607.7273268511535,2,0.8066666666666666,0.065,0.8066666666666666,0.12833333333333333,medium,data/New_data/8x8_Case2/csv/force_disp_Test_075.csv,data/New_data/8x8_Case2/Ori/plot_Test_075_original.png
8x8,8.0,8.0,8x8_new_data_curve_classifier_v1,Case2,Test_076,50.0,5.0,5394.339911148387,3,0.55,0.04666666666666667,0.4033333333333333,0.55,high,data/New_data/8x8_Case2/csv/force_disp_Test_076.csv,data/New_data/8x8_Case2/Ori/plot_Test_076_original.png
8x8,8.0,8.0,8x8_new_data_curve_classifier_v1,Case2,Test_077,-64.0,20.0,5384.563257292823,2,0.6833333333333333,0.06666666666666667,0.6833333333333333,0.25,high,data/New_data/8x8_Case2/csv/force_disp_Test_077.csv,data/New_data/8x8_Case2/Ori/plot_Test_077_original.png
8x8,8.0,8.0,8x8_new_data_curve_classifier_v1,Case2,Test_078,29.0,-79.0,5034.99062742488,2,0.715,0.13333333333333333,0.715,0.15166666666666667,medium,data/New_data/8x8_Case2/csv/force_disp_Test_078.csv,data/New_data/8x8_Case2/Ori/plot_Test_078_original.png
8x8,8.0,8.0,8x8_new_data_curve_classifier_v1,Case2,Test_079,-67.0,39.0,5975.169734540399,2,0.6316666666666667,0.27,0.6316666666666667,0.09833333333333333,high,data/New_data/8x8_Case2/csv/force_disp_Test_079.csv,data/New_data/8x8_Case2/Ori/plot_Test_079_original.png
8x8,8.0,8.0,8x8_new_data_curve_classifier_v1,Case2,Test_080,-53.0,-64.0,6613.877621257254,1,0.4816666666666667,0.4816666666666667,0.45,0.06833333333333333,high,data/New_data/8x8_Case2/csv/force_disp_Test_080.csv,data/New_data/8x8_Case2/Ori/plot_Test_080_original.png
8x8,8.0,8.0,8x8_new_data_curve_classifier_v1,Case2,Test_081,-38.0,-72.0,5658.21080270886,2,0.6516666666666666,0.21333333333333335,0.6516666666666666,0.135,high,data/New_data/8x8_Case2/csv/force_disp_Test_081.csv,data/New_data/8x8_Case2/Ori/plot_Test_081_original.png
8x8,8.0,8.0,8x8_new_data_curve_classifier_v1,Case2,Test_082,85.0,48.0,5285.769770789521,2,0.5266666666666666,0.39666666666666667,0.5266666666666666,0.07666666666666666,high,data/New_data/8x8_Case2/csv/force_disp_Test_082.csv,data/New_data/8x8_Case2/Ori/plot_Test_082_original.png
8x8,8.0,8.0,8x8_new_data_curve_classifier_v1,Case2,Test_083,-12.0,85.0,4206.4510157485765,2,0.545,0.11166666666666666,0.545,0.3433333333333333,high,data/New_data/8x8_Case2/csv/force_disp_Test_083.csv,data/New_data/8x8_Case2/Ori/plot_Test_083_original.png
8x8,8.0,8.0,8x8_new_data_curve_classifier_v1,Case2,Test_084,77.0,-48.0,5623.399988696108,2,0.49833333333333335,0.42,0.49833333333333335,0.08166666666666667,high,data/New_data/8x8_Case2/csv/force_disp_Test_084.csv,data/New_data/8x8_Case2/Ori/plot_Test_084_original.png
8x8,8.0,8.0,8x8_new_data_curve_classifier_v1,Case2,Test_085,45.0,75.0,5674.907944961527,2,0.5616666666666666,0.365,0.5616666666666666,0.07333333333333333,high,data/New_data/8x8_Case2/csv/force_disp_Test_085.csv,data/New_data/8x8_Case2/Ori/plot_Test_085_original.png
8x8,8.0,8.0,8x8_new_data_curve_classifier_v1,Case2,Test_086,-41.0,-54.0,6843.916456755203,2,0.5383333333333333,0.33,0.5383333333333333,0.13166666666666665,high,data/New_data/8x8_Case2/csv/force_disp_Test_086.csv,data/New_data/8x8_Case2/Ori/plot_Test_086_original.png
8x8,8.0,8.0,8x8_new_data_curve_classifier_v1,Case2,Test_087,-38.0,89.0,5039.277022834803,2,0.7,0.22333333333333333,0.7,0.07666666666666666,medium,data/New_data/8x8_Case2/csv/force_disp_Test_087.csv,data/New_data/8x8_Case2/Ori/plot_Test_087_original.png
8x8,8.0,8.0,8x8_new_data_curve_classifier_v1,Case2,Test_088,23.0,33.0,6272.23600342667,3,0.675,0.08833333333333333,0.23666666666666666,0.675,high,data/New_data/8x8_Case2/csv/force_disp_Test_088.csv,data/New_data/8x8_Case2/Ori/plot_Test_088_original.png
8x8,8.0,8.0,8x8_new_data_curve_classifier_v1,Case2,Test_089,18.0,-35.0,5926.064896432755,3,0.685,0.06333333333333334,0.25166666666666665,0.685,high,data/New_data/8x8_Case2/csv/force_disp_Test_089.csv,data/New_data/8x8_Case2/Ori/plot_Test_089_original.png
8x8,8.0,8.0,8x8_new_data_curve_classifier_v1,Case2,Test_090,-65.0,24.0,5520.705433430067,2,0.7083333333333334,0.07666666666666666,0.7083333333333334,0.215,medium,data/New_data/8x8_Case2/csv/force_disp_Test_090.csv,data/New_data/8x8_Case2/Ori/plot_Test_090_original.png
8x8,8.0,8.0,8x8_new_data_curve_classifier_v1,Case2,Test_091,11.0,36.0,5551.691611531231,3,0.7666666666666667,0.035,0.19833333333333333,0.7666666666666667,medium,data/New_data/8x8_Case2/csv/force_disp_Test_091.csv,data/New_data/8x8_Case2/Ori/plot_Test_091_original.png
8x8,8.0,8.0,8x8_new_data_curve_classifier_v1,Case2,Test_092,-38.0,-40.0,7392.826189776673,2,0.49166666666666664,0.25833333333333336,0.49166666666666664,0.25,high,data/New_data/8x8_Case2/csv/force_disp_Test_092.csv,data/New_data/8x8_Case2/Ori/plot_Test_092_original.png
8x8,8.0,8.0,8x8_new_data_curve_classifier_v1,Case2,Test_093,-70.0,-78.0,3789.3880033345195,2,0.49166666666666664,0.42833333333333334,0.49166666666666664,0.08,high,data/New_data/8x8_Case2/csv/force_disp_Test_093.csv,data/New_data/8x8_Case2/Ori/plot_Test_093_original.png
8x8,8.0,8.0,8x8_new_data_curve_classifier_v1,Case2,Test_094,73.0,-55.0,5910.468465200709,1,0.47833333333333333,0.47833333333333333,0.44,0.08166666666666667,high,data/New_data/8x8_Case2/csv/force_disp_Test_094.csv,data/New_data/8x8_Case2/Ori/plot_Test_094_original.png
8x8,8.0,8.0,8x8_new_data_curve_classifier_v1,Case2,Test_095,68.0,-30.0,5564.943577045639,2,0.6983333333333334,0.13833333333333334,0.6983333333333334,0.16333333333333333,high,data/New_data/8x8_Case2/csv/force_disp_Test_095.csv,data/New_data/8x8_Case2/Ori/plot_Test_095_original.png
8x8,8.0,8.0,8x8_new_data_curve_classifier_v1,Case2,Test_096,84.0,-52.0,5332.55559180839,2,0.4633333333333333,0.45666666666666667,0.4633333333333333,0.08,high,data/New_data/8x8_Case2/csv/force_disp_Test_096.csv,data/New_data/8x8_Case2/Ori/plot_Test_096_original.png
8x8,8.0,8.0,8x8_new_data_curve_classifier_v1,Case2,Test_097,-46.0,-23.0,6085.6091043387,2,0.4866666666666667,0.08666666666666667,0.4866666666666667,0.4266666666666667,high,data/New_data/8x8_Case2/csv/force_disp_Test_097.csv,data/New_data/8x8_Case2/Ori/plot_Test_097_original.png
8x8,8.0,8.0,8x8_new_data_curve_classifier_v1,Case2,Test_098,-1.0,36.0,5552.336691623226,3,0.8,0.02,0.18,0.8,medium,data/New_data/8x8_Case2/csv/force_disp_Test_098.csv,data/New_data/8x8_Case2/Ori/plot_Test_098_original.png
8x8,8.0,8.0,8x8_new_data_curve_classifier_v1,Case2,Test_099,90.0,40.0,5091.160057513779,2,0.54,0.355,0.54,0.105,high,data/New_data/8x8_Case2/csv/force_disp_Test_099.csv,data/New_data/8x8_Case2/Ori/plot_Test_099_original.png
8x8,8.0,8.0,8x8_new_data_curve_classifier_v1,Case2,Test_100,69.0,62.0,5563.375616949014,1,0.54,0.54,0.4116666666666667,0.04833333333333333,high,data/New_data/8x8_Case2/csv/force_disp_Test_100.csv,data/New_data/8x8_Case2/Ori/plot_Test_100_original.png
8x8,8.0,8.0,8x8_new_data_curve_classifier_v1,Case2,Test_101,48.0,15.0,5708.609697971082,3,0.5016666666666667,0.056666666666666664,0.44166666666666665,0.5016666666666667,high,data/New_data/8x8_Case2/csv/force_disp_Test_101.csv,data/New_data/8x8_Case2/Ori/plot_Test_101_original.png
8x8,8.0,8.0,8x8_new_data_curve_classifier_v1,Case2,Test_102,76.0,-24.0,4976.262058518107,2,0.6866666666666666,0.105,0.6866666666666666,0.20833333333333334,high,data/New_data/8x8_Case2/csv/force_disp_Test_102.csv,data/New_data/8x8_Case2/Ori/plot_Test_102_original.png
8x8,8.0,8.0,8x8_new_data_curve_classifier_v1,Case2,Test_103,66.0,14.0,5046.599201298715,2,0.6216666666666667,0.06666666666666667,0.6216666666666667,0.31166666666666665,high,data/New_data/8x8_Case2/csv/force_disp_Test_103.csv,data/New_data/8x8_Case2/Ori/plot_Test_103_original.png
8x8,8.0,8.0,8x8_new_data_curve_classifier_v1,Case2,Test_104,83.0,3.0,3938.8282870176163,3,0.5333333333333333,0.11,0.3566666666666667,0.5333333333333333,high,data/New_data/8x8_Case2/csv/force_disp_Test_104.csv,data/New_data/8x8_Case2/Ori/plot_Test_104_original.png
8x8,8.0,8.0,8x8_new_data_curve_classifier_v1,Case2,Test_105,89.0,-77.0,2785.0264685963316,1,0.53,0.53,0.405,0.065,high,data/New_data/8x8_Case2/csv/force_disp_Test_105.csv,data/New_data/8x8_Case2/Ori/plot_Test_105_original.png
8x8,8.0,8.0,8x8_new_data_curve_classifier_v1,Case2,Test_106,-12.0,43.0,5756.247257568508,3,0.5366666666666666,0.055,0.4083333333333333,0.5366666666666666,high,data/New_data/8x8_Case2/csv/force_disp_Test_106.csv,data/New_data/8x8_Case2/Ori/plot_Test_106_original.png
8x8,8.0,8.0,8x8_new_data_curve_classifier_v1,Case2,Test_107,69.0,8.0,4574.056619399754,2,0.57,0.06833333333333333,0.57,0.3616666666666667,high,data/New_data/8x8_Case2/csv/force_disp_Test_107.csv,data/New_data/8x8_Case2/Ori/plot_Test_107_original.png
8x8,8.0,8.0,8x8_new_data_curve_classifier_v1,Case2,Test_108,46.0,-72.0,5896.19037767833,2,0.5316666666666666,0.3883333333333333,0.5316666666666666,0.08,high,data/New_data/8x8_Case2/csv/force_disp_Test_108.csv,data/New_data/8x8_Case2/Ori/plot_Test_108_original.png
8x8,8.0,8.0,8x8_new_data_curve_classifier_v1,Case2,Test_109,-69.0,17.0,4923.408038451381,2,0.6933333333333334,0.056666666666666664,0.6933333333333334,0.25,high,data/New_data/8x8_Case2/csv/force_disp_Test_109.csv,data/New_data/8x8_Case2/Ori/plot_Test_109_original.png
8x8,8.0,8.0,8x8_new_data_curve_classifier_v1,Case2,Test_110,-51.0,1.0,5274.184506593638,3,0.49666666666666665,0.04,0.4633333333333333,0.49666666666666665,high,data/New_data/8x8_Case2/csv/force_disp_Test_110.csv,data/New_data/8x8_Case2/Ori/plot_Test_110_original.png
8x8,8.0,8.0,8x8_new_data_curve_classifier_v1,Case2,Test_111,7.0,87.0,3862.4930191416047,2,0.51,0.10333333333333333,0.51,0.38666666666666666,high,data/New_data/8x8_Case2/csv/force_disp_Test_111.csv,data/New_data/8x8_Case2/Ori/plot_Test_111_original.png
8x8,8.0,8.0,8x8_new_data_curve_classifier_v1,Case2,Test_112,21.0,-8.0,5384.844460113308,3,0.8733333333333333,0.0016666666666666668,0.125,0.8733333333333333,low,data/New_data/8x8_Case2/csv/force_disp_Test_112.csv,data/New_data/8x8_Case2/Ori/plot_Test_112_original.png
8x8,8.0,8.0,8x8_new_data_curve_classifier_v1,Case2,Test_113,35.0,-2.0,5388.353778146293,3,0.8366666666666667,0.018333333333333333,0.145,0.8366666666666667,medium,data/New_data/8x8_Case2/csv/force_disp_Test_113.csv,data/New_data/8x8_Case2/Ori/plot_Test_113_original.png
8x8,8.0,8.0,8x8_new_data_curve_classifier_v1,Case2,Test_114,-35.0,-78.0,5223.919037000131,2,0.68,0.16,0.68,0.16,high,data/New_data/8x8_Case2/csv/force_disp_Test_114.csv,data/New_data/8x8_Case2/Ori/plot_Test_114_original.png
8x8,8.0,8.0,8x8_new_data_curve_classifier_v1,Case2,Test_115,22.0,74.0,4967.663079130816,2,0.7683333333333333,0.07,0.7683333333333333,0.16166666666666665,medium,data/New_data/8x8_Case2/csv/force_disp_Test_115.csv,data/New_data/8x8_Case2/Ori/plot_Test_115_original.png
8x8,8.0,8.0,8x8_new_data_curve_classifier_v1,Case2,Test_116,12.0,-85.0,4201.568511421046,2,0.49,0.11833333333333333,0.49,0.39166666666666666,high,data/New_data/8x8_Case2/csv/force_disp_Test_116.csv,data/New_data/8x8_Case2/Ori/plot_Test_116_original.png
8x8,8.0,8.0,8x8_new_data_curve_classifier_v1,Case2,Test_117,-87.0,33.0,4882.6421052346805,2,0.7233333333333334,0.14666666666666667,0.7233333333333334,0.13,medium,data/New_data/8x8_Case2/csv/force_disp_Test_117.csv,data/New_data/8x8_Case2/Ori/plot_Test_117_original.png
8x8,8.0,8.0,8x8_new_data_curve_classifier_v1,Case2,Test_118,54.0,-88.0,5230.0459479491665,2,0.47333333333333333,0.45166666666666666,0.47333333333333333,0.075,high,data/New_data/8x8_Case2/csv/force_disp_Test_118.csv,data/New_data/8x8_Case2/Ori/plot_Test_118_original.png
8x8,8.0,8.0,8x8_new_data_curve_classifier_v1,Case2,Test_119,31.0,-10.0,5539.918097002486,3,0.835,0.021666666666666667,0.14333333333333334,0.835,medium,data/New_data/8x8_Case2/csv/force_disp_Test_119.csv,data/New_data/8x8_Case2/Ori/plot_Test_119_original.png
8x8,8.0,8.0,8x8_new_data_curve_classifier_v1,Case2,Test_120,-58.0,-26.0,5885.4709148117345,2,0.6283333333333333,0.09666666666666666,0.6283333333333333,0.275,high,data/New_data/8x8_Case2/csv/force_disp_Test_120.csv,data/New_data/8x8_Case2/Ori/plot_Test_120_original.png
8x8,8.0,8.0,8x8_new_data_curve_classifier_v1,Case2,Test_121,-50.0,14.0,5679.41895745901,2,0.5016666666666667,0.055,0.5016666666666667,0.44333333333333336,high,data/New_data/8x8_Case2/csv/force_disp_Test_121.csv,data/New_data/8x8_Case2/Ori/plot_Test_121_original.png
8x8,8.0,8.0,8x8_new_data_curve_classifier_v1,Case2,Test_122,20.0,-73.0,4927.547212368724,2,0.72,0.07,0.72,0.21,medium,data/New_data/8x8_Case2/csv/force_disp_Test_122.csv,data/New_data/8x8_Case2/Ori/plot_Test_122_original.png
8x8,8.0,8.0,8x8_new_data_curve_classifier_v1,Case2,Test_123,76.0,4.0,4315.493301056991,3,0.5433333333333333,0.105,0.3516666666666667,0.5433333333333333,high,data/New_data/8x8_Case2/csv/force_disp_Test_123.csv,data/New_data/8x8_Case2/Ori/plot_Test_123_original.png
8x8,8.0,8.0,8x8_new_data_curve_classifier_v1,Case2,Test_124,42.0,-66.0,6158.471279575665,2,0.5666666666666667,0.3416666666666667,0.5666666666666667,0.09166666666666666,high,data/New_data/8x8_Case2/csv/force_disp_Test_124.csv,data/New_data/8x8_Case2/Ori/plot_Test_124_original.png
8x8,8.0,8.0,8x8_new_data_curve_classifier_v1,Case2,Test_125,-3.0,72.0,4337.723015412987,2,0.49333333333333335,0.09,0.49333333333333335,0.4166666666666667,high,data/New_data/8x8_Case2/csv/force_disp_Test_125.csv,data/New_data/8x8_Case2/Ori/plot_Test_125_original.png
8x8,8.0,8.0,8x8_new_data_curve_classifier_v1,Case2,Test_126,-8.0,18.0,5401.476436129227,3,0.8,0.0016666666666666668,0.19833333333333333,0.8,medium,data/New_data/8x8_Case2/csv/force_disp_Test_126.csv,data/New_data/8x8_Case2/Ori/plot_Test_126_original.png
8x8,8.0,8.0,8x8_new_data_curve_classifier_v1,Case2,Test_127,-66.0,77.0,4341.862375597012,2,0.485,0.46,0.485,0.055,high,data/New_data/8x8_Case2/csv/force_disp_Test_127.csv,data/New_data/8x8_Case2/Ori/plot_Test_127_original.png
8x8,8.0,8.0,8x8_new_data_curve_classifier_v1,Case2,Test_128,59.0,-70.0,6146.200806157948,1,0.5716666666666667,0.5716666666666667,0.38666666666666666,0.041666666666666664,high,data/New_data/8x8_Case2/csv/force_disp_Test_128.csv,data/New_data/8x8_Case2/Ori/plot_Test_128_original.png
8x8,8.0,8.0,8x8_new_data_curve_classifier_v1,Case2,Test_129,24.0,11.0,5616.151698089326,3,0.87,0.01,0.12,0.87,low,data/New_data/8x8_Case2/csv/force_disp_Test_129.csv,data/New_data/8x8_Case2/Ori/plot_Test_129_original.png
8x8,8.0,8.0,8x8_new_data_curve_classifier_v1,Case2,Test_130,-59.0,12.0,5375.351429730151,2,0.6033333333333334,0.04833333333333333,0.6033333333333334,0.34833333333333333,high,data/New_data/8x8_Case2/csv/force_disp_Test_130.csv,data/New_data/8x8_Case2/Ori/plot_Test_130_original.png
8x8,8.0,8.0,8x8_new_data_curve_classifier_v1,Case2,Test_131,41.0,53.0,6912.032831790356,2,0.53,0.3516666666666667,0.53,0.11833333333333333,high,data/New_data/8x8_Case2/csv/force_disp_Test_131.csv,data/New_data/8x8_Case2/Ori/plot_Test_131_original.png
8x8,8.0,8.0,8x8_new_data_curve_classifier_v1,Case2,Test_132,38.0,35.0,7197.249448758964,2,0.43166666666666664,0.235,0.43166666666666664,0.3333333333333333,high,data/New_data/8x8_Case2/csv/force_disp_Test_132.csv,data/New_data/8x8_Case2/Ori/plot_Test_132_original.png
8x8,8.0,8.0,8x8_new_data_curve_classifier_v1,Case2,Test_133,-21.0,37.0,6220.51691614624,3,0.57,0.09333333333333334,0.33666666666666667,0.57,high,data/New_data/8x8_Case2/csv/force_disp_Test_133.csv,data/New_data/8x8_Case2/Ori/plot_Test_133_original.png
8x8,8.0,8.0,8x8_new_data_curve_classifier_v1,Case2,Test_134,-56.0,37.0,6595.143052200749,2,0.605,0.28,0.605,0.115,high,data/New_data/8x8_Case2/csv/force_disp_Test_134.csv,data/New_data/8x8_Case2/Ori/plot_Test_134_original.png
8x8,8.0,8.0,8x8_new_data_curve_classifier_v1,Case2,Test_135,39.0,-76.0,5450.459886603215,2,0.6316666666666667,0.25166666666666665,0.6316666666666667,0.11666666666666667,high,data/New_data/8x8_Case2/csv/force_disp_Test_135.csv,data/New_data/8x8_Case2/Ori/plot_Test_135_original.png
8x8,8.0,8.0,8x8_new_data_curve_classifier_v1,Case2,Test_136,8.0,-68.0,4753.636747515623,2,0.655,0.04833333333333333,0.655,0.2966666666666667,high,data/New_data/8x8_Case2/csv/force_disp_Test_136.csv,data/New_data/8x8_Case2/Ori/plot_Test_136_original.png
8x8,8.0,8.0,8x8_new_data_curve_classifier_v1,Case2,Test_137,68.0,53.0,6255.139627078279,2,0.4666666666666667,0.45666666666666667,0.4666666666666667,0.07666666666666666,high,data/New_data/8x8_Case2/csv/force_disp_Test_137.csv,data/New_data/8x8_Case2/Ori/plot_Test_137_original.png
8x8,8.0,8.0,8x8_new_data_curve_classifier_v1,Case2,Test_138,-28.0,-75.0,5135.269359186797,2,0.6816666666666666,0.11666666666666667,0.6816666666666666,0.20166666666666666,high,data/New_data/8x8_Case2/csv/force_disp_Test_138.csv,data/New_data/8x8_Case2/Ori/plot_Test_138_original.png
8x8,8.0,8.0,8x8_new_data_curve_classifier_v1,Case2,Test_139,-52.0,-36.0,6652.703034459756,2,0.5583333333333333,0.245,0.5583333333333333,0.19666666666666666,high,data/New_data/8x8_Case2/csv/force_disp_Test_139.csv,data/New_data/8x8_Case2/Ori/plot_Test_139_original.png
8x8,8.0,8.0,8x8_new_data_curve_classifier_v1,Case2,Test_140,1.0,-3.0,4583.033747370783,3,0.8783333333333333,0.013333333333333334,0.10833333333333334,0.8783333333333333,low,data/New_data/8x8_Case2/csv/force_disp_Test_140.csv,data/New_data/8x8_Case2/Ori/plot_Test_140_original.png
8x8,8.0,8.0,8x8_new_data_curve_classifier_v1,Case2,Test_141,79.0,49.0,5501.998946384676,2,0.52,0.4066666666666667,0.52,0.07333333333333333,high,data/New_data/8x8_Case2/csv/force_disp_Test_141.csv,data/New_data/8x8_Case2/Ori/plot_Test_141_original.png
8x8,8.0,8.0,8x8_new_data_curve_classifier_v1,Case2,Test_142,56.0,10.0,5381.495172553362,2,0.49833333333333335,0.04666666666666667,0.49833333333333335,0.455,high,data/New_data/8x8_Case2/csv/force_disp_Test_142.csv,data/New_data/8x8_Case2/Ori/plot_Test_142_original.png
8x8,8.0,8.0,8x8_new_data_curve_classifier_v1,Case2,Test_143,39.0,-35.0,7203.165992142128,2,0.47,0.235,0.47,0.295,high,data/New_data/8x8_Case2/csv/force_disp_Test_143.csv,data/New_data/8x8_Case2/Ori/plot_Test_143_original.png
8x8,8.0,8.0,8x8_new_data_curve_classifier_v1,Case2,Test_144,-86.0,-39.0,5092.526461682307,2,0.6183333333333333,0.25,0.6183333333333333,0.13166666666666665,high,data/New_data/8x8_Case2/csv/force_disp_Test_144.csv,data/New_data/8x8_Case2/Ori/plot_Test_144_original.png
8x8,8.0,8.0,8x8_new_data_curve_classifier_v1,Case2,Test_145,29.0,32.0,6818.973927286509,3,0.59,0.14333333333333334,0.26666666666666666,0.59,high,data/New_data/8x8_Case2/csv/force_disp_Test_145.csv,data/New_data/8x8_Case2/Ori/plot_Test_145_original.png
8x8,8.0,8.0,8x8_new_data_curve_classifier_v1,Case2,Test_146,-41.0,-28.0,6498.918056289,2,0.4716666666666667,0.11666666666666667,0.4716666666666667,0.4116666666666667,high,data/New_data/8x8_Case2/csv/force_disp_Test_146.csv,data/New_data/8x8_Case2/Ori/plot_Test_146_original.png
8x8,8.0,8.0,8x8_new_data_curve_classifier_v1,Case2,Test_147,47.0,23.0,6087.938731672308,2,0.5083333333333333,0.09666666666666666,0.5083333333333333,0.395,high,data/New_data/8x8_Case2/csv/force_disp_Test_147.csv,data/New_data/8x8_Case2/Ori/plot_Test_147_original.png
8x8,8.0,8.0,8x8_new_data_curve_classifier_v1,Case2,Test_148,46.0,-62.0,6605.992769009551,2,0.5133333333333333,0.39666666666666667,0.5133333333333333,0.09,high,data/New_data/8x8_Case2/csv/force_disp_Test_148.csv,data/New_data/8x8_Case2/Ori/plot_Test_148_original.png
8x8,8.0,8.0,8x8_new_data_curve_classifier_v1,Case2,Test_149,24.0,-59.0,5826.785428118063,2,0.675,0.07833333333333334,0.675,0.24666666666666667,high,data/New_data/8x8_Case2/csv/force_disp_Test_149.csv,data/New_data/8x8_Case2/Ori/plot_Test_149_original.png
8x8,8.0,8.0,8x8_new_data_curve_classifier_v1,Case2,Test_150,15.0,-47.0,5727.255233728309,3,0.47833333333333333,0.056666666666666664,0.465,0.47833333333333333,high,data/New_data/8x8_Case2/csv/force_disp_Test_150.csv,data/New_data/8x8_Case2/Ori/plot_Test_150_original.png
8x8,8.0,8.0,8x8_new_data_curve_classifier_v1,Case2,Test_151,-66.0,-82.0,4022.8190443347034,2,0.51,0.4116666666666667,0.51,0.07833333333333334,high,data/New_data/8x8_Case2/csv/force_disp_Test_151.csv,data/New_data/8x8_Case2/Ori/plot_Test_151_original.png
8x8,8.0,8.0,8x8_new_data_curve_classifier_v1,Case2,Test_152,-23.0,-66.0,5334.59699260307,2,0.6616666666666666,0.08166666666666667,0.6616666666666666,0.25666666666666665,high,data/New_data/8x8_Case2/csv/force_disp_Test_152.csv,data/New_data/8x8_Case2/Ori/plot_Test_152_original.png
8x8,8.0,8.0,8x8_new_data_curve_classifier_v1,Case2,Test_153,50.0,-62.0,6768.342423421428,2,0.465,0.46,0.465,0.075,high,data/New_data/8x8_Case2/csv/force_disp_Test_153.csv,data/New_data/8x8_Case2/Ori/plot_Test_153_original.png
8x8,8.0,8.0,8x8_new_data_curve_classifier_v1,Case2,Test_154,-65.0,-65.0,5429.065308218205,1,0.56,0.56,0.38166666666666665,0.058333333333333334,high,data/New_data/8x8_Case2/csv/force_disp_Test_154.csv,data/New_data/8x8_Case2/Ori/plot_Test_154_original.png
8x8,8.0,8.0,8x8_new_data_curve_classifier_v1,Case2,Test_155,11.0,-32.0,5750.285051577952,3,0.8133333333333334,0.028333333333333332,0.15833333333333333,0.8133333333333334,medium,data/New_data/8x8_Case2/csv/force_disp_Test_155.csv,data/New_data/8x8_Case2/Ori/plot_Test_155_original.png
8x8,8.0,8.0,8x8_new_data_curve_classifier_v1,Case2,Test_156,70.0,-86.0,3437.6711552698616,1,0.5116666666666667,0.5116666666666667,0.4216666666666667,0.06666666666666667,high,data/New_data/8x8_Case2/csv/force_disp_Test_156.csv,data/New_data/8x8_Case2/Ori/plot_Test_156_original.png
8x8,8.0,8.0,8x8_new_data_curve_classifier_v1,Case2,Test_157,78.0,-26.0,4937.500485691486,2,0.68,0.125,0.68,0.195,high,data/New_data/8x8_Case2/csv/force_disp_Test_157.csv,data/New_data/8x8_Case2/Ori/plot_Test_157_original.png
8x8,8.0,8.0,8x8_new_data_curve_classifier_v1,Case2,Test_158,17.0,-43.0,5939.211483448766,3,0.53,0.06833333333333333,0.40166666666666667,0.53,high,data/New_data/8x8_Case2/csv/force_disp_Test_158.csv,data/New_data/8x8_Case2/Ori/plot_Test_158_original.png
8x8,8.0,8.0,8x8_new_data_curve_classifier_v1,Case2,Test_159,-9.0,-4.0,4796.946624828062,3,0.8933333333333333,0.01,0.09666666666666666,0.8933333333333333,low,data/New_data/8x8_Case2/csv/force_disp_Test_159.csv,data/New_data/8x8_Case2/Ori/plot_Test_159_original.png
8x8,8.0,8.0,8x8_new_data_curve_classifier_v1,Case2,Test_160,47.0,-13.0,5687.811471804471,3,0.5033333333333333,0.055,0.44166666666666665,0.5033333333333333,high,data/New_data/8x8_Case2/csv/force_disp_Test_160.csv,data/New_data/8x8_Case2/Ori/plot_Test_160_original.png
8x8,8.0,8.0,8x8_new_data_curve_classifier_v1,Case2,Test_161,-43.0,-45.0,7538.363805832825,2,0.47833333333333333,0.37166666666666665,0.47833333333333333,0.15,high,data/New_data/8x8_Case2/csv/force_disp_Test_161.csv,data/New_data/8x8_Case2/Ori/plot_Test_161_original.png
8x8,8.0,8.0,8x8_new_data_curve_classifier_v1,Case2,Test_162,-71.0,-11.0,4598.811461692567,2,0.6333333333333333,0.06166666666666667,0.6333333333333333,0.305,high,data/New_data/8x8_Case2/csv/force_disp_Test_162.csv,data/New_data/8x8_Case2/Ori/plot_Test_162_original.png
8x8,8.0,8.0,8x8_new_data_curve_classifier_v1,Case2,Test_163,-84.0,28.0,4804.713776061654,2,0.72,0.115,0.72,0.165,medium,data/New_data/8x8_Case2/csv/force_disp_Test_163.csv,data/New_data/8x8_Case2/Ori/plot_Test_163_original.png
8x8,8.0,8.0,8x8_new_data_curve_classifier_v1,Case2,Test_164,-16.0,-5.0,5070.676512261307,3,0.8583333333333333,0.0016666666666666668,0.14,0.8583333333333333,low,data/New_data/8x8_Case2/csv/force_disp_Test_164.csv,data/New_data/8x8_Case2/Ori/plot_Test_164_original.png
8x8,8.0,8.0,8x8_new_data_curve_classifier_v1,Case2,Test_165,-5.0,10.0,5088.129185042229,3,0.89,0.008333333333333333,0.10166666666666667,0.89,low,data/New_data/8x8_Case2/csv/force_disp_Test_165.csv,data/New_data/8x8_Case2/Ori/plot_Test_165_original.png
8x8,8.0,8.0,8x8_new_data_curve_classifier_v1,Case2,Test_166,-61.0,-3.0,4946.219657772605,2,0.5666666666666667,0.045,0.5666666666666667,0.3883333333333333,high,data/New_data/8x8_Case2/csv/force_disp_Test_166.csv,data/New_data/8x8_Case2/Ori/plot_Test_166_original.png
8x8,8.0,8.0,8x8_new_data_curve_classifier_v1,Case2,Test_167,-4.0,-6.0,4876.812472349739,3,0.8933333333333333,0.011666666666666667,0.095,0.8933333333333333,low,data/New_data/8x8_Case2/csv/force_disp_Test_167.csv,data/New_data/8x8_Case2/Ori/plot_Test_167_original.png
8x8,8.0,8.0,8x8_new_data_curve_classifier_v1,Case2,Test_168,-5.0,-1.0,4919.616921132867,3,0.8966666666666666,0.008333333333333333,0.095,0.8966666666666666,low,data/New_data/8x8_Case2/csv/force_disp_Test_168.csv,data/New_data/8x8_Case2/Ori/plot_Test_168_original.png
8x8,8.0,8.0,8x8_new_data_curve_classifier_v1,Case2,Test_169,58.0,-70.0,6148.203607929557,1,0.5583333333333333,0.5583333333333333,0.39,0.051666666666666666,high,data/New_data/8x8_Case2/csv/force_disp_Test_169.csv,data/New_data/8x8_Case2/Ori/plot_Test_169_original.png
8x8,8.0,8.0,8x8_new_data_curve_classifier_v1,Case2,Test_170,-35.0,-50.0,6725.129138554492,2,0.54,0.235,0.54,0.225,high,data/New_data/8x8_Case2/csv/force_disp_Test_170.csv,data/New_data/8x8_Case2/Ori/plot_Test_170_original.png
8x8,8.0,8.0,8x8_new_data_curve_classifier_v1,Case2,Test_171,-6.0,-18.0,5181.711601922757,3,0.88,0.0016666666666666668,0.11833333333333333,0.88,low,data/New_data/8x8_Case2/csv/force_disp_Test_171.csv,data/New_data/8x8_Case2/Ori/plot_Test_171_original.png
8x8,8.0,8.0,8x8_new_data_curve_classifier_v1,Case2,Test_172,-68.0,5.0,4678.2550882518635,2,0.585,0.06,0.585,0.355,high,data/New_data/8x8_Case2/csv/force_disp_Test_172.csv,data/New_data/8x8_Case2/Ori/plot_Test_172_original.png
8x8,8.0,8.0,8x8_new_data_curve_classifier_v1,Case2,Test_173,82.0,-55.0,5395.142350876158,1,0.47833333333333333,0.47833333333333333,0.435,0.08666666666666667,high,data/New_data/8x8_Case2/csv/force_disp_Test_173.csv,data/New_data/8x8_Case2/Ori/plot_Test_173_original.png
8x8,8.0,8.0,8x8_new_data_curve_classifier_v1,Case2,Test_174,-76.0,51.0,5715.2778637345145,2,0.52,0.405,0.52,0.075,high,data/New_data/8x8_Case2/csv/force_disp_Test_174.csv,data/New_data/8x8_Case2/Ori/plot_Test_174_original.png
8x8,8.0,8.0,8x8_new_data_curve_classifier_v1,Case2,Test_175,-73.0,85.0,3184.429099864086,1,0.48,0.48,0.4633333333333333,0.056666666666666664,high,data/New_data/8x8_Case2/csv/force_disp_Test_175.csv,data/New_data/8x8_Case2/Ori/plot_Test_175_original.png
8x8,8.0,8.0,8x8_new_data_curve_classifier_v1,Case2,Test_176,-36.0,30.0,6826.949939587022,3,0.43166666666666664,0.16333333333333333,0.405,0.43166666666666664,high,data/New_data/8x8_Case2/csv/force_disp_Test_176.csv,data/New_data/8x8_Case2/Ori/plot_Test_176_original.png
8x8,8.0,8.0,8x8_new_data_curve_classifier_v1,Case2,Test_177,25.0,-81.0,4748.69536107594,2,0.7233333333333334,0.1,0.7233333333333334,0.17666666666666667,medium,data/New_data/8x8_Case2/csv/force_disp_Test_177.csv,data/New_data/8x8_Case2/Ori/plot_Test_177_original.png
8x8,8.0,8.0,8x8_new_data_curve_classifier_v1,Case2,Test_178,27.0,63.0,5749.7652321896885,2,0.7233333333333334,0.10833333333333334,0.7233333333333334,0.16833333333333333,medium,data/New_data/8x8_Case2/csv/force_disp_Test_178.csv,data/New_data/8x8_Case2/Ori/plot_Test_178_original.png
8x8,8.0,8.0,8x8_new_data_curve_classifier_v1,Case2,Test_179,73.0,-44.0,5779.68081657179,2,0.535,0.37333333333333335,0.535,0.09166666666666666,high,data/New_data/8x8_Case2/csv/force_disp_Test_179.csv,data/New_data/8x8_Case2/Ori/plot_Test_179_original.png
8x8,8.0,8.0,8x8_new_data_curve_classifier_v1,Case2,Test_180,-14.0,88.0,4084.422420677272,2,0.5716666666666667,0.11833333333333333,0.5716666666666667,0.31,high,data/New_data/8x8_Case2/csv/force_disp_Test_180.csv,data/New_data/8x8_Case2/Ori/plot_Test_180_original.png
8x8,8.0,8.0,8x8_new_data_curve_classifier_v1,Case2,Test_181,88.0,45.0,5195.6691560416475,2,0.5466666666666666,0.36666666666666664,0.5466666666666666,0.08666666666666667,high,data/New_data/8x8_Case2/csv/force_disp_Test_181.csv,data/New_data/8x8_Case2/Ori/plot_Test_181_original.png
8x8,8.0,8.0,8x8_new_data_curve_classifier_v1,Case2,Test_182,-14.0,42.0,5871.585809613483,3,0.5333333333333333,0.056666666666666664,0.41,0.5333333333333333,high,data/New_data/8x8_Case2/csv/force_disp_Test_182.csv,data/New_data/8x8_Case2/Ori/plot_Test_182_original.png
8x8,8.0,8.0,8x8_new_data_curve_classifier_v1,Case2,Test_183,37.0,63.0,6161.853144610753,2,0.63,0.24833333333333332,0.63,0.12166666666666667,high,data/New_data/8x8_Case2/csv/force_disp_Test_183.csv,data/New_data/8x8_Case2/Ori/plot_Test_183_original.png
8x8,8.0,8.0,8x8_new_data_curve_classifier_v1,Case2,Test_184,83.0,43.0,5227.683138878819,2,0.5433333333333333,0.3616666666666667,0.5433333333333333,0.095,high,data/New_data/8x8_Case2/csv/force_disp_Test_184.csv,data/New_data/8x8_Case2/Ori/plot_Test_184_original.png
8x8,8.0,8.0,8x8_new_data_curve_classifier_v1,Case2,Test_185,-18.0,49.0,5804.1197308932815,2,0.5783333333333334,0.06166666666666667,0.5783333333333334,0.36,high,data/New_data/8x8_Case2/csv/force_disp_Test_185.csv,data/New_data/8x8_Case2/Ori/plot_Test_185_original.png
8x8,8.0,8.0,8x8_new_data_curve_classifier_v1,Case2,Test_186,-54.0,1.0,5232.883509148011,2,0.505,0.03666666666666667,0.505,0.4583333333333333,high,data/New_data/8x8_Case2/csv/force_disp_Test_186.csv,data/New_data/8x8_Case2/Ori/plot_Test_186_original.png
8x8,8.0,8.0,8x8_new_data_curve_classifier_v1,Case2,Test_187,-47.0,-37.0,6992.555135084752,2,0.5433333333333333,0.275,0.5433333333333333,0.18166666666666667,high,data/New_data/8x8_Case2/csv/force_disp_Test_187.csv,data/New_data/8x8_Case2/Ori/plot_Test_187_original.png
8x8,8.0,8.0,8x8_new_data_curve_classifier_v1,Case2,Test_188,-40.0,56.0,6725.237747245391,2,0.5716666666666667,0.3416666666666667,0.5716666666666667,0.08666666666666667,high,data/New_data/8x8_Case2/csv/force_disp_Test_188.csv,data/New_data/8x8_Case2/Ori/plot_Test_188_original.png
8x8,8.0,8.0,8x8_new_data_curve_classifier_v1,Case2,Test_189,34.0,0.0,5492.604699156051,3,0.8316666666666667,0.015,0.15333333333333332,0.8316666666666667,medium,data/New_data/8x8_Case2/csv/force_disp_Test_189.csv,data/New_data/8x8_Case2/Ori/plot_Test_189_original.png
8x8,8.0,8.0,8x8_new_data_curve_classifier_v1,Case2,Test_190,-80.0,40.0,5346.784173342428,2,0.6483333333333333,0.25666666666666665,0.6483333333333333,0.095,high,data/New_data/8x8_Case2/csv/force_disp_Test_190.csv,data/New_data/8x8_Case2/Ori/plot_Test_190_original.png
8x8,8.0,8.0,8x8_new_data_curve_classifier_v1,Case2,Test_191,-75.0,6.0,4266.773991404063,3,0.48333333333333334,0.10333333333333333,0.41333333333333333,0.48333333333333334,high,data/New_data/8x8_Case2/csv/force_disp_Test_191.csv,data/New_data/8x8_Case2/Ori/plot_Test_191_original.png
8x8,8.0,8.0,8x8_new_data_curve_classifier_v1,Case2,Test_192,89.0,-86.0,2388.6068077760133,1,0.5333333333333333,0.5333333333333333,0.4,0.06666666666666667,high,data/New_data/8x8_Case2/csv/force_disp_Test_192.csv,data/New_data/8x8_Case2/Ori/plot_Test_192_original.png
8x8,8.0,8.0,8x8_new_data_curve_classifier_v1,Case2,Test_193,48.0,41.0,7200.12163879943,2,0.5,0.36,0.5,0.14,high,data/New_data/8x8_Case2/csv/force_disp_Test_193.csv,data/New_data/8x8_Case2/Ori/plot_Test_193_original.png
8x8,8.0,8.0,8x8_new_data_curve_classifier_v1,Case2,Test_194,-11.0,-16.0,5417.307489245084,3,0.885,0.005,0.11,0.885,low,data/New_data/8x8_Case2/csv/force_disp_Test_194.csv,data/New_data/8x8_Case2/Ori/plot_Test_194_original.png
8x8,8.0,8.0,8x8_new_data_curve_classifier_v1,Case2,Test_195,12.0,71.0,4718.298943371894,2,0.7416666666666667,0.045,0.7416666666666667,0.21333333333333335,medium,data/New_data/8x8_Case2/csv/force_disp_Test_195.csv,data/New_data/8x8_Case2/Ori/plot_Test_195_original.png
8x8,8.0,8.0,8x8_new_data_curve_classifier_v1,Case2,Test_196,-32.0,84.0,4952.792517887152,2,0.765,0.13666666666666666,0.765,0.09833333333333333,medium,data/New_data/8x8_Case2/csv/force_disp_Test_196.csv,data/New_data/8x8_Case2/Ori/plot_Test_196_original.png
8x8,8.0,8.0,8x8_new_data_curve_classifier_v1,Case2,Test_197,-80.0,-38.0,5289.3378367958985,2,0.63,0.23666666666666666,0.63,0.13333333333333333,high,data/New_data/8x8_Case2/csv/force_disp_Test_197.csv,data/New_data/8x8_Case2/Ori/plot_Test_197_original.png
8x8,8.0,8.0,8x8_new_data_curve_classifier_v1,Case2,Test_198,-82.0,-53.0,5385.412148727857,2,0.515,0.39666666666666667,0.515,0.08833333333333333,high,data/New_data/8x8_Case2/csv/force_disp_Test_198.csv,data/New_data/8x8_Case2/Ori/plot_Test_198_original.png
8x8,8.0,8.0,8x8_new_data_curve_classifier_v1,Case2,Test_199,-45.0,82.0,5346.120273478756,2,0.595,0.34,0.595,0.065,high,data/New_data/8x8_Case2/csv/force_disp_Test_199.csv,data/New_data/8x8_Case2/Ori/plot_Test_199_original.png
8x8,8.0,8.0,8x8_new_data_curve_classifier_v1,Case2,Test_200,88.0,-42.0,5134.166864507925,2,0.52,0.38333333333333336,0.52,0.09666666666666666,high,data/New_data/8x8_Case2/csv/force_disp_Test_200.csv,data/New_data/8x8_Case2/Ori/plot_Test_200_original.png
8x8,8.0,8.0,8x8_new_data_curve_classifier_v1,Case2,Test_201,-73.0,-27.0,5167.878011208202,2,0.6766666666666666,0.11333333333333333,0.6766666666666666,0.21,high,data/New_data/8x8_Case2/csv/force_disp_Test_201.csv,data/New_data/8x8_Case2/Ori/plot_Test_201_original.png
8x8,8.0,8.0,8x8_new_data_curve_classifier_v1,Case2,Test_202,-24.0,-76.0,4826.767305134777,2,0.69,0.09,0.69,0.22,high,data/New_data/8x8_Case2/csv/force_disp_Test_202.csv,data/New_data/8x8_Case2/Ori/plot_Test_202_original.png
8x8,8.0,8.0,8x8_new_data_curve_classifier_v1,Case2,Test_203,33.0,58.0,6246.365760754372,2,0.6583333333333333,0.175,0.6583333333333333,0.16666666666666666,high,data/New_data/8x8_Case2/csv/force_disp_Test_203.csv,data/New_data/8x8_Case2/Ori/plot_Test_203_original.png
8x8,8.0,8.0,8x8_new_data_curve_classifier_v1,Case2,Test_204,27.0,-22.0,6231.774253439833,3,0.7866666666666666,0.043333333333333335,0.17,0.7866666666666666,medium,data/New_data/8x8_Case2/csv/force_disp_Test_204.csv,data/New_data/8x8_Case2/Ori/plot_Test_204_original.png
8x8,8.0,8.0,8x8_new_data_curve_classifier_v1,Case2,Test_205,-58.0,-50.0,7065.8323047382955,1,0.495,0.495,0.44333333333333336,0.06166666666666667,high,data/New_data/8x8_Case2/csv/force_disp_Test_205.csv,data/New_data/8x8_Case2/Ori/plot_Test_205_original.png
8x8,8.0,8.0,8x8_new_data_curve_classifier_v1,Case2,Test_206,4.0,90.0,3933.8161724117786,2,0.5266666666666666,0.09333333333333334,0.5266666666666666,0.38,high,data/New_data/8x8_Case2/csv/force_disp_Test_206.csv,data/New_data/8x8_Case2/Ori/plot_Test_206_original.png
8x8,8.0,8.0,8x8_new_data_curve_classifier_v1,Case2,Test_207,19.0,-83.0,4491.919844502155,2,0.7,0.08833333333333333,0.7,0.21166666666666667,medium,data/New_data/8x8_Case2/csv/force_disp_Test_207.csv,data/New_data/8x8_Case2/Ori/plot_Test_207_original.png
8x8,8.0,8.0,8x8_new_data_curve_classifier_v1,Case2,Test_208,-87.0,47.0,5244.941132193344,2,0.555,0.375,0.555,0.07,high,data/New_data/8x8_Case2/csv/force_disp_Test_208.csv,data/New_data/8x8_Case2/Ori/plot_Test_208_original.png
8x8,8.0,8.0,8x8_new_data_curve_classifier_v1,Case2,Test_209,58.0,-69.0,6242.224416117302,1,0.5633333333333334,0.5633333333333334,0.3933333333333333,0.043333333333333335,high,data/New_data/8x8_Case2/csv/force_disp_Test_209.csv,data/New_data/8x8_Case2/Ori/plot_Test_209_original.png
8x8,8.0,8.0,8x8_new_data_curve_classifier_v1,Case2,Test_210,-10.0,23.0,5571.4009166578835,3,0.81,0.006666666666666667,0.18333333333333332,0.81,medium,data/New_data/8x8_Case2/csv/force_disp_Test_210.csv,data/New_data/8x8_Case2/Ori/plot_Test_210_original.png
8x8,8.0,8.0,8x8_new_data_curve_classifier_v1,Case2,Test_211,55.0,-59.0,7210.855872175987,1,0.6333333333333333,0.6333333333333333,0.34833333333333333,0.018333333333333333,high,data/New_data/8x8_Case2/csv/force_disp_Test_211.csv,data/New_data/8x8_Case2/Ori/plot_Test_211_original.png
8x8,8.0,8.0,8x8_new_data_curve_classifier_v1,Case2,Test_212,-63.0,54.0,6774.947155644791,1,0.5,0.5,0.47333333333333333,0.02666666666666667,high,data/New_data/8x8_Case2/csv/force_disp_Test_212.csv,data/New_data/8x8_Case2/Ori/plot_Test_212_original.png
8x8,8.0,8.0,8x8_new_data_curve_classifier_v1,Case2,Test_213,67.0,-42.0,6107.847737616461,2,0.5583333333333333,0.34833333333333333,0.5583333333333333,0.09333333333333334,high,data/New_data/8x8_Case2/csv/force_disp_Test_213.csv,data/New_data/8x8_Case2/Ori/plot_Test_213_original.png
8x8,8.0,8.0,8x8_new_data_curve_classifier_v1,Case2,Test_214,63.0,-14.0,5195.729615681295,2,0.63,0.06666666666666667,0.63,0.30333333333333334,high,data/New_data/8x8_Case2/csv/force_disp_Test_214.csv,data/New_data/8x8_Case2/Ori/plot_Test_214_original.png
8x8,8.0,8.0,8x8_new_data_curve_classifier_v1,Case2,Test_215,9.0,13.0,5117.8334161280845,3,0.8866666666666667,0.0016666666666666668,0.11166666666666666,0.8866666666666667,low,data/New_data/8x8_Case2/csv/force_disp_Test_215.csv,data/New_data/8x8_Case2/Ori/plot_Test_215_original.png
8x8,8.0,8.0,8x8_new_data_curve_classifier_v1,Case2,Test_216,-10.0,59.0,5197.570871757705,2,0.68,0.03333333333333333,0.68,0.2866666666666667,high,data/New_data/8x8_Case2/csv/force_disp_Test_216.csv,data/New_data/8x8_Case2/Ori/plot_Test_216_original.png
8x8,8.0,8.0,8x8_new_data_curve_classifier_v1,Case2,Test_217,21.0,56.0,5735.005923478187,2,0.645,0.06333333333333334,0.645,0.2916666666666667,high,data/New_data/8x8_Case2/csv/force_disp_Test_217.csv,data/New_data/8x8_Case2/Ori/plot_Test_217_original.png
8x8,8.0,8.0,8x8_new_data_curve_classifier_v1,Case2,Test_218,5.0,-15.0,5131.844732610055,3,0.885,0.0016666666666666668,0.11333333333333333,0.885,low,data/New_data/8x8_Case2/csv/force_disp_Test_218.csv,data/New_data/8x8_Case2/Ori/plot_Test_218_original.png
8x8,8.0,8.0,8x8_new_data_curve_classifier_v1,Case2,Test_219,-7.0,65.0,4805.229795473385,2,0.72,0.03166666666666667,0.72,0.24833333333333332,medium,data/New_data/8x8_Case2/csv/force_disp_Test_219.csv,data/New_data/8x8_Case2/Ori/plot_Test_219_original.png
8x8,8.0,8.0,8x8_new_data_curve_classifier_v1,Case2,Test_220,14.0,-23.0,5664.5335329217605,3,0.8516666666666667,0.013333333333333334,0.135,0.8516666666666667,low,data/New_data/8x8_Case2/csv/force_disp_Test_220.csv,data/New_data/8x8_Case2/Ori/plot_Test_220_original.png
8x8,8.0,8.0,8x8_new_data_curve_classifier_v1,Case2,Test_221,74.0,-56.0,5848.237395568851,1,0.49,0.49,0.43166666666666664,0.07833333333333334,high,data/New_data/8x8_Case2/csv/force_disp_Test_221.csv,data/New_data/8x8_Case2/Ori/plot_Test_221_original.png
8x8,8.0,8.0,8x8_new_data_curve_classifier_v1,Case2,Test_222,7.0,-80.0,4052.762693543157,3,0.45166666666666666,0.105,0.44333333333333336,0.45166666666666666,high,data/New_data/8x8_Case2/csv/force_disp_Test_222.csv,data/New_data/8x8_Case2/Ori/plot_Test_222_original.png
8x8,8.0,8.0,8x8_new_data_curve_classifier_v1,Case2,Test_223,-78.0,-48.0,5555.158945370477,2,0.535,0.37,0.535,0.095,high,data/New_data/8x8_Case2/csv/force_disp_Test_223.csv,data/New_data/8x8_Case2/Ori/plot_Test_223_original.png
8x8,8.0,8.0,8x8_new_data_curve_classifier_v1,Case2,Test_224,-4.0,-43.0,5455.9394697980915,3,0.6816666666666666,0.03333333333333333,0.285,0.6816666666666666,high,data/New_data/8x8_Case2/csv/force_disp_Test_224.csv,data/New_data/8x8_Case2/Ori/plot_Test_224_original.png
8x8,8.0,8.0,8x8_new_data_curve_classifier_v1,Case2,Test_225,2.0,-73.0,4345.573584861094,3,0.4816666666666667,0.09333333333333334,0.425,0.4816666666666667,high,data/New_data/8x8_Case2/csv/force_disp_Test_225.csv,data/New_data/8x8_Case2/Ori/plot_Test_225_original.png
8x8,8.0,8.0,8x8_new_data_curve_classifier_v1,Case2,Test_226,-42.0,80.0,5336.888988663229,2,0.63,0.305,0.63,0.065,high,data/New_data/8x8_Case2/csv/force_disp_Test_226.csv,data/New_data/8x8_Case2/Ori/plot_Test_226_original.png
8x8,8.0,8.0,8x8_new_data_curve_classifier_v1,Case2,Test_227,-42.0,-6.0,5608.435714844567,3,0.6783333333333333,0.03333333333333333,0.28833333333333333,0.6783333333333333,high,data/New_data/8x8_Case2/csv/force_disp_Test_227.csv,data/New_data/8x8_Case2/Ori/plot_Test_227_original.png
8x8,8.0,8.0,8x8_new_data_curve_classifier_v1,Case2,Test_228,60.0,-31.0,6062.275072882737,2,0.685,0.135,0.685,0.18,high,data/New_data/8x8_Case2/csv/force_disp_Test_228.csv,data/New_data/8x8_Case2/Ori/plot_Test_228_original.png
8x8,8.0,8.0,8x8_new_data_curve_classifier_v1,Case2,Test_229,42.0,86.0,5176.169475095314,2,0.6033333333333334,0.3233333333333333,0.6033333333333334,0.07333333333333333,high,data/New_data/8x8_Case2/csv/force_disp_Test_229.csv,data/New_data/8x8_Case2/Ori/plot_Test_229_original.png
8x8,8.0,8.0,8x8_new_data_curve_classifier_v1,Case2,Test_230,-44.0,-30.0,6612.614734192014,2,0.52,0.145,0.52,0.335,high,data/New_data/8x8_Case2/csv/force_disp_Test_230.csv,data/New_data/8x8_Case2/Ori/plot_Test_230_original.png
8x8,8.0,8.0,8x8_new_data_curve_classifier_v1,Case2,Test_231,-69.0,24.0,5239.257142425076,2,0.7166666666666667,0.07833333333333334,0.7166666666666667,0.205,medium,data/New_data/8x8_Case2/csv/force_disp_Test_231.csv,data/New_data/8x8_Case2/Ori/plot_Test_231_original.png
8x8,8.0,8.0,8x8_new_data_curve_classifier_v1,Case2,Test_232,-8.0,-27.0,5477.599797969108,3,0.8616666666666667,0.005,0.13333333333333333,0.8616666666666667,low,data/New_data/8x8_Case2/csv/force_disp_Test_232.csv,data/New_data/8x8_Case2/Ori/plot_Test_232_original.png
8x8,8.0,8.0,8x8_new_data_curve_classifier_v1,Case2,Test_233,61.0,-20.0,5462.180381851,2,0.6283333333333333,0.08333333333333333,0.6283333333333333,0.28833333333333333,high,data/New_data/8x8_Case2/csv/force_disp_Test_233.csv,data/New_data/8x8_Case2/Ori/plot_Test_233_original.png
8x8,8.0,8.0,8x8_new_data_curve_classifier_v1,Case2,Test_234,-49.0,-40.0,7074.595391620944,2,0.5216666666666666,0.33166666666666667,0.5216666666666666,0.14666666666666667,high,data/New_data/8x8_Case2/csv/force_disp_Test_234.csv,data/New_data/8x8_Case2/Ori/plot_Test_234_original.png
8x8,8.0,8.0,8x8_new_data_curve_classifier_v1,Case2,Test_235,-62.0,7.0,5004.80052799166,2,0.6033333333333334,0.04666666666666667,0.6033333333333334,0.35,high,data/New_data/8x8_Case2/csv/force_disp_Test_235.csv,data/New_data/8x8_Case2/Ori/plot_Test_235_original.png
8x8,8.0,8.0,8x8_new_data_curve_classifier_v1,Case2,Test_236,16.0,-57.0,5569.803563339273,2,0.625,0.051666666666666666,0.625,0.3233333333333333,high,data/New_data/8x8_Case2/csv/force_disp_Test_236.csv,data/New_data/8x8_Case2/Ori/plot_Test_236_original.png
8x8,8.0,8.0,8x8_new_data_curve_classifier_v1,Case2,Test_237,-32.0,66.0,5802.5472492833,2,0.76,0.13166666666666665,0.76,0.10833333333333334,medium,data/New_data/8x8_Case2/csv/force_disp_Test_237.csv,data/New_data/8x8_Case2/Ori/plot_Test_237_original.png
8x8,8.0,8.0,8x8_new_data_curve_classifier_v1,Case2,Test_238,64.0,-22.0,5470.848334585136,2,0.6633333333333333,0.085,0.6633333333333333,0.25166666666666665,high,data/New_data/8x8_Case2/csv/force_disp_Test_238.csv,data/New_data/8x8_Case2/Ori/plot_Test_238_original.png
8x8,8.0,8.0,8x8_new_data_curve_classifier_v1,Case2,Test_239,30.0,17.0,5877.424747761911,3,0.8116666666666666,0.035,0.15333333333333332,0.8116666666666666,medium,data/New_data/8x8_Case2/csv/force_disp_Test_239.csv,data/New_data/8x8_Case2/Ori/plot_Test_239_original.png
8x8,8.0,8.0,8x8_new_data_curve_classifier_v1,Case2,Test_240,53.0,26.0,6081.371542335929,2,0.5916666666666667,0.11166666666666666,0.5916666666666667,0.2966666666666667,high,data/New_data/8x8_Case2/csv/force_disp_Test_240.csv,data/New_data/8x8_Case2/Ori/plot_Test_240_original.png
8x8,8.0,8.0,8x8_new_data_curve_classifier_v1,Case2,Test_241,13.0,6.0,4908.210612346571,3,0.89,0.005,0.105,0.89,low,data/New_data/8x8_Case2/csv/force_disp_Test_241.csv,data/New_data/8x8_Case2/Ori/plot_Test_241_original.png
8x8,8.0,8.0,8x8_new_data_curve_classifier_v1,Case2,Test_242,-31.0,60.0,6069.184247772142,2,0.75,0.12666666666666668,0.75,0.12333333333333334,medium,data/New_data/8x8_Case2/csv/force_disp_Test_242.csv,data/New_data/8x8_Case2/Ori/plot_Test_242_original.png
8x8,8.0,8.0,8x8_new_data_curve_classifier_v1,Case2,Test_243,-63.0,-63.0,5867.660247728416,1,0.605,0.605,0.3566666666666667,0.03833333333333333,high,data/New_data/8x8_Case2/csv/force_disp_Test_243.csv,data/New_data/8x8_Case2/Ori/plot_Test_243_original.png
8x8,8.0,8.0,8x8_new_data_curve_classifier_v1,Case2,Test_244,85.0,-58.0,5270.727817794313,1,0.48833333333333334,0.48833333333333334,0.42833333333333334,0.08333333333333333,high,data/New_data/8x8_Case2/csv/force_disp_Test_244.csv,data/New_data/8x8_Case2/Ori/plot_Test_244_original.png
8x8,8.0,8.0,8x8_new_data_curve_classifier_v1,Case2,Test_245,-34.0,-14.0,5722.606546948112,3,0.7633333333333333,0.023333333333333334,0.21333333333333335,0.7633333333333333,medium,data/New_data/8x8_Case2/csv/force_disp_Test_245.csv,data/New_data/8x8_Case2/Ori/plot_Test_245_original.png
8x8,8.0,8.0,8x8_new_data_curve_classifier_v1,Case2,Test_246,60.0,61.0,6460.911454329404,1,0.7116666666666667,0.7116666666666667,0.275,0.013333333333333334,medium,data/New_data/8x8_Case2/csv/force_disp_Test_246.csv,data/New_data/8x8_Case2/Ori/plot_Test_246_original.png
8x8,8.0,8.0,8x8_new_data_curve_classifier_v1,Case2,Test_247,-83.0,78.0,2875.398207287695,1,0.4816666666666667,0.4816666666666667,0.45666666666666667,0.06166666666666667,high,data/New_data/8x8_Case2/csv/force_disp_Test_247.csv,data/New_data/8x8_Case2/Ori/plot_Test_247_original.png
8x8,8.0,8.0,8x8_new_data_curve_classifier_v1,Case2,Test_248,6.0,27.0,5352.677503977403,3,0.835,0.005,0.16,0.835,medium,data/New_data/8x8_Case2/csv/force_disp_Test_248.csv,data/New_data/8x8_Case2/Ori/plot_Test_248_original.png
8x8,8.0,8.0,8x8_new_data_curve_classifier_v1,Case2,Test_249,6.0,16.0,5022.917602728103,3,0.88,0.0016666666666666668,0.11833333333333333,0.88,low,data/New_data/8x8_Case2/csv/force_disp_Test_249.csv,data/New_data/8x8_Case2/Ori/plot_Test_249_original.png
8x8,8.0,8.0,8x8_new_data_curve_classifier_v1,Case2,Test_250,-47.0,64.0,6511.987736465442,2,0.5616666666666666,0.36333333333333334,0.5616666666666666,0.075,high,data/New_data/8x8_Case2/csv/force_disp_Test_250.csv,data/New_data/8x8_Case2/Ori/plot_Test_250_original.png
8x8,8.0,8.0,8x8_new_data_curve_classifier_v1,Case2,Test_251,-69.0,0.0,4560.283812387573,3,0.46166666666666667,0.095,0.44333333333333336,0.46166666666666667,high,data/New_data/8x8_Case2/csv/force_disp_Test_251.csv,data/New_data/8x8_Case2/Ori/plot_Test_251_original.png
8x8,8.0,8.0,8x8_new_data_curve_classifier_v1,Case2,Test_252,-82.0,-45.0,5347.235964959628,2,0.5616666666666666,0.3416666666666667,0.5616666666666666,0.09666666666666666,high,data/New_data/8x8_Case2/csv/force_disp_Test_252.csv,data/New_data/8x8_Case2/Ori/plot_Test_252_original.png
8x8,8.0,8.0,8x8_new_data_curve_classifier_v1,Case2,Test_253,56.0,-34.0,6435.899569381483,2,0.6216666666666667,0.19666666666666666,0.6216666666666667,0.18166666666666667,high,data/New_data/8x8_Case2/csv/force_disp_Test_253.csv,data/New_data/8x8_Case2/Ori/plot_Test_253_original.png
8x8,8.0,8.0,8x8_new_data_curve_classifier_v1,Case2,Test_254,-75.0,-17.0,4648.425634762444,2,0.6666666666666666,0.075,0.6666666666666666,0.25833333333333336,high,data/New_data/8x8_Case2/csv/force_disp_Test_254.csv,data/New_data/8x8_Case2/Ori/plot_Test_254_original.png
8x8,8.0,8.0,8x8_new_data_curve_classifier_v1,Case2,Test_255,32.0,-60.0,6098.8301124615955,2,0.6683333333333333,0.15666666666666668,0.6683333333333333,0.175,high,data/New_data/8x8_Case2/csv/force_disp_Test_255.csv,data/New_data/8x8_Case2/Ori/plot_Test_255_original.png
8x8,8.0,8.0,8x8_new_data_curve_classifier_v1,Case2,Test_256,-25.0,-11.0,5480.099212185348,3,0.8583333333333333,0.006666666666666667,0.135,0.8583333333333333,low,data/New_data/8x8_Case2/csv/force_disp_Test_256.csv,data/New_data/8x8_Case2/Ori/plot_Test_256_original.png
8x8,8.0,8.0,8x8_new_data_curve_classifier_v1,Case2,Test_257,65.0,80.0,4269.205915701089,2,0.48,0.455,0.48,0.065,high,data/New_data/8x8_Case2/csv/force_disp_Test_257.csv,data/New_data/8x8_Case2/Ori/plot_Test_257_original.png
8x8,8.0,8.0,8x8_new_data_curve_classifier_v1,Case2,Test_258,54.0,-18.0,5688.509143935604,2,0.565,0.065,0.565,0.37,high,data/New_data/8x8_Case2/csv/force_disp_Test_258.csv,data/New_data/8x8_Case2/Ori/plot_Test_258_original.png
8x8,8.0,8.0,8x8_new_data_curve_classifier_v1,Case2,Test_259,-6.0,38.0,5641.6804343735685,3,0.76,0.03,0.21,0.76,medium,data/New_data/8x8_Case2/csv/force_disp_Test_259.csv,data/New_data/8x8_Case2/Ori/plot_Test_259_original.png
8x8,8.0,8.0,8x8_new_data_curve_classifier_v1,Case2,Test_260,-50.0,68.0,6250.116898670553,2,0.535,0.39166666666666666,0.535,0.07333333333333333,high,data/New_data/8x8_Case2/csv/force_disp_Test_260.csv,data/New_data/8x8_Case2/Ori/plot_Test_260_original.png
8x8,8.0,8.0,8x8_new_data_curve_classifier_v1,Case2,Test_261,-14.0,-28.0,5648.7774726385815,3,0.84,0.015,0.145,0.84,medium,data/New_data/8x8_Case2/csv/force_disp_Test_261.csv,data/New_data/8x8_Case2/Ori/plot_Test_261_original.png
8x8,8.0,8.0,8x8_new_data_curve_classifier_v1,Case2,Test_262,-57.0,76.0,5691.792864079667,2,0.49166666666666664,0.45166666666666666,0.49166666666666664,0.056666666666666664,high,data/New_data/8x8_Case2/csv/force_disp_Test_262.csv,data/New_data/8x8_Case2/Ori/plot_Test_262_original.png
8x8,8.0,8.0,8x8_new_data_curve_classifier_v1,Case2,Test_263,-24.0,2.0,5276.674226366347,3,0.8416666666666667,0.0016666666666666668,0.15666666666666668,0.8416666666666667,medium,data/New_data/8x8_Case2/csv/force_disp_Test_263.csv,data/New_data/8x8_Case2/Ori/plot_Test_263_original.png
8x8,8.0,8.0,8x8_new_data_curve_classifier_v1,Case2,Test_264,87.0,-65.0,4010.895157254301,1,0.5183333333333333,0.5183333333333333,0.415,0.06666666666666667,high,data/New_data/8x8_Case2/csv/force_disp_Test_264.csv,data/New_data/8x8_Case2/Ori/plot_Test_264_original.png
8x8,8.0,8.0,8x8_new_data_curve_classifier_v1,Case2,Test_265,-25.0,-84.0,4629.189620661804,2,0.69,0.10833333333333334,0.69,0.20166666666666666,high,data/New_data/8x8_Case2/csv/force_disp_Test_265.csv,data/New_data/8x8_Case2/Ori/plot_Test_265_original.png
8x8,8.0,8.0,8x8_new_data_curve_classifier_v1,Case2,Test_266,-26.0,-39.0,6445.563038416168,3,0.5116666666666667,0.105,0.38333333333333336,0.5116666666666667,high,data/New_data/8x8_Case2/csv/force_disp_Test_266.csv,data/New_data/8x8_Case2/Ori/plot_Test_266_original.png
8x8,8.0,8.0,8x8_new_data_curve_classifier_v1,Case2,Test_267,-33.0,-46.0,6732.529557148156,2,0.5116666666666667,0.21333333333333335,0.5116666666666667,0.275,high,data/New_data/8x8_Case2/csv/force_disp_Test_267.csv,data/New_data/8x8_Case2/Ori/plot_Test_267_original.png
8x8,8.0,8.0,8x8_new_data_curve_classifier_v1,Case2,Test_268,-59.0,29.0,6044.578385543198,2,0.7066666666666667,0.115,0.7066666666666667,0.17833333333333334,medium,data/New_data/8x8_Case2/csv/force_disp_Test_268.csv,data/New_data/8x8_Case2/Ori/plot_Test_268_original.png
8x8,8.0,8.0,8x8_new_data_curve_classifier_v1,Case2,Test_269,-60.0,60.0,6610.578452186133,1,0.7233333333333334,0.7233333333333334,0.27166666666666667,0.005,medium,data/New_data/8x8_Case2/csv/force_disp_Test_269.csv,data/New_data/8x8_Case2/Ori/plot_Test_269_original.png
8x8,8.0,8.0,8x8_new_data_curve_classifier_v1,Case2,Test_270,10.0,76.0,4299.298116929787,2,0.5316666666666666,0.10833333333333334,0.5316666666666666,0.36,high,data/New_data/8x8_Case2/csv/force_disp_Test_270.csv,data/New_data/8x8_Case2/Ori/plot_Test_270_original.png
8x8,8.0,8.0,8x8_new_data_curve_classifier_v1,Case2,Test_271,-30.0,50.0,6488.5713978113945,2,0.6916666666666667,0.14,0.6916666666666667,0.16833333333333333,high,data/New_data/8x8_Case2/csv/force_disp_Test_271.csv,data/New_data/8x8_Case2/Ori/plot_Test_271_original.png
8x8,8.0,8.0,8x8_new_data_curve_classifier_v1,Case2,Test_272,72.0,69.0,4330.872447159195,1,0.48833333333333334,0.48833333333333334,0.44,0.07166666666666667,high,data/New_data/8x8_Case2/csv/force_disp_Test_272.csv,data/New_data/8x8_Case2/Ori/plot_Test_272_original.png
8x8,8.0,8.0,8x8_new_data_curve_classifier_v1,Case2,Test_273,81.0,62.0,4766.9648837146815,2,0.48,0.4533333333333333,0.48,0.06666666666666667,high,data/New_data/8x8_Case2/csv/force_disp_Test_273.csv,data/New_data/8x8_Case2/Ori/plot_Test_273_original.png
8x8,8.0,8.0,8x8_new_data_curve_classifier_v1,Case2,Test_274,30.0,-25.0,6527.149269553911,3,0.6833333333333333,0.09333333333333334,0.22333333333333333,0.6833333333333333,high,data/New_data/8x8_Case2/csv/force_disp_Test_274.csv,data/New_data/8x8_Case2/Ori/plot_Test_274_original.png
8x8,8.0,8.0,8x8_new_data_curve_classifier_v1,Case2,Test_275,80.0,-20.0,4528.532751947774,2,0.6783333333333333,0.10166666666666667,0.6783333333333333,0.22,high,data/New_data/8x8_Case2/csv/force_disp_Test_275.csv,data/New_data/8x8_Case2/Ori/plot_Test_275_original.png
8x8,8.0,8.0,8x8_new_data_curve_classifier_v1,Case2,Test_276,-88.0,70.0,3401.720433890821,1,0.4866666666666667,0.4866666666666667,0.46,0.05333333333333334,high,data/New_data/8x8_Case2/csv/force_disp_Test_276.csv,data/New_data/8x8_Case2/Ori/plot_Test_276_original.png
8x8,8.0,8.0,8x8_new_data_curve_classifier_v1,Case2,Test_277,57.0,88.0,5213.351500878976,2,0.485,0.44,0.485,0.075,high,data/New_data/8x8_Case2/csv/force_disp_Test_277.csv,data/New_data/8x8_Case2/Ori/plot_Test_277_original.png
8x8,8.0,8.0,8x8_new_data_curve_classifier_v1,Case2,Test_278,18.0,78.0,4565.332054262552,2,0.7833333333333333,0.058333333333333334,0.7833333333333333,0.15833333333333333,medium,data/New_data/8x8_Case2/csv/force_disp_Test_278.csv,data/New_data/8x8_Case2/Ori/plot_Test_278_original.png
8x8,8.0,8.0,8x8_new_data_curve_classifier_v1,Case2,Test_279,-88.0,-89.0,2344.9556896146173,1,0.4583333333333333,0.4583333333333333,0.455,0.08666666666666667,high,data/New_data/8x8_Case2/csv/force_disp_Test_279.csv,data/New_data/8x8_Case2/Ori/plot_Test_279_original.png
8x8,8.0,8.0,8x8_new_data_curve_classifier_v1,Case2,Test_280,-31.0,-12.0,5751.872812914011,3,0.8283333333333334,0.018333333333333333,0.15333333333333332,0.8283333333333334,medium,data/New_data/8x8_Case2/csv/force_disp_Test_280.csv,data/New_data/8x8_Case2/Ori/plot_Test_280_original.png
8x8,8.0,8.0,8x8_new_data_curve_classifier_v1,Case2,Test_281,-72.0,-17.0,4789.082424571645,2,0.665,0.07166666666666667,0.665,0.2633333333333333,high,data/New_data/8x8_Case2/csv/force_disp_Test_281.csv,data/New_data/8x8_Case2/Ori/plot_Test_281_original.png
8x8,8.0,8.0,8x8_new_data_curve_classifier_v1,Case2,Test_282,25.0,-74.0,5041.103961943974,2,0.72,0.09333333333333334,0.72,0.18666666666666668,medium,data/New_data/8x8_Case2/csv/force_disp_Test_282.csv,data/New_data/8x8_Case2/Ori/plot_Test_282_original.png
8x8,8.0,8.0,8x8_new_data_curve_classifier_v1,Case2,Test_283,34.0,-21.0,6259.778870106225,3,0.66,0.075,0.265,0.66,high,data/New_data/8x8_Case2/csv/force_disp_Test_283.csv,data/New_data/8x8_Case2/Ori/plot_Test_283_original.png
8x8,8.0,8.0,8x8_new_data_curve_classifier_v1,Case2,Test_284,16.0,16.0,14282.37729710516,3,0.8783333333333333,0.016666666666666666,0.105,0.8783333333333333,low,data/New_data/8x8_Case2/csv/force_disp_Test_284.csv,data/New_data/8x8_Case2/Ori/plot_Test_284_original.png
8x8,8.0,8.0,8x8_new_data_curve_classifier_v1,Case2,Test_285,-21.0,55.0,5840.215227663228,2,0.6833333333333333,0.058333333333333334,0.6833333333333333,0.25833333333333336,high,data/New_data/8x8_Case2/csv/force_disp_Test_285.csv,data/New_data/8x8_Case2/Ori/plot_Test_285_original.png
8x8,8.0,8.0,8x8_new_data_curve_classifier_v1,Case2,Test_286,40.0,-87.0,5152.53057311735,2,0.5816666666666667,0.31,0.5816666666666667,0.10833333333333334,high,data/New_data/8x8_Case2/csv/force_disp_Test_286.csv,data/New_data/8x8_Case2/Ori/plot_Test_286_original.png
8x8,8.0,8.0,8x8_new_data_curve_classifier_v1,Case2,Test_287,-77.0,22.0,4856.326455075598,2,0.72,0.08666666666666667,0.72,0.19333333333333333,medium,data/New_data/8x8_Case2/csv/force_disp_Test_287.csv,data/New_data/8x8_Case2/Ori/plot_Test_287_original.png
8x8,8.0,8.0,8x8_new_data_curve_classifier_v1,Case2,Test_288,37.0,70.0,5759.037487415036,2,0.6716666666666666,0.22,0.6716666666666666,0.10833333333333334,high,data/New_data/8x8_Case2/csv/force_disp_Test_288.csv,data/New_data/8x8_Case2/Ori/plot_Test_288_original.png
8x8,8.0,8.0,8x8_new_data_curve_classifier_v1,Case2,Test_289,-9.0,44.0,5675.419555525276,3,0.54,0.04666666666666667,0.41333333333333333,0.54,high,data/New_data/8x8_Case2/csv/force_disp_Test_289.csv,data/New_data/8x8_Case2/Ori/plot_Test_289_original.png
8x8,8.0,8.0,8x8_new_data_curve_classifier_v1,Case2,Test_290,20.0,-82.0,4535.949590047011,2,0.7233333333333334,0.085,0.7233333333333334,0.19166666666666668,medium,data/New_data/8x8_Case2/csv/force_disp_Test_290.csv,data/New_data/8x8_Case2/Ori/plot_Test_290_original.png
8x8,8.0,8.0,8x8_new_data_curve_classifier_v1,Case2,Test_291,26.0,5.0,5246.189607094539,3,0.8716666666666667,0.005,0.12333333333333334,0.8716666666666667,low,data/New_data/8x8_Case2/csv/force_disp_Test_291.csv,data/New_data/8x8_Case2/Ori/plot_Test_291_original.png
8x8,8.0,8.0,8x8_new_data_curve_classifier_v1,Case2,Test_292,71.0,-88.0,3297.8781462083393,1,0.5116666666666667,0.5116666666666667,0.42,0.06833333333333333,high,data/New_data/8x8_Case2/csv/force_disp_Test_292.csv,data/New_data/8x8_Case2/Ori/plot_Test_292_original.png
8x8,8.0,8.0,8x8_new_data_curve_classifier_v1,Case2,Test_293,-28.0,11.0,5563.350340319536,3,0.8383333333333334,0.016666666666666666,0.145,0.8383333333333334,medium,data/New_data/8x8_Case2/csv/force_disp_Test_293.csv,data/New_data/8x8_Case2/Ori/plot_Test_293_original.png
8x8,8.0,8.0,8x8_new_data_curve_classifier_v1,Case2,Test_294,-71.0,-57.0,6041.466865374043,1,0.4716666666666667,0.4716666666666667,0.4533333333333333,0.075,high,data/New_data/8x8_Case2/csv/force_disp_Test_294.csv,data/New_data/8x8_Case2/Ori/plot_Test_294_original.png
8x8,8.0,8.0,8x8_new_data_curve_classifier_v1,Case2,Test_295,-84.0,-9.0,3973.690619497436,3,0.475,0.11333333333333333,0.4116666666666667,0.475,high,data/New_data/8x8_Case2/csv/force_disp_Test_295.csv,data/New_data/8x8_Case2/Ori/plot_Test_295_original.png
8x8,8.0,8.0,8x8_new_data_curve_classifier_v1,Case2,Test_296,-48.0,82.0,5381.798718111826,2,0.5733333333333334,0.36,0.5733333333333334,0.06666666666666667,high,data/New_data/8x8_Case2/csv/force_disp_Test_296.csv,data/New_data/8x8_Case2/Ori/plot_Test_296_original.png
8x8,8.0,8.0,8x8_new_data_curve_classifier_v1,Case2,Test_297,-13.0,-4.0,4949.984425209532,3,0.885,0.005,0.11,0.885,low,data/New_data/8x8_Case2/csv/force_disp_Test_297.csv,data/New_data/8x8_Case2/Ori/plot_Test_297_original.png
8x8,8.0,8.0,8x8_new_data_curve_classifier_v1,Case2,Test_298,-19.0,-23.0,5844.303638956683,3,0.8416666666666667,0.011666666666666667,0.14666666666666667,0.8416666666666667,medium,data/New_data/8x8_Case2/csv/force_disp_Test_298.csv,data/New_data/8x8_Case2/Ori/plot_Test_298_original.png
8x8,8.0,8.0,8x8_new_data_curve_classifier_v1,Case2,Test_299,5.0,-32.0,5571.272337672921,3,0.8266666666666667,0.02,0.15333333333333332,0.8266666666666667,medium,data/New_data/8x8_Case2/csv/force_disp_Test_299.csv,data/New_data/8x8_Case2/Ori/plot_Test_299_original.png
8x8,8.0,8.0,8x8_new_data_curve_classifier_v1,Case2,Test_300,51.0,46.0,7380.856082040267,1,0.46,0.46,0.4533333333333333,0.08666666666666667,high,data/New_data/8x8_Case2/csv/force_disp_Test_300.csv,data/New_data/8x8_Case2/Ori/plot_Test_300_original.png
8x8,8.0,8.0,8x8_new_data_curve_classifier_v1,Case3,Test_001,65.0,19.0,5249.885931590668,2,0.655,0.075,0.655,0.27,high,data/New_data/8x8_Case3/csv/force_disp_Test_001.csv,data/New_data/8x8_Case3/Original/plot_Test_001_original.png
8x8,8.0,8.0,8x8_new_data_curve_classifier_v1,Case3,Test_002,40.0,-51.0,7021.8386147931415,2,0.5266666666666666,0.35,0.5266666666666666,0.12333333333333334,high,data/New_data/8x8_Case3/csv/force_disp_Test_002.csv,data/New_data/8x8_Case3/Original/plot_Test_002_original.png
8x8,8.0,8.0,8x8_new_data_curve_classifier_v1,Case3,Test_003,-44.0,65.0,6337.011177400955,2,0.58,0.34833333333333333,0.58,0.07166666666666667,high,data/New_data/8x8_Case3/csv/force_disp_Test_003.csv,data/New_data/8x8_Case3/Original/plot_Test_003_original.png
8x8,8.0,8.0,8x8_new_data_curve_classifier_v1,Case3,Test_004,49.0,48.0,7678.519114548306,1,0.5,0.5,0.425,0.075,high,data/New_data/8x8_Case3/csv/force_disp_Test_004.csv,data/New_data/8x8_Case3/Original/plot_Test_004_original.png
8x8,8.0,8.0,8x8_new_data_curve_classifier_v1,Case3,Test_005,-52.0,20.0,5862.340206577789,2,0.5683333333333334,0.06166666666666667,0.5683333333333334,0.37,high,data/New_data/8x8_Case3/csv/force_disp_Test_005.csv,data/New_data/8x8_Case3/Original/plot_Test_005_original.png
8x8,8.0,8.0,8x8_new_data_curve_classifier_v1,Case3,Test_006,-15.0,-74.0,4657.426772073546,2,0.6683333333333333,0.058333333333333334,0.6683333333333333,0.2733333333333333,high,data/New_data/8x8_Case3/csv/force_disp_Test_006.csv,data/New_data/8x8_Case3/Original/plot_Test_006_original.png
8x8,8.0,8.0,8x8_new_data_curve_classifier_v1,Case3,Test_007,51.0,-83.0,5358.561529995737,2,0.4866666666666667,0.43166666666666664,0.4866666666666667,0.08166666666666667,high,data/New_data/8x8_Case3/csv/force_disp_Test_007.csv,data/New_data/8x8_Case3/Original/plot_Test_007_original.png
8x8,8.0,8.0,8x8_new_data_curve_classifier_v1,Case3,Test_008,86.0,9.0,3983.205115277853,3,0.45666666666666667,0.125,0.41833333333333333,0.45666666666666667,high,data/New_data/8x8_Case3/csv/force_disp_Test_008.csv,data/New_data/8x8_Case3/Original/plot_Test_008_original.png
8x8,8.0,8.0,8x8_new_data_curve_classifier_v1,Case3,Test_009,-63.0,21.0,5483.825365886914,2,0.6833333333333333,0.07,0.6833333333333333,0.24666666666666667,high,data/New_data/8x8_Case3/csv/force_disp_Test_009.csv,data/New_data/8x8_Case3/Original/plot_Test_009_original.png
8x8,8.0,8.0,8x8_new_data_curve_classifier_v1,Case3,Test_010,-74.0,83.0,3176.3702391040138,1,0.48333333333333334,0.48333333333333334,0.46166666666666667,0.055,high,data/New_data/8x8_Case3/csv/force_disp_Test_010.csv,data/New_data/8x8_Case3/Original/plot_Test_010_original.png
8x8,8.0,8.0,8x8_new_data_curve_classifier_v1,Case3,Test_011,-39.0,-9.0,5553.11723712837,3,0.6766666666666666,0.03666666666666667,0.2866666666666667,0.6766666666666666,high,data/New_data/8x8_Case3/csv/force_disp_Test_011.csv,data/New_data/8x8_Case3/Original/plot_Test_011_original.png
8x8,8.0,8.0,8x8_new_data_curve_classifier_v1,Case3,Test_012,-56.0,9.0,5279.982570696419,2,0.54,0.043333333333333335,0.54,0.4166666666666667,high,data/New_data/8x8_Case3/csv/force_disp_Test_012.csv,data/New_data/8x8_Case3/Original/plot_Test_012_original.png
8x8,8.0,8.0,8x8_new_data_curve_classifier_v1,Case3,Test_013,61.0,33.0,6095.091333950158,2,0.6716666666666666,0.16833333333333333,0.6716666666666666,0.16,high,data/New_data/8x8_Case3/csv/force_disp_Test_013.csv,data/New_data/8x8_Case3/Original/plot_Test_013_original.png
8x8,8.0,8.0,8x8_new_data_curve_classifier_v1,Case3,Test_014,19.0,79.0,4626.262337022605,2,0.795,0.06,0.795,0.145,medium,data/New_data/8x8_Case3/csv/force_disp_Test_014.csv,data/New_data/8x8_Case3/Original/plot_Test_014_original.png
8x8,8.0,8.0,8x8_new_data_curve_classifier_v1,Case3,Test_015,35.0,60.0,6236.716872559574,2,0.6616666666666666,0.19166666666666668,0.6616666666666666,0.14666666666666667,high,data/New_data/8x8_Case3/csv/force_disp_Test_015.csv,data/New_data/8x8_Case3/Original/plot_Test_015_original.png
8x8,8.0,8.0,8x8_new_data_curve_classifier_v1,Case3,Test_016,75.0,-61.0,5549.9100503634645,1,0.785,0.785,0.0033333333333333335,0.21166666666666667,medium,data/New_data/8x8_Case3/csv/force_disp_Test_016.csv,data/New_data/8x8_Case3/Original/plot_Test_016_original.png
8x8,8.0,8.0,8x8_new_data_curve_classifier_v1,Case3,Test_017,-30.0,66.0,5772.640630477044,2,0.785,0.10666666666666667,0.785,0.10833333333333334,medium,data/New_data/8x8_Case3/csv/force_disp_Test_017.csv,data/New_data/8x8_Case3/Original/plot_Test_017_original.png
8x8,8.0,8.0,8x8_new_data_curve_classifier_v1,Case3,Test_018,-53.0,31.0,6397.461983353669,2,0.69,0.13333333333333333,0.69,0.17666666666666667,high,data/New_data/8x8_Case3/csv/force_disp_Test_018.csv,data/New_data/8x8_Case3/Original/plot_Test_018_original.png
8x8,8.0,8.0,8x8_new_data_curve_classifier_v1,Case3,Test_019,-79.0,29.0,5027.526667669692,2,0.7316666666666667,0.11333333333333333,0.7316666666666667,0.155,medium,data/New_data/8x8_Case3/csv/force_disp_Test_019.csv,data/New_data/8x8_Case3/Original/plot_Test_019_original.png
8x8,8.0,8.0,8x8_new_data_curve_classifier_v1,Case3,Test_020,-2.0,48.0,5540.376296649255,3,0.5233333333333333,0.03166666666666667,0.445,0.5233333333333333,high,data/New_data/8x8_Case3/csv/force_disp_Test_020.csv,data/New_data/8x8_Case3/Original/plot_Test_020_original.png
8x8,8.0,8.0,8x8_new_data_curve_classifier_v1,Case3,Test_021,-49.0,-67.0,6311.469582236376,2,0.5283333333333333,0.36833333333333335,0.5283333333333333,0.10333333333333333,high,data/New_data/8x8_Case3/csv/force_disp_Test_021.csv,data/New_data/8x8_Case3/Original/plot_Test_021_original.png
8x8,8.0,8.0,8x8_new_data_curve_classifier_v1,Case3,Test_022,43.0,-33.0,6874.43643120363,2,0.5283333333333333,0.22666666666666666,0.5283333333333333,0.245,high,data/New_data/8x8_Case3/csv/force_disp_Test_022.csv,data/New_data/8x8_Case3/Original/plot_Test_022_original.png
8x8,8.0,8.0,8x8_new_data_curve_classifier_v1,Case3,Test_023,62.0,-67.0,5740.128486120003,1,0.6783333333333333,0.6783333333333333,0.29,0.03166666666666667,high,data/New_data/8x8_Case3/csv/force_disp_Test_023.csv,data/New_data/8x8_Case3/Original/plot_Test_023_original.png
8x8,8.0,8.0,8x8_new_data_curve_classifier_v1,Case3,Test_024,30.0,75.0,5191.835791314596,2,0.7616666666666667,0.125,0.7616666666666667,0.11333333333333333,medium,data/New_data/8x8_Case3/csv/force_disp_Test_024.csv,data/New_data/8x8_Case3/Original/plot_Test_024_original.png
8x8,8.0,8.0,8x8_new_data_curve_classifier_v1,Case3,Test_025,80.0,-80.0,2887.943609067684,1,0.5183333333333333,0.5183333333333333,0.41333333333333333,0.06833333333333333,high,data/New_data/8x8_Case3/csv/force_disp_Test_025.csv,data/New_data/8x8_Case3/Original/plot_Test_025_original.png
8x8,8.0,8.0,8x8_new_data_curve_classifier_v1,Case3,Test_026,-81.0,73.0,3332.922459357667,1,0.49166666666666664,0.49166666666666664,0.4533333333333333,0.055,high,data/New_data/8x8_Case3/csv/force_disp_Test_026.csv,data/New_data/8x8_Case3/Original/plot_Test_026_original.png
8x8,8.0,8.0,8x8_new_data_curve_classifier_v1,Case3,Test_027,54.0,-38.0,6729.771320782916,2,0.5583333333333333,0.31333333333333335,0.5583333333333333,0.12833333333333333,high,data/New_data/8x8_Case3/csv/force_disp_Test_027.csv,data/New_data/8x8_Case3/Original/plot_Test_027_original.png
8x8,8.0,8.0,8x8_new_data_curve_classifier_v1,Case3,Test_028,36.0,-31.0,6907.795287186744,2,0.43666666666666665,0.14333333333333334,0.43666666666666665,0.42,high,data/New_data/8x8_Case3/csv/force_disp_Test_028.csv,data/New_data/8x8_Case3/Original/plot_Test_028_original.png
8x8,8.0,8.0,8x8_new_data_curve_classifier_v1,Case3,Test_029,52.0,-41.0,7031.28408118499,2,0.5116666666666667,0.36666666666666664,0.5116666666666667,0.12166666666666667,high,data/New_data/8x8_Case3/csv/force_disp_Test_029.csv,data/New_data/8x8_Case3/Original/plot_Test_029_original.png
8x8,8.0,8.0,8x8_new_data_curve_classifier_v1,Case3,Test_030,15.0,-12.0,5420.938910714249,3,0.8833333333333333,0.0016666666666666668,0.115,0.8833333333333333,low,data/New_data/8x8_Case3/csv/force_disp_Test_030.csv,data/New_data/8x8_Case3/Original/plot_Test_030_original.png
8x8,8.0,8.0,8x8_new_data_curve_classifier_v1,Case3,Test_031,-55.0,-62.0,6883.1918046711235,1,0.5783333333333334,0.5783333333333334,0.3933333333333333,0.028333333333333332,high,data/New_data/8x8_Case3/csv/force_disp_Test_031.csv,data/New_data/8x8_Case3/Original/plot_Test_031_original.png
8x8,8.0,8.0,8x8_new_data_curve_classifier_v1,Case3,Test_032,-19.0,-7.0,5371.942930876189,3,0.87,0.0016666666666666668,0.12833333333333333,0.87,low,data/New_data/8x8_Case3/csv/force_disp_Test_032.csv,data/New_data/8x8_Case3/Original/plot_Test_032_original.png
8x8,8.0,8.0,8x8_new_data_curve_classifier_v1,Case3,Test_033,-61.0,86.0,4858.970079266146,2,0.4816666666666667,0.4683333333333333,0.4816666666666667,0.05,high,data/New_data/8x8_Case3/csv/force_disp_Test_033.csv,data/New_data/8x8_Case3/Original/plot_Test_033_original.png
8x8,8.0,8.0,8x8_new_data_curve_classifier_v1,Case3,Test_034,-43.0,-15.0,5831.730698019243,3,0.5583333333333333,0.04833333333333333,0.3933333333333333,0.5583333333333333,high,data/New_data/8x8_Case3/csv/force_disp_Test_034.csv,data/New_data/8x8_Case3/Original/plot_Test_034_original.png
8x8,8.0,8.0,8x8_new_data_curve_classifier_v1,Case3,Test_035,70.0,81.0,3633.3851980297864,2,0.48,0.455,0.48,0.065,high,data/New_data/8x8_Case3/csv/force_disp_Test_035.csv,data/New_data/8x8_Case3/Original/plot_Test_035_original.png
8x8,8.0,8.0,8x8_new_data_curve_classifier_v1,Case3,Test_036,8.0,25.0,5474.213299871946,3,0.8616666666666667,0.0033333333333333335,0.135,0.8616666666666667,low,data/New_data/8x8_Case3/csv/force_disp_Test_036.csv,data/New_data/8x8_Case3/Original/plot_Test_036_original.png
8x8,8.0,8.0,8x8_new_data_curve_classifier_v1,Case3,Test_037,-85.0,67.0,3813.9161898024972,1,0.47833333333333333,0.47833333333333333,0.47,0.051666666666666666,high,data/New_data/8x8_Case3/csv/force_disp_Test_037.csv,data/New_data/8x8_Case3/Original/plot_Test_037_original.png
8x8,8.0,8.0,8x8_new_data_curve_classifier_v1,Case3,Test_038,-56.0,52.0,7397.043263639474,1,0.5683333333333334,0.5683333333333334,0.4166666666666667,0.015,high,data/New_data/8x8_Case3/csv/force_disp_Test_038.csv,data/New_data/8x8_Case3/Original/plot_Test_038_original.png
8x8,8.0,8.0,8x8_new_data_curve_classifier_v1,Case3,Test_039,64.0,42.0,6285.040829903519,2,0.555,0.3416666666666667,0.555,0.10333333333333333,high,data/New_data/8x8_Case3/csv/force_disp_Test_039.csv,data/New_data/8x8_Case3/Original/plot_Test_039_original.png
8x8,8.0,8.0,8x8_new_data_curve_classifier_v1,Case3,Test_040,-27.0,-54.0,6156.542507679392,2,0.61,0.10166666666666667,0.61,0.28833333333333333,high,data/New_data/8x8_Case3/csv/force_disp_Test_040.csv,data/New_data/8x8_Case3/Original/plot_Test_040_original.png
8x8,8.0,8.0,8x8_new_data_curve_classifier_v1,Case3,Test_041,-2.0,-68.0,4551.971485095972,2,0.49666666666666665,0.07833333333333334,0.49666666666666665,0.425,high,data/New_data/8x8_Case3/csv/force_disp_Test_041.csv,data/New_data/8x8_Case3/Original/plot_Test_041_original.png
8x8,8.0,8.0,8x8_new_data_curve_classifier_v1,Case3,Test_042,84.0,51.0,5348.180374441878,2,0.5066666666666667,0.42333333333333334,0.5066666666666667,0.07,high,data/New_data/8x8_Case3/csv/force_disp_Test_042.csv,data/New_data/8x8_Case3/Original/plot_Test_042_original.png
8x8,8.0,8.0,8x8_new_data_curve_classifier_v1,Case3,Test_043,79.0,-71.0,3642.6658084653036,1,0.5166666666666667,0.5166666666666667,0.41833333333333333,0.065,high,data/New_data/8x8_Case3/csv/force_disp_Test_043.csv,data/New_data/8x8_Case3/Original/plot_Test_043_original.png
8x8,8.0,8.0,8x8_new_data_curve_classifier_v1,Case3,Test_044,59.0,-56.0,7238.748159575772,1,0.745,0.745,0.24666666666666667,0.008333333333333333,medium,data/New_data/8x8_Case3/csv/force_disp_Test_044.csv,data/New_data/8x8_Case3/Original/plot_Test_044_original.png
8x8,8.0,8.0,8x8_new_data_curve_classifier_v1,Case3,Test_045,-18.0,-35.0,5928.598590199871,3,0.6933333333333334,0.045,0.26166666666666666,0.6933333333333334,high,data/New_data/8x8_Case3/csv/force_disp_Test_045.csv,data/New_data/8x8_Case3/Original/plot_Test_045_original.png
8x8,8.0,8.0,8x8_new_data_curve_classifier_v1,Case3,Test_046,-76.0,-77.0,3347.7292768776624,2,0.4816666666666667,0.445,0.4816666666666667,0.07333333333333333,high,data/New_data/8x8_Case3/csv/force_disp_Test_046.csv,data/New_data/8x8_Case3/Original/plot_Test_046_original.png
8x8,8.0,8.0,8x8_new_data_curve_classifier_v1,Case3,Test_047,42.0,27.0,6450.379956556271,2,0.5,0.11833333333333333,0.5,0.38166666666666665,high,data/New_data/8x8_Case3/csv/force_disp_Test_047.csv,data/New_data/8x8_Case3/Original/plot_Test_047_original.png
8x8,8.0,8.0,8x8_new_data_curve_classifier_v1,Case3,Test_048,1.0,71.0,4553.660200435887,2,0.4816666666666667,0.085,0.4816666666666667,0.43333333333333335,high,data/New_data/8x8_Case3/csv/force_disp_Test_048.csv,data/New_data/8x8_Case3/Original/plot_Test_048_original.png
8x8,8.0,8.0,8x8_new_data_curve_classifier_v1,Case3,Test_049,-37.0,22.0,6207.354961413228,3,0.5316666666666666,0.08666666666666667,0.38166666666666665,0.5316666666666666,high,data/New_data/8x8_Case3/csv/force_disp_Test_049.csv,data/New_data/8x8_Case3/Original/plot_Test_049_original.png
8x8,8.0,8.0,8x8_new_data_curve_classifier_v1,Case3,Test_050,-16.0,44.0,5947.781685524517,3,0.4716666666666667,0.06666666666666667,0.46166666666666667,0.4716666666666667,high,data/New_data/8x8_Case3/csv/force_disp_Test_050.csv,data/New_data/8x8_Case3/Original/plot_Test_050_original.png
8x8,8.0,8.0,8x8_new_data_curve_classifier_v1,Case3,Test_051,28.0,57.0,6126.628938420282,2,0.7116666666666667,0.11666666666666667,0.7116666666666667,0.17166666666666666,medium,data/New_data/8x8_Case3/csv/force_disp_Test_051.csv,data/New_data/8x8_Case3/Original/plot_Test_051_original.png
8x8,8.0,8.0,8x8_new_data_curve_classifier_v1,Case3,Test_052,-79.0,34.0,5220.891009173367,2,0.73,0.15333333333333332,0.73,0.11666666666666667,medium,data/New_data/8x8_Case3/csv/force_disp_Test_052.csv,data/New_data/8x8_Case3/Original/plot_Test_052_original.png
8x8,8.0,8.0,8x8_new_data_curve_classifier_v1,Case3,Test_053,3.0,87.0,3943.115029893595,2,0.5083333333333333,0.09166666666666666,0.5083333333333333,0.4,high,data/New_data/8x8_Case3/csv/force_disp_Test_053.csv,data/New_data/8x8_Case3/Original/plot_Test_053_original.png
8x8,8.0,8.0,8x8_new_data_curve_classifier_v1,Case3,Test_054,-17.0,-44.0,5908.987445203608,3,0.5416666666666666,0.06,0.3983333333333333,0.5416666666666666,high,data/New_data/8x8_Case3/csv/force_disp_Test_054.csv,data/New_data/8x8_Case3/Original/plot_Test_054_original.png
8x8,8.0,8.0,8x8_new_data_curve_classifier_v1,Case3,Test_055,44.0,-49.0,7442.492046960056,2,0.4533333333333333,0.435,0.4533333333333333,0.11166666666666666,high,data/New_data/8x8_Case3/csv/force_disp_Test_055.csv,data/New_data/8x8_Case3/Original/plot_Test_055_original.png
8x8,8.0,8.0,8x8_new_data_curve_classifier_v1,Case3,Test_056,67.0,-19.0,5132.090918845852,2,0.67,0.08,0.67,0.25,high,data/New_data/8x8_Case3/csv/force_disp_Test_056.csv,data/New_data/8x8_Case3/Original/plot_Test_056_original.png
8x8,8.0,8.0,8x8_new_data_curve_classifier_v1,Case3,Test_057,2.0,74.0,4344.4968603083435,2,0.465,0.08666666666666667,0.465,0.4483333333333333,high,data/New_data/8x8_Case3/csv/force_disp_Test_057.csv,data/New_data/8x8_Case3/Original/plot_Test_057_original.png
8x8,8.0,8.0,8x8_new_data_curve_classifier_v1,Case3,Test_058,82.0,19.0,4489.293875571406,2,0.675,0.09666666666666666,0.675,0.22833333333333333,high,data/New_data/8x8_Case3/csv/force_disp_Test_058.csv,data/New_data/8x8_Case3/Original/plot_Test_058_original.png
8x8,8.0,8.0,8x8_new_data_curve_classifier_v1,Case3,Test_059,14.0,3.0,4921.611228210336,3,0.89,0.0033333333333333335,0.10666666666666667,0.89,low,data/New_data/8x8_Case3/csv/force_disp_Test_059.csv,data/New_data/8x8_Case3/Original/plot_Test_059_original.png
8x8,8.0,8.0,8x8_new_data_curve_classifier_v1,Case3,Test_060,44.0,-84.0,5283.577696641293,2,0.5383333333333333,0.375,0.5383333333333333,0.08666666666666667,high,data/New_data/8x8_Case3/csv/force_disp_Test_060.csv,data/New_data/8x8_Case3/Original/plot_Test_060_original.png
8x8,8.0,8.0,8x8_new_data_curve_classifier_v1,Case3,Test_061,0.0,-52.0,5259.409566822118,3,0.49,0.03666666666666667,0.47333333333333333,0.49,high,data/New_data/8x8_Case3/csv/force_disp_Test_061.csv,data/New_data/8x8_Case3/Original/plot_Test_061_original.png
8x8,8.0,8.0,8x8_new_data_curve_classifier_v1,Case3,Test_062,33.0,26.0,6530.413429655113,3,0.5816666666666667,0.085,0.3333333333333333,0.5816666666666667,high,data/New_data/8x8_Case3/csv/force_disp_Test_062.csv,data/New_data/8x8_Case3/Original/plot_Test_062_original.png
8x8,8.0,8.0,8x8_new_data_curve_classifier_v1,Case3,Test_063,-75.0,38.0,5538.664598345508,2,0.6816666666666666,0.21833333333333332,0.6816666666666666,0.1,high,data/New_data/8x8_Case3/csv/force_disp_Test_063.csv,data/New_data/8x8_Case3/Original/plot_Test_063_original.png
8x8,8.0,8.0,8x8_new_data_curve_classifier_v1,Case3,Test_064,-20.0,55.0,5779.840861607853,2,0.6766666666666666,0.056666666666666664,0.6766666666666666,0.26666666666666666,high,data/New_data/8x8_Case3/csv/force_disp_Test_064.csv,data/New_data/8x8_Case3/Original/plot_Test_064_original.png
8x8,8.0,8.0,8x8_new_data_curve_classifier_v1,Case3,Test_065,72.0,31.0,5388.663344614085,2,0.6966666666666667,0.15833333333333333,0.6966666666666667,0.145,high,data/New_data/8x8_Case3/csv/force_disp_Test_065.csv,data/New_data/8x8_Case3/Original/plot_Test_065_original.png
8x8,8.0,8.0,8x8_new_data_curve_classifier_v1,Case3,Test_066,75.0,72.0,3802.3864164487636,1,0.4716666666666667,0.4716666666666667,0.46,0.06833333333333333,high,data/New_data/8x8_Case3/csv/force_disp_Test_066.csv,data/New_data/8x8_Case3/Original/plot_Test_066_original.png
8x8,8.0,8.0,8x8_new_data_curve_classifier_v1,Case3,Test_067,-83.0,68.0,3750.7804404152307,1,0.48,0.48,0.4666666666666667,0.05333333333333334,high,data/New_data/8x8_Case3/csv/force_disp_Test_067.csv,data/New_data/8x8_Case3/Original/plot_Test_067_original.png
8x8,8.0,8.0,8x8_new_data_curve_classifier_v1,Case3,Test_068,-26.0,-1.0,5350.398986052726,3,0.8466666666666667,0.0016666666666666668,0.15166666666666667,0.8466666666666667,medium,data/New_data/8x8_Case3/csv/force_disp_Test_068.csv,data/New_data/8x8_Case3/Original/plot_Test_068_original.png
8x8,8.0,8.0,8x8_new_data_curve_classifier_v1,Case3,Test_069,-36.0,57.0,6497.167422563909,2,0.6566666666666666,0.23333333333333334,0.6566666666666666,0.11,high,data/New_data/8x8_Case3/csv/force_disp_Test_069.csv,data/New_data/8x8_Case3/Original/plot_Test_069_original.png
8x8,8.0,8.0,8x8_new_data_curve_classifier_v1,Case3,Test_070,-89.0,-51.0,5274.035749725038,2,0.5033333333333333,0.40166666666666667,0.5033333333333333,0.095,high,data/New_data/8x8_Case3/csv/force_disp_Test_070.csv,data/New_data/8x8_Case3/Original/plot_Test_070_original.png
8x8,8.0,8.0,8x8_new_data_curve_classifier_v1,Case3,Test_071,-45.0,-29.0,6502.998871865988,2,0.5116666666666667,0.13,0.5116666666666667,0.35833333333333334,high,data/New_data/8x8_Case3/csv/force_disp_Test_071.csv,data/New_data/8x8_Case3/Original/plot_Test_071_original.png
8x8,8.0,8.0,8x8_new_data_curve_classifier_v1,Case3,Test_072,-29.0,13.0,5647.739476774786,3,0.825,0.021666666666666667,0.15333333333333332,0.825,medium,data/New_data/8x8_Case3/csv/force_disp_Test_072.csv,data/New_data/8x8_Case3/Original/plot_Test_072_original.png
8x8,8.0,8.0,8x8_new_data_curve_classifier_v1,Case3,Test_073,-22.0,46.0,6119.742900706886,2,0.5633333333333334,0.08166666666666667,0.5633333333333334,0.355,high,data/New_data/8x8_Case3/csv/force_disp_Test_073.csv,data/New_data/8x8_Case3/Original/plot_Test_073_original.png
8x8,8.0,8.0,8x8_new_data_curve_classifier_v1,Case3,Test_074,-1.0,-8.0,4856.577143173642,3,0.895,0.01,0.095,0.895,low,data/New_data/8x8_Case3/csv/force_disp_Test_074.csv,data/New_data/8x8_Case3/Original/plot_Test_074_original.png
8x8,8.0,8.0,8x8_new_data_curve_classifier_v1,Case3,Test_075,-22.0,82.0,4608.206134035633,2,0.8116666666666666,0.06166666666666667,0.8116666666666666,0.12666666666666668,medium,data/New_data/8x8_Case3/csv/force_disp_Test_075.csv,data/New_data/8x8_Case3/Original/plot_Test_075_original.png
8x8,8.0,8.0,8x8_new_data_curve_classifier_v1,Case3,Test_076,50.0,5.0,5382.168414968588,3,0.535,0.04666666666666667,0.41833333333333333,0.535,high,data/New_data/8x8_Case3/csv/force_disp_Test_076.csv,data/New_data/8x8_Case3/Original/plot_Test_076_original.png
8x8,8.0,8.0,8x8_new_data_curve_classifier_v1,Case3,Test_077,-64.0,20.0,5383.046213220997,2,0.6816666666666666,0.065,0.6816666666666666,0.25333333333333335,high,data/New_data/8x8_Case3/csv/force_disp_Test_077.csv,data/New_data/8x8_Case3/Original/plot_Test_077_original.png
8x8,8.0,8.0,8x8_new_data_curve_classifier_v1,Case3,Test_078,29.0,-79.0,5034.664813950381,2,0.7266666666666667,0.12666666666666668,0.7266666666666667,0.14666666666666667,medium,data/New_data/8x8_Case3/csv/force_disp_Test_078.csv,data/New_data/8x8_Case3/Original/plot_Test_078_original.png
8x8,8.0,8.0,8x8_new_data_curve_classifier_v1,Case3,Test_079,-67.0,39.0,6044.526130261882,2,0.6416666666666667,0.2633333333333333,0.6416666666666667,0.095,high,data/New_data/8x8_Case3/csv/force_disp_Test_079.csv,data/New_data/8x8_Case3/Original/plot_Test_079_original.png
8x8,8.0,8.0,8x8_new_data_curve_classifier_v1,Case3,Test_080,-53.0,-64.0,6644.6655795994875,1,0.47,0.47,0.46166666666666667,0.06833333333333333,high,data/New_data/8x8_Case3/csv/force_disp_Test_080.csv,data/New_data/8x8_Case3/Original/plot_Test_080_original.png
8x8,8.0,8.0,8x8_new_data_curve_classifier_v1,Case3,Test_081,-38.0,-72.0,5655.087621661269,2,0.6466666666666666,0.21833333333333332,0.6466666666666666,0.135,high,data/New_data/8x8_Case3/csv/force_disp_Test_081.csv,data/New_data/8x8_Case3/Original/plot_Test_081_original.png
8x8,8.0,8.0,8x8_new_data_curve_classifier_v1,Case3,Test_082,85.0,48.0,5286.125437731896,2,0.5283333333333333,0.39666666666666667,0.5283333333333333,0.075,high,data/New_data/8x8_Case3/csv/force_disp_Test_082.csv,data/New_data/8x8_Case3/Original/plot_Test_082_original.png
8x8,8.0,8.0,8x8_new_data_curve_classifier_v1,Case3,Test_083,-12.0,85.0,4201.438323537264,2,0.5433333333333333,0.11,0.5433333333333333,0.3466666666666667,high,data/New_data/8x8_Case3/csv/force_disp_Test_083.csv,data/New_data/8x8_Case3/Original/plot_Test_083_original.png
8x8,8.0,8.0,8x8_new_data_curve_classifier_v1,Case3,Test_084,77.0,-48.0,5623.585807680663,2,0.495,0.425,0.495,0.08,high,data/New_data/8x8_Case3/csv/force_disp_Test_084.csv,data/New_data/8x8_Case3/Original/plot_Test_084_original.png
8x8,8.0,8.0,8x8_new_data_curve_classifier_v1,Case3,Test_085,45.0,75.0,5672.140705210102,2,0.55,0.37166666666666665,0.55,0.07833333333333334,high,data/New_data/8x8_Case3/csv/force_disp_Test_085.csv,data/New_data/8x8_Case3/Original/plot_Test_085_original.png
8x8,8.0,8.0,8x8_new_data_curve_classifier_v1,Case3,Test_086,-41.0,-54.0,6930.272882243081,2,0.545,0.31666666666666665,0.545,0.13833333333333334,high,data/New_data/8x8_Case3/csv/force_disp_Test_086.csv,data/New_data/8x8_Case3/Original/plot_Test_086_original.png
8x8,8.0,8.0,8x8_new_data_curve_classifier_v1,Case3,Test_087,-38.0,89.0,5040.058857679851,2,0.6783333333333333,0.24666666666666667,0.6783333333333333,0.075,high,data/New_data/8x8_Case3/csv/force_disp_Test_087.csv,data/New_data/8x8_Case3/Original/plot_Test_087_original.png
8x8,8.0,8.0,8x8_new_data_curve_classifier_v1,Case3,Test_088,23.0,33.0,6274.172863489964,3,0.645,0.07166666666666667,0.2833333333333333,0.645,high,data/New_data/8x8_Case3/csv/force_disp_Test_088.csv,data/New_data/8x8_Case3/Original/plot_Test_088_original.png
8x8,8.0,8.0,8x8_new_data_curve_classifier_v1,Case3,Test_089,18.0,-35.0,6098.592294911362,3,0.67,0.06,0.27,0.67,high,data/New_data/8x8_Case3/csv/force_disp_Test_089.csv,data/New_data/8x8_Case3/Original/plot_Test_089_original.png
8x8,8.0,8.0,8x8_new_data_curve_classifier_v1,Case3,Test_090,-65.0,24.0,5520.991574004026,2,0.71,0.075,0.71,0.215,medium,data/New_data/8x8_Case3/csv/force_disp_Test_090.csv,data/New_data/8x8_Case3/Original/plot_Test_090_original.png
8x8,8.0,8.0,8x8_new_data_curve_classifier_v1,Case3,Test_091,11.0,36.0,5756.204223993358,3,0.775,0.03166666666666667,0.19333333333333333,0.775,medium,data/New_data/8x8_Case3/csv/force_disp_Test_091.csv,data/New_data/8x8_Case3/Original/plot_Test_091_original.png
8x8,8.0,8.0,8x8_new_data_curve_classifier_v1,Case3,Test_092,-38.0,-40.0,7393.548918073455,2,0.5033333333333333,0.25333333333333335,0.5033333333333333,0.24333333333333335,high,data/New_data/8x8_Case3/csv/force_disp_Test_092.csv,data/New_data/8x8_Case3/Original/plot_Test_092_original.png
8x8,8.0,8.0,8x8_new_data_curve_classifier_v1,Case3,Test_093,-70.0,-78.0,3790.5545394259084,2,0.49,0.43,0.49,0.08,high,data/New_data/8x8_Case3/csv/force_disp_Test_093.csv,data/New_data/8x8_Case3/Original/plot_Test_093_original.png
8x8,8.0,8.0,8x8_new_data_curve_classifier_v1,Case3,Test_094,73.0,-55.0,5911.547476973112,1,0.485,0.485,0.43833333333333335,0.07666666666666666,high,data/New_data/8x8_Case3/csv/force_disp_Test_094.csv,data/New_data/8x8_Case3/Original/plot_Test_094_original.png
8x8,8.0,8.0,8x8_new_data_curve_classifier_v1,Case3,Test_095,68.0,-30.0,5570.077008994459,2,0.7033333333333334,0.14666666666666667,0.7033333333333334,0.15,medium,data/New_data/8x8_Case3/csv/force_disp_Test_095.csv,data/New_data/8x8_Case3/Original/plot_Test_095_original.png
8x8,8.0,8.0,8x8_new_data_curve_classifier_v1,Case3,Test_096,84.0,-52.0,5333.457020636271,1,0.4633333333333333,0.4633333333333333,0.4583333333333333,0.07833333333333334,high,data/New_data/8x8_Case3/csv/force_disp_Test_096.csv,data/New_data/8x8_Case3/Original/plot_Test_096_original.png
8x8,8.0,8.0,8x8_new_data_curve_classifier_v1,Case3,Test_097,-46.0,-23.0,6211.92405868589,2,0.4766666666666667,0.08666666666666667,0.4766666666666667,0.43666666666666665,high,data/New_data/8x8_Case3/csv/force_disp_Test_097.csv,data/New_data/8x8_Case3/Original/plot_Test_097_original.png
8x8,8.0,8.0,8x8_new_data_curve_classifier_v1,Case3,Test_098,-1.0,36.0,5551.859482867292,3,0.8083333333333333,0.018333333333333333,0.17333333333333334,0.8083333333333333,medium,data/New_data/8x8_Case3/csv/force_disp_Test_098.csv,data/New_data/8x8_Case3/Original/plot_Test_098_original.png
8x8,8.0,8.0,8x8_new_data_curve_classifier_v1,Case3,Test_099,90.0,40.0,5092.943313465015,2,0.5566666666666666,0.35,0.5566666666666666,0.09333333333333334,high,data/New_data/8x8_Case3/csv/force_disp_Test_099.csv,data/New_data/8x8_Case3/Original/plot_Test_099_original.png
8x8,8.0,8.0,8x8_new_data_curve_classifier_v1,Case3,Test_100,69.0,62.0,5587.376125470646,1,0.5533333333333333,0.5533333333333333,0.4,0.04666666666666667,high,data/New_data/8x8_Case3/csv/force_disp_Test_100.csv,data/New_data/8x8_Case3/Original/plot_Test_100_original.png
8x8,8.0,8.0,8x8_new_data_curve_classifier_v1,Case3,Test_101,48.0,15.0,5707.6396820687,3,0.49166666666666664,0.055,0.4533333333333333,0.49166666666666664,high,data/New_data/8x8_Case3/csv/force_disp_Test_101.csv,data/New_data/8x8_Case3/Original/plot_Test_101_original.png
8x8,8.0,8.0,8x8_new_data_curve_classifier_v1,Case3,Test_102,76.0,-24.0,4975.0575921877125,2,0.6933333333333334,0.11166666666666666,0.6933333333333334,0.195,high,data/New_data/8x8_Case3/csv/force_disp_Test_102.csv,data/New_data/8x8_Case3/Original/plot_Test_102_original.png
8x8,8.0,8.0,8x8_new_data_curve_classifier_v1,Case3,Test_103,66.0,14.0,5048.013179687234,2,0.6366666666666667,0.06666666666666667,0.6366666666666667,0.2966666666666667,high,data/New_data/8x8_Case3/csv/force_disp_Test_103.csv,data/New_data/8x8_Case3/Original/plot_Test_103_original.png
8x8,8.0,8.0,8x8_new_data_curve_classifier_v1,Case3,Test_104,83.0,3.0,3947.690262640613,3,0.49833333333333335,0.11166666666666666,0.39,0.49833333333333335,high,data/New_data/8x8_Case3/csv/force_disp_Test_104.csv,data/New_data/8x8_Case3/Original/plot_Test_104_original.png
8x8,8.0,8.0,8x8_new_data_curve_classifier_v1,Case3,Test_105,89.0,-77.0,2807.0771366656504,1,0.5316666666666666,0.5316666666666666,0.4066666666666667,0.06166666666666667,high,data/New_data/8x8_Case3/csv/force_disp_Test_105.csv,data/New_data/8x8_Case3/Original/plot_Test_105_original.png
8x8,8.0,8.0,8x8_new_data_curve_classifier_v1,Case3,Test_106,-12.0,43.0,5757.3247083130245,3,0.5416666666666666,0.051666666666666666,0.4066666666666667,0.5416666666666666,high,data/New_data/8x8_Case3/csv/force_disp_Test_106.csv,data/New_data/8x8_Case3/Original/plot_Test_106_original.png
8x8,8.0,8.0,8x8_new_data_curve_classifier_v1,Case3,Test_107,69.0,8.0,4767.3215442507935,2,0.585,0.075,0.585,0.34,high,data/New_data/8x8_Case3/csv/force_disp_Test_107.csv,data/New_data/8x8_Case3/Original/plot_Test_107_original.png
8x8,8.0,8.0,8x8_new_data_curve_classifier_v1,Case3,Test_108,46.0,-72.0,5894.562599061555,2,0.5283333333333333,0.39,0.5283333333333333,0.08166666666666667,high,data/New_data/8x8_Case3/csv/force_disp_Test_108.csv,data/New_data/8x8_Case3/Original/plot_Test_108_original.png
8x8,8.0,8.0,8x8_new_data_curve_classifier_v1,Case3,Test_109,-69.0,17.0,4932.410175987654,2,0.6883333333333334,0.058333333333333334,0.6883333333333334,0.25333333333333335,high,data/New_data/8x8_Case3/csv/force_disp_Test_109.csv,data/New_data/8x8_Case3/Original/plot_Test_109_original.png
8x8,8.0,8.0,8x8_new_data_curve_classifier_v1,Case3,Test_110,-51.0,1.0,5273.388532391041,3,0.5183333333333333,0.04,0.44166666666666665,0.5183333333333333,high,data/New_data/8x8_Case3/csv/force_disp_Test_110.csv,data/New_data/8x8_Case3/Original/plot_Test_110_original.png
8x8,8.0,8.0,8x8_new_data_curve_classifier_v1,Case3,Test_111,7.0,87.0,3850.447344215616,2,0.5116666666666667,0.09833333333333333,0.5116666666666667,0.39,high,data/New_data/8x8_Case3/csv/force_disp_Test_111.csv,data/New_data/8x8_Case3/Original/plot_Test_111_original.png
8x8,8.0,8.0,8x8_new_data_curve_classifier_v1,Case3,Test_112,21.0,-8.0,5391.9244752419545,3,0.8716666666666667,0.0016666666666666668,0.12666666666666668,0.8716666666666667,low,data/New_data/8x8_Case3/csv/force_disp_Test_112.csv,data/New_data/8x8_Case3/Original/plot_Test_112_original.png
8x8,8.0,8.0,8x8_new_data_curve_classifier_v1,Case3,Test_113,35.0,-2.0,5381.040400223258,3,0.8183333333333334,0.015,0.16666666666666666,0.8183333333333334,medium,data/New_data/8x8_Case3/csv/force_disp_Test_113.csv,data/New_data/8x8_Case3/Original/plot_Test_113_original.png
8x8,8.0,8.0,8x8_new_data_curve_classifier_v1,Case3,Test_114,-35.0,-78.0,5223.22926702861,2,0.6766666666666666,0.17,0.6766666666666666,0.15333333333333332,high,data/New_data/8x8_Case3/csv/force_disp_Test_114.csv,data/New_data/8x8_Case3/Original/plot_Test_114_original.png
8x8,8.0,8.0,8x8_new_data_curve_classifier_v1,Case3,Test_115,22.0,74.0,4962.814640314434,2,0.7783333333333333,0.06166666666666667,0.7783333333333333,0.16,medium,data/New_data/8x8_Case3/csv/force_disp_Test_115.csv,data/New_data/8x8_Case3/Original/plot_Test_115_original.png
8x8,8.0,8.0,8x8_new_data_curve_classifier_v1,Case3,Test_116,12.0,-85.0,4203.184483281064,2,0.47833333333333333,0.12,0.47833333333333333,0.40166666666666667,high,data/New_data/8x8_Case3/csv/force_disp_Test_116.csv,data/New_data/8x8_Case3/Original/plot_Test_116_original.png
8x8,8.0,8.0,8x8_new_data_curve_classifier_v1,Case3,Test_117,-87.0,33.0,4879.189192698475,2,0.7283333333333334,0.14833333333333334,0.7283333333333334,0.12333333333333334,medium,data/New_data/8x8_Case3/csv/force_disp_Test_117.csv,data/New_data/8x8_Case3/Original/plot_Test_117_original.png
8x8,8.0,8.0,8x8_new_data_curve_classifier_v1,Case3,Test_118,54.0,-88.0,5266.477018412107,1,0.465,0.465,0.46166666666666667,0.07333333333333333,high,data/New_data/8x8_Case3/csv/force_disp_Test_118.csv,data/New_data/8x8_Case3/Original/plot_Test_118_original.png
8x8,8.0,8.0,8x8_new_data_curve_classifier_v1,Case3,Test_119,31.0,-10.0,5527.860068546979,3,0.82,0.021666666666666667,0.15833333333333333,0.82,medium,data/New_data/8x8_Case3/csv/force_disp_Test_119.csv,data/New_data/8x8_Case3/Original/plot_Test_119_original.png
8x8,8.0,8.0,8x8_new_data_curve_classifier_v1,Case3,Test_120,-58.0,-26.0,5998.724240110403,2,0.6283333333333333,0.09166666666666666,0.6283333333333333,0.28,high,data/New_data/8x8_Case3/csv/force_disp_Test_120.csv,data/New_data/8x8_Case3/Original/plot_Test_120_original.png
8x8,8.0,8.0,8x8_new_data_curve_classifier_v1,Case3,Test_121,-50.0,14.0,5679.631119045203,2,0.4816666666666667,0.05333333333333334,0.4816666666666667,0.465,high,data/New_data/8x8_Case3/csv/force_disp_Test_121.csv,data/New_data/8x8_Case3/Original/plot_Test_121_original.png
8x8,8.0,8.0,8x8_new_data_curve_classifier_v1,Case3,Test_122,20.0,-73.0,4922.733945447431,2,0.7116666666666667,0.07,0.7116666666666667,0.21833333333333332,medium,data/New_data/8x8_Case3/csv/force_disp_Test_122.csv,data/New_data/8x8_Case3/Original/plot_Test_122_original.png
8x8,8.0,8.0,8x8_new_data_curve_classifier_v1,Case3,Test_123,76.0,4.0,4320.21217350221,3,0.51,0.105,0.385,0.51,high,data/New_data/8x8_Case3/csv/force_disp_Test_123.csv,data/New_data/8x8_Case3/Original/plot_Test_123_original.png
8x8,8.0,8.0,8x8_new_data_curve_classifier_v1,Case3,Test_124,42.0,-66.0,6212.547389660108,2,0.5716666666666667,0.33666666666666667,0.5716666666666667,0.09166666666666666,high,data/New_data/8x8_Case3/csv/force_disp_Test_124.csv,data/New_data/8x8_Case3/Original/plot_Test_124_original.png
8x8,8.0,8.0,8x8_new_data_curve_classifier_v1,Case3,Test_125,-3.0,72.0,4528.249823603524,2,0.48833333333333334,0.08666666666666667,0.48833333333333334,0.425,high,data/New_data/8x8_Case3/csv/force_disp_Test_125.csv,data/New_data/8x8_Case3/Original/plot_Test_125_original.png
8x8,8.0,8.0,8x8_new_data_curve_classifier_v1,Case3,Test_126,-8.0,18.0,5407.299045768533,3,0.8066666666666666,0.0016666666666666668,0.19166666666666668,0.8066666666666666,medium,data/New_data/8x8_Case3/csv/force_disp_Test_126.csv,data/New_data/8x8_Case3/Original/plot_Test_126_original.png
8x8,8.0,8.0,8x8_new_data_curve_classifier_v1,Case3,Test_127,-66.0,77.0,4341.616095371216,2,0.47833333333333333,0.4683333333333333,0.47833333333333333,0.05333333333333334,high,data/New_data/8x8_Case3/csv/force_disp_Test_127.csv,data/New_data/8x8_Case3/Original/plot_Test_127_original.png
8x8,8.0,8.0,8x8_new_data_curve_classifier_v1,Case3,Test_128,59.0,-70.0,6171.577306306022,1,0.6,0.6,0.36,0.04,high,data/New_data/8x8_Case3/csv/force_disp_Test_128.csv,data/New_data/8x8_Case3/Original/plot_Test_128_original.png
8x8,8.0,8.0,8x8_new_data_curve_classifier_v1,Case3,Test_129,24.0,11.0,5607.855346922115,3,0.87,0.01,0.12,0.87,low,data/New_data/8x8_Case3/csv/force_disp_Test_129.csv,data/New_data/8x8_Case3/Original/plot_Test_129_original.png
8x8,8.0,8.0,8x8_new_data_curve_classifier_v1,Case3,Test_130,-59.0,12.0,5387.960247755236,2,0.5883333333333334,0.04666666666666667,0.5883333333333334,0.365,high,data/New_data/8x8_Case3/csv/force_disp_Test_130.csv,data/New_data/8x8_Case3/Original/plot_Test_130_original.png
8x8,8.0,8.0,8x8_new_data_curve_classifier_v1,Case3,Test_131,41.0,53.0,6953.484298133568,2,0.54,0.34,0.54,0.12,high,data/New_data/8x8_Case3/csv/force_disp_Test_131.csv,data/New_data/8x8_Case3/Original/plot_Test_131_original.png
8x8,8.0,8.0,8x8_new_data_curve_classifier_v1,Case3,Test_132,38.0,35.0,7201.650528077289,2,0.47,0.21833333333333332,0.47,0.31166666666666665,high,data/New_data/8x8_Case3/csv/force_disp_Test_132.csv,data/New_data/8x8_Case3/Original/plot_Test_132_original.png
8x8,8.0,8.0,8x8_new_data_curve_classifier_v1,Case3,Test_133,-21.0,37.0,6222.871446863896,3,0.565,0.08666666666666667,0.34833333333333333,0.565,high,data/New_data/8x8_Case3/csv/force_disp_Test_133.csv,data/New_data/8x8_Case3/Original/plot_Test_133_original.png
8x8,8.0,8.0,8x8_new_data_curve_classifier_v1,Case3,Test_134,-56.0,37.0,6592.751577507929,2,0.6183333333333333,0.2683333333333333,0.6183333333333333,0.11333333333333333,high,data/New_data/8x8_Case3/csv/force_disp_Test_134.csv,data/New_data/8x8_Case3/Original/plot_Test_134_original.png
8x8,8.0,8.0,8x8_new_data_curve_classifier_v1,Case3,Test_135,39.0,-76.0,5528.130682211812,2,0.6283333333333333,0.26166666666666666,0.6283333333333333,0.11,high,data/New_data/8x8_Case3/csv/force_disp_Test_135.csv,data/New_data/8x8_Case3/Original/plot_Test_135_original.png
8x8,8.0,8.0,8x8_new_data_curve_classifier_v1,Case3,Test_136,8.0,-68.0,4763.886189528951,2,0.645,0.051666666666666666,0.645,0.30333333333333334,high,data/New_data/8x8_Case3/csv/force_disp_Test_136.csv,data/New_data/8x8_Case3/Original/plot_Test_136_original.png
8x8,8.0,8.0,8x8_new_data_curve_classifier_v1,Case3,Test_137,68.0,53.0,6288.045847233345,2,0.4683333333333333,0.4533333333333333,0.4683333333333333,0.07833333333333334,high,data/New_data/8x8_Case3/csv/force_disp_Test_137.csv,data/New_data/8x8_Case3/Original/plot_Test_137_original.png
8x8,8.0,8.0,8x8_new_data_curve_classifier_v1,Case3,Test_138,-28.0,-75.0,5143.737737882451,2,0.69,0.115,0.69,0.195,high,data/New_data/8x8_Case3/csv/force_disp_Test_138.csv,data/New_data/8x8_Case3/Original/plot_Test_138_original.png
8x8,8.0,8.0,8x8_new_data_curve_classifier_v1,Case3,Test_139,-52.0,-36.0,6711.082886921032,2,0.5616666666666666,0.23833333333333334,0.5616666666666666,0.2,high,data/New_data/8x8_Case3/csv/force_disp_Test_139.csv,data/New_data/8x8_Case3/Original/plot_Test_139_original.png
8x8,8.0,8.0,8x8_new_data_curve_classifier_v1,Case3,Test_140,1.0,-3.0,15115.76819325892,3,0.9166666666666666,0.0,0.08333333333333333,0.9166666666666666,low,data/New_data/8x8_Case3/csv/force_disp_Test_140.csv,data/New_data/8x8_Case3/Original/plot_Test_140_original.png
8x8,8.0,8.0,8x8_new_data_curve_classifier_v1,Case3,Test_141,79.0,49.0,5505.314129107697,2,0.5183333333333333,0.41,0.5183333333333333,0.07166666666666667,high,data/New_data/8x8_Case3/csv/force_disp_Test_141.csv,data/New_data/8x8_Case3/Original/plot_Test_141_original.png
8x8,8.0,8.0,8x8_new_data_curve_classifier_v1,Case3,Test_142,56.0,10.0,5377.513188781139,2,0.525,0.04666666666666667,0.525,0.42833333333333334,high,data/New_data/8x8_Case3/csv/force_disp_Test_142.csv,data/New_data/8x8_Case3/Original/plot_Test_142_original.png
8x8,8.0,8.0,8x8_new_data_curve_classifier_v1,Case3,Test_143,39.0,-35.0,7200.719787992477,2,0.47833333333333333,0.24166666666666667,0.47833333333333333,0.28,high,data/New_data/8x8_Case3/csv/force_disp_Test_143.csv,data/New_data/8x8_Case3/Original/plot_Test_143_original.png
8x8,8.0,8.0,8x8_new_data_curve_classifier_v1,Case3,Test_144,-86.0,-39.0,5163.778739299267,2,0.6,0.27,0.6,0.13,high,data/New_data/8x8_Case3/csv/force_disp_Test_144.csv,data/New_data/8x8_Case3/Original/plot_Test_144_original.png
8x8,8.0,8.0,8x8_new_data_curve_classifier_v1,Case3,Test_145,29.0,32.0,6818.732974453065,3,0.5566666666666666,0.11833333333333333,0.325,0.5566666666666666,high,data/New_data/8x8_Case3/csv/force_disp_Test_145.csv,data/New_data/8x8_Case3/Original/plot_Test_145_original.png
8x8,8.0,8.0,8x8_new_data_curve_classifier_v1,Case3,Test_146,-41.0,-28.0,6594.977481166135,2,0.4816666666666667,0.11166666666666666,0.4816666666666667,0.4066666666666667,high,data/New_data/8x8_Case3/csv/force_disp_Test_146.csv,data/New_data/8x8_Case3/Original/plot_Test_146_original.png
8x8,8.0,8.0,8x8_new_data_curve_classifier_v1,Case3,Test_147,47.0,23.0,6086.069174026869,2,0.5266666666666666,0.085,0.5266666666666666,0.3883333333333333,high,data/New_data/8x8_Case3/csv/force_disp_Test_147.csv,data/New_data/8x8_Case3/Original/plot_Test_147_original.png
8x8,8.0,8.0,8x8_new_data_curve_classifier_v1,Case3,Test_148,46.0,-62.0,6606.473821787559,2,0.5133333333333333,0.39666666666666667,0.5133333333333333,0.09,high,data/New_data/8x8_Case3/csv/force_disp_Test_148.csv,data/New_data/8x8_Case3/Original/plot_Test_148_original.png
8x8,8.0,8.0,8x8_new_data_curve_classifier_v1,Case3,Test_149,24.0,-59.0,5827.379741392489,2,0.675,0.07666666666666666,0.675,0.24833333333333332,high,data/New_data/8x8_Case3/csv/force_disp_Test_149.csv,data/New_data/8x8_Case3/Original/plot_Test_149_original.png
8x8,8.0,8.0,8x8_new_data_curve_classifier_v1,Case3,Test_150,15.0,-47.0,5720.393876130314,3,0.49,0.056666666666666664,0.4533333333333333,0.49,high,data/New_data/8x8_Case3/csv/force_disp_Test_150.csv,data/New_data/8x8_Case3/Original/plot_Test_150_original.png
8x8,8.0,8.0,8x8_new_data_curve_classifier_v1,Case3,Test_151,-66.0,-82.0,4046.661424927777,2,0.5033333333333333,0.41833333333333333,0.5033333333333333,0.07833333333333334,high,data/New_data/8x8_Case3/csv/force_disp_Test_151.csv,data/New_data/8x8_Case3/Original/plot_Test_151_original.png
8x8,8.0,8.0,8x8_new_data_curve_classifier_v1,Case3,Test_152,-23.0,-66.0,5340.8502003192225,2,0.6616666666666666,0.08,0.6616666666666666,0.25833333333333336,high,data/New_data/8x8_Case3/csv/force_disp_Test_152.csv,data/New_data/8x8_Case3/Original/plot_Test_152_original.png
8x8,8.0,8.0,8x8_new_data_curve_classifier_v1,Case3,Test_153,50.0,-62.0,6766.683986551653,1,0.47333333333333333,0.47333333333333333,0.4533333333333333,0.07333333333333333,high,data/New_data/8x8_Case3/csv/force_disp_Test_153.csv,data/New_data/8x8_Case3/Original/plot_Test_153_original.png
8x8,8.0,8.0,8x8_new_data_curve_classifier_v1,Case3,Test_154,-65.0,-65.0,5451.491957366099,1,0.55,0.55,0.39,0.06,high,data/New_data/8x8_Case3/csv/force_disp_Test_154.csv,data/New_data/8x8_Case3/Original/plot_Test_154_original.png
8x8,8.0,8.0,8x8_new_data_curve_classifier_v1,Case3,Test_155,11.0,-32.0,5754.902065569732,3,0.8133333333333334,0.02666666666666667,0.16,0.8133333333333334,medium,data/New_data/8x8_Case3/csv/force_disp_Test_155.csv,data/New_data/8x8_Case3/Original/plot_Test_155_original.png
8x8,8.0,8.0,8x8_new_data_curve_classifier_v1,Case3,Test_156,70.0,-86.0,3437.7435832611004,1,0.52,0.52,0.41333333333333333,0.06666666666666667,high,data/New_data/8x8_Case3/csv/force_disp_Test_156.csv,data/New_data/8x8_Case3/Original/plot_Test_156_original.png
8x8,8.0,8.0,8x8_new_data_curve_classifier_v1,Case3,Test_157,78.0,-26.0,4936.949684400817,2,0.685,0.13166666666666665,0.685,0.18333333333333332,high,data/New_data/8x8_Case3/csv/force_disp_Test_157.csv,data/New_data/8x8_Case3/Original/plot_Test_157_original.png
8x8,8.0,8.0,8x8_new_data_curve_classifier_v1,Case3,Test_158,17.0,-43.0,5946.100738257999,3,0.53,0.06666666666666667,0.4033333333333333,0.53,high,data/New_data/8x8_Case3/csv/force_disp_Test_158.csv,data/New_data/8x8_Case3/Original/plot_Test_158_original.png
8x8,8.0,8.0,8x8_new_data_curve_classifier_v1,Case3,Test_159,-9.0,-4.0,4784.071618648622,3,0.8916666666666667,0.01,0.09833333333333333,0.8916666666666667,low,data/New_data/8x8_Case3/csv/force_disp_Test_159.csv,data/New_data/8x8_Case3/Original/plot_Test_159_original.png
8x8,8.0,8.0,8x8_new_data_curve_classifier_v1,Case3,Test_160,47.0,-13.0,5683.696208764226,3,0.5016666666666667,0.05333333333333334,0.445,0.5016666666666667,high,data/New_data/8x8_Case3/csv/force_disp_Test_160.csv,data/New_data/8x8_Case3/Original/plot_Test_160_original.png
8x8,8.0,8.0,8x8_new_data_curve_classifier_v1,Case3,Test_161,-43.0,-45.0,7580.10665487782,2,0.48833333333333334,0.365,0.48833333333333334,0.14666666666666667,high,data/New_data/8x8_Case3/csv/force_disp_Test_161.csv,data/New_data/8x8_Case3/Original/plot_Test_161_original.png
8x8,8.0,8.0,8x8_new_data_curve_classifier_v1,Case3,Test_162,-71.0,-11.0,4599.47291254433,2,0.6233333333333333,0.06333333333333334,0.6233333333333333,0.31333333333333335,high,data/New_data/8x8_Case3/csv/force_disp_Test_162.csv,data/New_data/8x8_Case3/Original/plot_Test_162_original.png
8x8,8.0,8.0,8x8_new_data_curve_classifier_v1,Case3,Test_163,-84.0,28.0,4797.462136387985,2,0.7183333333333334,0.11333333333333333,0.7183333333333334,0.16833333333333333,medium,data/New_data/8x8_Case3/csv/force_disp_Test_163.csv,data/New_data/8x8_Case3/Original/plot_Test_163_original.png
8x8,8.0,8.0,8x8_new_data_curve_classifier_v1,Case3,Test_164,-16.0,-5.0,5064.298756250096,3,0.85,0.0016666666666666668,0.14833333333333334,0.85,low,data/New_data/8x8_Case3/csv/force_disp_Test_164.csv,data/New_data/8x8_Case3/Original/plot_Test_164_original.png
8x8,8.0,8.0,8x8_new_data_curve_classifier_v1,Case3,Test_165,-5.0,10.0,5090.810670592551,3,0.8916666666666667,0.008333333333333333,0.1,0.8916666666666667,low,data/New_data/8x8_Case3/csv/force_disp_Test_165.csv,data/New_data/8x8_Case3/Original/plot_Test_165_original.png
8x8,8.0,8.0,8x8_new_data_curve_classifier_v1,Case3,Test_166,-61.0,-3.0,4944.995286480741,2,0.545,0.045,0.545,0.41,high,data/New_data/8x8_Case3/csv/force_disp_Test_166.csv,data/New_data/8x8_Case3/Original/plot_Test_166_original.png
8x8,8.0,8.0,8x8_new_data_curve_classifier_v1,Case3,Test_167,-4.0,-6.0,4873.765567150204,3,0.895,0.011666666666666667,0.09333333333333334,0.895,low,data/New_data/8x8_Case3/csv/force_disp_Test_167.csv,data/New_data/8x8_Case3/Original/plot_Test_167_original.png
8x8,8.0,8.0,8x8_new_data_curve_classifier_v1,Case3,Test_168,-5.0,-1.0,4920.797506811458,3,0.895,0.008333333333333333,0.09666666666666666,0.895,low,data/New_data/8x8_Case3/csv/force_disp_Test_168.csv,data/New_data/8x8_Case3/Original/plot_Test_168_original.png
8x8,8.0,8.0,8x8_new_data_curve_classifier_v1,Case3,Test_169,58.0,-70.0,6175.571353189595,1,0.58,0.58,0.36833333333333335,0.051666666666666666,high,data/New_data/8x8_Case3/csv/force_disp_Test_169.csv,data/New_data/8x8_Case3/Original/plot_Test_169_original.png
8x8,8.0,8.0,8x8_new_data_curve_classifier_v1,Case3,Test_170,-35.0,-50.0,6729.539033237823,2,0.5683333333333334,0.22166666666666668,0.5683333333333334,0.21,high,data/New_data/8x8_Case3/csv/force_disp_Test_170.csv,data/New_data/8x8_Case3/Original/plot_Test_170_original.png
8x8,8.0,8.0,8x8_new_data_curve_classifier_v1,Case3,Test_171,-6.0,-18.0,5179.341492865561,3,0.8833333333333333,0.0,0.11666666666666667,0.8833333333333333,low,data/New_data/8x8_Case3/csv/force_disp_Test_171.csv,data/New_data/8x8_Case3/Original/plot_Test_171_original.png
8x8,8.0,8.0,8x8_new_data_curve_classifier_v1,Case3,Test_172,-68.0,5.0,4685.899680162475,2,0.5633333333333334,0.06,0.5633333333333334,0.37666666666666665,high,data/New_data/8x8_Case3/csv/force_disp_Test_172.csv,data/New_data/8x8_Case3/Original/plot_Test_172_original.png
8x8,8.0,8.0,8x8_new_data_curve_classifier_v1,Case3,Test_173,82.0,-55.0,5397.111333146299,1,0.48333333333333334,0.48333333333333334,0.43,0.08666666666666667,high,data/New_data/8x8_Case3/csv/force_disp_Test_173.csv,data/New_data/8x8_Case3/Original/plot_Test_173_original.png
8x8,8.0,8.0,8x8_new_data_curve_classifier_v1,Case3,Test_174,-76.0,51.0,5715.892696055978,2,0.5316666666666666,0.39666666666666667,0.5316666666666666,0.07166666666666667,high,data/New_data/8x8_Case3/csv/force_disp_Test_174.csv,data/New_data/8x8_Case3/Original/plot_Test_174_original.png
8x8,8.0,8.0,8x8_new_data_curve_classifier_v1,Case3,Test_175,-73.0,85.0,3184.7245720165924,1,0.48833333333333334,0.48833333333333334,0.45666666666666667,0.055,high,data/New_data/8x8_Case3/csv/force_disp_Test_175.csv,data/New_data/8x8_Case3/Original/plot_Test_175_original.png
8x8,8.0,8.0,8x8_new_data_curve_classifier_v1,Case3,Test_176,-36.0,30.0,6826.592638243861,2,0.43333333333333335,0.14666666666666667,0.43333333333333335,0.42,high,data/New_data/8x8_Case3/csv/force_disp_Test_176.csv,data/New_data/8x8_Case3/Original/plot_Test_176_original.png
8x8,8.0,8.0,8x8_new_data_curve_classifier_v1,Case3,Test_177,25.0,-81.0,4745.606668109516,2,0.725,0.10166666666666667,0.725,0.17333333333333334,medium,data/New_data/8x8_Case3/csv/force_disp_Test_177.csv,data/New_data/8x8_Case3/Original/plot_Test_177_original.png
8x8,8.0,8.0,8x8_new_data_curve_classifier_v1,Case3,Test_178,27.0,63.0,5754.349317084124,2,0.74,0.09833333333333333,0.74,0.16166666666666665,medium,data/New_data/8x8_Case3/csv/force_disp_Test_178.csv,data/New_data/8x8_Case3/Original/plot_Test_178_original.png
8x8,8.0,8.0,8x8_new_data_curve_classifier_v1,Case3,Test_179,73.0,-44.0,5777.4189916049845,2,0.5333333333333333,0.37833333333333335,0.5333333333333333,0.08833333333333333,high,data/New_data/8x8_Case3/csv/force_disp_Test_179.csv,data/New_data/8x8_Case3/Original/plot_Test_179_original.png
8x8,8.0,8.0,8x8_new_data_curve_classifier_v1,Case3,Test_180,-14.0,88.0,4081.4735048190696,2,0.5683333333333334,0.12,0.5683333333333334,0.31166666666666665,high,data/New_data/8x8_Case3/csv/force_disp_Test_180.csv,data/New_data/8x8_Case3/Original/plot_Test_180_original.png
8x8,8.0,8.0,8x8_new_data_curve_classifier_v1,Case3,Test_181,88.0,45.0,5202.068039744682,2,0.5483333333333333,0.36833333333333335,0.5483333333333333,0.08333333333333333,high,data/New_data/8x8_Case3/csv/force_disp_Test_181.csv,data/New_data/8x8_Case3/Original/plot_Test_181_original.png
8x8,8.0,8.0,8x8_new_data_curve_classifier_v1,Case3,Test_182,-14.0,42.0,5873.429434211921,3,0.5383333333333333,0.05333333333333334,0.4083333333333333,0.5383333333333333,high,data/New_data/8x8_Case3/csv/force_disp_Test_182.csv,data/New_data/8x8_Case3/Original/plot_Test_182_original.png
8x8,8.0,8.0,8x8_new_data_curve_classifier_v1,Case3,Test_183,37.0,63.0,6157.0559242177715,2,0.64,0.24166666666666667,0.64,0.11833333333333333,high,data/New_data/8x8_Case3/csv/force_disp_Test_183.csv,data/New_data/8x8_Case3/Original/plot_Test_183_original.png
8x8,8.0,8.0,8x8_new_data_curve_classifier_v1,Case3,Test_184,83.0,43.0,5291.445391873969,2,0.5466666666666666,0.36,0.5466666666666666,0.09333333333333334,high,data/New_data/8x8_Case3/csv/force_disp_Test_184.csv,data/New_data/8x8_Case3/Original/plot_Test_184_original.png
8x8,8.0,8.0,8x8_new_data_curve_classifier_v1,Case3,Test_185,-18.0,49.0,5962.078097438884,2,0.5733333333333334,0.058333333333333334,0.5733333333333334,0.36833333333333335,high,data/New_data/8x8_Case3/csv/force_disp_Test_185.csv,data/New_data/8x8_Case3/Original/plot_Test_185_original.png
8x8,8.0,8.0,8x8_new_data_curve_classifier_v1,Case3,Test_186,-54.0,1.0,5232.132874777761,3,0.485,0.03666666666666667,0.47833333333333333,0.485,high,data/New_data/8x8_Case3/csv/force_disp_Test_186.csv,data/New_data/8x8_Case3/Original/plot_Test_186_original.png
8x8,8.0,8.0,8x8_new_data_curve_classifier_v1,Case3,Test_187,-47.0,-37.0,6994.009266043199,2,0.55,0.2683333333333333,0.55,0.18166666666666667,high,data/New_data/8x8_Case3/csv/force_disp_Test_187.csv,data/New_data/8x8_Case3/Original/plot_Test_187_original.png
8x8,8.0,8.0,8x8_new_data_curve_classifier_v1,Case3,Test_188,-40.0,56.0,6770.638554625867,2,0.5866666666666667,0.325,0.5866666666666667,0.08833333333333333,high,data/New_data/8x8_Case3/csv/force_disp_Test_188.csv,data/New_data/8x8_Case3/Original/plot_Test_188_original.png
8x8,8.0,8.0,8x8_new_data_curve_classifier_v1,Case3,Test_189,34.0,0.0,5508.600371518995,3,0.8016666666666666,0.015,0.18333333333333332,0.8016666666666666,medium,data/New_data/8x8_Case3/csv/force_disp_Test_189.csv,data/New_data/8x8_Case3/Original/plot_Test_189_original.png
8x8,8.0,8.0,8x8_new_data_curve_classifier_v1,Case3,Test_190,-80.0,40.0,5349.8765703494455,2,0.65,0.26166666666666666,0.65,0.08833333333333333,high,data/New_data/8x8_Case3/csv/force_disp_Test_190.csv,data/New_data/8x8_Case3/Original/plot_Test_190_original.png
8x8,8.0,8.0,8x8_new_data_curve_classifier_v1,Case3,Test_191,-75.0,6.0,4270.208134824356,3,0.48333333333333334,0.10166666666666667,0.415,0.48333333333333334,high,data/New_data/8x8_Case3/csv/force_disp_Test_191.csv,data/New_data/8x8_Case3/Original/plot_Test_191_original.png
8x8,8.0,8.0,8x8_new_data_curve_classifier_v1,Case3,Test_192,89.0,-86.0,2388.867239563106,1,0.5366666666666666,0.5366666666666666,0.4,0.06333333333333334,high,data/New_data/8x8_Case3/csv/force_disp_Test_192.csv,data/New_data/8x8_Case3/Original/plot_Test_192_original.png
8x8,8.0,8.0,8x8_new_data_curve_classifier_v1,Case3,Test_193,48.0,41.0,7242.769970301273,2,0.5166666666666667,0.345,0.5166666666666667,0.13833333333333334,high,data/New_data/8x8_Case3/csv/force_disp_Test_193.csv,data/New_data/8x8_Case3/Original/plot_Test_193_original.png
8x8,8.0,8.0,8x8_new_data_curve_classifier_v1,Case3,Test_194,-11.0,-16.0,5421.525098284705,3,0.8816666666666667,0.0033333333333333335,0.115,0.8816666666666667,low,data/New_data/8x8_Case3/csv/force_disp_Test_194.csv,data/New_data/8x8_Case3/Original/plot_Test_194_original.png
8x8,8.0,8.0,8x8_new_data_curve_classifier_v1,Case3,Test_195,12.0,71.0,4706.9342716235105,2,0.7466666666666667,0.041666666666666664,0.7466666666666667,0.21166666666666667,medium,data/New_data/8x8_Case3/csv/force_disp_Test_195.csv,data/New_data/8x8_Case3/Original/plot_Test_195_original.png
8x8,8.0,8.0,8x8_new_data_curve_classifier_v1,Case3,Test_196,-32.0,84.0,4958.6223892495045,2,0.7683333333333333,0.13666666666666666,0.7683333333333333,0.095,medium,data/New_data/8x8_Case3/csv/force_disp_Test_196.csv,data/New_data/8x8_Case3/Original/plot_Test_196_original.png
8x8,8.0,8.0,8x8_new_data_curve_classifier_v1,Case3,Test_197,-80.0,-38.0,5282.9562133231275,2,0.6116666666666667,0.25333333333333335,0.6116666666666667,0.135,high,data/New_data/8x8_Case3/csv/force_disp_Test_197.csv,data/New_data/8x8_Case3/Original/plot_Test_197_original.png
8x8,8.0,8.0,8x8_new_data_curve_classifier_v1,Case3,Test_198,-82.0,-53.0,5387.821406485224,2,0.5083333333333333,0.4033333333333333,0.5083333333333333,0.08833333333333333,high,data/New_data/8x8_Case3/csv/force_disp_Test_198.csv,data/New_data/8x8_Case3/Original/plot_Test_198_original.png
8x8,8.0,8.0,8x8_new_data_curve_classifier_v1,Case3,Test_199,-45.0,82.0,5351.904110029425,2,0.5783333333333334,0.3566666666666667,0.5783333333333334,0.065,high,data/New_data/8x8_Case3/csv/force_disp_Test_199.csv,data/New_data/8x8_Case3/Original/plot_Test_199_original.png
8x8,8.0,8.0,8x8_new_data_curve_classifier_v1,Case3,Test_200,88.0,-42.0,5198.299041796948,2,0.5233333333333333,0.385,0.5233333333333333,0.09166666666666666,high,data/New_data/8x8_Case3/csv/force_disp_Test_200.csv,data/New_data/8x8_Case3/Original/plot_Test_200_original.png
8x8,8.0,8.0,8x8_new_data_curve_classifier_v1,Case3,Test_201,-73.0,-27.0,5166.4215147847635,2,0.67,0.115,0.67,0.215,high,data/New_data/8x8_Case3/csv/force_disp_Test_201.csv,data/New_data/8x8_Case3/Original/plot_Test_201_original.png
8x8,8.0,8.0,8x8_new_data_curve_classifier_v1,Case3,Test_202,-24.0,-76.0,4968.131794773383,2,0.6916666666666667,0.09166666666666666,0.6916666666666667,0.21666666666666667,high,data/New_data/8x8_Case3/csv/force_disp_Test_202.csv,data/New_data/8x8_Case3/Original/plot_Test_202_original.png
8x8,8.0,8.0,8x8_new_data_curve_classifier_v1,Case3,Test_203,33.0,58.0,6241.045062249921,2,0.675,0.16333333333333333,0.675,0.16166666666666665,high,data/New_data/8x8_Case3/csv/force_disp_Test_203.csv,data/New_data/8x8_Case3/Original/plot_Test_203_original.png
8x8,8.0,8.0,8x8_new_data_curve_classifier_v1,Case3,Test_204,27.0,-22.0,6227.089851817885,3,0.7683333333333333,0.043333333333333335,0.18833333333333332,0.7683333333333333,medium,data/New_data/8x8_Case3/csv/force_disp_Test_204.csv,data/New_data/8x8_Case3/Original/plot_Test_204_original.png
8x8,8.0,8.0,8x8_new_data_curve_classifier_v1,Case3,Test_205,-58.0,-50.0,7095.178509784934,1,0.5066666666666667,0.5066666666666667,0.43166666666666664,0.06166666666666667,high,data/New_data/8x8_Case3/csv/force_disp_Test_205.csv,data/New_data/8x8_Case3/Original/plot_Test_205_original.png
8x8,8.0,8.0,8x8_new_data_curve_classifier_v1,Case3,Test_206,4.0,90.0,3933.4545736091645,2,0.5283333333333333,0.08833333333333333,0.5283333333333333,0.38333333333333336,high,data/New_data/8x8_Case3/csv/force_disp_Test_206.csv,data/New_data/8x8_Case3/Original/plot_Test_206_original.png
8x8,8.0,8.0,8x8_new_data_curve_classifier_v1,Case3,Test_207,19.0,-83.0,4497.129943712244,2,0.695,0.09,0.695,0.215,high,data/New_data/8x8_Case3/csv/force_disp_Test_207.csv,data/New_data/8x8_Case3/Original/plot_Test_207_original.png
8x8,8.0,8.0,8x8_new_data_curve_classifier_v1,Case3,Test_208,-87.0,47.0,5241.285540709097,2,0.5533333333333333,0.37833333333333335,0.5533333333333333,0.06833333333333333,high,data/New_data/8x8_Case3/csv/force_disp_Test_208.csv,data/New_data/8x8_Case3/Original/plot_Test_208_original.png
8x8,8.0,8.0,8x8_new_data_curve_classifier_v1,Case3,Test_209,58.0,-69.0,6243.904793502636,1,0.5933333333333334,0.5933333333333334,0.36333333333333334,0.043333333333333335,high,data/New_data/8x8_Case3/csv/force_disp_Test_209.csv,data/New_data/8x8_Case3/Original/plot_Test_209_original.png
8x8,8.0,8.0,8x8_new_data_curve_classifier_v1,Case3,Test_210,-10.0,23.0,5559.610299271045,3,0.8116666666666666,0.006666666666666667,0.18166666666666667,0.8116666666666666,medium,data/New_data/8x8_Case3/csv/force_disp_Test_210.csv,data/New_data/8x8_Case3/Original/plot_Test_210_original.png
8x8,8.0,8.0,8x8_new_data_curve_classifier_v1,Case3,Test_211,55.0,-59.0,7212.33676000874,1,0.7066666666666667,0.7066666666666667,0.275,0.018333333333333333,medium,data/New_data/8x8_Case3/csv/force_disp_Test_211.csv,data/New_data/8x8_Case3/Original/plot_Test_211_original.png
8x8,8.0,8.0,8x8_new_data_curve_classifier_v1,Case3,Test_212,-63.0,54.0,6774.443910717802,1,0.525,0.525,0.4483333333333333,0.02666666666666667,high,data/New_data/8x8_Case3/csv/force_disp_Test_212.csv,data/New_data/8x8_Case3/Original/plot_Test_212_original.png
8x8,8.0,8.0,8x8_new_data_curve_classifier_v1,Case3,Test_213,67.0,-42.0,6106.0732669513745,2,0.5533333333333333,0.355,0.5533333333333333,0.09166666666666666,high,data/New_data/8x8_Case3/csv/force_disp_Test_213.csv,data/New_data/8x8_Case3/Original/plot_Test_213_original.png
8x8,8.0,8.0,8x8_new_data_curve_classifier_v1,Case3,Test_214,63.0,-14.0,5193.800020087588,2,0.6333333333333333,0.07,0.6333333333333333,0.2966666666666667,high,data/New_data/8x8_Case3/csv/force_disp_Test_214.csv,data/New_data/8x8_Case3/Original/plot_Test_214_original.png
8x8,8.0,8.0,8x8_new_data_curve_classifier_v1,Case3,Test_215,9.0,13.0,5137.830275241911,3,0.8883333333333333,0.0033333333333333335,0.10833333333333334,0.8883333333333333,low,data/New_data/8x8_Case3/csv/force_disp_Test_215.csv,data/New_data/8x8_Case3/Original/plot_Test_215_original.png
8x8,8.0,8.0,8x8_new_data_curve_classifier_v1,Case3,Test_216,-10.0,59.0,5195.54750756793,2,0.6816666666666666,0.03166666666666667,0.6816666666666666,0.2866666666666667,high,data/New_data/8x8_Case3/csv/force_disp_Test_216.csv,data/New_data/8x8_Case3/Original/plot_Test_216_original.png
8x8,8.0,8.0,8x8_new_data_curve_classifier_v1,Case3,Test_217,21.0,56.0,5737.265404756296,2,0.655,0.056666666666666664,0.655,0.28833333333333333,high,data/New_data/8x8_Case3/csv/force_disp_Test_217.csv,data/New_data/8x8_Case3/Original/plot_Test_217_original.png
8x8,8.0,8.0,8x8_new_data_curve_classifier_v1,Case3,Test_218,5.0,-15.0,5135.380989152261,3,0.885,0.0016666666666666668,0.11333333333333333,0.885,low,data/New_data/8x8_Case3/csv/force_disp_Test_218.csv,data/New_data/8x8_Case3/Original/plot_Test_218_original.png
8x8,8.0,8.0,8x8_new_data_curve_classifier_v1,Case3,Test_219,-7.0,65.0,4799.787472637127,2,0.7183333333333334,0.03166666666666667,0.7183333333333334,0.25,medium,data/New_data/8x8_Case3/csv/force_disp_Test_219.csv,data/New_data/8x8_Case3/Original/plot_Test_219_original.png
8x8,8.0,8.0,8x8_new_data_curve_classifier_v1,Case3,Test_220,14.0,-23.0,5665.395858330512,3,0.8516666666666667,0.013333333333333334,0.135,0.8516666666666667,low,data/New_data/8x8_Case3/csv/force_disp_Test_220.csv,data/New_data/8x8_Case3/Original/plot_Test_220_original.png
8x8,8.0,8.0,8x8_new_data_curve_classifier_v1,Case3,Test_221,74.0,-56.0,5846.085833740932,1,0.49166666666666664,0.49166666666666664,0.43166666666666664,0.07666666666666666,high,data/New_data/8x8_Case3/csv/force_disp_Test_221.csv,data/New_data/8x8_Case3/Original/plot_Test_221_original.png
8x8,8.0,8.0,8x8_new_data_curve_classifier_v1,Case3,Test_222,7.0,-80.0,4040.516102851325,3,0.46166666666666667,0.10666666666666667,0.43166666666666664,0.46166666666666667,high,data/New_data/8x8_Case3/csv/force_disp_Test_222.csv,data/New_data/8x8_Case3/Original/plot_Test_222_original.png
8x8,8.0,8.0,8x8_new_data_curve_classifier_v1,Case3,Test_223,-78.0,-48.0,5555.413104176416,2,0.5233333333333333,0.37666666666666665,0.5233333333333333,0.1,high,data/New_data/8x8_Case3/csv/force_disp_Test_223.csv,data/New_data/8x8_Case3/Original/plot_Test_223_original.png
8x8,8.0,8.0,8x8_new_data_curve_classifier_v1,Case3,Test_224,-4.0,-43.0,5457.344525212982,3,0.7066666666666667,0.03166666666666667,0.26166666666666666,0.7066666666666667,medium,data/New_data/8x8_Case3/csv/force_disp_Test_224.csv,data/New_data/8x8_Case3/Original/plot_Test_224_original.png
8x8,8.0,8.0,8x8_new_data_curve_classifier_v1,Case3,Test_225,2.0,-73.0,4356.822568308358,3,0.4866666666666667,0.095,0.41833333333333333,0.4866666666666667,high,data/New_data/8x8_Case3/csv/force_disp_Test_225.csv,data/New_data/8x8_Case3/Original/plot_Test_225_original.png
8x8,8.0,8.0,8x8_new_data_curve_classifier_v1,Case3,Test_226,-42.0,80.0,5397.785351249031,2,0.6233333333333333,0.31333333333333335,0.6233333333333333,0.06333333333333334,high,data/New_data/8x8_Case3/csv/force_disp_Test_226.csv,data/New_data/8x8_Case3/Original/plot_Test_226_original.png
8x8,8.0,8.0,8x8_new_data_curve_classifier_v1,Case3,Test_227,-42.0,-6.0,5614.952409790191,3,0.6966666666666667,0.028333333333333332,0.275,0.6966666666666667,high,data/New_data/8x8_Case3/csv/force_disp_Test_227.csv,data/New_data/8x8_Case3/Original/plot_Test_227_original.png
8x8,8.0,8.0,8x8_new_data_curve_classifier_v1,Case3,Test_228,60.0,-31.0,6069.922138516716,2,0.6783333333333333,0.15166666666666667,0.6783333333333333,0.17,high,data/New_data/8x8_Case3/csv/force_disp_Test_228.csv,data/New_data/8x8_Case3/Original/plot_Test_228_original.png
8x8,8.0,8.0,8x8_new_data_curve_classifier_v1,Case3,Test_229,42.0,86.0,5177.462342928828,2,0.6,0.33166666666666667,0.6,0.06833333333333333,high,data/New_data/8x8_Case3/csv/force_disp_Test_229.csv,data/New_data/8x8_Case3/Original/plot_Test_229_original.png
8x8,8.0,8.0,8x8_new_data_curve_classifier_v1,Case3,Test_230,-44.0,-30.0,6612.669125424975,2,0.53,0.13833333333333334,0.53,0.33166666666666667,high,data/New_data/8x8_Case3/csv/force_disp_Test_230.csv,data/New_data/8x8_Case3/Original/plot_Test_230_original.png
8x8,8.0,8.0,8x8_new_data_curve_classifier_v1,Case3,Test_231,-69.0,24.0,5237.734076991936,2,0.7183333333333334,0.07666666666666666,0.7183333333333334,0.205,medium,data/New_data/8x8_Case3/csv/force_disp_Test_231.csv,data/New_data/8x8_Case3/Original/plot_Test_231_original.png
8x8,8.0,8.0,8x8_new_data_curve_classifier_v1,Case3,Test_232,-8.0,-27.0,5481.867491010049,3,0.865,0.0033333333333333335,0.13166666666666665,0.865,low,data/New_data/8x8_Case3/csv/force_disp_Test_232.csv,data/New_data/8x8_Case3/Original/plot_Test_232_original.png
8x8,8.0,8.0,8x8_new_data_curve_classifier_v1,Case3,Test_233,61.0,-20.0,5462.1176414835345,2,0.635,0.08666666666666667,0.635,0.2783333333333333,high,data/New_data/8x8_Case3/csv/force_disp_Test_233.csv,data/New_data/8x8_Case3/Original/plot_Test_233_original.png
8x8,8.0,8.0,8x8_new_data_curve_classifier_v1,Case3,Test_234,-49.0,-40.0,7120.0896312514715,2,0.5233333333333333,0.325,0.5233333333333333,0.15166666666666667,high,data/New_data/8x8_Case3/csv/force_disp_Test_234.csv,data/New_data/8x8_Case3/Original/plot_Test_234_original.png
8x8,8.0,8.0,8x8_new_data_curve_classifier_v1,Case3,Test_235,-62.0,7.0,4999.324310713121,2,0.585,0.04666666666666667,0.585,0.36833333333333335,high,data/New_data/8x8_Case3/csv/force_disp_Test_235.csv,data/New_data/8x8_Case3/Original/plot_Test_235_original.png
8x8,8.0,8.0,8x8_new_data_curve_classifier_v1,Case3,Test_236,16.0,-57.0,5566.615641574086,2,0.6116666666666667,0.051666666666666666,0.6116666666666667,0.33666666666666667,high,data/New_data/8x8_Case3/csv/force_disp_Test_236.csv,data/New_data/8x8_Case3/Original/plot_Test_236_original.png
8x8,8.0,8.0,8x8_new_data_curve_classifier_v1,Case3,Test_237,-32.0,66.0,5807.467092097251,2,0.775,0.12166666666666667,0.775,0.10333333333333333,medium,data/New_data/8x8_Case3/csv/force_disp_Test_237.csv,data/New_data/8x8_Case3/Original/plot_Test_237_original.png
8x8,8.0,8.0,8x8_new_data_curve_classifier_v1,Case3,Test_238,64.0,-22.0,5472.088403026538,2,0.6716666666666666,0.09166666666666666,0.6716666666666666,0.23666666666666666,high,data/New_data/8x8_Case3/csv/force_disp_Test_238.csv,data/New_data/8x8_Case3/Original/plot_Test_238_original.png
8x8,8.0,8.0,8x8_new_data_curve_classifier_v1,Case3,Test_239,30.0,17.0,5880.429518866012,3,0.795,0.03166666666666667,0.17333333333333334,0.795,medium,data/New_data/8x8_Case3/csv/force_disp_Test_239.csv,data/New_data/8x8_Case3/Original/plot_Test_239_original.png
8x8,8.0,8.0,8x8_new_data_curve_classifier_v1,Case3,Test_240,53.0,26.0,6082.4864290737705,2,0.6166666666666667,0.10833333333333334,0.6166666666666667,0.275,high,data/New_data/8x8_Case3/csv/force_disp_Test_240.csv,data/New_data/8x8_Case3/Original/plot_Test_240_original.png
8x8,8.0,8.0,8x8_new_data_curve_classifier_v1,Case3,Test_241,13.0,6.0,4905.690510197189,3,0.885,0.0033333333333333335,0.11166666666666666,0.885,low,data/New_data/8x8_Case3/csv/force_disp_Test_241.csv,data/New_data/8x8_Case3/Original/plot_Test_241_original.png
8x8,8.0,8.0,8x8_new_data_curve_classifier_v1,Case3,Test_242,-31.0,60.0,6066.0867857631765,2,0.765,0.115,0.765,0.12,medium,data/New_data/8x8_Case3/csv/force_disp_Test_242.csv,data/New_data/8x8_Case3/Original/plot_Test_242_original.png
8x8,8.0,8.0,8x8_new_data_curve_classifier_v1,Case3,Test_243,-63.0,-63.0,5913.621136216408,1,0.6366666666666667,0.6366666666666667,0.32666666666666666,0.03666666666666667,high,data/New_data/8x8_Case3/csv/force_disp_Test_243.csv,data/New_data/8x8_Case3/Original/plot_Test_243_original.png
8x8,8.0,8.0,8x8_new_data_curve_classifier_v1,Case3,Test_244,85.0,-58.0,5269.352450921268,1,0.49333333333333335,0.49333333333333335,0.425,0.08166666666666667,high,data/New_data/8x8_Case3/csv/force_disp_Test_244.csv,data/New_data/8x8_Case3/Original/plot_Test_244_original.png
8x8,8.0,8.0,8x8_new_data_curve_classifier_v1,Case3,Test_245,-34.0,-14.0,5717.613982442492,3,0.755,0.021666666666666667,0.22333333333333333,0.755,medium,data/New_data/8x8_Case3/csv/force_disp_Test_245.csv,data/New_data/8x8_Case3/Original/plot_Test_245_original.png
8x8,8.0,8.0,8x8_new_data_curve_classifier_v1,Case3,Test_246,60.0,61.0,6485.1826145387195,1,0.735,0.735,0.25333333333333335,0.011666666666666667,medium,data/New_data/8x8_Case3/csv/force_disp_Test_246.csv,data/New_data/8x8_Case3/Original/plot_Test_246_original.png
8x8,8.0,8.0,8x8_new_data_curve_classifier_v1,Case3,Test_247,-83.0,78.0,2875.238860492064,1,0.48833333333333334,0.48833333333333334,0.45166666666666666,0.06,high,data/New_data/8x8_Case3/csv/force_disp_Test_247.csv,data/New_data/8x8_Case3/Original/plot_Test_247_original.png
8x8,8.0,8.0,8x8_new_data_curve_classifier_v1,Case3,Test_248,6.0,27.0,5354.112101100512,3,0.8433333333333334,0.005,0.15166666666666667,0.8433333333333334,medium,data/New_data/8x8_Case3/csv/force_disp_Test_248.csv,data/New_data/8x8_Case3/Original/plot_Test_248_original.png
8x8,8.0,8.0,8x8_new_data_curve_classifier_v1,Case3,Test_249,6.0,16.0,5042.747269595202,3,0.8866666666666667,0.0016666666666666668,0.11166666666666666,0.8866666666666667,low,data/New_data/8x8_Case3/csv/force_disp_Test_249.csv,data/New_data/8x8_Case3/Original/plot_Test_249_original.png
8x8,8.0,8.0,8x8_new_data_curve_classifier_v1,Case3,Test_250,-47.0,64.0,6512.934130064226,2,0.5633333333333334,0.36333333333333334,0.5633333333333334,0.07333333333333333,high,data/New_data/8x8_Case3/csv/force_disp_Test_250.csv,data/New_data/8x8_Case3/Original/plot_Test_250_original.png
8x8,8.0,8.0,8x8_new_data_curve_classifier_v1,Case3,Test_251,-69.0,0.0,4553.5443822794305,3,0.4683333333333333,0.09333333333333334,0.43833333333333335,0.4683333333333333,high,data/New_data/8x8_Case3/csv/force_disp_Test_251.csv,data/New_data/8x8_Case3/Original/plot_Test_251_original.png
8x8,8.0,8.0,8x8_new_data_curve_classifier_v1,Case3,Test_252,-82.0,-45.0,5347.023070769125,2,0.5466666666666666,0.34833333333333333,0.5466666666666666,0.105,high,data/New_data/8x8_Case3/csv/force_disp_Test_252.csv,data/New_data/8x8_Case3/Original/plot_Test_252_original.png
8x8,8.0,8.0,8x8_new_data_curve_classifier_v1,Case3,Test_253,56.0,-34.0,6436.434060848709,2,0.615,0.215,0.615,0.17,high,data/New_data/8x8_Case3/csv/force_disp_Test_253.csv,data/New_data/8x8_Case3/Original/plot_Test_253_original.png
8x8,8.0,8.0,8x8_new_data_curve_classifier_v1,Case3,Test_254,-75.0,-17.0,4651.889045972212,2,0.65,0.07666666666666666,0.65,0.2733333333333333,high,data/New_data/8x8_Case3/csv/force_disp_Test_254.csv,data/New_data/8x8_Case3/Original/plot_Test_254_original.png
8x8,8.0,8.0,8x8_new_data_curve_classifier_v1,Case3,Test_255,32.0,-60.0,6184.521144021543,2,0.6733333333333333,0.155,0.6733333333333333,0.17166666666666666,high,data/New_data/8x8_Case3/csv/force_disp_Test_255.csv,data/New_data/8x8_Case3/Original/plot_Test_255_original.png
8x8,8.0,8.0,8x8_new_data_curve_classifier_v1,Case3,Test_256,-25.0,-11.0,5468.516814199878,3,0.8633333333333333,0.006666666666666667,0.13,0.8633333333333333,low,data/New_data/8x8_Case3/csv/force_disp_Test_256.csv,data/New_data/8x8_Case3/Original/plot_Test_256_original.png
8x8,8.0,8.0,8x8_new_data_curve_classifier_v1,Case3,Test_257,65.0,80.0,4292.177977127072,2,0.485,0.45,0.485,0.065,high,data/New_data/8x8_Case3/csv/force_disp_Test_257.csv,data/New_data/8x8_Case3/Original/plot_Test_257_original.png
8x8,8.0,8.0,8x8_new_data_curve_classifier_v1,Case3,Test_258,54.0,-18.0,5687.607866439596,2,0.5683333333333334,0.07,0.5683333333333334,0.3616666666666667,high,data/New_data/8x8_Case3/csv/force_disp_Test_258.csv,data/New_data/8x8_Case3/Original/plot_Test_258_original.png
8x8,8.0,8.0,8x8_new_data_curve_classifier_v1,Case3,Test_259,-6.0,38.0,5657.783187473294,3,0.7716666666666666,0.025,0.20333333333333334,0.7716666666666666,medium,data/New_data/8x8_Case3/csv/force_disp_Test_259.csv,data/New_data/8x8_Case3/Original/plot_Test_259_original.png
8x8,8.0,8.0,8x8_new_data_curve_classifier_v1,Case3,Test_260,-50.0,68.0,6285.180715353422,2,0.53,0.3983333333333333,0.53,0.07166666666666667,high,data/New_data/8x8_Case3/csv/force_disp_Test_260.csv,data/New_data/8x8_Case3/Original/plot_Test_260_original.png
8x8,8.0,8.0,8x8_new_data_curve_classifier_v1,Case3,Test_261,-14.0,-28.0,5641.870263550833,3,0.8366666666666667,0.016666666666666666,0.14666666666666667,0.8366666666666667,medium,data/New_data/8x8_Case3/csv/force_disp_Test_261.csv,data/New_data/8x8_Case3/Original/plot_Test_261_original.png
8x8,8.0,8.0,8x8_new_data_curve_classifier_v1,Case3,Test_262,-57.0,76.0,5690.6713193469495,2,0.48333333333333334,0.46166666666666667,0.48333333333333334,0.055,high,data/New_data/8x8_Case3/csv/force_disp_Test_262.csv,data/New_data/8x8_Case3/Original/plot_Test_262_original.png
8x8,8.0,8.0,8x8_new_data_curve_classifier_v1,Case3,Test_263,-24.0,2.0,5287.498657999055,3,0.845,0.0016666666666666668,0.15333333333333332,0.845,medium,data/New_data/8x8_Case3/csv/force_disp_Test_263.csv,data/New_data/8x8_Case3/Original/plot_Test_263_original.png
8x8,8.0,8.0,8x8_new_data_curve_classifier_v1,Case3,Test_264,87.0,-65.0,4035.5426996117335,1,0.5183333333333333,0.5183333333333333,0.41833333333333333,0.06333333333333334,high,data/New_data/8x8_Case3/csv/force_disp_Test_264.csv,data/New_data/8x8_Case3/Original/plot_Test_264_original.png
8x8,8.0,8.0,8x8_new_data_curve_classifier_v1,Case3,Test_265,-25.0,-84.0,4630.568188365377,2,0.6933333333333334,0.10666666666666667,0.6933333333333334,0.2,high,data/New_data/8x8_Case3/csv/force_disp_Test_265.csv,data/New_data/8x8_Case3/Original/plot_Test_265_original.png
8x8,8.0,8.0,8x8_new_data_curve_classifier_v1,Case3,Test_266,-26.0,-39.0,6446.9128453524845,3,0.495,0.09666666666666666,0.4083333333333333,0.495,high,data/New_data/8x8_Case3/csv/force_disp_Test_266.csv,data/New_data/8x8_Case3/Original/plot_Test_266_original.png
8x8,8.0,8.0,8x8_new_data_curve_classifier_v1,Case3,Test_267,-33.0,-46.0,6799.059504460685,2,0.52,0.21,0.52,0.27,high,data/New_data/8x8_Case3/csv/force_disp_Test_267.csv,data/New_data/8x8_Case3/Original/plot_Test_267_original.png
8x8,8.0,8.0,8x8_new_data_curve_classifier_v1,Case3,Test_268,-59.0,29.0,6049.489032525358,2,0.715,0.10833333333333334,0.715,0.17666666666666667,medium,data/New_data/8x8_Case3/csv/force_disp_Test_268.csv,data/New_data/8x8_Case3/Original/plot_Test_268_original.png
8x8,8.0,8.0,8x8_new_data_curve_classifier_v1,Case3,Test_269,-60.0,60.0,6610.134475080261,1,0.7533333333333333,0.7533333333333333,0.24166666666666667,0.005,medium,data/New_data/8x8_Case3/csv/force_disp_Test_269.csv,data/New_data/8x8_Case3/Original/plot_Test_269_original.png
8x8,8.0,8.0,8x8_new_data_curve_classifier_v1,Case3,Test_270,10.0,76.0,4297.747765295715,2,0.5233333333333333,0.10833333333333334,0.5233333333333333,0.36833333333333335,high,data/New_data/8x8_Case3/csv/force_disp_Test_270.csv,data/New_data/8x8_Case3/Original/plot_Test_270_original.png
8x8,8.0,8.0,8x8_new_data_curve_classifier_v1,Case3,Test_271,-30.0,50.0,6481.748375694178,2,0.7,0.12833333333333333,0.7,0.17166666666666666,medium,data/New_data/8x8_Case3/csv/force_disp_Test_271.csv,data/New_data/8x8_Case3/Original/plot_Test_271_original.png
8x8,8.0,8.0,8x8_new_data_curve_classifier_v1,Case3,Test_272,72.0,69.0,4354.133201568878,1,0.47833333333333333,0.47833333333333333,0.45166666666666666,0.07,high,data/New_data/8x8_Case3/csv/force_disp_Test_272.csv,data/New_data/8x8_Case3/Original/plot_Test_272_original.png
8x8,8.0,8.0,8x8_new_data_curve_classifier_v1,Case3,Test_273,81.0,62.0,4794.198050892342,2,0.4766666666666667,0.455,0.4766666666666667,0.06833333333333333,high,data/New_data/8x8_Case3/csv/force_disp_Test_273.csv,data/New_data/8x8_Case3/Original/plot_Test_273_original.png
8x8,8.0,8.0,8x8_new_data_curve_classifier_v1,Case3,Test_274,30.0,-25.0,6524.43345691036,3,0.6633333333333333,0.08666666666666667,0.25,0.6633333333333333,high,data/New_data/8x8_Case3/csv/force_disp_Test_274.csv,data/New_data/8x8_Case3/Original/plot_Test_274_original.png
8x8,8.0,8.0,8x8_new_data_curve_classifier_v1,Case3,Test_275,80.0,-20.0,4523.13290434335,2,0.685,0.105,0.685,0.21,high,data/New_data/8x8_Case3/csv/force_disp_Test_275.csv,data/New_data/8x8_Case3/Original/plot_Test_275_original.png
8x8,8.0,8.0,8x8_new_data_curve_classifier_v1,Case3,Test_276,-88.0,70.0,3401.517722204122,1,0.49166666666666664,0.49166666666666664,0.45666666666666667,0.051666666666666666,high,data/New_data/8x8_Case3/csv/force_disp_Test_276.csv,data/New_data/8x8_Case3/Original/plot_Test_276_original.png
8x8,8.0,8.0,8x8_new_data_curve_classifier_v1,Case3,Test_277,57.0,88.0,5212.706653886073,2,0.4716666666666667,0.45166666666666666,0.4716666666666667,0.07666666666666666,high,data/New_data/8x8_Case3/csv/force_disp_Test_277.csv,data/New_data/8x8_Case3/Original/plot_Test_277_original.png
8x8,8.0,8.0,8x8_new_data_curve_classifier_v1,Case3,Test_278,18.0,78.0,4568.790407289279,2,0.7866666666666666,0.05333333333333334,0.7866666666666666,0.16,medium,data/New_data/8x8_Case3/csv/force_disp_Test_278.csv,data/New_data/8x8_Case3/Original/plot_Test_278_original.png
8x8,8.0,8.0,8x8_new_data_curve_classifier_v1,Case3,Test_279,-88.0,-89.0,2345.1859644138412,1,0.46166666666666667,0.46166666666666667,0.4533333333333333,0.085,high,data/New_data/8x8_Case3/csv/force_disp_Test_279.csv,data/New_data/8x8_Case3/Original/plot_Test_279_original.png
8x8,8.0,8.0,8x8_new_data_curve_classifier_v1,Case3,Test_280,-31.0,-12.0,5746.12340597148,3,0.825,0.018333333333333333,0.15666666666666668,0.825,medium,data/New_data/8x8_Case3/csv/force_disp_Test_280.csv,data/New_data/8x8_Case3/Original/plot_Test_280_original.png
8x8,8.0,8.0,8x8_new_data_curve_classifier_v1,Case3,Test_281,-72.0,-17.0,4794.036968247527,2,0.6466666666666666,0.07333333333333333,0.6466666666666666,0.28,high,data/New_data/8x8_Case3/csv/force_disp_Test_281.csv,data/New_data/8x8_Case3/Original/plot_Test_281_original.png
8x8,8.0,8.0,8x8_new_data_curve_classifier_v1,Case3,Test_282,25.0,-74.0,5038.763186578957,2,0.725,0.09166666666666666,0.725,0.18333333333333332,medium,data/New_data/8x8_Case3/csv/force_disp_Test_282.csv,data/New_data/8x8_Case3/Original/plot_Test_282_original.png
8x8,8.0,8.0,8x8_new_data_curve_classifier_v1,Case3,Test_283,34.0,-21.0,6264.969018114951,3,0.63,0.07333333333333333,0.2966666666666667,0.63,high,data/New_data/8x8_Case3/csv/force_disp_Test_283.csv,data/New_data/8x8_Case3/Original/plot_Test_283_original.png
8x8,8.0,8.0,8x8_new_data_curve_classifier_v1,Case3,Test_284,16.0,16.0,5553.548677453177,3,0.8816666666666667,0.008333333333333333,0.11,0.8816666666666667,low,data/New_data/8x8_Case3/csv/force_disp_Test_284.csv,data/New_data/8x8_Case3/Original/plot_Test_284_original.png
8x8,8.0,8.0,8x8_new_data_curve_classifier_v1,Case3,Test_285,-21.0,55.0,5845.705286279004,2,0.685,0.056666666666666664,0.685,0.25833333333333336,high,data/New_data/8x8_Case3/csv/force_disp_Test_285.csv,data/New_data/8x8_Case3/Original/plot_Test_285_original.png
8x8,8.0,8.0,8x8_new_data_curve_classifier_v1,Case3,Test_286,40.0,-87.0,5149.985176296318,2,0.58,0.31666666666666665,0.58,0.10333333333333333,high,data/New_data/8x8_Case3/csv/force_disp_Test_286.csv,data/New_data/8x8_Case3/Original/plot_Test_286_original.png
8x8,8.0,8.0,8x8_new_data_curve_classifier_v1,Case3,Test_287,-77.0,22.0,4853.914392463762,2,0.7166666666666667,0.08833333333333333,0.7166666666666667,0.195,medium,data/New_data/8x8_Case3/csv/force_disp_Test_287.csv,data/New_data/8x8_Case3/Original/plot_Test_287_original.png
8x8,8.0,8.0,8x8_new_data_curve_classifier_v1,Case3,Test_288,37.0,70.0,5757.461667433211,2,0.6716666666666666,0.225,0.6716666666666666,0.10333333333333333,high,data/New_data/8x8_Case3/csv/force_disp_Test_288.csv,data/New_data/8x8_Case3/Original/plot_Test_288_original.png
8x8,8.0,8.0,8x8_new_data_curve_classifier_v1,Case3,Test_289,-9.0,44.0,5676.253997762439,3,0.5483333333333333,0.045,0.4066666666666667,0.5483333333333333,high,data/New_data/8x8_Case3/csv/force_disp_Test_289.csv,data/New_data/8x8_Case3/Original/plot_Test_289_original.png
8x8,8.0,8.0,8x8_new_data_curve_classifier_v1,Case3,Test_290,20.0,-82.0,4541.78602587344,2,0.725,0.08166666666666667,0.725,0.19333333333333333,medium,data/New_data/8x8_Case3/csv/force_disp_Test_290.csv,data/New_data/8x8_Case3/Original/plot_Test_290_original.png
8x8,8.0,8.0,8x8_new_data_curve_classifier_v1,Case3,Test_291,26.0,5.0,5514.936620367583,3,0.8733333333333333,0.0033333333333333335,0.12333333333333334,0.8733333333333333,low,data/New_data/8x8_Case3/csv/force_disp_Test_291.csv,data/New_data/8x8_Case3/Original/plot_Test_291_original.png
8x8,8.0,8.0,8x8_new_data_curve_classifier_v1,Case3,Test_292,71.0,-88.0,3297.6021150671536,1,0.5183333333333333,0.5183333333333333,0.415,0.06666666666666667,high,data/New_data/8x8_Case3/csv/force_disp_Test_292.csv,data/New_data/8x8_Case3/Original/plot_Test_292_original.png
8x8,8.0,8.0,8x8_new_data_curve_classifier_v1,Case3,Test_293,-28.0,11.0,5569.869558665755,3,0.8433333333333334,0.016666666666666666,0.14,0.8433333333333334,medium,data/New_data/8x8_Case3/csv/force_disp_Test_293.csv,data/New_data/8x8_Case3/Original/plot_Test_293_original.png
8x8,8.0,8.0,8x8_new_data_curve_classifier_v1,Case3,Test_294,-71.0,-57.0,6067.17917881581,1,0.47,0.47,0.45,0.08,high,data/New_data/8x8_Case3/csv/force_disp_Test_294.csv,data/New_data/8x8_Case3/Original/plot_Test_294_original.png
8x8,8.0,8.0,8x8_new_data_curve_classifier_v1,Case3,Test_295,-84.0,-9.0,3979.3376936816653,3,0.4683333333333333,0.11333333333333333,0.41833333333333333,0.4683333333333333,high,data/New_data/8x8_Case3/csv/force_disp_Test_295.csv,data/New_data/8x8_Case3/Original/plot_Test_295_original.png
8x8,8.0,8.0,8x8_new_data_curve_classifier_v1,Case3,Test_296,-48.0,82.0,5381.955964322032,2,0.56,0.37333333333333335,0.56,0.06666666666666667,high,data/New_data/8x8_Case3/csv/force_disp_Test_296.csv,data/New_data/8x8_Case3/Original/plot_Test_296_original.png
8x8,8.0,8.0,8x8_new_data_curve_classifier_v1,Case3,Test_297,-13.0,-4.0,4962.165396971114,3,0.8816666666666667,0.006666666666666667,0.11166666666666666,0.8816666666666667,low,data/New_data/8x8_Case3/csv/force_disp_Test_297.csv,data/New_data/8x8_Case3/Original/plot_Test_297_original.png
8x8,8.0,8.0,8x8_new_data_curve_classifier_v1,Case3,Test_298,-19.0,-23.0,6066.59636168633,3,0.8533333333333334,0.013333333333333334,0.13333333333333333,0.8533333333333334,low,data/New_data/8x8_Case3/csv/force_disp_Test_298.csv,data/New_data/8x8_Case3/Original/plot_Test_298_original.png
8x8,8.0,8.0,8x8_new_data_curve_classifier_v1,Case3,Test_299,5.0,-32.0,5580.502181314948,3,0.8316666666666667,0.018333333333333333,0.15,0.8316666666666667,medium,data/New_data/8x8_Case3/csv/force_disp_Test_299.csv,data/New_data/8x8_Case3/Original/plot_Test_299_original.png
8x8,8.0,8.0,8x8_new_data_curve_classifier_v1,Case3,Test_300,51.0,46.0,7414.346946578003,2,0.4583333333333333,0.455,0.4583333333333333,0.08666666666666667,high,data/New_data/8x8_Case3/csv/force_disp_Test_300.csv,data/New_data/8x8_Case3/Original/plot_Test_300_original.png
8x8,8.0,8.0,8x8_new_data_curve_classifier_v1,Case4,Test_001,65.0,19.0,5243.146533150198,2,0.665,0.065,0.665,0.27,high,data/New_data/8x8_Case4/csv/force_disp_Test_001.csv,data/New_data/8x8_Case4/Original/plot_Test_001_original.png
8x8,8.0,8.0,8x8_new_data_curve_classifier_v1,Case4,Test_002,40.0,-51.0,7021.620575402726,2,0.57,0.31666666666666665,0.57,0.11333333333333333,high,data/New_data/8x8_Case4/csv/force_disp_Test_002.csv,data/New_data/8x8_Case4/Original/plot_Test_002_original.png
8x8,8.0,8.0,8x8_new_data_curve_classifier_v1,Case4,Test_003,-44.0,65.0,6339.951506160524,2,0.61,0.32,0.61,0.07,high,data/New_data/8x8_Case4/csv/force_disp_Test_003.csv,data/New_data/8x8_Case4/Original/plot_Test_003_original.png
8x8,8.0,8.0,8x8_new_data_curve_classifier_v1,Case4,Test_004,49.0,48.0,7585.780562375417,2,0.495,0.43833333333333335,0.495,0.06666666666666667,high,data/New_data/8x8_Case4/csv/force_disp_Test_004.csv,data/New_data/8x8_Case4/Original/plot_Test_004_original.png
8x8,8.0,8.0,8x8_new_data_curve_classifier_v1,Case4,Test_005,-52.0,20.0,5859.593453963796,2,0.6066666666666667,0.06166666666666667,0.6066666666666667,0.33166666666666667,high,data/New_data/8x8_Case4/csv/force_disp_Test_005.csv,data/New_data/8x8_Case4/Original/plot_Test_005_original.png
8x8,8.0,8.0,8x8_new_data_curve_classifier_v1,Case4,Test_006,-15.0,-74.0,4661.925220386595,2,0.7,0.058333333333333334,0.7,0.24166666666666667,medium,data/New_data/8x8_Case4/csv/force_disp_Test_006.csv,data/New_data/8x8_Case4/Original/plot_Test_006_original.png
8x8,8.0,8.0,8x8_new_data_curve_classifier_v1,Case4,Test_007,51.0,-83.0,5358.196387701002,2,0.5166666666666667,0.4066666666666667,0.5166666666666667,0.07666666666666666,high,data/New_data/8x8_Case4/csv/force_disp_Test_007.csv,data/New_data/8x8_Case4/Original/plot_Test_007_original.png
8x8,8.0,8.0,8x8_new_data_curve_classifier_v1,Case4,Test_008,86.0,9.0,3977.652908810087,3,0.4583333333333333,0.11666666666666667,0.425,0.4583333333333333,high,data/New_data/8x8_Case4/csv/force_disp_Test_008.csv,data/New_data/8x8_Case4/Original/plot_Test_008_original.png
8x8,8.0,8.0,8x8_new_data_curve_classifier_v1,Case4,Test_009,-63.0,21.0,5480.785455307892,2,0.7116666666666667,0.065,0.7116666666666667,0.22333333333333333,medium,data/New_data/8x8_Case4/csv/force_disp_Test_009.csv,data/New_data/8x8_Case4/Original/plot_Test_009_original.png
8x8,8.0,8.0,8x8_new_data_curve_classifier_v1,Case4,Test_010,-74.0,83.0,3176.082725807057,2,0.49166666666666664,0.4583333333333333,0.49166666666666664,0.05,high,data/New_data/8x8_Case4/csv/force_disp_Test_010.csv,data/New_data/8x8_Case4/Original/plot_Test_010_original.png
8x8,8.0,8.0,8x8_new_data_curve_classifier_v1,Case4,Test_011,-39.0,-9.0,5546.763244744537,3,0.6316666666666667,0.03333333333333333,0.335,0.6316666666666667,high,data/New_data/8x8_Case4/csv/force_disp_Test_011.csv,data/New_data/8x8_Case4/Original/plot_Test_011_original.png
8x8,8.0,8.0,8x8_new_data_curve_classifier_v1,Case4,Test_012,-56.0,9.0,5273.534272909072,2,0.5833333333333334,0.041666666666666664,0.5833333333333334,0.375,high,data/New_data/8x8_Case4/csv/force_disp_Test_012.csv,data/New_data/8x8_Case4/Original/plot_Test_012_original.png
8x8,8.0,8.0,8x8_new_data_curve_classifier_v1,Case4,Test_013,61.0,33.0,6008.2013620093485,2,0.6916666666666667,0.15666666666666668,0.6916666666666667,0.15166666666666667,high,data/New_data/8x8_Case4/csv/force_disp_Test_013.csv,data/New_data/8x8_Case4/Original/plot_Test_013_original.png
8x8,8.0,8.0,8x8_new_data_curve_classifier_v1,Case4,Test_014,19.0,79.0,4634.824733294473,2,0.815,0.058333333333333334,0.815,0.12666666666666668,medium,data/New_data/8x8_Case4/csv/force_disp_Test_014.csv,data/New_data/8x8_Case4/Original/plot_Test_014_original.png
8x8,8.0,8.0,8x8_new_data_curve_classifier_v1,Case4,Test_015,35.0,60.0,6239.34877250512,2,0.6683333333333333,0.2,0.6683333333333333,0.13166666666666665,high,data/New_data/8x8_Case4/csv/force_disp_Test_015.csv,data/New_data/8x8_Case4/Original/plot_Test_015_original.png
8x8,8.0,8.0,8x8_new_data_curve_classifier_v1,Case4,Test_016,75.0,-61.0,5653.168995551615,1,0.5266666666666666,0.5266666666666666,0.3616666666666667,0.11166666666666666,high,data/New_data/8x8_Case4/csv/force_disp_Test_016.csv,data/New_data/8x8_Case4/Original/plot_Test_016_original.png
8x8,8.0,8.0,8x8_new_data_curve_classifier_v1,Case4,Test_017,-30.0,66.0,5780.0412960457825,2,0.795,0.10666666666666667,0.795,0.09833333333333333,medium,data/New_data/8x8_Case4/csv/force_disp_Test_017.csv,data/New_data/8x8_Case4/Original/plot_Test_017_original.png
8x8,8.0,8.0,8x8_new_data_curve_classifier_v1,Case4,Test_018,-53.0,31.0,6396.058340830846,2,0.7116666666666667,0.125,0.7116666666666667,0.16333333333333333,medium,data/New_data/8x8_Case4/csv/force_disp_Test_018.csv,data/New_data/8x8_Case4/Original/plot_Test_018_original.png
8x8,8.0,8.0,8x8_new_data_curve_classifier_v1,Case4,Test_019,-79.0,29.0,5030.325538034453,2,0.7466666666666667,0.11166666666666666,0.7466666666666667,0.14166666666666666,medium,data/New_data/8x8_Case4/csv/force_disp_Test_019.csv,data/New_data/8x8_Case4/Original/plot_Test_019_original.png
8x8,8.0,8.0,8x8_new_data_curve_classifier_v1,Case4,Test_020,-2.0,48.0,5331.7997951298075,2,0.525,0.028333333333333332,0.525,0.44666666666666666,high,data/New_data/8x8_Case4/csv/force_disp_Test_020.csv,data/New_data/8x8_Case4/Original/plot_Test_020_original.png
8x8,8.0,8.0,8x8_new_data_curve_classifier_v1,Case4,Test_021,-49.0,-67.0,6275.321839830937,2,0.5516666666666666,0.35333333333333333,0.5516666666666666,0.095,high,data/New_data/8x8_Case4/csv/force_disp_Test_021.csv,data/New_data/8x8_Case4/Original/plot_Test_021_original.png
8x8,8.0,8.0,8x8_new_data_curve_classifier_v1,Case4,Test_022,43.0,-33.0,6874.125899147057,2,0.57,0.2,0.57,0.23,high,data/New_data/8x8_Case4/csv/force_disp_Test_022.csv,data/New_data/8x8_Case4/Original/plot_Test_022_original.png
8x8,8.0,8.0,8x8_new_data_curve_classifier_v1,Case4,Test_023,62.0,-67.0,5717.628678366705,1,0.6133333333333333,0.6133333333333333,0.35333333333333333,0.03333333333333333,high,data/New_data/8x8_Case4/csv/force_disp_Test_023.csv,data/New_data/8x8_Case4/Original/plot_Test_023_original.png
8x8,8.0,8.0,8x8_new_data_curve_classifier_v1,Case4,Test_024,30.0,75.0,5187.809762973678,2,0.7716666666666666,0.12333333333333334,0.7716666666666666,0.105,medium,data/New_data/8x8_Case4/csv/force_disp_Test_024.csv,data/New_data/8x8_Case4/Original/plot_Test_024_original.png
8x8,8.0,8.0,8x8_new_data_curve_classifier_v1,Case4,Test_025,80.0,-80.0,2887.943609067684,1,0.5,0.5,0.43333333333333335,0.06666666666666667,high,data/New_data/8x8_Case4/csv/force_disp_Test_025.csv,data/New_data/8x8_Case4/Original/plot_Test_025_original.png
8x8,8.0,8.0,8x8_new_data_curve_classifier_v1,Case4,Test_026,-81.0,73.0,3332.197124562026,2,0.48833333333333334,0.46166666666666667,0.48833333333333334,0.05,high,data/New_data/8x8_Case4/csv/force_disp_Test_026.csv,data/New_data/8x8_Case4/Original/plot_Test_026_original.png
8x8,8.0,8.0,8x8_new_data_curve_classifier_v1,Case4,Test_027,54.0,-38.0,6729.300388056959,2,0.615,0.26,0.615,0.125,high,data/New_data/8x8_Case4/csv/force_disp_Test_027.csv,data/New_data/8x8_Case4/Original/plot_Test_027_original.png
8x8,8.0,8.0,8x8_new_data_curve_classifier_v1,Case4,Test_028,36.0,-31.0,6907.5481421899485,2,0.4633333333333333,0.13833333333333334,0.4633333333333333,0.3983333333333333,high,data/New_data/8x8_Case4/csv/force_disp_Test_028.csv,data/New_data/8x8_Case4/Original/plot_Test_028_original.png
8x8,8.0,8.0,8x8_new_data_curve_classifier_v1,Case4,Test_029,52.0,-41.0,7031.156484932987,2,0.57,0.31333333333333335,0.57,0.11666666666666667,high,data/New_data/8x8_Case4/csv/force_disp_Test_029.csv,data/New_data/8x8_Case4/Original/plot_Test_029_original.png
8x8,8.0,8.0,8x8_new_data_curve_classifier_v1,Case4,Test_030,15.0,-12.0,5441.57721996812,3,0.8566666666666667,0.0016666666666666668,0.14166666666666666,0.8566666666666667,low,data/New_data/8x8_Case4/csv/force_disp_Test_030.csv,data/New_data/8x8_Case4/Original/plot_Test_030_original.png
8x8,8.0,8.0,8x8_new_data_curve_classifier_v1,Case4,Test_031,-55.0,-62.0,6831.671181465092,1,0.495,0.495,0.47833333333333333,0.02666666666666667,high,data/New_data/8x8_Case4/csv/force_disp_Test_031.csv,data/New_data/8x8_Case4/Original/plot_Test_031_original.png
8x8,8.0,8.0,8x8_new_data_curve_classifier_v1,Case4,Test_032,-19.0,-7.0,5359.584771501703,3,0.8,0.0016666666666666668,0.19833333333333333,0.8,medium,data/New_data/8x8_Case4/csv/force_disp_Test_032.csv,data/New_data/8x8_Case4/Original/plot_Test_032_original.png
8x8,8.0,8.0,8x8_new_data_curve_classifier_v1,Case4,Test_033,-61.0,86.0,4830.024157415195,2,0.52,0.43333333333333335,0.52,0.04666666666666667,high,data/New_data/8x8_Case4/csv/force_disp_Test_033.csv,data/New_data/8x8_Case4/Original/plot_Test_033_original.png
8x8,8.0,8.0,8x8_new_data_curve_classifier_v1,Case4,Test_034,-43.0,-15.0,5827.978496269107,3,0.5166666666666667,0.04833333333333333,0.435,0.5166666666666667,high,data/New_data/8x8_Case4/csv/force_disp_Test_034.csv,data/New_data/8x8_Case4/Original/plot_Test_034_original.png
8x8,8.0,8.0,8x8_new_data_curve_classifier_v1,Case4,Test_035,70.0,81.0,3610.3371868537433,2,0.525,0.4166666666666667,0.525,0.058333333333333334,high,data/New_data/8x8_Case4/csv/force_disp_Test_035.csv,data/New_data/8x8_Case4/Original/plot_Test_035_original.png
8x8,8.0,8.0,8x8_new_data_curve_classifier_v1,Case4,Test_036,8.0,25.0,5475.147959568679,3,0.8116666666666666,0.005,0.18333333333333332,0.8116666666666666,medium,data/New_data/8x8_Case4/csv/force_disp_Test_036.csv,data/New_data/8x8_Case4/Original/plot_Test_036_original.png
8x8,8.0,8.0,8x8_new_data_curve_classifier_v1,Case4,Test_037,-85.0,67.0,3789.0757723193256,2,0.5,0.45166666666666666,0.5,0.04833333333333333,high,data/New_data/8x8_Case4/csv/force_disp_Test_037.csv,data/New_data/8x8_Case4/Original/plot_Test_037_original.png
8x8,8.0,8.0,8x8_new_data_curve_classifier_v1,Case4,Test_038,-56.0,52.0,7396.749389773339,1,0.49833333333333335,0.49833333333333335,0.49,0.011666666666666667,high,data/New_data/8x8_Case4/csv/force_disp_Test_038.csv,data/New_data/8x8_Case4/Original/plot_Test_038_original.png
8x8,8.0,8.0,8x8_new_data_curve_classifier_v1,Case4,Test_039,64.0,42.0,6239.621226951554,2,0.6233333333333333,0.285,0.6233333333333333,0.09166666666666666,high,data/New_data/8x8_Case4/csv/force_disp_Test_039.csv,data/New_data/8x8_Case4/Original/plot_Test_039_original.png
8x8,8.0,8.0,8x8_new_data_curve_classifier_v1,Case4,Test_040,-27.0,-54.0,6052.790867714633,2,0.6416666666666667,0.10666666666666667,0.6416666666666667,0.25166666666666665,high,data/New_data/8x8_Case4/csv/force_disp_Test_040.csv,data/New_data/8x8_Case4/Original/plot_Test_040_original.png
8x8,8.0,8.0,8x8_new_data_curve_classifier_v1,Case4,Test_041,-2.0,-68.0,4555.340433428779,2,0.5433333333333333,0.07166666666666667,0.5433333333333333,0.385,high,data/New_data/8x8_Case4/csv/force_disp_Test_041.csv,data/New_data/8x8_Case4/Original/plot_Test_041_original.png
8x8,8.0,8.0,8x8_new_data_curve_classifier_v1,Case4,Test_042,84.0,51.0,5309.258463234165,2,0.5816666666666667,0.3516666666666667,0.5816666666666667,0.06666666666666667,high,data/New_data/8x8_Case4/csv/force_disp_Test_042.csv,data/New_data/8x8_Case4/Original/plot_Test_042_original.png
8x8,8.0,8.0,8x8_new_data_curve_classifier_v1,Case4,Test_043,79.0,-71.0,3642.8322741126576,1,0.49666666666666665,0.49666666666666665,0.44166666666666665,0.06166666666666667,high,data/New_data/8x8_Case4/csv/force_disp_Test_043.csv,data/New_data/8x8_Case4/Original/plot_Test_043_original.png
8x8,8.0,8.0,8x8_new_data_curve_classifier_v1,Case4,Test_044,59.0,-56.0,7238.789213154945,1,0.5916666666666667,0.5916666666666667,0.4,0.008333333333333333,high,data/New_data/8x8_Case4/csv/force_disp_Test_044.csv,data/New_data/8x8_Case4/Original/plot_Test_044_original.png
8x8,8.0,8.0,8x8_new_data_curve_classifier_v1,Case4,Test_045,-18.0,-35.0,5928.894179967925,3,0.65,0.043333333333333335,0.30666666666666664,0.65,high,data/New_data/8x8_Case4/csv/force_disp_Test_045.csv,data/New_data/8x8_Case4/Original/plot_Test_045_original.png
8x8,8.0,8.0,8x8_new_data_curve_classifier_v1,Case4,Test_046,-76.0,-77.0,3325.702933850627,2,0.5016666666666667,0.42333333333333334,0.5016666666666667,0.075,high,data/New_data/8x8_Case4/csv/force_disp_Test_046.csv,data/New_data/8x8_Case4/Original/plot_Test_046_original.png
8x8,8.0,8.0,8x8_new_data_curve_classifier_v1,Case4,Test_047,42.0,27.0,6447.413847677848,2,0.5033333333333333,0.11666666666666667,0.5033333333333333,0.38,high,data/New_data/8x8_Case4/csv/force_disp_Test_047.csv,data/New_data/8x8_Case4/Original/plot_Test_047_original.png
8x8,8.0,8.0,8x8_new_data_curve_classifier_v1,Case4,Test_048,1.0,71.0,4561.667684391576,2,0.5183333333333333,0.085,0.5183333333333333,0.39666666666666667,high,data/New_data/8x8_Case4/csv/force_disp_Test_048.csv,data/New_data/8x8_Case4/Original/plot_Test_048_original.png
8x8,8.0,8.0,8x8_new_data_curve_classifier_v1,Case4,Test_049,-37.0,22.0,6218.377756499581,3,0.4766666666666667,0.085,0.43833333333333335,0.4766666666666667,high,data/New_data/8x8_Case4/csv/force_disp_Test_049.csv,data/New_data/8x8_Case4/Original/plot_Test_049_original.png
8x8,8.0,8.0,8x8_new_data_curve_classifier_v1,Case4,Test_050,-16.0,44.0,5944.171053835692,2,0.5233333333333333,0.065,0.5233333333333333,0.4116666666666667,high,data/New_data/8x8_Case4/csv/force_disp_Test_050.csv,data/New_data/8x8_Case4/Original/plot_Test_050_original.png
8x8,8.0,8.0,8x8_new_data_curve_classifier_v1,Case4,Test_051,28.0,57.0,6019.939102686109,2,0.7183333333333334,0.125,0.7183333333333334,0.15666666666666668,medium,data/New_data/8x8_Case4/csv/force_disp_Test_051.csv,data/New_data/8x8_Case4/Original/plot_Test_051_original.png
8x8,8.0,8.0,8x8_new_data_curve_classifier_v1,Case4,Test_052,-79.0,34.0,5211.287395855482,2,0.7483333333333333,0.14666666666666667,0.7483333333333333,0.105,medium,data/New_data/8x8_Case4/csv/force_disp_Test_052.csv,data/New_data/8x8_Case4/Original/plot_Test_052_original.png
8x8,8.0,8.0,8x8_new_data_curve_classifier_v1,Case4,Test_053,3.0,87.0,3942.826924573259,2,0.5366666666666666,0.08833333333333333,0.5366666666666666,0.375,high,data/New_data/8x8_Case4/csv/force_disp_Test_053.csv,data/New_data/8x8_Case4/Original/plot_Test_053_original.png
8x8,8.0,8.0,8x8_new_data_curve_classifier_v1,Case4,Test_054,-17.0,-44.0,5907.430626773915,3,0.49166666666666664,0.058333333333333334,0.45,0.49166666666666664,high,data/New_data/8x8_Case4/csv/force_disp_Test_054.csv,data/New_data/8x8_Case4/Original/plot_Test_054_original.png
8x8,8.0,8.0,8x8_new_data_curve_classifier_v1,Case4,Test_055,44.0,-49.0,7442.50186389317,2,0.515,0.38333333333333336,0.515,0.10166666666666667,high,data/New_data/8x8_Case4/csv/force_disp_Test_055.csv,data/New_data/8x8_Case4/Original/plot_Test_055_original.png
8x8,8.0,8.0,8x8_new_data_curve_classifier_v1,Case4,Test_056,67.0,-19.0,5129.169267328459,2,0.6783333333333333,0.07,0.6783333333333333,0.25166666666666665,high,data/New_data/8x8_Case4/csv/force_disp_Test_056.csv,data/New_data/8x8_Case4/Original/plot_Test_056_original.png
8x8,8.0,8.0,8x8_new_data_curve_classifier_v1,Case4,Test_057,2.0,74.0,4353.320318499713,2,0.5033333333333333,0.08666666666666667,0.5033333333333333,0.41,high,data/New_data/8x8_Case4/csv/force_disp_Test_057.csv,data/New_data/8x8_Case4/Original/plot_Test_057_original.png
8x8,8.0,8.0,8x8_new_data_curve_classifier_v1,Case4,Test_058,82.0,19.0,4483.206267148011,2,0.68,0.08833333333333333,0.68,0.23166666666666666,high,data/New_data/8x8_Case4/csv/force_disp_Test_058.csv,data/New_data/8x8_Case4/Original/plot_Test_058_original.png
8x8,8.0,8.0,8x8_new_data_curve_classifier_v1,Case4,Test_059,14.0,3.0,4910.672094088812,3,0.8783333333333333,0.0033333333333333335,0.11833333333333333,0.8783333333333333,low,data/New_data/8x8_Case4/csv/force_disp_Test_059.csv,data/New_data/8x8_Case4/Original/plot_Test_059_original.png
8x8,8.0,8.0,8x8_new_data_curve_classifier_v1,Case4,Test_060,44.0,-84.0,5287.38848041502,2,0.565,0.35333333333333333,0.565,0.08166666666666667,high,data/New_data/8x8_Case4/csv/force_disp_Test_060.csv,data/New_data/8x8_Case4/Original/plot_Test_060_original.png
8x8,8.0,8.0,8x8_new_data_curve_classifier_v1,Case4,Test_061,0.0,-52.0,5258.231674033918,2,0.5333333333333333,0.035,0.5333333333333333,0.43166666666666664,high,data/New_data/8x8_Case4/csv/force_disp_Test_061.csv,data/New_data/8x8_Case4/Original/plot_Test_061_original.png
8x8,8.0,8.0,8x8_new_data_curve_classifier_v1,Case4,Test_062,33.0,26.0,6531.7067096171195,3,0.5716666666666667,0.085,0.3433333333333333,0.5716666666666667,high,data/New_data/8x8_Case4/csv/force_disp_Test_062.csv,data/New_data/8x8_Case4/Original/plot_Test_062_original.png
8x8,8.0,8.0,8x8_new_data_curve_classifier_v1,Case4,Test_063,-75.0,38.0,5539.777538259725,2,0.71,0.19833333333333333,0.71,0.09166666666666666,medium,data/New_data/8x8_Case4/csv/force_disp_Test_063.csv,data/New_data/8x8_Case4/Original/plot_Test_063_original.png
8x8,8.0,8.0,8x8_new_data_curve_classifier_v1,Case4,Test_064,-20.0,55.0,5777.092574565379,2,0.71,0.055,0.71,0.235,medium,data/New_data/8x8_Case4/csv/force_disp_Test_064.csv,data/New_data/8x8_Case4/Original/plot_Test_064_original.png
8x8,8.0,8.0,8x8_new_data_curve_classifier_v1,Case4,Test_065,72.0,31.0,5385.415431575042,2,0.6933333333333334,0.15666666666666668,0.6933333333333334,0.15,high,data/New_data/8x8_Case4/csv/force_disp_Test_065.csv,data/New_data/8x8_Case4/Original/plot_Test_065_original.png
8x8,8.0,8.0,8x8_new_data_curve_classifier_v1,Case4,Test_066,75.0,72.0,3780.185669310454,2,0.5133333333333333,0.42,0.5133333333333333,0.06666666666666667,high,data/New_data/8x8_Case4/csv/force_disp_Test_066.csv,data/New_data/8x8_Case4/Original/plot_Test_066_original.png
8x8,8.0,8.0,8x8_new_data_curve_classifier_v1,Case4,Test_067,-83.0,68.0,3750.214207800359,2,0.5,0.45166666666666666,0.5,0.04833333333333333,high,data/New_data/8x8_Case4/csv/force_disp_Test_067.csv,data/New_data/8x8_Case4/Original/plot_Test_067_original.png
8x8,8.0,8.0,8x8_new_data_curve_classifier_v1,Case4,Test_068,-26.0,-1.0,5339.616235800141,3,0.745,0.0016666666666666668,0.25333333333333335,0.745,medium,data/New_data/8x8_Case4/csv/force_disp_Test_068.csv,data/New_data/8x8_Case4/Original/plot_Test_068_original.png
8x8,8.0,8.0,8x8_new_data_curve_classifier_v1,Case4,Test_069,-36.0,57.0,6495.6425497558785,2,0.675,0.22166666666666668,0.675,0.10333333333333333,high,data/New_data/8x8_Case4/csv/force_disp_Test_069.csv,data/New_data/8x8_Case4/Original/plot_Test_069_original.png
8x8,8.0,8.0,8x8_new_data_curve_classifier_v1,Case4,Test_070,-89.0,-51.0,5229.645843196665,2,0.5533333333333333,0.36,0.5533333333333333,0.08666666666666667,high,data/New_data/8x8_Case4/csv/force_disp_Test_070.csv,data/New_data/8x8_Case4/Original/plot_Test_070_original.png
8x8,8.0,8.0,8x8_new_data_curve_classifier_v1,Case4,Test_071,-45.0,-29.0,6505.364641964248,2,0.545,0.12333333333333334,0.545,0.33166666666666667,high,data/New_data/8x8_Case4/csv/force_disp_Test_071.csv,data/New_data/8x8_Case4/Original/plot_Test_071_original.png
8x8,8.0,8.0,8x8_new_data_curve_classifier_v1,Case4,Test_072,-29.0,13.0,5645.817635348862,3,0.73,0.021666666666666667,0.24833333333333332,0.73,medium,data/New_data/8x8_Case4/csv/force_disp_Test_072.csv,data/New_data/8x8_Case4/Original/plot_Test_072_original.png
8x8,8.0,8.0,8x8_new_data_curve_classifier_v1,Case4,Test_073,-22.0,46.0,6117.933401400916,2,0.595,0.08333333333333333,0.595,0.32166666666666666,high,data/New_data/8x8_Case4/csv/force_disp_Test_073.csv,data/New_data/8x8_Case4/Original/plot_Test_073_original.png
8x8,8.0,8.0,8x8_new_data_curve_classifier_v1,Case4,Test_074,-1.0,-8.0,4852.647906996622,3,0.885,0.008333333333333333,0.10666666666666667,0.885,low,data/New_data/8x8_Case4/csv/force_disp_Test_074.csv,data/New_data/8x8_Case4/Original/plot_Test_074_original.png
8x8,8.0,8.0,8x8_new_data_curve_classifier_v1,Case4,Test_075,-22.0,82.0,4601.165845380445,2,0.8283333333333334,0.058333333333333334,0.8283333333333334,0.11333333333333333,medium,data/New_data/8x8_Case4/csv/force_disp_Test_075.csv,data/New_data/8x8_Case4/Original/plot_Test_075_original.png
8x8,8.0,8.0,8x8_new_data_curve_classifier_v1,Case4,Test_076,50.0,5.0,5390.371569169298,3,0.5366666666666666,0.045,0.41833333333333333,0.5366666666666666,high,data/New_data/8x8_Case4/csv/force_disp_Test_076.csv,data/New_data/8x8_Case4/Original/plot_Test_076_original.png
8x8,8.0,8.0,8x8_new_data_curve_classifier_v1,Case4,Test_077,-64.0,20.0,5379.981001325868,2,0.715,0.06,0.715,0.225,medium,data/New_data/8x8_Case4/csv/force_disp_Test_077.csv,data/New_data/8x8_Case4/Original/plot_Test_077_original.png
8x8,8.0,8.0,8x8_new_data_curve_classifier_v1,Case4,Test_078,29.0,-79.0,5029.137264612036,2,0.7483333333333333,0.11833333333333333,0.7483333333333333,0.13333333333333333,medium,data/New_data/8x8_Case4/csv/force_disp_Test_078.csv,data/New_data/8x8_Case4/Original/plot_Test_078_original.png
8x8,8.0,8.0,8x8_new_data_curve_classifier_v1,Case4,Test_079,-67.0,39.0,6039.966685547486,2,0.6683333333333333,0.24166666666666667,0.6683333333333333,0.09,high,data/New_data/8x8_Case4/csv/force_disp_Test_079.csv,data/New_data/8x8_Case4/Original/plot_Test_079_original.png
8x8,8.0,8.0,8x8_new_data_curve_classifier_v1,Case4,Test_080,-53.0,-64.0,6614.375037607424,2,0.5083333333333333,0.42833333333333334,0.5083333333333333,0.06333333333333334,high,data/New_data/8x8_Case4/csv/force_disp_Test_080.csv,data/New_data/8x8_Case4/Original/plot_Test_080_original.png
8x8,8.0,8.0,8x8_new_data_curve_classifier_v1,Case4,Test_081,-38.0,-72.0,5654.696885076137,2,0.6683333333333333,0.20666666666666667,0.6683333333333333,0.125,high,data/New_data/8x8_Case4/csv/force_disp_Test_081.csv,data/New_data/8x8_Case4/Original/plot_Test_081_original.png
8x8,8.0,8.0,8x8_new_data_curve_classifier_v1,Case4,Test_082,85.0,48.0,5285.141937458496,2,0.6083333333333333,0.3233333333333333,0.6083333333333333,0.06833333333333333,high,data/New_data/8x8_Case4/csv/force_disp_Test_082.csv,data/New_data/8x8_Case4/Original/plot_Test_082_original.png
8x8,8.0,8.0,8x8_new_data_curve_classifier_v1,Case4,Test_083,-12.0,85.0,4198.382432559146,2,0.5933333333333334,0.105,0.5933333333333334,0.3016666666666667,high,data/New_data/8x8_Case4/csv/force_disp_Test_083.csv,data/New_data/8x8_Case4/Original/plot_Test_083_original.png
8x8,8.0,8.0,8x8_new_data_curve_classifier_v1,Case4,Test_084,77.0,-48.0,5628.180711447854,2,0.5283333333333333,0.39166666666666666,0.5283333333333333,0.08,high,data/New_data/8x8_Case4/csv/force_disp_Test_084.csv,data/New_data/8x8_Case4/Original/plot_Test_084_original.png
8x8,8.0,8.0,8x8_new_data_curve_classifier_v1,Case4,Test_085,45.0,75.0,5669.4289757575825,2,0.605,0.32666666666666666,0.605,0.06833333333333333,high,data/New_data/8x8_Case4/csv/force_disp_Test_085.csv,data/New_data/8x8_Case4/Original/plot_Test_085_original.png
8x8,8.0,8.0,8x8_new_data_curve_classifier_v1,Case4,Test_086,-41.0,-54.0,6841.532431490997,2,0.5783333333333334,0.295,0.5783333333333334,0.12666666666666668,high,data/New_data/8x8_Case4/csv/force_disp_Test_086.csv,data/New_data/8x8_Case4/Original/plot_Test_086_original.png
8x8,8.0,8.0,8x8_new_data_curve_classifier_v1,Case4,Test_087,-38.0,89.0,5040.7985395543565,2,0.7216666666666667,0.20833333333333334,0.7216666666666667,0.07,medium,data/New_data/8x8_Case4/csv/force_disp_Test_087.csv,data/New_data/8x8_Case4/Original/plot_Test_087_original.png
8x8,8.0,8.0,8x8_new_data_curve_classifier_v1,Case4,Test_088,23.0,33.0,6275.406838615661,3,0.6033333333333334,0.07666666666666666,0.32,0.6033333333333334,high,data/New_data/8x8_Case4/csv/force_disp_Test_088.csv,data/New_data/8x8_Case4/Original/plot_Test_088_original.png
8x8,8.0,8.0,8x8_new_data_curve_classifier_v1,Case4,Test_089,18.0,-35.0,5925.446041446913,3,0.5966666666666667,0.056666666666666664,0.3466666666666667,0.5966666666666667,high,data/New_data/8x8_Case4/csv/force_disp_Test_089.csv,data/New_data/8x8_Case4/Original/plot_Test_089_original.png
8x8,8.0,8.0,8x8_new_data_curve_classifier_v1,Case4,Test_090,-65.0,24.0,5517.707394730965,2,0.73,0.07166666666666667,0.73,0.19833333333333333,medium,data/New_data/8x8_Case4/csv/force_disp_Test_090.csv,data/New_data/8x8_Case4/Original/plot_Test_090_original.png
8x8,8.0,8.0,8x8_new_data_curve_classifier_v1,Case4,Test_091,11.0,36.0,5551.947821633755,3,0.7,0.03,0.27,0.7,medium,data/New_data/8x8_Case4/csv/force_disp_Test_091.csv,data/New_data/8x8_Case4/Original/plot_Test_091_original.png
8x8,8.0,8.0,8x8_new_data_curve_classifier_v1,Case4,Test_092,-38.0,-40.0,7338.688659752844,2,0.555,0.22,0.555,0.225,high,data/New_data/8x8_Case4/csv/force_disp_Test_092.csv,data/New_data/8x8_Case4/Original/plot_Test_092_original.png
8x8,8.0,8.0,8x8_new_data_curve_classifier_v1,Case4,Test_093,-70.0,-78.0,3767.8638945992357,2,0.5166666666666667,0.4066666666666667,0.5166666666666667,0.07666666666666666,high,data/New_data/8x8_Case4/csv/force_disp_Test_093.csv,data/New_data/8x8_Case4/Original/plot_Test_093_original.png
8x8,8.0,8.0,8x8_new_data_curve_classifier_v1,Case4,Test_094,73.0,-55.0,5911.174039522077,2,0.4666666666666667,0.4583333333333333,0.4666666666666667,0.075,high,data/New_data/8x8_Case4/csv/force_disp_Test_094.csv,data/New_data/8x8_Case4/Original/plot_Test_094_original.png
8x8,8.0,8.0,8x8_new_data_curve_classifier_v1,Case4,Test_095,68.0,-30.0,5567.214456656735,2,0.72,0.12666666666666668,0.72,0.15333333333333332,medium,data/New_data/8x8_Case4/csv/force_disp_Test_095.csv,data/New_data/8x8_Case4/Original/plot_Test_095_original.png
8x8,8.0,8.0,8x8_new_data_curve_classifier_v1,Case4,Test_096,84.0,-52.0,5332.283882503391,2,0.48833333333333334,0.43333333333333335,0.48833333333333334,0.07833333333333334,high,data/New_data/8x8_Case4/csv/force_disp_Test_096.csv,data/New_data/8x8_Case4/Original/plot_Test_096_original.png
8x8,8.0,8.0,8x8_new_data_curve_classifier_v1,Case4,Test_097,-46.0,-23.0,6078.684849307933,2,0.5033333333333333,0.08833333333333333,0.5033333333333333,0.4083333333333333,high,data/New_data/8x8_Case4/csv/force_disp_Test_097.csv,data/New_data/8x8_Case4/Original/plot_Test_097_original.png
8x8,8.0,8.0,8x8_new_data_curve_classifier_v1,Case4,Test_098,-1.0,36.0,5556.815577206858,3,0.7333333333333333,0.016666666666666666,0.25,0.7333333333333333,medium,data/New_data/8x8_Case4/csv/force_disp_Test_098.csv,data/New_data/8x8_Case4/Original/plot_Test_098_original.png
8x8,8.0,8.0,8x8_new_data_curve_classifier_v1,Case4,Test_099,90.0,40.0,5090.936272818905,2,0.5733333333333334,0.33,0.5733333333333334,0.09666666666666666,high,data/New_data/8x8_Case4/csv/force_disp_Test_099.csv,data/New_data/8x8_Case4/Original/plot_Test_099_original.png
8x8,8.0,8.0,8x8_new_data_curve_classifier_v1,Case4,Test_100,69.0,62.0,5541.392523080407,2,0.4816666666666667,0.4766666666666667,0.4816666666666667,0.041666666666666664,high,data/New_data/8x8_Case4/csv/force_disp_Test_100.csv,data/New_data/8x8_Case4/Original/plot_Test_100_original.png
8x8,8.0,8.0,8x8_new_data_curve_classifier_v1,Case4,Test_101,48.0,15.0,5712.411234695455,3,0.48333333333333334,0.05333333333333334,0.4633333333333333,0.48333333333333334,high,data/New_data/8x8_Case4/csv/force_disp_Test_101.csv,data/New_data/8x8_Case4/Original/plot_Test_101_original.png
8x8,8.0,8.0,8x8_new_data_curve_classifier_v1,Case4,Test_102,76.0,-24.0,4971.603958387639,2,0.705,0.09666666666666666,0.705,0.19833333333333333,medium,data/New_data/8x8_Case4/csv/force_disp_Test_102.csv,data/New_data/8x8_Case4/Original/plot_Test_102_original.png
8x8,8.0,8.0,8x8_new_data_curve_classifier_v1,Case4,Test_103,66.0,14.0,5048.477384049053,2,0.6433333333333333,0.06166666666666667,0.6433333333333333,0.295,high,data/New_data/8x8_Case4/csv/force_disp_Test_103.csv,data/New_data/8x8_Case4/Original/plot_Test_103_original.png
8x8,8.0,8.0,8x8_new_data_curve_classifier_v1,Case4,Test_104,83.0,3.0,3944.2451119482002,3,0.52,0.1,0.38,0.52,high,data/New_data/8x8_Case4/csv/force_disp_Test_104.csv,data/New_data/8x8_Case4/Original/plot_Test_104_original.png
8x8,8.0,8.0,8x8_new_data_curve_classifier_v1,Case4,Test_105,89.0,-77.0,2784.9680615988336,1,0.5166666666666667,0.5166666666666667,0.4216666666666667,0.06166666666666667,high,data/New_data/8x8_Case4/csv/force_disp_Test_105.csv,data/New_data/8x8_Case4/Original/plot_Test_105_original.png
8x8,8.0,8.0,8x8_new_data_curve_classifier_v1,Case4,Test_106,-12.0,43.0,5751.923471731576,2,0.48833333333333334,0.05,0.48833333333333334,0.46166666666666667,high,data/New_data/8x8_Case4/csv/force_disp_Test_106.csv,data/New_data/8x8_Case4/Original/plot_Test_106_original.png
8x8,8.0,8.0,8x8_new_data_curve_classifier_v1,Case4,Test_107,69.0,8.0,4563.510717066899,2,0.5866666666666667,0.06833333333333333,0.5866666666666667,0.345,high,data/New_data/8x8_Case4/csv/force_disp_Test_107.csv,data/New_data/8x8_Case4/Original/plot_Test_107_original.png
8x8,8.0,8.0,8x8_new_data_curve_classifier_v1,Case4,Test_108,46.0,-72.0,5896.010147592838,2,0.5616666666666666,0.36333333333333334,0.5616666666666666,0.075,high,data/New_data/8x8_Case4/csv/force_disp_Test_108.csv,data/New_data/8x8_Case4/Original/plot_Test_108_original.png
8x8,8.0,8.0,8x8_new_data_curve_classifier_v1,Case4,Test_109,-69.0,17.0,4929.5489664530605,2,0.7166666666666667,0.055,0.7166666666666667,0.22833333333333333,medium,data/New_data/8x8_Case4/csv/force_disp_Test_109.csv,data/New_data/8x8_Case4/Original/plot_Test_109_original.png
8x8,8.0,8.0,8x8_new_data_curve_classifier_v1,Case4,Test_110,-51.0,1.0,5278.809007153863,2,0.5016666666666667,0.04,0.5016666666666667,0.4583333333333333,high,data/New_data/8x8_Case4/csv/force_disp_Test_110.csv,data/New_data/8x8_Case4/Original/plot_Test_110_original.png
8x8,8.0,8.0,8x8_new_data_curve_classifier_v1,Case4,Test_111,7.0,87.0,3849.0300386143745,2,0.5433333333333333,0.09666666666666666,0.5433333333333333,0.36,high,data/New_data/8x8_Case4/csv/force_disp_Test_111.csv,data/New_data/8x8_Case4/Original/plot_Test_111_original.png
8x8,8.0,8.0,8x8_new_data_curve_classifier_v1,Case4,Test_112,21.0,-8.0,5386.785174280919,3,0.835,0.0016666666666666668,0.16333333333333333,0.835,medium,data/New_data/8x8_Case4/csv/force_disp_Test_112.csv,data/New_data/8x8_Case4/Original/plot_Test_112_original.png
8x8,8.0,8.0,8x8_new_data_curve_classifier_v1,Case4,Test_113,35.0,-2.0,5384.739640654454,3,0.8066666666666666,0.016666666666666666,0.17666666666666667,0.8066666666666666,medium,data/New_data/8x8_Case4/csv/force_disp_Test_113.csv,data/New_data/8x8_Case4/Original/plot_Test_113_original.png
8x8,8.0,8.0,8x8_new_data_curve_classifier_v1,Case4,Test_114,-35.0,-78.0,5222.914055470661,2,0.705,0.15333333333333332,0.705,0.14166666666666666,medium,data/New_data/8x8_Case4/csv/force_disp_Test_114.csv,data/New_data/8x8_Case4/Original/plot_Test_114_original.png
8x8,8.0,8.0,8x8_new_data_curve_classifier_v1,Case4,Test_115,22.0,74.0,4965.063057742168,2,0.8016666666666666,0.06,0.8016666666666666,0.13833333333333334,medium,data/New_data/8x8_Case4/csv/force_disp_Test_115.csv,data/New_data/8x8_Case4/Original/plot_Test_115_original.png
8x8,8.0,8.0,8x8_new_data_curve_classifier_v1,Case4,Test_116,12.0,-85.0,4201.873786700601,2,0.5233333333333333,0.11333333333333333,0.5233333333333333,0.36333333333333334,high,data/New_data/8x8_Case4/csv/force_disp_Test_116.csv,data/New_data/8x8_Case4/Original/plot_Test_116_original.png
8x8,8.0,8.0,8x8_new_data_curve_classifier_v1,Case4,Test_117,-87.0,33.0,4884.778796260707,2,0.745,0.14166666666666666,0.745,0.11333333333333333,medium,data/New_data/8x8_Case4/csv/force_disp_Test_117.csv,data/New_data/8x8_Case4/Original/plot_Test_117_original.png
8x8,8.0,8.0,8x8_new_data_curve_classifier_v1,Case4,Test_118,54.0,-88.0,5229.660739150098,2,0.48833333333333334,0.44,0.48833333333333334,0.07166666666666667,high,data/New_data/8x8_Case4/csv/force_disp_Test_118.csv,data/New_data/8x8_Case4/Original/plot_Test_118_original.png
8x8,8.0,8.0,8x8_new_data_curve_classifier_v1,Case4,Test_119,31.0,-10.0,5539.759207789687,3,0.805,0.02,0.175,0.805,medium,data/New_data/8x8_Case4/csv/force_disp_Test_119.csv,data/New_data/8x8_Case4/Original/plot_Test_119_original.png
8x8,8.0,8.0,8x8_new_data_curve_classifier_v1,Case4,Test_120,-58.0,-26.0,5878.255602479533,2,0.6433333333333333,0.095,0.6433333333333333,0.26166666666666666,high,data/New_data/8x8_Case4/csv/force_disp_Test_120.csv,data/New_data/8x8_Case4/Original/plot_Test_120_original.png
8x8,8.0,8.0,8x8_new_data_curve_classifier_v1,Case4,Test_121,-50.0,14.0,5675.068779697288,2,0.5333333333333333,0.05333333333333334,0.5333333333333333,0.41333333333333333,high,data/New_data/8x8_Case4/csv/force_disp_Test_121.csv,data/New_data/8x8_Case4/Original/plot_Test_121_original.png
8x8,8.0,8.0,8x8_new_data_curve_classifier_v1,Case4,Test_122,20.0,-73.0,4920.210070410504,2,0.74,0.065,0.74,0.195,medium,data/New_data/8x8_Case4/csv/force_disp_Test_122.csv,data/New_data/8x8_Case4/Original/plot_Test_122_original.png
8x8,8.0,8.0,8x8_new_data_curve_classifier_v1,Case4,Test_123,76.0,4.0,4324.6132507525035,3,0.5216666666666666,0.1,0.37833333333333335,0.5216666666666666,high,data/New_data/8x8_Case4/csv/force_disp_Test_123.csv,data/New_data/8x8_Case4/Original/plot_Test_123_original.png
8x8,8.0,8.0,8x8_new_data_curve_classifier_v1,Case4,Test_124,42.0,-66.0,6209.79206527621,2,0.6033333333333334,0.30833333333333335,0.6033333333333334,0.08833333333333333,high,data/New_data/8x8_Case4/csv/force_disp_Test_124.csv,data/New_data/8x8_Case4/Original/plot_Test_124_original.png
8x8,8.0,8.0,8x8_new_data_curve_classifier_v1,Case4,Test_125,-3.0,72.0,4341.607088190484,2,0.54,0.08666666666666667,0.54,0.37333333333333335,high,data/New_data/8x8_Case4/csv/force_disp_Test_125.csv,data/New_data/8x8_Case4/Original/plot_Test_125_original.png
8x8,8.0,8.0,8x8_new_data_curve_classifier_v1,Case4,Test_126,-8.0,18.0,5406.434928622647,3,0.63,0.0016666666666666668,0.36833333333333335,0.63,high,data/New_data/8x8_Case4/csv/force_disp_Test_126.csv,data/New_data/8x8_Case4/Original/plot_Test_126_original.png
8x8,8.0,8.0,8x8_new_data_curve_classifier_v1,Case4,Test_127,-66.0,77.0,4342.321180761343,2,0.51,0.44,0.51,0.05,high,data/New_data/8x8_Case4/csv/force_disp_Test_127.csv,data/New_data/8x8_Case4/Original/plot_Test_127_original.png
8x8,8.0,8.0,8x8_new_data_curve_classifier_v1,Case4,Test_128,59.0,-70.0,6169.744815598298,1,0.5316666666666666,0.5316666666666666,0.43166666666666664,0.03666666666666667,high,data/New_data/8x8_Case4/csv/force_disp_Test_128.csv,data/New_data/8x8_Case4/Original/plot_Test_128_original.png
8x8,8.0,8.0,8x8_new_data_curve_classifier_v1,Case4,Test_129,24.0,11.0,5614.648460624056,3,0.8566666666666667,0.008333333333333333,0.135,0.8566666666666667,low,data/New_data/8x8_Case4/csv/force_disp_Test_129.csv,data/New_data/8x8_Case4/Original/plot_Test_129_original.png
8x8,8.0,8.0,8x8_new_data_curve_classifier_v1,Case4,Test_130,-59.0,12.0,5383.20262964873,2,0.625,0.04666666666666667,0.625,0.3283333333333333,high,data/New_data/8x8_Case4/csv/force_disp_Test_130.csv,data/New_data/8x8_Case4/Original/plot_Test_130_original.png
8x8,8.0,8.0,8x8_new_data_curve_classifier_v1,Case4,Test_131,41.0,53.0,6908.643982115371,2,0.5733333333333334,0.31166666666666665,0.5733333333333334,0.115,high,data/New_data/8x8_Case4/csv/force_disp_Test_131.csv,data/New_data/8x8_Case4/Original/plot_Test_131_original.png
8x8,8.0,8.0,8x8_new_data_curve_classifier_v1,Case4,Test_132,38.0,35.0,7129.9730925313115,2,0.495,0.20833333333333334,0.495,0.2966666666666667,high,data/New_data/8x8_Case4/csv/force_disp_Test_132.csv,data/New_data/8x8_Case4/Original/plot_Test_132_original.png
8x8,8.0,8.0,8x8_new_data_curve_classifier_v1,Case4,Test_133,-21.0,37.0,6221.646179193704,3,0.49333333333333335,0.08666666666666667,0.42,0.49333333333333335,high,data/New_data/8x8_Case4/csv/force_disp_Test_133.csv,data/New_data/8x8_Case4/Original/plot_Test_133_original.png
8x8,8.0,8.0,8x8_new_data_curve_classifier_v1,Case4,Test_134,-56.0,37.0,6591.27454541036,2,0.66,0.23666666666666666,0.66,0.10333333333333333,high,data/New_data/8x8_Case4/csv/force_disp_Test_134.csv,data/New_data/8x8_Case4/Original/plot_Test_134_original.png
8x8,8.0,8.0,8x8_new_data_curve_classifier_v1,Case4,Test_135,39.0,-76.0,5522.12689960489,2,0.6583333333333333,0.23666666666666666,0.6583333333333333,0.105,high,data/New_data/8x8_Case4/csv/force_disp_Test_135.csv,data/New_data/8x8_Case4/Original/plot_Test_135_original.png
8x8,8.0,8.0,8x8_new_data_curve_classifier_v1,Case4,Test_136,8.0,-68.0,4757.9858468053535,2,0.6783333333333333,0.05,0.6783333333333333,0.27166666666666667,high,data/New_data/8x8_Case4/csv/force_disp_Test_136.csv,data/New_data/8x8_Case4/Original/plot_Test_136_original.png
8x8,8.0,8.0,8x8_new_data_curve_classifier_v1,Case4,Test_137,68.0,53.0,6257.26568709228,2,0.525,0.4066666666666667,0.525,0.06833333333333333,high,data/New_data/8x8_Case4/csv/force_disp_Test_137.csv,data/New_data/8x8_Case4/Original/plot_Test_137_original.png
8x8,8.0,8.0,8x8_new_data_curve_classifier_v1,Case4,Test_138,-28.0,-75.0,5135.016463880489,2,0.7083333333333334,0.11,0.7083333333333334,0.18166666666666667,medium,data/New_data/8x8_Case4/csv/force_disp_Test_138.csv,data/New_data/8x8_Case4/Original/plot_Test_138_original.png
8x8,8.0,8.0,8x8_new_data_curve_classifier_v1,Case4,Test_139,-52.0,-36.0,6649.2554796134755,2,0.6016666666666667,0.21833333333333332,0.6016666666666667,0.18,high,data/New_data/8x8_Case4/csv/force_disp_Test_139.csv,data/New_data/8x8_Case4/Original/plot_Test_139_original.png
8x8,8.0,8.0,8x8_new_data_curve_classifier_v1,Case4,Test_140,1.0,-3.0,9812.454612273514,3,0.9083333333333333,0.006666666666666667,0.085,0.9083333333333333,low,data/New_data/8x8_Case4/csv/force_disp_Test_140.csv,data/New_data/8x8_Case4/Original/plot_Test_140_original.png
8x8,8.0,8.0,8x8_new_data_curve_classifier_v1,Case4,Test_141,79.0,49.0,5501.692907303858,2,0.5883333333333334,0.3433333333333333,0.5883333333333334,0.06833333333333333,high,data/New_data/8x8_Case4/csv/force_disp_Test_141.csv,data/New_data/8x8_Case4/Original/plot_Test_141_original.png
8x8,8.0,8.0,8x8_new_data_curve_classifier_v1,Case4,Test_142,56.0,10.0,5378.158773666985,2,0.5283333333333333,0.045,0.5283333333333333,0.4266666666666667,high,data/New_data/8x8_Case4/csv/force_disp_Test_142.csv,data/New_data/8x8_Case4/Original/plot_Test_142_original.png
8x8,8.0,8.0,8x8_new_data_curve_classifier_v1,Case4,Test_143,39.0,-35.0,7200.629831170267,2,0.5133333333333333,0.22333333333333333,0.5133333333333333,0.2633333333333333,high,data/New_data/8x8_Case4/csv/force_disp_Test_143.csv,data/New_data/8x8_Case4/Original/plot_Test_143_original.png
8x8,8.0,8.0,8x8_new_data_curve_classifier_v1,Case4,Test_144,-86.0,-39.0,5092.2717418326865,2,0.6433333333333333,0.23666666666666666,0.6433333333333333,0.12,high,data/New_data/8x8_Case4/csv/force_disp_Test_144.csv,data/New_data/8x8_Case4/Original/plot_Test_144_original.png
8x8,8.0,8.0,8x8_new_data_curve_classifier_v1,Case4,Test_145,29.0,32.0,6818.416907123097,3,0.5366666666666666,0.11666666666666667,0.3466666666666667,0.5366666666666666,high,data/New_data/8x8_Case4/csv/force_disp_Test_145.csv,data/New_data/8x8_Case4/Original/plot_Test_145_original.png
8x8,8.0,8.0,8x8_new_data_curve_classifier_v1,Case4,Test_146,-41.0,-28.0,6497.607281512817,2,0.5133333333333333,0.11,0.5133333333333333,0.37666666666666665,high,data/New_data/8x8_Case4/csv/force_disp_Test_146.csv,data/New_data/8x8_Case4/Original/plot_Test_146_original.png
8x8,8.0,8.0,8x8_new_data_curve_classifier_v1,Case4,Test_147,47.0,23.0,6094.534426967528,2,0.53,0.08666666666666667,0.53,0.38333333333333336,high,data/New_data/8x8_Case4/csv/force_disp_Test_147.csv,data/New_data/8x8_Case4/Original/plot_Test_147_original.png
8x8,8.0,8.0,8x8_new_data_curve_classifier_v1,Case4,Test_148,46.0,-62.0,6610.444312614568,2,0.5516666666666666,0.3616666666666667,0.5516666666666666,0.08666666666666667,high,data/New_data/8x8_Case4/csv/force_disp_Test_148.csv,data/New_data/8x8_Case4/Original/plot_Test_148_original.png
8x8,8.0,8.0,8x8_new_data_curve_classifier_v1,Case4,Test_149,24.0,-59.0,5824.555485630541,2,0.71,0.07,0.71,0.22,medium,data/New_data/8x8_Case4/csv/force_disp_Test_149.csv,data/New_data/8x8_Case4/Original/plot_Test_149_original.png
8x8,8.0,8.0,8x8_new_data_curve_classifier_v1,Case4,Test_150,15.0,-47.0,5730.032278198862,2,0.51,0.05,0.51,0.44,high,data/New_data/8x8_Case4/csv/force_disp_Test_150.csv,data/New_data/8x8_Case4/Original/plot_Test_150_original.png
8x8,8.0,8.0,8x8_new_data_curve_classifier_v1,Case4,Test_151,-66.0,-82.0,4023.532078867632,2,0.5316666666666666,0.395,0.5316666666666666,0.07333333333333333,high,data/New_data/8x8_Case4/csv/force_disp_Test_151.csv,data/New_data/8x8_Case4/Original/plot_Test_151_original.png
8x8,8.0,8.0,8x8_new_data_curve_classifier_v1,Case4,Test_152,-23.0,-66.0,5343.757771973382,2,0.6916666666666667,0.075,0.6916666666666667,0.23333333333333334,high,data/New_data/8x8_Case4/csv/force_disp_Test_152.csv,data/New_data/8x8_Case4/Original/plot_Test_152_original.png
8x8,8.0,8.0,8x8_new_data_curve_classifier_v1,Case4,Test_153,50.0,-62.0,6765.554546962981,2,0.5083333333333333,0.4216666666666667,0.5083333333333333,0.07,high,data/New_data/8x8_Case4/csv/force_disp_Test_153.csv,data/New_data/8x8_Case4/Original/plot_Test_153_original.png
8x8,8.0,8.0,8x8_new_data_curve_classifier_v1,Case4,Test_154,-65.0,-65.0,5406.456849993554,1,0.5066666666666667,0.5066666666666667,0.44166666666666665,0.051666666666666666,high,data/New_data/8x8_Case4/csv/force_disp_Test_154.csv,data/New_data/8x8_Case4/Original/plot_Test_154_original.png
8x8,8.0,8.0,8x8_new_data_curve_classifier_v1,Case4,Test_155,11.0,-32.0,5747.826899139963,3,0.7166666666666667,0.025,0.25833333333333336,0.7166666666666667,medium,data/New_data/8x8_Case4/csv/force_disp_Test_155.csv,data/New_data/8x8_Case4/Original/plot_Test_155_original.png
8x8,8.0,8.0,8x8_new_data_curve_classifier_v1,Case4,Test_156,70.0,-86.0,3437.7405388736584,1,0.49666666666666665,0.49666666666666665,0.44166666666666665,0.06166666666666667,high,data/New_data/8x8_Case4/csv/force_disp_Test_156.csv,data/New_data/8x8_Case4/Original/plot_Test_156_original.png
8x8,8.0,8.0,8x8_new_data_curve_classifier_v1,Case4,Test_157,78.0,-26.0,4944.276227952215,2,0.6966666666666667,0.11666666666666667,0.6966666666666667,0.18666666666666668,high,data/New_data/8x8_Case4/csv/force_disp_Test_157.csv,data/New_data/8x8_Case4/Original/plot_Test_157_original.png
8x8,8.0,8.0,8x8_new_data_curve_classifier_v1,Case4,Test_158,17.0,-43.0,5941.112348025299,3,0.4716666666666667,0.06333333333333334,0.465,0.4716666666666667,high,data/New_data/8x8_Case4/csv/force_disp_Test_158.csv,data/New_data/8x8_Case4/Original/plot_Test_158_original.png
8x8,8.0,8.0,8x8_new_data_curve_classifier_v1,Case4,Test_159,-9.0,-4.0,4612.8769843549635,3,0.86,0.01,0.13,0.86,low,data/New_data/8x8_Case4/csv/force_disp_Test_159.csv,data/New_data/8x8_Case4/Original/plot_Test_159_original.png
8x8,8.0,8.0,8x8_new_data_curve_classifier_v1,Case4,Test_160,47.0,-13.0,5675.996402923296,3,0.48333333333333334,0.051666666666666666,0.465,0.48333333333333334,high,data/New_data/8x8_Case4/csv/force_disp_Test_160.csv,data/New_data/8x8_Case4/Original/plot_Test_160_original.png
8x8,8.0,8.0,8x8_new_data_curve_classifier_v1,Case4,Test_161,-43.0,-45.0,7497.737139846917,2,0.5333333333333333,0.325,0.5333333333333333,0.14166666666666666,high,data/New_data/8x8_Case4/csv/force_disp_Test_161.csv,data/New_data/8x8_Case4/Original/plot_Test_161_original.png
8x8,8.0,8.0,8x8_new_data_curve_classifier_v1,Case4,Test_162,-71.0,-11.0,4599.294178303902,2,0.65,0.06166666666666667,0.65,0.28833333333333333,high,data/New_data/8x8_Case4/csv/force_disp_Test_162.csv,data/New_data/8x8_Case4/Original/plot_Test_162_original.png
8x8,8.0,8.0,8x8_new_data_curve_classifier_v1,Case4,Test_163,-84.0,28.0,4797.410433362092,2,0.7316666666666667,0.11333333333333333,0.7316666666666667,0.155,medium,data/New_data/8x8_Case4/csv/force_disp_Test_163.csv,data/New_data/8x8_Case4/Original/plot_Test_163_original.png
8x8,8.0,8.0,8x8_new_data_curve_classifier_v1,Case4,Test_164,-16.0,-5.0,5056.352614122,3,0.7316666666666667,0.0033333333333333335,0.265,0.7316666666666667,medium,data/New_data/8x8_Case4/csv/force_disp_Test_164.csv,data/New_data/8x8_Case4/Original/plot_Test_164_original.png
8x8,8.0,8.0,8x8_new_data_curve_classifier_v1,Case4,Test_165,-5.0,10.0,5090.954793240228,3,0.87,0.008333333333333333,0.12166666666666667,0.87,low,data/New_data/8x8_Case4/csv/force_disp_Test_165.csv,data/New_data/8x8_Case4/Original/plot_Test_165_original.png
8x8,8.0,8.0,8x8_new_data_curve_classifier_v1,Case4,Test_166,-61.0,-3.0,4948.3297103265295,2,0.5916666666666667,0.043333333333333335,0.5916666666666667,0.365,high,data/New_data/8x8_Case4/csv/force_disp_Test_166.csv,data/New_data/8x8_Case4/Original/plot_Test_166_original.png
8x8,8.0,8.0,8x8_new_data_curve_classifier_v1,Case4,Test_167,-4.0,-6.0,4869.091735251847,3,0.8783333333333333,0.01,0.11166666666666666,0.8783333333333333,low,data/New_data/8x8_Case4/csv/force_disp_Test_167.csv,data/New_data/8x8_Case4/Original/plot_Test_167_original.png
8x8,8.0,8.0,8x8_new_data_curve_classifier_v1,Case4,Test_168,-5.0,-1.0,4920.81710064781,3,0.8766666666666667,0.008333333333333333,0.115,0.8766666666666667,low,data/New_data/8x8_Case4/csv/force_disp_Test_168.csv,data/New_data/8x8_Case4/Original/plot_Test_168_original.png
8x8,8.0,8.0,8x8_new_data_curve_classifier_v1,Case4,Test_169,58.0,-70.0,6147.733388037361,1,0.5116666666666667,0.5116666666666667,0.44,0.04833333333333333,high,data/New_data/8x8_Case4/csv/force_disp_Test_169.csv,data/New_data/8x8_Case4/Original/plot_Test_169_original.png
8x8,8.0,8.0,8x8_new_data_curve_classifier_v1,Case4,Test_170,-35.0,-50.0,6667.091255857744,2,0.5916666666666667,0.21333333333333335,0.5916666666666667,0.195,high,data/New_data/8x8_Case4/csv/force_disp_Test_170.csv,data/New_data/8x8_Case4/Original/plot_Test_170_original.png
8x8,8.0,8.0,8x8_new_data_curve_classifier_v1,Case4,Test_171,-6.0,-18.0,5183.317029035286,3,0.8633333333333333,0.0,0.13666666666666666,0.8633333333333333,low,data/New_data/8x8_Case4/csv/force_disp_Test_171.csv,data/New_data/8x8_Case4/Original/plot_Test_171_original.png
8x8,8.0,8.0,8x8_new_data_curve_classifier_v1,Case4,Test_172,-68.0,5.0,4680.854805367758,2,0.6016666666666667,0.058333333333333334,0.6016666666666667,0.34,high,data/New_data/8x8_Case4/csv/force_disp_Test_172.csv,data/New_data/8x8_Case4/Original/plot_Test_172_original.png
8x8,8.0,8.0,8x8_new_data_curve_classifier_v1,Case4,Test_173,82.0,-55.0,5396.066274877702,2,0.4633333333333333,0.45166666666666666,0.4633333333333333,0.085,high,data/New_data/8x8_Case4/csv/force_disp_Test_173.csv,data/New_data/8x8_Case4/Original/plot_Test_173_original.png
8x8,8.0,8.0,8x8_new_data_curve_classifier_v1,Case4,Test_174,-76.0,51.0,5716.346537682102,2,0.57,0.36333333333333334,0.57,0.06666666666666667,high,data/New_data/8x8_Case4/csv/force_disp_Test_174.csv,data/New_data/8x8_Case4/Original/plot_Test_174_original.png
8x8,8.0,8.0,8x8_new_data_curve_classifier_v1,Case4,Test_175,-73.0,85.0,3184.584675773478,2,0.485,0.46166666666666667,0.485,0.05333333333333334,high,data/New_data/8x8_Case4/csv/force_disp_Test_175.csv,data/New_data/8x8_Case4/Original/plot_Test_175_original.png
8x8,8.0,8.0,8x8_new_data_curve_classifier_v1,Case4,Test_176,-36.0,30.0,6826.5865967205,2,0.4716666666666667,0.14666666666666667,0.4716666666666667,0.38166666666666665,high,data/New_data/8x8_Case4/csv/force_disp_Test_176.csv,data/New_data/8x8_Case4/Original/plot_Test_176_original.png
8x8,8.0,8.0,8x8_new_data_curve_classifier_v1,Case4,Test_177,25.0,-81.0,4740.583584099746,2,0.7483333333333333,0.09166666666666666,0.7483333333333333,0.16,medium,data/New_data/8x8_Case4/csv/force_disp_Test_177.csv,data/New_data/8x8_Case4/Original/plot_Test_177_original.png
8x8,8.0,8.0,8x8_new_data_curve_classifier_v1,Case4,Test_178,27.0,63.0,5753.656861396799,2,0.755,0.1,0.755,0.145,medium,data/New_data/8x8_Case4/csv/force_disp_Test_178.csv,data/New_data/8x8_Case4/Original/plot_Test_178_original.png
8x8,8.0,8.0,8x8_new_data_curve_classifier_v1,Case4,Test_179,73.0,-44.0,5779.634416145858,2,0.575,0.33666666666666667,0.575,0.08833333333333333,high,data/New_data/8x8_Case4/csv/force_disp_Test_179.csv,data/New_data/8x8_Case4/Original/plot_Test_179_original.png
8x8,8.0,8.0,8x8_new_data_curve_classifier_v1,Case4,Test_180,-14.0,88.0,4076.011142698581,2,0.6233333333333333,0.115,0.6233333333333333,0.26166666666666666,high,data/New_data/8x8_Case4/csv/force_disp_Test_180.csv,data/New_data/8x8_Case4/Original/plot_Test_180_original.png
8x8,8.0,8.0,8x8_new_data_curve_classifier_v1,Case4,Test_181,88.0,45.0,5201.543614533061,2,0.6216666666666667,0.3,0.6216666666666667,0.07833333333333334,high,data/New_data/8x8_Case4/csv/force_disp_Test_181.csv,data/New_data/8x8_Case4/Original/plot_Test_181_original.png
8x8,8.0,8.0,8x8_new_data_curve_classifier_v1,Case4,Test_182,-14.0,42.0,5869.110792774039,2,0.49333333333333335,0.051666666666666666,0.49333333333333335,0.455,high,data/New_data/8x8_Case4/csv/force_disp_Test_182.csv,data/New_data/8x8_Case4/Original/plot_Test_182_original.png
8x8,8.0,8.0,8x8_new_data_curve_classifier_v1,Case4,Test_183,37.0,63.0,6160.717090160206,2,0.66,0.235,0.66,0.105,high,data/New_data/8x8_Case4/csv/force_disp_Test_183.csv,data/New_data/8x8_Case4/Original/plot_Test_183_original.png
8x8,8.0,8.0,8x8_new_data_curve_classifier_v1,Case4,Test_184,83.0,43.0,5226.493674878216,2,0.6183333333333333,0.29333333333333333,0.6183333333333333,0.08833333333333333,high,data/New_data/8x8_Case4/csv/force_disp_Test_184.csv,data/New_data/8x8_Case4/Original/plot_Test_184_original.png
8x8,8.0,8.0,8x8_new_data_curve_classifier_v1,Case4,Test_185,-18.0,49.0,5804.797852690206,2,0.6133333333333333,0.06,0.6133333333333333,0.32666666666666666,high,data/New_data/8x8_Case4/csv/force_disp_Test_185.csv,data/New_data/8x8_Case4/Original/plot_Test_185_original.png
8x8,8.0,8.0,8x8_new_data_curve_classifier_v1,Case4,Test_186,-54.0,1.0,5219.328430638435,2,0.5333333333333333,0.03666666666666667,0.5333333333333333,0.43,high,data/New_data/8x8_Case4/csv/force_disp_Test_186.csv,data/New_data/8x8_Case4/Original/plot_Test_186_original.png
8x8,8.0,8.0,8x8_new_data_curve_classifier_v1,Case4,Test_187,-47.0,-37.0,6935.742758138661,2,0.5933333333333334,0.235,0.5933333333333334,0.17166666666666666,high,data/New_data/8x8_Case4/csv/force_disp_Test_187.csv,data/New_data/8x8_Case4/Original/plot_Test_187_original.png
8x8,8.0,8.0,8x8_new_data_curve_classifier_v1,Case4,Test_188,-40.0,56.0,6776.089686222022,2,0.6216666666666667,0.2966666666666667,0.6216666666666667,0.08166666666666667,high,data/New_data/8x8_Case4/csv/force_disp_Test_188.csv,data/New_data/8x8_Case4/Original/plot_Test_188_original.png
8x8,8.0,8.0,8x8_new_data_curve_classifier_v1,Case4,Test_189,34.0,0.0,5507.412328101359,3,0.7983333333333333,0.015,0.18666666666666668,0.7983333333333333,medium,data/New_data/8x8_Case4/csv/force_disp_Test_189.csv,data/New_data/8x8_Case4/Original/plot_Test_189_original.png
8x8,8.0,8.0,8x8_new_data_curve_classifier_v1,Case4,Test_190,-80.0,40.0,5347.303917829418,2,0.675,0.24333333333333335,0.675,0.08166666666666667,high,data/New_data/8x8_Case4/csv/force_disp_Test_190.csv,data/New_data/8x8_Case4/Original/plot_Test_190_original.png
8x8,8.0,8.0,8x8_new_data_curve_classifier_v1,Case4,Test_191,-75.0,6.0,4268.111521146384,2,0.4666666666666667,0.09666666666666666,0.4666666666666667,0.43666666666666665,high,data/New_data/8x8_Case4/csv/force_disp_Test_191.csv,data/New_data/8x8_Case4/Original/plot_Test_191_original.png
8x8,8.0,8.0,8x8_new_data_curve_classifier_v1,Case4,Test_192,89.0,-86.0,2388.625959708781,1,0.5216666666666666,0.5216666666666666,0.41833333333333333,0.06,high,data/New_data/8x8_Case4/csv/force_disp_Test_192.csv,data/New_data/8x8_Case4/Original/plot_Test_192_original.png
8x8,8.0,8.0,8x8_new_data_curve_classifier_v1,Case4,Test_193,48.0,41.0,7161.006423146732,2,0.56,0.305,0.56,0.135,high,data/New_data/8x8_Case4/csv/force_disp_Test_193.csv,data/New_data/8x8_Case4/Original/plot_Test_193_original.png
8x8,8.0,8.0,8x8_new_data_curve_classifier_v1,Case4,Test_194,-11.0,-16.0,5421.383928249801,3,0.8616666666666667,0.0033333333333333335,0.135,0.8616666666666667,low,data/New_data/8x8_Case4/csv/force_disp_Test_194.csv,data/New_data/8x8_Case4/Original/plot_Test_194_original.png
8x8,8.0,8.0,8x8_new_data_curve_classifier_v1,Case4,Test_195,12.0,71.0,4719.397713500662,2,0.77,0.041666666666666664,0.77,0.18833333333333332,medium,data/New_data/8x8_Case4/csv/force_disp_Test_195.csv,data/New_data/8x8_Case4/Original/plot_Test_195_original.png
8x8,8.0,8.0,8x8_new_data_curve_classifier_v1,Case4,Test_196,-32.0,84.0,4956.708120759162,2,0.78,0.13333333333333333,0.78,0.08666666666666667,medium,data/New_data/8x8_Case4/csv/force_disp_Test_196.csv,data/New_data/8x8_Case4/Original/plot_Test_196_original.png
8x8,8.0,8.0,8x8_new_data_curve_classifier_v1,Case4,Test_197,-80.0,-38.0,5286.694193507215,2,0.6583333333333333,0.21666666666666667,0.6583333333333333,0.125,high,data/New_data/8x8_Case4/csv/force_disp_Test_197.csv,data/New_data/8x8_Case4/Original/plot_Test_197_original.png
8x8,8.0,8.0,8x8_new_data_curve_classifier_v1,Case4,Test_198,-82.0,-53.0,5387.4441692054315,2,0.5533333333333333,0.3616666666666667,0.5533333333333333,0.085,high,data/New_data/8x8_Case4/csv/force_disp_Test_198.csv,data/New_data/8x8_Case4/Original/plot_Test_198_original.png
8x8,8.0,8.0,8x8_new_data_curve_classifier_v1,Case4,Test_199,-45.0,82.0,5346.55003683039,2,0.6116666666666667,0.3233333333333333,0.6116666666666667,0.065,high,data/New_data/8x8_Case4/csv/force_disp_Test_199.csv,data/New_data/8x8_Case4/Original/plot_Test_199_original.png
8x8,8.0,8.0,8x8_new_data_curve_classifier_v1,Case4,Test_200,88.0,-42.0,5128.971330250995,2,0.5383333333333333,0.37,0.5383333333333333,0.09166666666666666,high,data/New_data/8x8_Case4/csv/force_disp_Test_200.csv,data/New_data/8x8_Case4/Original/plot_Test_200_original.png
8x8,8.0,8.0,8x8_new_data_curve_classifier_v1,Case4,Test_201,-73.0,-27.0,5163.593736433832,2,0.6916666666666667,0.105,0.6916666666666667,0.20333333333333334,high,data/New_data/8x8_Case4/csv/force_disp_Test_201.csv,data/New_data/8x8_Case4/Original/plot_Test_201_original.png
8x8,8.0,8.0,8x8_new_data_curve_classifier_v1,Case4,Test_202,-24.0,-76.0,4828.2039051447055,2,0.7216666666666667,0.085,0.7216666666666667,0.19333333333333333,medium,data/New_data/8x8_Case4/csv/force_disp_Test_202.csv,data/New_data/8x8_Case4/Original/plot_Test_202_original.png
8x8,8.0,8.0,8x8_new_data_curve_classifier_v1,Case4,Test_203,33.0,58.0,6244.372750498665,2,0.685,0.17,0.685,0.145,high,data/New_data/8x8_Case4/csv/force_disp_Test_203.csv,data/New_data/8x8_Case4/Original/plot_Test_203_original.png
8x8,8.0,8.0,8x8_new_data_curve_classifier_v1,Case4,Test_204,27.0,-22.0,6226.403684229021,3,0.725,0.03833333333333333,0.23666666666666666,0.725,medium,data/New_data/8x8_Case4/csv/force_disp_Test_204.csv,data/New_data/8x8_Case4/Original/plot_Test_204_original.png
8x8,8.0,8.0,8x8_new_data_curve_classifier_v1,Case4,Test_205,-58.0,-50.0,7034.755052451984,2,0.5033333333333333,0.43666666666666665,0.5033333333333333,0.06,high,data/New_data/8x8_Case4/csv/force_disp_Test_205.csv,data/New_data/8x8_Case4/Original/plot_Test_205_original.png
8x8,8.0,8.0,8x8_new_data_curve_classifier_v1,Case4,Test_206,4.0,90.0,3933.435720827932,2,0.555,0.085,0.555,0.36,high,data/New_data/8x8_Case4/csv/force_disp_Test_206.csv,data/New_data/8x8_Case4/Original/plot_Test_206_original.png
8x8,8.0,8.0,8x8_new_data_curve_classifier_v1,Case4,Test_207,19.0,-83.0,4493.641383878025,2,0.7216666666666667,0.085,0.7216666666666667,0.19333333333333333,medium,data/New_data/8x8_Case4/csv/force_disp_Test_207.csv,data/New_data/8x8_Case4/Original/plot_Test_207_original.png
8x8,8.0,8.0,8x8_new_data_curve_classifier_v1,Case4,Test_208,-87.0,47.0,5243.310154702068,2,0.5933333333333334,0.3433333333333333,0.5933333333333334,0.06333333333333334,high,data/New_data/8x8_Case4/csv/force_disp_Test_208.csv,data/New_data/8x8_Case4/Original/plot_Test_208_original.png
8x8,8.0,8.0,8x8_new_data_curve_classifier_v1,Case4,Test_209,58.0,-69.0,6242.166811589561,1,0.5233333333333333,0.5233333333333333,0.435,0.041666666666666664,high,data/New_data/8x8_Case4/csv/force_disp_Test_209.csv,data/New_data/8x8_Case4/Original/plot_Test_209_original.png
8x8,8.0,8.0,8x8_new_data_curve_classifier_v1,Case4,Test_210,-10.0,23.0,5577.351555250903,3,0.6683333333333333,0.006666666666666667,0.325,0.6683333333333333,high,data/New_data/8x8_Case4/csv/force_disp_Test_210.csv,data/New_data/8x8_Case4/Original/plot_Test_210_original.png
8x8,8.0,8.0,8x8_new_data_curve_classifier_v1,Case4,Test_211,55.0,-59.0,7212.237586505177,1,0.57,0.57,0.41333333333333333,0.016666666666666666,high,data/New_data/8x8_Case4/csv/force_disp_Test_211.csv,data/New_data/8x8_Case4/Original/plot_Test_211_original.png
8x8,8.0,8.0,8x8_new_data_curve_classifier_v1,Case4,Test_212,-63.0,54.0,6775.949680996342,2,0.5116666666666667,0.4666666666666667,0.5116666666666667,0.021666666666666667,high,data/New_data/8x8_Case4/csv/force_disp_Test_212.csv,data/New_data/8x8_Case4/Original/plot_Test_212_original.png
8x8,8.0,8.0,8x8_new_data_curve_classifier_v1,Case4,Test_213,67.0,-42.0,6103.323487775923,2,0.6033333333333334,0.30333333333333334,0.6033333333333334,0.09333333333333334,high,data/New_data/8x8_Case4/csv/force_disp_Test_213.csv,data/New_data/8x8_Case4/Original/plot_Test_213_original.png
8x8,8.0,8.0,8x8_new_data_curve_classifier_v1,Case4,Test_214,63.0,-14.0,5204.1017927191015,2,0.6483333333333333,0.06166666666666667,0.6483333333333333,0.29,high,data/New_data/8x8_Case4/csv/force_disp_Test_214.csv,data/New_data/8x8_Case4/Original/plot_Test_214_original.png
8x8,8.0,8.0,8x8_new_data_curve_classifier_v1,Case4,Test_215,9.0,13.0,5128.430687855934,3,0.8766666666666667,0.0033333333333333335,0.12,0.8766666666666667,low,data/New_data/8x8_Case4/csv/force_disp_Test_215.csv,data/New_data/8x8_Case4/Original/plot_Test_215_original.png
8x8,8.0,8.0,8x8_new_data_curve_classifier_v1,Case4,Test_216,-10.0,59.0,5190.278468825795,2,0.7216666666666667,0.03,0.7216666666666667,0.24833333333333332,medium,data/New_data/8x8_Case4/csv/force_disp_Test_216.csv,data/New_data/8x8_Case4/Original/plot_Test_216_original.png
8x8,8.0,8.0,8x8_new_data_curve_classifier_v1,Case4,Test_217,21.0,56.0,5728.5584674049005,2,0.6816666666666666,0.06,0.6816666666666666,0.25833333333333336,high,data/New_data/8x8_Case4/csv/force_disp_Test_217.csv,data/New_data/8x8_Case4/Original/plot_Test_217_original.png
8x8,8.0,8.0,8x8_new_data_curve_classifier_v1,Case4,Test_218,5.0,-15.0,5131.379349583795,3,0.8783333333333333,0.0016666666666666668,0.12,0.8783333333333333,low,data/New_data/8x8_Case4/csv/force_disp_Test_218.csv,data/New_data/8x8_Case4/Original/plot_Test_218_original.png
8x8,8.0,8.0,8x8_new_data_curve_classifier_v1,Case4,Test_219,-7.0,65.0,4811.664253499946,2,0.7483333333333333,0.03166666666666667,0.7483333333333333,0.22,medium,data/New_data/8x8_Case4/csv/force_disp_Test_219.csv,data/New_data/8x8_Case4/Original/plot_Test_219_original.png
8x8,8.0,8.0,8x8_new_data_curve_classifier_v1,Case4,Test_220,14.0,-23.0,5663.074141097864,3,0.81,0.01,0.18,0.81,medium,data/New_data/8x8_Case4/csv/force_disp_Test_220.csv,data/New_data/8x8_Case4/Original/plot_Test_220_original.png
8x8,8.0,8.0,8x8_new_data_curve_classifier_v1,Case4,Test_221,74.0,-56.0,5848.450496615078,1,0.4633333333333333,0.4633333333333333,0.4633333333333333,0.07333333333333333,high,data/New_data/8x8_Case4/csv/force_disp_Test_221.csv,data/New_data/8x8_Case4/Original/plot_Test_221_original.png
8x8,8.0,8.0,8x8_new_data_curve_classifier_v1,Case4,Test_222,7.0,-80.0,4039.3082312870124,2,0.47,0.10166666666666667,0.47,0.42833333333333334,high,data/New_data/8x8_Case4/csv/force_disp_Test_222.csv,data/New_data/8x8_Case4/Original/plot_Test_222_original.png
8x8,8.0,8.0,8x8_new_data_curve_classifier_v1,Case4,Test_223,-78.0,-48.0,5552.409673831452,2,0.5733333333333334,0.335,0.5733333333333334,0.09166666666666666,high,data/New_data/8x8_Case4/csv/force_disp_Test_223.csv,data/New_data/8x8_Case4/Original/plot_Test_223_original.png
8x8,8.0,8.0,8x8_new_data_curve_classifier_v1,Case4,Test_224,-4.0,-43.0,5449.875206149635,3,0.6233333333333333,0.028333333333333332,0.34833333333333333,0.6233333333333333,high,data/New_data/8x8_Case4/csv/force_disp_Test_224.csv,data/New_data/8x8_Case4/Original/plot_Test_224_original.png
8x8,8.0,8.0,8x8_new_data_curve_classifier_v1,Case4,Test_225,2.0,-73.0,4350.04428528579,2,0.45666666666666667,0.09333333333333334,0.45666666666666667,0.45,high,data/New_data/8x8_Case4/csv/force_disp_Test_225.csv,data/New_data/8x8_Case4/Original/plot_Test_225_original.png
8x8,8.0,8.0,8x8_new_data_curve_classifier_v1,Case4,Test_226,-42.0,80.0,5402.61428433205,2,0.6566666666666666,0.2816666666666667,0.6566666666666666,0.06166666666666667,high,data/New_data/8x8_Case4/csv/force_disp_Test_226.csv,data/New_data/8x8_Case4/Original/plot_Test_226_original.png
8x8,8.0,8.0,8x8_new_data_curve_classifier_v1,Case4,Test_227,-42.0,-6.0,5609.594139622134,3,0.6283333333333333,0.02666666666666667,0.345,0.6283333333333333,high,data/New_data/8x8_Case4/csv/force_disp_Test_227.csv,data/New_data/8x8_Case4/Original/plot_Test_227_original.png
8x8,8.0,8.0,8x8_new_data_curve_classifier_v1,Case4,Test_228,60.0,-31.0,6068.103851150263,2,0.71,0.125,0.71,0.165,medium,data/New_data/8x8_Case4/csv/force_disp_Test_228.csv,data/New_data/8x8_Case4/Original/plot_Test_228_original.png
8x8,8.0,8.0,8x8_new_data_curve_classifier_v1,Case4,Test_229,42.0,86.0,5174.879164897978,2,0.6383333333333333,0.3,0.6383333333333333,0.06166666666666667,high,data/New_data/8x8_Case4/csv/force_disp_Test_229.csv,data/New_data/8x8_Case4/Original/plot_Test_229_original.png
8x8,8.0,8.0,8x8_new_data_curve_classifier_v1,Case4,Test_230,-44.0,-30.0,6609.274191783107,2,0.56,0.135,0.56,0.305,high,data/New_data/8x8_Case4/csv/force_disp_Test_230.csv,data/New_data/8x8_Case4/Original/plot_Test_230_original.png
8x8,8.0,8.0,8x8_new_data_curve_classifier_v1,Case4,Test_231,-69.0,24.0,5233.993220634925,2,0.7383333333333333,0.07166666666666667,0.7383333333333333,0.19,medium,data/New_data/8x8_Case4/csv/force_disp_Test_231.csv,data/New_data/8x8_Case4/Original/plot_Test_231_original.png
8x8,8.0,8.0,8x8_new_data_curve_classifier_v1,Case4,Test_232,-8.0,-27.0,5473.562249097838,3,0.8266666666666667,0.0033333333333333335,0.17,0.8266666666666667,medium,data/New_data/8x8_Case4/csv/force_disp_Test_232.csv,data/New_data/8x8_Case4/Original/plot_Test_232_original.png
8x8,8.0,8.0,8x8_new_data_curve_classifier_v1,Case4,Test_233,61.0,-20.0,5473.220378226021,2,0.6483333333333333,0.07666666666666666,0.6483333333333333,0.275,high,data/New_data/8x8_Case4/csv/force_disp_Test_233.csv,data/New_data/8x8_Case4/Original/plot_Test_233_original.png
8x8,8.0,8.0,8x8_new_data_curve_classifier_v1,Case4,Test_234,-49.0,-40.0,7073.029794926691,2,0.57,0.29333333333333333,0.57,0.13666666666666666,high,data/New_data/8x8_Case4/csv/force_disp_Test_234.csv,data/New_data/8x8_Case4/Original/plot_Test_234_original.png
8x8,8.0,8.0,8x8_new_data_curve_classifier_v1,Case4,Test_235,-62.0,7.0,4993.168496667936,2,0.6233333333333333,0.045,0.6233333333333333,0.33166666666666667,high,data/New_data/8x8_Case4/csv/force_disp_Test_235.csv,data/New_data/8x8_Case4/Original/plot_Test_235_original.png
8x8,8.0,8.0,8x8_new_data_curve_classifier_v1,Case4,Test_236,16.0,-57.0,5576.126242207978,2,0.6516666666666666,0.04833333333333333,0.6516666666666666,0.3,high,data/New_data/8x8_Case4/csv/force_disp_Test_236.csv,data/New_data/8x8_Case4/Original/plot_Test_236_original.png
8x8,8.0,8.0,8x8_new_data_curve_classifier_v1,Case4,Test_237,-32.0,66.0,5803.6489955198285,2,0.7866666666666666,0.12,0.7866666666666666,0.09333333333333334,medium,data/New_data/8x8_Case4/csv/force_disp_Test_237.csv,data/New_data/8x8_Case4/Original/plot_Test_237_original.png
8x8,8.0,8.0,8x8_new_data_curve_classifier_v1,Case4,Test_238,64.0,-22.0,5469.22873025311,2,0.6816666666666666,0.07833333333333334,0.6816666666666666,0.24,high,data/New_data/8x8_Case4/csv/force_disp_Test_238.csv,data/New_data/8x8_Case4/Original/plot_Test_238_original.png
8x8,8.0,8.0,8x8_new_data_curve_classifier_v1,Case4,Test_239,30.0,17.0,5881.637334703694,3,0.7783333333333333,0.03166666666666667,0.19,0.7783333333333333,medium,data/New_data/8x8_Case4/csv/force_disp_Test_239.csv,data/New_data/8x8_Case4/Original/plot_Test_239_original.png
8x8,8.0,8.0,8x8_new_data_curve_classifier_v1,Case4,Test_240,53.0,26.0,6087.884381825626,2,0.63,0.10333333333333333,0.63,0.26666666666666666,high,data/New_data/8x8_Case4/csv/force_disp_Test_240.csv,data/New_data/8x8_Case4/Original/plot_Test_240_original.png
8x8,8.0,8.0,8x8_new_data_curve_classifier_v1,Case4,Test_241,13.0,6.0,4912.369171550609,3,0.8783333333333333,0.005,0.11666666666666667,0.8783333333333333,low,data/New_data/8x8_Case4/csv/force_disp_Test_241.csv,data/New_data/8x8_Case4/Original/plot_Test_241_original.png
8x8,8.0,8.0,8x8_new_data_curve_classifier_v1,Case4,Test_242,-31.0,60.0,6063.706905404642,2,0.775,0.12166666666666667,0.775,0.10333333333333333,medium,data/New_data/8x8_Case4/csv/force_disp_Test_242.csv,data/New_data/8x8_Case4/Original/plot_Test_242_original.png
8x8,8.0,8.0,8x8_new_data_curve_classifier_v1,Case4,Test_243,-63.0,-63.0,5845.489505495841,1,0.5483333333333333,0.5483333333333333,0.4166666666666667,0.035,high,data/New_data/8x8_Case4/csv/force_disp_Test_243.csv,data/New_data/8x8_Case4/Original/plot_Test_243_original.png
8x8,8.0,8.0,8x8_new_data_curve_classifier_v1,Case4,Test_244,85.0,-58.0,5269.388426168064,1,0.465,0.465,0.45666666666666667,0.07833333333333334,high,data/New_data/8x8_Case4/csv/force_disp_Test_244.csv,data/New_data/8x8_Case4/Original/plot_Test_244_original.png
8x8,8.0,8.0,8x8_new_data_curve_classifier_v1,Case4,Test_245,-34.0,-14.0,5722.014366647285,3,0.6983333333333334,0.021666666666666667,0.28,0.6983333333333334,high,data/New_data/8x8_Case4/csv/force_disp_Test_245.csv,data/New_data/8x8_Case4/Original/plot_Test_245_original.png
8x8,8.0,8.0,8x8_new_data_curve_classifier_v1,Case4,Test_246,60.0,61.0,6414.926868742866,1,0.625,0.625,0.36666666666666664,0.008333333333333333,high,data/New_data/8x8_Case4/csv/force_disp_Test_246.csv,data/New_data/8x8_Case4/Original/plot_Test_246_original.png
8x8,8.0,8.0,8x8_new_data_curve_classifier_v1,Case4,Test_247,-83.0,78.0,2875.365408486812,2,0.4816666666666667,0.46166666666666667,0.4816666666666667,0.056666666666666664,high,data/New_data/8x8_Case4/csv/force_disp_Test_247.csv,data/New_data/8x8_Case4/Original/plot_Test_247_original.png
8x8,8.0,8.0,8x8_new_data_curve_classifier_v1,Case4,Test_248,6.0,27.0,5337.155050735757,3,0.7866666666666666,0.0033333333333333335,0.21,0.7866666666666666,medium,data/New_data/8x8_Case4/csv/force_disp_Test_248.csv,data/New_data/8x8_Case4/Original/plot_Test_248_original.png
8x8,8.0,8.0,8x8_new_data_curve_classifier_v1,Case4,Test_249,6.0,16.0,5033.920258561974,3,0.8666666666666667,0.0033333333333333335,0.13,0.8666666666666667,low,data/New_data/8x8_Case4/csv/force_disp_Test_249.csv,data/New_data/8x8_Case4/Original/plot_Test_249_original.png
8x8,8.0,8.0,8x8_new_data_curve_classifier_v1,Case4,Test_250,-47.0,64.0,6510.1726382970855,2,0.5983333333333334,0.33166666666666667,0.5983333333333334,0.07,high,data/New_data/8x8_Case4/csv/force_disp_Test_250.csv,data/New_data/8x8_Case4/Original/plot_Test_250_original.png
8x8,8.0,8.0,8x8_new_data_curve_classifier_v1,Case4,Test_251,-69.0,0.0,4562.032906539219,2,0.48,0.09,0.48,0.43,high,data/New_data/8x8_Case4/csv/force_disp_Test_251.csv,data/New_data/8x8_Case4/Original/plot_Test_251_original.png
8x8,8.0,8.0,8x8_new_data_curve_classifier_v1,Case4,Test_252,-82.0,-45.0,5345.709180904387,2,0.6016666666666667,0.30666666666666664,0.6016666666666667,0.09166666666666666,high,data/New_data/8x8_Case4/csv/force_disp_Test_252.csv,data/New_data/8x8_Case4/Original/plot_Test_252_original.png
8x8,8.0,8.0,8x8_new_data_curve_classifier_v1,Case4,Test_253,56.0,-34.0,6435.373547005507,2,0.6616666666666666,0.17333333333333334,0.6616666666666666,0.165,high,data/New_data/8x8_Case4/csv/force_disp_Test_253.csv,data/New_data/8x8_Case4/Original/plot_Test_253_original.png
8x8,8.0,8.0,8x8_new_data_curve_classifier_v1,Case4,Test_254,-75.0,-17.0,4647.53528096619,2,0.6716666666666666,0.075,0.6716666666666666,0.25333333333333335,high,data/New_data/8x8_Case4/csv/force_disp_Test_254.csv,data/New_data/8x8_Case4/Original/plot_Test_254_original.png
8x8,8.0,8.0,8x8_new_data_curve_classifier_v1,Case4,Test_255,32.0,-60.0,6182.533474493076,2,0.7083333333333334,0.13666666666666666,0.7083333333333334,0.155,medium,data/New_data/8x8_Case4/csv/force_disp_Test_255.csv,data/New_data/8x8_Case4/Original/plot_Test_255_original.png
8x8,8.0,8.0,8x8_new_data_curve_classifier_v1,Case4,Test_256,-25.0,-11.0,5465.96567042454,3,0.8033333333333333,0.006666666666666667,0.19,0.8033333333333333,medium,data/New_data/8x8_Case4/csv/force_disp_Test_256.csv,data/New_data/8x8_Case4/Original/plot_Test_256_original.png
8x8,8.0,8.0,8x8_new_data_curve_classifier_v1,Case4,Test_257,65.0,80.0,4244.860282077907,2,0.5233333333333333,0.415,0.5233333333333333,0.06166666666666667,high,data/New_data/8x8_Case4/csv/force_disp_Test_257.csv,data/New_data/8x8_Case4/Original/plot_Test_257_original.png
8x8,8.0,8.0,8x8_new_data_curve_classifier_v1,Case4,Test_258,54.0,-18.0,5697.6644276066045,2,0.5916666666666667,0.06,0.5916666666666667,0.34833333333333333,high,data/New_data/8x8_Case4/csv/force_disp_Test_258.csv,data/New_data/8x8_Case4/Original/plot_Test_258_original.png
8x8,8.0,8.0,8x8_new_data_curve_classifier_v1,Case4,Test_259,-6.0,38.0,5648.668518304816,3,0.6616666666666666,0.023333333333333334,0.315,0.6616666666666666,high,data/New_data/8x8_Case4/csv/force_disp_Test_259.csv,data/New_data/8x8_Case4/Original/plot_Test_259_original.png
8x8,8.0,8.0,8x8_new_data_curve_classifier_v1,Case4,Test_260,-50.0,68.0,6246.27831093878,2,0.565,0.36666666666666664,0.565,0.06833333333333333,high,data/New_data/8x8_Case4/csv/force_disp_Test_260.csv,data/New_data/8x8_Case4/Original/plot_Test_260_original.png
8x8,8.0,8.0,8x8_new_data_curve_classifier_v1,Case4,Test_261,-14.0,-28.0,5641.098317175473,3,0.7716666666666666,0.013333333333333334,0.215,0.7716666666666666,medium,data/New_data/8x8_Case4/csv/force_disp_Test_261.csv,data/New_data/8x8_Case4/Original/plot_Test_261_original.png
8x8,8.0,8.0,8x8_new_data_curve_classifier_v1,Case4,Test_262,-57.0,76.0,5690.678885708298,2,0.52,0.42833333333333334,0.52,0.051666666666666666,high,data/New_data/8x8_Case4/csv/force_disp_Test_262.csv,data/New_data/8x8_Case4/Original/plot_Test_262_original.png
8x8,8.0,8.0,8x8_new_data_curve_classifier_v1,Case4,Test_263,-24.0,2.0,5280.665195874081,3,0.7316666666666667,0.0016666666666666668,0.26666666666666666,0.7316666666666667,medium,data/New_data/8x8_Case4/csv/force_disp_Test_263.csv,data/New_data/8x8_Case4/Original/plot_Test_263_original.png
8x8,8.0,8.0,8x8_new_data_curve_classifier_v1,Case4,Test_264,87.0,-65.0,4010.9472648991655,1,0.5016666666666667,0.5016666666666667,0.43666666666666665,0.06166666666666667,high,data/New_data/8x8_Case4/csv/force_disp_Test_264.csv,data/New_data/8x8_Case4/Original/plot_Test_264_original.png
8x8,8.0,8.0,8x8_new_data_curve_classifier_v1,Case4,Test_265,-25.0,-84.0,4633.241149601219,2,0.715,0.09833333333333333,0.715,0.18666666666666668,medium,data/New_data/8x8_Case4/csv/force_disp_Test_265.csv,data/New_data/8x8_Case4/Original/plot_Test_265_original.png
8x8,8.0,8.0,8x8_new_data_curve_classifier_v1,Case4,Test_266,-26.0,-39.0,6448.349927870425,3,0.455,0.105,0.44,0.455,high,data/New_data/8x8_Case4/csv/force_disp_Test_266.csv,data/New_data/8x8_Case4/Original/plot_Test_266_original.png
8x8,8.0,8.0,8x8_new_data_curve_classifier_v1,Case4,Test_267,-33.0,-46.0,6734.943532373052,2,0.5683333333333334,0.19,0.5683333333333334,0.24166666666666667,high,data/New_data/8x8_Case4/csv/force_disp_Test_267.csv,data/New_data/8x8_Case4/Original/plot_Test_267_original.png
8x8,8.0,8.0,8x8_new_data_curve_classifier_v1,Case4,Test_268,-59.0,29.0,6046.986618471814,2,0.7333333333333333,0.10666666666666667,0.7333333333333333,0.16,medium,data/New_data/8x8_Case4/csv/force_disp_Test_268.csv,data/New_data/8x8_Case4/Original/plot_Test_268_original.png
8x8,8.0,8.0,8x8_new_data_curve_classifier_v1,Case4,Test_269,-60.0,60.0,6610.134475080261,1,0.6666666666666666,0.6666666666666666,0.33,0.0033333333333333335,high,data/New_data/8x8_Case4/csv/force_disp_Test_269.csv,data/New_data/8x8_Case4/Original/plot_Test_269_original.png
8x8,8.0,8.0,8x8_new_data_curve_classifier_v1,Case4,Test_270,10.0,76.0,4302.494741084586,2,0.5616666666666666,0.10833333333333334,0.5616666666666666,0.33,high,data/New_data/8x8_Case4/csv/force_disp_Test_270.csv,data/New_data/8x8_Case4/Original/plot_Test_270_original.png
8x8,8.0,8.0,8x8_new_data_curve_classifier_v1,Case4,Test_271,-30.0,50.0,6489.578080217858,2,0.715,0.13333333333333333,0.715,0.15166666666666667,medium,data/New_data/8x8_Case4/csv/force_disp_Test_271.csv,data/New_data/8x8_Case4/Original/plot_Test_271_original.png
8x8,8.0,8.0,8x8_new_data_curve_classifier_v1,Case4,Test_272,72.0,69.0,4309.3744405898005,2,0.5133333333333333,0.41833333333333333,0.5133333333333333,0.06833333333333333,high,data/New_data/8x8_Case4/csv/force_disp_Test_272.csv,data/New_data/8x8_Case4/Original/plot_Test_272_original.png
8x8,8.0,8.0,8x8_new_data_curve_classifier_v1,Case4,Test_273,81.0,62.0,4742.611978977223,2,0.5216666666666666,0.415,0.5216666666666666,0.06333333333333334,high,data/New_data/8x8_Case4/csv/force_disp_Test_273.csv,data/New_data/8x8_Case4/Original/plot_Test_273_original.png
8x8,8.0,8.0,8x8_new_data_curve_classifier_v1,Case4,Test_274,30.0,-25.0,6523.920232007052,3,0.6266666666666667,0.08166666666666667,0.2916666666666667,0.6266666666666667,high,data/New_data/8x8_Case4/csv/force_disp_Test_274.csv,data/New_data/8x8_Case4/Original/plot_Test_274_original.png
8x8,8.0,8.0,8x8_new_data_curve_classifier_v1,Case4,Test_275,80.0,-20.0,4520.0351556959895,2,0.69,0.09666666666666666,0.69,0.21333333333333335,high,data/New_data/8x8_Case4/csv/force_disp_Test_275.csv,data/New_data/8x8_Case4/Original/plot_Test_275_original.png
8x8,8.0,8.0,8x8_new_data_curve_classifier_v1,Case4,Test_276,-88.0,70.0,3401.7317264621424,2,0.49,0.46166666666666667,0.49,0.04833333333333333,high,data/New_data/8x8_Case4/csv/force_disp_Test_276.csv,data/New_data/8x8_Case4/Original/plot_Test_276_original.png
8x8,8.0,8.0,8x8_new_data_curve_classifier_v1,Case4,Test_277,57.0,88.0,5213.697149798556,2,0.53,0.4,0.53,0.07,high,data/New_data/8x8_Case4/csv/force_disp_Test_277.csv,data/New_data/8x8_Case4/Original/plot_Test_277_original.png
8x8,8.0,8.0,8x8_new_data_curve_classifier_v1,Case4,Test_278,18.0,78.0,4565.811842110341,2,0.8,0.055,0.8,0.145,medium,data/New_data/8x8_Case4/csv/force_disp_Test_278.csv,data/New_data/8x8_Case4/Original/plot_Test_278_original.png
8x8,8.0,8.0,8x8_new_data_curve_classifier_v1,Case4,Test_279,-88.0,-89.0,2344.943979526629,2,0.4766666666666667,0.44166666666666665,0.4766666666666667,0.08166666666666667,high,data/New_data/8x8_Case4/csv/force_disp_Test_279.csv,data/New_data/8x8_Case4/Original/plot_Test_279_original.png
8x8,8.0,8.0,8x8_new_data_curve_classifier_v1,Case4,Test_280,-31.0,-12.0,5752.023719295672,3,0.765,0.018333333333333333,0.21666666666666667,0.765,medium,data/New_data/8x8_Case4/csv/force_disp_Test_280.csv,data/New_data/8x8_Case4/Original/plot_Test_280_original.png
8x8,8.0,8.0,8x8_new_data_curve_classifier_v1,Case4,Test_281,-72.0,-17.0,4787.612249160009,2,0.675,0.06833333333333333,0.675,0.25666666666666665,high,data/New_data/8x8_Case4/csv/force_disp_Test_281.csv,data/New_data/8x8_Case4/Original/plot_Test_281_original.png
8x8,8.0,8.0,8x8_new_data_curve_classifier_v1,Case4,Test_282,25.0,-74.0,5035.503067616418,2,0.7483333333333333,0.08333333333333333,0.7483333333333333,0.16833333333333333,medium,data/New_data/8x8_Case4/csv/force_disp_Test_282.csv,data/New_data/8x8_Case4/Original/plot_Test_282_original.png
8x8,8.0,8.0,8x8_new_data_curve_classifier_v1,Case4,Test_283,34.0,-21.0,6262.835277893677,3,0.6083333333333333,0.07,0.32166666666666666,0.6083333333333333,high,data/New_data/8x8_Case4/csv/force_disp_Test_283.csv,data/New_data/8x8_Case4/Original/plot_Test_283_original.png
8x8,8.0,8.0,8x8_new_data_curve_classifier_v1,Case4,Test_284,16.0,16.0,5555.589859873759,3,0.8633333333333333,0.008333333333333333,0.12833333333333333,0.8633333333333333,low,data/New_data/8x8_Case4/csv/force_disp_Test_284.csv,data/New_data/8x8_Case4/Original/plot_Test_284_original.png
8x8,8.0,8.0,8x8_new_data_curve_classifier_v1,Case4,Test_285,-21.0,55.0,5843.114011190877,2,0.7133333333333334,0.056666666666666664,0.7133333333333334,0.23,medium,data/New_data/8x8_Case4/csv/force_disp_Test_285.csv,data/New_data/8x8_Case4/Original/plot_Test_285_original.png
8x8,8.0,8.0,8x8_new_data_curve_classifier_v1,Case4,Test_286,40.0,-87.0,5145.964977049403,2,0.6016666666666667,0.3,0.6016666666666667,0.09833333333333333,high,data/New_data/8x8_Case4/csv/force_disp_Test_286.csv,data/New_data/8x8_Case4/Original/plot_Test_286_original.png
8x8,8.0,8.0,8x8_new_data_curve_classifier_v1,Case4,Test_287,-77.0,22.0,4848.888679969314,2,0.7383333333333333,0.08166666666666667,0.7383333333333333,0.18,medium,data/New_data/8x8_Case4/csv/force_disp_Test_287.csv,data/New_data/8x8_Case4/Original/plot_Test_287_original.png
8x8,8.0,8.0,8x8_new_data_curve_classifier_v1,Case4,Test_288,37.0,70.0,5751.779431391062,2,0.7,0.205,0.7,0.095,medium,data/New_data/8x8_Case4/csv/force_disp_Test_288.csv,data/New_data/8x8_Case4/Original/plot_Test_288_original.png
8x8,8.0,8.0,8x8_new_data_curve_classifier_v1,Case4,Test_289,-9.0,44.0,5685.163983814196,2,0.5033333333333333,0.041666666666666664,0.5033333333333333,0.455,high,data/New_data/8x8_Case4/csv/force_disp_Test_289.csv,data/New_data/8x8_Case4/Original/plot_Test_289_original.png
8x8,8.0,8.0,8x8_new_data_curve_classifier_v1,Case4,Test_290,20.0,-82.0,4538.223029766521,2,0.7433333333333333,0.07833333333333334,0.7433333333333333,0.17833333333333334,medium,data/New_data/8x8_Case4/csv/force_disp_Test_290.csv,data/New_data/8x8_Case4/Original/plot_Test_290_original.png
8x8,8.0,8.0,8x8_new_data_curve_classifier_v1,Case4,Test_291,26.0,5.0,5242.999440383236,3,0.8433333333333334,0.0033333333333333335,0.15333333333333332,0.8433333333333334,medium,data/New_data/8x8_Case4/csv/force_disp_Test_291.csv,data/New_data/8x8_Case4/Original/plot_Test_291_original.png
8x8,8.0,8.0,8x8_new_data_curve_classifier_v1,Case4,Test_292,71.0,-88.0,3297.3904128750733,1,0.49833333333333335,0.49833333333333335,0.44,0.06166666666666667,high,data/New_data/8x8_Case4/csv/force_disp_Test_292.csv,data/New_data/8x8_Case4/Original/plot_Test_292_original.png
8x8,8.0,8.0,8x8_new_data_curve_classifier_v1,Case4,Test_293,-28.0,11.0,5567.338181357731,3,0.745,0.016666666666666666,0.23833333333333334,0.745,medium,data/New_data/8x8_Case4/csv/force_disp_Test_293.csv,data/New_data/8x8_Case4/Original/plot_Test_293_original.png
8x8,8.0,8.0,8x8_new_data_curve_classifier_v1,Case4,Test_294,-71.0,-57.0,6039.465721970441,2,0.5016666666666667,0.4216666666666667,0.5016666666666667,0.07666666666666666,high,data/New_data/8x8_Case4/csv/force_disp_Test_294.csv,data/New_data/8x8_Case4/Original/plot_Test_294_original.png
8x8,8.0,8.0,8x8_new_data_curve_classifier_v1,Case4,Test_295,-84.0,-9.0,3975.29723894365,2,0.4683333333333333,0.10666666666666667,0.4683333333333333,0.425,high,data/New_data/8x8_Case4/csv/force_disp_Test_295.csv,data/New_data/8x8_Case4/Original/plot_Test_295_original.png
8x8,8.0,8.0,8x8_new_data_curve_classifier_v1,Case4,Test_296,-48.0,82.0,5381.438025484839,2,0.5966666666666667,0.34,0.5966666666666667,0.06333333333333334,high,data/New_data/8x8_Case4/csv/force_disp_Test_296.csv,data/New_data/8x8_Case4/Original/plot_Test_296_original.png
8x8,8.0,8.0,8x8_new_data_curve_classifier_v1,Case4,Test_297,-13.0,-4.0,4957.21357458884,3,0.835,0.006666666666666667,0.15833333333333333,0.835,medium,data/New_data/8x8_Case4/csv/force_disp_Test_297.csv,data/New_data/8x8_Case4/Original/plot_Test_297_original.png
8x8,8.0,8.0,8x8_new_data_curve_classifier_v1,Case4,Test_298,-19.0,-23.0,5847.20507938656,3,0.7983333333333333,0.01,0.19166666666666668,0.7983333333333333,medium,data/New_data/8x8_Case4/csv/force_disp_Test_298.csv,data/New_data/8x8_Case4/Original/plot_Test_298_original.png
8x8,8.0,8.0,8x8_new_data_curve_classifier_v1,Case4,Test_299,5.0,-32.0,5586.388062633913,3,0.765,0.016666666666666666,0.21833333333333332,0.765,medium,data/New_data/8x8_Case4/csv/force_disp_Test_299.csv,data/New_data/8x8_Case4/Original/plot_Test_299_original.png
8x8,8.0,8.0,8x8_new_data_curve_classifier_v1,Case4,Test_300,51.0,46.0,7348.444315920919,2,0.5216666666666666,0.39666666666666667,0.5216666666666666,0.08166666666666667,high,data/New_data/8x8_Case4/csv/force_disp_Test_300.csv,data/New_data/8x8_Case4/Original/plot_Test_300_original.png
