case,Test_ID,theta1,theta2,Pt,type,panel_a_in,panel_b_in,source_dataset,source_test_id,csv_path,type_label_source,type_label_confidence,type_label_review_priority
Case2,6x4_001,65.0,19.0,19662.338495438697,2,6.0,4.0,6x4_curated_v1,Test_001,data/datasets/DD_cases_2_3_4_curated_v1/Case2/csv_load/force_disp_Test_001.csv,curated_human_review,1.0,none
Case2,6x4_002,40.0,-51.0,15516.468243569163,1,6.0,4.0,6x4_curated_v1,Test_002,data/datasets/DD_cases_2_3_4_curated_v1/Case2/csv_load/force_disp_Test_002.csv,curated_human_review,1.0,none
Case2,6x4_003,-44.0,65.0,15283.103421466823,1,6.0,4.0,6x4_curated_v1,Test_003,data/datasets/DD_cases_2_3_4_curated_v1/Case2/csv_load/force_disp_Test_003.csv,curated_human_review,1.0,none
Case2,6x4_004,49.0,48.0,14685.038124618122,1,6.0,4.0,6x4_curated_v1,Test_004,data/datasets/DD_cases_2_3_4_curated_v1/Case2/csv_load/force_disp_Test_004.csv,curated_human_review,1.0,none
Case2,6x4_005,-52.0,20.0,19017.402658062972,2,6.0,4.0,6x4_curated_v1,Test_005,data/datasets/DD_cases_2_3_4_curated_v1/Case2/csv_load/force_disp_Test_005.csv,curated_human_review,1.0,none
Case2,6x4_006,-15.0,-74.0,20754.70106893895,2,6.0,4.0,6x4_curated_v1,Test_006,data/datasets/DD_cases_2_3_4_curated_v1/Case2/csv_load/force_disp_Test_006.csv,curated_human_review,1.0,none
Case2,6x4_007,51.0,-83.0,11050.763333309067,1,6.0,4.0,6x4_curated_v1,Test_007,data/datasets/DD_cases_2_3_4_curated_v1/Case2/csv_load/force_disp_Test_007.csv,curated_human_review,1.0,none
Case2,6x4_008,86.0,9.0,21473.947435573413,2,6.0,4.0,6x4_curated_v1,Test_008,data/datasets/DD_cases_2_3_4_curated_v1/Case2/csv_load/force_disp_Test_008.csv,curated_human_review,1.0,none
Case2,6x4_009,-63.0,21.0,19810.341364807206,2,6.0,4.0,6x4_curated_v1,Test_009,data/datasets/DD_cases_2_3_4_curated_v1/Case2/csv_load/force_disp_Test_009.csv,curated_human_review,1.0,none
Case2,6x4_010,-74.0,83.0,6475.1691437324325,1,6.0,4.0,6x4_curated_v1,Test_010,data/datasets/DD_cases_2_3_4_curated_v1/Case2/csv_load/force_disp_Test_010.csv,curated_human_review,1.0,none
Case2,6x4_011,-39.0,-9.0,20453.97685275137,2,6.0,4.0,6x4_curated_v1,Test_011,data/datasets/DD_cases_2_3_4_curated_v1/Case2/csv_load/force_disp_Test_011.csv,curated_human_review,1.0,none
Case2,6x4_012,-56.0,9.0,21548.379771521366,2,6.0,4.0,6x4_curated_v1,Test_012,data/datasets/DD_cases_2_3_4_curated_v1/Case2/csv_load/force_disp_Test_012.csv,curated_human_review,1.0,none
Case2,6x4_013,61.0,33.0,16122.42566552643,2,6.0,4.0,6x4_curated_v1,Test_013,data/datasets/DD_cases_2_3_4_curated_v1/Case2/csv_load/force_disp_Test_013.csv,curated_human_review,1.0,none
Case2,6x4_014,19.0,79.0,20603.663841197562,2,6.0,4.0,6x4_curated_v1,Test_014,data/datasets/DD_cases_2_3_4_curated_v1/Case2/csv_load/force_disp_Test_014.csv,curated_human_review,1.0,none
Case2,6x4_015,35.0,60.0,15944.291849701582,2,6.0,4.0,6x4_curated_v1,Test_015,data/datasets/DD_cases_2_3_4_curated_v1/Case2/csv_load/force_disp_Test_015.csv,curated_human_review,1.0,none
Case2,6x4_016,75.0,-61.0,9605.86968700014,1,6.0,4.0,6x4_curated_v1,Test_016,data/datasets/DD_cases_2_3_4_curated_v1/Case2/csv_load/force_disp_Test_016.csv,curated_human_review,1.0,none
Case2,6x4_017,-30.0,66.0,17554.893196468318,2,6.0,4.0,6x4_curated_v1,Test_017,data/datasets/DD_cases_2_3_4_curated_v1/Case2/csv_load/force_disp_Test_017.csv,curated_human_review,1.0,none
Case2,6x4_018,-53.0,31.0,16200.86354226923,2,6.0,4.0,6x4_curated_v1,Test_018,data/datasets/DD_cases_2_3_4_curated_v1/Case2/csv_load/force_disp_Test_018.csv,curated_human_review,1.0,none
Case2,6x4_019,-79.0,29.0,18047.277970699313,2,6.0,4.0,6x4_curated_v1,Test_019,data/datasets/DD_cases_2_3_4_curated_v1/Case2/csv_load/force_disp_Test_019.csv,curated_human_review,1.0,none
Case2,6x4_020,-2.0,48.0,22366.67657833105,2,6.0,4.0,6x4_curated_v1,Test_020,data/datasets/DD_cases_2_3_4_curated_v1/Case2/csv_load/force_disp_Test_020.csv,curated_human_review,1.0,none
Case2,6x4_021,-49.0,-67.0,13241.473727550778,1,6.0,4.0,6x4_curated_v1,Test_021,data/datasets/DD_cases_2_3_4_curated_v1/Case2/csv_load/force_disp_Test_021.csv,curated_human_review,1.0,none
Case2,6x4_022,43.0,-33.0,15881.001246662378,2,6.0,4.0,6x4_curated_v1,Test_022,data/datasets/DD_cases_2_3_4_curated_v1/Case2/csv_load/force_disp_Test_022.csv,curated_human_review,1.0,none
Case2,6x4_023,62.0,-67.0,10922.264530441522,1,6.0,4.0,6x4_curated_v1,Test_023,data/datasets/DD_cases_2_3_4_curated_v1/Case2/csv_load/force_disp_Test_023.csv,curated_human_review,1.0,none
Case2,6x4_024,30.0,75.0,17917.135662089717,2,6.0,4.0,6x4_curated_v1,Test_024,data/datasets/DD_cases_2_3_4_curated_v1/Case2/csv_load/force_disp_Test_024.csv,curated_human_review,1.0,none
Case2,6x4_025,80.0,-80.0,5972.071636344868,1,6.0,4.0,6x4_curated_v1,Test_025,data/datasets/DD_cases_2_3_4_curated_v1/Case2/csv_load/force_disp_Test_025.csv,curated_human_review,1.0,none
Case2,6x4_026,-81.0,73.0,6739.4461962730475,1,6.0,4.0,6x4_curated_v1,Test_026,data/datasets/DD_cases_2_3_4_curated_v1/Case2/csv_load/force_disp_Test_026.csv,curated_human_review,1.0,none
Case2,6x4_027,54.0,-38.0,15371.954601045092,1,6.0,4.0,6x4_curated_v1,Test_027,data/datasets/DD_cases_2_3_4_curated_v1/Case2/csv_load/force_disp_Test_027.csv,curated_human_review,1.0,none
Case2,6x4_028,36.0,-31.0,16320.794939680867,2,6.0,4.0,6x4_curated_v1,Test_028,data/datasets/DD_cases_2_3_4_curated_v1/Case2/csv_load/force_disp_Test_028.csv,curated_human_review,1.0,none
Case2,6x4_029,52.0,-41.0,15273.761643841104,1,6.0,4.0,6x4_curated_v1,Test_029,data/datasets/DD_cases_2_3_4_curated_v1/Case2/csv_load/force_disp_Test_029.csv,curated_human_review,1.0,none
Case2,6x4_030,15.0,-12.0,18261.513326122706,3,6.0,4.0,6x4_curated_v1,Test_030,data/datasets/DD_cases_2_3_4_curated_v1/Case2/csv_load/force_disp_Test_030.csv,curated_human_review,1.0,none
Case2,6x4_031,-55.0,-62.0,12519.355773543584,1,6.0,4.0,6x4_curated_v1,Test_031,data/datasets/DD_cases_2_3_4_curated_v1/Case2/csv_load/force_disp_Test_031.csv,curated_human_review,1.0,none
Case2,6x4_032,-19.0,-7.0,18252.393554508428,3,6.0,4.0,6x4_curated_v1,Test_032,data/datasets/DD_cases_2_3_4_curated_v1/Case2/csv_load/force_disp_Test_032.csv,curated_human_review,1.0,none
Case2,6x4_033,-61.0,86.0,8663.530557652,1,6.0,4.0,6x4_curated_v1,Test_033,data/datasets/DD_cases_2_3_4_curated_v1/Case2/csv_load/force_disp_Test_033.csv,curated_human_review,1.0,none
Case2,6x4_034,-43.0,-15.0,20160.04950343554,2,6.0,4.0,6x4_curated_v1,Test_034,data/datasets/DD_cases_2_3_4_curated_v1/Case2/csv_load/force_disp_Test_034.csv,curated_human_review,1.0,none
Case2,6x4_035,70.0,81.0,7250.725122793007,1,6.0,4.0,6x4_curated_v1,Test_035,data/datasets/DD_cases_2_3_4_curated_v1/Case2/csv_load/force_disp_Test_035.csv,curated_human_review,1.0,none
Case2,6x4_036,8.0,25.0,19258.694031637977,3,6.0,4.0,6x4_curated_v1,Test_036,data/datasets/DD_cases_2_3_4_curated_v1/Case2/csv_load/force_disp_Test_036.csv,curated_human_review,1.0,none
Case2,6x4_037,-85.0,67.0,7423.061614736801,1,6.0,4.0,6x4_curated_v1,Test_037,data/datasets/DD_cases_2_3_4_curated_v1/Case2/csv_load/force_disp_Test_037.csv,curated_human_review,1.0,none
Case2,6x4_038,-56.0,52.0,13779.68239296741,1,6.0,4.0,6x4_curated_v1,Test_038,data/datasets/DD_cases_2_3_4_curated_v1/Case2/csv_load/force_disp_Test_038.csv,curated_human_review,1.0,none
Case2,6x4_039,64.0,42.0,15101.636430104876,1,6.0,4.0,6x4_curated_v1,Test_039,data/datasets/DD_cases_2_3_4_curated_v1/Case2/csv_load/force_disp_Test_039.csv,curated_human_review,1.0,none
Case2,6x4_040,-27.0,-54.0,17635.6244604274,2,6.0,4.0,6x4_curated_v1,Test_040,data/datasets/DD_cases_2_3_4_curated_v1/Case2/csv_load/force_disp_Test_040.csv,curated_human_review,1.0,none
Case2,6x4_041,-2.0,-68.0,22256.993284960623,2,6.0,4.0,6x4_curated_v1,Test_041,data/datasets/DD_cases_2_3_4_curated_v1/Case2/csv_load/force_disp_Test_041.csv,curated_human_review,1.0,none
Case2,6x4_042,84.0,51.0,10880.446089157313,1,6.0,4.0,6x4_curated_v1,Test_042,data/datasets/DD_cases_2_3_4_curated_v1/Case2/csv_load/force_disp_Test_042.csv,curated_human_review,1.0,none
Case2,6x4_043,79.0,-71.0,7260.875534046547,1,6.0,4.0,6x4_curated_v1,Test_043,data/datasets/DD_cases_2_3_4_curated_v1/Case2/csv_load/force_disp_Test_043.csv,curated_human_review,1.0,none
Case2,6x4_044,59.0,-56.0,13010.057232788411,1,6.0,4.0,6x4_curated_v1,Test_044,data/datasets/DD_cases_2_3_4_curated_v1/Case2/csv_load/force_disp_Test_044.csv,curated_human_review,1.0,none
Case2,6x4_045,-18.0,-35.0,19920.166232535616,2,6.0,4.0,6x4_curated_v1,Test_045,data/datasets/DD_cases_2_3_4_curated_v1/Case2/csv_load/force_disp_Test_045.csv,curated_human_review,1.0,none
Case2,6x4_046,-76.0,-77.0,6781.751740967857,1,6.0,4.0,6x4_curated_v1,Test_046,data/datasets/DD_cases_2_3_4_curated_v1/Case2/csv_load/force_disp_Test_046.csv,curated_human_review,1.0,none
Case2,6x4_047,42.0,27.0,17036.221717934684,2,6.0,4.0,6x4_curated_v1,Test_047,data/datasets/DD_cases_2_3_4_curated_v1/Case2/csv_load/force_disp_Test_047.csv,curated_human_review,1.0,none
Case2,6x4_048,1.0,71.0,22383.690349189837,2,6.0,4.0,6x4_curated_v1,Test_048,data/datasets/DD_cases_2_3_4_curated_v1/Case2/csv_load/force_disp_Test_048.csv,curated_human_review,1.0,none
Case2,6x4_049,-37.0,22.0,18357.4640474759,2,6.0,4.0,6x4_curated_v1,Test_049,data/datasets/DD_cases_2_3_4_curated_v1/Case2/csv_load/force_disp_Test_049.csv,curated_human_review,1.0,none
Case2,6x4_050,-16.0,44.0,20756.070138869356,2,6.0,4.0,6x4_curated_v1,Test_050,data/datasets/DD_cases_2_3_4_curated_v1/Case2/csv_load/force_disp_Test_050.csv,curated_human_review,1.0,none
Case2,6x4_051,28.0,57.0,17712.049589651342,2,6.0,4.0,6x4_curated_v1,Test_051,data/datasets/DD_cases_2_3_4_curated_v1/Case2/csv_load/force_disp_Test_051.csv,curated_human_review,1.0,none
Case2,6x4_052,-79.0,34.0,16870.336402522025,2,6.0,4.0,6x4_curated_v1,Test_052,data/datasets/DD_cases_2_3_4_curated_v1/Case2/csv_load/force_disp_Test_052.csv,curated_human_review,1.0,none
Case2,6x4_053,3.0,87.0,22248.78642704942,2,6.0,4.0,6x4_curated_v1,Test_053,data/datasets/DD_cases_2_3_4_curated_v1/Case2/csv_load/force_disp_Test_053.csv,curated_human_review,1.0,none
Case2,6x4_054,-17.0,-44.0,19730.01039931261,2,6.0,4.0,6x4_curated_v1,Test_054,data/datasets/DD_cases_2_3_4_curated_v1/Case2/csv_load/force_disp_Test_054.csv,curated_human_review,1.0,none
Case2,6x4_055,44.0,-49.0,15976.463339044598,1,6.0,4.0,6x4_curated_v1,Test_055,data/datasets/DD_cases_2_3_4_curated_v1/Case2/csv_load/force_disp_Test_055.csv,curated_human_review,1.0,none
Case2,6x4_056,67.0,-19.0,19769.131113534422,2,6.0,4.0,6x4_curated_v1,Test_056,data/datasets/DD_cases_2_3_4_curated_v1/Case2/csv_load/force_disp_Test_056.csv,curated_human_review,1.0,none
Case2,6x4_057,2.0,74.0,22340.2490678272,2,6.0,4.0,6x4_curated_v1,Test_057,data/datasets/DD_cases_2_3_4_curated_v1/Case2/csv_load/force_disp_Test_057.csv,curated_human_review,1.0,none
Case2,6x4_058,82.0,19.0,20342.67136165196,2,6.0,4.0,6x4_curated_v1,Test_058,data/datasets/DD_cases_2_3_4_curated_v1/Case2/csv_load/force_disp_Test_058.csv,curated_human_review,1.0,none
Case2,6x4_059,14.0,3.0,17257.710775301333,3,6.0,4.0,6x4_curated_v1,Test_059,data/datasets/DD_cases_2_3_4_curated_v1/Case2/csv_load/force_disp_Test_059.csv,curated_human_review,1.0,none
Case2,6x4_060,44.0,-84.0,12937.180943069954,1,6.0,4.0,6x4_curated_v1,Test_060,data/datasets/DD_cases_2_3_4_curated_v1/Case2/csv_load/force_disp_Test_060.csv,curated_human_review,1.0,none
Case2,6x4_061,0.0,-52.0,22306.408156250967,2,6.0,4.0,6x4_curated_v1,Test_061,data/datasets/DD_cases_2_3_4_curated_v1/Case2/csv_load/force_disp_Test_061.csv,curated_human_review,1.0,none
Case2,6x4_062,33.0,26.0,17984.52330299771,2,6.0,4.0,6x4_curated_v1,Test_062,data/datasets/DD_cases_2_3_4_curated_v1/Case2/csv_load/force_disp_Test_062.csv,curated_human_review,1.0,none
Case2,6x4_063,-75.0,38.0,16001.171126272333,2,6.0,4.0,6x4_curated_v1,Test_063,data/datasets/DD_cases_2_3_4_curated_v1/Case2/csv_load/force_disp_Test_063.csv,curated_human_review,1.0,none
Case2,6x4_064,-20.0,55.0,19963.39258921645,2,6.0,4.0,6x4_curated_v1,Test_064,data/datasets/DD_cases_2_3_4_curated_v1/Case2/csv_load/force_disp_Test_064.csv,curated_human_review,1.0,none
Case2,6x4_065,72.0,31.0,17401.565138733276,2,6.0,4.0,6x4_curated_v1,Test_065,data/datasets/DD_cases_2_3_4_curated_v1/Case2/csv_load/force_disp_Test_065.csv,curated_human_review,1.0,none
Case2,6x4_066,75.0,72.0,7640.143350666693,1,6.0,4.0,6x4_curated_v1,Test_066,data/datasets/DD_cases_2_3_4_curated_v1/Case2/csv_load/force_disp_Test_066.csv,curated_human_review,1.0,none
Case2,6x4_067,-83.0,68.0,7375.888626669171,1,6.0,4.0,6x4_curated_v1,Test_067,data/datasets/DD_cases_2_3_4_curated_v1/Case2/csv_load/force_disp_Test_067.csv,curated_human_review,1.0,none
Case2,6x4_068,-26.0,-1.0,19456.305973491017,3,6.0,4.0,6x4_curated_v1,Test_068,data/datasets/DD_cases_2_3_4_curated_v1/Case2/csv_load/force_disp_Test_068.csv,curated_human_review,1.0,none
Case2,6x4_069,-36.0,57.0,16012.499820929535,2,6.0,4.0,6x4_curated_v1,Test_069,data/datasets/DD_cases_2_3_4_curated_v1/Case2/csv_load/force_disp_Test_069.csv,curated_human_review,1.0,none
Case2,6x4_070,-89.0,-51.0,10759.603122866465,1,6.0,4.0,6x4_curated_v1,Test_070,data/datasets/DD_cases_2_3_4_curated_v1/Case2/csv_load/force_disp_Test_070.csv,curated_human_review,1.0,none
Case2,6x4_071,-45.0,-29.0,16177.961790320023,2,6.0,4.0,6x4_curated_v1,Test_071,data/datasets/DD_cases_2_3_4_curated_v1/Case2/csv_load/force_disp_Test_071.csv,curated_human_review,1.0,none
Case2,6x4_072,-29.0,13.0,20710.241629599408,3,6.0,4.0,6x4_curated_v1,Test_072,data/datasets/DD_cases_2_3_4_curated_v1/Case2/csv_load/force_disp_Test_072.csv,curated_human_review,1.0,none
Case2,6x4_073,-22.0,46.0,18878.0105001635,2,6.0,4.0,6x4_curated_v1,Test_073,data/datasets/DD_cases_2_3_4_curated_v1/Case2/csv_load/force_disp_Test_073.csv,curated_human_review,1.0,none
Case2,6x4_074,-1.0,-8.0,17026.160511303562,3,6.0,4.0,6x4_curated_v1,Test_074,data/datasets/DD_cases_2_3_4_curated_v1/Case2/csv_load/force_disp_Test_074.csv,curated_human_review,1.0,none
Case2,6x4_075,-22.0,82.0,20009.09898157673,2,6.0,4.0,6x4_curated_v1,Test_075,data/datasets/DD_cases_2_3_4_curated_v1/Case2/csv_load/force_disp_Test_075.csv,curated_human_review,1.0,none
Case2,6x4_076,50.0,5.0,21885.93175823237,2,6.0,4.0,6x4_curated_v1,Test_076,data/datasets/DD_cases_2_3_4_curated_v1/Case2/csv_load/force_disp_Test_076.csv,curated_human_review,1.0,none
Case2,6x4_077,-64.0,20.0,19538.7897396166,2,6.0,4.0,6x4_curated_v1,Test_077,data/datasets/DD_cases_2_3_4_curated_v1/Case2/csv_load/force_disp_Test_077.csv,curated_human_review,1.0,none
Case2,6x4_078,29.0,-79.0,18246.36351476399,2,6.0,4.0,6x4_curated_v1,Test_078,data/datasets/DD_cases_2_3_4_curated_v1/Case2/csv_load/force_disp_Test_078.csv,curated_human_review,1.0,none
Case2,6x4_079,-67.0,39.0,15713.299234921931,2,6.0,4.0,6x4_curated_v1,Test_079,data/datasets/DD_cases_2_3_4_curated_v1/Case2/csv_load/force_disp_Test_079.csv,curated_human_review,1.0,none
Case2,6x4_080,-53.0,-64.0,13114.080150028736,1,6.0,4.0,6x4_curated_v1,Test_080,data/datasets/DD_cases_2_3_4_curated_v1/Case2/csv_load/force_disp_Test_080.csv,curated_human_review,1.0,none
Case2,6x4_081,-38.0,-72.0,16048.612139956382,2,6.0,4.0,6x4_curated_v1,Test_081,data/datasets/DD_cases_2_3_4_curated_v1/Case2/csv_load/force_disp_Test_081.csv,curated_human_review,1.0,none
Case2,6x4_082,85.0,48.0,11621.81100951362,1,6.0,4.0,6x4_curated_v1,Test_082,data/datasets/DD_cases_2_3_4_curated_v1/Case2/csv_load/force_disp_Test_082.csv,curated_human_review,1.0,none
Case2,6x4_083,-12.0,85.0,21304.411023413217,2,6.0,4.0,6x4_curated_v1,Test_083,data/datasets/DD_cases_2_3_4_curated_v1/Case2/csv_load/force_disp_Test_083.csv,curated_human_review,1.0,none
Case2,6x4_084,77.0,-48.0,12216.006785058336,1,6.0,4.0,6x4_curated_v1,Test_084,data/datasets/DD_cases_2_3_4_curated_v1/Case2/csv_load/force_disp_Test_084.csv,curated_human_review,1.0,none
Case2,6x4_085,45.0,75.0,12644.76230239052,1,6.0,4.0,6x4_curated_v1,Test_085,data/datasets/DD_cases_2_3_4_curated_v1/Case2/csv_load/force_disp_Test_085.csv,curated_human_review,1.0,none
Case2,6x4_086,-41.0,-54.0,15334.76214970965,1,6.0,4.0,6x4_curated_v1,Test_086,data/datasets/DD_cases_2_3_4_curated_v1/Case2/csv_load/force_disp_Test_086.csv,curated_human_review,1.0,none
Case2,6x4_087,-38.0,89.0,16110.326157228694,2,6.0,4.0,6x4_curated_v1,Test_087,data/datasets/DD_cases_2_3_4_curated_v1/Case2/csv_load/force_disp_Test_087.csv,curated_human_review,1.0,none
Case2,6x4_088,23.0,33.0,18667.182044892546,3,6.0,4.0,6x4_curated_v1,Test_088,data/datasets/DD_cases_2_3_4_curated_v1/Case2/csv_load/force_disp_Test_088.csv,curated_human_review,1.0,none
Case2,6x4_089,18.0,-35.0,20004.824334374945,2,6.0,4.0,6x4_curated_v1,Test_089,data/datasets/DD_cases_2_3_4_curated_v1/Case2/csv_load/force_disp_Test_089.csv,curated_human_review,1.0,none
Case2,6x4_090,-65.0,24.0,19166.219234683158,2,6.0,4.0,6x4_curated_v1,Test_090,data/datasets/DD_cases_2_3_4_curated_v1/Case2/csv_load/force_disp_Test_090.csv,curated_human_review,1.0,none
Case2,6x4_091,11.0,36.0,21814.638817993655,2,6.0,4.0,6x4_curated_v1,Test_091,data/datasets/DD_cases_2_3_4_curated_v1/Case2/csv_load/force_disp_Test_091.csv,curated_human_review,1.0,none
Case2,6x4_092,-38.0,-40.0,16069.93561325196,1,6.0,4.0,6x4_curated_v1,Test_092,data/datasets/DD_cases_2_3_4_curated_v1/Case2/csv_load/force_disp_Test_092.csv,curated_human_review,1.0,none
Case2,6x4_093,-70.0,-78.0,7570.430723745265,1,6.0,4.0,6x4_curated_v1,Test_093,data/datasets/DD_cases_2_3_4_curated_v1/Case2/csv_load/force_disp_Test_093.csv,curated_human_review,1.0,none
Case2,6x4_094,73.0,-55.0,11130.10844688354,1,6.0,4.0,6x4_curated_v1,Test_094,data/datasets/DD_cases_2_3_4_curated_v1/Case2/csv_load/force_disp_Test_094.csv,curated_human_review,1.0,none
Case2,6x4_095,68.0,-30.0,17574.428229042365,2,6.0,4.0,6x4_curated_v1,Test_095,data/datasets/DD_cases_2_3_4_curated_v1/Case2/csv_load/force_disp_Test_095.csv,curated_human_review,1.0,none
Case2,6x4_096,84.0,-52.0,10765.94834339393,1,6.0,4.0,6x4_curated_v1,Test_096,data/datasets/DD_cases_2_3_4_curated_v1/Case2/csv_load/force_disp_Test_096.csv,curated_human_review,1.0,none
Case2,6x4_097,-46.0,-23.0,17815.678284165737,2,6.0,4.0,6x4_curated_v1,Test_097,data/datasets/DD_cases_2_3_4_curated_v1/Case2/csv_load/force_disp_Test_097.csv,curated_human_review,1.0,none
Case2,6x4_098,-1.0,36.0,21657.29273727099,3,6.0,4.0,6x4_curated_v1,Test_098,data/datasets/DD_cases_2_3_4_curated_v1/Case2/csv_load/force_disp_Test_098.csv,curated_human_review,1.0,none
Case2,6x4_099,90.0,40.0,12347.284819586124,1,6.0,4.0,6x4_curated_v1,Test_099,data/datasets/DD_cases_2_3_4_curated_v1/Case2/csv_load/force_disp_Test_099.csv,curated_human_review,1.0,none
Case2,6x4_100,69.0,62.0,10335.948527733512,1,6.0,4.0,6x4_curated_v1,Test_100,data/datasets/DD_cases_2_3_4_curated_v1/Case2/csv_load/force_disp_Test_100.csv,curated_human_review,1.0,none
Case2,6x4_101,48.0,15.0,20117.588072242153,2,6.0,4.0,6x4_curated_v1,Test_101,data/datasets/DD_cases_2_3_4_curated_v1/Case2/csv_load/force_disp_Test_101.csv,curated_human_review,1.0,none
Case2,6x4_102,76.0,-24.0,19209.213496979915,2,6.0,4.0,6x4_curated_v1,Test_102,data/datasets/DD_cases_2_3_4_curated_v1/Case2/csv_load/force_disp_Test_102.csv,curated_human_review,1.0,none
Case2,6x4_103,66.0,14.0,20725.43237640009,2,6.0,4.0,6x4_curated_v1,Test_103,data/datasets/DD_cases_2_3_4_curated_v1/Case2/csv_load/force_disp_Test_103.csv,curated_human_review,1.0,none
Case2,6x4_104,83.0,3.0,21975.393590152078,2,6.0,4.0,6x4_curated_v1,Test_104,data/datasets/DD_cases_2_3_4_curated_v1/Case2/csv_load/force_disp_Test_104.csv,curated_human_review,1.0,none
Case2,6x4_105,89.0,-77.0,5742.907653147176,1,6.0,4.0,6x4_curated_v1,Test_105,data/datasets/DD_cases_2_3_4_curated_v1/Case2/csv_load/force_disp_Test_105.csv,curated_human_review,1.0,none
Case2,6x4_106,-12.0,43.0,21828.546895226827,2,6.0,4.0,6x4_curated_v1,Test_106,data/datasets/DD_cases_2_3_4_curated_v1/Case2/csv_load/force_disp_Test_106.csv,curated_human_review,1.0,none
Case2,6x4_107,69.0,8.0,21621.816505972165,2,6.0,4.0,6x4_curated_v1,Test_107,data/datasets/DD_cases_2_3_4_curated_v1/Case2/csv_load/force_disp_Test_107.csv,curated_human_review,1.0,none
Case2,6x4_108,46.0,-72.0,12968.26670199502,1,6.0,4.0,6x4_curated_v1,Test_108,data/datasets/DD_cases_2_3_4_curated_v1/Case2/csv_load/force_disp_Test_108.csv,curated_human_review,1.0,none
Case2,6x4_109,-69.0,17.0,21042.62463381931,2,6.0,4.0,6x4_curated_v1,Test_109,data/datasets/DD_cases_2_3_4_curated_v1/Case2/csv_load/force_disp_Test_109.csv,curated_human_review,1.0,none
Case2,6x4_110,-51.0,1.0,22174.53314878391,2,6.0,4.0,6x4_curated_v1,Test_110,data/datasets/DD_cases_2_3_4_curated_v1/Case2/csv_load/force_disp_Test_110.csv,curated_human_review,1.0,none
Case2,6x4_111,7.0,87.0,21974.814743022594,2,6.0,4.0,6x4_curated_v1,Test_111,data/datasets/DD_cases_2_3_4_curated_v1/Case2/csv_load/force_disp_Test_111.csv,curated_human_review,1.0,none
Case2,6x4_112,21.0,-8.0,18812.197482628868,3,6.0,4.0,6x4_curated_v1,Test_112,data/datasets/DD_cases_2_3_4_curated_v1/Case2/csv_load/force_disp_Test_112.csv,curated_human_review,1.0,none
Case2,6x4_113,35.0,-2.0,21502.654428246453,3,6.0,4.0,6x4_curated_v1,Test_113,data/datasets/DD_cases_2_3_4_curated_v1/Case2/csv_load/force_disp_Test_113.csv,curated_human_review,1.0,none
Case2,6x4_114,-35.0,-78.0,16641.048662185567,2,6.0,4.0,6x4_curated_v1,Test_114,data/datasets/DD_cases_2_3_4_curated_v1/Case2/csv_load/force_disp_Test_114.csv,curated_human_review,1.0,none
Case2,6x4_115,22.0,74.0,19382.289896574675,2,6.0,4.0,6x4_curated_v1,Test_115,data/datasets/DD_cases_2_3_4_curated_v1/Case2/csv_load/force_disp_Test_115.csv,curated_human_review,1.0,none
Case2,6x4_116,12.0,-85.0,21318.920308209603,2,6.0,4.0,6x4_curated_v1,Test_116,data/datasets/DD_cases_2_3_4_curated_v1/Case2/csv_load/force_disp_Test_116.csv,curated_human_review,1.0,none
Case2,6x4_117,-87.0,33.0,16964.578443697086,2,6.0,4.0,6x4_curated_v1,Test_117,data/datasets/DD_cases_2_3_4_curated_v1/Case2/csv_load/force_disp_Test_117.csv,curated_human_review,1.0,none
Case2,6x4_118,54.0,-88.0,10111.479383002628,1,6.0,4.0,6x4_curated_v1,Test_118,data/datasets/DD_cases_2_3_4_curated_v1/Case2/csv_load/force_disp_Test_118.csv,curated_human_review,1.0,none
Case2,6x4_119,31.0,-10.0,21139.901650976884,3,6.0,4.0,6x4_curated_v1,Test_119,data/datasets/DD_cases_2_3_4_curated_v1/Case2/csv_load/force_disp_Test_119.csv,curated_human_review,1.0,none
Case2,6x4_120,-58.0,-26.0,17659.519380381615,2,6.0,4.0,6x4_curated_v1,Test_120,data/datasets/DD_cases_2_3_4_curated_v1/Case2/csv_load/force_disp_Test_120.csv,curated_human_review,1.0,none
Case2,6x4_121,-50.0,14.0,21062.79375991071,2,6.0,4.0,6x4_curated_v1,Test_121,data/datasets/DD_cases_2_3_4_curated_v1/Case2/csv_load/force_disp_Test_121.csv,curated_human_review,1.0,none
Case2,6x4_122,20.0,-73.0,20426.1417112616,2,6.0,4.0,6x4_curated_v1,Test_122,data/datasets/DD_cases_2_3_4_curated_v1/Case2/csv_load/force_disp_Test_122.csv,curated_human_review,1.0,none
Case2,6x4_123,76.0,4.0,21923.73339124474,2,6.0,4.0,6x4_curated_v1,Test_123,data/datasets/DD_cases_2_3_4_curated_v1/Case2/csv_load/force_disp_Test_123.csv,curated_human_review,1.0,none
Case2,6x4_124,42.0,-66.0,15417.937098843093,1,6.0,4.0,6x4_curated_v1,Test_124,data/datasets/DD_cases_2_3_4_curated_v1/Case2/csv_load/force_disp_Test_124.csv,curated_human_review,1.0,none
Case2,6x4_125,-3.0,72.0,22322.264683286012,2,6.0,4.0,6x4_curated_v1,Test_125,data/datasets/DD_cases_2_3_4_curated_v1/Case2/csv_load/force_disp_Test_125.csv,curated_human_review,1.0,none
Case2,6x4_126,-8.0,18.0,17949.699023275294,3,6.0,4.0,6x4_curated_v1,Test_126,data/datasets/DD_cases_2_3_4_curated_v1/Case2/csv_load/force_disp_Test_126.csv,curated_human_review,1.0,none
Case2,6x4_127,-66.0,77.0,8428.451427525222,1,6.0,4.0,6x4_curated_v1,Test_127,data/datasets/DD_cases_2_3_4_curated_v1/Case2/csv_load/force_disp_Test_127.csv,curated_human_review,1.0,none
Case2,6x4_128,59.0,-70.0,10891.370894468742,1,6.0,4.0,6x4_curated_v1,Test_128,data/datasets/DD_cases_2_3_4_curated_v1/Case2/csv_load/force_disp_Test_128.csv,curated_human_review,1.0,none
Case2,6x4_129,24.0,11.0,19785.482958492543,3,6.0,4.0,6x4_curated_v1,Test_129,data/datasets/DD_cases_2_3_4_curated_v1/Case2/csv_load/force_disp_Test_129.csv,curated_human_review,1.0,none
Case2,6x4_130,-59.0,12.0,21120.917328111533,2,6.0,4.0,6x4_curated_v1,Test_130,data/datasets/DD_cases_2_3_4_curated_v1/Case2/csv_load/force_disp_Test_130.csv,curated_human_review,1.0,none
Case2,6x4_131,41.0,53.0,15387.775916572398,1,6.0,4.0,6x4_curated_v1,Test_131,data/datasets/DD_cases_2_3_4_curated_v1/Case2/csv_load/force_disp_Test_131.csv,curated_human_review,1.0,none
Case2,6x4_132,38.0,35.0,15773.538665372627,2,6.0,4.0,6x4_curated_v1,Test_132,data/datasets/DD_cases_2_3_4_curated_v1/Case2/csv_load/force_disp_Test_132.csv,curated_human_review,1.0,none
Case2,6x4_133,-21.0,37.0,18855.466306479895,2,6.0,4.0,6x4_curated_v1,Test_133,data/datasets/DD_cases_2_3_4_curated_v1/Case2/csv_load/force_disp_Test_133.csv,curated_human_review,1.0,none
Case2,6x4_134,-56.0,37.0,15585.449355990706,1,6.0,4.0,6x4_curated_v1,Test_134,data/datasets/DD_cases_2_3_4_curated_v1/Case2/csv_load/force_disp_Test_134.csv,curated_human_review,1.0,none
Case2,6x4_135,39.0,-76.0,15966.862495721263,2,6.0,4.0,6x4_curated_v1,Test_135,data/datasets/DD_cases_2_3_4_curated_v1/Case2/csv_load/force_disp_Test_135.csv,curated_human_review,1.0,none
Case2,6x4_136,8.0,-68.0,21869.668232739932,2,6.0,4.0,6x4_curated_v1,Test_136,data/datasets/DD_cases_2_3_4_curated_v1/Case2/csv_load/force_disp_Test_136.csv,curated_human_review,1.0,none
Case2,6x4_137,68.0,53.0,12281.321152881383,1,6.0,4.0,6x4_curated_v1,Test_137,data/datasets/DD_cases_2_3_4_curated_v1/Case2/csv_load/force_disp_Test_137.csv,curated_human_review,1.0,none
Case2,6x4_138,-28.0,-75.0,18208.514740433136,2,6.0,4.0,6x4_curated_v1,Test_138,data/datasets/DD_cases_2_3_4_curated_v1/Case2/csv_load/force_disp_Test_138.csv,curated_human_review,1.0,none
Case2,6x4_139,-52.0,-36.0,15511.808244009047,1,6.0,4.0,6x4_curated_v1,Test_139,data/datasets/DD_cases_2_3_4_curated_v1/Case2/csv_load/force_disp_Test_139.csv,curated_human_review,1.0,none
Case2,6x4_140,1.0,-3.0,16892.48376444766,3,6.0,4.0,6x4_curated_v1,Test_140,data/datasets/DD_cases_2_3_4_curated_v1/Case2/csv_load/force_disp_Test_140.csv,curated_human_review,1.0,none
Case2,6x4_141,79.0,49.0,11723.05325713485,1,6.0,4.0,6x4_curated_v1,Test_141,data/datasets/DD_cases_2_3_4_curated_v1/Case2/csv_load/force_disp_Test_141.csv,curated_human_review,1.0,none
Case2,6x4_142,56.0,10.0,21287.038098368255,2,6.0,4.0,6x4_curated_v1,Test_142,data/datasets/DD_cases_2_3_4_curated_v1/Case2/csv_load/force_disp_Test_142.csv,curated_human_review,1.0,none
Case2,6x4_143,39.0,-35.0,15779.242510477306,2,6.0,4.0,6x4_curated_v1,Test_143,data/datasets/DD_cases_2_3_4_curated_v1/Case2/csv_load/force_disp_Test_143.csv,curated_human_review,1.0,none
Case2,6x4_144,-86.0,-39.0,15505.565310891709,2,6.0,4.0,6x4_curated_v1,Test_144,data/datasets/DD_cases_2_3_4_curated_v1/Case2/csv_load/force_disp_Test_144.csv,curated_human_review,1.0,none
Case2,6x4_145,29.0,32.0,17380.510566070083,1,6.0,4.0,6x4_curated_v1,Test_145,data/datasets/DD_cases_2_3_4_curated_v1/Case2/csv_load/force_disp_Test_145.csv,curated_human_review,1.0,none
Case2,6x4_146,-41.0,-28.0,16406.185672703003,2,6.0,4.0,6x4_curated_v1,Test_146,data/datasets/DD_cases_2_3_4_curated_v1/Case2/csv_load/force_disp_Test_146.csv,curated_human_review,1.0,none
Case2,6x4_147,47.0,23.0,17810.62882268262,2,6.0,4.0,6x4_curated_v1,Test_147,data/datasets/DD_cases_2_3_4_curated_v1/Case2/csv_load/force_disp_Test_147.csv,curated_human_review,1.0,none
Case2,6x4_148,46.0,-62.0,15105.283301093265,1,6.0,4.0,6x4_curated_v1,Test_148,data/datasets/DD_cases_2_3_4_curated_v1/Case2/csv_load/force_disp_Test_148.csv,curated_human_review,1.0,none
Case2,6x4_149,24.0,-59.0,18987.420898164553,2,6.0,4.0,6x4_curated_v1,Test_149,data/datasets/DD_cases_2_3_4_curated_v1/Case2/csv_load/force_disp_Test_149.csv,curated_human_review,1.0,none
Case2,6x4_150,15.0,-47.0,20352.354050625985,2,6.0,4.0,6x4_curated_v1,Test_150,data/datasets/DD_cases_2_3_4_curated_v1/Case2/csv_load/force_disp_Test_150.csv,curated_human_review,1.0,none
Case2,6x4_151,-66.0,-82.0,7852.607715837323,1,6.0,4.0,6x4_curated_v1,Test_151,data/datasets/DD_cases_2_3_4_curated_v1/Case2/csv_load/force_disp_Test_151.csv,curated_human_review,1.0,none
Case2,6x4_152,-23.0,-66.0,18913.29779648672,2,6.0,4.0,6x4_curated_v1,Test_152,data/datasets/DD_cases_2_3_4_curated_v1/Case2/csv_load/force_disp_Test_152.csv,curated_human_review,1.0,none
Case2,6x4_153,50.0,-62.0,14258.02576510243,1,6.0,4.0,6x4_curated_v1,Test_153,data/datasets/DD_cases_2_3_4_curated_v1/Case2/csv_load/force_disp_Test_153.csv,curated_human_review,1.0,none
Case2,6x4_154,-65.0,-65.0,10642.305491634826,1,6.0,4.0,6x4_curated_v1,Test_154,data/datasets/DD_cases_2_3_4_curated_v1/Case2/csv_load/force_disp_Test_154.csv,curated_human_review,1.0,none
Case2,6x4_155,11.0,-32.0,20998.13037174053,3,6.0,4.0,6x4_curated_v1,Test_155,data/datasets/DD_cases_2_3_4_curated_v1/Case2/csv_load/force_disp_Test_155.csv,curated_human_review,1.0,none
Case2,6x4_156,70.0,-86.0,6916.165492716169,1,6.0,4.0,6x4_curated_v1,Test_156,data/datasets/DD_cases_2_3_4_curated_v1/Case2/csv_load/force_disp_Test_156.csv,curated_human_review,1.0,none
Case2,6x4_157,78.0,-26.0,18245.925346530516,2,6.0,4.0,6x4_curated_v1,Test_157,data/datasets/DD_cases_2_3_4_curated_v1/Case2/csv_load/force_disp_Test_157.csv,curated_human_review,1.0,none
Case2,6x4_158,17.0,-43.0,19805.97391087323,2,6.0,4.0,6x4_curated_v1,Test_158,data/datasets/DD_cases_2_3_4_curated_v1/Case2/csv_load/force_disp_Test_158.csv,curated_human_review,1.0,none
Case2,6x4_159,-9.0,-4.0,16942.796513979963,3,6.0,4.0,6x4_curated_v1,Test_159,data/datasets/DD_cases_2_3_4_curated_v1/Case2/csv_load/force_disp_Test_159.csv,curated_human_review,1.0,none
Case2,6x4_160,47.0,-13.0,20645.094612575558,2,6.0,4.0,6x4_curated_v1,Test_160,data/datasets/DD_cases_2_3_4_curated_v1/Case2/csv_load/force_disp_Test_160.csv,curated_human_review,1.0,none
Case2,6x4_161,-43.0,-45.0,15059.704239150913,1,6.0,4.0,6x4_curated_v1,Test_161,data/datasets/DD_cases_2_3_4_curated_v1/Case2/csv_load/force_disp_Test_161.csv,curated_human_review,1.0,none
Case2,6x4_162,-71.0,-11.0,21359.741658313826,2,6.0,4.0,6x4_curated_v1,Test_162,data/datasets/DD_cases_2_3_4_curated_v1/Case2/csv_load/force_disp_Test_162.csv,curated_human_review,1.0,none
Case2,6x4_163,-84.0,28.0,18338.955396095836,2,6.0,4.0,6x4_curated_v1,Test_163,data/datasets/DD_cases_2_3_4_curated_v1/Case2/csv_load/force_disp_Test_163.csv,curated_human_review,1.0,none
Case2,6x4_164,-16.0,-5.0,17864.734028392748,3,6.0,4.0,6x4_curated_v1,Test_164,data/datasets/DD_cases_2_3_4_curated_v1/Case2/csv_load/force_disp_Test_164.csv,curated_human_review,1.0,none
Case2,6x4_165,-5.0,10.0,17074.09801002604,3,6.0,4.0,6x4_curated_v1,Test_165,data/datasets/DD_cases_2_3_4_curated_v1/Case2/csv_load/force_disp_Test_165.csv,curated_human_review,1.0,none
Case2,6x4_166,-61.0,-3.0,22144.237823452062,2,6.0,4.0,6x4_curated_v1,Test_166,data/datasets/DD_cases_2_3_4_curated_v1/Case2/csv_load/force_disp_Test_166.csv,curated_human_review,1.0,none
Case2,6x4_167,-4.0,-6.0,34578.323502431216,3,6.0,4.0,6x4_curated_v1,Test_167,data/datasets/DD_cases_2_3_4_curated_v1/Case2/csv_load/force_disp_Test_167.csv,curated_human_review,1.0,none
Case2,6x4_168,-5.0,-1.0,16752.135414763357,3,6.0,4.0,6x4_curated_v1,Test_168,data/datasets/DD_cases_2_3_4_curated_v1/Case2/csv_load/force_disp_Test_168.csv,curated_human_review,1.0,none
Case2,6x4_169,58.0,-70.0,11082.860934759608,1,6.0,4.0,6x4_curated_v1,Test_169,data/datasets/DD_cases_2_3_4_curated_v1/Case2/csv_load/force_disp_Test_169.csv,curated_human_review,1.0,none
Case2,6x4_170,-35.0,-50.0,15724.71411011459,1,6.0,4.0,6x4_curated_v1,Test_170,data/datasets/DD_cases_2_3_4_curated_v1/Case2/csv_load/force_disp_Test_170.csv,curated_human_review,1.0,none
Case2,6x4_171,-6.0,-18.0,17771.939868934987,3,6.0,4.0,6x4_curated_v1,Test_171,data/datasets/DD_cases_2_3_4_curated_v1/Case2/csv_load/force_disp_Test_171.csv,curated_human_review,1.0,none
Case2,6x4_172,-68.0,5.0,22034.00690293698,2,6.0,4.0,6x4_curated_v1,Test_172,data/datasets/DD_cases_2_3_4_curated_v1/Case2/csv_load/force_disp_Test_172.csv,curated_human_review,1.0,none
Case2,6x4_173,82.0,-55.0,10156.859176763548,1,6.0,4.0,6x4_curated_v1,Test_173,data/datasets/DD_cases_2_3_4_curated_v1/Case2/csv_load/force_disp_Test_173.csv,curated_human_review,1.0,none
Case2,6x4_174,-76.0,51.0,11659.888567397536,1,6.0,4.0,6x4_curated_v1,Test_174,data/datasets/DD_cases_2_3_4_curated_v1/Case2/csv_load/force_disp_Test_174.csv,curated_human_review,1.0,none
Case2,6x4_175,-73.0,85.0,6422.7368016769005,1,6.0,4.0,6x4_curated_v1,Test_175,data/datasets/DD_cases_2_3_4_curated_v1/Case2/csv_load/force_disp_Test_175.csv,curated_human_review,1.0,none
Case2,6x4_176,-36.0,30.0,16474.161043303182,1,6.0,4.0,6x4_curated_v1,Test_176,data/datasets/DD_cases_2_3_4_curated_v1/Case2/csv_load/force_disp_Test_176.csv,curated_human_review,1.0,none
Case2,6x4_177,25.0,-81.0,19280.614771827895,2,6.0,4.0,6x4_curated_v1,Test_177,data/datasets/DD_cases_2_3_4_curated_v1/Case2/csv_load/force_disp_Test_177.csv,curated_human_review,1.0,none
Case2,6x4_178,27.0,63.0,18243.915034447313,2,6.0,4.0,6x4_curated_v1,Test_178,data/datasets/DD_cases_2_3_4_curated_v1/Case2/csv_load/force_disp_Test_178.csv,curated_human_review,1.0,none
Case2,6x4_179,73.0,-44.0,15034.989451880107,1,6.0,4.0,6x4_curated_v1,Test_179,data/datasets/DD_cases_2_3_4_curated_v1/Case2/csv_load/force_disp_Test_179.csv,curated_human_review,1.0,none
Case2,6x4_180,-14.0,88.0,20947.33439592328,2,6.0,4.0,6x4_curated_v1,Test_180,data/datasets/DD_cases_2_3_4_curated_v1/Case2/csv_load/force_disp_Test_180.csv,curated_human_review,1.0,none
Case2,6x4_181,88.0,45.0,12554.388123116472,1,6.0,4.0,6x4_curated_v1,Test_181,data/datasets/DD_cases_2_3_4_curated_v1/Case2/csv_load/force_disp_Test_181.csv,curated_human_review,1.0,none
Case2,6x4_182,-14.0,42.0,21339.96697323502,2,6.0,4.0,6x4_curated_v1,Test_182,data/datasets/DD_cases_2_3_4_curated_v1/Case2/csv_load/force_disp_Test_182.csv,curated_human_review,1.0,none
Case2,6x4_183,37.0,63.0,16022.572187764572,1,6.0,4.0,6x4_curated_v1,Test_183,data/datasets/DD_cases_2_3_4_curated_v1/Case2/csv_load/force_disp_Test_183.csv,curated_human_review,1.0,none
Case2,6x4_184,83.0,43.0,11967.243096667527,1,6.0,4.0,6x4_curated_v1,Test_184,data/datasets/DD_cases_2_3_4_curated_v1/Case2/csv_load/force_disp_Test_184.csv,curated_human_review,1.0,none
Case2,6x4_185,-18.0,49.0,19636.75276331284,2,6.0,4.0,6x4_curated_v1,Test_185,data/datasets/DD_cases_2_3_4_curated_v1/Case2/csv_load/force_disp_Test_185.csv,curated_human_review,1.0,none
Case2,6x4_186,-54.0,1.0,22178.47555914894,2,6.0,4.0,6x4_curated_v1,Test_186,data/datasets/DD_cases_2_3_4_curated_v1/Case2/csv_load/force_disp_Test_186.csv,curated_human_review,1.0,none
Case2,6x4_187,-47.0,-37.0,15392.392221167545,1,6.0,4.0,6x4_curated_v1,Test_187,data/datasets/DD_cases_2_3_4_curated_v1/Case2/csv_load/force_disp_Test_187.csv,curated_human_review,1.0,none
Case2,6x4_188,-40.0,56.0,15530.04730188103,1,6.0,4.0,6x4_curated_v1,Test_188,data/datasets/DD_cases_2_3_4_curated_v1/Case2/csv_load/force_disp_Test_188.csv,curated_human_review,1.0,none
Case2,6x4_189,34.0,0.0,21648.185159222492,3,6.0,4.0,6x4_curated_v1,Test_189,data/datasets/DD_cases_2_3_4_curated_v1/Case2/csv_load/force_disp_Test_189.csv,curated_human_review,1.0,none
Case2,6x4_190,-80.0,40.0,15621.070129048341,2,6.0,4.0,6x4_curated_v1,Test_190,data/datasets/DD_cases_2_3_4_curated_v1/Case2/csv_load/force_disp_Test_190.csv,curated_human_review,1.0,none
Case2,6x4_191,-75.0,6.0,22399.994698017577,2,6.0,4.0,6x4_curated_v1,Test_191,data/datasets/DD_cases_2_3_4_curated_v1/Case2/csv_load/force_disp_Test_191.csv,curated_human_review,1.0,none
Case2,6x4_192,89.0,-86.0,4916.256448855694,1,6.0,4.0,6x4_curated_v1,Test_192,data/datasets/DD_cases_2_3_4_curated_v1/Case2/csv_load/force_disp_Test_192.csv,curated_human_review,1.0,none
Case2,6x4_193,48.0,41.0,15391.811911449251,1,6.0,4.0,6x4_curated_v1,Test_193,data/datasets/DD_cases_2_3_4_curated_v1/Case2/csv_load/force_disp_Test_193.csv,curated_human_review,1.0,none
Case2,6x4_194,-11.0,-16.0,17995.32653778174,3,6.0,4.0,6x4_curated_v1,Test_194,data/datasets/DD_cases_2_3_4_curated_v1/Case2/csv_load/force_disp_Test_194.csv,curated_human_review,1.0,none
Case2,6x4_195,12.0,71.0,21609.72681903185,2,6.0,4.0,6x4_curated_v1,Test_195,data/datasets/DD_cases_2_3_4_curated_v1/Case2/csv_load/force_disp_Test_195.csv,curated_human_review,1.0,none
Case2,6x4_196,-32.0,84.0,17057.653938905187,2,6.0,4.0,6x4_curated_v1,Test_196,data/datasets/DD_cases_2_3_4_curated_v1/Case2/csv_load/force_disp_Test_196.csv,curated_human_review,1.0,none
Case2,6x4_197,-80.0,-38.0,15949.267921322184,2,6.0,4.0,6x4_curated_v1,Test_197,data/datasets/DD_cases_2_3_4_curated_v1/Case2/csv_load/force_disp_Test_197.csv,curated_human_review,1.0,none
Case2,6x4_198,-82.0,-53.0,10525.87463552392,1,6.0,4.0,6x4_curated_v1,Test_198,data/datasets/DD_cases_2_3_4_curated_v1/Case2/csv_load/force_disp_Test_198.csv,curated_human_review,1.0,none
Case2,6x4_199,-45.0,82.0,12868.27896151428,1,6.0,4.0,6x4_curated_v1,Test_199,data/datasets/DD_cases_2_3_4_curated_v1/Case2/csv_load/force_disp_Test_199.csv,curated_human_review,1.0,none
Case2,6x4_200,88.0,-42.0,11945.11328635953,1,6.0,4.0,6x4_curated_v1,Test_200,data/datasets/DD_cases_2_3_4_curated_v1/Case2/csv_load/force_disp_Test_200.csv,curated_human_review,1.0,none
Case2,6x4_201,-73.0,-27.0,18396.69650336068,2,6.0,4.0,6x4_curated_v1,Test_201,data/datasets/DD_cases_2_3_4_curated_v1/Case2/csv_load/force_disp_Test_201.csv,curated_human_review,1.0,none
Case2,6x4_202,-24.0,-76.0,19436.889317435416,2,6.0,4.0,6x4_curated_v1,Test_202,data/datasets/DD_cases_2_3_4_curated_v1/Case2/csv_load/force_disp_Test_202.csv,curated_human_review,1.0,none
Case2,6x4_203,33.0,58.0,16481.520967262808,2,6.0,4.0,6x4_curated_v1,Test_203,data/datasets/DD_cases_2_3_4_curated_v1/Case2/csv_load/force_disp_Test_203.csv,curated_human_review,1.0,none
Case2,6x4_204,27.0,-22.0,20169.219416635045,3,6.0,4.0,6x4_curated_v1,Test_204,data/datasets/DD_cases_2_3_4_curated_v1/Case2/csv_load/force_disp_Test_204.csv,curated_human_review,1.0,none
Case2,6x4_205,-58.0,-50.0,15058.90222602965,1,6.0,4.0,6x4_curated_v1,Test_205,data/datasets/DD_cases_2_3_4_curated_v1/Case2/csv_load/force_disp_Test_205.csv,curated_human_review,1.0,none
Case2,6x4_206,4.0,90.0,10033.736811180552,2,6.0,4.0,6x4_curated_v1,Test_206,data/datasets/DD_cases_2_3_4_curated_v1/Case2/csv_load/force_disp_Test_206.csv,curated_human_review,1.0,none
Case2,6x4_207,19.0,-83.0,20718.630788170623,2,6.0,4.0,6x4_curated_v1,Test_207,data/datasets/DD_cases_2_3_4_curated_v1/Case2/csv_load/force_disp_Test_207.csv,curated_human_review,1.0,none
Case2,6x4_208,-87.0,47.0,11985.412902705066,1,6.0,4.0,6x4_curated_v1,Test_208,data/datasets/DD_cases_2_3_4_curated_v1/Case2/csv_load/force_disp_Test_208.csv,curated_human_review,1.0,none
Case2,6x4_209,58.0,-69.0,11262.7522869744,1,6.0,4.0,6x4_curated_v1,Test_209,data/datasets/DD_cases_2_3_4_curated_v1/Case2/csv_load/force_disp_Test_209.csv,curated_human_review,1.0,none
Case2,6x4_210,-10.0,23.0,18592.485941262126,3,6.0,4.0,6x4_curated_v1,Test_210,data/datasets/DD_cases_2_3_4_curated_v1/Case2/csv_load/force_disp_Test_210.csv,curated_human_review,1.0,none
Case2,6x4_211,55.0,-59.0,13082.073949807596,1,6.0,4.0,6x4_curated_v1,Test_211,data/datasets/DD_cases_2_3_4_curated_v1/Case2/csv_load/force_disp_Test_211.csv,curated_human_review,1.0,none
Case2,6x4_212,-63.0,54.0,13149.642813456412,1,6.0,4.0,6x4_curated_v1,Test_212,data/datasets/DD_cases_2_3_4_curated_v1/Case2/csv_load/force_disp_Test_212.csv,curated_human_review,1.0,none
Case2,6x4_213,67.0,-42.0,15238.461765495984,1,6.0,4.0,6x4_curated_v1,Test_213,data/datasets/DD_cases_2_3_4_curated_v1/Case2/csv_load/force_disp_Test_213.csv,curated_human_review,1.0,none
Case2,6x4_214,63.0,-14.0,21252.83674905893,2,6.0,4.0,6x4_curated_v1,Test_214,data/datasets/DD_cases_2_3_4_curated_v1/Case2/csv_load/force_disp_Test_214.csv,curated_human_review,1.0,none
Case2,6x4_215,9.0,13.0,17835.088760201925,3,6.0,4.0,6x4_curated_v1,Test_215,data/datasets/DD_cases_2_3_4_curated_v1/Case2/csv_load/force_disp_Test_215.csv,curated_human_review,1.0,none
Case2,6x4_216,-10.0,59.0,21647.50111512341,2,6.0,4.0,6x4_curated_v1,Test_216,data/datasets/DD_cases_2_3_4_curated_v1/Case2/csv_load/force_disp_Test_216.csv,curated_human_review,1.0,none
Case2,6x4_217,21.0,56.0,19609.78370155998,2,6.0,4.0,6x4_curated_v1,Test_217,data/datasets/DD_cases_2_3_4_curated_v1/Case2/csv_load/force_disp_Test_217.csv,curated_human_review,1.0,none
Case2,6x4_218,5.0,-15.0,17291.633850273225,3,6.0,4.0,6x4_curated_v1,Test_218,data/datasets/DD_cases_2_3_4_curated_v1/Case2/csv_load/force_disp_Test_218.csv,curated_human_review,1.0,none
Case2,6x4_219,-7.0,65.0,22070.77677141205,2,6.0,4.0,6x4_curated_v1,Test_219,data/datasets/DD_cases_2_3_4_curated_v1/Case2/csv_load/force_disp_Test_219.csv,curated_human_review,1.0,none
Case2,6x4_220,14.0,-23.0,19368.438682776316,3,6.0,4.0,6x4_curated_v1,Test_220,data/datasets/DD_cases_2_3_4_curated_v1/Case2/csv_load/force_disp_Test_220.csv,curated_human_review,1.0,none
Case2,6x4_221,74.0,-56.0,10774.798576776451,1,6.0,4.0,6x4_curated_v1,Test_221,data/datasets/DD_cases_2_3_4_curated_v1/Case2/csv_load/force_disp_Test_221.csv,curated_human_review,1.0,none
Case2,6x4_222,7.0,-80.0,21939.181417166652,2,6.0,4.0,6x4_curated_v1,Test_222,data/datasets/DD_cases_2_3_4_curated_v1/Case2/csv_load/force_disp_Test_222.csv,curated_human_review,1.0,none
Case2,6x4_223,-78.0,-48.0,12092.550507205471,1,6.0,4.0,6x4_curated_v1,Test_223,data/datasets/DD_cases_2_3_4_curated_v1/Case2/csv_load/force_disp_Test_223.csv,curated_human_review,1.0,none
Case2,6x4_224,-4.0,-43.0,22327.81469540721,2,6.0,4.0,6x4_curated_v1,Test_224,data/datasets/DD_cases_2_3_4_curated_v1/Case2/csv_load/force_disp_Test_224.csv,curated_human_review,1.0,none
Case2,6x4_225,2.0,-73.0,22243.855918504287,2,6.0,4.0,6x4_curated_v1,Test_225,data/datasets/DD_cases_2_3_4_curated_v1/Case2/csv_load/force_disp_Test_225.csv,curated_human_review,1.0,none
Case2,6x4_226,-42.0,80.0,12636.501192716887,1,6.0,4.0,6x4_curated_v1,Test_226,data/datasets/DD_cases_2_3_4_curated_v1/Case2/csv_load/force_disp_Test_226.csv,curated_human_review,1.0,none
Case2,6x4_227,-42.0,-6.0,22027.314876317232,2,6.0,4.0,6x4_curated_v1,Test_227,data/datasets/DD_cases_2_3_4_curated_v1/Case2/csv_load/force_disp_Test_227.csv,curated_human_review,1.0,none
Case2,6x4_228,60.0,-31.0,16943.9259793842,2,6.0,4.0,6x4_curated_v1,Test_228,data/datasets/DD_cases_2_3_4_curated_v1/Case2/csv_load/force_disp_Test_228.csv,curated_human_review,1.0,none
Case2,6x4_229,42.0,86.0,12147.201106459304,1,6.0,4.0,6x4_curated_v1,Test_229,data/datasets/DD_cases_2_3_4_curated_v1/Case2/csv_load/force_disp_Test_229.csv,curated_human_review,1.0,none
Case2,6x4_230,-44.0,-30.0,16292.770338829978,1,6.0,4.0,6x4_curated_v1,Test_230,data/datasets/DD_cases_2_3_4_curated_v1/Case2/csv_load/force_disp_Test_230.csv,curated_human_review,1.0,none
Case2,6x4_231,-69.0,24.0,19228.988106973306,2,6.0,4.0,6x4_curated_v1,Test_231,data/datasets/DD_cases_2_3_4_curated_v1/Case2/csv_load/force_disp_Test_231.csv,curated_human_review,1.0,none
Case2,6x4_232,-8.0,-27.0,20445.4605050078,3,6.0,4.0,6x4_curated_v1,Test_232,data/datasets/DD_cases_2_3_4_curated_v1/Case2/csv_load/force_disp_Test_232.csv,curated_human_review,1.0,none
Case2,6x4_233,61.0,-20.0,19368.7626984714,2,6.0,4.0,6x4_curated_v1,Test_233,data/datasets/DD_cases_2_3_4_curated_v1/Case2/csv_load/force_disp_Test_233.csv,curated_human_review,1.0,none
Case2,6x4_234,-49.0,-40.0,15305.524143283565,1,6.0,4.0,6x4_curated_v1,Test_234,data/datasets/DD_cases_2_3_4_curated_v1/Case2/csv_load/force_disp_Test_234.csv,curated_human_review,1.0,none
Case2,6x4_235,-62.0,7.0,21858.485639555445,2,6.0,4.0,6x4_curated_v1,Test_235,data/datasets/DD_cases_2_3_4_curated_v1/Case2/csv_load/force_disp_Test_235.csv,curated_human_review,1.0,none
Case2,6x4_236,16.0,-57.0,20380.704515986185,2,6.0,4.0,6x4_curated_v1,Test_236,data/datasets/DD_cases_2_3_4_curated_v1/Case2/csv_load/force_disp_Test_236.csv,curated_human_review,1.0,none
Case2,6x4_237,-32.0,66.0,17161.738009005196,2,6.0,4.0,6x4_curated_v1,Test_237,data/datasets/DD_cases_2_3_4_curated_v1/Case2/csv_load/force_disp_Test_237.csv,curated_human_review,1.0,none
Case2,6x4_238,64.0,-22.0,19569.55455635698,2,6.0,4.0,6x4_curated_v1,Test_238,data/datasets/DD_cases_2_3_4_curated_v1/Case2/csv_load/force_disp_Test_238.csv,curated_human_review,1.0,none
Case2,6x4_239,30.0,17.0,19618.045851961564,3,6.0,4.0,6x4_curated_v1,Test_239,data/datasets/DD_cases_2_3_4_curated_v1/Case2/csv_load/force_disp_Test_239.csv,curated_human_review,1.0,none
Case2,6x4_240,53.0,26.0,17742.89028742882,2,6.0,4.0,6x4_curated_v1,Test_240,data/datasets/DD_cases_2_3_4_curated_v1/Case2/csv_load/force_disp_Test_240.csv,curated_human_review,1.0,none
Case2,6x4_241,13.0,6.0,17186.14571104635,3,6.0,4.0,6x4_curated_v1,Test_241,data/datasets/DD_cases_2_3_4_curated_v1/Case2/csv_load/force_disp_Test_241.csv,curated_human_review,1.0,none
Case2,6x4_242,-31.0,60.0,17150.369386403705,2,6.0,4.0,6x4_curated_v1,Test_242,data/datasets/DD_cases_2_3_4_curated_v1/Case2/csv_load/force_disp_Test_242.csv,curated_human_review,1.0,none
Case2,6x4_243,-63.0,-63.0,11513.413895177378,1,6.0,4.0,6x4_curated_v1,Test_243,data/datasets/DD_cases_2_3_4_curated_v1/Case2/csv_load/force_disp_Test_243.csv,curated_human_review,1.0,none
Case2,6x4_244,85.0,-58.0,9226.505402181536,1,6.0,4.0,6x4_curated_v1,Test_244,data/datasets/DD_cases_2_3_4_curated_v1/Case2/csv_load/force_disp_Test_244.csv,curated_human_review,1.0,none
Case2,6x4_245,-34.0,-14.0,19856.71831950007,3,6.0,4.0,6x4_curated_v1,Test_245,data/datasets/DD_cases_2_3_4_curated_v1/Case2/csv_load/force_disp_Test_245.csv,curated_human_review,1.0,none
Case2,6x4_246,60.0,61.0,12124.704993225623,1,6.0,4.0,6x4_curated_v1,Test_246,data/datasets/DD_cases_2_3_4_curated_v1/Case2/csv_load/force_disp_Test_246.csv,curated_human_review,1.0,none
Case2,6x4_247,-83.0,78.0,5901.031192304986,1,6.0,4.0,6x4_curated_v1,Test_247,data/datasets/DD_cases_2_3_4_curated_v1/Case2/csv_load/force_disp_Test_247.csv,curated_human_review,1.0,none
Case2,6x4_248,6.0,27.0,19856.12344991926,3,6.0,4.0,6x4_curated_v1,Test_248,data/datasets/DD_cases_2_3_4_curated_v1/Case2/csv_load/force_disp_Test_248.csv,curated_human_review,1.0,none
Case2,6x4_249,6.0,16.0,17514.902048012034,3,6.0,4.0,6x4_curated_v1,Test_249,data/datasets/DD_cases_2_3_4_curated_v1/Case2/csv_load/force_disp_Test_249.csv,curated_human_review,1.0,none
Case2,6x4_250,-47.0,64.0,15090.812055075732,1,6.0,4.0,6x4_curated_v1,Test_250,data/datasets/DD_cases_2_3_4_curated_v1/Case2/csv_load/force_disp_Test_250.csv,curated_human_review,1.0,none
Case2,6x4_251,-69.0,0.0,22201.525456809683,2,6.0,4.0,6x4_curated_v1,Test_251,data/datasets/DD_cases_2_3_4_curated_v1/Case2/csv_load/force_disp_Test_251.csv,curated_human_review,1.0,none
Case2,6x4_252,-82.0,-45.0,12763.099799450643,1,6.0,4.0,6x4_curated_v1,Test_252,data/datasets/DD_cases_2_3_4_curated_v1/Case2/csv_load/force_disp_Test_252.csv,curated_human_review,1.0,none
Case2,6x4_253,56.0,-34.0,15738.299968085543,2,6.0,4.0,6x4_curated_v1,Test_253,data/datasets/DD_cases_2_3_4_curated_v1/Case2/csv_load/force_disp_Test_253.csv,curated_human_review,1.0,none
Case2,6x4_254,-75.0,-17.0,20296.055254171773,2,6.0,4.0,6x4_curated_v1,Test_254,data/datasets/DD_cases_2_3_4_curated_v1/Case2/csv_load/force_disp_Test_254.csv,curated_human_review,1.0,none
Case2,6x4_255,32.0,-60.0,16888.94951834212,1,6.0,4.0,6x4_curated_v1,Test_255,data/datasets/DD_cases_2_3_4_curated_v1/Case2/csv_load/force_disp_Test_255.csv,curated_human_review,1.0,none
Case2,6x4_256,-25.0,-11.0,19544.900116467492,3,6.0,4.0,6x4_curated_v1,Test_256,data/datasets/DD_cases_2_3_4_curated_v1/Case2/csv_load/force_disp_Test_256.csv,curated_human_review,1.0,none
Case2,6x4_257,65.0,80.0,8230.341289271644,1,6.0,4.0,6x4_curated_v1,Test_257,data/datasets/DD_cases_2_3_4_curated_v1/Case2/csv_load/force_disp_Test_257.csv,curated_human_review,1.0,none
Case2,6x4_258,54.0,-18.0,20169.55595728981,2,6.0,4.0,6x4_curated_v1,Test_258,data/datasets/DD_cases_2_3_4_curated_v1/Case2/csv_load/force_disp_Test_258.csv,curated_human_review,1.0,none
Case2,6x4_259,-6.0,38.0,21158.46303928862,3,6.0,4.0,6x4_curated_v1,Test_259,data/datasets/DD_cases_2_3_4_curated_v1/Case2/csv_load/force_disp_Test_259.csv,curated_human_review,1.0,none
Case2,6x4_260,-50.0,68.0,12916.439480898927,1,6.0,4.0,6x4_curated_v1,Test_260,data/datasets/DD_cases_2_3_4_curated_v1/Case2/csv_load/force_disp_Test_260.csv,curated_human_review,1.0,none
Case2,6x4_261,-14.0,-28.0,20763.839450044543,3,6.0,4.0,6x4_curated_v1,Test_261,data/datasets/DD_cases_2_3_4_curated_v1/Case2/csv_load/force_disp_Test_261.csv,curated_human_review,1.0,none
Case2,6x4_262,-57.0,76.0,10374.91503648878,1,6.0,4.0,6x4_curated_v1,Test_262,data/datasets/DD_cases_2_3_4_curated_v1/Case2/csv_load/force_disp_Test_262.csv,curated_human_review,1.0,none
Case2,6x4_263,-24.0,2.0,19570.39536599779,3,6.0,4.0,6x4_curated_v1,Test_263,data/datasets/DD_cases_2_3_4_curated_v1/Case2/csv_load/force_disp_Test_263.csv,curated_human_review,1.0,none
Case2,6x4_264,87.0,-65.0,7712.739051064256,1,6.0,4.0,6x4_curated_v1,Test_264,data/datasets/DD_cases_2_3_4_curated_v1/Case2/csv_load/force_disp_Test_264.csv,curated_human_review,1.0,none
Case2,6x4_265,-25.0,-84.0,19152.831678599323,2,6.0,4.0,6x4_curated_v1,Test_265,data/datasets/DD_cases_2_3_4_curated_v1/Case2/csv_load/force_disp_Test_265.csv,curated_human_review,1.0,none
Case2,6x4_266,-26.0,-39.0,17127.531263806726,2,6.0,4.0,6x4_curated_v1,Test_266,data/datasets/DD_cases_2_3_4_curated_v1/Case2/csv_load/force_disp_Test_266.csv,curated_human_review,1.0,none
Case2,6x4_267,-33.0,-46.0,15671.874617300973,1,6.0,4.0,6x4_curated_v1,Test_267,data/datasets/DD_cases_2_3_4_curated_v1/Case2/csv_load/force_disp_Test_267.csv,curated_human_review,1.0,none
Case2,6x4_268,-59.0,29.0,17032.334444544056,2,6.0,4.0,6x4_curated_v1,Test_268,data/datasets/DD_cases_2_3_4_curated_v1/Case2/csv_load/force_disp_Test_268.csv,curated_human_review,1.0,none
Case2,6x4_269,-60.0,60.0,12347.987714725065,1,6.0,4.0,6x4_curated_v1,Test_269,data/datasets/DD_cases_2_3_4_curated_v1/Case2/csv_load/force_disp_Test_269.csv,curated_human_review,1.0,none
Case2,6x4_270,10.0,76.0,21674.54326783603,2,6.0,4.0,6x4_curated_v1,Test_270,data/datasets/DD_cases_2_3_4_curated_v1/Case2/csv_load/force_disp_Test_270.csv,curated_human_review,1.0,none
Case2,6x4_271,-30.0,50.0,16716.32705618474,2,6.0,4.0,6x4_curated_v1,Test_271,data/datasets/DD_cases_2_3_4_curated_v1/Case2/csv_load/force_disp_Test_271.csv,curated_human_review,1.0,none
Case2,6x4_272,72.0,69.0,8584.556018685464,1,6.0,4.0,6x4_curated_v1,Test_272,data/datasets/DD_cases_2_3_4_curated_v1/Case2/csv_load/force_disp_Test_272.csv,curated_human_review,1.0,none
Case2,6x4_273,81.0,62.0,8688.00910600487,1,6.0,4.0,6x4_curated_v1,Test_273,data/datasets/DD_cases_2_3_4_curated_v1/Case2/csv_load/force_disp_Test_273.csv,curated_human_review,1.0,none
Case2,6x4_274,30.0,-25.0,18587.120373728012,3,6.0,4.0,6x4_curated_v1,Test_274,data/datasets/DD_cases_2_3_4_curated_v1/Case2/csv_load/force_disp_Test_274.csv,curated_human_review,1.0,none
Case2,6x4_275,80.0,-20.0,20160.33761725802,2,6.0,4.0,6x4_curated_v1,Test_275,data/datasets/DD_cases_2_3_4_curated_v1/Case2/csv_load/force_disp_Test_275.csv,curated_human_review,1.0,none
Case2,6x4_276,-88.0,70.0,6781.832437735399,1,6.0,4.0,6x4_curated_v1,Test_276,data/datasets/DD_cases_2_3_4_curated_v1/Case2/csv_load/force_disp_Test_276.csv,curated_human_review,1.0,none
Case2,6x4_277,57.0,88.0,9410.122436155292,1,6.0,4.0,6x4_curated_v1,Test_277,data/datasets/DD_cases_2_3_4_curated_v1/Case2/csv_load/force_disp_Test_277.csv,curated_human_review,1.0,none
Case2,6x4_278,18.0,78.0,20980.223802292832,2,6.0,4.0,6x4_curated_v1,Test_278,data/datasets/DD_cases_2_3_4_curated_v1/Case2/csv_load/force_disp_Test_278.csv,curated_human_review,1.0,none
Case2,6x4_279,-88.0,-89.0,4911.513135183643,1,6.0,4.0,6x4_curated_v1,Test_279,data/datasets/DD_cases_2_3_4_curated_v1/Case2/csv_load/force_disp_Test_279.csv,curated_human_review,1.0,none
Case2,6x4_280,-31.0,-12.0,20727.153056757856,3,6.0,4.0,6x4_curated_v1,Test_280,data/datasets/DD_cases_2_3_4_curated_v1/Case2/csv_load/force_disp_Test_280.csv,curated_human_review,1.0,none
Case2,6x4_281,-72.0,-17.0,20293.4445489537,2,6.0,4.0,6x4_curated_v1,Test_281,data/datasets/DD_cases_2_3_4_curated_v1/Case2/csv_load/force_disp_Test_281.csv,curated_human_review,1.0,none
Case2,6x4_282,25.0,-74.0,19086.397246924498,2,6.0,4.0,6x4_curated_v1,Test_282,data/datasets/DD_cases_2_3_4_curated_v1/Case2/csv_load/force_disp_Test_282.csv,curated_human_review,1.0,none
Case2,6x4_283,34.0,-21.0,19004.433446355994,2,6.0,4.0,6x4_curated_v1,Test_283,data/datasets/DD_cases_2_3_4_curated_v1/Case2/csv_load/force_disp_Test_283.csv,curated_human_review,1.0,none
Case2,6x4_284,16.0,16.0,18209.758475005117,3,6.0,4.0,6x4_curated_v1,Test_284,data/datasets/DD_cases_2_3_4_curated_v1/Case2/csv_load/force_disp_Test_284.csv,curated_human_review,1.0,none
Case2,6x4_285,-21.0,55.0,19091.416500846422,2,6.0,4.0,6x4_curated_v1,Test_285,data/datasets/DD_cases_2_3_4_curated_v1/Case2/csv_load/force_disp_Test_285.csv,curated_human_review,1.0,none
Case2,6x4_286,40.0,-87.0,12546.509245976511,1,6.0,4.0,6x4_curated_v1,Test_286,data/datasets/DD_cases_2_3_4_curated_v1/Case2/csv_load/force_disp_Test_286.csv,curated_human_review,1.0,none
Case2,6x4_287,-77.0,22.0,19682.419178480406,2,6.0,4.0,6x4_curated_v1,Test_287,data/datasets/DD_cases_2_3_4_curated_v1/Case2/csv_load/force_disp_Test_287.csv,curated_human_review,1.0,none
Case2,6x4_288,37.0,70.0,16209.4467206728,2,6.0,4.0,6x4_curated_v1,Test_288,data/datasets/DD_cases_2_3_4_curated_v1/Case2/csv_load/force_disp_Test_288.csv,curated_human_review,1.0,none
Case2,6x4_289,-9.0,44.0,21714.82087123156,2,6.0,4.0,6x4_curated_v1,Test_289,data/datasets/DD_cases_2_3_4_curated_v1/Case2/csv_load/force_disp_Test_289.csv,curated_human_review,1.0,none
Case2,6x4_290,20.0,-82.0,20522.18521869169,2,6.0,4.0,6x4_curated_v1,Test_290,data/datasets/DD_cases_2_3_4_curated_v1/Case2/csv_load/force_disp_Test_290.csv,curated_human_review,1.0,none
Case2,6x4_291,26.0,5.0,19902.574046667247,3,6.0,4.0,6x4_curated_v1,Test_291,data/datasets/DD_cases_2_3_4_curated_v1/Case2/csv_load/force_disp_Test_291.csv,curated_human_review,1.0,none
Case2,6x4_292,71.0,-88.0,6680.707967500501,1,6.0,4.0,6x4_curated_v1,Test_292,data/datasets/DD_cases_2_3_4_curated_v1/Case2/csv_load/force_disp_Test_292.csv,curated_human_review,1.0,none
Case2,6x4_293,-28.0,11.0,19614.779213469814,3,6.0,4.0,6x4_curated_v1,Test_293,data/datasets/DD_cases_2_3_4_curated_v1/Case2/csv_load/force_disp_Test_293.csv,curated_human_review,1.0,none
Case2,6x4_294,-71.0,-57.0,10964.727394088353,1,6.0,4.0,6x4_curated_v1,Test_294,data/datasets/DD_cases_2_3_4_curated_v1/Case2/csv_load/force_disp_Test_294.csv,curated_human_review,1.0,none
Case2,6x4_295,-84.0,-9.0,21555.485153170084,2,6.0,4.0,6x4_curated_v1,Test_295,data/datasets/DD_cases_2_3_4_curated_v1/Case2/csv_load/force_disp_Test_295.csv,curated_human_review,1.0,none
Case2,6x4_296,-48.0,82.0,11880.68588063415,1,6.0,4.0,6x4_curated_v1,Test_296,data/datasets/DD_cases_2_3_4_curated_v1/Case2/csv_load/force_disp_Test_296.csv,curated_human_review,1.0,none
Case2,6x4_297,-13.0,-4.0,17336.19490492257,3,6.0,4.0,6x4_curated_v1,Test_297,data/datasets/DD_cases_2_3_4_curated_v1/Case2/csv_load/force_disp_Test_297.csv,curated_human_review,1.0,none
Case2,6x4_298,-19.0,-23.0,19757.553204401796,3,6.0,4.0,6x4_curated_v1,Test_298,data/datasets/DD_cases_2_3_4_curated_v1/Case2/csv_load/force_disp_Test_298.csv,curated_human_review,1.0,none
Case2,6x4_299,5.0,-32.0,21877.266309314433,3,6.0,4.0,6x4_curated_v1,Test_299,data/datasets/DD_cases_2_3_4_curated_v1/Case2/csv_load/force_disp_Test_299.csv,curated_human_review,1.0,none
Case2,6x4_300,51.0,46.0,15619.052271961038,1,6.0,4.0,6x4_curated_v1,Test_300,data/datasets/DD_cases_2_3_4_curated_v1/Case2/csv_load/force_disp_Test_300.csv,curated_human_review,1.0,none
Case2,6x8_001,65.0,19.0,7525.576895339104,2,6.0,8.0,6x8_new_data_curve_classifier_v1,Test_001,data/New_Data/csv_6x8_Case2/force_disp_Test_001.csv,curve_classifier_pseudo_label,0.7016666666666667,medium
Case2,6x8_002,40.0,-51.0,9876.031555208407,1,6.0,8.0,6x8_new_data_curve_classifier_v1,Test_002,data/New_Data/csv_6x8_Case2/force_disp_Test_002.csv,curve_classifier_pseudo_label,0.5383333333333333,high
Case2,6x8_003,-44.0,65.0,9433.471421825043,2,6.0,8.0,6x8_new_data_curve_classifier_v1,Test_003,data/New_Data/csv_6x8_Case2/force_disp_Test_003.csv,curve_classifier_pseudo_label,0.5383333333333333,high
Case2,6x8_004,49.0,48.0,10415.69076322906,1,6.0,8.0,6x8_new_data_curve_classifier_v1,Test_004,data/New_Data/csv_6x8_Case2/force_disp_Test_004.csv,curve_classifier_pseudo_label,0.985,low
Case2,6x8_005,-52.0,20.0,7818.281589636075,2,6.0,8.0,6x8_new_data_curve_classifier_v1,Test_005,data/New_Data/csv_6x8_Case2/force_disp_Test_005.csv,curve_classifier_pseudo_label,0.7233333333333334,medium
Case2,6x8_006,-15.0,-74.0,6875.589254158728,2,6.0,8.0,6x8_new_data_curve_classifier_v1,Test_006,data/New_Data/csv_6x8_Case2/force_disp_Test_006.csv,curve_classifier_pseudo_label,0.7316666666666667,medium
Case2,6x8_007,51.0,-83.0,8457.827117712022,1,6.0,8.0,6x8_new_data_curve_classifier_v1,Test_007,data/New_Data/csv_6x8_Case2/force_disp_Test_007.csv,curve_classifier_pseudo_label,0.8683333333333333,low
Case2,6x8_008,86.0,9.0,6280.1689619866,2,6.0,8.0,6x8_new_data_curve_classifier_v1,Test_008,data/New_Data/csv_6x8_Case2/force_disp_Test_008.csv,curve_classifier_pseudo_label,0.6283333333333333,high
Case2,6x8_009,-63.0,21.0,7785.499442875138,2,6.0,8.0,6x8_new_data_curve_classifier_v1,Test_009,data/New_Data/csv_6x8_Case2/force_disp_Test_009.csv,curve_classifier_pseudo_label,0.7566666666666667,medium
Case2,6x8_010,-74.0,83.0,4290.894577549593,1,6.0,8.0,6x8_new_data_curve_classifier_v1,Test_010,data/New_Data/csv_6x8_Case2/force_disp_Test_010.csv,curve_classifier_pseudo_label,0.6716666666666666,high
Case2,6x8_011,-39.0,-9.0,6612.7033842657875,3,6.0,8.0,6x8_new_data_curve_classifier_v1,Test_011,data/New_Data/csv_6x8_Case2/force_disp_Test_011.csv,curve_classifier_pseudo_label,0.5733333333333334,high
Case2,6x8_012,-56.0,9.0,7210.409607503131,2,6.0,8.0,6x8_new_data_curve_classifier_v1,Test_012,data/New_Data/csv_6x8_Case2/force_disp_Test_012.csv,curve_classifier_pseudo_label,0.68,high
Case2,6x8_013,61.0,33.0,8742.41771984591,2,6.0,8.0,6x8_new_data_curve_classifier_v1,Test_013,data/New_Data/csv_6x8_Case2/force_disp_Test_013.csv,curve_classifier_pseudo_label,0.6516666666666666,high
Case2,6x8_014,19.0,79.0,6961.530813854964,2,6.0,8.0,6x8_new_data_curve_classifier_v1,Test_014,data/New_Data/csv_6x8_Case2/force_disp_Test_014.csv,curve_classifier_pseudo_label,0.81,medium
Case2,6x8_015,35.0,60.0,8997.773506824675,2,6.0,8.0,6x8_new_data_curve_classifier_v1,Test_015,data/New_Data/csv_6x8_Case2/force_disp_Test_015.csv,curve_classifier_pseudo_label,0.6133333333333333,high
Case2,6x8_016,75.0,-61.0,6870.257234788168,1,6.0,8.0,6x8_new_data_curve_classifier_v1,Test_016,data/New_Data/csv_6x8_Case2/force_disp_Test_016.csv,curve_classifier_pseudo_label,0.9533333333333334,low
Case2,6x8_017,-30.0,66.0,8420.170838117543,2,6.0,8.0,6x8_new_data_curve_classifier_v1,Test_017,data/New_Data/csv_6x8_Case2/force_disp_Test_017.csv,curve_classifier_pseudo_label,0.7616666666666667,medium
Case2,6x8_018,-53.0,31.0,8869.432595235507,2,6.0,8.0,6x8_new_data_curve_classifier_v1,Test_018,data/New_Data/csv_6x8_Case2/force_disp_Test_018.csv,curve_classifier_pseudo_label,0.6866666666666666,high
Case2,6x8_019,-79.0,29.0,7800.238583489085,2,6.0,8.0,6x8_new_data_curve_classifier_v1,Test_019,data/New_Data/csv_6x8_Case2/force_disp_Test_019.csv,curve_classifier_pseudo_label,0.7483333333333333,medium
Case2,6x8_020,-2.0,48.0,6919.351101139208,2,6.0,8.0,6x8_new_data_curve_classifier_v1,Test_020,data/New_Data/csv_6x8_Case2/force_disp_Test_020.csv,curve_classifier_pseudo_label,0.6116666666666667,high
Case2,6x8_021,-49.0,-67.0,9504.399940379026,1,6.0,8.0,6x8_new_data_curve_classifier_v1,Test_021,data/New_Data/csv_6x8_Case2/force_disp_Test_021.csv,curve_classifier_pseudo_label,0.6316666666666667,high
Case2,6x8_022,43.0,-33.0,9079.185262723697,2,6.0,8.0,6x8_new_data_curve_classifier_v1,Test_022,data/New_Data/csv_6x8_Case2/force_disp_Test_022.csv,curve_classifier_pseudo_label,0.5583333333333333,high
Case2,6x8_023,62.0,-67.0,7299.010682036607,1,6.0,8.0,6x8_new_data_curve_classifier_v1,Test_023,data/New_Data/csv_6x8_Case2/force_disp_Test_023.csv,curve_classifier_pseudo_label,0.94,low
Case2,6x8_024,30.0,75.0,7938.613961782274,2,6.0,8.0,6x8_new_data_curve_classifier_v1,Test_024,data/New_Data/csv_6x8_Case2/force_disp_Test_024.csv,curve_classifier_pseudo_label,0.7466666666666667,medium
Case2,6x8_025,80.0,-80.0,3995.8827721375274,1,6.0,8.0,6x8_new_data_curve_classifier_v1,Test_025,data/New_Data/csv_6x8_Case2/force_disp_Test_025.csv,curve_classifier_pseudo_label,0.6883333333333334,high
Case2,6x8_026,-81.0,73.0,4541.779297238318,1,6.0,8.0,6x8_new_data_curve_classifier_v1,Test_026,data/New_Data/csv_6x8_Case2/force_disp_Test_026.csv,curve_classifier_pseudo_label,0.715,medium
Case2,6x8_027,54.0,-38.0,9521.795891327254,2,6.0,8.0,6x8_new_data_curve_classifier_v1,Test_027,data/New_Data/csv_6x8_Case2/force_disp_Test_027.csv,curve_classifier_pseudo_label,0.49833333333333335,high
Case2,6x8_028,36.0,-31.0,8691.726691902553,2,6.0,8.0,6x8_new_data_curve_classifier_v1,Test_028,data/New_Data/csv_6x8_Case2/force_disp_Test_028.csv,curve_classifier_pseudo_label,0.5666666666666667,high
Case2,6x8_029,52.0,-41.0,9948.557492059788,1,6.0,8.0,6x8_new_data_curve_classifier_v1,Test_029,data/New_Data/csv_6x8_Case2/force_disp_Test_029.csv,curve_classifier_pseudo_label,0.55,high
Case2,6x8_030,15.0,-12.0,5251.288295759243,3,6.0,8.0,6x8_new_data_curve_classifier_v1,Test_030,data/New_Data/csv_6x8_Case2/force_disp_Test_030.csv,curve_classifier_pseudo_label,0.88,low
Case2,6x8_031,-55.0,-62.0,8759.641011152311,1,6.0,8.0,6x8_new_data_curve_classifier_v1,Test_031,data/New_Data/csv_6x8_Case2/force_disp_Test_031.csv,curve_classifier_pseudo_label,0.9933333333333333,low
Case2,6x8_032,-19.0,-7.0,5185.574417957559,3,6.0,8.0,6x8_new_data_curve_classifier_v1,Test_032,data/New_Data/csv_6x8_Case2/force_disp_Test_032.csv,curve_classifier_pseudo_label,0.8633333333333333,low
Case2,6x8_033,-61.0,86.0,5969.546683186627,1,6.0,8.0,6x8_new_data_curve_classifier_v1,Test_033,data/New_Data/csv_6x8_Case2/force_disp_Test_033.csv,curve_classifier_pseudo_label,0.7566666666666667,medium
Case2,6x8_034,-43.0,-15.0,7189.9768616189285,2,6.0,8.0,6x8_new_data_curve_classifier_v1,Test_034,data/New_Data/csv_6x8_Case2/force_disp_Test_034.csv,curve_classifier_pseudo_label,0.5,high
Case2,6x8_035,70.0,81.0,4882.522053844512,1,6.0,8.0,6x8_new_data_curve_classifier_v1,Test_035,data/New_Data/csv_6x8_Case2/force_disp_Test_035.csv,curve_classifier_pseudo_label,0.6933333333333334,high
Case2,6x8_036,8.0,25.0,5723.711589671404,3,6.0,8.0,6x8_new_data_curve_classifier_v1,Test_036,data/New_Data/csv_6x8_Case2/force_disp_Test_036.csv,curve_classifier_pseudo_label,0.84,medium
Case2,6x8_037,-85.0,67.0,5061.708373461187,1,6.0,8.0,6x8_new_data_curve_classifier_v1,Test_037,data/New_Data/csv_6x8_Case2/force_disp_Test_037.csv,curve_classifier_pseudo_label,0.72,medium
Case2,6x8_038,-56.0,52.0,9709.61305981702,1,6.0,8.0,6x8_new_data_curve_classifier_v1,Test_038,data/New_Data/csv_6x8_Case2/force_disp_Test_038.csv,curve_classifier_pseudo_label,0.9966666666666667,low
Case2,6x8_039,64.0,42.0,9277.786042753532,2,6.0,8.0,6x8_new_data_curve_classifier_v1,Test_039,data/New_Data/csv_6x8_Case2/force_disp_Test_039.csv,curve_classifier_pseudo_label,0.5283333333333333,high
Case2,6x8_040,-27.0,-54.0,8417.530425781799,2,6.0,8.0,6x8_new_data_curve_classifier_v1,Test_040,data/New_Data/csv_6x8_Case2/force_disp_Test_040.csv,curve_classifier_pseudo_label,0.6683333333333333,high
Case2,6x8_041,-2.0,-68.0,6702.931568651364,2,6.0,8.0,6x8_new_data_curve_classifier_v1,Test_041,data/New_Data/csv_6x8_Case2/force_disp_Test_041.csv,curve_classifier_pseudo_label,0.7,medium
Case2,6x8_042,84.0,51.0,8354.811920924474,1,6.0,8.0,6x8_new_data_curve_classifier_v1,Test_042,data/New_Data/csv_6x8_Case2/force_disp_Test_042.csv,curve_classifier_pseudo_label,0.7166666666666667,medium
Case2,6x8_043,79.0,-71.0,4939.295628493121,1,6.0,8.0,6x8_new_data_curve_classifier_v1,Test_043,data/New_Data/csv_6x8_Case2/force_disp_Test_043.csv,curve_classifier_pseudo_label,0.8133333333333334,medium
Case2,6x8_044,59.0,-56.0,8818.441250429847,1,6.0,8.0,6x8_new_data_curve_classifier_v1,Test_044,data/New_Data/csv_6x8_Case2/force_disp_Test_044.csv,curve_classifier_pseudo_label,0.995,low
Case2,6x8_045,-18.0,-35.0,7093.734274609654,3,6.0,8.0,6x8_new_data_curve_classifier_v1,Test_045,data/New_Data/csv_6x8_Case2/force_disp_Test_045.csv,curve_classifier_pseudo_label,0.585,high
Case2,6x8_046,-76.0,-77.0,4637.114811034692,1,6.0,8.0,6x8_new_data_curve_classifier_v1,Test_046,data/New_Data/csv_6x8_Case2/force_disp_Test_046.csv,curve_classifier_pseudo_label,0.73,medium
Case2,6x8_047,42.0,27.0,8278.167950223326,2,6.0,8.0,6x8_new_data_curve_classifier_v1,Test_047,data/New_Data/csv_6x8_Case2/force_disp_Test_047.csv,curve_classifier_pseudo_label,0.6066666666666667,high
Case2,6x8_048,1.0,71.0,6563.966897470223,2,6.0,8.0,6x8_new_data_curve_classifier_v1,Test_048,data/New_Data/csv_6x8_Case2/force_disp_Test_048.csv,curve_classifier_pseudo_label,0.7816666666666666,medium
Case2,6x8_049,-37.0,22.0,7640.59598138308,2,6.0,8.0,6x8_new_data_curve_classifier_v1,Test_049,data/New_Data/csv_6x8_Case2/force_disp_Test_049.csv,curve_classifier_pseudo_label,0.5116666666666667,high
Case2,6x8_050,-16.0,44.0,7424.497940941248,2,6.0,8.0,6x8_new_data_curve_classifier_v1,Test_050,data/New_Data/csv_6x8_Case2/force_disp_Test_050.csv,curve_classifier_pseudo_label,0.615,high
Case2,6x8_051,28.0,57.0,8471.924162234927,2,6.0,8.0,6x8_new_data_curve_classifier_v1,Test_051,data/New_Data/csv_6x8_Case2/force_disp_Test_051.csv,curve_classifier_pseudo_label,0.6933333333333334,high
Case2,6x8_052,-79.0,34.0,8089.623952166233,2,6.0,8.0,6x8_new_data_curve_classifier_v1,Test_052,data/New_Data/csv_6x8_Case2/force_disp_Test_052.csv,curve_classifier_pseudo_label,0.7233333333333334,medium
Case2,6x8_053,3.0,87.0,6098.058186982147,2,6.0,8.0,6x8_new_data_curve_classifier_v1,Test_053,data/New_Data/csv_6x8_Case2/force_disp_Test_053.csv,curve_classifier_pseudo_label,0.68,high
Case2,6x8_054,-17.0,-44.0,7421.836051918207,2,6.0,8.0,6x8_new_data_curve_classifier_v1,Test_054,data/New_Data/csv_6x8_Case2/force_disp_Test_054.csv,curve_classifier_pseudo_label,0.5233333333333333,high
Case2,6x8_055,44.0,-49.0,10521.145497330383,1,6.0,8.0,6x8_new_data_curve_classifier_v1,Test_055,data/New_Data/csv_6x8_Case2/force_disp_Test_055.csv,curve_classifier_pseudo_label,0.79,medium
Case2,6x8_056,67.0,-19.0,7457.372539385561,2,6.0,8.0,6x8_new_data_curve_classifier_v1,Test_056,data/New_Data/csv_6x8_Case2/force_disp_Test_056.csv,curve_classifier_pseudo_label,0.71,medium
Case2,6x8_057,2.0,74.0,6405.916171308049,2,6.0,8.0,6x8_new_data_curve_classifier_v1,Test_057,data/New_Data/csv_6x8_Case2/force_disp_Test_057.csv,curve_classifier_pseudo_label,0.7616666666666667,medium
Case2,6x8_058,82.0,19.0,6865.43639489073,2,6.0,8.0,6x8_new_data_curve_classifier_v1,Test_058,data/New_Data/csv_6x8_Case2/force_disp_Test_058.csv,curve_classifier_pseudo_label,0.7016666666666667,medium
Case2,6x8_059,14.0,3.0,4717.642775501623,3,6.0,8.0,6x8_new_data_curve_classifier_v1,Test_059,data/New_Data/csv_6x8_Case2/force_disp_Test_059.csv,curve_classifier_pseudo_label,0.8833333333333333,low
Case2,6x8_060,44.0,-84.0,8476.139210330086,2,6.0,8.0,6x8_new_data_curve_classifier_v1,Test_060,data/New_Data/csv_6x8_Case2/force_disp_Test_060.csv,curve_classifier_pseudo_label,0.49,high
Case2,6x8_061,0.0,-52.0,6982.430546621292,2,6.0,8.0,6x8_new_data_curve_classifier_v1,Test_061,data/New_Data/csv_6x8_Case2/force_disp_Test_061.csv,curve_classifier_pseudo_label,0.6066666666666667,high
Case2,6x8_062,33.0,26.0,7825.111980807199,3,6.0,8.0,6x8_new_data_curve_classifier_v1,Test_062,data/New_Data/csv_6x8_Case2/force_disp_Test_062.csv,curve_classifier_pseudo_label,0.445,high
Case2,6x8_063,-75.0,38.0,8563.390357104494,2,6.0,8.0,6x8_new_data_curve_classifier_v1,Test_063,data/New_Data/csv_6x8_Case2/force_disp_Test_063.csv,curve_classifier_pseudo_label,0.6383333333333333,high
Case2,6x8_064,-20.0,55.0,7901.54588920378,2,6.0,8.0,6x8_new_data_curve_classifier_v1,Test_064,data/New_Data/csv_6x8_Case2/force_disp_Test_064.csv,curve_classifier_pseudo_label,0.7916666666666666,medium
Case2,6x8_065,72.0,31.0,8147.862665178651,2,6.0,8.0,6x8_new_data_curve_classifier_v1,Test_065,data/New_Data/csv_6x8_Case2/force_disp_Test_065.csv,curve_classifier_pseudo_label,0.695,high
Case2,6x8_066,75.0,72.0,5336.381554559695,1,6.0,8.0,6x8_new_data_curve_classifier_v1,Test_066,data/New_Data/csv_6x8_Case2/force_disp_Test_066.csv,curve_classifier_pseudo_label,0.6966666666666667,high
Case2,6x8_067,-83.0,68.0,5019.2438185102765,1,6.0,8.0,6x8_new_data_curve_classifier_v1,Test_067,data/New_Data/csv_6x8_Case2/force_disp_Test_067.csv,curve_classifier_pseudo_label,0.735,medium
Case2,6x8_068,-26.0,-1.0,5676.006513480624,3,6.0,8.0,6x8_new_data_curve_classifier_v1,Test_068,data/New_Data/csv_6x8_Case2/force_disp_Test_068.csv,curve_classifier_pseudo_label,0.8433333333333334,medium
Case2,6x8_069,-36.0,57.0,9222.005104701053,2,6.0,8.0,6x8_new_data_curve_classifier_v1,Test_069,data/New_Data/csv_6x8_Case2/force_disp_Test_069.csv,curve_classifier_pseudo_label,0.59,high
Case2,6x8_070,-89.0,-51.0,8218.407374803135,1,6.0,8.0,6x8_new_data_curve_classifier_v1,Test_070,data/New_Data/csv_6x8_Case2/force_disp_Test_070.csv,curve_classifier_pseudo_label,0.7083333333333334,medium
Case2,6x8_071,-45.0,-29.0,8526.26837285035,2,6.0,8.0,6x8_new_data_curve_classifier_v1,Test_071,data/New_Data/csv_6x8_Case2/force_disp_Test_071.csv,curve_classifier_pseudo_label,0.635,high
Case2,6x8_072,-29.0,13.0,6424.3572839207045,3,6.0,8.0,6x8_new_data_curve_classifier_v1,Test_072,data/New_Data/csv_6x8_Case2/force_disp_Test_072.csv,curve_classifier_pseudo_label,0.81,medium
Case2,6x8_073,-22.0,46.0,7883.061316988637,2,6.0,8.0,6x8_new_data_curve_classifier_v1,Test_073,data/New_Data/csv_6x8_Case2/force_disp_Test_073.csv,curve_classifier_pseudo_label,0.7116666666666667,medium
Case2,6x8_074,-1.0,-8.0,4451.753183748477,3,6.0,8.0,6x8_new_data_curve_classifier_v1,Test_074,data/New_Data/csv_6x8_Case2/force_disp_Test_074.csv,curve_classifier_pseudo_label,0.89,low
Case2,6x8_075,-22.0,82.0,7140.0069826958015,2,6.0,8.0,6x8_new_data_curve_classifier_v1,Test_075,data/New_Data/csv_6x8_Case2/force_disp_Test_075.csv,curve_classifier_pseudo_label,0.8333333333333334,medium
Case2,6x8_076,50.0,5.0,6882.051461065925,2,6.0,8.0,6x8_new_data_curve_classifier_v1,Test_076,data/New_Data/csv_6x8_Case2/force_disp_Test_076.csv,curve_classifier_pseudo_label,0.5583333333333333,high
Case2,6x8_077,-64.0,20.0,7734.016319599558,2,6.0,8.0,6x8_new_data_curve_classifier_v1,Test_077,data/New_Data/csv_6x8_Case2/force_disp_Test_077.csv,curve_classifier_pseudo_label,0.7533333333333333,medium
Case2,6x8_078,29.0,-79.0,7801.410685951278,2,6.0,8.0,6x8_new_data_curve_classifier_v1,Test_078,data/New_Data/csv_6x8_Case2/force_disp_Test_078.csv,curve_classifier_pseudo_label,0.745,medium
Case2,6x8_079,-67.0,39.0,9031.897191912816,2,6.0,8.0,6x8_new_data_curve_classifier_v1,Test_079,data/New_Data/csv_6x8_Case2/force_disp_Test_079.csv,curve_classifier_pseudo_label,0.59,high
Case2,6x8_080,-53.0,-64.0,10022.690442720746,1,6.0,8.0,6x8_new_data_curve_classifier_v1,Test_080,data/New_Data/csv_6x8_Case2/force_disp_Test_080.csv,curve_classifier_pseudo_label,0.9916666666666667,low
Case2,6x8_081,-38.0,-72.0,8623.329098569639,2,6.0,8.0,6x8_new_data_curve_classifier_v1,Test_081,data/New_Data/csv_6x8_Case2/force_disp_Test_081.csv,curve_classifier_pseudo_label,0.62,high
Case2,6x8_082,85.0,48.0,8541.133070617376,1,6.0,8.0,6x8_new_data_curve_classifier_v1,Test_082,data/New_Data/csv_6x8_Case2/force_disp_Test_082.csv,curve_classifier_pseudo_label,0.485,high
Case2,6x8_083,-12.0,85.0,6469.676495298109,2,6.0,8.0,6x8_new_data_curve_classifier_v1,Test_083,data/New_Data/csv_6x8_Case2/force_disp_Test_083.csv,curve_classifier_pseudo_label,0.805,medium
Case2,6x8_084,77.0,-48.0,8873.14242246668,1,6.0,8.0,6x8_new_data_curve_classifier_v1,Test_084,data/New_Data/csv_6x8_Case2/force_disp_Test_084.csv,curve_classifier_pseudo_label,0.5183333333333333,high
Case2,6x8_085,45.0,75.0,8820.673524178555,2,6.0,8.0,6x8_new_data_curve_classifier_v1,Test_085,data/New_Data/csv_6x8_Case2/force_disp_Test_085.csv,curve_classifier_pseudo_label,0.49833333333333335,high
Case2,6x8_086,-41.0,-54.0,9783.43413189393,1,6.0,8.0,6x8_new_data_curve_classifier_v1,Test_086,data/New_Data/csv_6x8_Case2/force_disp_Test_086.csv,curve_classifier_pseudo_label,0.5233333333333333,high
Case2,6x8_087,-38.0,89.0,8148.1670531146465,2,6.0,8.0,6x8_new_data_curve_classifier_v1,Test_087,data/New_Data/csv_6x8_Case2/force_disp_Test_087.csv,curve_classifier_pseudo_label,0.6733333333333333,high
Case2,6x8_088,23.0,33.0,7460.41728258192,3,6.0,8.0,6x8_new_data_curve_classifier_v1,Test_088,data/New_Data/csv_6x8_Case2/force_disp_Test_088.csv,curve_classifier_pseudo_label,0.505,high
Case2,6x8_089,18.0,-35.0,7102.865823575253,3,6.0,8.0,6x8_new_data_curve_classifier_v1,Test_089,data/New_Data/csv_6x8_Case2/force_disp_Test_089.csv,curve_classifier_pseudo_label,0.5533333333333333,high
Case2,6x8_090,-65.0,24.0,7973.467306102667,2,6.0,8.0,6x8_new_data_curve_classifier_v1,Test_090,data/New_Data/csv_6x8_Case2/force_disp_Test_090.csv,curve_classifier_pseudo_label,0.755,medium
Case2,6x8_091,11.0,36.0,6623.763100136949,3,6.0,8.0,6x8_new_data_curve_classifier_v1,Test_091,data/New_Data/csv_6x8_Case2/force_disp_Test_091.csv,curve_classifier_pseudo_label,0.68,high
Case2,6x8_092,-38.0,-40.0,9705.169197923227,1,6.0,8.0,6x8_new_data_curve_classifier_v1,Test_092,data/New_Data/csv_6x8_Case2/force_disp_Test_092.csv,curve_classifier_pseudo_label,0.47333333333333333,high
Case2,6x8_093,-70.0,-78.0,5141.092540072209,1,6.0,8.0,6x8_new_data_curve_classifier_v1,Test_093,data/New_Data/csv_6x8_Case2/force_disp_Test_093.csv,curve_classifier_pseudo_label,0.7833333333333333,medium
Case2,6x8_094,73.0,-55.0,8484.175148496359,1,6.0,8.0,6x8_new_data_curve_classifier_v1,Test_094,data/New_Data/csv_6x8_Case2/force_disp_Test_094.csv,curve_classifier_pseudo_label,0.98,low
Case2,6x8_095,68.0,-30.0,8254.737719482788,2,6.0,8.0,6x8_new_data_curve_classifier_v1,Test_095,data/New_Data/csv_6x8_Case2/force_disp_Test_095.csv,curve_classifier_pseudo_label,0.72,medium
Case2,6x8_096,84.0,-52.0,8136.571470146959,1,6.0,8.0,6x8_new_data_curve_classifier_v1,Test_096,data/New_Data/csv_6x8_Case2/force_disp_Test_096.csv,curve_classifier_pseudo_label,0.8433333333333334,medium
Case2,6x8_097,-46.0,-23.0,7986.643707302327,2,6.0,8.0,6x8_new_data_curve_classifier_v1,Test_097,data/New_Data/csv_6x8_Case2/force_disp_Test_097.csv,curve_classifier_pseudo_label,0.6233333333333333,high
Case2,6x8_098,-1.0,36.0,6404.958483913311,3,6.0,8.0,6x8_new_data_curve_classifier_v1,Test_098,data/New_Data/csv_6x8_Case2/force_disp_Test_098.csv,curve_classifier_pseudo_label,0.75,medium
Case2,6x8_099,90.0,40.0,8215.773863954897,2,6.0,8.0,6x8_new_data_curve_classifier_v1,Test_099,data/New_Data/csv_6x8_Case2/force_disp_Test_099.csv,curve_classifier_pseudo_label,0.51,high
Case2,6x8_100,69.0,62.0,7081.632605192604,1,6.0,8.0,6x8_new_data_curve_classifier_v1,Test_100,data/New_Data/csv_6x8_Case2/force_disp_Test_100.csv,curve_classifier_pseudo_label,0.8883333333333333,low
Case2,6x8_101,48.0,15.0,7429.178405854709,2,6.0,8.0,6x8_new_data_curve_classifier_v1,Test_101,data/New_Data/csv_6x8_Case2/force_disp_Test_101.csv,curve_classifier_pseudo_label,0.58,high
Case2,6x8_102,76.0,-24.0,7455.125014670916,2,6.0,8.0,6x8_new_data_curve_classifier_v1,Test_102,data/New_Data/csv_6x8_Case2/force_disp_Test_102.csv,curve_classifier_pseudo_label,0.74,medium
Case2,6x8_103,66.0,14.0,7189.015073169982,2,6.0,8.0,6x8_new_data_curve_classifier_v1,Test_103,data/New_Data/csv_6x8_Case2/force_disp_Test_103.csv,curve_classifier_pseudo_label,0.68,high
Case2,6x8_104,83.0,3.0,6095.790171109128,2,6.0,8.0,6x8_new_data_curve_classifier_v1,Test_104,data/New_Data/csv_6x8_Case2/force_disp_Test_104.csv,curve_classifier_pseudo_label,0.525,high
Case2,6x8_105,89.0,-77.0,3788.5020060740267,1,6.0,8.0,6x8_new_data_curve_classifier_v1,Test_105,data/New_Data/csv_6x8_Case2/force_disp_Test_105.csv,curve_classifier_pseudo_label,0.655,high
Case2,6x8_106,-12.0,43.0,7102.674060997715,2,6.0,8.0,6x8_new_data_curve_classifier_v1,Test_106,data/New_Data/csv_6x8_Case2/force_disp_Test_106.csv,curve_classifier_pseudo_label,0.5466666666666666,high
Case2,6x8_107,69.0,8.0,6726.984665137455,2,6.0,8.0,6x8_new_data_curve_classifier_v1,Test_107,data/New_Data/csv_6x8_Case2/force_disp_Test_107.csv,curve_classifier_pseudo_label,0.6666666666666666,high
Case2,6x8_108,46.0,-72.0,9080.962746517927,1,6.0,8.0,6x8_new_data_curve_classifier_v1,Test_108,data/New_Data/csv_6x8_Case2/force_disp_Test_108.csv,curve_classifier_pseudo_label,0.505,high
Case2,6x8_109,-69.0,17.0,7277.892356259281,2,6.0,8.0,6x8_new_data_curve_classifier_v1,Test_109,data/New_Data/csv_6x8_Case2/force_disp_Test_109.csv,curve_classifier_pseudo_label,0.7433333333333333,medium
Case2,6x8_110,-51.0,1.0,7005.36621778317,2,6.0,8.0,6x8_new_data_curve_classifier_v1,Test_110,data/New_Data/csv_6x8_Case2/force_disp_Test_110.csv,curve_classifier_pseudo_label,0.5983333333333334,high
Case2,6x8_111,7.0,87.0,6103.14862576846,2,6.0,8.0,6x8_new_data_curve_classifier_v1,Test_111,data/New_Data/csv_6x8_Case2/force_disp_Test_111.csv,curve_classifier_pseudo_label,0.7133333333333334,medium
Case2,6x8_112,21.0,-8.0,5363.467522077733,3,6.0,8.0,6x8_new_data_curve_classifier_v1,Test_112,data/New_Data/csv_6x8_Case2/force_disp_Test_112.csv,curve_classifier_pseudo_label,0.8616666666666667,low
Case2,6x8_113,35.0,-2.0,6309.8617823436425,3,6.0,8.0,6x8_new_data_curve_classifier_v1,Test_113,data/New_Data/csv_6x8_Case2/force_disp_Test_113.csv,curve_classifier_pseudo_label,0.7883333333333333,medium
Case2,6x8_114,-35.0,-78.0,8150.581691825827,2,6.0,8.0,6x8_new_data_curve_classifier_v1,Test_114,data/New_Data/csv_6x8_Case2/force_disp_Test_114.csv,curve_classifier_pseudo_label,0.69,high
Case2,6x8_115,22.0,74.0,7444.80656374171,2,6.0,8.0,6x8_new_data_curve_classifier_v1,Test_115,data/New_Data/csv_6x8_Case2/force_disp_Test_115.csv,curve_classifier_pseudo_label,0.8083333333333333,medium
Case2,6x8_116,12.0,-85.0,6472.2934192740395,2,6.0,8.0,6x8_new_data_curve_classifier_v1,Test_116,data/New_Data/csv_6x8_Case2/force_disp_Test_116.csv,curve_classifier_pseudo_label,0.7233333333333334,medium
Case2,6x8_117,-87.0,33.0,7842.651231101162,2,6.0,8.0,6x8_new_data_curve_classifier_v1,Test_117,data/New_Data/csv_6x8_Case2/force_disp_Test_117.csv,curve_classifier_pseudo_label,0.735,medium
Case2,6x8_118,54.0,-88.0,7422.019602197723,1,6.0,8.0,6x8_new_data_curve_classifier_v1,Test_118,data/New_Data/csv_6x8_Case2/force_disp_Test_118.csv,curve_classifier_pseudo_label,0.8166666666666667,medium
Case2,6x8_119,31.0,-10.0,6211.292233677788,3,6.0,8.0,6x8_new_data_curve_classifier_v1,Test_119,data/New_Data/csv_6x8_Case2/force_disp_Test_119.csv,curve_classifier_pseudo_label,0.8233333333333334,medium
Case2,6x8_120,-58.0,-26.0,8290.154780623041,2,6.0,8.0,6x8_new_data_curve_classifier_v1,Test_120,data/New_Data/csv_6x8_Case2/force_disp_Test_120.csv,curve_classifier_pseudo_label,0.6916666666666667,high
Case2,6x8_121,-50.0,14.0,7343.245294243103,2,6.0,8.0,6x8_new_data_curve_classifier_v1,Test_121,data/New_Data/csv_6x8_Case2/force_disp_Test_121.csv,curve_classifier_pseudo_label,0.6516666666666666,high
Case2,6x8_122,20.0,-73.0,7275.527452847364,2,6.0,8.0,6x8_new_data_curve_classifier_v1,Test_122,data/New_Data/csv_6x8_Case2/force_disp_Test_122.csv,curve_classifier_pseudo_label,0.7616666666666667,medium
Case2,6x8_123,76.0,4.0,6356.380085896413,2,6.0,8.0,6x8_new_data_curve_classifier_v1,Test_123,data/New_Data/csv_6x8_Case2/force_disp_Test_123.csv,curve_classifier_pseudo_label,0.6066666666666667,high
Case2,6x8_124,42.0,-66.0,9236.750113985738,2,6.0,8.0,6x8_new_data_curve_classifier_v1,Test_124,data/New_Data/csv_6x8_Case2/force_disp_Test_124.csv,curve_classifier_pseudo_label,0.49833333333333335,high
Case2,6x8_125,-3.0,72.0,6528.777480626151,2,6.0,8.0,6x8_new_data_curve_classifier_v1,Test_125,data/New_Data/csv_6x8_Case2/force_disp_Test_125.csv,curve_classifier_pseudo_label,0.79,medium
Case2,6x8_126,-8.0,18.0,5228.22718184735,3,6.0,8.0,6x8_new_data_curve_classifier_v1,Test_126,data/New_Data/csv_6x8_Case2/force_disp_Test_126.csv,curve_classifier_pseudo_label,0.8,medium
Case2,6x8_127,-66.0,77.0,5805.745766411929,1,6.0,8.0,6x8_new_data_curve_classifier_v1,Test_127,data/New_Data/csv_6x8_Case2/force_disp_Test_127.csv,curve_classifier_pseudo_label,0.8633333333333333,low
Case2,6x8_128,59.0,-70.0,7535.708159767084,1,6.0,8.0,6x8_new_data_curve_classifier_v1,Test_128,data/New_Data/csv_6x8_Case2/force_disp_Test_128.csv,curve_classifier_pseudo_label,0.9016666666666666,low
Case2,6x8_129,24.0,11.0,5789.050357961961,3,6.0,8.0,6x8_new_data_curve_classifier_v1,Test_129,data/New_Data/csv_6x8_Case2/force_disp_Test_129.csv,curve_classifier_pseudo_label,0.8633333333333333,low
Case2,6x8_130,-59.0,12.0,7267.683202843837,2,6.0,8.0,6x8_new_data_curve_classifier_v1,Test_130,data/New_Data/csv_6x8_Case2/force_disp_Test_130.csv,curve_classifier_pseudo_label,0.6966666666666667,high
Case2,6x8_131,41.0,53.0,9827.464421406341,1,6.0,8.0,6x8_new_data_curve_classifier_v1,Test_131,data/New_Data/csv_6x8_Case2/force_disp_Test_131.csv,curve_classifier_pseudo_label,0.5,high
Case2,6x8_132,38.0,35.0,9204.975311628454,2,6.0,8.0,6x8_new_data_curve_classifier_v1,Test_132,data/New_Data/csv_6x8_Case2/force_disp_Test_132.csv,curve_classifier_pseudo_label,0.485,high
Case2,6x8_133,-21.0,37.0,7462.520355505316,2,6.0,8.0,6x8_new_data_curve_classifier_v1,Test_133,data/New_Data/csv_6x8_Case2/force_disp_Test_133.csv,curve_classifier_pseudo_label,0.495,high
Case2,6x8_134,-56.0,37.0,9360.42609771498,2,6.0,8.0,6x8_new_data_curve_classifier_v1,Test_134,data/New_Data/csv_6x8_Case2/force_disp_Test_134.csv,curve_classifier_pseudo_label,0.555,high
Case2,6x8_135,39.0,-76.0,8533.707957072267,2,6.0,8.0,6x8_new_data_curve_classifier_v1,Test_135,data/New_Data/csv_6x8_Case2/force_disp_Test_135.csv,curve_classifier_pseudo_label,0.5983333333333334,high
Case2,6x8_136,8.0,-68.0,6874.297674547146,2,6.0,8.0,6x8_new_data_curve_classifier_v1,Test_136,data/New_Data/csv_6x8_Case2/force_disp_Test_136.csv,curve_classifier_pseudo_label,0.735,medium
Case2,6x8_137,68.0,53.0,9661.755871863594,1,6.0,8.0,6x8_new_data_curve_classifier_v1,Test_137,data/New_Data/csv_6x8_Case2/force_disp_Test_137.csv,curve_classifier_pseudo_label,0.9383333333333334,low
Case2,6x8_138,-28.0,-75.0,7785.112977325935,2,6.0,8.0,6x8_new_data_curve_classifier_v1,Test_138,data/New_Data/csv_6x8_Case2/force_disp_Test_138.csv,curve_classifier_pseudo_label,0.7183333333333334,medium
Case2,6x8_139,-52.0,-36.0,9303.082804276617,2,6.0,8.0,6x8_new_data_curve_classifier_v1,Test_139,data/New_Data/csv_6x8_Case2/force_disp_Test_139.csv,curve_classifier_pseudo_label,0.5516666666666666,high
Case2,6x8_140,1.0,-3.0,11665.033231579439,3,6.0,8.0,6x8_new_data_curve_classifier_v1,Test_140,data/New_Data/csv_6x8_Case2/force_disp_Test_140.csv,curve_classifier_pseudo_label,0.915,low
Case2,6x8_141,79.0,49.0,8738.29844158857,1,6.0,8.0,6x8_new_data_curve_classifier_v1,Test_141,data/New_Data/csv_6x8_Case2/force_disp_Test_141.csv,curve_classifier_pseudo_label,0.49166666666666664,high
Case2,6x8_142,56.0,10.0,7095.17391946656,2,6.0,8.0,6x8_new_data_curve_classifier_v1,Test_142,data/New_Data/csv_6x8_Case2/force_disp_Test_142.csv,curve_classifier_pseudo_label,0.6333333333333333,high
Case2,6x8_143,39.0,-35.0,9303.816029788943,2,6.0,8.0,6x8_new_data_curve_classifier_v1,Test_143,data/New_Data/csv_6x8_Case2/force_disp_Test_143.csv,curve_classifier_pseudo_label,0.505,high
Case2,6x8_144,-86.0,-39.0,8189.143834710542,2,6.0,8.0,6x8_new_data_curve_classifier_v1,Test_144,data/New_Data/csv_6x8_Case2/force_disp_Test_144.csv,curve_classifier_pseudo_label,0.6133333333333333,high
Case2,6x8_145,29.0,32.0,8217.944877826529,2,6.0,8.0,6x8_new_data_curve_classifier_v1,Test_145,data/New_Data/csv_6x8_Case2/force_disp_Test_145.csv,curve_classifier_pseudo_label,0.43,high
Case2,6x8_146,-41.0,-28.0,8352.300343441795,2,6.0,8.0,6x8_new_data_curve_classifier_v1,Test_146,data/New_Data/csv_6x8_Case2/force_disp_Test_146.csv,curve_classifier_pseudo_label,0.5966666666666667,high
Case2,6x8_147,47.0,23.0,7997.19028647722,2,6.0,8.0,6x8_new_data_curve_classifier_v1,Test_147,data/New_Data/csv_6x8_Case2/force_disp_Test_147.csv,curve_classifier_pseudo_label,0.6416666666666667,high
Case2,6x8_148,46.0,-62.0,9753.191144833758,1,6.0,8.0,6x8_new_data_curve_classifier_v1,Test_148,data/New_Data/csv_6x8_Case2/force_disp_Test_148.csv,curve_classifier_pseudo_label,0.5866666666666667,high
Case2,6x8_149,24.0,-59.0,8161.082343836658,2,6.0,8.0,6x8_new_data_curve_classifier_v1,Test_149,data/New_Data/csv_6x8_Case2/force_disp_Test_149.csv,curve_classifier_pseudo_label,0.73,medium
Case2,6x8_150,15.0,-47.0,7450.379497600241,2,6.0,8.0,6x8_new_data_curve_classifier_v1,Test_150,data/New_Data/csv_6x8_Case2/force_disp_Test_150.csv,curve_classifier_pseudo_label,0.6066666666666667,high
Case2,6x8_151,-66.0,-82.0,5353.531975981881,1,6.0,8.0,6x8_new_data_curve_classifier_v1,Test_151,data/New_Data/csv_6x8_Case2/force_disp_Test_151.csv,curve_classifier_pseudo_label,0.7466666666666667,medium
Case2,6x8_152,-23.0,-66.0,7795.910182133222,2,6.0,8.0,6x8_new_data_curve_classifier_v1,Test_152,data/New_Data/csv_6x8_Case2/force_disp_Test_152.csv,curve_classifier_pseudo_label,0.715,medium
Case2,6x8_153,50.0,-62.0,10068.454441796988,1,6.0,8.0,6x8_new_data_curve_classifier_v1,Test_153,data/New_Data/csv_6x8_Case2/force_disp_Test_153.csv,curve_classifier_pseudo_label,0.955,low
Case2,6x8_154,-65.0,-65.0,7083.937441816275,1,6.0,8.0,6x8_new_data_curve_classifier_v1,Test_154,data/New_Data/csv_6x8_Case2/force_disp_Test_154.csv,curve_classifier_pseudo_label,0.91,low
Case2,6x8_155,11.0,-32.0,6458.449818304124,3,6.0,8.0,6x8_new_data_curve_classifier_v1,Test_155,data/New_Data/csv_6x8_Case2/force_disp_Test_155.csv,curve_classifier_pseudo_label,0.7766666666666666,medium
Case2,6x8_156,70.0,-86.0,4612.560869506229,1,6.0,8.0,6x8_new_data_curve_classifier_v1,Test_156,data/New_Data/csv_6x8_Case2/force_disp_Test_156.csv,curve_classifier_pseudo_label,0.74,medium
Case2,6x8_157,78.0,-26.0,7607.65070451984,2,6.0,8.0,6x8_new_data_curve_classifier_v1,Test_157,data/New_Data/csv_6x8_Case2/force_disp_Test_157.csv,curve_classifier_pseudo_label,0.7283333333333334,medium
Case2,6x8_158,17.0,-43.0,7458.889677252563,2,6.0,8.0,6x8_new_data_curve_classifier_v1,Test_158,data/New_Data/csv_6x8_Case2/force_disp_Test_158.csv,curve_classifier_pseudo_label,0.5516666666666666,high
Case2,6x8_159,-9.0,-4.0,4267.4227905239495,3,6.0,8.0,6x8_new_data_curve_classifier_v1,Test_159,data/New_Data/csv_6x8_Case2/force_disp_Test_159.csv,curve_classifier_pseudo_label,0.885,low
Case2,6x8_160,47.0,-13.0,7192.0652450744265,2,6.0,8.0,6x8_new_data_curve_classifier_v1,Test_160,data/New_Data/csv_6x8_Case2/force_disp_Test_160.csv,curve_classifier_pseudo_label,0.5666666666666667,high
Case2,6x8_161,-43.0,-45.0,10438.019316713633,1,6.0,8.0,6x8_new_data_curve_classifier_v1,Test_161,data/New_Data/csv_6x8_Case2/force_disp_Test_161.csv,curve_classifier_pseudo_label,0.7733333333333333,medium
Case2,6x8_162,-71.0,-11.0,6776.0381295866655,2,6.0,8.0,6x8_new_data_curve_classifier_v1,Test_162,data/New_Data/csv_6x8_Case2/force_disp_Test_162.csv,curve_classifier_pseudo_label,0.695,high
Case2,6x8_163,-84.0,28.0,7568.7320612622925,2,6.0,8.0,6x8_new_data_curve_classifier_v1,Test_163,data/New_Data/csv_6x8_Case2/force_disp_Test_163.csv,curve_classifier_pseudo_label,0.7533333333333333,medium
Case2,6x8_164,-16.0,-5.0,5038.840964001595,3,6.0,8.0,6x8_new_data_curve_classifier_v1,Test_164,data/New_Data/csv_6x8_Case2/force_disp_Test_164.csv,curve_classifier_pseudo_label,0.8633333333333333,low
Case2,6x8_165,-5.0,10.0,4615.417633628161,3,6.0,8.0,6x8_new_data_curve_classifier_v1,Test_165,data/New_Data/csv_6x8_Case2/force_disp_Test_165.csv,curve_classifier_pseudo_label,0.8883333333333333,low
Case2,6x8_166,-61.0,-3.0,6830.373341292009,2,6.0,8.0,6x8_new_data_curve_classifier_v1,Test_166,data/New_Data/csv_6x8_Case2/force_disp_Test_166.csv,curve_classifier_pseudo_label,0.6633333333333333,high
Case2,6x8_167,-4.0,-6.0,4483.969980956597,3,6.0,8.0,6x8_new_data_curve_classifier_v1,Test_167,data/New_Data/csv_6x8_Case2/force_disp_Test_167.csv,curve_classifier_pseudo_label,0.8883333333333333,low
Case2,6x8_168,-5.0,-1.0,11588.63193082034,3,6.0,8.0,6x8_new_data_curve_classifier_v1,Test_168,data/New_Data/csv_6x8_Case2/force_disp_Test_168.csv,curve_classifier_pseudo_label,0.9166666666666666,low
Case2,6x8_169,58.0,-70.0,7720.602925318218,1,6.0,8.0,6x8_new_data_curve_classifier_v1,Test_169,data/New_Data/csv_6x8_Case2/force_disp_Test_169.csv,curve_classifier_pseudo_label,0.9016666666666666,low
Case2,6x8_170,-35.0,-50.0,9256.937724435724,2,6.0,8.0,6x8_new_data_curve_classifier_v1,Test_170,data/New_Data/csv_6x8_Case2/force_disp_Test_170.csv,curve_classifier_pseudo_label,0.5216666666666666,high
Case2,6x8_171,-6.0,-18.0,5080.205675128413,3,6.0,8.0,6x8_new_data_curve_classifier_v1,Test_171,data/New_Data/csv_6x8_Case2/force_disp_Test_171.csv,curve_classifier_pseudo_label,0.87,low
Case2,6x8_172,-68.0,5.0,6758.995375179671,2,6.0,8.0,6x8_new_data_curve_classifier_v1,Test_172,data/New_Data/csv_6x8_Case2/force_disp_Test_172.csv,curve_classifier_pseudo_label,0.6933333333333334,high
Case2,6x8_173,82.0,-55.0,7446.145385103274,1,6.0,8.0,6x8_new_data_curve_classifier_v1,Test_173,data/New_Data/csv_6x8_Case2/force_disp_Test_173.csv,curve_classifier_pseudo_label,0.8666666666666667,low
Case2,6x8_174,-76.0,51.0,9016.56679739327,1,6.0,8.0,6x8_new_data_curve_classifier_v1,Test_174,data/New_Data/csv_6x8_Case2/force_disp_Test_174.csv,curve_classifier_pseudo_label,0.5083333333333333,high
Case2,6x8_175,-73.0,85.0,4298.546627302681,1,6.0,8.0,6x8_new_data_curve_classifier_v1,Test_175,data/New_Data/csv_6x8_Case2/force_disp_Test_175.csv,curve_classifier_pseudo_label,0.6683333333333333,high
Case2,6x8_176,-36.0,30.0,8549.282438202226,2,6.0,8.0,6x8_new_data_curve_classifier_v1,Test_176,data/New_Data/csv_6x8_Case2/force_disp_Test_176.csv,curve_classifier_pseudo_label,0.5633333333333334,high
Case2,6x8_177,25.0,-81.0,7430.202124638852,2,6.0,8.0,6x8_new_data_curve_classifier_v1,Test_177,data/New_Data/csv_6x8_Case2/force_disp_Test_177.csv,curve_classifier_pseudo_label,0.7716666666666666,medium
Case2,6x8_178,27.0,63.0,8272.789180832258,2,6.0,8.0,6x8_new_data_curve_classifier_v1,Test_178,data/New_Data/csv_6x8_Case2/force_disp_Test_178.csv,curve_classifier_pseudo_label,0.725,medium
Case2,6x8_179,73.0,-44.0,8910.85584955233,2,6.0,8.0,6x8_new_data_curve_classifier_v1,Test_179,data/New_Data/csv_6x8_Case2/force_disp_Test_179.csv,curve_classifier_pseudo_label,0.4716666666666667,high
Case2,6x8_180,-14.0,88.0,6545.690092157038,2,6.0,8.0,6x8_new_data_curve_classifier_v1,Test_180,data/New_Data/csv_6x8_Case2/force_disp_Test_180.csv,curve_classifier_pseudo_label,0.8283333333333334,medium
Case2,6x8_181,88.0,45.0,8402.686332020308,2,6.0,8.0,6x8_new_data_curve_classifier_v1,Test_181,data/New_Data/csv_6x8_Case2/force_disp_Test_181.csv,curve_classifier_pseudo_label,0.48333333333333334,high
Case2,6x8_182,-14.0,42.0,7189.420068139018,2,6.0,8.0,6x8_new_data_curve_classifier_v1,Test_182,data/New_Data/csv_6x8_Case2/force_disp_Test_182.csv,curve_classifier_pseudo_label,0.54,high
Case2,6x8_183,37.0,63.0,9003.180314314966,2,6.0,8.0,6x8_new_data_curve_classifier_v1,Test_183,data/New_Data/csv_6x8_Case2/force_disp_Test_183.csv,curve_classifier_pseudo_label,0.5866666666666667,high
Case2,6x8_184,83.0,43.0,8414.410153673603,2,6.0,8.0,6x8_new_data_curve_classifier_v1,Test_184,data/New_Data/csv_6x8_Case2/force_disp_Test_184.csv,curve_classifier_pseudo_label,0.49833333333333335,high
Case2,6x8_185,-18.0,49.0,7668.279566665702,2,6.0,8.0,6x8_new_data_curve_classifier_v1,Test_185,data/New_Data/csv_6x8_Case2/force_disp_Test_185.csv,curve_classifier_pseudo_label,0.7283333333333334,medium
Case2,6x8_186,-54.0,1.0,6946.8752878813075,2,6.0,8.0,6x8_new_data_curve_classifier_v1,Test_186,data/New_Data/csv_6x8_Case2/force_disp_Test_186.csv,curve_classifier_pseudo_label,0.6316666666666667,high
Case2,6x8_187,-47.0,-37.0,9525.904863820493,2,6.0,8.0,6x8_new_data_curve_classifier_v1,Test_187,data/New_Data/csv_6x8_Case2/force_disp_Test_187.csv,curve_classifier_pseudo_label,0.48333333333333334,high
Case2,6x8_188,-40.0,56.0,9672.880328985164,2,6.0,8.0,6x8_new_data_curve_classifier_v1,Test_188,data/New_Data/csv_6x8_Case2/force_disp_Test_188.csv,curve_classifier_pseudo_label,0.5316666666666666,high
Case2,6x8_189,34.0,0.0,6264.147664952297,3,6.0,8.0,6x8_new_data_curve_classifier_v1,Test_189,data/New_Data/csv_6x8_Case2/force_disp_Test_189.csv,curve_classifier_pseudo_label,0.8,medium
Case2,6x8_190,-80.0,40.0,8422.986907255154,2,6.0,8.0,6x8_new_data_curve_classifier_v1,Test_190,data/New_Data/csv_6x8_Case2/force_disp_Test_190.csv,curve_classifier_pseudo_label,0.6133333333333333,high
Case2,6x8_191,-75.0,6.0,6431.526123776949,2,6.0,8.0,6x8_new_data_curve_classifier_v1,Test_191,data/New_Data/csv_6x8_Case2/force_disp_Test_191.csv,curve_classifier_pseudo_label,0.67,high
Case2,6x8_192,89.0,-86.0,3263.124877292651,1,6.0,8.0,6x8_new_data_curve_classifier_v1,Test_192,data/New_Data/csv_6x8_Case2/force_disp_Test_192.csv,curve_classifier_pseudo_label,0.6116666666666667,high
Case2,6x8_193,48.0,41.0,10045.609013157307,1,6.0,8.0,6x8_new_data_curve_classifier_v1,Test_193,data/New_Data/csv_6x8_Case2/force_disp_Test_193.csv,curve_classifier_pseudo_label,0.62,high
Case2,6x8_194,-11.0,-16.0,5234.989173717237,3,6.0,8.0,6x8_new_data_curve_classifier_v1,Test_194,data/New_Data/csv_6x8_Case2/force_disp_Test_194.csv,curve_classifier_pseudo_label,0.8783333333333333,low
Case2,6x8_195,12.0,71.0,6949.897117760036,2,6.0,8.0,6x8_new_data_curve_classifier_v1,Test_195,data/New_Data/csv_6x8_Case2/force_disp_Test_195.csv,curve_classifier_pseudo_label,0.7966666666666666,medium
Case2,6x8_196,-32.0,84.0,7819.318444286175,2,6.0,8.0,6x8_new_data_curve_classifier_v1,Test_196,data/New_Data/csv_6x8_Case2/force_disp_Test_196.csv,curve_classifier_pseudo_label,0.7716666666666666,medium
Case2,6x8_197,-80.0,-38.0,8321.619700250285,2,6.0,8.0,6x8_new_data_curve_classifier_v1,Test_197,data/New_Data/csv_6x8_Case2/force_disp_Test_197.csv,curve_classifier_pseudo_label,0.63,high
Case2,6x8_198,-82.0,-53.0,7986.8313675062445,1,6.0,8.0,6x8_new_data_curve_classifier_v1,Test_198,data/New_Data/csv_6x8_Case2/force_disp_Test_198.csv,curve_classifier_pseudo_label,0.7933333333333333,medium
Case2,6x8_199,-45.0,82.0,8572.063221970291,2,6.0,8.0,6x8_new_data_curve_classifier_v1,Test_199,data/New_Data/csv_6x8_Case2/force_disp_Test_199.csv,curve_classifier_pseudo_label,0.5216666666666666,high
Case2,6x8_200,88.0,-42.0,8319.12630855813,2,6.0,8.0,6x8_new_data_curve_classifier_v1,Test_200,data/New_Data/csv_6x8_Case2/force_disp_Test_200.csv,curve_classifier_pseudo_label,0.48833333333333334,high
Case2,6x8_201,-73.0,-27.0,7836.179024198517,2,6.0,8.0,6x8_new_data_curve_classifier_v1,Test_201,data/New_Data/csv_6x8_Case2/force_disp_Test_201.csv,curve_classifier_pseudo_label,0.715,medium
Case2,6x8_202,-24.0,-76.0,7458.751996437072,2,6.0,8.0,6x8_new_data_curve_classifier_v1,Test_202,data/New_Data/csv_6x8_Case2/force_disp_Test_202.csv,curve_classifier_pseudo_label,0.735,medium
Case2,6x8_203,33.0,58.0,8856.850457360058,2,6.0,8.0,6x8_new_data_curve_classifier_v1,Test_203,data/New_Data/csv_6x8_Case2/force_disp_Test_203.csv,curve_classifier_pseudo_label,0.6483333333333333,high
Case2,6x8_204,27.0,-22.0,7046.353877859408,3,6.0,8.0,6x8_new_data_curve_classifier_v1,Test_204,data/New_Data/csv_6x8_Case2/force_disp_Test_204.csv,curve_classifier_pseudo_label,0.7216666666666667,medium
Case2,6x8_205,-58.0,-50.0,10407.867915898876,1,6.0,8.0,6x8_new_data_curve_classifier_v1,Test_205,data/New_Data/csv_6x8_Case2/force_disp_Test_205.csv,curve_classifier_pseudo_label,0.9933333333333333,low
Case2,6x8_206,4.0,90.0,6075.07227135913,2,6.0,8.0,6x8_new_data_curve_classifier_v1,Test_206,data/New_Data/csv_6x8_Case2/force_disp_Test_206.csv,curve_classifier_pseudo_label,0.6683333333333333,high
Case2,6x8_207,19.0,-83.0,6873.175854888429,2,6.0,8.0,6x8_new_data_curve_classifier_v1,Test_207,data/New_Data/csv_6x8_Case2/force_disp_Test_207.csv,curve_classifier_pseudo_label,0.7633333333333333,medium
Case2,6x8_208,-87.0,47.0,8483.835915307347,2,6.0,8.0,6x8_new_data_curve_classifier_v1,Test_208,data/New_Data/csv_6x8_Case2/force_disp_Test_208.csv,curve_classifier_pseudo_label,0.49666666666666665,high
Case2,6x8_209,58.0,-69.0,7788.629157755992,1,6.0,8.0,6x8_new_data_curve_classifier_v1,Test_209,data/New_Data/csv_6x8_Case2/force_disp_Test_209.csv,curve_classifier_pseudo_label,0.9183333333333333,low
Case2,6x8_210,-10.0,23.0,5817.790291600348,3,6.0,8.0,6x8_new_data_curve_classifier_v1,Test_210,data/New_Data/csv_6x8_Case2/force_disp_Test_210.csv,curve_classifier_pseudo_label,0.8216666666666667,medium
Case2,6x8_211,55.0,-59.0,8976.960867943873,1,6.0,8.0,6x8_new_data_curve_classifier_v1,Test_211,data/New_Data/csv_6x8_Case2/force_disp_Test_211.csv,curve_classifier_pseudo_label,0.9966666666666667,low
Case2,6x8_212,-63.0,54.0,9083.72940359844,1,6.0,8.0,6x8_new_data_curve_classifier_v1,Test_212,data/New_Data/csv_6x8_Case2/force_disp_Test_212.csv,curve_classifier_pseudo_label,0.9916666666666667,low
Case2,6x8_213,67.0,-42.0,9160.870649150625,2,6.0,8.0,6x8_new_data_curve_classifier_v1,Test_213,data/New_Data/csv_6x8_Case2/force_disp_Test_213.csv,curve_classifier_pseudo_label,0.5,high
Case2,6x8_214,63.0,-14.0,7289.189214645425,2,6.0,8.0,6x8_new_data_curve_classifier_v1,Test_214,data/New_Data/csv_6x8_Case2/force_disp_Test_214.csv,curve_classifier_pseudo_label,0.6933333333333334,high
Case2,6x8_215,9.0,13.0,4846.3193754628155,3,6.0,8.0,6x8_new_data_curve_classifier_v1,Test_215,data/New_Data/csv_6x8_Case2/force_disp_Test_215.csv,curve_classifier_pseudo_label,0.88,low
Case2,6x8_216,-10.0,59.0,7240.504647620444,2,6.0,8.0,6x8_new_data_curve_classifier_v1,Test_216,data/New_Data/csv_6x8_Case2/force_disp_Test_216.csv,curve_classifier_pseudo_label,0.7733333333333333,medium
Case2,6x8_217,21.0,56.0,7852.599044131925,2,6.0,8.0,6x8_new_data_curve_classifier_v1,Test_217,data/New_Data/csv_6x8_Case2/force_disp_Test_217.csv,curve_classifier_pseudo_label,0.7283333333333334,medium
Case2,6x8_218,5.0,-15.0,4866.431889905723,3,6.0,8.0,6x8_new_data_curve_classifier_v1,Test_218,data/New_Data/csv_6x8_Case2/force_disp_Test_218.csv,curve_classifier_pseudo_label,0.8766666666666667,low
Case2,6x8_219,-7.0,65.0,6932.209052608763,2,6.0,8.0,6x8_new_data_curve_classifier_v1,Test_219,data/New_Data/csv_6x8_Case2/force_disp_Test_219.csv,curve_classifier_pseudo_label,0.8016666666666666,medium
Case2,6x8_220,14.0,-23.0,5966.654995960726,3,6.0,8.0,6x8_new_data_curve_classifier_v1,Test_220,data/New_Data/csv_6x8_Case2/force_disp_Test_220.csv,curve_classifier_pseudo_label,0.8433333333333334,medium
Case2,6x8_221,74.0,-56.0,8067.279895111892,1,6.0,8.0,6x8_new_data_curve_classifier_v1,Test_221,data/New_Data/csv_6x8_Case2/force_disp_Test_221.csv,curve_classifier_pseudo_label,0.98,low
Case2,6x8_222,7.0,-80.0,6389.013921313859,2,6.0,8.0,6x8_new_data_curve_classifier_v1,Test_222,data/New_Data/csv_6x8_Case2/force_disp_Test_222.csv,curve_classifier_pseudo_label,0.6683333333333333,high
Case2,6x8_223,-78.0,-48.0,8805.191022285495,2,6.0,8.0,6x8_new_data_curve_classifier_v1,Test_223,data/New_Data/csv_6x8_Case2/force_disp_Test_223.csv,curve_classifier_pseudo_label,0.5266666666666666,high
Case2,6x8_224,-4.0,-43.0,6759.849947953747,3,6.0,8.0,6x8_new_data_curve_classifier_v1,Test_224,data/New_Data/csv_6x8_Case2/force_disp_Test_224.csv,curve_classifier_pseudo_label,0.5583333333333333,high
Case2,6x8_225,2.0,-73.0,6399.36084008656,2,6.0,8.0,6x8_new_data_curve_classifier_v1,Test_225,data/New_Data/csv_6x8_Case2/force_disp_Test_225.csv,curve_classifier_pseudo_label,0.6766666666666666,high
Case2,6x8_226,-42.0,80.0,8507.313256683265,2,6.0,8.0,6x8_new_data_curve_classifier_v1,Test_226,data/New_Data/csv_6x8_Case2/force_disp_Test_226.csv,curve_classifier_pseudo_label,0.575,high
Case2,6x8_227,-42.0,-6.0,6695.064652612253,3,6.0,8.0,6x8_new_data_curve_classifier_v1,Test_227,data/New_Data/csv_6x8_Case2/force_disp_Test_227.csv,curve_classifier_pseudo_label,0.545,high
Case2,6x8_228,60.0,-31.0,8667.699960630836,2,6.0,8.0,6x8_new_data_curve_classifier_v1,Test_228,data/New_Data/csv_6x8_Case2/force_disp_Test_228.csv,curve_classifier_pseudo_label,0.705,medium
Case2,6x8_229,42.0,86.0,8333.647586458595,2,6.0,8.0,6x8_new_data_curve_classifier_v1,Test_229,data/New_Data/csv_6x8_Case2/force_disp_Test_229.csv,curve_classifier_pseudo_label,0.555,high
Case2,6x8_230,-44.0,-30.0,8632.72009166208,2,6.0,8.0,6x8_new_data_curve_classifier_v1,Test_230,data/New_Data/csv_6x8_Case2/force_disp_Test_230.csv,curve_classifier_pseudo_label,0.6133333333333333,high
Case2,6x8_231,-69.0,24.0,7849.97411526306,2,6.0,8.0,6x8_new_data_curve_classifier_v1,Test_231,data/New_Data/csv_6x8_Case2/force_disp_Test_231.csv,curve_classifier_pseudo_label,0.7616666666666667,medium
Case2,6x8_232,-8.0,-27.0,5847.175897144417,3,6.0,8.0,6x8_new_data_curve_classifier_v1,Test_232,data/New_Data/csv_6x8_Case2/force_disp_Test_232.csv,curve_classifier_pseudo_label,0.8433333333333334,medium
Case2,6x8_233,61.0,-20.0,7758.526056016842,2,6.0,8.0,6x8_new_data_curve_classifier_v1,Test_233,data/New_Data/csv_6x8_Case2/force_disp_Test_233.csv,curve_classifier_pseudo_label,0.7083333333333334,medium
Case2,6x8_234,-49.0,-40.0,9902.179436097,1,6.0,8.0,6x8_new_data_curve_classifier_v1,Test_234,data/New_Data/csv_6x8_Case2/force_disp_Test_234.csv,curve_classifier_pseudo_label,0.565,high
Case2,6x8_235,-62.0,7.0,6934.52857999645,2,6.0,8.0,6x8_new_data_curve_classifier_v1,Test_235,data/New_Data/csv_6x8_Case2/force_disp_Test_235.csv,curve_classifier_pseudo_label,0.6883333333333334,high
Case2,6x8_236,16.0,-57.0,7502.29953331159,2,6.0,8.0,6x8_new_data_curve_classifier_v1,Test_236,data/New_Data/csv_6x8_Case2/force_disp_Test_236.csv,curve_classifier_pseudo_label,0.7166666666666667,medium
Case2,6x8_237,-32.0,66.0,8548.21901016473,2,6.0,8.0,6x8_new_data_curve_classifier_v1,Test_237,data/New_Data/csv_6x8_Case2/force_disp_Test_237.csv,curve_classifier_pseudo_label,0.7383333333333333,medium
Case2,6x8_238,64.0,-22.0,7784.286215060927,2,6.0,8.0,6x8_new_data_curve_classifier_v1,Test_238,data/New_Data/csv_6x8_Case2/force_disp_Test_238.csv,curve_classifier_pseudo_label,0.73,medium
Case2,6x8_239,30.0,17.0,6746.491261343217,3,6.0,8.0,6x8_new_data_curve_classifier_v1,Test_239,data/New_Data/csv_6x8_Case2/force_disp_Test_239.csv,curve_classifier_pseudo_label,0.7633333333333333,medium
Case2,6x8_240,53.0,26.0,8280.67513533609,2,6.0,8.0,6x8_new_data_curve_classifier_v1,Test_240,data/New_Data/csv_6x8_Case2/force_disp_Test_240.csv,curve_classifier_pseudo_label,0.6583333333333333,high
Case2,6x8_241,13.0,6.0,4707.946590397872,3,6.0,8.0,6x8_new_data_curve_classifier_v1,Test_241,data/New_Data/csv_6x8_Case2/force_disp_Test_241.csv,curve_classifier_pseudo_label,0.885,low
Case2,6x8_242,-31.0,60.0,8665.694702331131,2,6.0,8.0,6x8_new_data_curve_classifier_v1,Test_242,data/New_Data/csv_6x8_Case2/force_disp_Test_242.csv,curve_classifier_pseudo_label,0.7316666666666667,medium
Case2,6x8_243,-63.0,-63.0,7524.314508676943,1,6.0,8.0,6x8_new_data_curve_classifier_v1,Test_243,data/New_Data/csv_6x8_Case2/force_disp_Test_243.csv,curve_classifier_pseudo_label,0.9733333333333334,low
Case2,6x8_244,85.0,-58.0,6585.400227377033,1,6.0,8.0,6x8_new_data_curve_classifier_v1,Test_244,data/New_Data/csv_6x8_Case2/force_disp_Test_244.csv,curve_classifier_pseudo_label,0.82,medium
Case2,6x8_245,-34.0,-14.0,6643.369394053985,3,6.0,8.0,6x8_new_data_curve_classifier_v1,Test_245,data/New_Data/csv_6x8_Case2/force_disp_Test_245.csv,curve_classifier_pseudo_label,0.7,medium
Case2,6x8_246,60.0,61.0,8069.070996124566,1,6.0,8.0,6x8_new_data_curve_classifier_v1,Test_246,data/New_Data/csv_6x8_Case2/force_disp_Test_246.csv,curve_classifier_pseudo_label,0.99,low
Case2,6x8_247,-83.0,78.0,3910.662687847563,1,6.0,8.0,6x8_new_data_curve_classifier_v1,Test_247,data/New_Data/csv_6x8_Case2/force_disp_Test_247.csv,curve_classifier_pseudo_label,0.6183333333333333,high
Case2,6x8_248,6.0,27.0,5795.185060406668,3,6.0,8.0,6x8_new_data_curve_classifier_v1,Test_248,data/New_Data/csv_6x8_Case2/force_disp_Test_248.csv,curve_classifier_pseudo_label,0.825,medium
Case2,6x8_249,6.0,16.0,5013.545602392656,3,6.0,8.0,6x8_new_data_curve_classifier_v1,Test_249,data/New_Data/csv_6x8_Case2/force_disp_Test_249.csv,curve_classifier_pseudo_label,0.8766666666666667,low
Case2,6x8_250,-47.0,64.0,9722.795690861292,1,6.0,8.0,6x8_new_data_curve_classifier_v1,Test_250,data/New_Data/csv_6x8_Case2/force_disp_Test_250.csv,curve_classifier_pseudo_label,0.5283333333333333,high
Case2,6x8_251,-69.0,0.0,6563.6650688922755,2,6.0,8.0,6x8_new_data_curve_classifier_v1,Test_251,data/New_Data/csv_6x8_Case2/force_disp_Test_251.csv,curve_classifier_pseudo_label,0.6766666666666666,high
Case2,6x8_252,-82.0,-45.0,8531.391764270313,2,6.0,8.0,6x8_new_data_curve_classifier_v1,Test_252,data/New_Data/csv_6x8_Case2/force_disp_Test_252.csv,curve_classifier_pseudo_label,0.5183333333333333,high
Case2,6x8_253,56.0,-34.0,9018.917592963477,2,6.0,8.0,6x8_new_data_curve_classifier_v1,Test_253,data/New_Data/csv_6x8_Case2/force_disp_Test_253.csv,curve_classifier_pseudo_label,0.605,high
Case2,6x8_254,-75.0,-17.0,6991.139652161381,2,6.0,8.0,6x8_new_data_curve_classifier_v1,Test_254,data/New_Data/csv_6x8_Case2/force_disp_Test_254.csv,curve_classifier_pseudo_label,0.7016666666666667,medium
Case2,6x8_255,32.0,-60.0,8732.75541162058,2,6.0,8.0,6x8_new_data_curve_classifier_v1,Test_255,data/New_Data/csv_6x8_Case2/force_disp_Test_255.csv,curve_classifier_pseudo_label,0.6866666666666666,high
Case2,6x8_256,-25.0,-11.0,5840.17981276812,3,6.0,8.0,6x8_new_data_curve_classifier_v1,Test_256,data/New_Data/csv_6x8_Case2/force_disp_Test_256.csv,curve_classifier_pseudo_label,0.8566666666666667,low
Case2,6x8_257,65.0,80.0,5647.170221596212,1,6.0,8.0,6x8_new_data_curve_classifier_v1,Test_257,data/New_Data/csv_6x8_Case2/force_disp_Test_257.csv,curve_classifier_pseudo_label,0.765,medium
Case2,6x8_258,54.0,-18.0,7726.9567848106535,2,6.0,8.0,6x8_new_data_curve_classifier_v1,Test_258,data/New_Data/csv_6x8_Case2/force_disp_Test_258.csv,curve_classifier_pseudo_label,0.6933333333333334,high
Case2,6x8_259,-6.0,38.0,6512.083361814975,3,6.0,8.0,6x8_new_data_curve_classifier_v1,Test_259,data/New_Data/csv_6x8_Case2/force_disp_Test_259.csv,curve_classifier_pseudo_label,0.655,high
Case2,6x8_260,-50.0,68.0,9567.081432562121,1,6.0,8.0,6x8_new_data_curve_classifier_v1,Test_260,data/New_Data/csv_6x8_Case2/force_disp_Test_260.csv,curve_classifier_pseudo_label,0.6466666666666666,high
Case2,6x8_261,-14.0,-28.0,6245.527504103815,3,6.0,8.0,6x8_new_data_curve_classifier_v1,Test_261,data/New_Data/csv_6x8_Case2/force_disp_Test_261.csv,curve_classifier_pseudo_label,0.8266666666666667,medium
Case2,6x8_262,-57.0,76.0,7559.357733009482,1,6.0,8.0,6x8_new_data_curve_classifier_v1,Test_262,data/New_Data/csv_6x8_Case2/force_disp_Test_262.csv,curve_classifier_pseudo_label,0.9566666666666667,low
Case2,6x8_263,-24.0,2.0,5481.067595556632,3,6.0,8.0,6x8_new_data_curve_classifier_v1,Test_263,data/New_Data/csv_6x8_Case2/force_disp_Test_263.csv,curve_classifier_pseudo_label,0.8416666666666667,medium
Case2,6x8_264,87.0,-65.0,5286.590681658748,1,6.0,8.0,6x8_new_data_curve_classifier_v1,Test_264,data/New_Data/csv_6x8_Case2/force_disp_Test_264.csv,curve_classifier_pseudo_label,0.7816666666666666,medium
Case2,6x8_265,-25.0,-84.0,7255.995454276849,2,6.0,8.0,6x8_new_data_curve_classifier_v1,Test_265,data/New_Data/csv_6x8_Case2/force_disp_Test_265.csv,curve_classifier_pseudo_label,0.7333333333333333,medium
Case2,6x8_266,-26.0,-39.0,8083.301867235183,2,6.0,8.0,6x8_new_data_curve_classifier_v1,Test_266,data/New_Data/csv_6x8_Case2/force_disp_Test_266.csv,curve_classifier_pseudo_label,0.53,high
Case2,6x8_267,-33.0,-46.0,9022.182441837189,2,6.0,8.0,6x8_new_data_curve_classifier_v1,Test_267,data/New_Data/csv_6x8_Case2/force_disp_Test_267.csv,curve_classifier_pseudo_label,0.5283333333333333,high
Case2,6x8_268,-59.0,29.0,8522.94973684545,2,6.0,8.0,6x8_new_data_curve_classifier_v1,Test_268,data/New_Data/csv_6x8_Case2/force_disp_Test_268.csv,curve_classifier_pseudo_label,0.7333333333333333,medium
Case2,6x8_269,-60.0,60.0,8248.11079952405,1,6.0,8.0,6x8_new_data_curve_classifier_v1,Test_269,data/New_Data/csv_6x8_Case2/force_disp_Test_269.csv,curve_classifier_pseudo_label,0.9933333333333333,low
Case2,6x8_270,10.0,76.0,6605.918039269294,2,6.0,8.0,6x8_new_data_curve_classifier_v1,Test_270,data/New_Data/csv_6x8_Case2/force_disp_Test_270.csv,curve_classifier_pseudo_label,0.8033333333333333,medium
Case2,6x8_271,-30.0,50.0,8796.702087737242,2,6.0,8.0,6x8_new_data_curve_classifier_v1,Test_271,data/New_Data/csv_6x8_Case2/force_disp_Test_271.csv,curve_classifier_pseudo_label,0.6766666666666666,high
Case2,6x8_272,72.0,69.0,5914.521455823994,1,6.0,8.0,6x8_new_data_curve_classifier_v1,Test_272,data/New_Data/csv_6x8_Case2/force_disp_Test_272.csv,curve_classifier_pseudo_label,0.765,medium
Case2,6x8_273,81.0,62.0,6050.564696641284,1,6.0,8.0,6x8_new_data_curve_classifier_v1,Test_273,data/New_Data/csv_6x8_Case2/force_disp_Test_273.csv,curve_classifier_pseudo_label,0.7616666666666667,medium
Case2,6x8_274,30.0,-25.0,7630.055451403598,3,6.0,8.0,6x8_new_data_curve_classifier_v1,Test_274,data/New_Data/csv_6x8_Case2/force_disp_Test_274.csv,curve_classifier_pseudo_label,0.535,high
Case2,6x8_275,80.0,-20.0,7031.566114529592,2,6.0,8.0,6x8_new_data_curve_classifier_v1,Test_275,data/New_Data/csv_6x8_Case2/force_disp_Test_275.csv,curve_classifier_pseudo_label,0.7133333333333334,medium
Case2,6x8_276,-88.0,70.0,4555.85416875518,1,6.0,8.0,6x8_new_data_curve_classifier_v1,Test_276,data/New_Data/csv_6x8_Case2/force_disp_Test_276.csv,curve_classifier_pseudo_label,0.705,medium
Case2,6x8_277,57.0,88.0,6700.8635065961225,1,6.0,8.0,6x8_new_data_curve_classifier_v1,Test_277,data/New_Data/csv_6x8_Case2/force_disp_Test_277.csv,curve_classifier_pseudo_label,0.73,medium
Case2,6x8_278,18.0,78.0,6988.514101721468,2,6.0,8.0,6x8_new_data_curve_classifier_v1,Test_278,data/New_Data/csv_6x8_Case2/force_disp_Test_278.csv,curve_classifier_pseudo_label,0.8183333333333334,medium
Case2,6x8_279,-88.0,-89.0,3213.6378290081702,1,6.0,8.0,6x8_new_data_curve_classifier_v1,Test_279,data/New_Data/csv_6x8_Case2/force_disp_Test_279.csv,curve_classifier_pseudo_label,0.5266666666666666,high
Case2,6x8_280,-31.0,-12.0,6442.4468317275505,3,6.0,8.0,6x8_new_data_curve_classifier_v1,Test_280,data/New_Data/csv_6x8_Case2/force_disp_Test_280.csv,curve_classifier_pseudo_label,0.8033333333333333,medium
Case2,6x8_281,-72.0,-17.0,7193.076276587128,2,6.0,8.0,6x8_new_data_curve_classifier_v1,Test_281,data/New_Data/csv_6x8_Case2/force_disp_Test_281.csv,curve_classifier_pseudo_label,0.7033333333333334,medium
Case2,6x8_282,25.0,-74.0,7663.764703293749,2,6.0,8.0,6x8_new_data_curve_classifier_v1,Test_282,data/New_Data/csv_6x8_Case2/force_disp_Test_282.csv,curve_classifier_pseudo_label,0.7633333333333333,medium
Case2,6x8_283,34.0,-21.0,7300.873461401293,3,6.0,8.0,6x8_new_data_curve_classifier_v1,Test_283,data/New_Data/csv_6x8_Case2/force_disp_Test_283.csv,curve_classifier_pseudo_label,0.5116666666666667,high
Case2,6x8_284,16.0,16.0,11751.284820193521,3,6.0,8.0,6x8_new_data_curve_classifier_v1,Test_284,data/New_Data/csv_6x8_Case2/force_disp_Test_284.csv,curve_classifier_pseudo_label,0.91,low
Case2,6x8_285,-21.0,55.0,7924.035897102099,2,6.0,8.0,6x8_new_data_curve_classifier_v1,Test_285,data/New_Data/csv_6x8_Case2/force_disp_Test_285.csv,curve_classifier_pseudo_label,0.7933333333333333,medium
Case2,6x8_286,40.0,-87.0,8249.377562653859,2,6.0,8.0,6x8_new_data_curve_classifier_v1,Test_286,data/New_Data/csv_6x8_Case2/force_disp_Test_286.csv,curve_classifier_pseudo_label,0.555,high
Case2,6x8_287,-77.0,22.0,7283.929959861705,2,6.0,8.0,6x8_new_data_curve_classifier_v1,Test_287,data/New_Data/csv_6x8_Case2/force_disp_Test_287.csv,curve_classifier_pseudo_label,0.7633333333333333,medium
Case2,6x8_288,37.0,70.0,8665.051389555934,2,6.0,8.0,6x8_new_data_curve_classifier_v1,Test_288,data/New_Data/csv_6x8_Case2/force_disp_Test_288.csv,curve_classifier_pseudo_label,0.6283333333333333,high
Case2,6x8_289,-9.0,44.0,6902.080233405273,2,6.0,8.0,6x8_new_data_curve_classifier_v1,Test_289,data/New_Data/csv_6x8_Case2/force_disp_Test_289.csv,curve_classifier_pseudo_label,0.555,high
Case2,6x8_290,20.0,-82.0,7057.992665141844,2,6.0,8.0,6x8_new_data_curve_classifier_v1,Test_290,data/New_Data/csv_6x8_Case2/force_disp_Test_290.csv,curve_classifier_pseudo_label,0.76,medium
Case2,6x8_291,26.0,5.0,5776.851231913564,3,6.0,8.0,6x8_new_data_curve_classifier_v1,Test_291,data/New_Data/csv_6x8_Case2/force_disp_Test_291.csv,curve_classifier_pseudo_label,0.8716666666666667,low
Case2,6x8_292,71.0,-88.0,4440.48009257036,1,6.0,8.0,6x8_new_data_curve_classifier_v1,Test_292,data/New_Data/csv_6x8_Case2/force_disp_Test_292.csv,curve_classifier_pseudo_label,0.73,medium
Case2,6x8_293,-28.0,11.0,6157.102921295528,3,6.0,8.0,6x8_new_data_curve_classifier_v1,Test_293,data/New_Data/csv_6x8_Case2/force_disp_Test_293.csv,curve_classifier_pseudo_label,0.8333333333333334,medium
Case2,6x8_294,-71.0,-57.0,7848.935449728033,1,6.0,8.0,6x8_new_data_curve_classifier_v1,Test_294,data/New_Data/csv_6x8_Case2/force_disp_Test_294.csv,curve_classifier_pseudo_label,0.865,low
Case2,6x8_295,-84.0,-9.0,6280.833585954962,2,6.0,8.0,6x8_new_data_curve_classifier_v1,Test_295,data/New_Data/csv_6x8_Case2/force_disp_Test_295.csv,curve_classifier_pseudo_label,0.6383333333333333,high
Case2,6x8_296,-48.0,82.0,8639.96047552493,1,6.0,8.0,6x8_new_data_curve_classifier_v1,Test_296,data/New_Data/csv_6x8_Case2/force_disp_Test_296.csv,curve_classifier_pseudo_label,0.49333333333333335,high
Case2,6x8_297,-13.0,-4.0,4755.369332838716,3,6.0,8.0,6x8_new_data_curve_classifier_v1,Test_297,data/New_Data/csv_6x8_Case2/force_disp_Test_297.csv,curve_classifier_pseudo_label,0.8766666666666667,low
Case2,6x8_298,-19.0,-23.0,6376.712946791881,3,6.0,8.0,6x8_new_data_curve_classifier_v1,Test_298,data/New_Data/csv_6x8_Case2/force_disp_Test_298.csv,curve_classifier_pseudo_label,0.8316666666666667,medium
Case2,6x8_299,5.0,-32.0,6167.241333249499,3,6.0,8.0,6x8_new_data_curve_classifier_v1,Test_299,data/New_Data/csv_6x8_Case2/force_disp_Test_299.csv,curve_classifier_pseudo_label,0.8116666666666666,medium
Case2,6x8_300,51.0,46.0,10587.348986527171,1,6.0,8.0,6x8_new_data_curve_classifier_v1,Test_300,data/New_Data/csv_6x8_Case2/force_disp_Test_300.csv,curve_classifier_pseudo_label,0.9383333333333334,low
Case2,8x8_001,65.0,19.0,5245.443709754744,2,8.0,8.0,8x8_new_data_curve_classifier_v1,Test_001,data/New_data/8x8_Case2/csv/force_disp_Test_001.csv,curve_classifier_pseudo_label,0.6383333333333333,high
Case2,8x8_002,40.0,-51.0,7023.092989393881,2,8.0,8.0,8x8_new_data_curve_classifier_v1,Test_002,data/New_data/8x8_Case2/csv/force_disp_Test_002.csv,curve_classifier_pseudo_label,0.525,high
Case2,8x8_003,-44.0,65.0,6340.934290963928,2,8.0,8.0,8x8_new_data_curve_classifier_v1,Test_003,data/New_data/8x8_Case2/csv/force_disp_Test_003.csv,curve_classifier_pseudo_label,0.5766666666666667,high
Case2,8x8_004,49.0,48.0,7615.382084736431,1,8.0,8.0,8x8_new_data_curve_classifier_v1,Test_004,data/New_data/8x8_Case2/csv/force_disp_Test_004.csv,curve_classifier_pseudo_label,0.505,high
Case2,8x8_005,-52.0,20.0,5859.475917983462,2,8.0,8.0,8x8_new_data_curve_classifier_v1,Test_005,data/New_data/8x8_Case2/csv/force_disp_Test_005.csv,curve_classifier_pseudo_label,0.5783333333333334,high
Case2,8x8_006,-15.0,-74.0,4656.4360621187025,2,8.0,8.0,8x8_new_data_curve_classifier_v1,Test_006,data/New_data/8x8_Case2/csv/force_disp_Test_006.csv,curve_classifier_pseudo_label,0.6733333333333333,high
Case2,8x8_007,51.0,-83.0,5354.975808791502,2,8.0,8.0,8x8_new_data_curve_classifier_v1,Test_007,data/New_data/8x8_Case2/csv/force_disp_Test_007.csv,curve_classifier_pseudo_label,0.495,high
Case2,8x8_008,86.0,9.0,3971.12592521655,3,8.0,8.0,8x8_new_data_curve_classifier_v1,Test_008,data/New_data/8x8_Case2/csv/force_disp_Test_008.csv,curve_classifier_pseudo_label,0.4866666666666667,high
Case2,8x8_009,-63.0,21.0,5484.306752952295,2,8.0,8.0,8x8_new_data_curve_classifier_v1,Test_009,data/New_data/8x8_Case2/csv/force_disp_Test_009.csv,curve_classifier_pseudo_label,0.6816666666666666,high
Case2,8x8_010,-74.0,83.0,3176.3548254643347,1,8.0,8.0,8x8_new_data_curve_classifier_v1,Test_010,data/New_data/8x8_Case2/csv/force_disp_Test_010.csv,curve_classifier_pseudo_label,0.4766666666666667,high
Case2,8x8_011,-39.0,-9.0,5545.9774662356685,3,8.0,8.0,8x8_new_data_curve_classifier_v1,Test_011,data/New_data/8x8_Case2/csv/force_disp_Test_011.csv,curve_classifier_pseudo_label,0.6733333333333333,high
Case2,8x8_012,-56.0,9.0,5266.151607589449,2,8.0,8.0,8x8_new_data_curve_classifier_v1,Test_012,data/New_data/8x8_Case2/csv/force_disp_Test_012.csv,curve_classifier_pseudo_label,0.56,high
Case2,8x8_013,61.0,33.0,6098.869968378102,2,8.0,8.0,8x8_new_data_curve_classifier_v1,Test_013,data/New_data/8x8_Case2/csv/force_disp_Test_013.csv,curve_classifier_pseudo_label,0.6566666666666666,high
Case2,8x8_014,19.0,79.0,4635.134950156164,2,8.0,8.0,8x8_new_data_curve_classifier_v1,Test_014,data/New_data/8x8_Case2/csv/force_disp_Test_014.csv,curve_classifier_pseudo_label,0.7916666666666666,medium
Case2,8x8_015,35.0,60.0,6232.269763655698,2,8.0,8.0,8x8_new_data_curve_classifier_v1,Test_015,data/New_data/8x8_Case2/csv/force_disp_Test_015.csv,curve_classifier_pseudo_label,0.645,high
Case2,8x8_016,75.0,-61.0,5563.11147592123,1,8.0,8.0,8x8_new_data_curve_classifier_v1,Test_016,data/New_data/8x8_Case2/csv/force_disp_Test_016.csv,curve_classifier_pseudo_label,0.6783333333333333,high
Case2,8x8_017,-30.0,66.0,5665.928848025043,2,8.0,8.0,8x8_new_data_curve_classifier_v1,Test_017,data/New_data/8x8_Case2/csv/force_disp_Test_017.csv,curve_classifier_pseudo_label,0.7716666666666666,medium
Case2,8x8_018,-53.0,31.0,6390.174985571255,2,8.0,8.0,8x8_new_data_curve_classifier_v1,Test_018,data/New_data/8x8_Case2/csv/force_disp_Test_018.csv,curve_classifier_pseudo_label,0.685,high
Case2,8x8_019,-79.0,29.0,5026.196368639911,2,8.0,8.0,8x8_new_data_curve_classifier_v1,Test_019,data/New_data/8x8_Case2/csv/force_disp_Test_019.csv,curve_classifier_pseudo_label,0.7266666666666667,medium
Case2,8x8_020,-2.0,48.0,5325.270352479137,3,8.0,8.0,8x8_new_data_curve_classifier_v1,Test_020,data/New_data/8x8_Case2/csv/force_disp_Test_020.csv,curve_classifier_pseudo_label,0.49833333333333335,high
Case2,8x8_021,-49.0,-67.0,6271.898565424734,2,8.0,8.0,8x8_new_data_curve_classifier_v1,Test_021,data/New_data/8x8_Case2/csv/force_disp_Test_021.csv,curve_classifier_pseudo_label,0.5233333333333333,high
Case2,8x8_022,43.0,-33.0,6873.013713356222,2,8.0,8.0,8x8_new_data_curve_classifier_v1,Test_022,data/New_data/8x8_Case2/csv/force_disp_Test_022.csv,curve_classifier_pseudo_label,0.5333333333333333,high
Case2,8x8_023,62.0,-67.0,5716.871280069032,1,8.0,8.0,8x8_new_data_curve_classifier_v1,Test_023,data/New_data/8x8_Case2/csv/force_disp_Test_023.csv,curve_classifier_pseudo_label,0.6416666666666667,high
Case2,8x8_024,30.0,75.0,5192.143867522031,2,8.0,8.0,8x8_new_data_curve_classifier_v1,Test_024,data/New_data/8x8_Case2/csv/force_disp_Test_024.csv,curve_classifier_pseudo_label,0.7416666666666667,medium
Case2,8x8_025,80.0,-80.0,2887.8993841308998,1,8.0,8.0,8x8_new_data_curve_classifier_v1,Test_025,data/New_data/8x8_Case2/csv/force_disp_Test_025.csv,curve_classifier_pseudo_label,0.5116666666666667,high
Case2,8x8_026,-81.0,73.0,3332.8052915034446,1,8.0,8.0,8x8_new_data_curve_classifier_v1,Test_026,data/New_data/8x8_Case2/csv/force_disp_Test_026.csv,curve_classifier_pseudo_label,0.48333333333333334,high
Case2,8x8_027,54.0,-38.0,6727.184640188092,2,8.0,8.0,8x8_new_data_curve_classifier_v1,Test_027,data/New_data/8x8_Case2/csv/force_disp_Test_027.csv,curve_classifier_pseudo_label,0.5583333333333333,high
Case2,8x8_028,36.0,-31.0,6907.788015230194,3,8.0,8.0,8x8_new_data_curve_classifier_v1,Test_028,data/New_data/8x8_Case2/csv/force_disp_Test_028.csv,curve_classifier_pseudo_label,0.44,high
Case2,8x8_029,52.0,-41.0,7028.705863315265,2,8.0,8.0,8x8_new_data_curve_classifier_v1,Test_029,data/New_data/8x8_Case2/csv/force_disp_Test_029.csv,curve_classifier_pseudo_label,0.5133333333333333,high
Case2,8x8_030,15.0,-12.0,5438.2177322714615,3,8.0,8.0,8x8_new_data_curve_classifier_v1,Test_030,data/New_data/8x8_Case2/csv/force_disp_Test_030.csv,curve_classifier_pseudo_label,0.8816666666666667,low
Case2,8x8_031,-55.0,-62.0,6831.5116320028155,1,8.0,8.0,8x8_new_data_curve_classifier_v1,Test_031,data/New_data/8x8_Case2/csv/force_disp_Test_031.csv,curve_classifier_pseudo_label,0.5566666666666666,high
Case2,8x8_032,-19.0,-7.0,5353.345541568076,3,8.0,8.0,8x8_new_data_curve_classifier_v1,Test_032,data/New_data/8x8_Case2/csv/force_disp_Test_032.csv,curve_classifier_pseudo_label,0.8716666666666667,low
Case2,8x8_033,-61.0,86.0,4856.438902414364,2,8.0,8.0,8x8_new_data_curve_classifier_v1,Test_033,data/New_data/8x8_Case2/csv/force_disp_Test_033.csv,curve_classifier_pseudo_label,0.495,high
Case2,8x8_034,-43.0,-15.0,5831.153417960552,3,8.0,8.0,8x8_new_data_curve_classifier_v1,Test_034,data/New_data/8x8_Case2/csv/force_disp_Test_034.csv,curve_classifier_pseudo_label,0.56,high
Case2,8x8_035,70.0,81.0,3611.4947923782247,2,8.0,8.0,8x8_new_data_curve_classifier_v1,Test_035,data/New_data/8x8_Case2/csv/force_disp_Test_035.csv,curve_classifier_pseudo_label,0.4716666666666667,high
Case2,8x8_036,8.0,25.0,5470.248036442415,3,8.0,8.0,8x8_new_data_curve_classifier_v1,Test_036,data/New_data/8x8_Case2/csv/force_disp_Test_036.csv,curve_classifier_pseudo_label,0.85,low
Case2,8x8_037,-85.0,67.0,3789.6988880614354,1,8.0,8.0,8x8_new_data_curve_classifier_v1,Test_037,data/New_data/8x8_Case2/csv/force_disp_Test_037.csv,curve_classifier_pseudo_label,0.475,high
Case2,8x8_038,-56.0,52.0,7396.421028391188,1,8.0,8.0,8x8_new_data_curve_classifier_v1,Test_038,data/New_data/8x8_Case2/csv/force_disp_Test_038.csv,curve_classifier_pseudo_label,0.54,high
Case2,8x8_039,64.0,42.0,6235.392231474027,2,8.0,8.0,8x8_new_data_curve_classifier_v1,Test_039,data/New_data/8x8_Case2/csv/force_disp_Test_039.csv,curve_classifier_pseudo_label,0.5583333333333333,high
Case2,8x8_040,-27.0,-54.0,6152.389268452867,2,8.0,8.0,8x8_new_data_curve_classifier_v1,Test_040,data/New_data/8x8_Case2/csv/force_disp_Test_040.csv,curve_classifier_pseudo_label,0.595,high
Case2,8x8_041,-2.0,-68.0,4551.274031987597,2,8.0,8.0,8x8_new_data_curve_classifier_v1,Test_041,data/New_data/8x8_Case2/csv/force_disp_Test_041.csv,curve_classifier_pseudo_label,0.5116666666666667,high
Case2,8x8_042,84.0,51.0,5304.112331994,2,8.0,8.0,8x8_new_data_curve_classifier_v1,Test_042,data/New_data/8x8_Case2/csv/force_disp_Test_042.csv,curve_classifier_pseudo_label,0.49833333333333335,high
Case2,8x8_043,79.0,-71.0,3642.838541111375,1,8.0,8.0,8x8_new_data_curve_classifier_v1,Test_043,data/New_data/8x8_Case2/csv/force_disp_Test_043.csv,curve_classifier_pseudo_label,0.5083333333333333,high
Case2,8x8_044,59.0,-56.0,7214.189626636932,1,8.0,8.0,8x8_new_data_curve_classifier_v1,Test_044,data/New_data/8x8_Case2/csv/force_disp_Test_044.csv,curve_classifier_pseudo_label,0.6716666666666666,high
Case2,8x8_045,-18.0,-35.0,5925.911787551522,3,8.0,8.0,8x8_new_data_curve_classifier_v1,Test_045,data/New_data/8x8_Case2/csv/force_disp_Test_045.csv,curve_classifier_pseudo_label,0.715,medium
Case2,8x8_046,-76.0,-77.0,3325.4045484087624,2,8.0,8.0,8x8_new_data_curve_classifier_v1,Test_046,data/New_data/8x8_Case2/csv/force_disp_Test_046.csv,curve_classifier_pseudo_label,0.475,high
Case2,8x8_047,42.0,27.0,6449.470381146225,2,8.0,8.0,8x8_new_data_curve_classifier_v1,Test_047,data/New_data/8x8_Case2/csv/force_disp_Test_047.csv,curve_classifier_pseudo_label,0.48,high
Case2,8x8_048,1.0,71.0,4558.529609242353,2,8.0,8.0,8x8_new_data_curve_classifier_v1,Test_048,data/New_data/8x8_Case2/csv/force_disp_Test_048.csv,curve_classifier_pseudo_label,0.4866666666666667,high
Case2,8x8_049,-37.0,22.0,6208.863158682437,3,8.0,8.0,8x8_new_data_curve_classifier_v1,Test_049,data/New_data/8x8_Case2/csv/force_disp_Test_049.csv,curve_classifier_pseudo_label,0.5433333333333333,high
Case2,8x8_050,-16.0,44.0,5782.42296970098,3,8.0,8.0,8x8_new_data_curve_classifier_v1,Test_050,data/New_data/8x8_Case2/csv/force_disp_Test_050.csv,curve_classifier_pseudo_label,0.465,high
Case2,8x8_051,28.0,57.0,6018.571641259708,2,8.0,8.0,8x8_new_data_curve_classifier_v1,Test_051,data/New_data/8x8_Case2/csv/force_disp_Test_051.csv,curve_classifier_pseudo_label,0.6866666666666666,high
Case2,8x8_052,-79.0,34.0,5218.475982441628,2,8.0,8.0,8x8_new_data_curve_classifier_v1,Test_052,data/New_data/8x8_Case2/csv/force_disp_Test_052.csv,curve_classifier_pseudo_label,0.725,medium
Case2,8x8_053,3.0,87.0,3942.823764947161,2,8.0,8.0,8x8_new_data_curve_classifier_v1,Test_053,data/New_data/8x8_Case2/csv/force_disp_Test_053.csv,curve_classifier_pseudo_label,0.51,high
Case2,8x8_054,-17.0,-44.0,5905.0899975511975,3,8.0,8.0,8x8_new_data_curve_classifier_v1,Test_054,data/New_data/8x8_Case2/csv/force_disp_Test_054.csv,curve_classifier_pseudo_label,0.5416666666666666,high
Case2,8x8_055,44.0,-49.0,7440.495367717857,2,8.0,8.0,8x8_new_data_curve_classifier_v1,Test_055,data/New_data/8x8_Case2/csv/force_disp_Test_055.csv,curve_classifier_pseudo_label,0.45666666666666667,high
Case2,8x8_056,67.0,-19.0,5133.812984365671,2,8.0,8.0,8x8_new_data_curve_classifier_v1,Test_056,data/New_data/8x8_Case2/csv/force_disp_Test_056.csv,curve_classifier_pseudo_label,0.6633333333333333,high
Case2,8x8_057,2.0,74.0,4350.277696932785,2,8.0,8.0,8x8_new_data_curve_classifier_v1,Test_057,data/New_data/8x8_Case2/csv/force_disp_Test_057.csv,curve_classifier_pseudo_label,0.47,high
Case2,8x8_058,82.0,19.0,4487.650842235879,2,8.0,8.0,8x8_new_data_curve_classifier_v1,Test_058,data/New_data/8x8_Case2/csv/force_disp_Test_058.csv,curve_classifier_pseudo_label,0.6566666666666666,high
Case2,8x8_059,14.0,3.0,4906.824952087089,3,8.0,8.0,8x8_new_data_curve_classifier_v1,Test_059,data/New_data/8x8_Case2/csv/force_disp_Test_059.csv,curve_classifier_pseudo_label,0.89,low
Case2,8x8_060,44.0,-84.0,5283.659746593987,2,8.0,8.0,8x8_new_data_curve_classifier_v1,Test_060,data/New_data/8x8_Case2/csv/force_disp_Test_060.csv,curve_classifier_pseudo_label,0.5416666666666666,high
Case2,8x8_061,0.0,-52.0,5259.973044863009,2,8.0,8.0,8x8_new_data_curve_classifier_v1,Test_061,data/New_data/8x8_Case2/csv/force_disp_Test_061.csv,curve_classifier_pseudo_label,0.4866666666666667,high
Case2,8x8_062,33.0,26.0,6532.661567326767,3,8.0,8.0,8x8_new_data_curve_classifier_v1,Test_062,data/New_data/8x8_Case2/csv/force_disp_Test_062.csv,curve_classifier_pseudo_label,0.6233333333333333,high
Case2,8x8_063,-75.0,38.0,5537.1589121300185,2,8.0,8.0,8x8_new_data_curve_classifier_v1,Test_063,data/New_data/8x8_Case2/csv/force_disp_Test_063.csv,curve_classifier_pseudo_label,0.6783333333333333,high
Case2,8x8_064,-20.0,55.0,5775.144279548085,2,8.0,8.0,8x8_new_data_curve_classifier_v1,Test_064,data/New_data/8x8_Case2/csv/force_disp_Test_064.csv,curve_classifier_pseudo_label,0.68,high
Case2,8x8_065,72.0,31.0,5389.078711684597,2,8.0,8.0,8x8_new_data_curve_classifier_v1,Test_065,data/New_data/8x8_Case2/csv/force_disp_Test_065.csv,curve_classifier_pseudo_label,0.6833333333333333,high
Case2,8x8_066,75.0,72.0,3802.546065363662,1,8.0,8.0,8x8_new_data_curve_classifier_v1,Test_066,data/New_data/8x8_Case2/csv/force_disp_Test_066.csv,curve_classifier_pseudo_label,0.47333333333333333,high
Case2,8x8_067,-83.0,68.0,3750.04629067731,1,8.0,8.0,8x8_new_data_curve_classifier_v1,Test_067,data/New_data/8x8_Case2/csv/force_disp_Test_067.csv,curve_classifier_pseudo_label,0.475,high
Case2,8x8_068,-26.0,-1.0,5356.440229584633,3,8.0,8.0,8x8_new_data_curve_classifier_v1,Test_068,data/New_data/8x8_Case2/csv/force_disp_Test_068.csv,curve_classifier_pseudo_label,0.8433333333333334,medium
Case2,8x8_069,-36.0,57.0,6497.168688060765,2,8.0,8.0,8x8_new_data_curve_classifier_v1,Test_069,data/New_data/8x8_Case2/csv/force_disp_Test_069.csv,curve_classifier_pseudo_label,0.645,high
Case2,8x8_070,-89.0,-51.0,5228.957314727552,2,8.0,8.0,8x8_new_data_curve_classifier_v1,Test_070,data/New_data/8x8_Case2/csv/force_disp_Test_070.csv,curve_classifier_pseudo_label,0.5216666666666666,high
Case2,8x8_071,-45.0,-29.0,6507.381217383448,2,8.0,8.0,8x8_new_data_curve_classifier_v1,Test_071,data/New_data/8x8_Case2/csv/force_disp_Test_071.csv,curve_classifier_pseudo_label,0.5166666666666667,high
Case2,8x8_072,-29.0,13.0,5641.422264894557,3,8.0,8.0,8x8_new_data_curve_classifier_v1,Test_072,data/New_data/8x8_Case2/csv/force_disp_Test_072.csv,curve_classifier_pseudo_label,0.825,medium
Case2,8x8_073,-22.0,46.0,6113.025656201765,2,8.0,8.0,8x8_new_data_curve_classifier_v1,Test_073,data/New_data/8x8_Case2/csv/force_disp_Test_073.csv,curve_classifier_pseudo_label,0.56,high
Case2,8x8_074,-1.0,-8.0,4850.751189382047,3,8.0,8.0,8x8_new_data_curve_classifier_v1,Test_074,data/New_data/8x8_Case2/csv/force_disp_Test_074.csv,curve_classifier_pseudo_label,0.895,low
Case2,8x8_075,-22.0,82.0,4607.7273268511535,2,8.0,8.0,8x8_new_data_curve_classifier_v1,Test_075,data/New_data/8x8_Case2/csv/force_disp_Test_075.csv,curve_classifier_pseudo_label,0.8066666666666666,medium
Case2,8x8_076,50.0,5.0,5394.339911148387,3,8.0,8.0,8x8_new_data_curve_classifier_v1,Test_076,data/New_data/8x8_Case2/csv/force_disp_Test_076.csv,curve_classifier_pseudo_label,0.55,high
Case2,8x8_077,-64.0,20.0,5384.563257292823,2,8.0,8.0,8x8_new_data_curve_classifier_v1,Test_077,data/New_data/8x8_Case2/csv/force_disp_Test_077.csv,curve_classifier_pseudo_label,0.6833333333333333,high
Case2,8x8_078,29.0,-79.0,5034.99062742488,2,8.0,8.0,8x8_new_data_curve_classifier_v1,Test_078,data/New_data/8x8_Case2/csv/force_disp_Test_078.csv,curve_classifier_pseudo_label,0.715,medium
Case2,8x8_079,-67.0,39.0,5975.169734540399,2,8.0,8.0,8x8_new_data_curve_classifier_v1,Test_079,data/New_data/8x8_Case2/csv/force_disp_Test_079.csv,curve_classifier_pseudo_label,0.6316666666666667,high
Case2,8x8_080,-53.0,-64.0,6613.877621257254,1,8.0,8.0,8x8_new_data_curve_classifier_v1,Test_080,data/New_data/8x8_Case2/csv/force_disp_Test_080.csv,curve_classifier_pseudo_label,0.4816666666666667,high
Case2,8x8_081,-38.0,-72.0,5658.21080270886,2,8.0,8.0,8x8_new_data_curve_classifier_v1,Test_081,data/New_data/8x8_Case2/csv/force_disp_Test_081.csv,curve_classifier_pseudo_label,0.6516666666666666,high
Case2,8x8_082,85.0,48.0,5285.769770789521,2,8.0,8.0,8x8_new_data_curve_classifier_v1,Test_082,data/New_data/8x8_Case2/csv/force_disp_Test_082.csv,curve_classifier_pseudo_label,0.5266666666666666,high
Case2,8x8_083,-12.0,85.0,4206.4510157485765,2,8.0,8.0,8x8_new_data_curve_classifier_v1,Test_083,data/New_data/8x8_Case2/csv/force_disp_Test_083.csv,curve_classifier_pseudo_label,0.545,high
Case2,8x8_084,77.0,-48.0,5623.399988696108,2,8.0,8.0,8x8_new_data_curve_classifier_v1,Test_084,data/New_data/8x8_Case2/csv/force_disp_Test_084.csv,curve_classifier_pseudo_label,0.49833333333333335,high
Case2,8x8_085,45.0,75.0,5674.907944961527,2,8.0,8.0,8x8_new_data_curve_classifier_v1,Test_085,data/New_data/8x8_Case2/csv/force_disp_Test_085.csv,curve_classifier_pseudo_label,0.5616666666666666,high
Case2,8x8_086,-41.0,-54.0,6843.916456755203,2,8.0,8.0,8x8_new_data_curve_classifier_v1,Test_086,data/New_data/8x8_Case2/csv/force_disp_Test_086.csv,curve_classifier_pseudo_label,0.5383333333333333,high
Case2,8x8_087,-38.0,89.0,5039.277022834803,2,8.0,8.0,8x8_new_data_curve_classifier_v1,Test_087,data/New_data/8x8_Case2/csv/force_disp_Test_087.csv,curve_classifier_pseudo_label,0.7,medium
Case2,8x8_088,23.0,33.0,6272.23600342667,3,8.0,8.0,8x8_new_data_curve_classifier_v1,Test_088,data/New_data/8x8_Case2/csv/force_disp_Test_088.csv,curve_classifier_pseudo_label,0.675,high
Case2,8x8_089,18.0,-35.0,5926.064896432755,3,8.0,8.0,8x8_new_data_curve_classifier_v1,Test_089,data/New_data/8x8_Case2/csv/force_disp_Test_089.csv,curve_classifier_pseudo_label,0.685,high
Case2,8x8_090,-65.0,24.0,5520.705433430067,2,8.0,8.0,8x8_new_data_curve_classifier_v1,Test_090,data/New_data/8x8_Case2/csv/force_disp_Test_090.csv,curve_classifier_pseudo_label,0.7083333333333334,medium
Case2,8x8_091,11.0,36.0,5551.691611531231,3,8.0,8.0,8x8_new_data_curve_classifier_v1,Test_091,data/New_data/8x8_Case2/csv/force_disp_Test_091.csv,curve_classifier_pseudo_label,0.7666666666666667,medium
Case2,8x8_092,-38.0,-40.0,7392.826189776673,2,8.0,8.0,8x8_new_data_curve_classifier_v1,Test_092,data/New_data/8x8_Case2/csv/force_disp_Test_092.csv,curve_classifier_pseudo_label,0.49166666666666664,high
Case2,8x8_093,-70.0,-78.0,3789.3880033345195,2,8.0,8.0,8x8_new_data_curve_classifier_v1,Test_093,data/New_data/8x8_Case2/csv/force_disp_Test_093.csv,curve_classifier_pseudo_label,0.49166666666666664,high
Case2,8x8_094,73.0,-55.0,5910.468465200709,1,8.0,8.0,8x8_new_data_curve_classifier_v1,Test_094,data/New_data/8x8_Case2/csv/force_disp_Test_094.csv,curve_classifier_pseudo_label,0.47833333333333333,high
Case2,8x8_095,68.0,-30.0,5564.943577045639,2,8.0,8.0,8x8_new_data_curve_classifier_v1,Test_095,data/New_data/8x8_Case2/csv/force_disp_Test_095.csv,curve_classifier_pseudo_label,0.6983333333333334,high
Case2,8x8_096,84.0,-52.0,5332.55559180839,2,8.0,8.0,8x8_new_data_curve_classifier_v1,Test_096,data/New_data/8x8_Case2/csv/force_disp_Test_096.csv,curve_classifier_pseudo_label,0.4633333333333333,high
Case2,8x8_097,-46.0,-23.0,6085.6091043387,2,8.0,8.0,8x8_new_data_curve_classifier_v1,Test_097,data/New_data/8x8_Case2/csv/force_disp_Test_097.csv,curve_classifier_pseudo_label,0.4866666666666667,high
Case2,8x8_098,-1.0,36.0,5552.336691623226,3,8.0,8.0,8x8_new_data_curve_classifier_v1,Test_098,data/New_data/8x8_Case2/csv/force_disp_Test_098.csv,curve_classifier_pseudo_label,0.8,medium
Case2,8x8_099,90.0,40.0,5091.160057513779,2,8.0,8.0,8x8_new_data_curve_classifier_v1,Test_099,data/New_data/8x8_Case2/csv/force_disp_Test_099.csv,curve_classifier_pseudo_label,0.54,high
Case2,8x8_100,69.0,62.0,5563.375616949014,1,8.0,8.0,8x8_new_data_curve_classifier_v1,Test_100,data/New_data/8x8_Case2/csv/force_disp_Test_100.csv,curve_classifier_pseudo_label,0.54,high
Case2,8x8_101,48.0,15.0,5708.609697971082,3,8.0,8.0,8x8_new_data_curve_classifier_v1,Test_101,data/New_data/8x8_Case2/csv/force_disp_Test_101.csv,curve_classifier_pseudo_label,0.5016666666666667,high
Case2,8x8_102,76.0,-24.0,4976.262058518107,2,8.0,8.0,8x8_new_data_curve_classifier_v1,Test_102,data/New_data/8x8_Case2/csv/force_disp_Test_102.csv,curve_classifier_pseudo_label,0.6866666666666666,high
Case2,8x8_103,66.0,14.0,5046.599201298715,2,8.0,8.0,8x8_new_data_curve_classifier_v1,Test_103,data/New_data/8x8_Case2/csv/force_disp_Test_103.csv,curve_classifier_pseudo_label,0.6216666666666667,high
Case2,8x8_104,83.0,3.0,3938.8282870176163,3,8.0,8.0,8x8_new_data_curve_classifier_v1,Test_104,data/New_data/8x8_Case2/csv/force_disp_Test_104.csv,curve_classifier_pseudo_label,0.5333333333333333,high
Case2,8x8_105,89.0,-77.0,2785.0264685963316,1,8.0,8.0,8x8_new_data_curve_classifier_v1,Test_105,data/New_data/8x8_Case2/csv/force_disp_Test_105.csv,curve_classifier_pseudo_label,0.53,high
Case2,8x8_106,-12.0,43.0,5756.247257568508,3,8.0,8.0,8x8_new_data_curve_classifier_v1,Test_106,data/New_data/8x8_Case2/csv/force_disp_Test_106.csv,curve_classifier_pseudo_label,0.5366666666666666,high
Case2,8x8_107,69.0,8.0,4574.056619399754,2,8.0,8.0,8x8_new_data_curve_classifier_v1,Test_107,data/New_data/8x8_Case2/csv/force_disp_Test_107.csv,curve_classifier_pseudo_label,0.57,high
Case2,8x8_108,46.0,-72.0,5896.19037767833,2,8.0,8.0,8x8_new_data_curve_classifier_v1,Test_108,data/New_data/8x8_Case2/csv/force_disp_Test_108.csv,curve_classifier_pseudo_label,0.5316666666666666,high
Case2,8x8_109,-69.0,17.0,4923.408038451381,2,8.0,8.0,8x8_new_data_curve_classifier_v1,Test_109,data/New_data/8x8_Case2/csv/force_disp_Test_109.csv,curve_classifier_pseudo_label,0.6933333333333334,high
Case2,8x8_110,-51.0,1.0,5274.184506593638,3,8.0,8.0,8x8_new_data_curve_classifier_v1,Test_110,data/New_data/8x8_Case2/csv/force_disp_Test_110.csv,curve_classifier_pseudo_label,0.49666666666666665,high
Case2,8x8_111,7.0,87.0,3862.4930191416047,2,8.0,8.0,8x8_new_data_curve_classifier_v1,Test_111,data/New_data/8x8_Case2/csv/force_disp_Test_111.csv,curve_classifier_pseudo_label,0.51,high
Case2,8x8_112,21.0,-8.0,5384.844460113308,3,8.0,8.0,8x8_new_data_curve_classifier_v1,Test_112,data/New_data/8x8_Case2/csv/force_disp_Test_112.csv,curve_classifier_pseudo_label,0.8733333333333333,low
Case2,8x8_113,35.0,-2.0,5388.353778146293,3,8.0,8.0,8x8_new_data_curve_classifier_v1,Test_113,data/New_data/8x8_Case2/csv/force_disp_Test_113.csv,curve_classifier_pseudo_label,0.8366666666666667,medium
Case2,8x8_114,-35.0,-78.0,5223.919037000131,2,8.0,8.0,8x8_new_data_curve_classifier_v1,Test_114,data/New_data/8x8_Case2/csv/force_disp_Test_114.csv,curve_classifier_pseudo_label,0.68,high
Case2,8x8_115,22.0,74.0,4967.663079130816,2,8.0,8.0,8x8_new_data_curve_classifier_v1,Test_115,data/New_data/8x8_Case2/csv/force_disp_Test_115.csv,curve_classifier_pseudo_label,0.7683333333333333,medium
Case2,8x8_116,12.0,-85.0,4201.568511421046,2,8.0,8.0,8x8_new_data_curve_classifier_v1,Test_116,data/New_data/8x8_Case2/csv/force_disp_Test_116.csv,curve_classifier_pseudo_label,0.49,high
Case2,8x8_117,-87.0,33.0,4882.6421052346805,2,8.0,8.0,8x8_new_data_curve_classifier_v1,Test_117,data/New_data/8x8_Case2/csv/force_disp_Test_117.csv,curve_classifier_pseudo_label,0.7233333333333334,medium
Case2,8x8_118,54.0,-88.0,5230.0459479491665,2,8.0,8.0,8x8_new_data_curve_classifier_v1,Test_118,data/New_data/8x8_Case2/csv/force_disp_Test_118.csv,curve_classifier_pseudo_label,0.47333333333333333,high
Case2,8x8_119,31.0,-10.0,5539.918097002486,3,8.0,8.0,8x8_new_data_curve_classifier_v1,Test_119,data/New_data/8x8_Case2/csv/force_disp_Test_119.csv,curve_classifier_pseudo_label,0.835,medium
Case2,8x8_120,-58.0,-26.0,5885.4709148117345,2,8.0,8.0,8x8_new_data_curve_classifier_v1,Test_120,data/New_data/8x8_Case2/csv/force_disp_Test_120.csv,curve_classifier_pseudo_label,0.6283333333333333,high
Case2,8x8_121,-50.0,14.0,5679.41895745901,2,8.0,8.0,8x8_new_data_curve_classifier_v1,Test_121,data/New_data/8x8_Case2/csv/force_disp_Test_121.csv,curve_classifier_pseudo_label,0.5016666666666667,high
Case2,8x8_122,20.0,-73.0,4927.547212368724,2,8.0,8.0,8x8_new_data_curve_classifier_v1,Test_122,data/New_data/8x8_Case2/csv/force_disp_Test_122.csv,curve_classifier_pseudo_label,0.72,medium
Case2,8x8_123,76.0,4.0,4315.493301056991,3,8.0,8.0,8x8_new_data_curve_classifier_v1,Test_123,data/New_data/8x8_Case2/csv/force_disp_Test_123.csv,curve_classifier_pseudo_label,0.5433333333333333,high
Case2,8x8_124,42.0,-66.0,6158.471279575665,2,8.0,8.0,8x8_new_data_curve_classifier_v1,Test_124,data/New_data/8x8_Case2/csv/force_disp_Test_124.csv,curve_classifier_pseudo_label,0.5666666666666667,high
Case2,8x8_125,-3.0,72.0,4337.723015412987,2,8.0,8.0,8x8_new_data_curve_classifier_v1,Test_125,data/New_data/8x8_Case2/csv/force_disp_Test_125.csv,curve_classifier_pseudo_label,0.49333333333333335,high
Case2,8x8_126,-8.0,18.0,5401.476436129227,3,8.0,8.0,8x8_new_data_curve_classifier_v1,Test_126,data/New_data/8x8_Case2/csv/force_disp_Test_126.csv,curve_classifier_pseudo_label,0.8,medium
Case2,8x8_127,-66.0,77.0,4341.862375597012,2,8.0,8.0,8x8_new_data_curve_classifier_v1,Test_127,data/New_data/8x8_Case2/csv/force_disp_Test_127.csv,curve_classifier_pseudo_label,0.485,high
Case2,8x8_128,59.0,-70.0,6146.200806157948,1,8.0,8.0,8x8_new_data_curve_classifier_v1,Test_128,data/New_data/8x8_Case2/csv/force_disp_Test_128.csv,curve_classifier_pseudo_label,0.5716666666666667,high
Case2,8x8_129,24.0,11.0,5616.151698089326,3,8.0,8.0,8x8_new_data_curve_classifier_v1,Test_129,data/New_data/8x8_Case2/csv/force_disp_Test_129.csv,curve_classifier_pseudo_label,0.87,low
Case2,8x8_130,-59.0,12.0,5375.351429730151,2,8.0,8.0,8x8_new_data_curve_classifier_v1,Test_130,data/New_data/8x8_Case2/csv/force_disp_Test_130.csv,curve_classifier_pseudo_label,0.6033333333333334,high
Case2,8x8_131,41.0,53.0,6912.032831790356,2,8.0,8.0,8x8_new_data_curve_classifier_v1,Test_131,data/New_data/8x8_Case2/csv/force_disp_Test_131.csv,curve_classifier_pseudo_label,0.53,high
Case2,8x8_132,38.0,35.0,7197.249448758964,2,8.0,8.0,8x8_new_data_curve_classifier_v1,Test_132,data/New_data/8x8_Case2/csv/force_disp_Test_132.csv,curve_classifier_pseudo_label,0.43166666666666664,high
Case2,8x8_133,-21.0,37.0,6220.51691614624,3,8.0,8.0,8x8_new_data_curve_classifier_v1,Test_133,data/New_data/8x8_Case2/csv/force_disp_Test_133.csv,curve_classifier_pseudo_label,0.57,high
Case2,8x8_134,-56.0,37.0,6595.143052200749,2,8.0,8.0,8x8_new_data_curve_classifier_v1,Test_134,data/New_data/8x8_Case2/csv/force_disp_Test_134.csv,curve_classifier_pseudo_label,0.605,high
Case2,8x8_135,39.0,-76.0,5450.459886603215,2,8.0,8.0,8x8_new_data_curve_classifier_v1,Test_135,data/New_data/8x8_Case2/csv/force_disp_Test_135.csv,curve_classifier_pseudo_label,0.6316666666666667,high
Case2,8x8_136,8.0,-68.0,4753.636747515623,2,8.0,8.0,8x8_new_data_curve_classifier_v1,Test_136,data/New_data/8x8_Case2/csv/force_disp_Test_136.csv,curve_classifier_pseudo_label,0.655,high
Case2,8x8_137,68.0,53.0,6255.139627078279,2,8.0,8.0,8x8_new_data_curve_classifier_v1,Test_137,data/New_data/8x8_Case2/csv/force_disp_Test_137.csv,curve_classifier_pseudo_label,0.4666666666666667,high
Case2,8x8_138,-28.0,-75.0,5135.269359186797,2,8.0,8.0,8x8_new_data_curve_classifier_v1,Test_138,data/New_data/8x8_Case2/csv/force_disp_Test_138.csv,curve_classifier_pseudo_label,0.6816666666666666,high
Case2,8x8_139,-52.0,-36.0,6652.703034459756,2,8.0,8.0,8x8_new_data_curve_classifier_v1,Test_139,data/New_data/8x8_Case2/csv/force_disp_Test_139.csv,curve_classifier_pseudo_label,0.5583333333333333,high
Case2,8x8_140,1.0,-3.0,4583.033747370783,3,8.0,8.0,8x8_new_data_curve_classifier_v1,Test_140,data/New_data/8x8_Case2/csv/force_disp_Test_140.csv,curve_classifier_pseudo_label,0.8783333333333333,low
Case2,8x8_141,79.0,49.0,5501.998946384676,2,8.0,8.0,8x8_new_data_curve_classifier_v1,Test_141,data/New_data/8x8_Case2/csv/force_disp_Test_141.csv,curve_classifier_pseudo_label,0.52,high
Case2,8x8_142,56.0,10.0,5381.495172553362,2,8.0,8.0,8x8_new_data_curve_classifier_v1,Test_142,data/New_data/8x8_Case2/csv/force_disp_Test_142.csv,curve_classifier_pseudo_label,0.49833333333333335,high
Case2,8x8_143,39.0,-35.0,7203.165992142128,2,8.0,8.0,8x8_new_data_curve_classifier_v1,Test_143,data/New_data/8x8_Case2/csv/force_disp_Test_143.csv,curve_classifier_pseudo_label,0.47,high
Case2,8x8_144,-86.0,-39.0,5092.526461682307,2,8.0,8.0,8x8_new_data_curve_classifier_v1,Test_144,data/New_data/8x8_Case2/csv/force_disp_Test_144.csv,curve_classifier_pseudo_label,0.6183333333333333,high
Case2,8x8_145,29.0,32.0,6818.973927286509,3,8.0,8.0,8x8_new_data_curve_classifier_v1,Test_145,data/New_data/8x8_Case2/csv/force_disp_Test_145.csv,curve_classifier_pseudo_label,0.59,high
Case2,8x8_146,-41.0,-28.0,6498.918056289,2,8.0,8.0,8x8_new_data_curve_classifier_v1,Test_146,data/New_data/8x8_Case2/csv/force_disp_Test_146.csv,curve_classifier_pseudo_label,0.4716666666666667,high
Case2,8x8_147,47.0,23.0,6087.938731672308,2,8.0,8.0,8x8_new_data_curve_classifier_v1,Test_147,data/New_data/8x8_Case2/csv/force_disp_Test_147.csv,curve_classifier_pseudo_label,0.5083333333333333,high
Case2,8x8_148,46.0,-62.0,6605.992769009551,2,8.0,8.0,8x8_new_data_curve_classifier_v1,Test_148,data/New_data/8x8_Case2/csv/force_disp_Test_148.csv,curve_classifier_pseudo_label,0.5133333333333333,high
Case2,8x8_149,24.0,-59.0,5826.785428118063,2,8.0,8.0,8x8_new_data_curve_classifier_v1,Test_149,data/New_data/8x8_Case2/csv/force_disp_Test_149.csv,curve_classifier_pseudo_label,0.675,high
Case2,8x8_150,15.0,-47.0,5727.255233728309,3,8.0,8.0,8x8_new_data_curve_classifier_v1,Test_150,data/New_data/8x8_Case2/csv/force_disp_Test_150.csv,curve_classifier_pseudo_label,0.47833333333333333,high
Case2,8x8_151,-66.0,-82.0,4022.8190443347034,2,8.0,8.0,8x8_new_data_curve_classifier_v1,Test_151,data/New_data/8x8_Case2/csv/force_disp_Test_151.csv,curve_classifier_pseudo_label,0.51,high
Case2,8x8_152,-23.0,-66.0,5334.59699260307,2,8.0,8.0,8x8_new_data_curve_classifier_v1,Test_152,data/New_data/8x8_Case2/csv/force_disp_Test_152.csv,curve_classifier_pseudo_label,0.6616666666666666,high
Case2,8x8_153,50.0,-62.0,6768.342423421428,2,8.0,8.0,8x8_new_data_curve_classifier_v1,Test_153,data/New_data/8x8_Case2/csv/force_disp_Test_153.csv,curve_classifier_pseudo_label,0.465,high
Case2,8x8_154,-65.0,-65.0,5429.065308218205,1,8.0,8.0,8x8_new_data_curve_classifier_v1,Test_154,data/New_data/8x8_Case2/csv/force_disp_Test_154.csv,curve_classifier_pseudo_label,0.56,high
Case2,8x8_155,11.0,-32.0,5750.285051577952,3,8.0,8.0,8x8_new_data_curve_classifier_v1,Test_155,data/New_data/8x8_Case2/csv/force_disp_Test_155.csv,curve_classifier_pseudo_label,0.8133333333333334,medium
Case2,8x8_156,70.0,-86.0,3437.6711552698616,1,8.0,8.0,8x8_new_data_curve_classifier_v1,Test_156,data/New_data/8x8_Case2/csv/force_disp_Test_156.csv,curve_classifier_pseudo_label,0.5116666666666667,high
Case2,8x8_157,78.0,-26.0,4937.500485691486,2,8.0,8.0,8x8_new_data_curve_classifier_v1,Test_157,data/New_data/8x8_Case2/csv/force_disp_Test_157.csv,curve_classifier_pseudo_label,0.68,high
Case2,8x8_158,17.0,-43.0,5939.211483448766,3,8.0,8.0,8x8_new_data_curve_classifier_v1,Test_158,data/New_data/8x8_Case2/csv/force_disp_Test_158.csv,curve_classifier_pseudo_label,0.53,high
Case2,8x8_159,-9.0,-4.0,4796.946624828062,3,8.0,8.0,8x8_new_data_curve_classifier_v1,Test_159,data/New_data/8x8_Case2/csv/force_disp_Test_159.csv,curve_classifier_pseudo_label,0.8933333333333333,low
Case2,8x8_160,47.0,-13.0,5687.811471804471,3,8.0,8.0,8x8_new_data_curve_classifier_v1,Test_160,data/New_data/8x8_Case2/csv/force_disp_Test_160.csv,curve_classifier_pseudo_label,0.5033333333333333,high
Case2,8x8_161,-43.0,-45.0,7538.363805832825,2,8.0,8.0,8x8_new_data_curve_classifier_v1,Test_161,data/New_data/8x8_Case2/csv/force_disp_Test_161.csv,curve_classifier_pseudo_label,0.47833333333333333,high
Case2,8x8_162,-71.0,-11.0,4598.811461692567,2,8.0,8.0,8x8_new_data_curve_classifier_v1,Test_162,data/New_data/8x8_Case2/csv/force_disp_Test_162.csv,curve_classifier_pseudo_label,0.6333333333333333,high
Case2,8x8_163,-84.0,28.0,4804.713776061654,2,8.0,8.0,8x8_new_data_curve_classifier_v1,Test_163,data/New_data/8x8_Case2/csv/force_disp_Test_163.csv,curve_classifier_pseudo_label,0.72,medium
Case2,8x8_164,-16.0,-5.0,5070.676512261307,3,8.0,8.0,8x8_new_data_curve_classifier_v1,Test_164,data/New_data/8x8_Case2/csv/force_disp_Test_164.csv,curve_classifier_pseudo_label,0.8583333333333333,low
Case2,8x8_165,-5.0,10.0,5088.129185042229,3,8.0,8.0,8x8_new_data_curve_classifier_v1,Test_165,data/New_data/8x8_Case2/csv/force_disp_Test_165.csv,curve_classifier_pseudo_label,0.89,low
Case2,8x8_166,-61.0,-3.0,4946.219657772605,2,8.0,8.0,8x8_new_data_curve_classifier_v1,Test_166,data/New_data/8x8_Case2/csv/force_disp_Test_166.csv,curve_classifier_pseudo_label,0.5666666666666667,high
Case2,8x8_167,-4.0,-6.0,4876.812472349739,3,8.0,8.0,8x8_new_data_curve_classifier_v1,Test_167,data/New_data/8x8_Case2/csv/force_disp_Test_167.csv,curve_classifier_pseudo_label,0.8933333333333333,low
Case2,8x8_168,-5.0,-1.0,4919.616921132867,3,8.0,8.0,8x8_new_data_curve_classifier_v1,Test_168,data/New_data/8x8_Case2/csv/force_disp_Test_168.csv,curve_classifier_pseudo_label,0.8966666666666666,low
Case2,8x8_169,58.0,-70.0,6148.203607929557,1,8.0,8.0,8x8_new_data_curve_classifier_v1,Test_169,data/New_data/8x8_Case2/csv/force_disp_Test_169.csv,curve_classifier_pseudo_label,0.5583333333333333,high
Case2,8x8_170,-35.0,-50.0,6725.129138554492,2,8.0,8.0,8x8_new_data_curve_classifier_v1,Test_170,data/New_data/8x8_Case2/csv/force_disp_Test_170.csv,curve_classifier_pseudo_label,0.54,high
Case2,8x8_171,-6.0,-18.0,5181.711601922757,3,8.0,8.0,8x8_new_data_curve_classifier_v1,Test_171,data/New_data/8x8_Case2/csv/force_disp_Test_171.csv,curve_classifier_pseudo_label,0.88,low
Case2,8x8_172,-68.0,5.0,4678.2550882518635,2,8.0,8.0,8x8_new_data_curve_classifier_v1,Test_172,data/New_data/8x8_Case2/csv/force_disp_Test_172.csv,curve_classifier_pseudo_label,0.585,high
Case2,8x8_173,82.0,-55.0,5395.142350876158,1,8.0,8.0,8x8_new_data_curve_classifier_v1,Test_173,data/New_data/8x8_Case2/csv/force_disp_Test_173.csv,curve_classifier_pseudo_label,0.47833333333333333,high
Case2,8x8_174,-76.0,51.0,5715.2778637345145,2,8.0,8.0,8x8_new_data_curve_classifier_v1,Test_174,data/New_data/8x8_Case2/csv/force_disp_Test_174.csv,curve_classifier_pseudo_label,0.52,high
Case2,8x8_175,-73.0,85.0,3184.429099864086,1,8.0,8.0,8x8_new_data_curve_classifier_v1,Test_175,data/New_data/8x8_Case2/csv/force_disp_Test_175.csv,curve_classifier_pseudo_label,0.48,high
Case2,8x8_176,-36.0,30.0,6826.949939587022,3,8.0,8.0,8x8_new_data_curve_classifier_v1,Test_176,data/New_data/8x8_Case2/csv/force_disp_Test_176.csv,curve_classifier_pseudo_label,0.43166666666666664,high
Case2,8x8_177,25.0,-81.0,4748.69536107594,2,8.0,8.0,8x8_new_data_curve_classifier_v1,Test_177,data/New_data/8x8_Case2/csv/force_disp_Test_177.csv,curve_classifier_pseudo_label,0.7233333333333334,medium
Case2,8x8_178,27.0,63.0,5749.7652321896885,2,8.0,8.0,8x8_new_data_curve_classifier_v1,Test_178,data/New_data/8x8_Case2/csv/force_disp_Test_178.csv,curve_classifier_pseudo_label,0.7233333333333334,medium
Case2,8x8_179,73.0,-44.0,5779.68081657179,2,8.0,8.0,8x8_new_data_curve_classifier_v1,Test_179,data/New_data/8x8_Case2/csv/force_disp_Test_179.csv,curve_classifier_pseudo_label,0.535,high
Case2,8x8_180,-14.0,88.0,4084.422420677272,2,8.0,8.0,8x8_new_data_curve_classifier_v1,Test_180,data/New_data/8x8_Case2/csv/force_disp_Test_180.csv,curve_classifier_pseudo_label,0.5716666666666667,high
Case2,8x8_181,88.0,45.0,5195.6691560416475,2,8.0,8.0,8x8_new_data_curve_classifier_v1,Test_181,data/New_data/8x8_Case2/csv/force_disp_Test_181.csv,curve_classifier_pseudo_label,0.5466666666666666,high
Case2,8x8_182,-14.0,42.0,5871.585809613483,3,8.0,8.0,8x8_new_data_curve_classifier_v1,Test_182,data/New_data/8x8_Case2/csv/force_disp_Test_182.csv,curve_classifier_pseudo_label,0.5333333333333333,high
Case2,8x8_183,37.0,63.0,6161.853144610753,2,8.0,8.0,8x8_new_data_curve_classifier_v1,Test_183,data/New_data/8x8_Case2/csv/force_disp_Test_183.csv,curve_classifier_pseudo_label,0.63,high
Case2,8x8_184,83.0,43.0,5227.683138878819,2,8.0,8.0,8x8_new_data_curve_classifier_v1,Test_184,data/New_data/8x8_Case2/csv/force_disp_Test_184.csv,curve_classifier_pseudo_label,0.5433333333333333,high
Case2,8x8_185,-18.0,49.0,5804.1197308932815,2,8.0,8.0,8x8_new_data_curve_classifier_v1,Test_185,data/New_data/8x8_Case2/csv/force_disp_Test_185.csv,curve_classifier_pseudo_label,0.5783333333333334,high
Case2,8x8_186,-54.0,1.0,5232.883509148011,2,8.0,8.0,8x8_new_data_curve_classifier_v1,Test_186,data/New_data/8x8_Case2/csv/force_disp_Test_186.csv,curve_classifier_pseudo_label,0.505,high
Case2,8x8_187,-47.0,-37.0,6992.555135084752,2,8.0,8.0,8x8_new_data_curve_classifier_v1,Test_187,data/New_data/8x8_Case2/csv/force_disp_Test_187.csv,curve_classifier_pseudo_label,0.5433333333333333,high
Case2,8x8_188,-40.0,56.0,6725.237747245391,2,8.0,8.0,8x8_new_data_curve_classifier_v1,Test_188,data/New_data/8x8_Case2/csv/force_disp_Test_188.csv,curve_classifier_pseudo_label,0.5716666666666667,high
Case2,8x8_189,34.0,0.0,5492.604699156051,3,8.0,8.0,8x8_new_data_curve_classifier_v1,Test_189,data/New_data/8x8_Case2/csv/force_disp_Test_189.csv,curve_classifier_pseudo_label,0.8316666666666667,medium
Case2,8x8_190,-80.0,40.0,5346.784173342428,2,8.0,8.0,8x8_new_data_curve_classifier_v1,Test_190,data/New_data/8x8_Case2/csv/force_disp_Test_190.csv,curve_classifier_pseudo_label,0.6483333333333333,high
Case2,8x8_191,-75.0,6.0,4266.773991404063,3,8.0,8.0,8x8_new_data_curve_classifier_v1,Test_191,data/New_data/8x8_Case2/csv/force_disp_Test_191.csv,curve_classifier_pseudo_label,0.48333333333333334,high
Case2,8x8_192,89.0,-86.0,2388.6068077760133,1,8.0,8.0,8x8_new_data_curve_classifier_v1,Test_192,data/New_data/8x8_Case2/csv/force_disp_Test_192.csv,curve_classifier_pseudo_label,0.5333333333333333,high
Case2,8x8_193,48.0,41.0,7200.12163879943,2,8.0,8.0,8x8_new_data_curve_classifier_v1,Test_193,data/New_data/8x8_Case2/csv/force_disp_Test_193.csv,curve_classifier_pseudo_label,0.5,high
Case2,8x8_194,-11.0,-16.0,5417.307489245084,3,8.0,8.0,8x8_new_data_curve_classifier_v1,Test_194,data/New_data/8x8_Case2/csv/force_disp_Test_194.csv,curve_classifier_pseudo_label,0.885,low
Case2,8x8_195,12.0,71.0,4718.298943371894,2,8.0,8.0,8x8_new_data_curve_classifier_v1,Test_195,data/New_data/8x8_Case2/csv/force_disp_Test_195.csv,curve_classifier_pseudo_label,0.7416666666666667,medium
Case2,8x8_196,-32.0,84.0,4952.792517887152,2,8.0,8.0,8x8_new_data_curve_classifier_v1,Test_196,data/New_data/8x8_Case2/csv/force_disp_Test_196.csv,curve_classifier_pseudo_label,0.765,medium
Case2,8x8_197,-80.0,-38.0,5289.3378367958985,2,8.0,8.0,8x8_new_data_curve_classifier_v1,Test_197,data/New_data/8x8_Case2/csv/force_disp_Test_197.csv,curve_classifier_pseudo_label,0.63,high
Case2,8x8_198,-82.0,-53.0,5385.412148727857,2,8.0,8.0,8x8_new_data_curve_classifier_v1,Test_198,data/New_data/8x8_Case2/csv/force_disp_Test_198.csv,curve_classifier_pseudo_label,0.515,high
Case2,8x8_199,-45.0,82.0,5346.120273478756,2,8.0,8.0,8x8_new_data_curve_classifier_v1,Test_199,data/New_data/8x8_Case2/csv/force_disp_Test_199.csv,curve_classifier_pseudo_label,0.595,high
Case2,8x8_200,88.0,-42.0,5134.166864507925,2,8.0,8.0,8x8_new_data_curve_classifier_v1,Test_200,data/New_data/8x8_Case2/csv/force_disp_Test_200.csv,curve_classifier_pseudo_label,0.52,high
Case2,8x8_201,-73.0,-27.0,5167.878011208202,2,8.0,8.0,8x8_new_data_curve_classifier_v1,Test_201,data/New_data/8x8_Case2/csv/force_disp_Test_201.csv,curve_classifier_pseudo_label,0.6766666666666666,high
Case2,8x8_202,-24.0,-76.0,4826.767305134777,2,8.0,8.0,8x8_new_data_curve_classifier_v1,Test_202,data/New_data/8x8_Case2/csv/force_disp_Test_202.csv,curve_classifier_pseudo_label,0.69,high
Case2,8x8_203,33.0,58.0,6246.365760754372,2,8.0,8.0,8x8_new_data_curve_classifier_v1,Test_203,data/New_data/8x8_Case2/csv/force_disp_Test_203.csv,curve_classifier_pseudo_label,0.6583333333333333,high
Case2,8x8_204,27.0,-22.0,6231.774253439833,3,8.0,8.0,8x8_new_data_curve_classifier_v1,Test_204,data/New_data/8x8_Case2/csv/force_disp_Test_204.csv,curve_classifier_pseudo_label,0.7866666666666666,medium
Case2,8x8_205,-58.0,-50.0,7065.8323047382955,1,8.0,8.0,8x8_new_data_curve_classifier_v1,Test_205,data/New_data/8x8_Case2/csv/force_disp_Test_205.csv,curve_classifier_pseudo_label,0.495,high
Case2,8x8_206,4.0,90.0,3933.8161724117786,2,8.0,8.0,8x8_new_data_curve_classifier_v1,Test_206,data/New_data/8x8_Case2/csv/force_disp_Test_206.csv,curve_classifier_pseudo_label,0.5266666666666666,high
Case2,8x8_207,19.0,-83.0,4491.919844502155,2,8.0,8.0,8x8_new_data_curve_classifier_v1,Test_207,data/New_data/8x8_Case2/csv/force_disp_Test_207.csv,curve_classifier_pseudo_label,0.7,medium
Case2,8x8_208,-87.0,47.0,5244.941132193344,2,8.0,8.0,8x8_new_data_curve_classifier_v1,Test_208,data/New_data/8x8_Case2/csv/force_disp_Test_208.csv,curve_classifier_pseudo_label,0.555,high
Case2,8x8_209,58.0,-69.0,6242.224416117302,1,8.0,8.0,8x8_new_data_curve_classifier_v1,Test_209,data/New_data/8x8_Case2/csv/force_disp_Test_209.csv,curve_classifier_pseudo_label,0.5633333333333334,high
Case2,8x8_210,-10.0,23.0,5571.4009166578835,3,8.0,8.0,8x8_new_data_curve_classifier_v1,Test_210,data/New_data/8x8_Case2/csv/force_disp_Test_210.csv,curve_classifier_pseudo_label,0.81,medium
Case2,8x8_211,55.0,-59.0,7210.855872175987,1,8.0,8.0,8x8_new_data_curve_classifier_v1,Test_211,data/New_data/8x8_Case2/csv/force_disp_Test_211.csv,curve_classifier_pseudo_label,0.6333333333333333,high
Case2,8x8_212,-63.0,54.0,6774.947155644791,1,8.0,8.0,8x8_new_data_curve_classifier_v1,Test_212,data/New_data/8x8_Case2/csv/force_disp_Test_212.csv,curve_classifier_pseudo_label,0.5,high
Case2,8x8_213,67.0,-42.0,6107.847737616461,2,8.0,8.0,8x8_new_data_curve_classifier_v1,Test_213,data/New_data/8x8_Case2/csv/force_disp_Test_213.csv,curve_classifier_pseudo_label,0.5583333333333333,high
Case2,8x8_214,63.0,-14.0,5195.729615681295,2,8.0,8.0,8x8_new_data_curve_classifier_v1,Test_214,data/New_data/8x8_Case2/csv/force_disp_Test_214.csv,curve_classifier_pseudo_label,0.63,high
Case2,8x8_215,9.0,13.0,5117.8334161280845,3,8.0,8.0,8x8_new_data_curve_classifier_v1,Test_215,data/New_data/8x8_Case2/csv/force_disp_Test_215.csv,curve_classifier_pseudo_label,0.8866666666666667,low
Case2,8x8_216,-10.0,59.0,5197.570871757705,2,8.0,8.0,8x8_new_data_curve_classifier_v1,Test_216,data/New_data/8x8_Case2/csv/force_disp_Test_216.csv,curve_classifier_pseudo_label,0.68,high
Case2,8x8_217,21.0,56.0,5735.005923478187,2,8.0,8.0,8x8_new_data_curve_classifier_v1,Test_217,data/New_data/8x8_Case2/csv/force_disp_Test_217.csv,curve_classifier_pseudo_label,0.645,high
Case2,8x8_218,5.0,-15.0,5131.844732610055,3,8.0,8.0,8x8_new_data_curve_classifier_v1,Test_218,data/New_data/8x8_Case2/csv/force_disp_Test_218.csv,curve_classifier_pseudo_label,0.885,low
Case2,8x8_219,-7.0,65.0,4805.229795473385,2,8.0,8.0,8x8_new_data_curve_classifier_v1,Test_219,data/New_data/8x8_Case2/csv/force_disp_Test_219.csv,curve_classifier_pseudo_label,0.72,medium
Case2,8x8_220,14.0,-23.0,5664.5335329217605,3,8.0,8.0,8x8_new_data_curve_classifier_v1,Test_220,data/New_data/8x8_Case2/csv/force_disp_Test_220.csv,curve_classifier_pseudo_label,0.8516666666666667,low
Case2,8x8_221,74.0,-56.0,5848.237395568851,1,8.0,8.0,8x8_new_data_curve_classifier_v1,Test_221,data/New_data/8x8_Case2/csv/force_disp_Test_221.csv,curve_classifier_pseudo_label,0.49,high
Case2,8x8_222,7.0,-80.0,4052.762693543157,3,8.0,8.0,8x8_new_data_curve_classifier_v1,Test_222,data/New_data/8x8_Case2/csv/force_disp_Test_222.csv,curve_classifier_pseudo_label,0.45166666666666666,high
Case2,8x8_223,-78.0,-48.0,5555.158945370477,2,8.0,8.0,8x8_new_data_curve_classifier_v1,Test_223,data/New_data/8x8_Case2/csv/force_disp_Test_223.csv,curve_classifier_pseudo_label,0.535,high
Case2,8x8_224,-4.0,-43.0,5455.9394697980915,3,8.0,8.0,8x8_new_data_curve_classifier_v1,Test_224,data/New_data/8x8_Case2/csv/force_disp_Test_224.csv,curve_classifier_pseudo_label,0.6816666666666666,high
Case2,8x8_225,2.0,-73.0,4345.573584861094,3,8.0,8.0,8x8_new_data_curve_classifier_v1,Test_225,data/New_data/8x8_Case2/csv/force_disp_Test_225.csv,curve_classifier_pseudo_label,0.4816666666666667,high
Case2,8x8_226,-42.0,80.0,5336.888988663229,2,8.0,8.0,8x8_new_data_curve_classifier_v1,Test_226,data/New_data/8x8_Case2/csv/force_disp_Test_226.csv,curve_classifier_pseudo_label,0.63,high
Case2,8x8_227,-42.0,-6.0,5608.435714844567,3,8.0,8.0,8x8_new_data_curve_classifier_v1,Test_227,data/New_data/8x8_Case2/csv/force_disp_Test_227.csv,curve_classifier_pseudo_label,0.6783333333333333,high
Case2,8x8_228,60.0,-31.0,6062.275072882737,2,8.0,8.0,8x8_new_data_curve_classifier_v1,Test_228,data/New_data/8x8_Case2/csv/force_disp_Test_228.csv,curve_classifier_pseudo_label,0.685,high
Case2,8x8_229,42.0,86.0,5176.169475095314,2,8.0,8.0,8x8_new_data_curve_classifier_v1,Test_229,data/New_data/8x8_Case2/csv/force_disp_Test_229.csv,curve_classifier_pseudo_label,0.6033333333333334,high
Case2,8x8_230,-44.0,-30.0,6612.614734192014,2,8.0,8.0,8x8_new_data_curve_classifier_v1,Test_230,data/New_data/8x8_Case2/csv/force_disp_Test_230.csv,curve_classifier_pseudo_label,0.52,high
Case2,8x8_231,-69.0,24.0,5239.257142425076,2,8.0,8.0,8x8_new_data_curve_classifier_v1,Test_231,data/New_data/8x8_Case2/csv/force_disp_Test_231.csv,curve_classifier_pseudo_label,0.7166666666666667,medium
Case2,8x8_232,-8.0,-27.0,5477.599797969108,3,8.0,8.0,8x8_new_data_curve_classifier_v1,Test_232,data/New_data/8x8_Case2/csv/force_disp_Test_232.csv,curve_classifier_pseudo_label,0.8616666666666667,low
Case2,8x8_233,61.0,-20.0,5462.180381851,2,8.0,8.0,8x8_new_data_curve_classifier_v1,Test_233,data/New_data/8x8_Case2/csv/force_disp_Test_233.csv,curve_classifier_pseudo_label,0.6283333333333333,high
Case2,8x8_234,-49.0,-40.0,7074.595391620944,2,8.0,8.0,8x8_new_data_curve_classifier_v1,Test_234,data/New_data/8x8_Case2/csv/force_disp_Test_234.csv,curve_classifier_pseudo_label,0.5216666666666666,high
Case2,8x8_235,-62.0,7.0,5004.80052799166,2,8.0,8.0,8x8_new_data_curve_classifier_v1,Test_235,data/New_data/8x8_Case2/csv/force_disp_Test_235.csv,curve_classifier_pseudo_label,0.6033333333333334,high
Case2,8x8_236,16.0,-57.0,5569.803563339273,2,8.0,8.0,8x8_new_data_curve_classifier_v1,Test_236,data/New_data/8x8_Case2/csv/force_disp_Test_236.csv,curve_classifier_pseudo_label,0.625,high
Case2,8x8_237,-32.0,66.0,5802.5472492833,2,8.0,8.0,8x8_new_data_curve_classifier_v1,Test_237,data/New_data/8x8_Case2/csv/force_disp_Test_237.csv,curve_classifier_pseudo_label,0.76,medium
Case2,8x8_238,64.0,-22.0,5470.848334585136,2,8.0,8.0,8x8_new_data_curve_classifier_v1,Test_238,data/New_data/8x8_Case2/csv/force_disp_Test_238.csv,curve_classifier_pseudo_label,0.6633333333333333,high
Case2,8x8_239,30.0,17.0,5877.424747761911,3,8.0,8.0,8x8_new_data_curve_classifier_v1,Test_239,data/New_data/8x8_Case2/csv/force_disp_Test_239.csv,curve_classifier_pseudo_label,0.8116666666666666,medium
Case2,8x8_240,53.0,26.0,6081.371542335929,2,8.0,8.0,8x8_new_data_curve_classifier_v1,Test_240,data/New_data/8x8_Case2/csv/force_disp_Test_240.csv,curve_classifier_pseudo_label,0.5916666666666667,high
Case2,8x8_241,13.0,6.0,4908.210612346571,3,8.0,8.0,8x8_new_data_curve_classifier_v1,Test_241,data/New_data/8x8_Case2/csv/force_disp_Test_241.csv,curve_classifier_pseudo_label,0.89,low
Case2,8x8_242,-31.0,60.0,6069.184247772142,2,8.0,8.0,8x8_new_data_curve_classifier_v1,Test_242,data/New_data/8x8_Case2/csv/force_disp_Test_242.csv,curve_classifier_pseudo_label,0.75,medium
Case2,8x8_243,-63.0,-63.0,5867.660247728416,1,8.0,8.0,8x8_new_data_curve_classifier_v1,Test_243,data/New_data/8x8_Case2/csv/force_disp_Test_243.csv,curve_classifier_pseudo_label,0.605,high
Case2,8x8_244,85.0,-58.0,5270.727817794313,1,8.0,8.0,8x8_new_data_curve_classifier_v1,Test_244,data/New_data/8x8_Case2/csv/force_disp_Test_244.csv,curve_classifier_pseudo_label,0.48833333333333334,high
Case2,8x8_245,-34.0,-14.0,5722.606546948112,3,8.0,8.0,8x8_new_data_curve_classifier_v1,Test_245,data/New_data/8x8_Case2/csv/force_disp_Test_245.csv,curve_classifier_pseudo_label,0.7633333333333333,medium
Case2,8x8_246,60.0,61.0,6460.911454329404,1,8.0,8.0,8x8_new_data_curve_classifier_v1,Test_246,data/New_data/8x8_Case2/csv/force_disp_Test_246.csv,curve_classifier_pseudo_label,0.7116666666666667,medium
Case2,8x8_247,-83.0,78.0,2875.398207287695,1,8.0,8.0,8x8_new_data_curve_classifier_v1,Test_247,data/New_data/8x8_Case2/csv/force_disp_Test_247.csv,curve_classifier_pseudo_label,0.4816666666666667,high
Case2,8x8_248,6.0,27.0,5352.677503977403,3,8.0,8.0,8x8_new_data_curve_classifier_v1,Test_248,data/New_data/8x8_Case2/csv/force_disp_Test_248.csv,curve_classifier_pseudo_label,0.835,medium
Case2,8x8_249,6.0,16.0,5022.917602728103,3,8.0,8.0,8x8_new_data_curve_classifier_v1,Test_249,data/New_data/8x8_Case2/csv/force_disp_Test_249.csv,curve_classifier_pseudo_label,0.88,low
Case2,8x8_250,-47.0,64.0,6511.987736465442,2,8.0,8.0,8x8_new_data_curve_classifier_v1,Test_250,data/New_data/8x8_Case2/csv/force_disp_Test_250.csv,curve_classifier_pseudo_label,0.5616666666666666,high
Case2,8x8_251,-69.0,0.0,4560.283812387573,3,8.0,8.0,8x8_new_data_curve_classifier_v1,Test_251,data/New_data/8x8_Case2/csv/force_disp_Test_251.csv,curve_classifier_pseudo_label,0.46166666666666667,high
Case2,8x8_252,-82.0,-45.0,5347.235964959628,2,8.0,8.0,8x8_new_data_curve_classifier_v1,Test_252,data/New_data/8x8_Case2/csv/force_disp_Test_252.csv,curve_classifier_pseudo_label,0.5616666666666666,high
Case2,8x8_253,56.0,-34.0,6435.899569381483,2,8.0,8.0,8x8_new_data_curve_classifier_v1,Test_253,data/New_data/8x8_Case2/csv/force_disp_Test_253.csv,curve_classifier_pseudo_label,0.6216666666666667,high
Case2,8x8_254,-75.0,-17.0,4648.425634762444,2,8.0,8.0,8x8_new_data_curve_classifier_v1,Test_254,data/New_data/8x8_Case2/csv/force_disp_Test_254.csv,curve_classifier_pseudo_label,0.6666666666666666,high
Case2,8x8_255,32.0,-60.0,6098.8301124615955,2,8.0,8.0,8x8_new_data_curve_classifier_v1,Test_255,data/New_data/8x8_Case2/csv/force_disp_Test_255.csv,curve_classifier_pseudo_label,0.6683333333333333,high
Case2,8x8_256,-25.0,-11.0,5480.099212185348,3,8.0,8.0,8x8_new_data_curve_classifier_v1,Test_256,data/New_data/8x8_Case2/csv/force_disp_Test_256.csv,curve_classifier_pseudo_label,0.8583333333333333,low
Case2,8x8_257,65.0,80.0,4269.205915701089,2,8.0,8.0,8x8_new_data_curve_classifier_v1,Test_257,data/New_data/8x8_Case2/csv/force_disp_Test_257.csv,curve_classifier_pseudo_label,0.48,high
Case2,8x8_258,54.0,-18.0,5688.509143935604,2,8.0,8.0,8x8_new_data_curve_classifier_v1,Test_258,data/New_data/8x8_Case2/csv/force_disp_Test_258.csv,curve_classifier_pseudo_label,0.565,high
Case2,8x8_259,-6.0,38.0,5641.6804343735685,3,8.0,8.0,8x8_new_data_curve_classifier_v1,Test_259,data/New_data/8x8_Case2/csv/force_disp_Test_259.csv,curve_classifier_pseudo_label,0.76,medium
Case2,8x8_260,-50.0,68.0,6250.116898670553,2,8.0,8.0,8x8_new_data_curve_classifier_v1,Test_260,data/New_data/8x8_Case2/csv/force_disp_Test_260.csv,curve_classifier_pseudo_label,0.535,high
Case2,8x8_261,-14.0,-28.0,5648.7774726385815,3,8.0,8.0,8x8_new_data_curve_classifier_v1,Test_261,data/New_data/8x8_Case2/csv/force_disp_Test_261.csv,curve_classifier_pseudo_label,0.84,medium
Case2,8x8_262,-57.0,76.0,5691.792864079667,2,8.0,8.0,8x8_new_data_curve_classifier_v1,Test_262,data/New_data/8x8_Case2/csv/force_disp_Test_262.csv,curve_classifier_pseudo_label,0.49166666666666664,high
Case2,8x8_263,-24.0,2.0,5276.674226366347,3,8.0,8.0,8x8_new_data_curve_classifier_v1,Test_263,data/New_data/8x8_Case2/csv/force_disp_Test_263.csv,curve_classifier_pseudo_label,0.8416666666666667,medium
Case2,8x8_264,87.0,-65.0,4010.895157254301,1,8.0,8.0,8x8_new_data_curve_classifier_v1,Test_264,data/New_data/8x8_Case2/csv/force_disp_Test_264.csv,curve_classifier_pseudo_label,0.5183333333333333,high
Case2,8x8_265,-25.0,-84.0,4629.189620661804,2,8.0,8.0,8x8_new_data_curve_classifier_v1,Test_265,data/New_data/8x8_Case2/csv/force_disp_Test_265.csv,curve_classifier_pseudo_label,0.69,high
Case2,8x8_266,-26.0,-39.0,6445.563038416168,3,8.0,8.0,8x8_new_data_curve_classifier_v1,Test_266,data/New_data/8x8_Case2/csv/force_disp_Test_266.csv,curve_classifier_pseudo_label,0.5116666666666667,high
Case2,8x8_267,-33.0,-46.0,6732.529557148156,2,8.0,8.0,8x8_new_data_curve_classifier_v1,Test_267,data/New_data/8x8_Case2/csv/force_disp_Test_267.csv,curve_classifier_pseudo_label,0.5116666666666667,high
Case2,8x8_268,-59.0,29.0,6044.578385543198,2,8.0,8.0,8x8_new_data_curve_classifier_v1,Test_268,data/New_data/8x8_Case2/csv/force_disp_Test_268.csv,curve_classifier_pseudo_label,0.7066666666666667,medium
Case2,8x8_269,-60.0,60.0,6610.578452186133,1,8.0,8.0,8x8_new_data_curve_classifier_v1,Test_269,data/New_data/8x8_Case2/csv/force_disp_Test_269.csv,curve_classifier_pseudo_label,0.7233333333333334,medium
Case2,8x8_270,10.0,76.0,4299.298116929787,2,8.0,8.0,8x8_new_data_curve_classifier_v1,Test_270,data/New_data/8x8_Case2/csv/force_disp_Test_270.csv,curve_classifier_pseudo_label,0.5316666666666666,high
Case2,8x8_271,-30.0,50.0,6488.5713978113945,2,8.0,8.0,8x8_new_data_curve_classifier_v1,Test_271,data/New_data/8x8_Case2/csv/force_disp_Test_271.csv,curve_classifier_pseudo_label,0.6916666666666667,high
Case2,8x8_272,72.0,69.0,4330.872447159195,1,8.0,8.0,8x8_new_data_curve_classifier_v1,Test_272,data/New_data/8x8_Case2/csv/force_disp_Test_272.csv,curve_classifier_pseudo_label,0.48833333333333334,high
Case2,8x8_273,81.0,62.0,4766.9648837146815,2,8.0,8.0,8x8_new_data_curve_classifier_v1,Test_273,data/New_data/8x8_Case2/csv/force_disp_Test_273.csv,curve_classifier_pseudo_label,0.48,high
Case2,8x8_274,30.0,-25.0,6527.149269553911,3,8.0,8.0,8x8_new_data_curve_classifier_v1,Test_274,data/New_data/8x8_Case2/csv/force_disp_Test_274.csv,curve_classifier_pseudo_label,0.6833333333333333,high
Case2,8x8_275,80.0,-20.0,4528.532751947774,2,8.0,8.0,8x8_new_data_curve_classifier_v1,Test_275,data/New_data/8x8_Case2/csv/force_disp_Test_275.csv,curve_classifier_pseudo_label,0.6783333333333333,high
Case2,8x8_276,-88.0,70.0,3401.720433890821,1,8.0,8.0,8x8_new_data_curve_classifier_v1,Test_276,data/New_data/8x8_Case2/csv/force_disp_Test_276.csv,curve_classifier_pseudo_label,0.4866666666666667,high
Case2,8x8_277,57.0,88.0,5213.351500878976,2,8.0,8.0,8x8_new_data_curve_classifier_v1,Test_277,data/New_data/8x8_Case2/csv/force_disp_Test_277.csv,curve_classifier_pseudo_label,0.485,high
Case2,8x8_278,18.0,78.0,4565.332054262552,2,8.0,8.0,8x8_new_data_curve_classifier_v1,Test_278,data/New_data/8x8_Case2/csv/force_disp_Test_278.csv,curve_classifier_pseudo_label,0.7833333333333333,medium
Case2,8x8_279,-88.0,-89.0,2344.9556896146173,1,8.0,8.0,8x8_new_data_curve_classifier_v1,Test_279,data/New_data/8x8_Case2/csv/force_disp_Test_279.csv,curve_classifier_pseudo_label,0.4583333333333333,high
Case2,8x8_280,-31.0,-12.0,5751.872812914011,3,8.0,8.0,8x8_new_data_curve_classifier_v1,Test_280,data/New_data/8x8_Case2/csv/force_disp_Test_280.csv,curve_classifier_pseudo_label,0.8283333333333334,medium
Case2,8x8_281,-72.0,-17.0,4789.082424571645,2,8.0,8.0,8x8_new_data_curve_classifier_v1,Test_281,data/New_data/8x8_Case2/csv/force_disp_Test_281.csv,curve_classifier_pseudo_label,0.665,high
Case2,8x8_282,25.0,-74.0,5041.103961943974,2,8.0,8.0,8x8_new_data_curve_classifier_v1,Test_282,data/New_data/8x8_Case2/csv/force_disp_Test_282.csv,curve_classifier_pseudo_label,0.72,medium
Case2,8x8_283,34.0,-21.0,6259.778870106225,3,8.0,8.0,8x8_new_data_curve_classifier_v1,Test_283,data/New_data/8x8_Case2/csv/force_disp_Test_283.csv,curve_classifier_pseudo_label,0.66,high
Case2,8x8_284,16.0,16.0,14282.37729710516,3,8.0,8.0,8x8_new_data_curve_classifier_v1,Test_284,data/New_data/8x8_Case2/csv/force_disp_Test_284.csv,curve_classifier_pseudo_label,0.8783333333333333,low
Case2,8x8_285,-21.0,55.0,5840.215227663228,2,8.0,8.0,8x8_new_data_curve_classifier_v1,Test_285,data/New_data/8x8_Case2/csv/force_disp_Test_285.csv,curve_classifier_pseudo_label,0.6833333333333333,high
Case2,8x8_286,40.0,-87.0,5152.53057311735,2,8.0,8.0,8x8_new_data_curve_classifier_v1,Test_286,data/New_data/8x8_Case2/csv/force_disp_Test_286.csv,curve_classifier_pseudo_label,0.5816666666666667,high
Case2,8x8_287,-77.0,22.0,4856.326455075598,2,8.0,8.0,8x8_new_data_curve_classifier_v1,Test_287,data/New_data/8x8_Case2/csv/force_disp_Test_287.csv,curve_classifier_pseudo_label,0.72,medium
Case2,8x8_288,37.0,70.0,5759.037487415036,2,8.0,8.0,8x8_new_data_curve_classifier_v1,Test_288,data/New_data/8x8_Case2/csv/force_disp_Test_288.csv,curve_classifier_pseudo_label,0.6716666666666666,high
Case2,8x8_289,-9.0,44.0,5675.419555525276,3,8.0,8.0,8x8_new_data_curve_classifier_v1,Test_289,data/New_data/8x8_Case2/csv/force_disp_Test_289.csv,curve_classifier_pseudo_label,0.54,high
Case2,8x8_290,20.0,-82.0,4535.949590047011,2,8.0,8.0,8x8_new_data_curve_classifier_v1,Test_290,data/New_data/8x8_Case2/csv/force_disp_Test_290.csv,curve_classifier_pseudo_label,0.7233333333333334,medium
Case2,8x8_291,26.0,5.0,5246.189607094539,3,8.0,8.0,8x8_new_data_curve_classifier_v1,Test_291,data/New_data/8x8_Case2/csv/force_disp_Test_291.csv,curve_classifier_pseudo_label,0.8716666666666667,low
Case2,8x8_292,71.0,-88.0,3297.8781462083393,1,8.0,8.0,8x8_new_data_curve_classifier_v1,Test_292,data/New_data/8x8_Case2/csv/force_disp_Test_292.csv,curve_classifier_pseudo_label,0.5116666666666667,high
Case2,8x8_293,-28.0,11.0,5563.350340319536,3,8.0,8.0,8x8_new_data_curve_classifier_v1,Test_293,data/New_data/8x8_Case2/csv/force_disp_Test_293.csv,curve_classifier_pseudo_label,0.8383333333333334,medium
Case2,8x8_294,-71.0,-57.0,6041.466865374043,1,8.0,8.0,8x8_new_data_curve_classifier_v1,Test_294,data/New_data/8x8_Case2/csv/force_disp_Test_294.csv,curve_classifier_pseudo_label,0.4716666666666667,high
Case2,8x8_295,-84.0,-9.0,3973.690619497436,3,8.0,8.0,8x8_new_data_curve_classifier_v1,Test_295,data/New_data/8x8_Case2/csv/force_disp_Test_295.csv,curve_classifier_pseudo_label,0.475,high
Case2,8x8_296,-48.0,82.0,5381.798718111826,2,8.0,8.0,8x8_new_data_curve_classifier_v1,Test_296,data/New_data/8x8_Case2/csv/force_disp_Test_296.csv,curve_classifier_pseudo_label,0.5733333333333334,high
Case2,8x8_297,-13.0,-4.0,4949.984425209532,3,8.0,8.0,8x8_new_data_curve_classifier_v1,Test_297,data/New_data/8x8_Case2/csv/force_disp_Test_297.csv,curve_classifier_pseudo_label,0.885,low
Case2,8x8_298,-19.0,-23.0,5844.303638956683,3,8.0,8.0,8x8_new_data_curve_classifier_v1,Test_298,data/New_data/8x8_Case2/csv/force_disp_Test_298.csv,curve_classifier_pseudo_label,0.8416666666666667,medium
Case2,8x8_299,5.0,-32.0,5571.272337672921,3,8.0,8.0,8x8_new_data_curve_classifier_v1,Test_299,data/New_data/8x8_Case2/csv/force_disp_Test_299.csv,curve_classifier_pseudo_label,0.8266666666666667,medium
Case2,8x8_300,51.0,46.0,7380.856082040267,1,8.0,8.0,8x8_new_data_curve_classifier_v1,Test_300,data/New_data/8x8_Case2/csv/force_disp_Test_300.csv,curve_classifier_pseudo_label,0.46,high
Case3,6x4_001,65.0,19.0,20279.923491437014,2,6.0,4.0,6x4_curated_v1,Test_001,data/datasets/DD_cases_2_3_4_curated_v1/Case3/csv_load/force_disp_Test_001.csv,curated_human_review,1.0,none
Case3,6x4_002,40.0,-51.0,15556.61473956806,1,6.0,4.0,6x4_curated_v1,Test_002,data/datasets/DD_cases_2_3_4_curated_v1/Case3/csv_load/force_disp_Test_002.csv,curated_human_review,1.0,none
Case3,6x4_003,-44.0,65.0,15269.17077320444,1,6.0,4.0,6x4_curated_v1,Test_003,data/datasets/DD_cases_2_3_4_curated_v1/Case3/csv_load/force_disp_Test_003.csv,curated_human_review,1.0,none
Case3,6x4_004,49.0,48.0,14761.544948240946,1,6.0,4.0,6x4_curated_v1,Test_004,data/datasets/DD_cases_2_3_4_curated_v1/Case3/csv_load/force_disp_Test_004.csv,curated_human_review,1.0,none
Case3,6x4_005,-52.0,20.0,19591.464258347456,2,6.0,4.0,6x4_curated_v1,Test_005,data/datasets/DD_cases_2_3_4_curated_v1/Case3/csv_load/force_disp_Test_005.csv,curated_human_review,1.0,none
Case3,6x4_006,-15.0,-74.0,20879.436434672043,2,6.0,4.0,6x4_curated_v1,Test_006,data/datasets/DD_cases_2_3_4_curated_v1/Case3/csv_load/force_disp_Test_006.csv,curated_human_review,1.0,none
Case3,6x4_007,51.0,-83.0,11082.310852104845,1,6.0,4.0,6x4_curated_v1,Test_007,data/datasets/DD_cases_2_3_4_curated_v1/Case3/csv_load/force_disp_Test_007.csv,curated_human_review,1.0,none
Case3,6x4_008,86.0,9.0,21509.70463796609,2,6.0,4.0,6x4_curated_v1,Test_008,data/datasets/DD_cases_2_3_4_curated_v1/Case3/csv_load/force_disp_Test_008.csv,curated_human_review,1.0,none
Case3,6x4_009,-63.0,21.0,19251.815448846046,2,6.0,4.0,6x4_curated_v1,Test_009,data/datasets/DD_cases_2_3_4_curated_v1/Case3/csv_load/force_disp_Test_009.csv,curated_human_review,1.0,none
Case3,6x4_010,-74.0,83.0,6481.632761335873,1,6.0,4.0,6x4_curated_v1,Test_010,data/datasets/DD_cases_2_3_4_curated_v1/Case3/csv_load/force_disp_Test_010.csv,curated_human_review,1.0,none
Case3,6x4_011,-39.0,-9.0,20502.16122153169,2,6.0,4.0,6x4_curated_v1,Test_011,data/datasets/DD_cases_2_3_4_curated_v1/Case3/csv_load/force_disp_Test_011.csv,curated_human_review,1.0,none
Case3,6x4_012,-56.0,9.0,21551.135354916772,2,6.0,4.0,6x4_curated_v1,Test_012,data/datasets/DD_cases_2_3_4_curated_v1/Case3/csv_load/force_disp_Test_012.csv,curated_human_review,1.0,none
Case3,6x4_013,61.0,33.0,16557.71990006798,2,6.0,4.0,6x4_curated_v1,Test_013,data/datasets/DD_cases_2_3_4_curated_v1/Case3/csv_load/force_disp_Test_013.csv,curated_human_review,1.0,none
Case3,6x4_014,19.0,79.0,20720.16069294209,2,6.0,4.0,6x4_curated_v1,Test_014,data/datasets/DD_cases_2_3_4_curated_v1/Case3/csv_load/force_disp_Test_014.csv,curated_human_review,1.0,none
Case3,6x4_015,35.0,60.0,16265.619753031,2,6.0,4.0,6x4_curated_v1,Test_015,data/datasets/DD_cases_2_3_4_curated_v1/Case3/csv_load/force_disp_Test_015.csv,curated_human_review,1.0,none
Case3,6x4_016,75.0,-61.0,9627.785438115676,1,6.0,4.0,6x4_curated_v1,Test_016,data/datasets/DD_cases_2_3_4_curated_v1/Case3/csv_load/force_disp_Test_016.csv,curated_human_review,1.0,none
Case3,6x4_017,-30.0,66.0,17728.921577513524,2,6.0,4.0,6x4_curated_v1,Test_017,data/datasets/DD_cases_2_3_4_curated_v1/Case3/csv_load/force_disp_Test_017.csv,curated_human_review,1.0,none
Case3,6x4_018,-53.0,31.0,16497.2567466334,2,6.0,4.0,6x4_curated_v1,Test_018,data/datasets/DD_cases_2_3_4_curated_v1/Case3/csv_load/force_disp_Test_018.csv,curated_human_review,1.0,none
Case3,6x4_019,-79.0,29.0,18070.251752433138,2,6.0,4.0,6x4_curated_v1,Test_019,data/datasets/DD_cases_2_3_4_curated_v1/Case3/csv_load/force_disp_Test_019.csv,curated_human_review,1.0,none
Case3,6x4_020,-2.0,48.0,22366.159931756138,2,6.0,4.0,6x4_curated_v1,Test_020,data/datasets/DD_cases_2_3_4_curated_v1/Case3/csv_load/force_disp_Test_020.csv,curated_human_review,1.0,none
Case3,6x4_021,-49.0,-67.0,13319.084810233135,1,6.0,4.0,6x4_curated_v1,Test_021,data/datasets/DD_cases_2_3_4_curated_v1/Case3/csv_load/force_disp_Test_021.csv,curated_human_review,1.0,none
Case3,6x4_022,43.0,-33.0,15889.038536401165,1,6.0,4.0,6x4_curated_v1,Test_022,data/datasets/DD_cases_2_3_4_curated_v1/Case3/csv_load/force_disp_Test_022.csv,curated_human_review,1.0,none
Case3,6x4_023,62.0,-67.0,10932.381073716295,1,6.0,4.0,6x4_curated_v1,Test_023,data/datasets/DD_cases_2_3_4_curated_v1/Case3/csv_load/force_disp_Test_023.csv,curated_human_review,1.0,none
Case3,6x4_024,30.0,75.0,17977.90860553779,2,6.0,4.0,6x4_curated_v1,Test_024,data/datasets/DD_cases_2_3_4_curated_v1/Case3/csv_load/force_disp_Test_024.csv,curated_human_review,1.0,none
Case3,6x4_025,80.0,-80.0,5974.146129044565,1,6.0,4.0,6x4_curated_v1,Test_025,data/datasets/DD_cases_2_3_4_curated_v1/Case3/csv_load/force_disp_Test_025.csv,curated_human_review,1.0,none
Case3,6x4_026,-81.0,73.0,6744.9138728114285,1,6.0,4.0,6x4_curated_v1,Test_026,data/datasets/DD_cases_2_3_4_curated_v1/Case3/csv_load/force_disp_Test_026.csv,curated_human_review,1.0,none
Case3,6x4_027,54.0,-38.0,15446.130281350363,1,6.0,4.0,6x4_curated_v1,Test_027,data/datasets/DD_cases_2_3_4_curated_v1/Case3/csv_load/force_disp_Test_027.csv,curated_human_review,1.0,none
Case3,6x4_028,36.0,-31.0,16682.210319863058,2,6.0,4.0,6x4_curated_v1,Test_028,data/datasets/DD_cases_2_3_4_curated_v1/Case3/csv_load/force_disp_Test_028.csv,curated_human_review,1.0,none
Case3,6x4_029,52.0,-41.0,15313.712162579053,1,6.0,4.0,6x4_curated_v1,Test_029,data/datasets/DD_cases_2_3_4_curated_v1/Case3/csv_load/force_disp_Test_029.csv,curated_human_review,1.0,none
Case3,6x4_030,15.0,-12.0,17744.380938128746,3,6.0,4.0,6x4_curated_v1,Test_030,data/datasets/DD_cases_2_3_4_curated_v1/Case3/csv_load/force_disp_Test_030.csv,curated_human_review,1.0,none
Case3,6x4_031,-55.0,-62.0,12596.629945386905,1,6.0,4.0,6x4_curated_v1,Test_031,data/datasets/DD_cases_2_3_4_curated_v1/Case3/csv_load/force_disp_Test_031.csv,curated_human_review,1.0,none
Case3,6x4_032,-19.0,-7.0,18265.84956987515,3,6.0,4.0,6x4_curated_v1,Test_032,data/datasets/DD_cases_2_3_4_curated_v1/Case3/csv_load/force_disp_Test_032.csv,curated_human_review,1.0,none
Case3,6x4_033,-61.0,86.0,8682.978801978961,1,6.0,4.0,6x4_curated_v1,Test_033,data/datasets/DD_cases_2_3_4_curated_v1/Case3/csv_load/force_disp_Test_033.csv,curated_human_review,1.0,none
Case3,6x4_034,-43.0,-15.0,20219.92060986161,2,6.0,4.0,6x4_curated_v1,Test_034,data/datasets/DD_cases_2_3_4_curated_v1/Case3/csv_load/force_disp_Test_034.csv,curated_human_review,1.0,none
Case3,6x4_035,70.0,81.0,7269.449927975162,1,6.0,4.0,6x4_curated_v1,Test_035,data/datasets/DD_cases_2_3_4_curated_v1/Case3/csv_load/force_disp_Test_035.csv,curated_human_review,1.0,none
Case3,6x4_036,8.0,25.0,19590.312251762076,3,6.0,4.0,6x4_curated_v1,Test_036,data/datasets/DD_cases_2_3_4_curated_v1/Case3/csv_load/force_disp_Test_036.csv,curated_human_review,1.0,none
Case3,6x4_037,-85.0,67.0,7437.374438342424,1,6.0,4.0,6x4_curated_v1,Test_037,data/datasets/DD_cases_2_3_4_curated_v1/Case3/csv_load/force_disp_Test_037.csv,curated_human_review,1.0,none
Case3,6x4_038,-56.0,52.0,13793.36665248805,1,6.0,4.0,6x4_curated_v1,Test_038,data/datasets/DD_cases_2_3_4_curated_v1/Case3/csv_load/force_disp_Test_038.csv,curated_human_review,1.0,none
Case3,6x4_039,64.0,42.0,15236.895707091195,1,6.0,4.0,6x4_curated_v1,Test_039,data/datasets/DD_cases_2_3_4_curated_v1/Case3/csv_load/force_disp_Test_039.csv,curated_human_review,1.0,none
Case3,6x4_040,-27.0,-54.0,17847.394344086144,2,6.0,4.0,6x4_curated_v1,Test_040,data/datasets/DD_cases_2_3_4_curated_v1/Case3/csv_load/force_disp_Test_040.csv,curated_human_review,1.0,none
Case3,6x4_041,-2.0,-68.0,22366.10987565245,2,6.0,4.0,6x4_curated_v1,Test_041,data/datasets/DD_cases_2_3_4_curated_v1/Case3/csv_load/force_disp_Test_041.csv,curated_human_review,1.0,none
Case3,6x4_042,84.0,51.0,11029.187226315635,1,6.0,4.0,6x4_curated_v1,Test_042,data/datasets/DD_cases_2_3_4_curated_v1/Case3/csv_load/force_disp_Test_042.csv,curated_human_review,1.0,none
Case3,6x4_043,79.0,-71.0,7265.906238969385,1,6.0,4.0,6x4_curated_v1,Test_043,data/datasets/DD_cases_2_3_4_curated_v1/Case3/csv_load/force_disp_Test_043.csv,curated_human_review,1.0,none
Case3,6x4_044,59.0,-56.0,13023.83583202239,1,6.0,4.0,6x4_curated_v1,Test_044,data/datasets/DD_cases_2_3_4_curated_v1/Case3/csv_load/force_disp_Test_044.csv,curated_human_review,1.0,none
Case3,6x4_045,-18.0,-35.0,20742.239262719024,2,6.0,4.0,6x4_curated_v1,Test_045,data/datasets/DD_cases_2_3_4_curated_v1/Case3/csv_load/force_disp_Test_045.csv,curated_human_review,1.0,none
Case3,6x4_046,-76.0,-77.0,6801.598728565306,1,6.0,4.0,6x4_curated_v1,Test_046,data/datasets/DD_cases_2_3_4_curated_v1/Case3/csv_load/force_disp_Test_046.csv,curated_human_review,1.0,none
Case3,6x4_047,42.0,27.0,16670.4063688223,2,6.0,4.0,6x4_curated_v1,Test_047,data/datasets/DD_cases_2_3_4_curated_v1/Case3/csv_load/force_disp_Test_047.csv,curated_human_review,1.0,none
Case3,6x4_048,1.0,71.0,22351.737191512922,2,6.0,4.0,6x4_curated_v1,Test_048,data/datasets/DD_cases_2_3_4_curated_v1/Case3/csv_load/force_disp_Test_048.csv,curated_human_review,1.0,none
Case3,6x4_049,-37.0,22.0,18986.188840685034,2,6.0,4.0,6x4_curated_v1,Test_049,data/datasets/DD_cases_2_3_4_curated_v1/Case3/csv_load/force_disp_Test_049.csv,curated_human_review,1.0,none
Case3,6x4_050,-16.0,44.0,20112.13068030207,2,6.0,4.0,6x4_curated_v1,Test_050,data/datasets/DD_cases_2_3_4_curated_v1/Case3/csv_load/force_disp_Test_050.csv,curated_human_review,1.0,none
Case3,6x4_051,28.0,57.0,17702.527798828363,2,6.0,4.0,6x4_curated_v1,Test_051,data/datasets/DD_cases_2_3_4_curated_v1/Case3/csv_load/force_disp_Test_051.csv,curated_human_review,1.0,none
Case3,6x4_052,-79.0,34.0,16829.45536165559,2,6.0,4.0,6x4_curated_v1,Test_052,data/datasets/DD_cases_2_3_4_curated_v1/Case3/csv_load/force_disp_Test_052.csv,curated_human_review,1.0,none
Case3,6x4_053,3.0,87.0,22220.532735999415,2,6.0,4.0,6x4_curated_v1,Test_053,data/datasets/DD_cases_2_3_4_curated_v1/Case3/csv_load/force_disp_Test_053.csv,curated_human_review,1.0,none
Case3,6x4_054,-17.0,-44.0,20540.564821381304,2,6.0,4.0,6x4_curated_v1,Test_054,data/datasets/DD_cases_2_3_4_curated_v1/Case3/csv_load/force_disp_Test_054.csv,curated_human_review,1.0,none
Case3,6x4_055,44.0,-49.0,15997.367575066146,1,6.0,4.0,6x4_curated_v1,Test_055,data/datasets/DD_cases_2_3_4_curated_v1/Case3/csv_load/force_disp_Test_055.csv,curated_human_review,1.0,none
Case3,6x4_056,67.0,-19.0,20247.081969890616,2,6.0,4.0,6x4_curated_v1,Test_056,data/datasets/DD_cases_2_3_4_curated_v1/Case3/csv_load/force_disp_Test_056.csv,curated_human_review,1.0,none
Case3,6x4_057,2.0,74.0,22307.3810493151,2,6.0,4.0,6x4_curated_v1,Test_057,data/datasets/DD_cases_2_3_4_curated_v1/Case3/csv_load/force_disp_Test_057.csv,curated_human_review,1.0,none
Case3,6x4_058,82.0,19.0,19825.92013785666,2,6.0,4.0,6x4_curated_v1,Test_058,data/datasets/DD_cases_2_3_4_curated_v1/Case3/csv_load/force_disp_Test_058.csv,curated_human_review,1.0,none
Case3,6x4_059,14.0,3.0,17907.041420745703,3,6.0,4.0,6x4_curated_v1,Test_059,data/datasets/DD_cases_2_3_4_curated_v1/Case3/csv_load/force_disp_Test_059.csv,curated_human_review,1.0,none
Case3,6x4_060,44.0,-84.0,11896.605474082471,1,6.0,4.0,6x4_curated_v1,Test_060,data/datasets/DD_cases_2_3_4_curated_v1/Case3/csv_load/force_disp_Test_060.csv,curated_human_review,1.0,none
Case3,6x4_061,0.0,-52.0,22402.342271727717,2,6.0,4.0,6x4_curated_v1,Test_061,data/datasets/DD_cases_2_3_4_curated_v1/Case3/csv_load/force_disp_Test_061.csv,curated_human_review,1.0,none
Case3,6x4_062,33.0,26.0,17685.15756520484,2,6.0,4.0,6x4_curated_v1,Test_062,data/datasets/DD_cases_2_3_4_curated_v1/Case3/csv_load/force_disp_Test_062.csv,curated_human_review,1.0,none
Case3,6x4_063,-75.0,38.0,16012.548531386854,2,6.0,4.0,6x4_curated_v1,Test_063,data/datasets/DD_cases_2_3_4_curated_v1/Case3/csv_load/force_disp_Test_063.csv,curated_human_review,1.0,none
Case3,6x4_064,-20.0,55.0,19359.54785727134,2,6.0,4.0,6x4_curated_v1,Test_064,data/datasets/DD_cases_2_3_4_curated_v1/Case3/csv_load/force_disp_Test_064.csv,curated_human_review,1.0,none
Case3,6x4_065,72.0,31.0,17499.697679404366,2,6.0,4.0,6x4_curated_v1,Test_065,data/datasets/DD_cases_2_3_4_curated_v1/Case3/csv_load/force_disp_Test_065.csv,curated_human_review,1.0,none
Case3,6x4_066,75.0,72.0,7625.839698244229,1,6.0,4.0,6x4_curated_v1,Test_066,data/datasets/DD_cases_2_3_4_curated_v1/Case3/csv_load/force_disp_Test_066.csv,curated_human_review,1.0,none
Case3,6x4_067,-83.0,68.0,7387.256006503648,1,6.0,4.0,6x4_curated_v1,Test_067,data/datasets/DD_cases_2_3_4_curated_v1/Case3/csv_load/force_disp_Test_067.csv,curated_human_review,1.0,none
Case3,6x4_068,-26.0,-1.0,19306.640859573567,3,6.0,4.0,6x4_curated_v1,Test_068,data/datasets/DD_cases_2_3_4_curated_v1/Case3/csv_load/force_disp_Test_068.csv,curated_human_review,1.0,none
Case3,6x4_069,-36.0,57.0,15982.069252168067,1,6.0,4.0,6x4_curated_v1,Test_069,data/datasets/DD_cases_2_3_4_curated_v1/Case3/csv_load/force_disp_Test_069.csv,curated_human_review,1.0,none
Case3,6x4_070,-89.0,-51.0,10878.994333085067,1,6.0,4.0,6x4_curated_v1,Test_070,data/datasets/DD_cases_2_3_4_curated_v1/Case3/csv_load/force_disp_Test_070.csv,curated_human_review,1.0,none
Case3,6x4_071,-45.0,-29.0,16257.495189212224,2,6.0,4.0,6x4_curated_v1,Test_071,data/datasets/DD_cases_2_3_4_curated_v1/Case3/csv_load/force_disp_Test_071.csv,curated_human_review,1.0,none
Case3,6x4_072,-29.0,13.0,20882.91104651696,3,6.0,4.0,6x4_curated_v1,Test_072,data/datasets/DD_cases_2_3_4_curated_v1/Case3/csv_load/force_disp_Test_072.csv,curated_human_review,1.0,none
Case3,6x4_073,-22.0,46.0,18371.96950636458,2,6.0,4.0,6x4_curated_v1,Test_073,data/datasets/DD_cases_2_3_4_curated_v1/Case3/csv_load/force_disp_Test_073.csv,curated_human_review,1.0,none
Case3,6x4_074,-1.0,-8.0,16633.331228700798,3,6.0,4.0,6x4_curated_v1,Test_074,data/datasets/DD_cases_2_3_4_curated_v1/Case3/csv_load/force_disp_Test_074.csv,curated_human_review,1.0,none
Case3,6x4_075,-22.0,82.0,19756.321916457244,2,6.0,4.0,6x4_curated_v1,Test_075,data/datasets/DD_cases_2_3_4_curated_v1/Case3/csv_load/force_disp_Test_075.csv,curated_human_review,1.0,none
Case3,6x4_076,50.0,5.0,21956.812747095355,2,6.0,4.0,6x4_curated_v1,Test_076,data/datasets/DD_cases_2_3_4_curated_v1/Case3/csv_load/force_disp_Test_076.csv,curated_human_review,1.0,none
Case3,6x4_077,-64.0,20.0,19525.691414505887,2,6.0,4.0,6x4_curated_v1,Test_077,data/datasets/DD_cases_2_3_4_curated_v1/Case3/csv_load/force_disp_Test_077.csv,curated_human_review,1.0,none
Case3,6x4_078,29.0,-79.0,18247.13242932,2,6.0,4.0,6x4_curated_v1,Test_078,data/datasets/DD_cases_2_3_4_curated_v1/Case3/csv_load/force_disp_Test_078.csv,curated_human_review,1.0,none
Case3,6x4_079,-67.0,39.0,15675.124287693527,1,6.0,4.0,6x4_curated_v1,Test_079,data/datasets/DD_cases_2_3_4_curated_v1/Case3/csv_load/force_disp_Test_079.csv,curated_human_review,1.0,none
Case3,6x4_080,-53.0,-64.0,13188.68719536989,1,6.0,4.0,6x4_curated_v1,Test_080,data/datasets/DD_cases_2_3_4_curated_v1/Case3/csv_load/force_disp_Test_080.csv,curated_human_review,1.0,none
Case3,6x4_081,-38.0,-72.0,16101.966755035071,1,6.0,4.0,6x4_curated_v1,Test_081,data/datasets/DD_cases_2_3_4_curated_v1/Case3/csv_load/force_disp_Test_081.csv,curated_human_review,1.0,none
Case3,6x4_082,85.0,48.0,11681.724205184206,1,6.0,4.0,6x4_curated_v1,Test_082,data/datasets/DD_cases_2_3_4_curated_v1/Case3/csv_load/force_disp_Test_082.csv,curated_human_review,1.0,none
Case3,6x4_083,-12.0,85.0,21318.504605026796,2,6.0,4.0,6x4_curated_v1,Test_083,data/datasets/DD_cases_2_3_4_curated_v1/Case3/csv_load/force_disp_Test_083.csv,curated_human_review,1.0,none
Case3,6x4_084,77.0,-48.0,12369.496645623376,1,6.0,4.0,6x4_curated_v1,Test_084,data/datasets/DD_cases_2_3_4_curated_v1/Case3/csv_load/force_disp_Test_084.csv,curated_human_review,1.0,none
Case3,6x4_085,45.0,75.0,12709.042168351167,1,6.0,4.0,6x4_curated_v1,Test_085,data/datasets/DD_cases_2_3_4_curated_v1/Case3/csv_load/force_disp_Test_085.csv,curated_human_review,1.0,none
Case3,6x4_086,-41.0,-54.0,15448.245617651613,1,6.0,4.0,6x4_curated_v1,Test_086,data/datasets/DD_cases_2_3_4_curated_v1/Case3/csv_load/force_disp_Test_086.csv,curated_human_review,1.0,none
Case3,6x4_087,-38.0,89.0,16215.94096466197,1,6.0,4.0,6x4_curated_v1,Test_087,data/datasets/DD_cases_2_3_4_curated_v1/Case3/csv_load/force_disp_Test_087.csv,curated_human_review,1.0,none
Case3,6x4_088,23.0,33.0,18694.66851299173,2,6.0,4.0,6x4_curated_v1,Test_088,data/datasets/DD_cases_2_3_4_curated_v1/Case3/csv_load/force_disp_Test_088.csv,curated_human_review,1.0,none
Case3,6x4_089,18.0,-35.0,20031.033295417208,2,6.0,4.0,6x4_curated_v1,Test_089,data/datasets/DD_cases_2_3_4_curated_v1/Case3/csv_load/force_disp_Test_089.csv,curated_human_review,1.0,none
Case3,6x4_090,-65.0,24.0,18567.623358161043,2,6.0,4.0,6x4_curated_v1,Test_090,data/datasets/DD_cases_2_3_4_curated_v1/Case3/csv_load/force_disp_Test_090.csv,curated_human_review,1.0,none
Case3,6x4_091,11.0,36.0,20529.061392558167,3,6.0,4.0,6x4_curated_v1,Test_091,data/datasets/DD_cases_2_3_4_curated_v1/Case3/csv_load/force_disp_Test_091.csv,curated_human_review,1.0,none
Case3,6x4_092,-38.0,-40.0,16184.331037269763,1,6.0,4.0,6x4_curated_v1,Test_092,data/datasets/DD_cases_2_3_4_curated_v1/Case3/csv_load/force_disp_Test_092.csv,curated_human_review,1.0,none
Case3,6x4_093,-70.0,-78.0,7602.417950602328,1,6.0,4.0,6x4_curated_v1,Test_093,data/datasets/DD_cases_2_3_4_curated_v1/Case3/csv_load/force_disp_Test_093.csv,curated_human_review,1.0,none
Case3,6x4_094,73.0,-55.0,11154.074047091275,1,6.0,4.0,6x4_curated_v1,Test_094,data/datasets/DD_cases_2_3_4_curated_v1/Case3/csv_load/force_disp_Test_094.csv,curated_human_review,1.0,none
Case3,6x4_095,68.0,-30.0,17598.910685998562,2,6.0,4.0,6x4_curated_v1,Test_095,data/datasets/DD_cases_2_3_4_curated_v1/Case3/csv_load/force_disp_Test_095.csv,curated_human_review,1.0,none
Case3,6x4_096,84.0,-52.0,10698.233320148027,1,6.0,4.0,6x4_curated_v1,Test_096,data/datasets/DD_cases_2_3_4_curated_v1/Case3/csv_load/force_disp_Test_096.csv,curated_human_review,1.0,none
Case3,6x4_097,-46.0,-23.0,18350.670366569502,2,6.0,4.0,6x4_curated_v1,Test_097,data/datasets/DD_cases_2_3_4_curated_v1/Case3/csv_load/force_disp_Test_097.csv,curated_human_review,1.0,none
Case3,6x4_098,-1.0,36.0,21662.009884847586,3,6.0,4.0,6x4_curated_v1,Test_098,data/datasets/DD_cases_2_3_4_curated_v1/Case3/csv_load/force_disp_Test_098.csv,curated_human_review,1.0,none
Case3,6x4_099,90.0,40.0,12441.102931116799,1,6.0,4.0,6x4_curated_v1,Test_099,data/datasets/DD_cases_2_3_4_curated_v1/Case3/csv_load/force_disp_Test_099.csv,curated_human_review,1.0,none
Case3,6x4_100,69.0,62.0,10387.087862504186,1,6.0,4.0,6x4_curated_v1,Test_100,data/datasets/DD_cases_2_3_4_curated_v1/Case3/csv_load/force_disp_Test_100.csv,curated_human_review,1.0,none
Case3,6x4_101,48.0,15.0,20891.245745716828,2,6.0,4.0,6x4_curated_v1,Test_101,data/datasets/DD_cases_2_3_4_curated_v1/Case3/csv_load/force_disp_Test_101.csv,curated_human_review,1.0,none
Case3,6x4_102,76.0,-24.0,19346.702310993776,2,6.0,4.0,6x4_curated_v1,Test_102,data/datasets/DD_cases_2_3_4_curated_v1/Case3/csv_load/force_disp_Test_102.csv,curated_human_review,1.0,none
Case3,6x4_103,66.0,14.0,21532.906827779134,2,6.0,4.0,6x4_curated_v1,Test_103,data/datasets/DD_cases_2_3_4_curated_v1/Case3/csv_load/force_disp_Test_103.csv,curated_human_review,1.0,none
Case3,6x4_104,83.0,3.0,22607.115395730732,2,6.0,4.0,6x4_curated_v1,Test_104,data/datasets/DD_cases_2_3_4_curated_v1/Case3/csv_load/force_disp_Test_104.csv,curated_human_review,1.0,none
Case3,6x4_105,89.0,-77.0,5746.904316018119,1,6.0,4.0,6x4_curated_v1,Test_105,data/datasets/DD_cases_2_3_4_curated_v1/Case3/csv_load/force_disp_Test_105.csv,curated_human_review,1.0,none
Case3,6x4_106,-12.0,43.0,21143.621819788485,2,6.0,4.0,6x4_curated_v1,Test_106,data/datasets/DD_cases_2_3_4_curated_v1/Case3/csv_load/force_disp_Test_106.csv,curated_human_review,1.0,none
Case3,6x4_107,69.0,8.0,21723.817042202932,2,6.0,4.0,6x4_curated_v1,Test_107,data/datasets/DD_cases_2_3_4_curated_v1/Case3/csv_load/force_disp_Test_107.csv,curated_human_review,1.0,none
Case3,6x4_108,46.0,-72.0,13024.505182488352,1,6.0,4.0,6x4_curated_v1,Test_108,data/datasets/DD_cases_2_3_4_curated_v1/Case3/csv_load/force_disp_Test_108.csv,curated_human_review,1.0,none
Case3,6x4_109,-69.0,17.0,20908.730421593857,2,6.0,4.0,6x4_curated_v1,Test_109,data/datasets/DD_cases_2_3_4_curated_v1/Case3/csv_load/force_disp_Test_109.csv,curated_human_review,1.0,none
Case3,6x4_110,-51.0,1.0,22195.57094591244,2,6.0,4.0,6x4_curated_v1,Test_110,data/datasets/DD_cases_2_3_4_curated_v1/Case3/csv_load/force_disp_Test_110.csv,curated_human_review,1.0,none
Case3,6x4_111,7.0,87.0,22731.6621763032,2,6.0,4.0,6x4_curated_v1,Test_111,data/datasets/DD_cases_2_3_4_curated_v1/Case3/csv_load/force_disp_Test_111.csv,curated_human_review,1.0,none
Case3,6x4_112,21.0,-8.0,18946.00444524986,3,6.0,4.0,6x4_curated_v1,Test_112,data/datasets/DD_cases_2_3_4_curated_v1/Case3/csv_load/force_disp_Test_112.csv,curated_human_review,1.0,none
Case3,6x4_113,35.0,-2.0,21540.828092740405,3,6.0,4.0,6x4_curated_v1,Test_113,data/datasets/DD_cases_2_3_4_curated_v1/Case3/csv_load/force_disp_Test_113.csv,curated_human_review,1.0,none
Case3,6x4_114,-35.0,-78.0,16457.21199092562,2,6.0,4.0,6x4_curated_v1,Test_114,data/datasets/DD_cases_2_3_4_curated_v1/Case3/csv_load/force_disp_Test_114.csv,curated_human_review,1.0,none
Case3,6x4_115,22.0,74.0,19993.581323305487,2,6.0,4.0,6x4_curated_v1,Test_115,data/datasets/DD_cases_2_3_4_curated_v1/Case3/csv_load/force_disp_Test_115.csv,curated_human_review,1.0,none
Case3,6x4_116,12.0,-85.0,21298.765641703387,2,6.0,4.0,6x4_curated_v1,Test_116,data/datasets/DD_cases_2_3_4_curated_v1/Case3/csv_load/force_disp_Test_116.csv,curated_human_review,1.0,none
Case3,6x4_117,-87.0,33.0,16676.73551302453,2,6.0,4.0,6x4_curated_v1,Test_117,data/datasets/DD_cases_2_3_4_curated_v1/Case3/csv_load/force_disp_Test_117.csv,curated_human_review,1.0,none
Case3,6x4_118,54.0,-88.0,10226.84260858503,1,6.0,4.0,6x4_curated_v1,Test_118,data/datasets/DD_cases_2_3_4_curated_v1/Case3/csv_load/force_disp_Test_118.csv,curated_human_review,1.0,none
Case3,6x4_119,31.0,-10.0,21158.14945828343,3,6.0,4.0,6x4_curated_v1,Test_119,data/datasets/DD_cases_2_3_4_curated_v1/Case3/csv_load/force_disp_Test_119.csv,curated_human_review,1.0,none
Case3,6x4_120,-58.0,-26.0,18123.611622573513,2,6.0,4.0,6x4_curated_v1,Test_120,data/datasets/DD_cases_2_3_4_curated_v1/Case3/csv_load/force_disp_Test_120.csv,curated_human_review,1.0,none
Case3,6x4_121,-50.0,14.0,20659.04923228132,2,6.0,4.0,6x4_curated_v1,Test_121,data/datasets/DD_cases_2_3_4_curated_v1/Case3/csv_load/force_disp_Test_121.csv,curated_human_review,1.0,none
Case3,6x4_122,20.0,-73.0,20533.187549933256,2,6.0,4.0,6x4_curated_v1,Test_122,data/datasets/DD_cases_2_3_4_curated_v1/Case3/csv_load/force_disp_Test_122.csv,curated_human_review,1.0,none
Case3,6x4_123,76.0,4.0,22005.424993925648,2,6.0,4.0,6x4_curated_v1,Test_123,data/datasets/DD_cases_2_3_4_curated_v1/Case3/csv_load/force_disp_Test_123.csv,curated_human_review,1.0,none
Case3,6x4_124,42.0,-66.0,15480.572352599325,1,6.0,4.0,6x4_curated_v1,Test_124,data/datasets/DD_cases_2_3_4_curated_v1/Case3/csv_load/force_disp_Test_124.csv,curated_human_review,1.0,none
Case3,6x4_125,-3.0,72.0,22291.73227272642,2,6.0,4.0,6x4_curated_v1,Test_125,data/datasets/DD_cases_2_3_4_curated_v1/Case3/csv_load/force_disp_Test_125.csv,curated_human_review,1.0,none
Case3,6x4_126,-8.0,18.0,17936.599686716796,3,6.0,4.0,6x4_curated_v1,Test_126,data/datasets/DD_cases_2_3_4_curated_v1/Case3/csv_load/force_disp_Test_126.csv,curated_human_review,1.0,none
Case3,6x4_127,-66.0,77.0,8438.8519584146,1,6.0,4.0,6x4_curated_v1,Test_127,data/datasets/DD_cases_2_3_4_curated_v1/Case3/csv_load/force_disp_Test_127.csv,curated_human_review,1.0,none
Case3,6x4_128,59.0,-70.0,10901.946422125704,1,6.0,4.0,6x4_curated_v1,Test_128,data/datasets/DD_cases_2_3_4_curated_v1/Case3/csv_load/force_disp_Test_128.csv,curated_human_review,1.0,none
Case3,6x4_129,24.0,11.0,19215.557040940086,3,6.0,4.0,6x4_curated_v1,Test_129,data/datasets/DD_cases_2_3_4_curated_v1/Case3/csv_load/force_disp_Test_129.csv,curated_human_review,1.0,none
Case3,6x4_130,-59.0,12.0,21115.77460837521,2,6.0,4.0,6x4_curated_v1,Test_130,data/datasets/DD_cases_2_3_4_curated_v1/Case3/csv_load/force_disp_Test_130.csv,curated_human_review,1.0,none
Case3,6x4_131,41.0,53.0,15463.574186148373,1,6.0,4.0,6x4_curated_v1,Test_131,data/datasets/DD_cases_2_3_4_curated_v1/Case3/csv_load/force_disp_Test_131.csv,curated_human_review,1.0,none
Case3,6x4_132,38.0,35.0,15853.528947769119,1,6.0,4.0,6x4_curated_v1,Test_132,data/datasets/DD_cases_2_3_4_curated_v1/Case3/csv_load/force_disp_Test_132.csv,curated_human_review,1.0,none
Case3,6x4_133,-21.0,37.0,18858.637339791876,2,6.0,4.0,6x4_curated_v1,Test_133,data/datasets/DD_cases_2_3_4_curated_v1/Case3/csv_load/force_disp_Test_133.csv,curated_human_review,1.0,none
Case3,6x4_134,-56.0,37.0,15613.98066548602,1,6.0,4.0,6x4_curated_v1,Test_134,data/datasets/DD_cases_2_3_4_curated_v1/Case3/csv_load/force_disp_Test_134.csv,curated_human_review,1.0,none
Case3,6x4_135,39.0,-76.0,15970.020756198352,1,6.0,4.0,6x4_curated_v1,Test_135,data/datasets/DD_cases_2_3_4_curated_v1/Case3/csv_load/force_disp_Test_135.csv,curated_human_review,1.0,none
Case3,6x4_136,8.0,-68.0,21942.21733271239,2,6.0,4.0,6x4_curated_v1,Test_136,data/datasets/DD_cases_2_3_4_curated_v1/Case3/csv_load/force_disp_Test_136.csv,curated_human_review,1.0,none
Case3,6x4_137,68.0,53.0,12350.068907289819,1,6.0,4.0,6x4_curated_v1,Test_137,data/datasets/DD_cases_2_3_4_curated_v1/Case3/csv_load/force_disp_Test_137.csv,curated_human_review,1.0,none
Case3,6x4_138,-28.0,-75.0,17983.163256646327,2,6.0,4.0,6x4_curated_v1,Test_138,data/datasets/DD_cases_2_3_4_curated_v1/Case3/csv_load/force_disp_Test_138.csv,curated_human_review,1.0,none
Case3,6x4_139,-52.0,-36.0,15579.427626523031,1,6.0,4.0,6x4_curated_v1,Test_139,data/datasets/DD_cases_2_3_4_curated_v1/Case3/csv_load/force_disp_Test_139.csv,curated_human_review,1.0,none
Case3,6x4_140,1.0,-3.0,16479.08891848038,3,6.0,4.0,6x4_curated_v1,Test_140,data/datasets/DD_cases_2_3_4_curated_v1/Case3/csv_load/force_disp_Test_140.csv,curated_human_review,1.0,none
Case3,6x4_141,79.0,49.0,11867.74493785736,1,6.0,4.0,6x4_curated_v1,Test_141,data/datasets/DD_cases_2_3_4_curated_v1/Case3/csv_load/force_disp_Test_141.csv,curated_human_review,1.0,none
Case3,6x4_142,56.0,10.0,21373.8847428938,2,6.0,4.0,6x4_curated_v1,Test_142,data/datasets/DD_cases_2_3_4_curated_v1/Case3/csv_load/force_disp_Test_142.csv,curated_human_review,1.0,none
Case3,6x4_143,39.0,-35.0,15800.848549025524,1,6.0,4.0,6x4_curated_v1,Test_143,data/datasets/DD_cases_2_3_4_curated_v1/Case3/csv_load/force_disp_Test_143.csv,curated_human_review,1.0,none
Case3,6x4_144,-86.0,-39.0,15821.081223506479,1,6.0,4.0,6x4_curated_v1,Test_144,data/datasets/DD_cases_2_3_4_curated_v1/Case3/csv_load/force_disp_Test_144.csv,curated_human_review,1.0,none
Case3,6x4_145,29.0,32.0,17417.389883857024,2,6.0,4.0,6x4_curated_v1,Test_145,data/datasets/DD_cases_2_3_4_curated_v1/Case3/csv_load/force_disp_Test_145.csv,curated_human_review,1.0,none
Case3,6x4_146,-41.0,-28.0,16838.211827879044,2,6.0,4.0,6x4_curated_v1,Test_146,data/datasets/DD_cases_2_3_4_curated_v1/Case3/csv_load/force_disp_Test_146.csv,curated_human_review,1.0,none
Case3,6x4_147,47.0,23.0,18292.090571211687,2,6.0,4.0,6x4_curated_v1,Test_147,data/datasets/DD_cases_2_3_4_curated_v1/Case3/csv_load/force_disp_Test_147.csv,curated_human_review,1.0,none
Case3,6x4_148,46.0,-62.0,15172.3322432431,1,6.0,4.0,6x4_curated_v1,Test_148,data/datasets/DD_cases_2_3_4_curated_v1/Case3/csv_load/force_disp_Test_148.csv,curated_human_review,1.0,none
Case3,6x4_149,24.0,-59.0,18997.599674229477,2,6.0,4.0,6x4_curated_v1,Test_149,data/datasets/DD_cases_2_3_4_curated_v1/Case3/csv_load/force_disp_Test_149.csv,curated_human_review,1.0,none
Case3,6x4_150,15.0,-47.0,20405.900384903987,2,6.0,4.0,6x4_curated_v1,Test_150,data/datasets/DD_cases_2_3_4_curated_v1/Case3/csv_load/force_disp_Test_150.csv,curated_human_review,1.0,none
Case3,6x4_151,-66.0,-82.0,7884.62066735183,1,6.0,4.0,6x4_curated_v1,Test_151,data/datasets/DD_cases_2_3_4_curated_v1/Case3/csv_load/force_disp_Test_151.csv,curated_human_review,1.0,none
Case3,6x4_152,-23.0,-66.0,19588.66220643706,2,6.0,4.0,6x4_curated_v1,Test_152,data/datasets/DD_cases_2_3_4_curated_v1/Case3/csv_load/force_disp_Test_152.csv,curated_human_review,1.0,none
Case3,6x4_153,50.0,-62.0,14290.840122513191,1,6.0,4.0,6x4_curated_v1,Test_153,data/datasets/DD_cases_2_3_4_curated_v1/Case3/csv_load/force_disp_Test_153.csv,curated_human_review,1.0,none
Case3,6x4_154,-65.0,-65.0,10694.434718737653,1,6.0,4.0,6x4_curated_v1,Test_154,data/datasets/DD_cases_2_3_4_curated_v1/Case3/csv_load/force_disp_Test_154.csv,curated_human_review,1.0,none
Case3,6x4_155,11.0,-32.0,21032.456055075923,3,6.0,4.0,6x4_curated_v1,Test_155,data/datasets/DD_cases_2_3_4_curated_v1/Case3/csv_load/force_disp_Test_155.csv,curated_human_review,1.0,none
Case3,6x4_156,70.0,-86.0,6923.025836043321,1,6.0,4.0,6x4_curated_v1,Test_156,data/datasets/DD_cases_2_3_4_curated_v1/Case3/csv_load/force_disp_Test_156.csv,curated_human_review,1.0,none
Case3,6x4_157,78.0,-26.0,18668.95348620785,2,6.0,4.0,6x4_curated_v1,Test_157,data/datasets/DD_cases_2_3_4_curated_v1/Case3/csv_load/force_disp_Test_157.csv,curated_human_review,1.0,none
Case3,6x4_158,17.0,-43.0,19849.177278895735,2,6.0,4.0,6x4_curated_v1,Test_158,data/datasets/DD_cases_2_3_4_curated_v1/Case3/csv_load/force_disp_Test_158.csv,curated_human_review,1.0,none
Case3,6x4_159,-9.0,-4.0,32036.752553927407,3,6.0,4.0,6x4_curated_v1,Test_159,data/datasets/DD_cases_2_3_4_curated_v1/Case3/csv_load/force_disp_Test_159.csv,curated_human_review,1.0,none
Case3,6x4_160,47.0,-13.0,20684.774715667143,2,6.0,4.0,6x4_curated_v1,Test_160,data/datasets/DD_cases_2_3_4_curated_v1/Case3/csv_load/force_disp_Test_160.csv,curated_human_review,1.0,none
Case3,6x4_161,-43.0,-45.0,15156.201961397343,1,6.0,4.0,6x4_curated_v1,Test_161,data/datasets/DD_cases_2_3_4_curated_v1/Case3/csv_load/force_disp_Test_161.csv,curated_human_review,1.0,none
Case3,6x4_162,-71.0,-11.0,22022.413863544887,2,6.0,4.0,6x4_curated_v1,Test_162,data/datasets/DD_cases_2_3_4_curated_v1/Case3/csv_load/force_disp_Test_162.csv,curated_human_review,1.0,none
Case3,6x4_163,-84.0,28.0,18266.868850108156,2,6.0,4.0,6x4_curated_v1,Test_163,data/datasets/DD_cases_2_3_4_curated_v1/Case3/csv_load/force_disp_Test_163.csv,curated_human_review,1.0,none
Case3,6x4_164,-16.0,-5.0,18183.706992387233,3,6.0,4.0,6x4_curated_v1,Test_164,data/datasets/DD_cases_2_3_4_curated_v1/Case3/csv_load/force_disp_Test_164.csv,curated_human_review,1.0,none
Case3,6x4_165,-5.0,10.0,16950.112781421787,3,6.0,4.0,6x4_curated_v1,Test_165,data/datasets/DD_cases_2_3_4_curated_v1/Case3/csv_load/force_disp_Test_165.csv,curated_human_review,1.0,none
Case3,6x4_166,-61.0,-3.0,22146.754272526483,2,6.0,4.0,6x4_curated_v1,Test_166,data/datasets/DD_cases_2_3_4_curated_v1/Case3/csv_load/force_disp_Test_166.csv,curated_human_review,1.0,none
Case3,6x4_167,-4.0,-6.0,16754.90672422311,3,6.0,4.0,6x4_curated_v1,Test_167,data/datasets/DD_cases_2_3_4_curated_v1/Case3/csv_load/force_disp_Test_167.csv,curated_human_review,1.0,none
Case3,6x4_168,-5.0,-1.0,17139.61928521297,3,6.0,4.0,6x4_curated_v1,Test_168,data/datasets/DD_cases_2_3_4_curated_v1/Case3/csv_load/force_disp_Test_168.csv,curated_human_review,1.0,none
Case3,6x4_169,58.0,-70.0,11099.265634864609,1,6.0,4.0,6x4_curated_v1,Test_169,data/datasets/DD_cases_2_3_4_curated_v1/Case3/csv_load/force_disp_Test_169.csv,curated_human_review,1.0,none
Case3,6x4_170,-35.0,-50.0,15614.023224339771,2,6.0,4.0,6x4_curated_v1,Test_170,data/datasets/DD_cases_2_3_4_curated_v1/Case3/csv_load/force_disp_Test_170.csv,curated_human_review,1.0,none
Case3,6x4_171,-6.0,-18.0,17540.320712343866,3,6.0,4.0,6x4_curated_v1,Test_171,data/datasets/DD_cases_2_3_4_curated_v1/Case3/csv_load/force_disp_Test_171.csv,curated_human_review,1.0,none
Case3,6x4_172,-68.0,5.0,22011.918442106205,2,6.0,4.0,6x4_curated_v1,Test_172,data/datasets/DD_cases_2_3_4_curated_v1/Case3/csv_load/force_disp_Test_172.csv,curated_human_review,1.0,none
Case3,6x4_173,82.0,-55.0,10106.262755440353,1,6.0,4.0,6x4_curated_v1,Test_173,data/datasets/DD_cases_2_3_4_curated_v1/Case3/csv_load/force_disp_Test_173.csv,curated_human_review,1.0,none
Case3,6x4_174,-76.0,51.0,11688.244810745935,1,6.0,4.0,6x4_curated_v1,Test_174,data/datasets/DD_cases_2_3_4_curated_v1/Case3/csv_load/force_disp_Test_174.csv,curated_human_review,1.0,none
Case3,6x4_175,-73.0,85.0,6493.408798879067,1,6.0,4.0,6x4_curated_v1,Test_175,data/datasets/DD_cases_2_3_4_curated_v1/Case3/csv_load/force_disp_Test_175.csv,curated_human_review,1.0,none
Case3,6x4_176,-36.0,30.0,16861.418796414117,2,6.0,4.0,6x4_curated_v1,Test_176,data/datasets/DD_cases_2_3_4_curated_v1/Case3/csv_load/force_disp_Test_176.csv,curated_human_review,1.0,none
Case3,6x4_177,25.0,-81.0,19231.55483406084,2,6.0,4.0,6x4_curated_v1,Test_177,data/datasets/DD_cases_2_3_4_curated_v1/Case3/csv_load/force_disp_Test_177.csv,curated_human_review,1.0,none
Case3,6x4_178,27.0,63.0,18268.280616398955,2,6.0,4.0,6x4_curated_v1,Test_178,data/datasets/DD_cases_2_3_4_curated_v1/Case3/csv_load/force_disp_Test_178.csv,curated_human_review,1.0,none
Case3,6x4_179,73.0,-44.0,15100.34955432096,1,6.0,4.0,6x4_curated_v1,Test_179,data/datasets/DD_cases_2_3_4_curated_v1/Case3/csv_load/force_disp_Test_179.csv,curated_human_review,1.0,none
Case3,6x4_180,-14.0,88.0,20981.1283021967,2,6.0,4.0,6x4_curated_v1,Test_180,data/datasets/DD_cases_2_3_4_curated_v1/Case3/csv_load/force_disp_Test_180.csv,curated_human_review,1.0,none
Case3,6x4_181,88.0,45.0,12618.453308520386,1,6.0,4.0,6x4_curated_v1,Test_181,data/datasets/DD_cases_2_3_4_curated_v1/Case3/csv_load/force_disp_Test_181.csv,curated_human_review,1.0,none
Case3,6x4_182,-14.0,42.0,20685.679771739804,2,6.0,4.0,6x4_curated_v1,Test_182,data/datasets/DD_cases_2_3_4_curated_v1/Case3/csv_load/force_disp_Test_182.csv,curated_human_review,1.0,none
Case3,6x4_183,37.0,63.0,16022.617298437033,2,6.0,4.0,6x4_curated_v1,Test_183,data/datasets/DD_cases_2_3_4_curated_v1/Case3/csv_load/force_disp_Test_183.csv,curated_human_review,1.0,none
Case3,6x4_184,83.0,43.0,12057.478693098097,1,6.0,4.0,6x4_curated_v1,Test_184,data/datasets/DD_cases_2_3_4_curated_v1/Case3/csv_load/force_disp_Test_184.csv,curated_human_review,1.0,none
Case3,6x4_185,-18.0,49.0,20106.6583107552,2,6.0,4.0,6x4_curated_v1,Test_185,data/datasets/DD_cases_2_3_4_curated_v1/Case3/csv_load/force_disp_Test_185.csv,curated_human_review,1.0,none
Case3,6x4_186,-54.0,1.0,22192.93997980658,2,6.0,4.0,6x4_curated_v1,Test_186,data/datasets/DD_cases_2_3_4_curated_v1/Case3/csv_load/force_disp_Test_186.csv,curated_human_review,1.0,none
Case3,6x4_187,-47.0,-37.0,15469.306103976014,1,6.0,4.0,6x4_curated_v1,Test_187,data/datasets/DD_cases_2_3_4_curated_v1/Case3/csv_load/force_disp_Test_187.csv,curated_human_review,1.0,none
Case3,6x4_188,-40.0,56.0,15505.556137508522,1,6.0,4.0,6x4_curated_v1,Test_188,data/datasets/DD_cases_2_3_4_curated_v1/Case3/csv_load/force_disp_Test_188.csv,curated_human_review,1.0,none
Case3,6x4_189,34.0,0.0,21690.79835324644,2,6.0,4.0,6x4_curated_v1,Test_189,data/datasets/DD_cases_2_3_4_curated_v1/Case3/csv_load/force_disp_Test_189.csv,curated_human_review,1.0,none
Case3,6x4_190,-80.0,40.0,15660.035271325043,2,6.0,4.0,6x4_curated_v1,Test_190,data/datasets/DD_cases_2_3_4_curated_v1/Case3/csv_load/force_disp_Test_190.csv,curated_human_review,1.0,none
Case3,6x4_191,-75.0,6.0,21882.010175929852,2,6.0,4.0,6x4_curated_v1,Test_191,data/datasets/DD_cases_2_3_4_curated_v1/Case3/csv_load/force_disp_Test_191.csv,curated_human_review,1.0,none
Case3,6x4_192,89.0,-86.0,4974.456344214698,1,6.0,4.0,6x4_curated_v1,Test_192,data/datasets/DD_cases_2_3_4_curated_v1/Case3/csv_load/force_disp_Test_192.csv,curated_human_review,1.0,none
Case3,6x4_193,48.0,41.0,15500.57236990941,1,6.0,4.0,6x4_curated_v1,Test_193,data/datasets/DD_cases_2_3_4_curated_v1/Case3/csv_load/force_disp_Test_193.csv,curated_human_review,1.0,none
Case3,6x4_194,-11.0,-16.0,18009.31869637085,3,6.0,4.0,6x4_curated_v1,Test_194,data/datasets/DD_cases_2_3_4_curated_v1/Case3/csv_load/force_disp_Test_194.csv,curated_human_review,1.0,none
Case3,6x4_195,12.0,71.0,21377.041338223076,2,6.0,4.0,6x4_curated_v1,Test_195,data/datasets/DD_cases_2_3_4_curated_v1/Case3/csv_load/force_disp_Test_195.csv,curated_human_review,1.0,none
Case3,6x4_196,-32.0,84.0,17440.041142761896,2,6.0,4.0,6x4_curated_v1,Test_196,data/datasets/DD_cases_2_3_4_curated_v1/Case3/csv_load/force_disp_Test_196.csv,curated_human_review,1.0,none
Case3,6x4_197,-80.0,-38.0,16056.639305761139,1,6.0,4.0,6x4_curated_v1,Test_197,data/datasets/DD_cases_2_3_4_curated_v1/Case3/csv_load/force_disp_Test_197.csv,curated_human_review,1.0,none
Case3,6x4_198,-82.0,-53.0,10604.521694320127,1,6.0,4.0,6x4_curated_v1,Test_198,data/datasets/DD_cases_2_3_4_curated_v1/Case3/csv_load/force_disp_Test_198.csv,curated_human_review,1.0,none
Case3,6x4_199,-45.0,82.0,12785.334725510631,1,6.0,4.0,6x4_curated_v1,Test_199,data/datasets/DD_cases_2_3_4_curated_v1/Case3/csv_load/force_disp_Test_199.csv,curated_human_review,1.0,none
Case3,6x4_200,88.0,-42.0,12008.926351299118,1,6.0,4.0,6x4_curated_v1,Test_200,data/datasets/DD_cases_2_3_4_curated_v1/Case3/csv_load/force_disp_Test_200.csv,curated_human_review,1.0,none
Case3,6x4_201,-73.0,-27.0,18014.9650621937,2,6.0,4.0,6x4_curated_v1,Test_201,data/datasets/DD_cases_2_3_4_curated_v1/Case3/csv_load/force_disp_Test_201.csv,curated_human_review,1.0,none
Case3,6x4_202,-24.0,-76.0,19495.640169757466,2,6.0,4.0,6x4_curated_v1,Test_202,data/datasets/DD_cases_2_3_4_curated_v1/Case3/csv_load/force_disp_Test_202.csv,curated_human_review,1.0,none
Case3,6x4_203,33.0,58.0,16482.04080712149,2,6.0,4.0,6x4_curated_v1,Test_203,data/datasets/DD_cases_2_3_4_curated_v1/Case3/csv_load/force_disp_Test_203.csv,curated_human_review,1.0,none
Case3,6x4_204,27.0,-22.0,20179.030442597563,3,6.0,4.0,6x4_curated_v1,Test_204,data/datasets/DD_cases_2_3_4_curated_v1/Case3/csv_load/force_disp_Test_204.csv,curated_human_review,1.0,none
Case3,6x4_205,-58.0,-50.0,15124.68535354721,1,6.0,4.0,6x4_curated_v1,Test_205,data/datasets/DD_cases_2_3_4_curated_v1/Case3/csv_load/force_disp_Test_205.csv,curated_human_review,1.0,none
Case3,6x4_206,4.0,90.0,10038.600722349593,2,6.0,4.0,6x4_curated_v1,Test_206,data/datasets/DD_cases_2_3_4_curated_v1/Case3/csv_load/force_disp_Test_206.csv,curated_human_review,1.0,none
Case3,6x4_207,19.0,-83.0,20564.91963223016,2,6.0,4.0,6x4_curated_v1,Test_207,data/datasets/DD_cases_2_3_4_curated_v1/Case3/csv_load/force_disp_Test_207.csv,curated_human_review,1.0,none
Case3,6x4_208,-87.0,47.0,11906.234435663253,1,6.0,4.0,6x4_curated_v1,Test_208,data/datasets/DD_cases_2_3_4_curated_v1/Case3/csv_load/force_disp_Test_208.csv,curated_human_review,1.0,none
Case3,6x4_209,58.0,-69.0,11282.766392551277,1,6.0,4.0,6x4_curated_v1,Test_209,data/datasets/DD_cases_2_3_4_curated_v1/Case3/csv_load/force_disp_Test_209.csv,curated_human_review,1.0,none
Case3,6x4_210,-10.0,23.0,18468.04259986061,3,6.0,4.0,6x4_curated_v1,Test_210,data/datasets/DD_cases_2_3_4_curated_v1/Case3/csv_load/force_disp_Test_210.csv,curated_human_review,1.0,none
Case3,6x4_211,55.0,-59.0,13100.177711280565,1,6.0,4.0,6x4_curated_v1,Test_211,data/datasets/DD_cases_2_3_4_curated_v1/Case3/csv_load/force_disp_Test_211.csv,curated_human_review,1.0,none
Case3,6x4_212,-63.0,54.0,13170.06214727101,1,6.0,4.0,6x4_curated_v1,Test_212,data/datasets/DD_cases_2_3_4_curated_v1/Case3/csv_load/force_disp_Test_212.csv,curated_human_review,1.0,none
Case3,6x4_213,67.0,-42.0,15292.9758923371,1,6.0,4.0,6x4_curated_v1,Test_213,data/datasets/DD_cases_2_3_4_curated_v1/Case3/csv_load/force_disp_Test_213.csv,curated_human_review,1.0,none
Case3,6x4_214,63.0,-14.0,20812.492840603652,2,6.0,4.0,6x4_curated_v1,Test_214,data/datasets/DD_cases_2_3_4_curated_v1/Case3/csv_load/force_disp_Test_214.csv,curated_human_review,1.0,none
Case3,6x4_215,9.0,13.0,17439.106265007424,3,6.0,4.0,6x4_curated_v1,Test_215,data/datasets/DD_cases_2_3_4_curated_v1/Case3/csv_load/force_disp_Test_215.csv,curated_human_review,1.0,none
Case3,6x4_216,-10.0,59.0,22290.258824537737,2,6.0,4.0,6x4_curated_v1,Test_216,data/datasets/DD_cases_2_3_4_curated_v1/Case3/csv_load/force_disp_Test_216.csv,curated_human_review,1.0,none
Case3,6x4_217,21.0,56.0,19720.401500551343,2,6.0,4.0,6x4_curated_v1,Test_217,data/datasets/DD_cases_2_3_4_curated_v1/Case3/csv_load/force_disp_Test_217.csv,curated_human_review,1.0,none
Case3,6x4_218,5.0,-15.0,17063.771872042933,3,6.0,4.0,6x4_curated_v1,Test_218,data/datasets/DD_cases_2_3_4_curated_v1/Case3/csv_load/force_disp_Test_218.csv,curated_human_review,1.0,none
Case3,6x4_219,-7.0,65.0,22867.58007996084,2,6.0,4.0,6x4_curated_v1,Test_219,data/datasets/DD_cases_2_3_4_curated_v1/Case3/csv_load/force_disp_Test_219.csv,curated_human_review,1.0,none
Case3,6x4_220,14.0,-23.0,18941.57052539226,3,6.0,4.0,6x4_curated_v1,Test_220,data/datasets/DD_cases_2_3_4_curated_v1/Case3/csv_load/force_disp_Test_220.csv,curated_human_review,1.0,none
Case3,6x4_221,74.0,-56.0,10793.905735864098,1,6.0,4.0,6x4_curated_v1,Test_221,data/datasets/DD_cases_2_3_4_curated_v1/Case3/csv_load/force_disp_Test_221.csv,curated_human_review,1.0,none
Case3,6x4_222,7.0,-80.0,22708.164994086703,2,6.0,4.0,6x4_curated_v1,Test_222,data/datasets/DD_cases_2_3_4_curated_v1/Case3/csv_load/force_disp_Test_222.csv,curated_human_review,1.0,none
Case3,6x4_223,-78.0,-48.0,12260.421951534236,1,6.0,4.0,6x4_curated_v1,Test_223,data/datasets/DD_cases_2_3_4_curated_v1/Case3/csv_load/force_disp_Test_223.csv,curated_human_review,1.0,none
Case3,6x4_224,-4.0,-43.0,21096.36439751405,3,6.0,4.0,6x4_curated_v1,Test_224,data/datasets/DD_cases_2_3_4_curated_v1/Case3/csv_load/force_disp_Test_224.csv,curated_human_review,1.0,none
Case3,6x4_225,2.0,-73.0,22999.862364438683,2,6.0,4.0,6x4_curated_v1,Test_225,data/datasets/DD_cases_2_3_4_curated_v1/Case3/csv_load/force_disp_Test_225.csv,curated_human_review,1.0,none
Case3,6x4_226,-42.0,80.0,12703.70335130492,1,6.0,4.0,6x4_curated_v1,Test_226,data/datasets/DD_cases_2_3_4_curated_v1/Case3/csv_load/force_disp_Test_226.csv,curated_human_review,1.0,none
Case3,6x4_227,-42.0,-6.0,22070.71955774193,3,6.0,4.0,6x4_curated_v1,Test_227,data/datasets/DD_cases_2_3_4_curated_v1/Case3/csv_load/force_disp_Test_227.csv,curated_human_review,1.0,none
Case3,6x4_228,60.0,-31.0,16921.061657142618,1,6.0,4.0,6x4_curated_v1,Test_228,data/datasets/DD_cases_2_3_4_curated_v1/Case3/csv_load/force_disp_Test_228.csv,curated_human_review,1.0,none
Case3,6x4_229,42.0,86.0,12216.487732381484,1,6.0,4.0,6x4_curated_v1,Test_229,data/datasets/DD_cases_2_3_4_curated_v1/Case3/csv_load/force_disp_Test_229.csv,curated_human_review,1.0,none
Case3,6x4_230,-44.0,-30.0,16392.611358614835,1,6.0,4.0,6x4_curated_v1,Test_230,data/datasets/DD_cases_2_3_4_curated_v1/Case3/csv_load/force_disp_Test_230.csv,curated_human_review,1.0,none
Case3,6x4_231,-69.0,24.0,18672.066403642337,2,6.0,4.0,6x4_curated_v1,Test_231,data/datasets/DD_cases_2_3_4_curated_v1/Case3/csv_load/force_disp_Test_231.csv,curated_human_review,1.0,none
Case3,6x4_232,-8.0,-27.0,20370.07284750744,3,6.0,4.0,6x4_curated_v1,Test_232,data/datasets/DD_cases_2_3_4_curated_v1/Case3/csv_load/force_disp_Test_232.csv,curated_human_review,1.0,none
Case3,6x4_233,61.0,-20.0,20089.811395422636,2,6.0,4.0,6x4_curated_v1,Test_233,data/datasets/DD_cases_2_3_4_curated_v1/Case3/csv_load/force_disp_Test_233.csv,curated_human_review,1.0,none
Case3,6x4_234,-49.0,-40.0,15399.378258803974,1,6.0,4.0,6x4_curated_v1,Test_234,data/datasets/DD_cases_2_3_4_curated_v1/Case3/csv_load/force_disp_Test_234.csv,curated_human_review,1.0,none
Case3,6x4_235,-62.0,7.0,21848.001063428106,2,6.0,4.0,6x4_curated_v1,Test_235,data/datasets/DD_cases_2_3_4_curated_v1/Case3/csv_load/force_disp_Test_235.csv,curated_human_review,1.0,none
Case3,6x4_236,16.0,-57.0,21060.347674631616,2,6.0,4.0,6x4_curated_v1,Test_236,data/datasets/DD_cases_2_3_4_curated_v1/Case3/csv_load/force_disp_Test_236.csv,curated_human_review,1.0,none
Case3,6x4_237,-32.0,66.0,17257.4661116269,1,6.0,4.0,6x4_curated_v1,Test_237,data/datasets/DD_cases_2_3_4_curated_v1/Case3/csv_load/force_disp_Test_237.csv,curated_human_review,1.0,none
Case3,6x4_238,64.0,-22.0,19603.9716603638,2,6.0,4.0,6x4_curated_v1,Test_238,data/datasets/DD_cases_2_3_4_curated_v1/Case3/csv_load/force_disp_Test_238.csv,curated_human_review,1.0,none
Case3,6x4_239,30.0,17.0,19685.40104714372,3,6.0,4.0,6x4_curated_v1,Test_239,data/datasets/DD_cases_2_3_4_curated_v1/Case3/csv_load/force_disp_Test_239.csv,curated_human_review,1.0,none
Case3,6x4_240,53.0,26.0,17367.955799762494,2,6.0,4.0,6x4_curated_v1,Test_240,data/datasets/DD_cases_2_3_4_curated_v1/Case3/csv_load/force_disp_Test_240.csv,curated_human_review,1.0,none
Case3,6x4_241,13.0,6.0,17775.53588470045,3,6.0,4.0,6x4_curated_v1,Test_241,data/datasets/DD_cases_2_3_4_curated_v1/Case3/csv_load/force_disp_Test_241.csv,curated_human_review,1.0,none
Case3,6x4_242,-31.0,60.0,17185.84743144669,2,6.0,4.0,6x4_curated_v1,Test_242,data/datasets/DD_cases_2_3_4_curated_v1/Case3/csv_load/force_disp_Test_242.csv,curated_human_review,1.0,none
Case3,6x4_243,-63.0,-63.0,11571.045094294217,1,6.0,4.0,6x4_curated_v1,Test_243,data/datasets/DD_cases_2_3_4_curated_v1/Case3/csv_load/force_disp_Test_243.csv,curated_human_review,1.0,none
Case3,6x4_244,85.0,-58.0,9248.263805205346,1,6.0,4.0,6x4_curated_v1,Test_244,data/datasets/DD_cases_2_3_4_curated_v1/Case3/csv_load/force_disp_Test_244.csv,curated_human_review,1.0,none
Case3,6x4_245,-34.0,-14.0,21169.51855098021,2,6.0,4.0,6x4_curated_v1,Test_245,data/datasets/DD_cases_2_3_4_curated_v1/Case3/csv_load/force_disp_Test_245.csv,curated_human_review,1.0,none
Case3,6x4_246,60.0,61.0,12186.420540176798,1,6.0,4.0,6x4_curated_v1,Test_246,data/datasets/DD_cases_2_3_4_curated_v1/Case3/csv_load/force_disp_Test_246.csv,curated_human_review,1.0,none
Case3,6x4_247,-83.0,78.0,5904.1324528991545,1,6.0,4.0,6x4_curated_v1,Test_247,data/datasets/DD_cases_2_3_4_curated_v1/Case3/csv_load/force_disp_Test_247.csv,curated_human_review,1.0,none
Case3,6x4_248,6.0,27.0,19913.879655588986,3,6.0,4.0,6x4_curated_v1,Test_248,data/datasets/DD_cases_2_3_4_curated_v1/Case3/csv_load/force_disp_Test_248.csv,curated_human_review,1.0,none
Case3,6x4_249,6.0,16.0,17617.310269223028,3,6.0,4.0,6x4_curated_v1,Test_249,data/datasets/DD_cases_2_3_4_curated_v1/Case3/csv_load/force_disp_Test_249.csv,curated_human_review,1.0,none
Case3,6x4_250,-47.0,64.0,15079.348337583882,1,6.0,4.0,6x4_curated_v1,Test_250,data/datasets/DD_cases_2_3_4_curated_v1/Case3/csv_load/force_disp_Test_250.csv,curated_human_review,1.0,none
Case3,6x4_251,-69.0,0.0,22181.976651935638,2,6.0,4.0,6x4_curated_v1,Test_251,data/datasets/DD_cases_2_3_4_curated_v1/Case3/csv_load/force_disp_Test_251.csv,curated_human_review,1.0,none
Case3,6x4_252,-82.0,-45.0,12805.992993890331,1,6.0,4.0,6x4_curated_v1,Test_252,data/datasets/DD_cases_2_3_4_curated_v1/Case3/csv_load/force_disp_Test_252.csv,curated_human_review,1.0,none
Case3,6x4_253,56.0,-34.0,16048.898978965943,1,6.0,4.0,6x4_curated_v1,Test_253,data/datasets/DD_cases_2_3_4_curated_v1/Case3/csv_load/force_disp_Test_253.csv,curated_human_review,1.0,none
Case3,6x4_254,-75.0,-17.0,20295.581441903447,2,6.0,4.0,6x4_curated_v1,Test_254,data/datasets/DD_cases_2_3_4_curated_v1/Case3/csv_load/force_disp_Test_254.csv,curated_human_review,1.0,none
Case3,6x4_255,32.0,-60.0,16960.47444659435,1,6.0,4.0,6x4_curated_v1,Test_255,data/datasets/DD_cases_2_3_4_curated_v1/Case3/csv_load/force_disp_Test_255.csv,curated_human_review,1.0,none
Case3,6x4_256,-25.0,-11.0,19471.70339355408,3,6.0,4.0,6x4_curated_v1,Test_256,data/datasets/DD_cases_2_3_4_curated_v1/Case3/csv_load/force_disp_Test_256.csv,curated_human_review,1.0,none
Case3,6x4_257,65.0,80.0,8254.977994858447,1,6.0,4.0,6x4_curated_v1,Test_257,data/datasets/DD_cases_2_3_4_curated_v1/Case3/csv_load/force_disp_Test_257.csv,curated_human_review,1.0,none
Case3,6x4_258,54.0,-18.0,19646.974082873447,2,6.0,4.0,6x4_curated_v1,Test_258,data/datasets/DD_cases_2_3_4_curated_v1/Case3/csv_load/force_disp_Test_258.csv,curated_human_review,1.0,none
Case3,6x4_259,-6.0,38.0,21161.761987119058,3,6.0,4.0,6x4_curated_v1,Test_259,data/datasets/DD_cases_2_3_4_curated_v1/Case3/csv_load/force_disp_Test_259.csv,curated_human_review,1.0,none
Case3,6x4_260,-50.0,68.0,12950.945634514916,1,6.0,4.0,6x4_curated_v1,Test_260,data/datasets/DD_cases_2_3_4_curated_v1/Case3/csv_load/force_disp_Test_260.csv,curated_human_review,1.0,none
Case3,6x4_261,-14.0,-28.0,21027.60738804005,3,6.0,4.0,6x4_curated_v1,Test_261,data/datasets/DD_cases_2_3_4_curated_v1/Case3/csv_load/force_disp_Test_261.csv,curated_human_review,1.0,none
Case3,6x4_262,-57.0,76.0,10344.068553316582,1,6.0,4.0,6x4_curated_v1,Test_262,data/datasets/DD_cases_2_3_4_curated_v1/Case3/csv_load/force_disp_Test_262.csv,curated_human_review,1.0,none
Case3,6x4_263,-24.0,2.0,19639.621734054886,3,6.0,4.0,6x4_curated_v1,Test_263,data/datasets/DD_cases_2_3_4_curated_v1/Case3/csv_load/force_disp_Test_263.csv,curated_human_review,1.0,none
Case3,6x4_264,87.0,-65.0,7725.825405550275,1,6.0,4.0,6x4_curated_v1,Test_264,data/datasets/DD_cases_2_3_4_curated_v1/Case3/csv_load/force_disp_Test_264.csv,curated_human_review,1.0,none
Case3,6x4_265,-25.0,-84.0,19275.03920096971,2,6.0,4.0,6x4_curated_v1,Test_265,data/datasets/DD_cases_2_3_4_curated_v1/Case3/csv_load/force_disp_Test_265.csv,curated_human_review,1.0,none
Case3,6x4_266,-26.0,-39.0,17236.994143611984,2,6.0,4.0,6x4_curated_v1,Test_266,data/datasets/DD_cases_2_3_4_curated_v1/Case3/csv_load/force_disp_Test_266.csv,curated_human_review,1.0,none
Case3,6x4_267,-33.0,-46.0,15783.547365565131,1,6.0,4.0,6x4_curated_v1,Test_267,data/datasets/DD_cases_2_3_4_curated_v1/Case3/csv_load/force_disp_Test_267.csv,curated_human_review,1.0,none
Case3,6x4_268,-59.0,29.0,17461.72884297697,2,6.0,4.0,6x4_curated_v1,Test_268,data/datasets/DD_cases_2_3_4_curated_v1/Case3/csv_load/force_disp_Test_268.csv,curated_human_review,1.0,none
Case3,6x4_269,-60.0,60.0,12357.183283795895,1,6.0,4.0,6x4_curated_v1,Test_269,data/datasets/DD_cases_2_3_4_curated_v1/Case3/csv_load/force_disp_Test_269.csv,curated_human_review,1.0,none
Case3,6x4_270,10.0,76.0,21637.279173263676,2,6.0,4.0,6x4_curated_v1,Test_270,data/datasets/DD_cases_2_3_4_curated_v1/Case3/csv_load/force_disp_Test_270.csv,curated_human_review,1.0,none
Case3,6x4_271,-30.0,50.0,16433.395853451722,2,6.0,4.0,6x4_curated_v1,Test_271,data/datasets/DD_cases_2_3_4_curated_v1/Case3/csv_load/force_disp_Test_271.csv,curated_human_review,1.0,none
Case3,6x4_272,72.0,69.0,8582.788953184589,1,6.0,4.0,6x4_curated_v1,Test_272,data/datasets/DD_cases_2_3_4_curated_v1/Case3/csv_load/force_disp_Test_272.csv,curated_human_review,1.0,none
Case3,6x4_273,81.0,62.0,8668.509358412743,1,6.0,4.0,6x4_curated_v1,Test_273,data/datasets/DD_cases_2_3_4_curated_v1/Case3/csv_load/force_disp_Test_273.csv,curated_human_review,1.0,none
Case3,6x4_274,30.0,-25.0,19119.897610543696,2,6.0,4.0,6x4_curated_v1,Test_274,data/datasets/DD_cases_2_3_4_curated_v1/Case3/csv_load/force_disp_Test_274.csv,curated_human_review,1.0,none
Case3,6x4_275,80.0,-20.0,20363.18272349178,2,6.0,4.0,6x4_curated_v1,Test_275,data/datasets/DD_cases_2_3_4_curated_v1/Case3/csv_load/force_disp_Test_275.csv,curated_human_review,1.0,none
Case3,6x4_276,-88.0,70.0,6795.8041052207645,1,6.0,4.0,6x4_curated_v1,Test_276,data/datasets/DD_cases_2_3_4_curated_v1/Case3/csv_load/force_disp_Test_276.csv,curated_human_review,1.0,none
Case3,6x4_277,57.0,88.0,9435.268850119559,1,6.0,4.0,6x4_curated_v1,Test_277,data/datasets/DD_cases_2_3_4_curated_v1/Case3/csv_load/force_disp_Test_277.csv,curated_human_review,1.0,none
Case3,6x4_278,18.0,78.0,20986.89993534419,2,6.0,4.0,6x4_curated_v1,Test_278,data/datasets/DD_cases_2_3_4_curated_v1/Case3/csv_load/force_disp_Test_278.csv,curated_human_review,1.0,none
Case3,6x4_279,-88.0,-89.0,4911.324790713473,1,6.0,4.0,6x4_curated_v1,Test_279,data/datasets/DD_cases_2_3_4_curated_v1/Case3/csv_load/force_disp_Test_279.csv,curated_human_review,1.0,none
Case3,6x4_280,-31.0,-12.0,20774.18053463553,3,6.0,4.0,6x4_curated_v1,Test_280,data/datasets/DD_cases_2_3_4_curated_v1/Case3/csv_load/force_disp_Test_280.csv,curated_human_review,1.0,none
Case3,6x4_281,-72.0,-17.0,20711.036763829376,2,6.0,4.0,6x4_curated_v1,Test_281,data/datasets/DD_cases_2_3_4_curated_v1/Case3/csv_load/force_disp_Test_281.csv,curated_human_review,1.0,none
Case3,6x4_282,25.0,-74.0,19272.65176735183,2,6.0,4.0,6x4_curated_v1,Test_282,data/datasets/DD_cases_2_3_4_curated_v1/Case3/csv_load/force_disp_Test_282.csv,curated_human_review,1.0,none
Case3,6x4_283,34.0,-21.0,19016.767768615802,2,6.0,4.0,6x4_curated_v1,Test_283,data/datasets/DD_cases_2_3_4_curated_v1/Case3/csv_load/force_disp_Test_283.csv,curated_human_review,1.0,none
Case3,6x4_284,16.0,16.0,18689.25204022269,3,6.0,4.0,6x4_curated_v1,Test_284,data/datasets/DD_cases_2_3_4_curated_v1/Case3/csv_load/force_disp_Test_284.csv,curated_human_review,1.0,none
Case3,6x4_285,-21.0,55.0,19670.234272744197,2,6.0,4.0,6x4_curated_v1,Test_285,data/datasets/DD_cases_2_3_4_curated_v1/Case3/csv_load/force_disp_Test_285.csv,curated_human_review,1.0,none
Case3,6x4_286,40.0,-87.0,11036.653496965433,3,6.0,4.0,6x4_curated_v1,Test_286,data/datasets/DD_cases_2_3_4_curated_v1/Case3/csv_load/force_disp_Test_286.csv,curated_human_review,1.0,none
Case3,6x4_287,-77.0,22.0,19868.523250725088,2,6.0,4.0,6x4_curated_v1,Test_287,data/datasets/DD_cases_2_3_4_curated_v1/Case3/csv_load/force_disp_Test_287.csv,curated_human_review,1.0,none
Case3,6x4_288,37.0,70.0,16300.188756217416,1,6.0,4.0,6x4_curated_v1,Test_288,data/datasets/DD_cases_2_3_4_curated_v1/Case3/csv_load/force_disp_Test_288.csv,curated_human_review,1.0,none
Case3,6x4_289,-9.0,44.0,21717.376436376882,2,6.0,4.0,6x4_curated_v1,Test_289,data/datasets/DD_cases_2_3_4_curated_v1/Case3/csv_load/force_disp_Test_289.csv,curated_human_review,1.0,none
Case3,6x4_290,20.0,-82.0,20449.8820843123,2,6.0,4.0,6x4_curated_v1,Test_290,data/datasets/DD_cases_2_3_4_curated_v1/Case3/csv_load/force_disp_Test_290.csv,curated_human_review,1.0,none
Case3,6x4_291,26.0,5.0,19250.933509499788,3,6.0,4.0,6x4_curated_v1,Test_291,data/datasets/DD_cases_2_3_4_curated_v1/Case3/csv_load/force_disp_Test_291.csv,curated_human_review,1.0,none
Case3,6x4_292,71.0,-88.0,6687.873343672521,1,6.0,4.0,6x4_curated_v1,Test_292,data/datasets/DD_cases_2_3_4_curated_v1/Case3/csv_load/force_disp_Test_292.csv,curated_human_review,1.0,none
Case3,6x4_293,-28.0,11.0,19541.8698952902,3,6.0,4.0,6x4_curated_v1,Test_293,data/datasets/DD_cases_2_3_4_curated_v1/Case3/csv_load/force_disp_Test_293.csv,curated_human_review,1.0,none
Case3,6x4_294,-71.0,-57.0,11009.283649709707,1,6.0,4.0,6x4_curated_v1,Test_294,data/datasets/DD_cases_2_3_4_curated_v1/Case3/csv_load/force_disp_Test_294.csv,curated_human_review,1.0,none
Case3,6x4_295,-84.0,-9.0,21530.979419450596,2,6.0,4.0,6x4_curated_v1,Test_295,data/datasets/DD_cases_2_3_4_curated_v1/Case3/csv_load/force_disp_Test_295.csv,curated_human_review,1.0,none
Case3,6x4_296,-48.0,82.0,12059.051590994488,1,6.0,4.0,6x4_curated_v1,Test_296,data/datasets/DD_cases_2_3_4_curated_v1/Case3/csv_load/force_disp_Test_296.csv,curated_human_review,1.0,none
Case3,6x4_297,-13.0,-4.0,17592.469012780097,3,6.0,4.0,6x4_curated_v1,Test_297,data/datasets/DD_cases_2_3_4_curated_v1/Case3/csv_load/force_disp_Test_297.csv,curated_human_review,1.0,none
Case3,6x4_298,-19.0,-23.0,20759.94345842013,3,6.0,4.0,6x4_curated_v1,Test_298,data/datasets/DD_cases_2_3_4_curated_v1/Case3/csv_load/force_disp_Test_298.csv,curated_human_review,1.0,none
Case3,6x4_299,5.0,-32.0,21929.104553035253,3,6.0,4.0,6x4_curated_v1,Test_299,data/datasets/DD_cases_2_3_4_curated_v1/Case3/csv_load/force_disp_Test_299.csv,curated_human_review,1.0,none
Case3,6x4_300,51.0,46.0,15725.886817545963,1,6.0,4.0,6x4_curated_v1,Test_300,data/datasets/DD_cases_2_3_4_curated_v1/Case3/csv_load/force_disp_Test_300.csv,curated_human_review,1.0,none
Case3,6x8_001,65.0,19.0,7524.224038148656,2,6.0,8.0,6x8_new_data_curve_classifier_v1,Test_001,data/New_Data/csv_6x8_Case3/force_disp_Test_001.csv,curve_classifier_pseudo_label,0.7033333333333334,medium
Case3,6x8_002,40.0,-51.0,9915.333132586313,1,6.0,8.0,6x8_new_data_curve_classifier_v1,Test_002,data/New_Data/csv_6x8_Case3/force_disp_Test_002.csv,curve_classifier_pseudo_label,0.6266666666666667,high
Case3,6x8_003,-44.0,65.0,9469.274963665786,1,6.0,8.0,6x8_new_data_curve_classifier_v1,Test_003,data/New_Data/csv_6x8_Case3/force_disp_Test_003.csv,curve_classifier_pseudo_label,0.5416666666666666,high
Case3,6x8_004,49.0,48.0,10489.289558668295,1,6.0,8.0,6x8_new_data_curve_classifier_v1,Test_004,data/New_Data/csv_6x8_Case3/force_disp_Test_004.csv,curve_classifier_pseudo_label,0.98,low
Case3,6x8_005,-52.0,20.0,7923.44227699512,2,6.0,8.0,6x8_new_data_curve_classifier_v1,Test_005,data/New_Data/csv_6x8_Case3/force_disp_Test_005.csv,curve_classifier_pseudo_label,0.725,medium
Case3,6x8_006,-15.0,-74.0,7008.388160707061,2,6.0,8.0,6x8_new_data_curve_classifier_v1,Test_006,data/New_Data/csv_6x8_Case3/force_disp_Test_006.csv,curve_classifier_pseudo_label,0.7266666666666667,medium
Case3,6x8_007,51.0,-83.0,8488.488042930307,1,6.0,8.0,6x8_new_data_curve_classifier_v1,Test_007,data/New_Data/csv_6x8_Case3/force_disp_Test_007.csv,curve_classifier_pseudo_label,0.8883333333333333,low
Case3,6x8_008,86.0,9.0,6278.405559330977,2,6.0,8.0,6x8_new_data_curve_classifier_v1,Test_008,data/New_Data/csv_6x8_Case3/force_disp_Test_008.csv,curve_classifier_pseudo_label,0.6316666666666667,high
Case3,6x8_009,-63.0,21.0,7795.507660502387,2,6.0,8.0,6x8_new_data_curve_classifier_v1,Test_009,data/New_Data/csv_6x8_Case3/force_disp_Test_009.csv,curve_classifier_pseudo_label,0.7583333333333333,medium
Case3,6x8_010,-74.0,83.0,4291.496303165601,1,6.0,8.0,6x8_new_data_curve_classifier_v1,Test_010,data/New_Data/csv_6x8_Case3/force_disp_Test_010.csv,curve_classifier_pseudo_label,0.7,medium
Case3,6x8_011,-39.0,-9.0,6767.43965099748,3,6.0,8.0,6x8_new_data_curve_classifier_v1,Test_011,data/New_Data/csv_6x8_Case3/force_disp_Test_011.csv,curve_classifier_pseudo_label,0.585,high
Case3,6x8_012,-56.0,9.0,7210.366591820945,2,6.0,8.0,6x8_new_data_curve_classifier_v1,Test_012,data/New_Data/csv_6x8_Case3/force_disp_Test_012.csv,curve_classifier_pseudo_label,0.6616666666666666,high
Case3,6x8_013,61.0,33.0,8807.624154653906,2,6.0,8.0,6x8_new_data_curve_classifier_v1,Test_013,data/New_Data/csv_6x8_Case3/force_disp_Test_013.csv,curve_classifier_pseudo_label,0.65,high
Case3,6x8_014,19.0,79.0,7084.47014887711,2,6.0,8.0,6x8_new_data_curve_classifier_v1,Test_014,data/New_Data/csv_6x8_Case3/force_disp_Test_014.csv,curve_classifier_pseudo_label,0.8216666666666667,medium
Case3,6x8_015,35.0,60.0,9054.329212065408,2,6.0,8.0,6x8_new_data_curve_classifier_v1,Test_015,data/New_Data/csv_6x8_Case3/force_disp_Test_015.csv,curve_classifier_pseudo_label,0.6183333333333333,high
Case3,6x8_016,75.0,-61.0,6890.709439484805,1,6.0,8.0,6x8_new_data_curve_classifier_v1,Test_016,data/New_Data/csv_6x8_Case3/force_disp_Test_016.csv,curve_classifier_pseudo_label,0.9583333333333334,low
Case3,6x8_017,-30.0,66.0,8420.446789265701,2,6.0,8.0,6x8_new_data_curve_classifier_v1,Test_017,data/New_Data/csv_6x8_Case3/force_disp_Test_017.csv,curve_classifier_pseudo_label,0.765,medium
Case3,6x8_018,-53.0,31.0,8870.709970794984,2,6.0,8.0,6x8_new_data_curve_classifier_v1,Test_018,data/New_Data/csv_6x8_Case3/force_disp_Test_018.csv,curve_classifier_pseudo_label,0.68,high
Case3,6x8_019,-79.0,29.0,7800.312944908193,2,6.0,8.0,6x8_new_data_curve_classifier_v1,Test_019,data/New_Data/csv_6x8_Case3/force_disp_Test_019.csv,curve_classifier_pseudo_label,0.755,medium
Case3,6x8_020,-2.0,48.0,6911.159924844127,2,6.0,8.0,6x8_new_data_curve_classifier_v1,Test_020,data/New_Data/csv_6x8_Case3/force_disp_Test_020.csv,curve_classifier_pseudo_label,0.61,high
Case3,6x8_021,-49.0,-67.0,9587.902988942242,1,6.0,8.0,6x8_new_data_curve_classifier_v1,Test_021,data/New_Data/csv_6x8_Case3/force_disp_Test_021.csv,curve_classifier_pseudo_label,0.72,medium
Case3,6x8_022,43.0,-33.0,9082.27771426675,2,6.0,8.0,6x8_new_data_curve_classifier_v1,Test_022,data/New_Data/csv_6x8_Case3/force_disp_Test_022.csv,curve_classifier_pseudo_label,0.5483333333333333,high
Case3,6x8_023,62.0,-67.0,7299.230124218186,1,6.0,8.0,6x8_new_data_curve_classifier_v1,Test_023,data/New_Data/csv_6x8_Case3/force_disp_Test_023.csv,curve_classifier_pseudo_label,0.9566666666666667,low
Case3,6x8_024,30.0,75.0,8015.284047360245,2,6.0,8.0,6x8_new_data_curve_classifier_v1,Test_024,data/New_Data/csv_6x8_Case3/force_disp_Test_024.csv,curve_classifier_pseudo_label,0.7583333333333333,medium
Case3,6x8_025,80.0,-80.0,4242.450811588644,1,6.0,8.0,6x8_new_data_curve_classifier_v1,Test_025,data/New_Data/csv_6x8_Case3/force_disp_Test_025.csv,curve_classifier_pseudo_label,0.7083333333333334,medium
Case3,6x8_026,-81.0,73.0,4542.146692198235,1,6.0,8.0,6x8_new_data_curve_classifier_v1,Test_026,data/New_Data/csv_6x8_Case3/force_disp_Test_026.csv,curve_classifier_pseudo_label,0.7466666666666667,medium
Case3,6x8_027,54.0,-38.0,9566.487532844087,1,6.0,8.0,6x8_new_data_curve_classifier_v1,Test_027,data/New_Data/csv_6x8_Case3/force_disp_Test_027.csv,curve_classifier_pseudo_label,0.47333333333333333,high
Case3,6x8_028,36.0,-31.0,8694.655884221893,2,6.0,8.0,6x8_new_data_curve_classifier_v1,Test_028,data/New_Data/csv_6x8_Case3/force_disp_Test_028.csv,curve_classifier_pseudo_label,0.5733333333333334,high
Case3,6x8_029,52.0,-41.0,9981.916982656023,1,6.0,8.0,6x8_new_data_curve_classifier_v1,Test_029,data/New_Data/csv_6x8_Case3/force_disp_Test_029.csv,curve_classifier_pseudo_label,0.6666666666666666,high
Case3,6x8_030,15.0,-12.0,5244.46613065066,3,6.0,8.0,6x8_new_data_curve_classifier_v1,Test_030,data/New_Data/csv_6x8_Case3/force_disp_Test_030.csv,curve_classifier_pseudo_label,0.88,low
Case3,6x8_031,-55.0,-62.0,8800.720495346392,1,6.0,8.0,6x8_new_data_curve_classifier_v1,Test_031,data/New_Data/csv_6x8_Case3/force_disp_Test_031.csv,curve_classifier_pseudo_label,0.9866666666666667,low
Case3,6x8_032,-19.0,-7.0,5181.719601493141,3,6.0,8.0,6x8_new_data_curve_classifier_v1,Test_032,data/New_Data/csv_6x8_Case3/force_disp_Test_032.csv,curve_classifier_pseudo_label,0.8633333333333333,low
Case3,6x8_033,-61.0,86.0,5991.575442878556,1,6.0,8.0,6x8_new_data_curve_classifier_v1,Test_033,data/New_Data/csv_6x8_Case3/force_disp_Test_033.csv,curve_classifier_pseudo_label,0.77,medium
Case3,6x8_034,-43.0,-15.0,7322.088663289745,2,6.0,8.0,6x8_new_data_curve_classifier_v1,Test_034,data/New_Data/csv_6x8_Case3/force_disp_Test_034.csv,curve_classifier_pseudo_label,0.4866666666666667,high
Case3,6x8_035,70.0,81.0,4898.790939411711,1,6.0,8.0,6x8_new_data_curve_classifier_v1,Test_035,data/New_Data/csv_6x8_Case3/force_disp_Test_035.csv,curve_classifier_pseudo_label,0.7283333333333334,medium
Case3,6x8_036,8.0,25.0,5722.520737528544,3,6.0,8.0,6x8_new_data_curve_classifier_v1,Test_036,data/New_Data/csv_6x8_Case3/force_disp_Test_036.csv,curve_classifier_pseudo_label,0.8483333333333334,medium
Case3,6x8_037,-85.0,67.0,5061.911776993923,1,6.0,8.0,6x8_new_data_curve_classifier_v1,Test_037,data/New_Data/csv_6x8_Case3/force_disp_Test_037.csv,curve_classifier_pseudo_label,0.7583333333333333,medium
Case3,6x8_038,-56.0,52.0,9708.364401091494,1,6.0,8.0,6x8_new_data_curve_classifier_v1,Test_038,data/New_Data/csv_6x8_Case3/force_disp_Test_038.csv,curve_classifier_pseudo_label,0.9966666666666667,low
Case3,6x8_039,64.0,42.0,9354.945515556834,2,6.0,8.0,6x8_new_data_curve_classifier_v1,Test_039,data/New_Data/csv_6x8_Case3/force_disp_Test_039.csv,curve_classifier_pseudo_label,0.5116666666666667,high
Case3,6x8_040,-27.0,-54.0,8417.011511067643,2,6.0,8.0,6x8_new_data_curve_classifier_v1,Test_040,data/New_Data/csv_6x8_Case3/force_disp_Test_040.csv,curve_classifier_pseudo_label,0.68,high
Case3,6x8_041,-2.0,-68.0,6699.98573717735,2,6.0,8.0,6x8_new_data_curve_classifier_v1,Test_041,data/New_Data/csv_6x8_Case3/force_disp_Test_041.csv,curve_classifier_pseudo_label,0.7,medium
Case3,6x8_042,84.0,51.0,8418.101373652402,1,6.0,8.0,6x8_new_data_curve_classifier_v1,Test_042,data/New_Data/csv_6x8_Case3/force_disp_Test_042.csv,curve_classifier_pseudo_label,0.7333333333333333,medium
Case3,6x8_043,79.0,-71.0,4955.136996827559,1,6.0,8.0,6x8_new_data_curve_classifier_v1,Test_043,data/New_Data/csv_6x8_Case3/force_disp_Test_043.csv,curve_classifier_pseudo_label,0.85,low
Case3,6x8_044,59.0,-56.0,8837.319762667043,1,6.0,8.0,6x8_new_data_curve_classifier_v1,Test_044,data/New_Data/csv_6x8_Case3/force_disp_Test_044.csv,curve_classifier_pseudo_label,0.9966666666666667,low
Case3,6x8_045,-18.0,-35.0,7104.411917835755,3,6.0,8.0,6x8_new_data_curve_classifier_v1,Test_045,data/New_Data/csv_6x8_Case3/force_disp_Test_045.csv,curve_classifier_pseudo_label,0.5716666666666667,high
Case3,6x8_046,-76.0,-77.0,4637.413712708471,1,6.0,8.0,6x8_new_data_curve_classifier_v1,Test_046,data/New_Data/csv_6x8_Case3/force_disp_Test_046.csv,curve_classifier_pseudo_label,0.7433333333333333,medium
Case3,6x8_047,42.0,27.0,8279.967262373988,2,6.0,8.0,6x8_new_data_curve_classifier_v1,Test_047,data/New_Data/csv_6x8_Case3/force_disp_Test_047.csv,curve_classifier_pseudo_label,0.6166666666666667,high
Case3,6x8_048,1.0,71.0,6563.468961879951,2,6.0,8.0,6x8_new_data_curve_classifier_v1,Test_048,data/New_Data/csv_6x8_Case3/force_disp_Test_048.csv,curve_classifier_pseudo_label,0.7816666666666666,medium
Case3,6x8_049,-37.0,22.0,7642.469373378412,2,6.0,8.0,6x8_new_data_curve_classifier_v1,Test_049,data/New_Data/csv_6x8_Case3/force_disp_Test_049.csv,curve_classifier_pseudo_label,0.5233333333333333,high
Case3,6x8_050,-16.0,44.0,7429.534916811786,2,6.0,8.0,6x8_new_data_curve_classifier_v1,Test_050,data/New_Data/csv_6x8_Case3/force_disp_Test_050.csv,curve_classifier_pseudo_label,0.6166666666666667,high
Case3,6x8_051,28.0,57.0,8469.189546572357,2,6.0,8.0,6x8_new_data_curve_classifier_v1,Test_051,data/New_Data/csv_6x8_Case3/force_disp_Test_051.csv,curve_classifier_pseudo_label,0.7066666666666667,medium
Case3,6x8_052,-79.0,34.0,8162.8014153166905,2,6.0,8.0,6x8_new_data_curve_classifier_v1,Test_052,data/New_Data/csv_6x8_Case3/force_disp_Test_052.csv,curve_classifier_pseudo_label,0.7183333333333334,medium
Case3,6x8_053,3.0,87.0,6097.274114105937,2,6.0,8.0,6x8_new_data_curve_classifier_v1,Test_053,data/New_Data/csv_6x8_Case3/force_disp_Test_053.csv,curve_classifier_pseudo_label,0.6616666666666666,high
Case3,6x8_054,-17.0,-44.0,7415.760628275197,2,6.0,8.0,6x8_new_data_curve_classifier_v1,Test_054,data/New_Data/csv_6x8_Case3/force_disp_Test_054.csv,curve_classifier_pseudo_label,0.5233333333333333,high
Case3,6x8_055,44.0,-49.0,10549.651234647934,1,6.0,8.0,6x8_new_data_curve_classifier_v1,Test_055,data/New_Data/csv_6x8_Case3/force_disp_Test_055.csv,curve_classifier_pseudo_label,0.865,low
Case3,6x8_056,67.0,-19.0,7575.267173406533,2,6.0,8.0,6x8_new_data_curve_classifier_v1,Test_056,data/New_Data/csv_6x8_Case3/force_disp_Test_056.csv,curve_classifier_pseudo_label,0.7133333333333334,medium
Case3,6x8_057,2.0,74.0,6404.5765113421485,2,6.0,8.0,6x8_new_data_curve_classifier_v1,Test_057,data/New_Data/csv_6x8_Case3/force_disp_Test_057.csv,curve_classifier_pseudo_label,0.76,medium
Case3,6x8_058,82.0,19.0,6990.421326106947,2,6.0,8.0,6x8_new_data_curve_classifier_v1,Test_058,data/New_Data/csv_6x8_Case3/force_disp_Test_058.csv,curve_classifier_pseudo_label,0.71,medium
Case3,6x8_059,14.0,3.0,4721.089115915396,3,6.0,8.0,6x8_new_data_curve_classifier_v1,Test_059,data/New_Data/csv_6x8_Case3/force_disp_Test_059.csv,curve_classifier_pseudo_label,0.8816666666666667,low
Case3,6x8_060,44.0,-84.0,8518.496274441966,2,6.0,8.0,6x8_new_data_curve_classifier_v1,Test_060,data/New_Data/csv_6x8_Case3/force_disp_Test_060.csv,curve_classifier_pseudo_label,0.485,high
Case3,6x8_061,0.0,-52.0,6986.884563563323,2,6.0,8.0,6x8_new_data_curve_classifier_v1,Test_061,data/New_Data/csv_6x8_Case3/force_disp_Test_061.csv,curve_classifier_pseudo_label,0.6033333333333334,high
Case3,6x8_062,33.0,26.0,7828.853848038589,2,6.0,8.0,6x8_new_data_curve_classifier_v1,Test_062,data/New_Data/csv_6x8_Case3/force_disp_Test_062.csv,curve_classifier_pseudo_label,0.485,high
Case3,6x8_063,-75.0,38.0,8564.10510985636,2,6.0,8.0,6x8_new_data_curve_classifier_v1,Test_063,data/New_Data/csv_6x8_Case3/force_disp_Test_063.csv,curve_classifier_pseudo_label,0.6316666666666667,high
Case3,6x8_064,-20.0,55.0,7891.335126607133,2,6.0,8.0,6x8_new_data_curve_classifier_v1,Test_064,data/New_Data/csv_6x8_Case3/force_disp_Test_064.csv,curve_classifier_pseudo_label,0.7983333333333333,medium
Case3,6x8_065,72.0,31.0,8228.556080062759,2,6.0,8.0,6x8_new_data_curve_classifier_v1,Test_065,data/New_Data/csv_6x8_Case3/force_disp_Test_065.csv,curve_classifier_pseudo_label,0.6966666666666667,high
Case3,6x8_066,75.0,72.0,5369.6245566530315,1,6.0,8.0,6x8_new_data_curve_classifier_v1,Test_066,data/New_Data/csv_6x8_Case3/force_disp_Test_066.csv,curve_classifier_pseudo_label,0.75,medium
Case3,6x8_067,-83.0,68.0,5037.133195018236,1,6.0,8.0,6x8_new_data_curve_classifier_v1,Test_067,data/New_Data/csv_6x8_Case3/force_disp_Test_067.csv,curve_classifier_pseudo_label,0.7766666666666666,medium
Case3,6x8_068,-26.0,-1.0,5677.412801135068,3,6.0,8.0,6x8_new_data_curve_classifier_v1,Test_068,data/New_Data/csv_6x8_Case3/force_disp_Test_068.csv,curve_classifier_pseudo_label,0.8483333333333334,medium
Case3,6x8_069,-36.0,57.0,9272.518168259172,2,6.0,8.0,6x8_new_data_curve_classifier_v1,Test_069,data/New_Data/csv_6x8_Case3/force_disp_Test_069.csv,curve_classifier_pseudo_label,0.5833333333333334,high
Case3,6x8_070,-89.0,-51.0,8249.701067765836,1,6.0,8.0,6x8_new_data_curve_classifier_v1,Test_070,data/New_Data/csv_6x8_Case3/force_disp_Test_070.csv,curve_classifier_pseudo_label,0.71,medium
Case3,6x8_071,-45.0,-29.0,8588.500874257914,2,6.0,8.0,6x8_new_data_curve_classifier_v1,Test_071,data/New_Data/csv_6x8_Case3/force_disp_Test_071.csv,curve_classifier_pseudo_label,0.6183333333333333,high
Case3,6x8_072,-29.0,13.0,6421.020342466547,3,6.0,8.0,6x8_new_data_curve_classifier_v1,Test_072,data/New_Data/csv_6x8_Case3/force_disp_Test_072.csv,curve_classifier_pseudo_label,0.81,medium
Case3,6x8_073,-22.0,46.0,7991.318059068361,2,6.0,8.0,6x8_new_data_curve_classifier_v1,Test_073,data/New_Data/csv_6x8_Case3/force_disp_Test_073.csv,curve_classifier_pseudo_label,0.7266666666666667,medium
Case3,6x8_074,-1.0,-8.0,4458.615577910378,3,6.0,8.0,6x8_new_data_curve_classifier_v1,Test_074,data/New_Data/csv_6x8_Case3/force_disp_Test_074.csv,curve_classifier_pseudo_label,0.89,low
Case3,6x8_075,-22.0,82.0,7138.576514473828,2,6.0,8.0,6x8_new_data_curve_classifier_v1,Test_075,data/New_Data/csv_6x8_Case3/force_disp_Test_075.csv,curve_classifier_pseudo_label,0.8433333333333334,medium
Case3,6x8_076,50.0,5.0,7036.320129332741,2,6.0,8.0,6x8_new_data_curve_classifier_v1,Test_076,data/New_Data/csv_6x8_Case3/force_disp_Test_076.csv,curve_classifier_pseudo_label,0.5716666666666667,high
Case3,6x8_077,-64.0,20.0,7730.400520896431,2,6.0,8.0,6x8_new_data_curve_classifier_v1,Test_077,data/New_Data/csv_6x8_Case3/force_disp_Test_077.csv,curve_classifier_pseudo_label,0.7516666666666667,medium
Case3,6x8_078,29.0,-79.0,7810.785798508536,2,6.0,8.0,6x8_new_data_curve_classifier_v1,Test_078,data/New_Data/csv_6x8_Case3/force_disp_Test_078.csv,curve_classifier_pseudo_label,0.7516666666666667,medium
Case3,6x8_079,-67.0,39.0,9028.989566253744,2,6.0,8.0,6x8_new_data_curve_classifier_v1,Test_079,data/New_Data/csv_6x8_Case3/force_disp_Test_079.csv,curve_classifier_pseudo_label,0.5933333333333334,high
Case3,6x8_080,-53.0,-64.0,10111.146711082843,1,6.0,8.0,6x8_new_data_curve_classifier_v1,Test_080,data/New_Data/csv_6x8_Case3/force_disp_Test_080.csv,curve_classifier_pseudo_label,0.9916666666666667,low
Case3,6x8_081,-38.0,-72.0,8680.800592914631,2,6.0,8.0,6x8_new_data_curve_classifier_v1,Test_081,data/New_Data/csv_6x8_Case3/force_disp_Test_081.csv,curve_classifier_pseudo_label,0.6066666666666667,high
Case3,6x8_082,85.0,48.0,8578.513992319487,1,6.0,8.0,6x8_new_data_curve_classifier_v1,Test_082,data/New_Data/csv_6x8_Case3/force_disp_Test_082.csv,curve_classifier_pseudo_label,0.49333333333333335,high
Case3,6x8_083,-12.0,85.0,6463.958490693491,2,6.0,8.0,6x8_new_data_curve_classifier_v1,Test_083,data/New_Data/csv_6x8_Case3/force_disp_Test_083.csv,curve_classifier_pseudo_label,0.8083333333333333,medium
Case3,6x8_084,77.0,-48.0,8906.27660502941,1,6.0,8.0,6x8_new_data_curve_classifier_v1,Test_084,data/New_Data/csv_6x8_Case3/force_disp_Test_084.csv,curve_classifier_pseudo_label,0.5783333333333334,high
Case3,6x8_085,45.0,75.0,8900.982015934325,2,6.0,8.0,6x8_new_data_curve_classifier_v1,Test_085,data/New_Data/csv_6x8_Case3/force_disp_Test_085.csv,curve_classifier_pseudo_label,0.4816666666666667,high
Case3,6x8_086,-41.0,-54.0,9852.83434575456,1,6.0,8.0,6x8_new_data_curve_classifier_v1,Test_086,data/New_Data/csv_6x8_Case3/force_disp_Test_086.csv,curve_classifier_pseudo_label,0.5716666666666667,high
Case3,6x8_087,-38.0,89.0,8149.316952421689,2,6.0,8.0,6x8_new_data_curve_classifier_v1,Test_087,data/New_Data/csv_6x8_Case3/force_disp_Test_087.csv,curve_classifier_pseudo_label,0.6416666666666667,high
Case3,6x8_088,23.0,33.0,7564.757786761533,3,6.0,8.0,6x8_new_data_curve_classifier_v1,Test_088,data/New_Data/csv_6x8_Case3/force_disp_Test_088.csv,curve_classifier_pseudo_label,0.47833333333333333,high
Case3,6x8_089,18.0,-35.0,7100.982621180198,3,6.0,8.0,6x8_new_data_curve_classifier_v1,Test_089,data/New_Data/csv_6x8_Case3/force_disp_Test_089.csv,curve_classifier_pseudo_label,0.5416666666666666,high
Case3,6x8_090,-65.0,24.0,7982.342931067636,2,6.0,8.0,6x8_new_data_curve_classifier_v1,Test_090,data/New_Data/csv_6x8_Case3/force_disp_Test_090.csv,curve_classifier_pseudo_label,0.7583333333333333,medium
Case3,6x8_091,11.0,36.0,6627.652973903583,3,6.0,8.0,6x8_new_data_curve_classifier_v1,Test_091,data/New_Data/csv_6x8_Case3/force_disp_Test_091.csv,curve_classifier_pseudo_label,0.68,high
Case3,6x8_092,-38.0,-40.0,9785.012728640324,1,6.0,8.0,6x8_new_data_curve_classifier_v1,Test_092,data/New_Data/csv_6x8_Case3/force_disp_Test_092.csv,curve_classifier_pseudo_label,0.47,high
Case3,6x8_093,-70.0,-78.0,5159.2463290288115,1,6.0,8.0,6x8_new_data_curve_classifier_v1,Test_093,data/New_Data/csv_6x8_Case3/force_disp_Test_093.csv,curve_classifier_pseudo_label,0.8166666666666667,medium
Case3,6x8_094,73.0,-55.0,8508.131886261093,1,6.0,8.0,6x8_new_data_curve_classifier_v1,Test_094,data/New_Data/csv_6x8_Case3/force_disp_Test_094.csv,curve_classifier_pseudo_label,0.98,low
Case3,6x8_095,68.0,-30.0,8333.378532982306,2,6.0,8.0,6x8_new_data_curve_classifier_v1,Test_095,data/New_Data/csv_6x8_Case3/force_disp_Test_095.csv,curve_classifier_pseudo_label,0.7133333333333334,medium
Case3,6x8_096,84.0,-52.0,8166.172607527085,1,6.0,8.0,6x8_new_data_curve_classifier_v1,Test_096,data/New_Data/csv_6x8_Case3/force_disp_Test_096.csv,curve_classifier_pseudo_label,0.8566666666666667,low
Case3,6x8_097,-46.0,-23.0,7992.970352737475,2,6.0,8.0,6x8_new_data_curve_classifier_v1,Test_097,data/New_Data/csv_6x8_Case3/force_disp_Test_097.csv,curve_classifier_pseudo_label,0.625,high
Case3,6x8_098,-1.0,36.0,6410.375303854675,3,6.0,8.0,6x8_new_data_curve_classifier_v1,Test_098,data/New_Data/csv_6x8_Case3/force_disp_Test_098.csv,curve_classifier_pseudo_label,0.765,medium
Case3,6x8_099,90.0,40.0,8274.295847250927,2,6.0,8.0,6x8_new_data_curve_classifier_v1,Test_099,data/New_Data/csv_6x8_Case3/force_disp_Test_099.csv,curve_classifier_pseudo_label,0.515,high
Case3,6x8_100,69.0,62.0,7118.9463313999,1,6.0,8.0,6x8_new_data_curve_classifier_v1,Test_100,data/New_Data/csv_6x8_Case3/force_disp_Test_100.csv,curve_classifier_pseudo_label,0.8866666666666667,low
Case3,6x8_101,48.0,15.0,7432.226229484006,2,6.0,8.0,6x8_new_data_curve_classifier_v1,Test_101,data/New_Data/csv_6x8_Case3/force_disp_Test_101.csv,curve_classifier_pseudo_label,0.61,high
Case3,6x8_102,76.0,-24.0,7564.618010245786,2,6.0,8.0,6x8_new_data_curve_classifier_v1,Test_102,data/New_Data/csv_6x8_Case3/force_disp_Test_102.csv,curve_classifier_pseudo_label,0.7433333333333333,medium
Case3,6x8_103,66.0,14.0,7184.262851352114,2,6.0,8.0,6x8_new_data_curve_classifier_v1,Test_103,data/New_Data/csv_6x8_Case3/force_disp_Test_103.csv,curve_classifier_pseudo_label,0.6883333333333334,high
Case3,6x8_104,83.0,3.0,6092.318340201479,2,6.0,8.0,6x8_new_data_curve_classifier_v1,Test_104,data/New_Data/csv_6x8_Case3/force_disp_Test_104.csv,curve_classifier_pseudo_label,0.5166666666666667,high
Case3,6x8_105,89.0,-77.0,3805.380473736686,1,6.0,8.0,6x8_new_data_curve_classifier_v1,Test_105,data/New_Data/csv_6x8_Case3/force_disp_Test_105.csv,curve_classifier_pseudo_label,0.68,high
Case3,6x8_106,-12.0,43.0,7094.357934988239,2,6.0,8.0,6x8_new_data_curve_classifier_v1,Test_106,data/New_Data/csv_6x8_Case3/force_disp_Test_106.csv,curve_classifier_pseudo_label,0.54,high
Case3,6x8_107,69.0,8.0,6730.974926442521,2,6.0,8.0,6x8_new_data_curve_classifier_v1,Test_107,data/New_Data/csv_6x8_Case3/force_disp_Test_107.csv,curve_classifier_pseudo_label,0.6666666666666666,high
Case3,6x8_108,46.0,-72.0,9122.564574484604,1,6.0,8.0,6x8_new_data_curve_classifier_v1,Test_108,data/New_Data/csv_6x8_Case3/force_disp_Test_108.csv,curve_classifier_pseudo_label,0.5883333333333334,high
Case3,6x8_109,-69.0,17.0,7271.130594758279,2,6.0,8.0,6x8_new_data_curve_classifier_v1,Test_109,data/New_Data/csv_6x8_Case3/force_disp_Test_109.csv,curve_classifier_pseudo_label,0.74,medium
Case3,6x8_110,-51.0,1.0,6995.620333105884,2,6.0,8.0,6x8_new_data_curve_classifier_v1,Test_110,data/New_Data/csv_6x8_Case3/force_disp_Test_110.csv,curve_classifier_pseudo_label,0.5733333333333334,high
Case3,6x8_111,7.0,87.0,6249.152885527738,2,6.0,8.0,6x8_new_data_curve_classifier_v1,Test_111,data/New_Data/csv_6x8_Case3/force_disp_Test_111.csv,curve_classifier_pseudo_label,0.7233333333333334,medium
Case3,6x8_112,21.0,-8.0,5371.162629558365,3,6.0,8.0,6x8_new_data_curve_classifier_v1,Test_112,data/New_Data/csv_6x8_Case3/force_disp_Test_112.csv,curve_classifier_pseudo_label,0.8583333333333333,low
Case3,6x8_113,35.0,-2.0,6318.030640230154,3,6.0,8.0,6x8_new_data_curve_classifier_v1,Test_113,data/New_Data/csv_6x8_Case3/force_disp_Test_113.csv,curve_classifier_pseudo_label,0.7533333333333333,medium
Case3,6x8_114,-35.0,-78.0,8222.349213646074,2,6.0,8.0,6x8_new_data_curve_classifier_v1,Test_114,data/New_Data/csv_6x8_Case3/force_disp_Test_114.csv,curve_classifier_pseudo_label,0.665,high
Case3,6x8_115,22.0,74.0,7445.467270484865,2,6.0,8.0,6x8_new_data_curve_classifier_v1,Test_115,data/New_Data/csv_6x8_Case3/force_disp_Test_115.csv,curve_classifier_pseudo_label,0.8216666666666667,medium
Case3,6x8_116,12.0,-85.0,6465.063323678779,2,6.0,8.0,6x8_new_data_curve_classifier_v1,Test_116,data/New_Data/csv_6x8_Case3/force_disp_Test_116.csv,curve_classifier_pseudo_label,0.72,medium
Case3,6x8_117,-87.0,33.0,7847.524023385839,2,6.0,8.0,6x8_new_data_curve_classifier_v1,Test_117,data/New_Data/csv_6x8_Case3/force_disp_Test_117.csv,curve_classifier_pseudo_label,0.725,medium
Case3,6x8_118,54.0,-88.0,7423.67117461338,1,6.0,8.0,6x8_new_data_curve_classifier_v1,Test_118,data/New_Data/csv_6x8_Case3/force_disp_Test_118.csv,curve_classifier_pseudo_label,0.845,medium
Case3,6x8_119,31.0,-10.0,6210.350260559193,3,6.0,8.0,6x8_new_data_curve_classifier_v1,Test_119,data/New_Data/csv_6x8_Case3/force_disp_Test_119.csv,curve_classifier_pseudo_label,0.8133333333333334,medium
Case3,6x8_120,-58.0,-26.0,8283.694255242888,2,6.0,8.0,6x8_new_data_curve_classifier_v1,Test_120,data/New_Data/csv_6x8_Case3/force_disp_Test_120.csv,curve_classifier_pseudo_label,0.69,high
Case3,6x8_121,-50.0,14.0,7345.364184301592,2,6.0,8.0,6x8_new_data_curve_classifier_v1,Test_121,data/New_Data/csv_6x8_Case3/force_disp_Test_121.csv,curve_classifier_pseudo_label,0.6433333333333333,high
Case3,6x8_122,20.0,-73.0,7393.279409982616,2,6.0,8.0,6x8_new_data_curve_classifier_v1,Test_122,data/New_Data/csv_6x8_Case3/force_disp_Test_122.csv,curve_classifier_pseudo_label,0.76,medium
Case3,6x8_123,76.0,4.0,6354.458186437243,2,6.0,8.0,6x8_new_data_curve_classifier_v1,Test_123,data/New_Data/csv_6x8_Case3/force_disp_Test_123.csv,curve_classifier_pseudo_label,0.6183333333333333,high
Case3,6x8_124,42.0,-66.0,9281.094673504855,1,6.0,8.0,6x8_new_data_curve_classifier_v1,Test_124,data/New_Data/csv_6x8_Case3/force_disp_Test_124.csv,curve_classifier_pseudo_label,0.48,high
Case3,6x8_125,-3.0,72.0,6524.992565918011,2,6.0,8.0,6x8_new_data_curve_classifier_v1,Test_125,data/New_Data/csv_6x8_Case3/force_disp_Test_125.csv,curve_classifier_pseudo_label,0.7866666666666666,medium
Case3,6x8_126,-8.0,18.0,5232.978617811867,3,6.0,8.0,6x8_new_data_curve_classifier_v1,Test_126,data/New_Data/csv_6x8_Case3/force_disp_Test_126.csv,curve_classifier_pseudo_label,0.815,medium
Case3,6x8_127,-66.0,77.0,5823.02316160585,1,6.0,8.0,6x8_new_data_curve_classifier_v1,Test_127,data/New_Data/csv_6x8_Case3/force_disp_Test_127.csv,curve_classifier_pseudo_label,0.895,low
Case3,6x8_128,59.0,-70.0,7556.256506674854,1,6.0,8.0,6x8_new_data_curve_classifier_v1,Test_128,data/New_Data/csv_6x8_Case3/force_disp_Test_128.csv,curve_classifier_pseudo_label,0.9366666666666666,low
Case3,6x8_129,24.0,11.0,5787.35396635674,3,6.0,8.0,6x8_new_data_curve_classifier_v1,Test_129,data/New_Data/csv_6x8_Case3/force_disp_Test_129.csv,curve_classifier_pseudo_label,0.8583333333333333,low
Case3,6x8_130,-59.0,12.0,7265.771721117012,2,6.0,8.0,6x8_new_data_curve_classifier_v1,Test_130,data/New_Data/csv_6x8_Case3/force_disp_Test_130.csv,curve_classifier_pseudo_label,0.6883333333333334,high
Case3,6x8_131,41.0,53.0,9893.351128859907,1,6.0,8.0,6x8_new_data_curve_classifier_v1,Test_131,data/New_Data/csv_6x8_Case3/force_disp_Test_131.csv,curve_classifier_pseudo_label,0.5266666666666666,high
Case3,6x8_132,38.0,35.0,9260.239153875234,2,6.0,8.0,6x8_new_data_curve_classifier_v1,Test_132,data/New_Data/csv_6x8_Case3/force_disp_Test_132.csv,curve_classifier_pseudo_label,0.5066666666666667,high
Case3,6x8_133,-21.0,37.0,7573.1538247700055,2,6.0,8.0,6x8_new_data_curve_classifier_v1,Test_133,data/New_Data/csv_6x8_Case3/force_disp_Test_133.csv,curve_classifier_pseudo_label,0.5016666666666667,high
Case3,6x8_134,-56.0,37.0,9358.531050478816,2,6.0,8.0,6x8_new_data_curve_classifier_v1,Test_134,data/New_Data/csv_6x8_Case3/force_disp_Test_134.csv,curve_classifier_pseudo_label,0.5483333333333333,high
Case3,6x8_135,39.0,-76.0,8590.93301384347,2,6.0,8.0,6x8_new_data_curve_classifier_v1,Test_135,data/New_Data/csv_6x8_Case3/force_disp_Test_135.csv,curve_classifier_pseudo_label,0.5816666666666667,high
Case3,6x8_136,8.0,-68.0,6874.274104496997,2,6.0,8.0,6x8_new_data_curve_classifier_v1,Test_136,data/New_Data/csv_6x8_Case3/force_disp_Test_136.csv,curve_classifier_pseudo_label,0.7266666666666667,medium
Case3,6x8_137,68.0,53.0,9757.606540082235,1,6.0,8.0,6x8_new_data_curve_classifier_v1,Test_137,data/New_Data/csv_6x8_Case3/force_disp_Test_137.csv,curve_classifier_pseudo_label,0.9583333333333334,low
Case3,6x8_138,-28.0,-75.0,7885.83162693426,2,6.0,8.0,6x8_new_data_curve_classifier_v1,Test_138,data/New_Data/csv_6x8_Case3/force_disp_Test_138.csv,curve_classifier_pseudo_label,0.725,medium
Case3,6x8_139,-52.0,-36.0,9395.251857996369,2,6.0,8.0,6x8_new_data_curve_classifier_v1,Test_139,data/New_Data/csv_6x8_Case3/force_disp_Test_139.csv,curve_classifier_pseudo_label,0.5433333333333333,high
Case3,6x8_140,1.0,-3.0,11666.361419880124,3,6.0,8.0,6x8_new_data_curve_classifier_v1,Test_140,data/New_Data/csv_6x8_Case3/force_disp_Test_140.csv,curve_classifier_pseudo_label,0.9133333333333333,low
Case3,6x8_141,79.0,49.0,8807.6106030903,1,6.0,8.0,6x8_new_data_curve_classifier_v1,Test_141,data/New_Data/csv_6x8_Case3/force_disp_Test_141.csv,curve_classifier_pseudo_label,0.505,high
Case3,6x8_142,56.0,10.0,7242.904118561144,2,6.0,8.0,6x8_new_data_curve_classifier_v1,Test_142,data/New_Data/csv_6x8_Case3/force_disp_Test_142.csv,curve_classifier_pseudo_label,0.645,high
Case3,6x8_143,39.0,-35.0,9348.97346229211,2,6.0,8.0,6x8_new_data_curve_classifier_v1,Test_143,data/New_Data/csv_6x8_Case3/force_disp_Test_143.csv,curve_classifier_pseudo_label,0.495,high
Case3,6x8_144,-86.0,-39.0,8245.2091005155,2,6.0,8.0,6x8_new_data_curve_classifier_v1,Test_144,data/New_Data/csv_6x8_Case3/force_disp_Test_144.csv,curve_classifier_pseudo_label,0.58,high
Case3,6x8_145,29.0,32.0,8213.725370626771,2,6.0,8.0,6x8_new_data_curve_classifier_v1,Test_145,data/New_Data/csv_6x8_Case3/force_disp_Test_145.csv,curve_classifier_pseudo_label,0.485,high
Case3,6x8_146,-41.0,-28.0,8429.968634122459,2,6.0,8.0,6x8_new_data_curve_classifier_v1,Test_146,data/New_Data/csv_6x8_Case3/force_disp_Test_146.csv,curve_classifier_pseudo_label,0.5966666666666667,high
Case3,6x8_147,47.0,23.0,7997.955129695263,2,6.0,8.0,6x8_new_data_curve_classifier_v1,Test_147,data/New_Data/csv_6x8_Case3/force_disp_Test_147.csv,curve_classifier_pseudo_label,0.6566666666666666,high
Case3,6x8_148,46.0,-62.0,9783.137497338115,1,6.0,8.0,6x8_new_data_curve_classifier_v1,Test_148,data/New_Data/csv_6x8_Case3/force_disp_Test_148.csv,curve_classifier_pseudo_label,0.6933333333333334,high
Case3,6x8_149,24.0,-59.0,8155.214235977045,2,6.0,8.0,6x8_new_data_curve_classifier_v1,Test_149,data/New_Data/csv_6x8_Case3/force_disp_Test_149.csv,curve_classifier_pseudo_label,0.7316666666666667,medium
Case3,6x8_150,15.0,-47.0,7446.097303996584,2,6.0,8.0,6x8_new_data_curve_classifier_v1,Test_150,data/New_Data/csv_6x8_Case3/force_disp_Test_150.csv,curve_classifier_pseudo_label,0.5966666666666667,high
Case3,6x8_151,-66.0,-82.0,5373.7745298167065,1,6.0,8.0,6x8_new_data_curve_classifier_v1,Test_151,data/New_Data/csv_6x8_Case3/force_disp_Test_151.csv,curve_classifier_pseudo_label,0.775,medium
Case3,6x8_152,-23.0,-66.0,7800.064742828617,2,6.0,8.0,6x8_new_data_curve_classifier_v1,Test_152,data/New_Data/csv_6x8_Case3/force_disp_Test_152.csv,curve_classifier_pseudo_label,0.7233333333333334,medium
Case3,6x8_153,50.0,-62.0,10092.907418373728,1,6.0,8.0,6x8_new_data_curve_classifier_v1,Test_153,data/New_Data/csv_6x8_Case3/force_disp_Test_153.csv,curve_classifier_pseudo_label,0.9683333333333334,low
Case3,6x8_154,-65.0,-65.0,7118.58233050215,1,6.0,8.0,6x8_new_data_curve_classifier_v1,Test_154,data/New_Data/csv_6x8_Case3/force_disp_Test_154.csv,curve_classifier_pseudo_label,0.9166666666666666,low
Case3,6x8_155,11.0,-32.0,6456.77124940812,3,6.0,8.0,6x8_new_data_curve_classifier_v1,Test_155,data/New_Data/csv_6x8_Case3/force_disp_Test_155.csv,curve_classifier_pseudo_label,0.7716666666666666,medium
Case3,6x8_156,70.0,-86.0,4628.682805172048,1,6.0,8.0,6x8_new_data_curve_classifier_v1,Test_156,data/New_Data/csv_6x8_Case3/force_disp_Test_156.csv,curve_classifier_pseudo_label,0.7683333333333333,medium
Case3,6x8_157,78.0,-26.0,7605.588560620867,2,6.0,8.0,6x8_new_data_curve_classifier_v1,Test_157,data/New_Data/csv_6x8_Case3/force_disp_Test_157.csv,curve_classifier_pseudo_label,0.7283333333333334,medium
Case3,6x8_158,17.0,-43.0,7452.457229851058,2,6.0,8.0,6x8_new_data_curve_classifier_v1,Test_158,data/New_Data/csv_6x8_Case3/force_disp_Test_158.csv,curve_classifier_pseudo_label,0.5433333333333333,high
Case3,6x8_159,-9.0,-4.0,4267.5360078672375,3,6.0,8.0,6x8_new_data_curve_classifier_v1,Test_159,data/New_Data/csv_6x8_Case3/force_disp_Test_159.csv,curve_classifier_pseudo_label,0.8816666666666667,low
Case3,6x8_160,47.0,-13.0,7323.676722964833,2,6.0,8.0,6x8_new_data_curve_classifier_v1,Test_160,data/New_Data/csv_6x8_Case3/force_disp_Test_160.csv,curve_classifier_pseudo_label,0.58,high
Case3,6x8_161,-43.0,-45.0,10526.70491771137,1,6.0,8.0,6x8_new_data_curve_classifier_v1,Test_161,data/New_Data/csv_6x8_Case3/force_disp_Test_161.csv,curve_classifier_pseudo_label,0.7516666666666667,medium
Case3,6x8_162,-71.0,-11.0,6913.468759873402,2,6.0,8.0,6x8_new_data_curve_classifier_v1,Test_162,data/New_Data/csv_6x8_Case3/force_disp_Test_162.csv,curve_classifier_pseudo_label,0.6766666666666666,high
Case3,6x8_163,-84.0,28.0,7573.259908729455,2,6.0,8.0,6x8_new_data_curve_classifier_v1,Test_163,data/New_Data/csv_6x8_Case3/force_disp_Test_163.csv,curve_classifier_pseudo_label,0.76,medium
Case3,6x8_164,-16.0,-5.0,5049.757238613182,3,6.0,8.0,6x8_new_data_curve_classifier_v1,Test_164,data/New_Data/csv_6x8_Case3/force_disp_Test_164.csv,curve_classifier_pseudo_label,0.8583333333333333,low
Case3,6x8_165,-5.0,10.0,4616.933906948276,3,6.0,8.0,6x8_new_data_curve_classifier_v1,Test_165,data/New_Data/csv_6x8_Case3/force_disp_Test_165.csv,curve_classifier_pseudo_label,0.89,low
Case3,6x8_166,-61.0,-3.0,6983.137187310844,2,6.0,8.0,6x8_new_data_curve_classifier_v1,Test_166,data/New_Data/csv_6x8_Case3/force_disp_Test_166.csv,curve_classifier_pseudo_label,0.64,high
Case3,6x8_167,-4.0,-6.0,4475.429064875118,3,6.0,8.0,6x8_new_data_curve_classifier_v1,Test_167,data/New_Data/csv_6x8_Case3/force_disp_Test_167.csv,curve_classifier_pseudo_label,0.8833333333333333,low
Case3,6x8_168,-5.0,-1.0,11596.198175792388,3,6.0,8.0,6x8_new_data_curve_classifier_v1,Test_168,data/New_Data/csv_6x8_Case3/force_disp_Test_168.csv,curve_classifier_pseudo_label,0.915,low
Case3,6x8_169,58.0,-70.0,7739.77926808732,1,6.0,8.0,6x8_new_data_curve_classifier_v1,Test_169,data/New_Data/csv_6x8_Case3/force_disp_Test_169.csv,curve_classifier_pseudo_label,0.9366666666666666,low
Case3,6x8_170,-35.0,-50.0,9307.513992774922,2,6.0,8.0,6x8_new_data_curve_classifier_v1,Test_170,data/New_Data/csv_6x8_Case3/force_disp_Test_170.csv,curve_classifier_pseudo_label,0.53,high
Case3,6x8_171,-6.0,-18.0,5089.866871509018,3,6.0,8.0,6x8_new_data_curve_classifier_v1,Test_171,data/New_Data/csv_6x8_Case3/force_disp_Test_171.csv,curve_classifier_pseudo_label,0.875,low
Case3,6x8_172,-68.0,5.0,6753.878220615981,2,6.0,8.0,6x8_new_data_curve_classifier_v1,Test_172,data/New_Data/csv_6x8_Case3/force_disp_Test_172.csv,curve_classifier_pseudo_label,0.6833333333333333,high
Case3,6x8_173,82.0,-55.0,7472.678202325305,1,6.0,8.0,6x8_new_data_curve_classifier_v1,Test_173,data/New_Data/csv_6x8_Case3/force_disp_Test_173.csv,curve_classifier_pseudo_label,0.88,low
Case3,6x8_174,-76.0,51.0,9047.427144463363,1,6.0,8.0,6x8_new_data_curve_classifier_v1,Test_174,data/New_Data/csv_6x8_Case3/force_disp_Test_174.csv,curve_classifier_pseudo_label,0.5783333333333334,high
Case3,6x8_175,-73.0,85.0,4298.767565050063,1,6.0,8.0,6x8_new_data_curve_classifier_v1,Test_175,data/New_Data/csv_6x8_Case3/force_disp_Test_175.csv,curve_classifier_pseudo_label,0.695,high
Case3,6x8_176,-36.0,30.0,8548.896667769483,2,6.0,8.0,6x8_new_data_curve_classifier_v1,Test_176,data/New_Data/csv_6x8_Case3/force_disp_Test_176.csv,curve_classifier_pseudo_label,0.585,high
Case3,6x8_177,25.0,-81.0,7423.009736441361,2,6.0,8.0,6x8_new_data_curve_classifier_v1,Test_177,data/New_Data/csv_6x8_Case3/force_disp_Test_177.csv,curve_classifier_pseudo_label,0.775,medium
Case3,6x8_178,27.0,63.0,8265.42436139755,2,6.0,8.0,6x8_new_data_curve_classifier_v1,Test_178,data/New_Data/csv_6x8_Case3/force_disp_Test_178.csv,curve_classifier_pseudo_label,0.74,medium
Case3,6x8_179,73.0,-44.0,8955.63071410123,1,6.0,8.0,6x8_new_data_curve_classifier_v1,Test_179,data/New_Data/csv_6x8_Case3/force_disp_Test_179.csv,curve_classifier_pseudo_label,0.49,high
Case3,6x8_180,-14.0,88.0,6545.629000487574,2,6.0,8.0,6x8_new_data_curve_classifier_v1,Test_180,data/New_Data/csv_6x8_Case3/force_disp_Test_180.csv,curve_classifier_pseudo_label,0.835,medium
Case3,6x8_181,88.0,45.0,8451.107427438883,2,6.0,8.0,6x8_new_data_curve_classifier_v1,Test_181,data/New_Data/csv_6x8_Case3/force_disp_Test_181.csv,curve_classifier_pseudo_label,0.5016666666666667,high
Case3,6x8_182,-14.0,42.0,7194.064545145668,2,6.0,8.0,6x8_new_data_curve_classifier_v1,Test_182,data/New_Data/csv_6x8_Case3/force_disp_Test_182.csv,curve_classifier_pseudo_label,0.5366666666666666,high
Case3,6x8_183,37.0,63.0,9058.052443052731,2,6.0,8.0,6x8_new_data_curve_classifier_v1,Test_183,data/New_Data/csv_6x8_Case3/force_disp_Test_183.csv,curve_classifier_pseudo_label,0.5966666666666667,high
Case3,6x8_184,83.0,43.0,8463.30543035326,2,6.0,8.0,6x8_new_data_curve_classifier_v1,Test_184,data/New_Data/csv_6x8_Case3/force_disp_Test_184.csv,curve_classifier_pseudo_label,0.5066666666666667,high
Case3,6x8_185,-18.0,49.0,7673.002966797708,2,6.0,8.0,6x8_new_data_curve_classifier_v1,Test_185,data/New_Data/csv_6x8_Case3/force_disp_Test_185.csv,curve_classifier_pseudo_label,0.73,medium
Case3,6x8_186,-54.0,1.0,6935.904182205977,2,6.0,8.0,6x8_new_data_curve_classifier_v1,Test_186,data/New_Data/csv_6x8_Case3/force_disp_Test_186.csv,curve_classifier_pseudo_label,0.5966666666666667,high
Case3,6x8_187,-47.0,-37.0,9606.501330315676,2,6.0,8.0,6x8_new_data_curve_classifier_v1,Test_187,data/New_Data/csv_6x8_Case3/force_disp_Test_187.csv,curve_classifier_pseudo_label,0.48,high
Case3,6x8_188,-40.0,56.0,9675.16863801265,1,6.0,8.0,6x8_new_data_curve_classifier_v1,Test_188,data/New_Data/csv_6x8_Case3/force_disp_Test_188.csv,curve_classifier_pseudo_label,0.5033333333333333,high
Case3,6x8_189,34.0,0.0,6261.329657585698,3,6.0,8.0,6x8_new_data_curve_classifier_v1,Test_189,data/New_Data/csv_6x8_Case3/force_disp_Test_189.csv,curve_classifier_pseudo_label,0.7466666666666667,medium
Case3,6x8_190,-80.0,40.0,8422.872777840304,2,6.0,8.0,6x8_new_data_curve_classifier_v1,Test_190,data/New_Data/csv_6x8_Case3/force_disp_Test_190.csv,curve_classifier_pseudo_label,0.61,high
Case3,6x8_191,-75.0,6.0,6422.412645482792,2,6.0,8.0,6x8_new_data_curve_classifier_v1,Test_191,data/New_Data/csv_6x8_Case3/force_disp_Test_191.csv,curve_classifier_pseudo_label,0.6566666666666666,high
Case3,6x8_192,89.0,-86.0,3263.2384852150544,1,6.0,8.0,6x8_new_data_curve_classifier_v1,Test_192,data/New_Data/csv_6x8_Case3/force_disp_Test_192.csv,curve_classifier_pseudo_label,0.6266666666666667,high
Case3,6x8_193,48.0,41.0,10138.970888222835,1,6.0,8.0,6x8_new_data_curve_classifier_v1,Test_193,data/New_Data/csv_6x8_Case3/force_disp_Test_193.csv,curve_classifier_pseudo_label,0.6366666666666667,high
Case3,6x8_194,-11.0,-16.0,5228.982367353595,3,6.0,8.0,6x8_new_data_curve_classifier_v1,Test_194,data/New_Data/csv_6x8_Case3/force_disp_Test_194.csv,curve_classifier_pseudo_label,0.8766666666666667,low
Case3,6x8_195,12.0,71.0,6943.969177304097,2,6.0,8.0,6x8_new_data_curve_classifier_v1,Test_195,data/New_Data/csv_6x8_Case3/force_disp_Test_195.csv,curve_classifier_pseudo_label,0.8,medium
Case3,6x8_196,-32.0,84.0,7819.0313174857465,2,6.0,8.0,6x8_new_data_curve_classifier_v1,Test_196,data/New_Data/csv_6x8_Case3/force_disp_Test_196.csv,curve_classifier_pseudo_label,0.7616666666666667,medium
Case3,6x8_197,-80.0,-38.0,8318.639383663185,2,6.0,8.0,6x8_new_data_curve_classifier_v1,Test_197,data/New_Data/csv_6x8_Case3/force_disp_Test_197.csv,curve_classifier_pseudo_label,0.595,high
Case3,6x8_198,-82.0,-53.0,8013.239517912473,1,6.0,8.0,6x8_new_data_curve_classifier_v1,Test_198,data/New_Data/csv_6x8_Case3/force_disp_Test_198.csv,curve_classifier_pseudo_label,0.7933333333333333,medium
Case3,6x8_199,-45.0,82.0,8572.529269237422,2,6.0,8.0,6x8_new_data_curve_classifier_v1,Test_199,data/New_Data/csv_6x8_Case3/force_disp_Test_199.csv,curve_classifier_pseudo_label,0.495,high
Case3,6x8_200,88.0,-42.0,8369.427687454398,2,6.0,8.0,6x8_new_data_curve_classifier_v1,Test_200,data/New_Data/csv_6x8_Case3/force_disp_Test_200.csv,curve_classifier_pseudo_label,0.4866666666666667,high
Case3,6x8_201,-73.0,-27.0,7833.200873076521,2,6.0,8.0,6x8_new_data_curve_classifier_v1,Test_201,data/New_Data/csv_6x8_Case3/force_disp_Test_201.csv,curve_classifier_pseudo_label,0.7116666666666667,medium
Case3,6x8_202,-24.0,-76.0,7562.042931729598,2,6.0,8.0,6x8_new_data_curve_classifier_v1,Test_202,data/New_Data/csv_6x8_Case3/force_disp_Test_202.csv,curve_classifier_pseudo_label,0.745,medium
Case3,6x8_203,33.0,58.0,8922.736624749012,2,6.0,8.0,6x8_new_data_curve_classifier_v1,Test_203,data/New_Data/csv_6x8_Case3/force_disp_Test_203.csv,curve_classifier_pseudo_label,0.6516666666666666,high
Case3,6x8_204,27.0,-22.0,7045.469380476001,3,6.0,8.0,6x8_new_data_curve_classifier_v1,Test_204,data/New_Data/csv_6x8_Case3/force_disp_Test_204.csv,curve_classifier_pseudo_label,0.6983333333333334,high
Case3,6x8_205,-58.0,-50.0,10472.657888161299,1,6.0,8.0,6x8_new_data_curve_classifier_v1,Test_205,data/New_Data/csv_6x8_Case3/force_disp_Test_205.csv,curve_classifier_pseudo_label,0.9933333333333333,low
Case3,6x8_206,4.0,90.0,6074.178893100809,2,6.0,8.0,6x8_new_data_curve_classifier_v1,Test_206,data/New_Data/csv_6x8_Case3/force_disp_Test_206.csv,curve_classifier_pseudo_label,0.6783333333333333,high
Case3,6x8_207,19.0,-83.0,6869.886997972456,2,6.0,8.0,6x8_new_data_curve_classifier_v1,Test_207,data/New_Data/csv_6x8_Case3/force_disp_Test_207.csv,curve_classifier_pseudo_label,0.76,medium
Case3,6x8_208,-87.0,47.0,8524.988985182688,2,6.0,8.0,6x8_new_data_curve_classifier_v1,Test_208,data/New_Data/csv_6x8_Case3/force_disp_Test_208.csv,curve_classifier_pseudo_label,0.49666666666666665,high
Case3,6x8_209,58.0,-69.0,7789.59403319423,1,6.0,8.0,6x8_new_data_curve_classifier_v1,Test_209,data/New_Data/csv_6x8_Case3/force_disp_Test_209.csv,curve_classifier_pseudo_label,0.9433333333333334,low
Case3,6x8_210,-10.0,23.0,5824.119094159258,3,6.0,8.0,6x8_new_data_curve_classifier_v1,Test_210,data/New_Data/csv_6x8_Case3/force_disp_Test_210.csv,curve_classifier_pseudo_label,0.83,medium
Case3,6x8_211,55.0,-59.0,8978.187506220806,1,6.0,8.0,6x8_new_data_curve_classifier_v1,Test_211,data/New_Data/csv_6x8_Case3/force_disp_Test_211.csv,curve_classifier_pseudo_label,0.9983333333333333,low
Case3,6x8_212,-63.0,54.0,9101.960891233519,1,6.0,8.0,6x8_new_data_curve_classifier_v1,Test_212,data/New_Data/csv_6x8_Case3/force_disp_Test_212.csv,curve_classifier_pseudo_label,0.9916666666666667,low
Case3,6x8_213,67.0,-42.0,9206.72136326551,1,6.0,8.0,6x8_new_data_curve_classifier_v1,Test_213,data/New_Data/csv_6x8_Case3/force_disp_Test_213.csv,curve_classifier_pseudo_label,0.475,high
Case3,6x8_214,63.0,-14.0,7290.130246442609,2,6.0,8.0,6x8_new_data_curve_classifier_v1,Test_214,data/New_Data/csv_6x8_Case3/force_disp_Test_214.csv,curve_classifier_pseudo_label,0.69,high
Case3,6x8_215,9.0,13.0,4852.8217401138245,3,6.0,8.0,6x8_new_data_curve_classifier_v1,Test_215,data/New_Data/csv_6x8_Case3/force_disp_Test_215.csv,curve_classifier_pseudo_label,0.885,low
Case3,6x8_216,-10.0,59.0,7240.702476578327,2,6.0,8.0,6x8_new_data_curve_classifier_v1,Test_216,data/New_Data/csv_6x8_Case3/force_disp_Test_216.csv,curve_classifier_pseudo_label,0.775,medium
Case3,6x8_217,21.0,56.0,7964.986209461052,2,6.0,8.0,6x8_new_data_curve_classifier_v1,Test_217,data/New_Data/csv_6x8_Case3/force_disp_Test_217.csv,curve_classifier_pseudo_label,0.74,medium
Case3,6x8_218,5.0,-15.0,4859.4613298703125,3,6.0,8.0,6x8_new_data_curve_classifier_v1,Test_218,data/New_Data/csv_6x8_Case3/force_disp_Test_218.csv,curve_classifier_pseudo_label,0.88,low
Case3,6x8_219,-7.0,65.0,6930.127787248348,2,6.0,8.0,6x8_new_data_curve_classifier_v1,Test_219,data/New_Data/csv_6x8_Case3/force_disp_Test_219.csv,curve_classifier_pseudo_label,0.7933333333333333,medium
Case3,6x8_220,14.0,-23.0,5959.955807120186,3,6.0,8.0,6x8_new_data_curve_classifier_v1,Test_220,data/New_Data/csv_6x8_Case3/force_disp_Test_220.csv,curve_classifier_pseudo_label,0.845,medium
Case3,6x8_221,74.0,-56.0,8090.578951756315,1,6.0,8.0,6x8_new_data_curve_classifier_v1,Test_221,data/New_Data/csv_6x8_Case3/force_disp_Test_221.csv,curve_classifier_pseudo_label,0.9833333333333333,low
Case3,6x8_222,7.0,-80.0,6389.277002597616,2,6.0,8.0,6x8_new_data_curve_classifier_v1,Test_222,data/New_Data/csv_6x8_Case3/force_disp_Test_222.csv,curve_classifier_pseudo_label,0.6616666666666666,high
Case3,6x8_223,-78.0,-48.0,8840.226574770282,1,6.0,8.0,6x8_new_data_curve_classifier_v1,Test_223,data/New_Data/csv_6x8_Case3/force_disp_Test_223.csv,curve_classifier_pseudo_label,0.52,high
Case3,6x8_224,-4.0,-43.0,6764.1115453021275,3,6.0,8.0,6x8_new_data_curve_classifier_v1,Test_224,data/New_Data/csv_6x8_Case3/force_disp_Test_224.csv,curve_classifier_pseudo_label,0.5883333333333334,high
Case3,6x8_225,2.0,-73.0,6553.010319310652,2,6.0,8.0,6x8_new_data_curve_classifier_v1,Test_225,data/New_Data/csv_6x8_Case3/force_disp_Test_225.csv,curve_classifier_pseudo_label,0.67,high
Case3,6x8_226,-42.0,80.0,8552.20040250302,2,6.0,8.0,6x8_new_data_curve_classifier_v1,Test_226,data/New_Data/csv_6x8_Case3/force_disp_Test_226.csv,curve_classifier_pseudo_label,0.555,high
Case3,6x8_227,-42.0,-6.0,6693.42287489041,3,6.0,8.0,6x8_new_data_curve_classifier_v1,Test_227,data/New_Data/csv_6x8_Case3/force_disp_Test_227.csv,curve_classifier_pseudo_label,0.5866666666666667,high
Case3,6x8_228,60.0,-31.0,8738.366091642509,2,6.0,8.0,6x8_new_data_curve_classifier_v1,Test_228,data/New_Data/csv_6x8_Case3/force_disp_Test_228.csv,curve_classifier_pseudo_label,0.685,high
Case3,6x8_229,42.0,86.0,8381.00800029211,2,6.0,8.0,6x8_new_data_curve_classifier_v1,Test_229,data/New_Data/csv_6x8_Case3/force_disp_Test_229.csv,curve_classifier_pseudo_label,0.545,high
Case3,6x8_230,-44.0,-30.0,8694.96562573713,2,6.0,8.0,6x8_new_data_curve_classifier_v1,Test_230,data/New_Data/csv_6x8_Case3/force_disp_Test_230.csv,curve_classifier_pseudo_label,0.6033333333333334,high
Case3,6x8_231,-69.0,24.0,7857.202257117829,2,6.0,8.0,6x8_new_data_curve_classifier_v1,Test_231,data/New_Data/csv_6x8_Case3/force_disp_Test_231.csv,curve_classifier_pseudo_label,0.7666666666666667,medium
Case3,6x8_232,-8.0,-27.0,5850.978171923159,3,6.0,8.0,6x8_new_data_curve_classifier_v1,Test_232,data/New_Data/csv_6x8_Case3/force_disp_Test_232.csv,curve_classifier_pseudo_label,0.8416666666666667,medium
Case3,6x8_233,61.0,-20.0,7748.886318284446,2,6.0,8.0,6x8_new_data_curve_classifier_v1,Test_233,data/New_Data/csv_6x8_Case3/force_disp_Test_233.csv,curve_classifier_pseudo_label,0.7066666666666667,medium
Case3,6x8_234,-49.0,-40.0,9970.38659431247,1,6.0,8.0,6x8_new_data_curve_classifier_v1,Test_234,data/New_Data/csv_6x8_Case3/force_disp_Test_234.csv,curve_classifier_pseudo_label,0.6,high
Case3,6x8_235,-62.0,7.0,7078.423705696617,2,6.0,8.0,6x8_new_data_curve_classifier_v1,Test_235,data/New_Data/csv_6x8_Case3/force_disp_Test_235.csv,curve_classifier_pseudo_label,0.6716666666666666,high
Case3,6x8_236,16.0,-57.0,7628.289549770601,2,6.0,8.0,6x8_new_data_curve_classifier_v1,Test_236,data/New_Data/csv_6x8_Case3/force_disp_Test_236.csv,curve_classifier_pseudo_label,0.7116666666666667,medium
Case3,6x8_237,-32.0,66.0,8548.647654237193,2,6.0,8.0,6x8_new_data_curve_classifier_v1,Test_237,data/New_Data/csv_6x8_Case3/force_disp_Test_237.csv,curve_classifier_pseudo_label,0.73,medium
Case3,6x8_238,64.0,-22.0,7889.215706722138,2,6.0,8.0,6x8_new_data_curve_classifier_v1,Test_238,data/New_Data/csv_6x8_Case3/force_disp_Test_238.csv,curve_classifier_pseudo_label,0.7283333333333334,medium
Case3,6x8_239,30.0,17.0,6747.046115477801,3,6.0,8.0,6x8_new_data_curve_classifier_v1,Test_239,data/New_Data/csv_6x8_Case3/force_disp_Test_239.csv,curve_classifier_pseudo_label,0.7216666666666667,medium
Case3,6x8_240,53.0,26.0,8363.402857447778,2,6.0,8.0,6x8_new_data_curve_classifier_v1,Test_240,data/New_Data/csv_6x8_Case3/force_disp_Test_240.csv,curve_classifier_pseudo_label,0.6666666666666666,high
Case3,6x8_241,13.0,6.0,4704.787468038525,3,6.0,8.0,6x8_new_data_curve_classifier_v1,Test_241,data/New_Data/csv_6x8_Case3/force_disp_Test_241.csv,curve_classifier_pseudo_label,0.8833333333333333,low
Case3,6x8_242,-31.0,60.0,8739.001060592402,2,6.0,8.0,6x8_new_data_curve_classifier_v1,Test_242,data/New_Data/csv_6x8_Case3/force_disp_Test_242.csv,curve_classifier_pseudo_label,0.7383333333333333,medium
Case3,6x8_243,-63.0,-63.0,7559.22667347828,1,6.0,8.0,6x8_new_data_curve_classifier_v1,Test_243,data/New_Data/csv_6x8_Case3/force_disp_Test_243.csv,curve_classifier_pseudo_label,0.9666666666666667,low
Case3,6x8_244,85.0,-58.0,6607.7843090574115,1,6.0,8.0,6x8_new_data_curve_classifier_v1,Test_244,data/New_Data/csv_6x8_Case3/force_disp_Test_244.csv,curve_classifier_pseudo_label,0.8383333333333334,medium
Case3,6x8_245,-34.0,-14.0,6785.684103409566,3,6.0,8.0,6x8_new_data_curve_classifier_v1,Test_245,data/New_Data/csv_6x8_Case3/force_disp_Test_245.csv,curve_classifier_pseudo_label,0.6816666666666666,high
Case3,6x8_246,60.0,61.0,8105.285428792315,1,6.0,8.0,6x8_new_data_curve_classifier_v1,Test_246,data/New_Data/csv_6x8_Case3/force_disp_Test_246.csv,curve_classifier_pseudo_label,0.99,low
Case3,6x8_247,-83.0,78.0,3927.089122401204,1,6.0,8.0,6x8_new_data_curve_classifier_v1,Test_247,data/New_Data/csv_6x8_Case3/force_disp_Test_247.csv,curve_classifier_pseudo_label,0.655,high
Case3,6x8_248,6.0,27.0,5791.7739625133845,3,6.0,8.0,6x8_new_data_curve_classifier_v1,Test_248,data/New_Data/csv_6x8_Case3/force_disp_Test_248.csv,curve_classifier_pseudo_label,0.83,medium
Case3,6x8_249,6.0,16.0,5014.305032626578,3,6.0,8.0,6x8_new_data_curve_classifier_v1,Test_249,data/New_Data/csv_6x8_Case3/force_disp_Test_249.csv,curve_classifier_pseudo_label,0.8816666666666667,low
Case3,6x8_250,-47.0,64.0,9722.968671250654,1,6.0,8.0,6x8_new_data_curve_classifier_v1,Test_250,data/New_Data/csv_6x8_Case3/force_disp_Test_250.csv,curve_classifier_pseudo_label,0.6366666666666667,high
Case3,6x8_251,-69.0,0.0,6711.061950537175,2,6.0,8.0,6x8_new_data_curve_classifier_v1,Test_251,data/New_Data/csv_6x8_Case3/force_disp_Test_251.csv,curve_classifier_pseudo_label,0.6583333333333333,high
Case3,6x8_252,-82.0,-45.0,8573.790222531932,2,6.0,8.0,6x8_new_data_curve_classifier_v1,Test_252,data/New_Data/csv_6x8_Case3/force_disp_Test_252.csv,curve_classifier_pseudo_label,0.49666666666666665,high
Case3,6x8_253,56.0,-34.0,9076.25692555082,2,6.0,8.0,6x8_new_data_curve_classifier_v1,Test_253,data/New_Data/csv_6x8_Case3/force_disp_Test_253.csv,curve_classifier_pseudo_label,0.58,high
Case3,6x8_254,-75.0,-17.0,6985.666126218877,2,6.0,8.0,6x8_new_data_curve_classifier_v1,Test_254,data/New_Data/csv_6x8_Case3/force_disp_Test_254.csv,curve_classifier_pseudo_label,0.6916666666666667,high
Case3,6x8_255,32.0,-60.0,8800.27444921991,2,6.0,8.0,6x8_new_data_curve_classifier_v1,Test_255,data/New_Data/csv_6x8_Case3/force_disp_Test_255.csv,curve_classifier_pseudo_label,0.6766666666666666,high
Case3,6x8_256,-25.0,-11.0,5843.190840480883,3,6.0,8.0,6x8_new_data_curve_classifier_v1,Test_256,data/New_Data/csv_6x8_Case3/force_disp_Test_256.csv,curve_classifier_pseudo_label,0.8566666666666667,low
Case3,6x8_257,65.0,80.0,5664.080186782016,1,6.0,8.0,6x8_new_data_curve_classifier_v1,Test_257,data/New_Data/csv_6x8_Case3/force_disp_Test_257.csv,curve_classifier_pseudo_label,0.7866666666666666,medium
Case3,6x8_258,54.0,-18.0,7728.867450559708,2,6.0,8.0,6x8_new_data_curve_classifier_v1,Test_258,data/New_Data/csv_6x8_Case3/force_disp_Test_258.csv,curve_classifier_pseudo_label,0.6983333333333334,high
Case3,6x8_259,-6.0,38.0,6503.150773829434,3,6.0,8.0,6x8_new_data_curve_classifier_v1,Test_259,data/New_Data/csv_6x8_Case3/force_disp_Test_259.csv,curve_classifier_pseudo_label,0.675,high
Case3,6x8_260,-50.0,68.0,9567.899370040805,1,6.0,8.0,6x8_new_data_curve_classifier_v1,Test_260,data/New_Data/csv_6x8_Case3/force_disp_Test_260.csv,curve_classifier_pseudo_label,0.7583333333333333,medium
Case3,6x8_261,-14.0,-28.0,6418.458738778324,3,6.0,8.0,6x8_new_data_curve_classifier_v1,Test_261,data/New_Data/csv_6x8_Case3/force_disp_Test_261.csv,curve_classifier_pseudo_label,0.8166666666666667,medium
Case3,6x8_262,-57.0,76.0,7558.61398659881,1,6.0,8.0,6x8_new_data_curve_classifier_v1,Test_262,data/New_Data/csv_6x8_Case3/force_disp_Test_262.csv,curve_classifier_pseudo_label,0.9633333333333334,low
Case3,6x8_263,-24.0,2.0,5479.198870742019,3,6.0,8.0,6x8_new_data_curve_classifier_v1,Test_263,data/New_Data/csv_6x8_Case3/force_disp_Test_263.csv,curve_classifier_pseudo_label,0.8433333333333334,medium
Case3,6x8_264,87.0,-65.0,5305.039548140751,1,6.0,8.0,6x8_new_data_curve_classifier_v1,Test_264,data/New_Data/csv_6x8_Case3/force_disp_Test_264.csv,curve_classifier_pseudo_label,0.8216666666666667,medium
Case3,6x8_265,-25.0,-84.0,7364.07269066722,2,6.0,8.0,6x8_new_data_curve_classifier_v1,Test_265,data/New_Data/csv_6x8_Case3/force_disp_Test_265.csv,curve_classifier_pseudo_label,0.7433333333333333,medium
Case3,6x8_266,-26.0,-39.0,8088.4267124801745,2,6.0,8.0,6x8_new_data_curve_classifier_v1,Test_266,data/New_Data/csv_6x8_Case3/force_disp_Test_266.csv,curve_classifier_pseudo_label,0.5533333333333333,high
Case3,6x8_267,-33.0,-46.0,9075.226822935181,2,6.0,8.0,6x8_new_data_curve_classifier_v1,Test_267,data/New_Data/csv_6x8_Case3/force_disp_Test_267.csv,curve_classifier_pseudo_label,0.54,high
Case3,6x8_268,-59.0,29.0,8601.747044051053,2,6.0,8.0,6x8_new_data_curve_classifier_v1,Test_268,data/New_Data/csv_6x8_Case3/force_disp_Test_268.csv,curve_classifier_pseudo_label,0.7433333333333333,medium
Case3,6x8_269,-60.0,60.0,8248.923787334112,1,6.0,8.0,6x8_new_data_curve_classifier_v1,Test_269,data/New_Data/csv_6x8_Case3/force_disp_Test_269.csv,curve_classifier_pseudo_label,0.9966666666666667,low
Case3,6x8_270,10.0,76.0,6608.6895829612595,2,6.0,8.0,6x8_new_data_curve_classifier_v1,Test_270,data/New_Data/csv_6x8_Case3/force_disp_Test_270.csv,curve_classifier_pseudo_label,0.8066666666666666,medium
Case3,6x8_271,-30.0,50.0,8791.8371612224,2,6.0,8.0,6x8_new_data_curve_classifier_v1,Test_271,data/New_Data/csv_6x8_Case3/force_disp_Test_271.csv,curve_classifier_pseudo_label,0.68,high
Case3,6x8_272,72.0,69.0,5931.320371074177,1,6.0,8.0,6x8_new_data_curve_classifier_v1,Test_272,data/New_Data/csv_6x8_Case3/force_disp_Test_272.csv,curve_classifier_pseudo_label,0.8116666666666666,medium
Case3,6x8_273,81.0,62.0,6071.882410835587,1,6.0,8.0,6x8_new_data_curve_classifier_v1,Test_273,data/New_Data/csv_6x8_Case3/force_disp_Test_273.csv,curve_classifier_pseudo_label,0.79,medium
Case3,6x8_274,30.0,-25.0,7630.3017033136175,3,6.0,8.0,6x8_new_data_curve_classifier_v1,Test_274,data/New_Data/csv_6x8_Case3/force_disp_Test_274.csv,curve_classifier_pseudo_label,0.5166666666666667,high
Case3,6x8_275,80.0,-20.0,7032.5052651227315,2,6.0,8.0,6x8_new_data_curve_classifier_v1,Test_275,data/New_Data/csv_6x8_Case3/force_disp_Test_275.csv,curve_classifier_pseudo_label,0.715,medium
Case3,6x8_276,-88.0,70.0,4574.052525793893,1,6.0,8.0,6x8_new_data_curve_classifier_v1,Test_276,data/New_Data/csv_6x8_Case3/force_disp_Test_276.csv,curve_classifier_pseudo_label,0.7333333333333333,medium
Case3,6x8_277,57.0,88.0,6725.494631969182,1,6.0,8.0,6x8_new_data_curve_classifier_v1,Test_277,data/New_Data/csv_6x8_Case3/force_disp_Test_277.csv,curve_classifier_pseudo_label,0.7516666666666667,medium
Case3,6x8_278,18.0,78.0,6994.610887125247,2,6.0,8.0,6x8_new_data_curve_classifier_v1,Test_278,data/New_Data/csv_6x8_Case3/force_disp_Test_278.csv,curve_classifier_pseudo_label,0.825,medium
Case3,6x8_279,-88.0,-89.0,3214.1430085500515,1,6.0,8.0,6x8_new_data_curve_classifier_v1,Test_279,data/New_Data/csv_6x8_Case3/force_disp_Test_279.csv,curve_classifier_pseudo_label,0.5416666666666666,high
Case3,6x8_280,-31.0,-12.0,6447.859363591536,3,6.0,8.0,6x8_new_data_curve_classifier_v1,Test_280,data/New_Data/csv_6x8_Case3/force_disp_Test_280.csv,curve_classifier_pseudo_label,0.7983333333333333,medium
Case3,6x8_281,-72.0,-17.0,7202.390950658451,2,6.0,8.0,6x8_new_data_curve_classifier_v1,Test_281,data/New_Data/csv_6x8_Case3/force_disp_Test_281.csv,curve_classifier_pseudo_label,0.6916666666666667,high
Case3,6x8_282,25.0,-74.0,7661.928819118145,2,6.0,8.0,6x8_new_data_curve_classifier_v1,Test_282,data/New_Data/csv_6x8_Case3/force_disp_Test_282.csv,curve_classifier_pseudo_label,0.77,medium
Case3,6x8_283,34.0,-21.0,7418.9342705987065,3,6.0,8.0,6x8_new_data_curve_classifier_v1,Test_283,data/New_Data/csv_6x8_Case3/force_disp_Test_283.csv,curve_classifier_pseudo_label,0.49666666666666665,high
Case3,6x8_284,16.0,16.0,5666.968376549154,3,6.0,8.0,6x8_new_data_curve_classifier_v1,Test_284,data/New_Data/csv_6x8_Case3/force_disp_Test_284.csv,curve_classifier_pseudo_label,0.875,low
Case3,6x8_285,-21.0,55.0,7927.092649356544,2,6.0,8.0,6x8_new_data_curve_classifier_v1,Test_285,data/New_Data/csv_6x8_Case3/force_disp_Test_285.csv,curve_classifier_pseudo_label,0.8016666666666666,medium
Case3,6x8_286,40.0,-87.0,8307.12792888511,2,6.0,8.0,6x8_new_data_curve_classifier_v1,Test_286,data/New_Data/csv_6x8_Case3/force_disp_Test_286.csv,curve_classifier_pseudo_label,0.5433333333333333,high
Case3,6x8_287,-77.0,22.0,7289.995661164521,2,6.0,8.0,6x8_new_data_curve_classifier_v1,Test_287,data/New_Data/csv_6x8_Case3/force_disp_Test_287.csv,curve_classifier_pseudo_label,0.7666666666666667,medium
Case3,6x8_288,37.0,70.0,8722.215526615664,2,6.0,8.0,6x8_new_data_curve_classifier_v1,Test_288,data/New_Data/csv_6x8_Case3/force_disp_Test_288.csv,curve_classifier_pseudo_label,0.6183333333333333,high
Case3,6x8_289,-9.0,44.0,6906.853491022047,2,6.0,8.0,6x8_new_data_curve_classifier_v1,Test_289,data/New_Data/csv_6x8_Case3/force_disp_Test_289.csv,curve_classifier_pseudo_label,0.54,high
Case3,6x8_290,20.0,-82.0,7056.508461354513,2,6.0,8.0,6x8_new_data_curve_classifier_v1,Test_290,data/New_Data/csv_6x8_Case3/force_disp_Test_290.csv,curve_classifier_pseudo_label,0.7633333333333333,medium
Case3,6x8_291,26.0,5.0,5777.273059932448,3,6.0,8.0,6x8_new_data_curve_classifier_v1,Test_291,data/New_Data/csv_6x8_Case3/force_disp_Test_291.csv,curve_classifier_pseudo_label,0.865,low
Case3,6x8_292,71.0,-88.0,4440.792589714523,1,6.0,8.0,6x8_new_data_curve_classifier_v1,Test_292,data/New_Data/csv_6x8_Case3/force_disp_Test_292.csv,curve_classifier_pseudo_label,0.76,medium
Case3,6x8_293,-28.0,11.0,6153.353974245149,3,6.0,8.0,6x8_new_data_curve_classifier_v1,Test_293,data/New_Data/csv_6x8_Case3/force_disp_Test_293.csv,curve_classifier_pseudo_label,0.8366666666666667,medium
Case3,6x8_294,-71.0,-57.0,7888.013873499853,1,6.0,8.0,6x8_new_data_curve_classifier_v1,Test_294,data/New_Data/csv_6x8_Case3/force_disp_Test_294.csv,curve_classifier_pseudo_label,0.8833333333333333,low
Case3,6x8_295,-84.0,-9.0,6274.695035308122,2,6.0,8.0,6x8_new_data_curve_classifier_v1,Test_295,data/New_Data/csv_6x8_Case3/force_disp_Test_295.csv,curve_classifier_pseudo_label,0.64,high
Case3,6x8_296,-48.0,82.0,8675.147398280957,1,6.0,8.0,6x8_new_data_curve_classifier_v1,Test_296,data/New_Data/csv_6x8_Case3/force_disp_Test_296.csv,curve_classifier_pseudo_label,0.5616666666666666,high
Case3,6x8_297,-13.0,-4.0,4763.426686540797,3,6.0,8.0,6x8_new_data_curve_classifier_v1,Test_297,data/New_Data/csv_6x8_Case3/force_disp_Test_297.csv,curve_classifier_pseudo_label,0.8766666666666667,low
Case3,6x8_298,-19.0,-23.0,6549.298616527987,3,6.0,8.0,6x8_new_data_curve_classifier_v1,Test_298,data/New_Data/csv_6x8_Case3/force_disp_Test_298.csv,curve_classifier_pseudo_label,0.825,medium
Case3,6x8_299,5.0,-32.0,6169.698890063019,3,6.0,8.0,6x8_new_data_curve_classifier_v1,Test_299,data/New_Data/csv_6x8_Case3/force_disp_Test_299.csv,curve_classifier_pseudo_label,0.8166666666666667,medium
Case3,6x8_300,51.0,46.0,10662.987299966431,1,6.0,8.0,6x8_new_data_curve_classifier_v1,Test_300,data/New_Data/csv_6x8_Case3/force_disp_Test_300.csv,curve_classifier_pseudo_label,0.9466666666666667,low
Case3,8x8_001,65.0,19.0,5249.885931590668,2,8.0,8.0,8x8_new_data_curve_classifier_v1,Test_001,data/New_data/8x8_Case3/csv/force_disp_Test_001.csv,curve_classifier_pseudo_label,0.655,high
Case3,8x8_002,40.0,-51.0,7021.8386147931415,2,8.0,8.0,8x8_new_data_curve_classifier_v1,Test_002,data/New_data/8x8_Case3/csv/force_disp_Test_002.csv,curve_classifier_pseudo_label,0.5266666666666666,high
Case3,8x8_003,-44.0,65.0,6337.011177400955,2,8.0,8.0,8x8_new_data_curve_classifier_v1,Test_003,data/New_data/8x8_Case3/csv/force_disp_Test_003.csv,curve_classifier_pseudo_label,0.58,high
Case3,8x8_004,49.0,48.0,7678.519114548306,1,8.0,8.0,8x8_new_data_curve_classifier_v1,Test_004,data/New_data/8x8_Case3/csv/force_disp_Test_004.csv,curve_classifier_pseudo_label,0.5,high
Case3,8x8_005,-52.0,20.0,5862.340206577789,2,8.0,8.0,8x8_new_data_curve_classifier_v1,Test_005,data/New_data/8x8_Case3/csv/force_disp_Test_005.csv,curve_classifier_pseudo_label,0.5683333333333334,high
Case3,8x8_006,-15.0,-74.0,4657.426772073546,2,8.0,8.0,8x8_new_data_curve_classifier_v1,Test_006,data/New_data/8x8_Case3/csv/force_disp_Test_006.csv,curve_classifier_pseudo_label,0.6683333333333333,high
Case3,8x8_007,51.0,-83.0,5358.561529995737,2,8.0,8.0,8x8_new_data_curve_classifier_v1,Test_007,data/New_data/8x8_Case3/csv/force_disp_Test_007.csv,curve_classifier_pseudo_label,0.4866666666666667,high
Case3,8x8_008,86.0,9.0,3983.205115277853,3,8.0,8.0,8x8_new_data_curve_classifier_v1,Test_008,data/New_data/8x8_Case3/csv/force_disp_Test_008.csv,curve_classifier_pseudo_label,0.45666666666666667,high
Case3,8x8_009,-63.0,21.0,5483.825365886914,2,8.0,8.0,8x8_new_data_curve_classifier_v1,Test_009,data/New_data/8x8_Case3/csv/force_disp_Test_009.csv,curve_classifier_pseudo_label,0.6833333333333333,high
Case3,8x8_010,-74.0,83.0,3176.3702391040138,1,8.0,8.0,8x8_new_data_curve_classifier_v1,Test_010,data/New_data/8x8_Case3/csv/force_disp_Test_010.csv,curve_classifier_pseudo_label,0.48333333333333334,high
Case3,8x8_011,-39.0,-9.0,5553.11723712837,3,8.0,8.0,8x8_new_data_curve_classifier_v1,Test_011,data/New_data/8x8_Case3/csv/force_disp_Test_011.csv,curve_classifier_pseudo_label,0.6766666666666666,high
Case3,8x8_012,-56.0,9.0,5279.982570696419,2,8.0,8.0,8x8_new_data_curve_classifier_v1,Test_012,data/New_data/8x8_Case3/csv/force_disp_Test_012.csv,curve_classifier_pseudo_label,0.54,high
Case3,8x8_013,61.0,33.0,6095.091333950158,2,8.0,8.0,8x8_new_data_curve_classifier_v1,Test_013,data/New_data/8x8_Case3/csv/force_disp_Test_013.csv,curve_classifier_pseudo_label,0.6716666666666666,high
Case3,8x8_014,19.0,79.0,4626.262337022605,2,8.0,8.0,8x8_new_data_curve_classifier_v1,Test_014,data/New_data/8x8_Case3/csv/force_disp_Test_014.csv,curve_classifier_pseudo_label,0.795,medium
Case3,8x8_015,35.0,60.0,6236.716872559574,2,8.0,8.0,8x8_new_data_curve_classifier_v1,Test_015,data/New_data/8x8_Case3/csv/force_disp_Test_015.csv,curve_classifier_pseudo_label,0.6616666666666666,high
Case3,8x8_016,75.0,-61.0,5549.9100503634645,1,8.0,8.0,8x8_new_data_curve_classifier_v1,Test_016,data/New_data/8x8_Case3/csv/force_disp_Test_016.csv,curve_classifier_pseudo_label,0.785,medium
Case3,8x8_017,-30.0,66.0,5772.640630477044,2,8.0,8.0,8x8_new_data_curve_classifier_v1,Test_017,data/New_data/8x8_Case3/csv/force_disp_Test_017.csv,curve_classifier_pseudo_label,0.785,medium
Case3,8x8_018,-53.0,31.0,6397.461983353669,2,8.0,8.0,8x8_new_data_curve_classifier_v1,Test_018,data/New_data/8x8_Case3/csv/force_disp_Test_018.csv,curve_classifier_pseudo_label,0.69,high
Case3,8x8_019,-79.0,29.0,5027.526667669692,2,8.0,8.0,8x8_new_data_curve_classifier_v1,Test_019,data/New_data/8x8_Case3/csv/force_disp_Test_019.csv,curve_classifier_pseudo_label,0.7316666666666667,medium
Case3,8x8_020,-2.0,48.0,5540.376296649255,3,8.0,8.0,8x8_new_data_curve_classifier_v1,Test_020,data/New_data/8x8_Case3/csv/force_disp_Test_020.csv,curve_classifier_pseudo_label,0.5233333333333333,high
Case3,8x8_021,-49.0,-67.0,6311.469582236376,2,8.0,8.0,8x8_new_data_curve_classifier_v1,Test_021,data/New_data/8x8_Case3/csv/force_disp_Test_021.csv,curve_classifier_pseudo_label,0.5283333333333333,high
Case3,8x8_022,43.0,-33.0,6874.43643120363,2,8.0,8.0,8x8_new_data_curve_classifier_v1,Test_022,data/New_data/8x8_Case3/csv/force_disp_Test_022.csv,curve_classifier_pseudo_label,0.5283333333333333,high
Case3,8x8_023,62.0,-67.0,5740.128486120003,1,8.0,8.0,8x8_new_data_curve_classifier_v1,Test_023,data/New_data/8x8_Case3/csv/force_disp_Test_023.csv,curve_classifier_pseudo_label,0.6783333333333333,high
Case3,8x8_024,30.0,75.0,5191.835791314596,2,8.0,8.0,8x8_new_data_curve_classifier_v1,Test_024,data/New_data/8x8_Case3/csv/force_disp_Test_024.csv,curve_classifier_pseudo_label,0.7616666666666667,medium
Case3,8x8_025,80.0,-80.0,2887.943609067684,1,8.0,8.0,8x8_new_data_curve_classifier_v1,Test_025,data/New_data/8x8_Case3/csv/force_disp_Test_025.csv,curve_classifier_pseudo_label,0.5183333333333333,high
Case3,8x8_026,-81.0,73.0,3332.922459357667,1,8.0,8.0,8x8_new_data_curve_classifier_v1,Test_026,data/New_data/8x8_Case3/csv/force_disp_Test_026.csv,curve_classifier_pseudo_label,0.49166666666666664,high
Case3,8x8_027,54.0,-38.0,6729.771320782916,2,8.0,8.0,8x8_new_data_curve_classifier_v1,Test_027,data/New_data/8x8_Case3/csv/force_disp_Test_027.csv,curve_classifier_pseudo_label,0.5583333333333333,high
Case3,8x8_028,36.0,-31.0,6907.795287186744,2,8.0,8.0,8x8_new_data_curve_classifier_v1,Test_028,data/New_data/8x8_Case3/csv/force_disp_Test_028.csv,curve_classifier_pseudo_label,0.43666666666666665,high
Case3,8x8_029,52.0,-41.0,7031.28408118499,2,8.0,8.0,8x8_new_data_curve_classifier_v1,Test_029,data/New_data/8x8_Case3/csv/force_disp_Test_029.csv,curve_classifier_pseudo_label,0.5116666666666667,high
Case3,8x8_030,15.0,-12.0,5420.938910714249,3,8.0,8.0,8x8_new_data_curve_classifier_v1,Test_030,data/New_data/8x8_Case3/csv/force_disp_Test_030.csv,curve_classifier_pseudo_label,0.8833333333333333,low
Case3,8x8_031,-55.0,-62.0,6883.1918046711235,1,8.0,8.0,8x8_new_data_curve_classifier_v1,Test_031,data/New_data/8x8_Case3/csv/force_disp_Test_031.csv,curve_classifier_pseudo_label,0.5783333333333334,high
Case3,8x8_032,-19.0,-7.0,5371.942930876189,3,8.0,8.0,8x8_new_data_curve_classifier_v1,Test_032,data/New_data/8x8_Case3/csv/force_disp_Test_032.csv,curve_classifier_pseudo_label,0.87,low
Case3,8x8_033,-61.0,86.0,4858.970079266146,2,8.0,8.0,8x8_new_data_curve_classifier_v1,Test_033,data/New_data/8x8_Case3/csv/force_disp_Test_033.csv,curve_classifier_pseudo_label,0.4816666666666667,high
Case3,8x8_034,-43.0,-15.0,5831.730698019243,3,8.0,8.0,8x8_new_data_curve_classifier_v1,Test_034,data/New_data/8x8_Case3/csv/force_disp_Test_034.csv,curve_classifier_pseudo_label,0.5583333333333333,high
Case3,8x8_035,70.0,81.0,3633.3851980297864,2,8.0,8.0,8x8_new_data_curve_classifier_v1,Test_035,data/New_data/8x8_Case3/csv/force_disp_Test_035.csv,curve_classifier_pseudo_label,0.48,high
Case3,8x8_036,8.0,25.0,5474.213299871946,3,8.0,8.0,8x8_new_data_curve_classifier_v1,Test_036,data/New_data/8x8_Case3/csv/force_disp_Test_036.csv,curve_classifier_pseudo_label,0.8616666666666667,low
Case3,8x8_037,-85.0,67.0,3813.9161898024972,1,8.0,8.0,8x8_new_data_curve_classifier_v1,Test_037,data/New_data/8x8_Case3/csv/force_disp_Test_037.csv,curve_classifier_pseudo_label,0.47833333333333333,high
Case3,8x8_038,-56.0,52.0,7397.043263639474,1,8.0,8.0,8x8_new_data_curve_classifier_v1,Test_038,data/New_data/8x8_Case3/csv/force_disp_Test_038.csv,curve_classifier_pseudo_label,0.5683333333333334,high
Case3,8x8_039,64.0,42.0,6285.040829903519,2,8.0,8.0,8x8_new_data_curve_classifier_v1,Test_039,data/New_data/8x8_Case3/csv/force_disp_Test_039.csv,curve_classifier_pseudo_label,0.555,high
Case3,8x8_040,-27.0,-54.0,6156.542507679392,2,8.0,8.0,8x8_new_data_curve_classifier_v1,Test_040,data/New_data/8x8_Case3/csv/force_disp_Test_040.csv,curve_classifier_pseudo_label,0.61,high
Case3,8x8_041,-2.0,-68.0,4551.971485095972,2,8.0,8.0,8x8_new_data_curve_classifier_v1,Test_041,data/New_data/8x8_Case3/csv/force_disp_Test_041.csv,curve_classifier_pseudo_label,0.49666666666666665,high
Case3,8x8_042,84.0,51.0,5348.180374441878,2,8.0,8.0,8x8_new_data_curve_classifier_v1,Test_042,data/New_data/8x8_Case3/csv/force_disp_Test_042.csv,curve_classifier_pseudo_label,0.5066666666666667,high
Case3,8x8_043,79.0,-71.0,3642.6658084653036,1,8.0,8.0,8x8_new_data_curve_classifier_v1,Test_043,data/New_data/8x8_Case3/csv/force_disp_Test_043.csv,curve_classifier_pseudo_label,0.5166666666666667,high
Case3,8x8_044,59.0,-56.0,7238.748159575772,1,8.0,8.0,8x8_new_data_curve_classifier_v1,Test_044,data/New_data/8x8_Case3/csv/force_disp_Test_044.csv,curve_classifier_pseudo_label,0.745,medium
Case3,8x8_045,-18.0,-35.0,5928.598590199871,3,8.0,8.0,8x8_new_data_curve_classifier_v1,Test_045,data/New_data/8x8_Case3/csv/force_disp_Test_045.csv,curve_classifier_pseudo_label,0.6933333333333334,high
Case3,8x8_046,-76.0,-77.0,3347.7292768776624,2,8.0,8.0,8x8_new_data_curve_classifier_v1,Test_046,data/New_data/8x8_Case3/csv/force_disp_Test_046.csv,curve_classifier_pseudo_label,0.4816666666666667,high
Case3,8x8_047,42.0,27.0,6450.379956556271,2,8.0,8.0,8x8_new_data_curve_classifier_v1,Test_047,data/New_data/8x8_Case3/csv/force_disp_Test_047.csv,curve_classifier_pseudo_label,0.5,high
Case3,8x8_048,1.0,71.0,4553.660200435887,2,8.0,8.0,8x8_new_data_curve_classifier_v1,Test_048,data/New_data/8x8_Case3/csv/force_disp_Test_048.csv,curve_classifier_pseudo_label,0.4816666666666667,high
Case3,8x8_049,-37.0,22.0,6207.354961413228,3,8.0,8.0,8x8_new_data_curve_classifier_v1,Test_049,data/New_data/8x8_Case3/csv/force_disp_Test_049.csv,curve_classifier_pseudo_label,0.5316666666666666,high
Case3,8x8_050,-16.0,44.0,5947.781685524517,3,8.0,8.0,8x8_new_data_curve_classifier_v1,Test_050,data/New_data/8x8_Case3/csv/force_disp_Test_050.csv,curve_classifier_pseudo_label,0.4716666666666667,high
Case3,8x8_051,28.0,57.0,6126.628938420282,2,8.0,8.0,8x8_new_data_curve_classifier_v1,Test_051,data/New_data/8x8_Case3/csv/force_disp_Test_051.csv,curve_classifier_pseudo_label,0.7116666666666667,medium
Case3,8x8_052,-79.0,34.0,5220.891009173367,2,8.0,8.0,8x8_new_data_curve_classifier_v1,Test_052,data/New_data/8x8_Case3/csv/force_disp_Test_052.csv,curve_classifier_pseudo_label,0.73,medium
Case3,8x8_053,3.0,87.0,3943.115029893595,2,8.0,8.0,8x8_new_data_curve_classifier_v1,Test_053,data/New_data/8x8_Case3/csv/force_disp_Test_053.csv,curve_classifier_pseudo_label,0.5083333333333333,high
Case3,8x8_054,-17.0,-44.0,5908.987445203608,3,8.0,8.0,8x8_new_data_curve_classifier_v1,Test_054,data/New_data/8x8_Case3/csv/force_disp_Test_054.csv,curve_classifier_pseudo_label,0.5416666666666666,high
Case3,8x8_055,44.0,-49.0,7442.492046960056,2,8.0,8.0,8x8_new_data_curve_classifier_v1,Test_055,data/New_data/8x8_Case3/csv/force_disp_Test_055.csv,curve_classifier_pseudo_label,0.4533333333333333,high
Case3,8x8_056,67.0,-19.0,5132.090918845852,2,8.0,8.0,8x8_new_data_curve_classifier_v1,Test_056,data/New_data/8x8_Case3/csv/force_disp_Test_056.csv,curve_classifier_pseudo_label,0.67,high
Case3,8x8_057,2.0,74.0,4344.4968603083435,2,8.0,8.0,8x8_new_data_curve_classifier_v1,Test_057,data/New_data/8x8_Case3/csv/force_disp_Test_057.csv,curve_classifier_pseudo_label,0.465,high
Case3,8x8_058,82.0,19.0,4489.293875571406,2,8.0,8.0,8x8_new_data_curve_classifier_v1,Test_058,data/New_data/8x8_Case3/csv/force_disp_Test_058.csv,curve_classifier_pseudo_label,0.675,high
Case3,8x8_059,14.0,3.0,4921.611228210336,3,8.0,8.0,8x8_new_data_curve_classifier_v1,Test_059,data/New_data/8x8_Case3/csv/force_disp_Test_059.csv,curve_classifier_pseudo_label,0.89,low
Case3,8x8_060,44.0,-84.0,5283.577696641293,2,8.0,8.0,8x8_new_data_curve_classifier_v1,Test_060,data/New_data/8x8_Case3/csv/force_disp_Test_060.csv,curve_classifier_pseudo_label,0.5383333333333333,high
Case3,8x8_061,0.0,-52.0,5259.409566822118,3,8.0,8.0,8x8_new_data_curve_classifier_v1,Test_061,data/New_data/8x8_Case3/csv/force_disp_Test_061.csv,curve_classifier_pseudo_label,0.49,high
Case3,8x8_062,33.0,26.0,6530.413429655113,3,8.0,8.0,8x8_new_data_curve_classifier_v1,Test_062,data/New_data/8x8_Case3/csv/force_disp_Test_062.csv,curve_classifier_pseudo_label,0.5816666666666667,high
Case3,8x8_063,-75.0,38.0,5538.664598345508,2,8.0,8.0,8x8_new_data_curve_classifier_v1,Test_063,data/New_data/8x8_Case3/csv/force_disp_Test_063.csv,curve_classifier_pseudo_label,0.6816666666666666,high
Case3,8x8_064,-20.0,55.0,5779.840861607853,2,8.0,8.0,8x8_new_data_curve_classifier_v1,Test_064,data/New_data/8x8_Case3/csv/force_disp_Test_064.csv,curve_classifier_pseudo_label,0.6766666666666666,high
Case3,8x8_065,72.0,31.0,5388.663344614085,2,8.0,8.0,8x8_new_data_curve_classifier_v1,Test_065,data/New_data/8x8_Case3/csv/force_disp_Test_065.csv,curve_classifier_pseudo_label,0.6966666666666667,high
Case3,8x8_066,75.0,72.0,3802.3864164487636,1,8.0,8.0,8x8_new_data_curve_classifier_v1,Test_066,data/New_data/8x8_Case3/csv/force_disp_Test_066.csv,curve_classifier_pseudo_label,0.4716666666666667,high
Case3,8x8_067,-83.0,68.0,3750.7804404152307,1,8.0,8.0,8x8_new_data_curve_classifier_v1,Test_067,data/New_data/8x8_Case3/csv/force_disp_Test_067.csv,curve_classifier_pseudo_label,0.48,high
Case3,8x8_068,-26.0,-1.0,5350.398986052726,3,8.0,8.0,8x8_new_data_curve_classifier_v1,Test_068,data/New_data/8x8_Case3/csv/force_disp_Test_068.csv,curve_classifier_pseudo_label,0.8466666666666667,medium
Case3,8x8_069,-36.0,57.0,6497.167422563909,2,8.0,8.0,8x8_new_data_curve_classifier_v1,Test_069,data/New_data/8x8_Case3/csv/force_disp_Test_069.csv,curve_classifier_pseudo_label,0.6566666666666666,high
Case3,8x8_070,-89.0,-51.0,5274.035749725038,2,8.0,8.0,8x8_new_data_curve_classifier_v1,Test_070,data/New_data/8x8_Case3/csv/force_disp_Test_070.csv,curve_classifier_pseudo_label,0.5033333333333333,high
Case3,8x8_071,-45.0,-29.0,6502.998871865988,2,8.0,8.0,8x8_new_data_curve_classifier_v1,Test_071,data/New_data/8x8_Case3/csv/force_disp_Test_071.csv,curve_classifier_pseudo_label,0.5116666666666667,high
Case3,8x8_072,-29.0,13.0,5647.739476774786,3,8.0,8.0,8x8_new_data_curve_classifier_v1,Test_072,data/New_data/8x8_Case3/csv/force_disp_Test_072.csv,curve_classifier_pseudo_label,0.825,medium
Case3,8x8_073,-22.0,46.0,6119.742900706886,2,8.0,8.0,8x8_new_data_curve_classifier_v1,Test_073,data/New_data/8x8_Case3/csv/force_disp_Test_073.csv,curve_classifier_pseudo_label,0.5633333333333334,high
Case3,8x8_074,-1.0,-8.0,4856.577143173642,3,8.0,8.0,8x8_new_data_curve_classifier_v1,Test_074,data/New_data/8x8_Case3/csv/force_disp_Test_074.csv,curve_classifier_pseudo_label,0.895,low
Case3,8x8_075,-22.0,82.0,4608.206134035633,2,8.0,8.0,8x8_new_data_curve_classifier_v1,Test_075,data/New_data/8x8_Case3/csv/force_disp_Test_075.csv,curve_classifier_pseudo_label,0.8116666666666666,medium
Case3,8x8_076,50.0,5.0,5382.168414968588,3,8.0,8.0,8x8_new_data_curve_classifier_v1,Test_076,data/New_data/8x8_Case3/csv/force_disp_Test_076.csv,curve_classifier_pseudo_label,0.535,high
Case3,8x8_077,-64.0,20.0,5383.046213220997,2,8.0,8.0,8x8_new_data_curve_classifier_v1,Test_077,data/New_data/8x8_Case3/csv/force_disp_Test_077.csv,curve_classifier_pseudo_label,0.6816666666666666,high
Case3,8x8_078,29.0,-79.0,5034.664813950381,2,8.0,8.0,8x8_new_data_curve_classifier_v1,Test_078,data/New_data/8x8_Case3/csv/force_disp_Test_078.csv,curve_classifier_pseudo_label,0.7266666666666667,medium
Case3,8x8_079,-67.0,39.0,6044.526130261882,2,8.0,8.0,8x8_new_data_curve_classifier_v1,Test_079,data/New_data/8x8_Case3/csv/force_disp_Test_079.csv,curve_classifier_pseudo_label,0.6416666666666667,high
Case3,8x8_080,-53.0,-64.0,6644.6655795994875,1,8.0,8.0,8x8_new_data_curve_classifier_v1,Test_080,data/New_data/8x8_Case3/csv/force_disp_Test_080.csv,curve_classifier_pseudo_label,0.47,high
Case3,8x8_081,-38.0,-72.0,5655.087621661269,2,8.0,8.0,8x8_new_data_curve_classifier_v1,Test_081,data/New_data/8x8_Case3/csv/force_disp_Test_081.csv,curve_classifier_pseudo_label,0.6466666666666666,high
Case3,8x8_082,85.0,48.0,5286.125437731896,2,8.0,8.0,8x8_new_data_curve_classifier_v1,Test_082,data/New_data/8x8_Case3/csv/force_disp_Test_082.csv,curve_classifier_pseudo_label,0.5283333333333333,high
Case3,8x8_083,-12.0,85.0,4201.438323537264,2,8.0,8.0,8x8_new_data_curve_classifier_v1,Test_083,data/New_data/8x8_Case3/csv/force_disp_Test_083.csv,curve_classifier_pseudo_label,0.5433333333333333,high
Case3,8x8_084,77.0,-48.0,5623.585807680663,2,8.0,8.0,8x8_new_data_curve_classifier_v1,Test_084,data/New_data/8x8_Case3/csv/force_disp_Test_084.csv,curve_classifier_pseudo_label,0.495,high
Case3,8x8_085,45.0,75.0,5672.140705210102,2,8.0,8.0,8x8_new_data_curve_classifier_v1,Test_085,data/New_data/8x8_Case3/csv/force_disp_Test_085.csv,curve_classifier_pseudo_label,0.55,high
Case3,8x8_086,-41.0,-54.0,6930.272882243081,2,8.0,8.0,8x8_new_data_curve_classifier_v1,Test_086,data/New_data/8x8_Case3/csv/force_disp_Test_086.csv,curve_classifier_pseudo_label,0.545,high
Case3,8x8_087,-38.0,89.0,5040.058857679851,2,8.0,8.0,8x8_new_data_curve_classifier_v1,Test_087,data/New_data/8x8_Case3/csv/force_disp_Test_087.csv,curve_classifier_pseudo_label,0.6783333333333333,high
Case3,8x8_088,23.0,33.0,6274.172863489964,3,8.0,8.0,8x8_new_data_curve_classifier_v1,Test_088,data/New_data/8x8_Case3/csv/force_disp_Test_088.csv,curve_classifier_pseudo_label,0.645,high
Case3,8x8_089,18.0,-35.0,6098.592294911362,3,8.0,8.0,8x8_new_data_curve_classifier_v1,Test_089,data/New_data/8x8_Case3/csv/force_disp_Test_089.csv,curve_classifier_pseudo_label,0.67,high
Case3,8x8_090,-65.0,24.0,5520.991574004026,2,8.0,8.0,8x8_new_data_curve_classifier_v1,Test_090,data/New_data/8x8_Case3/csv/force_disp_Test_090.csv,curve_classifier_pseudo_label,0.71,medium
Case3,8x8_091,11.0,36.0,5756.204223993358,3,8.0,8.0,8x8_new_data_curve_classifier_v1,Test_091,data/New_data/8x8_Case3/csv/force_disp_Test_091.csv,curve_classifier_pseudo_label,0.775,medium
Case3,8x8_092,-38.0,-40.0,7393.548918073455,2,8.0,8.0,8x8_new_data_curve_classifier_v1,Test_092,data/New_data/8x8_Case3/csv/force_disp_Test_092.csv,curve_classifier_pseudo_label,0.5033333333333333,high
Case3,8x8_093,-70.0,-78.0,3790.5545394259084,2,8.0,8.0,8x8_new_data_curve_classifier_v1,Test_093,data/New_data/8x8_Case3/csv/force_disp_Test_093.csv,curve_classifier_pseudo_label,0.49,high
Case3,8x8_094,73.0,-55.0,5911.547476973112,1,8.0,8.0,8x8_new_data_curve_classifier_v1,Test_094,data/New_data/8x8_Case3/csv/force_disp_Test_094.csv,curve_classifier_pseudo_label,0.485,high
Case3,8x8_095,68.0,-30.0,5570.077008994459,2,8.0,8.0,8x8_new_data_curve_classifier_v1,Test_095,data/New_data/8x8_Case3/csv/force_disp_Test_095.csv,curve_classifier_pseudo_label,0.7033333333333334,medium
Case3,8x8_096,84.0,-52.0,5333.457020636271,1,8.0,8.0,8x8_new_data_curve_classifier_v1,Test_096,data/New_data/8x8_Case3/csv/force_disp_Test_096.csv,curve_classifier_pseudo_label,0.4633333333333333,high
Case3,8x8_097,-46.0,-23.0,6211.92405868589,2,8.0,8.0,8x8_new_data_curve_classifier_v1,Test_097,data/New_data/8x8_Case3/csv/force_disp_Test_097.csv,curve_classifier_pseudo_label,0.4766666666666667,high
Case3,8x8_098,-1.0,36.0,5551.859482867292,3,8.0,8.0,8x8_new_data_curve_classifier_v1,Test_098,data/New_data/8x8_Case3/csv/force_disp_Test_098.csv,curve_classifier_pseudo_label,0.8083333333333333,medium
Case3,8x8_099,90.0,40.0,5092.943313465015,2,8.0,8.0,8x8_new_data_curve_classifier_v1,Test_099,data/New_data/8x8_Case3/csv/force_disp_Test_099.csv,curve_classifier_pseudo_label,0.5566666666666666,high
Case3,8x8_100,69.0,62.0,5587.376125470646,1,8.0,8.0,8x8_new_data_curve_classifier_v1,Test_100,data/New_data/8x8_Case3/csv/force_disp_Test_100.csv,curve_classifier_pseudo_label,0.5533333333333333,high
Case3,8x8_101,48.0,15.0,5707.6396820687,3,8.0,8.0,8x8_new_data_curve_classifier_v1,Test_101,data/New_data/8x8_Case3/csv/force_disp_Test_101.csv,curve_classifier_pseudo_label,0.49166666666666664,high
Case3,8x8_102,76.0,-24.0,4975.0575921877125,2,8.0,8.0,8x8_new_data_curve_classifier_v1,Test_102,data/New_data/8x8_Case3/csv/force_disp_Test_102.csv,curve_classifier_pseudo_label,0.6933333333333334,high
Case3,8x8_103,66.0,14.0,5048.013179687234,2,8.0,8.0,8x8_new_data_curve_classifier_v1,Test_103,data/New_data/8x8_Case3/csv/force_disp_Test_103.csv,curve_classifier_pseudo_label,0.6366666666666667,high
Case3,8x8_104,83.0,3.0,3947.690262640613,3,8.0,8.0,8x8_new_data_curve_classifier_v1,Test_104,data/New_data/8x8_Case3/csv/force_disp_Test_104.csv,curve_classifier_pseudo_label,0.49833333333333335,high
Case3,8x8_105,89.0,-77.0,2807.0771366656504,1,8.0,8.0,8x8_new_data_curve_classifier_v1,Test_105,data/New_data/8x8_Case3/csv/force_disp_Test_105.csv,curve_classifier_pseudo_label,0.5316666666666666,high
Case3,8x8_106,-12.0,43.0,5757.3247083130245,3,8.0,8.0,8x8_new_data_curve_classifier_v1,Test_106,data/New_data/8x8_Case3/csv/force_disp_Test_106.csv,curve_classifier_pseudo_label,0.5416666666666666,high
Case3,8x8_107,69.0,8.0,4767.3215442507935,2,8.0,8.0,8x8_new_data_curve_classifier_v1,Test_107,data/New_data/8x8_Case3/csv/force_disp_Test_107.csv,curve_classifier_pseudo_label,0.585,high
Case3,8x8_108,46.0,-72.0,5894.562599061555,2,8.0,8.0,8x8_new_data_curve_classifier_v1,Test_108,data/New_data/8x8_Case3/csv/force_disp_Test_108.csv,curve_classifier_pseudo_label,0.5283333333333333,high
Case3,8x8_109,-69.0,17.0,4932.410175987654,2,8.0,8.0,8x8_new_data_curve_classifier_v1,Test_109,data/New_data/8x8_Case3/csv/force_disp_Test_109.csv,curve_classifier_pseudo_label,0.6883333333333334,high
Case3,8x8_110,-51.0,1.0,5273.388532391041,3,8.0,8.0,8x8_new_data_curve_classifier_v1,Test_110,data/New_data/8x8_Case3/csv/force_disp_Test_110.csv,curve_classifier_pseudo_label,0.5183333333333333,high
Case3,8x8_111,7.0,87.0,3850.447344215616,2,8.0,8.0,8x8_new_data_curve_classifier_v1,Test_111,data/New_data/8x8_Case3/csv/force_disp_Test_111.csv,curve_classifier_pseudo_label,0.5116666666666667,high
Case3,8x8_112,21.0,-8.0,5391.9244752419545,3,8.0,8.0,8x8_new_data_curve_classifier_v1,Test_112,data/New_data/8x8_Case3/csv/force_disp_Test_112.csv,curve_classifier_pseudo_label,0.8716666666666667,low
Case3,8x8_113,35.0,-2.0,5381.040400223258,3,8.0,8.0,8x8_new_data_curve_classifier_v1,Test_113,data/New_data/8x8_Case3/csv/force_disp_Test_113.csv,curve_classifier_pseudo_label,0.8183333333333334,medium
Case3,8x8_114,-35.0,-78.0,5223.22926702861,2,8.0,8.0,8x8_new_data_curve_classifier_v1,Test_114,data/New_data/8x8_Case3/csv/force_disp_Test_114.csv,curve_classifier_pseudo_label,0.6766666666666666,high
Case3,8x8_115,22.0,74.0,4962.814640314434,2,8.0,8.0,8x8_new_data_curve_classifier_v1,Test_115,data/New_data/8x8_Case3/csv/force_disp_Test_115.csv,curve_classifier_pseudo_label,0.7783333333333333,medium
Case3,8x8_116,12.0,-85.0,4203.184483281064,2,8.0,8.0,8x8_new_data_curve_classifier_v1,Test_116,data/New_data/8x8_Case3/csv/force_disp_Test_116.csv,curve_classifier_pseudo_label,0.47833333333333333,high
Case3,8x8_117,-87.0,33.0,4879.189192698475,2,8.0,8.0,8x8_new_data_curve_classifier_v1,Test_117,data/New_data/8x8_Case3/csv/force_disp_Test_117.csv,curve_classifier_pseudo_label,0.7283333333333334,medium
Case3,8x8_118,54.0,-88.0,5266.477018412107,1,8.0,8.0,8x8_new_data_curve_classifier_v1,Test_118,data/New_data/8x8_Case3/csv/force_disp_Test_118.csv,curve_classifier_pseudo_label,0.465,high
Case3,8x8_119,31.0,-10.0,5527.860068546979,3,8.0,8.0,8x8_new_data_curve_classifier_v1,Test_119,data/New_data/8x8_Case3/csv/force_disp_Test_119.csv,curve_classifier_pseudo_label,0.82,medium
Case3,8x8_120,-58.0,-26.0,5998.724240110403,2,8.0,8.0,8x8_new_data_curve_classifier_v1,Test_120,data/New_data/8x8_Case3/csv/force_disp_Test_120.csv,curve_classifier_pseudo_label,0.6283333333333333,high
Case3,8x8_121,-50.0,14.0,5679.631119045203,2,8.0,8.0,8x8_new_data_curve_classifier_v1,Test_121,data/New_data/8x8_Case3/csv/force_disp_Test_121.csv,curve_classifier_pseudo_label,0.4816666666666667,high
Case3,8x8_122,20.0,-73.0,4922.733945447431,2,8.0,8.0,8x8_new_data_curve_classifier_v1,Test_122,data/New_data/8x8_Case3/csv/force_disp_Test_122.csv,curve_classifier_pseudo_label,0.7116666666666667,medium
Case3,8x8_123,76.0,4.0,4320.21217350221,3,8.0,8.0,8x8_new_data_curve_classifier_v1,Test_123,data/New_data/8x8_Case3/csv/force_disp_Test_123.csv,curve_classifier_pseudo_label,0.51,high
Case3,8x8_124,42.0,-66.0,6212.547389660108,2,8.0,8.0,8x8_new_data_curve_classifier_v1,Test_124,data/New_data/8x8_Case3/csv/force_disp_Test_124.csv,curve_classifier_pseudo_label,0.5716666666666667,high
Case3,8x8_125,-3.0,72.0,4528.249823603524,2,8.0,8.0,8x8_new_data_curve_classifier_v1,Test_125,data/New_data/8x8_Case3/csv/force_disp_Test_125.csv,curve_classifier_pseudo_label,0.48833333333333334,high
Case3,8x8_126,-8.0,18.0,5407.299045768533,3,8.0,8.0,8x8_new_data_curve_classifier_v1,Test_126,data/New_data/8x8_Case3/csv/force_disp_Test_126.csv,curve_classifier_pseudo_label,0.8066666666666666,medium
Case3,8x8_127,-66.0,77.0,4341.616095371216,2,8.0,8.0,8x8_new_data_curve_classifier_v1,Test_127,data/New_data/8x8_Case3/csv/force_disp_Test_127.csv,curve_classifier_pseudo_label,0.47833333333333333,high
Case3,8x8_128,59.0,-70.0,6171.577306306022,1,8.0,8.0,8x8_new_data_curve_classifier_v1,Test_128,data/New_data/8x8_Case3/csv/force_disp_Test_128.csv,curve_classifier_pseudo_label,0.6,high
Case3,8x8_129,24.0,11.0,5607.855346922115,3,8.0,8.0,8x8_new_data_curve_classifier_v1,Test_129,data/New_data/8x8_Case3/csv/force_disp_Test_129.csv,curve_classifier_pseudo_label,0.87,low
Case3,8x8_130,-59.0,12.0,5387.960247755236,2,8.0,8.0,8x8_new_data_curve_classifier_v1,Test_130,data/New_data/8x8_Case3/csv/force_disp_Test_130.csv,curve_classifier_pseudo_label,0.5883333333333334,high
Case3,8x8_131,41.0,53.0,6953.484298133568,2,8.0,8.0,8x8_new_data_curve_classifier_v1,Test_131,data/New_data/8x8_Case3/csv/force_disp_Test_131.csv,curve_classifier_pseudo_label,0.54,high
Case3,8x8_132,38.0,35.0,7201.650528077289,2,8.0,8.0,8x8_new_data_curve_classifier_v1,Test_132,data/New_data/8x8_Case3/csv/force_disp_Test_132.csv,curve_classifier_pseudo_label,0.47,high
Case3,8x8_133,-21.0,37.0,6222.871446863896,3,8.0,8.0,8x8_new_data_curve_classifier_v1,Test_133,data/New_data/8x8_Case3/csv/force_disp_Test_133.csv,curve_classifier_pseudo_label,0.565,high
Case3,8x8_134,-56.0,37.0,6592.751577507929,2,8.0,8.0,8x8_new_data_curve_classifier_v1,Test_134,data/New_data/8x8_Case3/csv/force_disp_Test_134.csv,curve_classifier_pseudo_label,0.6183333333333333,high
Case3,8x8_135,39.0,-76.0,5528.130682211812,2,8.0,8.0,8x8_new_data_curve_classifier_v1,Test_135,data/New_data/8x8_Case3/csv/force_disp_Test_135.csv,curve_classifier_pseudo_label,0.6283333333333333,high
Case3,8x8_136,8.0,-68.0,4763.886189528951,2,8.0,8.0,8x8_new_data_curve_classifier_v1,Test_136,data/New_data/8x8_Case3/csv/force_disp_Test_136.csv,curve_classifier_pseudo_label,0.645,high
Case3,8x8_137,68.0,53.0,6288.045847233345,2,8.0,8.0,8x8_new_data_curve_classifier_v1,Test_137,data/New_data/8x8_Case3/csv/force_disp_Test_137.csv,curve_classifier_pseudo_label,0.4683333333333333,high
Case3,8x8_138,-28.0,-75.0,5143.737737882451,2,8.0,8.0,8x8_new_data_curve_classifier_v1,Test_138,data/New_data/8x8_Case3/csv/force_disp_Test_138.csv,curve_classifier_pseudo_label,0.69,high
Case3,8x8_139,-52.0,-36.0,6711.082886921032,2,8.0,8.0,8x8_new_data_curve_classifier_v1,Test_139,data/New_data/8x8_Case3/csv/force_disp_Test_139.csv,curve_classifier_pseudo_label,0.5616666666666666,high
Case3,8x8_140,1.0,-3.0,15115.76819325892,3,8.0,8.0,8x8_new_data_curve_classifier_v1,Test_140,data/New_data/8x8_Case3/csv/force_disp_Test_140.csv,curve_classifier_pseudo_label,0.9166666666666666,low
Case3,8x8_141,79.0,49.0,5505.314129107697,2,8.0,8.0,8x8_new_data_curve_classifier_v1,Test_141,data/New_data/8x8_Case3/csv/force_disp_Test_141.csv,curve_classifier_pseudo_label,0.5183333333333333,high
Case3,8x8_142,56.0,10.0,5377.513188781139,2,8.0,8.0,8x8_new_data_curve_classifier_v1,Test_142,data/New_data/8x8_Case3/csv/force_disp_Test_142.csv,curve_classifier_pseudo_label,0.525,high
Case3,8x8_143,39.0,-35.0,7200.719787992477,2,8.0,8.0,8x8_new_data_curve_classifier_v1,Test_143,data/New_data/8x8_Case3/csv/force_disp_Test_143.csv,curve_classifier_pseudo_label,0.47833333333333333,high
Case3,8x8_144,-86.0,-39.0,5163.778739299267,2,8.0,8.0,8x8_new_data_curve_classifier_v1,Test_144,data/New_data/8x8_Case3/csv/force_disp_Test_144.csv,curve_classifier_pseudo_label,0.6,high
Case3,8x8_145,29.0,32.0,6818.732974453065,3,8.0,8.0,8x8_new_data_curve_classifier_v1,Test_145,data/New_data/8x8_Case3/csv/force_disp_Test_145.csv,curve_classifier_pseudo_label,0.5566666666666666,high
Case3,8x8_146,-41.0,-28.0,6594.977481166135,2,8.0,8.0,8x8_new_data_curve_classifier_v1,Test_146,data/New_data/8x8_Case3/csv/force_disp_Test_146.csv,curve_classifier_pseudo_label,0.4816666666666667,high
Case3,8x8_147,47.0,23.0,6086.069174026869,2,8.0,8.0,8x8_new_data_curve_classifier_v1,Test_147,data/New_data/8x8_Case3/csv/force_disp_Test_147.csv,curve_classifier_pseudo_label,0.5266666666666666,high
Case3,8x8_148,46.0,-62.0,6606.473821787559,2,8.0,8.0,8x8_new_data_curve_classifier_v1,Test_148,data/New_data/8x8_Case3/csv/force_disp_Test_148.csv,curve_classifier_pseudo_label,0.5133333333333333,high
Case3,8x8_149,24.0,-59.0,5827.379741392489,2,8.0,8.0,8x8_new_data_curve_classifier_v1,Test_149,data/New_data/8x8_Case3/csv/force_disp_Test_149.csv,curve_classifier_pseudo_label,0.675,high
Case3,8x8_150,15.0,-47.0,5720.393876130314,3,8.0,8.0,8x8_new_data_curve_classifier_v1,Test_150,data/New_data/8x8_Case3/csv/force_disp_Test_150.csv,curve_classifier_pseudo_label,0.49,high
Case3,8x8_151,-66.0,-82.0,4046.661424927777,2,8.0,8.0,8x8_new_data_curve_classifier_v1,Test_151,data/New_data/8x8_Case3/csv/force_disp_Test_151.csv,curve_classifier_pseudo_label,0.5033333333333333,high
Case3,8x8_152,-23.0,-66.0,5340.8502003192225,2,8.0,8.0,8x8_new_data_curve_classifier_v1,Test_152,data/New_data/8x8_Case3/csv/force_disp_Test_152.csv,curve_classifier_pseudo_label,0.6616666666666666,high
Case3,8x8_153,50.0,-62.0,6766.683986551653,1,8.0,8.0,8x8_new_data_curve_classifier_v1,Test_153,data/New_data/8x8_Case3/csv/force_disp_Test_153.csv,curve_classifier_pseudo_label,0.47333333333333333,high
Case3,8x8_154,-65.0,-65.0,5451.491957366099,1,8.0,8.0,8x8_new_data_curve_classifier_v1,Test_154,data/New_data/8x8_Case3/csv/force_disp_Test_154.csv,curve_classifier_pseudo_label,0.55,high
Case3,8x8_155,11.0,-32.0,5754.902065569732,3,8.0,8.0,8x8_new_data_curve_classifier_v1,Test_155,data/New_data/8x8_Case3/csv/force_disp_Test_155.csv,curve_classifier_pseudo_label,0.8133333333333334,medium
Case3,8x8_156,70.0,-86.0,3437.7435832611004,1,8.0,8.0,8x8_new_data_curve_classifier_v1,Test_156,data/New_data/8x8_Case3/csv/force_disp_Test_156.csv,curve_classifier_pseudo_label,0.52,high
Case3,8x8_157,78.0,-26.0,4936.949684400817,2,8.0,8.0,8x8_new_data_curve_classifier_v1,Test_157,data/New_data/8x8_Case3/csv/force_disp_Test_157.csv,curve_classifier_pseudo_label,0.685,high
Case3,8x8_158,17.0,-43.0,5946.100738257999,3,8.0,8.0,8x8_new_data_curve_classifier_v1,Test_158,data/New_data/8x8_Case3/csv/force_disp_Test_158.csv,curve_classifier_pseudo_label,0.53,high
Case3,8x8_159,-9.0,-4.0,4784.071618648622,3,8.0,8.0,8x8_new_data_curve_classifier_v1,Test_159,data/New_data/8x8_Case3/csv/force_disp_Test_159.csv,curve_classifier_pseudo_label,0.8916666666666667,low
Case3,8x8_160,47.0,-13.0,5683.696208764226,3,8.0,8.0,8x8_new_data_curve_classifier_v1,Test_160,data/New_data/8x8_Case3/csv/force_disp_Test_160.csv,curve_classifier_pseudo_label,0.5016666666666667,high
Case3,8x8_161,-43.0,-45.0,7580.10665487782,2,8.0,8.0,8x8_new_data_curve_classifier_v1,Test_161,data/New_data/8x8_Case3/csv/force_disp_Test_161.csv,curve_classifier_pseudo_label,0.48833333333333334,high
Case3,8x8_162,-71.0,-11.0,4599.47291254433,2,8.0,8.0,8x8_new_data_curve_classifier_v1,Test_162,data/New_data/8x8_Case3/csv/force_disp_Test_162.csv,curve_classifier_pseudo_label,0.6233333333333333,high
Case3,8x8_163,-84.0,28.0,4797.462136387985,2,8.0,8.0,8x8_new_data_curve_classifier_v1,Test_163,data/New_data/8x8_Case3/csv/force_disp_Test_163.csv,curve_classifier_pseudo_label,0.7183333333333334,medium
Case3,8x8_164,-16.0,-5.0,5064.298756250096,3,8.0,8.0,8x8_new_data_curve_classifier_v1,Test_164,data/New_data/8x8_Case3/csv/force_disp_Test_164.csv,curve_classifier_pseudo_label,0.85,low
Case3,8x8_165,-5.0,10.0,5090.810670592551,3,8.0,8.0,8x8_new_data_curve_classifier_v1,Test_165,data/New_data/8x8_Case3/csv/force_disp_Test_165.csv,curve_classifier_pseudo_label,0.8916666666666667,low
Case3,8x8_166,-61.0,-3.0,4944.995286480741,2,8.0,8.0,8x8_new_data_curve_classifier_v1,Test_166,data/New_data/8x8_Case3/csv/force_disp_Test_166.csv,curve_classifier_pseudo_label,0.545,high
Case3,8x8_167,-4.0,-6.0,4873.765567150204,3,8.0,8.0,8x8_new_data_curve_classifier_v1,Test_167,data/New_data/8x8_Case3/csv/force_disp_Test_167.csv,curve_classifier_pseudo_label,0.895,low
Case3,8x8_168,-5.0,-1.0,4920.797506811458,3,8.0,8.0,8x8_new_data_curve_classifier_v1,Test_168,data/New_data/8x8_Case3/csv/force_disp_Test_168.csv,curve_classifier_pseudo_label,0.895,low
Case3,8x8_169,58.0,-70.0,6175.571353189595,1,8.0,8.0,8x8_new_data_curve_classifier_v1,Test_169,data/New_data/8x8_Case3/csv/force_disp_Test_169.csv,curve_classifier_pseudo_label,0.58,high
Case3,8x8_170,-35.0,-50.0,6729.539033237823,2,8.0,8.0,8x8_new_data_curve_classifier_v1,Test_170,data/New_data/8x8_Case3/csv/force_disp_Test_170.csv,curve_classifier_pseudo_label,0.5683333333333334,high
Case3,8x8_171,-6.0,-18.0,5179.341492865561,3,8.0,8.0,8x8_new_data_curve_classifier_v1,Test_171,data/New_data/8x8_Case3/csv/force_disp_Test_171.csv,curve_classifier_pseudo_label,0.8833333333333333,low
Case3,8x8_172,-68.0,5.0,4685.899680162475,2,8.0,8.0,8x8_new_data_curve_classifier_v1,Test_172,data/New_data/8x8_Case3/csv/force_disp_Test_172.csv,curve_classifier_pseudo_label,0.5633333333333334,high
Case3,8x8_173,82.0,-55.0,5397.111333146299,1,8.0,8.0,8x8_new_data_curve_classifier_v1,Test_173,data/New_data/8x8_Case3/csv/force_disp_Test_173.csv,curve_classifier_pseudo_label,0.48333333333333334,high
Case3,8x8_174,-76.0,51.0,5715.892696055978,2,8.0,8.0,8x8_new_data_curve_classifier_v1,Test_174,data/New_data/8x8_Case3/csv/force_disp_Test_174.csv,curve_classifier_pseudo_label,0.5316666666666666,high
Case3,8x8_175,-73.0,85.0,3184.7245720165924,1,8.0,8.0,8x8_new_data_curve_classifier_v1,Test_175,data/New_data/8x8_Case3/csv/force_disp_Test_175.csv,curve_classifier_pseudo_label,0.48833333333333334,high
Case3,8x8_176,-36.0,30.0,6826.592638243861,2,8.0,8.0,8x8_new_data_curve_classifier_v1,Test_176,data/New_data/8x8_Case3/csv/force_disp_Test_176.csv,curve_classifier_pseudo_label,0.43333333333333335,high
Case3,8x8_177,25.0,-81.0,4745.606668109516,2,8.0,8.0,8x8_new_data_curve_classifier_v1,Test_177,data/New_data/8x8_Case3/csv/force_disp_Test_177.csv,curve_classifier_pseudo_label,0.725,medium
Case3,8x8_178,27.0,63.0,5754.349317084124,2,8.0,8.0,8x8_new_data_curve_classifier_v1,Test_178,data/New_data/8x8_Case3/csv/force_disp_Test_178.csv,curve_classifier_pseudo_label,0.74,medium
Case3,8x8_179,73.0,-44.0,5777.4189916049845,2,8.0,8.0,8x8_new_data_curve_classifier_v1,Test_179,data/New_data/8x8_Case3/csv/force_disp_Test_179.csv,curve_classifier_pseudo_label,0.5333333333333333,high
Case3,8x8_180,-14.0,88.0,4081.4735048190696,2,8.0,8.0,8x8_new_data_curve_classifier_v1,Test_180,data/New_data/8x8_Case3/csv/force_disp_Test_180.csv,curve_classifier_pseudo_label,0.5683333333333334,high
Case3,8x8_181,88.0,45.0,5202.068039744682,2,8.0,8.0,8x8_new_data_curve_classifier_v1,Test_181,data/New_data/8x8_Case3/csv/force_disp_Test_181.csv,curve_classifier_pseudo_label,0.5483333333333333,high
Case3,8x8_182,-14.0,42.0,5873.429434211921,3,8.0,8.0,8x8_new_data_curve_classifier_v1,Test_182,data/New_data/8x8_Case3/csv/force_disp_Test_182.csv,curve_classifier_pseudo_label,0.5383333333333333,high
Case3,8x8_183,37.0,63.0,6157.0559242177715,2,8.0,8.0,8x8_new_data_curve_classifier_v1,Test_183,data/New_data/8x8_Case3/csv/force_disp_Test_183.csv,curve_classifier_pseudo_label,0.64,high
Case3,8x8_184,83.0,43.0,5291.445391873969,2,8.0,8.0,8x8_new_data_curve_classifier_v1,Test_184,data/New_data/8x8_Case3/csv/force_disp_Test_184.csv,curve_classifier_pseudo_label,0.5466666666666666,high
Case3,8x8_185,-18.0,49.0,5962.078097438884,2,8.0,8.0,8x8_new_data_curve_classifier_v1,Test_185,data/New_data/8x8_Case3/csv/force_disp_Test_185.csv,curve_classifier_pseudo_label,0.5733333333333334,high
Case3,8x8_186,-54.0,1.0,5232.132874777761,3,8.0,8.0,8x8_new_data_curve_classifier_v1,Test_186,data/New_data/8x8_Case3/csv/force_disp_Test_186.csv,curve_classifier_pseudo_label,0.485,high
Case3,8x8_187,-47.0,-37.0,6994.009266043199,2,8.0,8.0,8x8_new_data_curve_classifier_v1,Test_187,data/New_data/8x8_Case3/csv/force_disp_Test_187.csv,curve_classifier_pseudo_label,0.55,high
Case3,8x8_188,-40.0,56.0,6770.638554625867,2,8.0,8.0,8x8_new_data_curve_classifier_v1,Test_188,data/New_data/8x8_Case3/csv/force_disp_Test_188.csv,curve_classifier_pseudo_label,0.5866666666666667,high
Case3,8x8_189,34.0,0.0,5508.600371518995,3,8.0,8.0,8x8_new_data_curve_classifier_v1,Test_189,data/New_data/8x8_Case3/csv/force_disp_Test_189.csv,curve_classifier_pseudo_label,0.8016666666666666,medium
Case3,8x8_190,-80.0,40.0,5349.8765703494455,2,8.0,8.0,8x8_new_data_curve_classifier_v1,Test_190,data/New_data/8x8_Case3/csv/force_disp_Test_190.csv,curve_classifier_pseudo_label,0.65,high
Case3,8x8_191,-75.0,6.0,4270.208134824356,3,8.0,8.0,8x8_new_data_curve_classifier_v1,Test_191,data/New_data/8x8_Case3/csv/force_disp_Test_191.csv,curve_classifier_pseudo_label,0.48333333333333334,high
Case3,8x8_192,89.0,-86.0,2388.867239563106,1,8.0,8.0,8x8_new_data_curve_classifier_v1,Test_192,data/New_data/8x8_Case3/csv/force_disp_Test_192.csv,curve_classifier_pseudo_label,0.5366666666666666,high
Case3,8x8_193,48.0,41.0,7242.769970301273,2,8.0,8.0,8x8_new_data_curve_classifier_v1,Test_193,data/New_data/8x8_Case3/csv/force_disp_Test_193.csv,curve_classifier_pseudo_label,0.5166666666666667,high
Case3,8x8_194,-11.0,-16.0,5421.525098284705,3,8.0,8.0,8x8_new_data_curve_classifier_v1,Test_194,data/New_data/8x8_Case3/csv/force_disp_Test_194.csv,curve_classifier_pseudo_label,0.8816666666666667,low
Case3,8x8_195,12.0,71.0,4706.9342716235105,2,8.0,8.0,8x8_new_data_curve_classifier_v1,Test_195,data/New_data/8x8_Case3/csv/force_disp_Test_195.csv,curve_classifier_pseudo_label,0.7466666666666667,medium
Case3,8x8_196,-32.0,84.0,4958.6223892495045,2,8.0,8.0,8x8_new_data_curve_classifier_v1,Test_196,data/New_data/8x8_Case3/csv/force_disp_Test_196.csv,curve_classifier_pseudo_label,0.7683333333333333,medium
Case3,8x8_197,-80.0,-38.0,5282.9562133231275,2,8.0,8.0,8x8_new_data_curve_classifier_v1,Test_197,data/New_data/8x8_Case3/csv/force_disp_Test_197.csv,curve_classifier_pseudo_label,0.6116666666666667,high
Case3,8x8_198,-82.0,-53.0,5387.821406485224,2,8.0,8.0,8x8_new_data_curve_classifier_v1,Test_198,data/New_data/8x8_Case3/csv/force_disp_Test_198.csv,curve_classifier_pseudo_label,0.5083333333333333,high
Case3,8x8_199,-45.0,82.0,5351.904110029425,2,8.0,8.0,8x8_new_data_curve_classifier_v1,Test_199,data/New_data/8x8_Case3/csv/force_disp_Test_199.csv,curve_classifier_pseudo_label,0.5783333333333334,high
Case3,8x8_200,88.0,-42.0,5198.299041796948,2,8.0,8.0,8x8_new_data_curve_classifier_v1,Test_200,data/New_data/8x8_Case3/csv/force_disp_Test_200.csv,curve_classifier_pseudo_label,0.5233333333333333,high
Case3,8x8_201,-73.0,-27.0,5166.4215147847635,2,8.0,8.0,8x8_new_data_curve_classifier_v1,Test_201,data/New_data/8x8_Case3/csv/force_disp_Test_201.csv,curve_classifier_pseudo_label,0.67,high
Case3,8x8_202,-24.0,-76.0,4968.131794773383,2,8.0,8.0,8x8_new_data_curve_classifier_v1,Test_202,data/New_data/8x8_Case3/csv/force_disp_Test_202.csv,curve_classifier_pseudo_label,0.6916666666666667,high
Case3,8x8_203,33.0,58.0,6241.045062249921,2,8.0,8.0,8x8_new_data_curve_classifier_v1,Test_203,data/New_data/8x8_Case3/csv/force_disp_Test_203.csv,curve_classifier_pseudo_label,0.675,high
Case3,8x8_204,27.0,-22.0,6227.089851817885,3,8.0,8.0,8x8_new_data_curve_classifier_v1,Test_204,data/New_data/8x8_Case3/csv/force_disp_Test_204.csv,curve_classifier_pseudo_label,0.7683333333333333,medium
Case3,8x8_205,-58.0,-50.0,7095.178509784934,1,8.0,8.0,8x8_new_data_curve_classifier_v1,Test_205,data/New_data/8x8_Case3/csv/force_disp_Test_205.csv,curve_classifier_pseudo_label,0.5066666666666667,high
Case3,8x8_206,4.0,90.0,3933.4545736091645,2,8.0,8.0,8x8_new_data_curve_classifier_v1,Test_206,data/New_data/8x8_Case3/csv/force_disp_Test_206.csv,curve_classifier_pseudo_label,0.5283333333333333,high
Case3,8x8_207,19.0,-83.0,4497.129943712244,2,8.0,8.0,8x8_new_data_curve_classifier_v1,Test_207,data/New_data/8x8_Case3/csv/force_disp_Test_207.csv,curve_classifier_pseudo_label,0.695,high
Case3,8x8_208,-87.0,47.0,5241.285540709097,2,8.0,8.0,8x8_new_data_curve_classifier_v1,Test_208,data/New_data/8x8_Case3/csv/force_disp_Test_208.csv,curve_classifier_pseudo_label,0.5533333333333333,high
Case3,8x8_209,58.0,-69.0,6243.904793502636,1,8.0,8.0,8x8_new_data_curve_classifier_v1,Test_209,data/New_data/8x8_Case3/csv/force_disp_Test_209.csv,curve_classifier_pseudo_label,0.5933333333333334,high
Case3,8x8_210,-10.0,23.0,5559.610299271045,3,8.0,8.0,8x8_new_data_curve_classifier_v1,Test_210,data/New_data/8x8_Case3/csv/force_disp_Test_210.csv,curve_classifier_pseudo_label,0.8116666666666666,medium
Case3,8x8_211,55.0,-59.0,7212.33676000874,1,8.0,8.0,8x8_new_data_curve_classifier_v1,Test_211,data/New_data/8x8_Case3/csv/force_disp_Test_211.csv,curve_classifier_pseudo_label,0.7066666666666667,medium
Case3,8x8_212,-63.0,54.0,6774.443910717802,1,8.0,8.0,8x8_new_data_curve_classifier_v1,Test_212,data/New_data/8x8_Case3/csv/force_disp_Test_212.csv,curve_classifier_pseudo_label,0.525,high
Case3,8x8_213,67.0,-42.0,6106.0732669513745,2,8.0,8.0,8x8_new_data_curve_classifier_v1,Test_213,data/New_data/8x8_Case3/csv/force_disp_Test_213.csv,curve_classifier_pseudo_label,0.5533333333333333,high
Case3,8x8_214,63.0,-14.0,5193.800020087588,2,8.0,8.0,8x8_new_data_curve_classifier_v1,Test_214,data/New_data/8x8_Case3/csv/force_disp_Test_214.csv,curve_classifier_pseudo_label,0.6333333333333333,high
Case3,8x8_215,9.0,13.0,5137.830275241911,3,8.0,8.0,8x8_new_data_curve_classifier_v1,Test_215,data/New_data/8x8_Case3/csv/force_disp_Test_215.csv,curve_classifier_pseudo_label,0.8883333333333333,low
Case3,8x8_216,-10.0,59.0,5195.54750756793,2,8.0,8.0,8x8_new_data_curve_classifier_v1,Test_216,data/New_data/8x8_Case3/csv/force_disp_Test_216.csv,curve_classifier_pseudo_label,0.6816666666666666,high
Case3,8x8_217,21.0,56.0,5737.265404756296,2,8.0,8.0,8x8_new_data_curve_classifier_v1,Test_217,data/New_data/8x8_Case3/csv/force_disp_Test_217.csv,curve_classifier_pseudo_label,0.655,high
Case3,8x8_218,5.0,-15.0,5135.380989152261,3,8.0,8.0,8x8_new_data_curve_classifier_v1,Test_218,data/New_data/8x8_Case3/csv/force_disp_Test_218.csv,curve_classifier_pseudo_label,0.885,low
Case3,8x8_219,-7.0,65.0,4799.787472637127,2,8.0,8.0,8x8_new_data_curve_classifier_v1,Test_219,data/New_data/8x8_Case3/csv/force_disp_Test_219.csv,curve_classifier_pseudo_label,0.7183333333333334,medium
Case3,8x8_220,14.0,-23.0,5665.395858330512,3,8.0,8.0,8x8_new_data_curve_classifier_v1,Test_220,data/New_data/8x8_Case3/csv/force_disp_Test_220.csv,curve_classifier_pseudo_label,0.8516666666666667,low
Case3,8x8_221,74.0,-56.0,5846.085833740932,1,8.0,8.0,8x8_new_data_curve_classifier_v1,Test_221,data/New_data/8x8_Case3/csv/force_disp_Test_221.csv,curve_classifier_pseudo_label,0.49166666666666664,high
Case3,8x8_222,7.0,-80.0,4040.516102851325,3,8.0,8.0,8x8_new_data_curve_classifier_v1,Test_222,data/New_data/8x8_Case3/csv/force_disp_Test_222.csv,curve_classifier_pseudo_label,0.46166666666666667,high
Case3,8x8_223,-78.0,-48.0,5555.413104176416,2,8.0,8.0,8x8_new_data_curve_classifier_v1,Test_223,data/New_data/8x8_Case3/csv/force_disp_Test_223.csv,curve_classifier_pseudo_label,0.5233333333333333,high
Case3,8x8_224,-4.0,-43.0,5457.344525212982,3,8.0,8.0,8x8_new_data_curve_classifier_v1,Test_224,data/New_data/8x8_Case3/csv/force_disp_Test_224.csv,curve_classifier_pseudo_label,0.7066666666666667,medium
Case3,8x8_225,2.0,-73.0,4356.822568308358,3,8.0,8.0,8x8_new_data_curve_classifier_v1,Test_225,data/New_data/8x8_Case3/csv/force_disp_Test_225.csv,curve_classifier_pseudo_label,0.4866666666666667,high
Case3,8x8_226,-42.0,80.0,5397.785351249031,2,8.0,8.0,8x8_new_data_curve_classifier_v1,Test_226,data/New_data/8x8_Case3/csv/force_disp_Test_226.csv,curve_classifier_pseudo_label,0.6233333333333333,high
Case3,8x8_227,-42.0,-6.0,5614.952409790191,3,8.0,8.0,8x8_new_data_curve_classifier_v1,Test_227,data/New_data/8x8_Case3/csv/force_disp_Test_227.csv,curve_classifier_pseudo_label,0.6966666666666667,high
Case3,8x8_228,60.0,-31.0,6069.922138516716,2,8.0,8.0,8x8_new_data_curve_classifier_v1,Test_228,data/New_data/8x8_Case3/csv/force_disp_Test_228.csv,curve_classifier_pseudo_label,0.6783333333333333,high
Case3,8x8_229,42.0,86.0,5177.462342928828,2,8.0,8.0,8x8_new_data_curve_classifier_v1,Test_229,data/New_data/8x8_Case3/csv/force_disp_Test_229.csv,curve_classifier_pseudo_label,0.6,high
Case3,8x8_230,-44.0,-30.0,6612.669125424975,2,8.0,8.0,8x8_new_data_curve_classifier_v1,Test_230,data/New_data/8x8_Case3/csv/force_disp_Test_230.csv,curve_classifier_pseudo_label,0.53,high
Case3,8x8_231,-69.0,24.0,5237.734076991936,2,8.0,8.0,8x8_new_data_curve_classifier_v1,Test_231,data/New_data/8x8_Case3/csv/force_disp_Test_231.csv,curve_classifier_pseudo_label,0.7183333333333334,medium
Case3,8x8_232,-8.0,-27.0,5481.867491010049,3,8.0,8.0,8x8_new_data_curve_classifier_v1,Test_232,data/New_data/8x8_Case3/csv/force_disp_Test_232.csv,curve_classifier_pseudo_label,0.865,low
Case3,8x8_233,61.0,-20.0,5462.1176414835345,2,8.0,8.0,8x8_new_data_curve_classifier_v1,Test_233,data/New_data/8x8_Case3/csv/force_disp_Test_233.csv,curve_classifier_pseudo_label,0.635,high
Case3,8x8_234,-49.0,-40.0,7120.0896312514715,2,8.0,8.0,8x8_new_data_curve_classifier_v1,Test_234,data/New_data/8x8_Case3/csv/force_disp_Test_234.csv,curve_classifier_pseudo_label,0.5233333333333333,high
Case3,8x8_235,-62.0,7.0,4999.324310713121,2,8.0,8.0,8x8_new_data_curve_classifier_v1,Test_235,data/New_data/8x8_Case3/csv/force_disp_Test_235.csv,curve_classifier_pseudo_label,0.585,high
Case3,8x8_236,16.0,-57.0,5566.615641574086,2,8.0,8.0,8x8_new_data_curve_classifier_v1,Test_236,data/New_data/8x8_Case3/csv/force_disp_Test_236.csv,curve_classifier_pseudo_label,0.6116666666666667,high
Case3,8x8_237,-32.0,66.0,5807.467092097251,2,8.0,8.0,8x8_new_data_curve_classifier_v1,Test_237,data/New_data/8x8_Case3/csv/force_disp_Test_237.csv,curve_classifier_pseudo_label,0.775,medium
Case3,8x8_238,64.0,-22.0,5472.088403026538,2,8.0,8.0,8x8_new_data_curve_classifier_v1,Test_238,data/New_data/8x8_Case3/csv/force_disp_Test_238.csv,curve_classifier_pseudo_label,0.6716666666666666,high
Case3,8x8_239,30.0,17.0,5880.429518866012,3,8.0,8.0,8x8_new_data_curve_classifier_v1,Test_239,data/New_data/8x8_Case3/csv/force_disp_Test_239.csv,curve_classifier_pseudo_label,0.795,medium
Case3,8x8_240,53.0,26.0,6082.4864290737705,2,8.0,8.0,8x8_new_data_curve_classifier_v1,Test_240,data/New_data/8x8_Case3/csv/force_disp_Test_240.csv,curve_classifier_pseudo_label,0.6166666666666667,high
Case3,8x8_241,13.0,6.0,4905.690510197189,3,8.0,8.0,8x8_new_data_curve_classifier_v1,Test_241,data/New_data/8x8_Case3/csv/force_disp_Test_241.csv,curve_classifier_pseudo_label,0.885,low
Case3,8x8_242,-31.0,60.0,6066.0867857631765,2,8.0,8.0,8x8_new_data_curve_classifier_v1,Test_242,data/New_data/8x8_Case3/csv/force_disp_Test_242.csv,curve_classifier_pseudo_label,0.765,medium
Case3,8x8_243,-63.0,-63.0,5913.621136216408,1,8.0,8.0,8x8_new_data_curve_classifier_v1,Test_243,data/New_data/8x8_Case3/csv/force_disp_Test_243.csv,curve_classifier_pseudo_label,0.6366666666666667,high
Case3,8x8_244,85.0,-58.0,5269.352450921268,1,8.0,8.0,8x8_new_data_curve_classifier_v1,Test_244,data/New_data/8x8_Case3/csv/force_disp_Test_244.csv,curve_classifier_pseudo_label,0.49333333333333335,high
Case3,8x8_245,-34.0,-14.0,5717.613982442492,3,8.0,8.0,8x8_new_data_curve_classifier_v1,Test_245,data/New_data/8x8_Case3/csv/force_disp_Test_245.csv,curve_classifier_pseudo_label,0.755,medium
Case3,8x8_246,60.0,61.0,6485.1826145387195,1,8.0,8.0,8x8_new_data_curve_classifier_v1,Test_246,data/New_data/8x8_Case3/csv/force_disp_Test_246.csv,curve_classifier_pseudo_label,0.735,medium
Case3,8x8_247,-83.0,78.0,2875.238860492064,1,8.0,8.0,8x8_new_data_curve_classifier_v1,Test_247,data/New_data/8x8_Case3/csv/force_disp_Test_247.csv,curve_classifier_pseudo_label,0.48833333333333334,high
Case3,8x8_248,6.0,27.0,5354.112101100512,3,8.0,8.0,8x8_new_data_curve_classifier_v1,Test_248,data/New_data/8x8_Case3/csv/force_disp_Test_248.csv,curve_classifier_pseudo_label,0.8433333333333334,medium
Case3,8x8_249,6.0,16.0,5042.747269595202,3,8.0,8.0,8x8_new_data_curve_classifier_v1,Test_249,data/New_data/8x8_Case3/csv/force_disp_Test_249.csv,curve_classifier_pseudo_label,0.8866666666666667,low
Case3,8x8_250,-47.0,64.0,6512.934130064226,2,8.0,8.0,8x8_new_data_curve_classifier_v1,Test_250,data/New_data/8x8_Case3/csv/force_disp_Test_250.csv,curve_classifier_pseudo_label,0.5633333333333334,high
Case3,8x8_251,-69.0,0.0,4553.5443822794305,3,8.0,8.0,8x8_new_data_curve_classifier_v1,Test_251,data/New_data/8x8_Case3/csv/force_disp_Test_251.csv,curve_classifier_pseudo_label,0.4683333333333333,high
Case3,8x8_252,-82.0,-45.0,5347.023070769125,2,8.0,8.0,8x8_new_data_curve_classifier_v1,Test_252,data/New_data/8x8_Case3/csv/force_disp_Test_252.csv,curve_classifier_pseudo_label,0.5466666666666666,high
Case3,8x8_253,56.0,-34.0,6436.434060848709,2,8.0,8.0,8x8_new_data_curve_classifier_v1,Test_253,data/New_data/8x8_Case3/csv/force_disp_Test_253.csv,curve_classifier_pseudo_label,0.615,high
Case3,8x8_254,-75.0,-17.0,4651.889045972212,2,8.0,8.0,8x8_new_data_curve_classifier_v1,Test_254,data/New_data/8x8_Case3/csv/force_disp_Test_254.csv,curve_classifier_pseudo_label,0.65,high
Case3,8x8_255,32.0,-60.0,6184.521144021543,2,8.0,8.0,8x8_new_data_curve_classifier_v1,Test_255,data/New_data/8x8_Case3/csv/force_disp_Test_255.csv,curve_classifier_pseudo_label,0.6733333333333333,high
Case3,8x8_256,-25.0,-11.0,5468.516814199878,3,8.0,8.0,8x8_new_data_curve_classifier_v1,Test_256,data/New_data/8x8_Case3/csv/force_disp_Test_256.csv,curve_classifier_pseudo_label,0.8633333333333333,low
Case3,8x8_257,65.0,80.0,4292.177977127072,2,8.0,8.0,8x8_new_data_curve_classifier_v1,Test_257,data/New_data/8x8_Case3/csv/force_disp_Test_257.csv,curve_classifier_pseudo_label,0.485,high
Case3,8x8_258,54.0,-18.0,5687.607866439596,2,8.0,8.0,8x8_new_data_curve_classifier_v1,Test_258,data/New_data/8x8_Case3/csv/force_disp_Test_258.csv,curve_classifier_pseudo_label,0.5683333333333334,high
Case3,8x8_259,-6.0,38.0,5657.783187473294,3,8.0,8.0,8x8_new_data_curve_classifier_v1,Test_259,data/New_data/8x8_Case3/csv/force_disp_Test_259.csv,curve_classifier_pseudo_label,0.7716666666666666,medium
Case3,8x8_260,-50.0,68.0,6285.180715353422,2,8.0,8.0,8x8_new_data_curve_classifier_v1,Test_260,data/New_data/8x8_Case3/csv/force_disp_Test_260.csv,curve_classifier_pseudo_label,0.53,high
Case3,8x8_261,-14.0,-28.0,5641.870263550833,3,8.0,8.0,8x8_new_data_curve_classifier_v1,Test_261,data/New_data/8x8_Case3/csv/force_disp_Test_261.csv,curve_classifier_pseudo_label,0.8366666666666667,medium
Case3,8x8_262,-57.0,76.0,5690.6713193469495,2,8.0,8.0,8x8_new_data_curve_classifier_v1,Test_262,data/New_data/8x8_Case3/csv/force_disp_Test_262.csv,curve_classifier_pseudo_label,0.48333333333333334,high
Case3,8x8_263,-24.0,2.0,5287.498657999055,3,8.0,8.0,8x8_new_data_curve_classifier_v1,Test_263,data/New_data/8x8_Case3/csv/force_disp_Test_263.csv,curve_classifier_pseudo_label,0.845,medium
Case3,8x8_264,87.0,-65.0,4035.5426996117335,1,8.0,8.0,8x8_new_data_curve_classifier_v1,Test_264,data/New_data/8x8_Case3/csv/force_disp_Test_264.csv,curve_classifier_pseudo_label,0.5183333333333333,high
Case3,8x8_265,-25.0,-84.0,4630.568188365377,2,8.0,8.0,8x8_new_data_curve_classifier_v1,Test_265,data/New_data/8x8_Case3/csv/force_disp_Test_265.csv,curve_classifier_pseudo_label,0.6933333333333334,high
Case3,8x8_266,-26.0,-39.0,6446.9128453524845,3,8.0,8.0,8x8_new_data_curve_classifier_v1,Test_266,data/New_data/8x8_Case3/csv/force_disp_Test_266.csv,curve_classifier_pseudo_label,0.495,high
Case3,8x8_267,-33.0,-46.0,6799.059504460685,2,8.0,8.0,8x8_new_data_curve_classifier_v1,Test_267,data/New_data/8x8_Case3/csv/force_disp_Test_267.csv,curve_classifier_pseudo_label,0.52,high
Case3,8x8_268,-59.0,29.0,6049.489032525358,2,8.0,8.0,8x8_new_data_curve_classifier_v1,Test_268,data/New_data/8x8_Case3/csv/force_disp_Test_268.csv,curve_classifier_pseudo_label,0.715,medium
Case3,8x8_269,-60.0,60.0,6610.134475080261,1,8.0,8.0,8x8_new_data_curve_classifier_v1,Test_269,data/New_data/8x8_Case3/csv/force_disp_Test_269.csv,curve_classifier_pseudo_label,0.7533333333333333,medium
Case3,8x8_270,10.0,76.0,4297.747765295715,2,8.0,8.0,8x8_new_data_curve_classifier_v1,Test_270,data/New_data/8x8_Case3/csv/force_disp_Test_270.csv,curve_classifier_pseudo_label,0.5233333333333333,high
Case3,8x8_271,-30.0,50.0,6481.748375694178,2,8.0,8.0,8x8_new_data_curve_classifier_v1,Test_271,data/New_data/8x8_Case3/csv/force_disp_Test_271.csv,curve_classifier_pseudo_label,0.7,medium
Case3,8x8_272,72.0,69.0,4354.133201568878,1,8.0,8.0,8x8_new_data_curve_classifier_v1,Test_272,data/New_data/8x8_Case3/csv/force_disp_Test_272.csv,curve_classifier_pseudo_label,0.47833333333333333,high
Case3,8x8_273,81.0,62.0,4794.198050892342,2,8.0,8.0,8x8_new_data_curve_classifier_v1,Test_273,data/New_data/8x8_Case3/csv/force_disp_Test_273.csv,curve_classifier_pseudo_label,0.4766666666666667,high
Case3,8x8_274,30.0,-25.0,6524.43345691036,3,8.0,8.0,8x8_new_data_curve_classifier_v1,Test_274,data/New_data/8x8_Case3/csv/force_disp_Test_274.csv,curve_classifier_pseudo_label,0.6633333333333333,high
Case3,8x8_275,80.0,-20.0,4523.13290434335,2,8.0,8.0,8x8_new_data_curve_classifier_v1,Test_275,data/New_data/8x8_Case3/csv/force_disp_Test_275.csv,curve_classifier_pseudo_label,0.685,high
Case3,8x8_276,-88.0,70.0,3401.517722204122,1,8.0,8.0,8x8_new_data_curve_classifier_v1,Test_276,data/New_data/8x8_Case3/csv/force_disp_Test_276.csv,curve_classifier_pseudo_label,0.49166666666666664,high
Case3,8x8_277,57.0,88.0,5212.706653886073,2,8.0,8.0,8x8_new_data_curve_classifier_v1,Test_277,data/New_data/8x8_Case3/csv/force_disp_Test_277.csv,curve_classifier_pseudo_label,0.4716666666666667,high
Case3,8x8_278,18.0,78.0,4568.790407289279,2,8.0,8.0,8x8_new_data_curve_classifier_v1,Test_278,data/New_data/8x8_Case3/csv/force_disp_Test_278.csv,curve_classifier_pseudo_label,0.7866666666666666,medium
Case3,8x8_279,-88.0,-89.0,2345.1859644138412,1,8.0,8.0,8x8_new_data_curve_classifier_v1,Test_279,data/New_data/8x8_Case3/csv/force_disp_Test_279.csv,curve_classifier_pseudo_label,0.46166666666666667,high
Case3,8x8_280,-31.0,-12.0,5746.12340597148,3,8.0,8.0,8x8_new_data_curve_classifier_v1,Test_280,data/New_data/8x8_Case3/csv/force_disp_Test_280.csv,curve_classifier_pseudo_label,0.825,medium
Case3,8x8_281,-72.0,-17.0,4794.036968247527,2,8.0,8.0,8x8_new_data_curve_classifier_v1,Test_281,data/New_data/8x8_Case3/csv/force_disp_Test_281.csv,curve_classifier_pseudo_label,0.6466666666666666,high
Case3,8x8_282,25.0,-74.0,5038.763186578957,2,8.0,8.0,8x8_new_data_curve_classifier_v1,Test_282,data/New_data/8x8_Case3/csv/force_disp_Test_282.csv,curve_classifier_pseudo_label,0.725,medium
Case3,8x8_283,34.0,-21.0,6264.969018114951,3,8.0,8.0,8x8_new_data_curve_classifier_v1,Test_283,data/New_data/8x8_Case3/csv/force_disp_Test_283.csv,curve_classifier_pseudo_label,0.63,high
Case3,8x8_284,16.0,16.0,5553.548677453177,3,8.0,8.0,8x8_new_data_curve_classifier_v1,Test_284,data/New_data/8x8_Case3/csv/force_disp_Test_284.csv,curve_classifier_pseudo_label,0.8816666666666667,low
Case3,8x8_285,-21.0,55.0,5845.705286279004,2,8.0,8.0,8x8_new_data_curve_classifier_v1,Test_285,data/New_data/8x8_Case3/csv/force_disp_Test_285.csv,curve_classifier_pseudo_label,0.685,high
Case3,8x8_286,40.0,-87.0,5149.985176296318,2,8.0,8.0,8x8_new_data_curve_classifier_v1,Test_286,data/New_data/8x8_Case3/csv/force_disp_Test_286.csv,curve_classifier_pseudo_label,0.58,high
Case3,8x8_287,-77.0,22.0,4853.914392463762,2,8.0,8.0,8x8_new_data_curve_classifier_v1,Test_287,data/New_data/8x8_Case3/csv/force_disp_Test_287.csv,curve_classifier_pseudo_label,0.7166666666666667,medium
Case3,8x8_288,37.0,70.0,5757.461667433211,2,8.0,8.0,8x8_new_data_curve_classifier_v1,Test_288,data/New_data/8x8_Case3/csv/force_disp_Test_288.csv,curve_classifier_pseudo_label,0.6716666666666666,high
Case3,8x8_289,-9.0,44.0,5676.253997762439,3,8.0,8.0,8x8_new_data_curve_classifier_v1,Test_289,data/New_data/8x8_Case3/csv/force_disp_Test_289.csv,curve_classifier_pseudo_label,0.5483333333333333,high
Case3,8x8_290,20.0,-82.0,4541.78602587344,2,8.0,8.0,8x8_new_data_curve_classifier_v1,Test_290,data/New_data/8x8_Case3/csv/force_disp_Test_290.csv,curve_classifier_pseudo_label,0.725,medium
Case3,8x8_291,26.0,5.0,5514.936620367583,3,8.0,8.0,8x8_new_data_curve_classifier_v1,Test_291,data/New_data/8x8_Case3/csv/force_disp_Test_291.csv,curve_classifier_pseudo_label,0.8733333333333333,low
Case3,8x8_292,71.0,-88.0,3297.6021150671536,1,8.0,8.0,8x8_new_data_curve_classifier_v1,Test_292,data/New_data/8x8_Case3/csv/force_disp_Test_292.csv,curve_classifier_pseudo_label,0.5183333333333333,high
Case3,8x8_293,-28.0,11.0,5569.869558665755,3,8.0,8.0,8x8_new_data_curve_classifier_v1,Test_293,data/New_data/8x8_Case3/csv/force_disp_Test_293.csv,curve_classifier_pseudo_label,0.8433333333333334,medium
Case3,8x8_294,-71.0,-57.0,6067.17917881581,1,8.0,8.0,8x8_new_data_curve_classifier_v1,Test_294,data/New_data/8x8_Case3/csv/force_disp_Test_294.csv,curve_classifier_pseudo_label,0.47,high
Case3,8x8_295,-84.0,-9.0,3979.3376936816653,3,8.0,8.0,8x8_new_data_curve_classifier_v1,Test_295,data/New_data/8x8_Case3/csv/force_disp_Test_295.csv,curve_classifier_pseudo_label,0.4683333333333333,high
Case3,8x8_296,-48.0,82.0,5381.955964322032,2,8.0,8.0,8x8_new_data_curve_classifier_v1,Test_296,data/New_data/8x8_Case3/csv/force_disp_Test_296.csv,curve_classifier_pseudo_label,0.56,high
Case3,8x8_297,-13.0,-4.0,4962.165396971114,3,8.0,8.0,8x8_new_data_curve_classifier_v1,Test_297,data/New_data/8x8_Case3/csv/force_disp_Test_297.csv,curve_classifier_pseudo_label,0.8816666666666667,low
Case3,8x8_298,-19.0,-23.0,6066.59636168633,3,8.0,8.0,8x8_new_data_curve_classifier_v1,Test_298,data/New_data/8x8_Case3/csv/force_disp_Test_298.csv,curve_classifier_pseudo_label,0.8533333333333334,low
Case3,8x8_299,5.0,-32.0,5580.502181314948,3,8.0,8.0,8x8_new_data_curve_classifier_v1,Test_299,data/New_data/8x8_Case3/csv/force_disp_Test_299.csv,curve_classifier_pseudo_label,0.8316666666666667,medium
Case3,8x8_300,51.0,46.0,7414.346946578003,2,8.0,8.0,8x8_new_data_curve_classifier_v1,Test_300,data/New_data/8x8_Case3/csv/force_disp_Test_300.csv,curve_classifier_pseudo_label,0.4583333333333333,high
Case4,6x4_001,65.0,19.0,19701.10650899933,2,6.0,4.0,6x4_curated_v1,Test_001,data/datasets/DD_cases_2_3_4_curated_v1/Case4/csv_load/force_disp_Test_001.csv,curated_human_review,1.0,none
Case4,6x4_002,40.0,-51.0,15564.192522589261,1,6.0,4.0,6x4_curated_v1,Test_002,data/datasets/DD_cases_2_3_4_curated_v1/Case4/csv_load/force_disp_Test_002.csv,curated_human_review,1.0,none
Case4,6x4_003,-44.0,65.0,15263.321046334091,1,6.0,4.0,6x4_curated_v1,Test_003,data/datasets/DD_cases_2_3_4_curated_v1/Case4/csv_load/force_disp_Test_003.csv,curated_human_review,1.0,none
Case4,6x4_004,49.0,48.0,14605.531869322482,1,6.0,4.0,6x4_curated_v1,Test_004,data/datasets/DD_cases_2_3_4_curated_v1/Case4/csv_load/force_disp_Test_004.csv,curated_human_review,1.0,none
Case4,6x4_005,-52.0,20.0,19521.12811538156,2,6.0,4.0,6x4_curated_v1,Test_005,data/datasets/DD_cases_2_3_4_curated_v1/Case4/csv_load/force_disp_Test_005.csv,curated_human_review,1.0,none
Case4,6x4_006,-15.0,-74.0,21416.816488874498,2,6.0,4.0,6x4_curated_v1,Test_006,data/datasets/DD_cases_2_3_4_curated_v1/Case4/csv_load/force_disp_Test_006.csv,curated_human_review,1.0,none
Case4,6x4_007,51.0,-83.0,11044.194985803253,1,6.0,4.0,6x4_curated_v1,Test_007,data/datasets/DD_cases_2_3_4_curated_v1/Case4/csv_load/force_disp_Test_007.csv,curated_human_review,1.0,none
Case4,6x4_008,86.0,9.0,21499.399687200803,2,6.0,4.0,6x4_curated_v1,Test_008,data/datasets/DD_cases_2_3_4_curated_v1/Case4/csv_load/force_disp_Test_008.csv,curated_human_review,1.0,none
Case4,6x4_009,-63.0,21.0,19848.72024440584,2,6.0,4.0,6x4_curated_v1,Test_009,data/datasets/DD_cases_2_3_4_curated_v1/Case4/csv_load/force_disp_Test_009.csv,curated_human_review,1.0,none
Case4,6x4_010,-74.0,83.0,6417.199673460506,1,6.0,4.0,6x4_curated_v1,Test_010,data/datasets/DD_cases_2_3_4_curated_v1/Case4/csv_load/force_disp_Test_010.csv,curated_human_review,1.0,none
Case4,6x4_011,-39.0,-9.0,21782.93383721275,2,6.0,4.0,6x4_curated_v1,Test_011,data/datasets/DD_cases_2_3_4_curated_v1/Case4/csv_load/force_disp_Test_011.csv,curated_human_review,1.0,none
Case4,6x4_012,-56.0,9.0,21623.457561322022,2,6.0,4.0,6x4_curated_v1,Test_012,data/datasets/DD_cases_2_3_4_curated_v1/Case4/csv_load/force_disp_Test_012.csv,curated_human_review,1.0,none
Case4,6x4_013,61.0,33.0,16488.202908673717,1,6.0,4.0,6x4_curated_v1,Test_013,data/datasets/DD_cases_2_3_4_curated_v1/Case4/csv_load/force_disp_Test_013.csv,curated_human_review,1.0,none
Case4,6x4_014,19.0,79.0,20609.78711097851,2,6.0,4.0,6x4_curated_v1,Test_014,data/datasets/DD_cases_2_3_4_curated_v1/Case4/csv_load/force_disp_Test_014.csv,curated_human_review,1.0,none
Case4,6x4_015,35.0,60.0,16099.168102698402,2,6.0,4.0,6x4_curated_v1,Test_015,data/datasets/DD_cases_2_3_4_curated_v1/Case4/csv_load/force_disp_Test_015.csv,curated_human_review,1.0,none
Case4,6x4_016,75.0,-61.0,9606.218223163476,1,6.0,4.0,6x4_curated_v1,Test_016,data/datasets/DD_cases_2_3_4_curated_v1/Case4/csv_load/force_disp_Test_016.csv,curated_human_review,1.0,none
Case4,6x4_017,-30.0,66.0,17744.618846286707,2,6.0,4.0,6x4_curated_v1,Test_017,data/datasets/DD_cases_2_3_4_curated_v1/Case4/csv_load/force_disp_Test_017.csv,curated_human_review,1.0,none
Case4,6x4_018,-53.0,31.0,16509.679046427784,2,6.0,4.0,6x4_curated_v1,Test_018,data/datasets/DD_cases_2_3_4_curated_v1/Case4/csv_load/force_disp_Test_018.csv,curated_human_review,1.0,none
Case4,6x4_019,-79.0,29.0,18071.218289483906,2,6.0,4.0,6x4_curated_v1,Test_019,data/datasets/DD_cases_2_3_4_curated_v1/Case4/csv_load/force_disp_Test_019.csv,curated_human_review,1.0,none
Case4,6x4_020,-2.0,48.0,22328.79345310121,2,6.0,4.0,6x4_curated_v1,Test_020,data/datasets/DD_cases_2_3_4_curated_v1/Case4/csv_load/force_disp_Test_020.csv,curated_human_review,1.0,none
Case4,6x4_021,-49.0,-67.0,13167.318747343248,1,6.0,4.0,6x4_curated_v1,Test_021,data/datasets/DD_cases_2_3_4_curated_v1/Case4/csv_load/force_disp_Test_021.csv,curated_human_review,1.0,none
Case4,6x4_022,43.0,-33.0,15643.776629233736,2,6.0,4.0,6x4_curated_v1,Test_022,data/datasets/DD_cases_2_3_4_curated_v1/Case4/csv_load/force_disp_Test_022.csv,curated_human_review,1.0,none
Case4,6x4_023,62.0,-67.0,10919.917889467906,1,6.0,4.0,6x4_curated_v1,Test_023,data/datasets/DD_cases_2_3_4_curated_v1/Case4/csv_load/force_disp_Test_023.csv,curated_human_review,1.0,none
Case4,6x4_024,30.0,75.0,17431.666497748745,2,6.0,4.0,6x4_curated_v1,Test_024,data/datasets/DD_cases_2_3_4_curated_v1/Case4/csv_load/force_disp_Test_024.csv,curated_human_review,1.0,none
Case4,6x4_025,80.0,-80.0,5974.146129044565,1,6.0,4.0,6x4_curated_v1,Test_025,data/datasets/DD_cases_2_3_4_curated_v1/Case4/csv_load/force_disp_Test_025.csv,curated_human_review,1.0,none
Case4,6x4_026,-81.0,73.0,6741.47187366278,1,6.0,4.0,6x4_curated_v1,Test_026,data/datasets/DD_cases_2_3_4_curated_v1/Case4/csv_load/force_disp_Test_026.csv,curated_human_review,1.0,none
Case4,6x4_027,54.0,-38.0,15434.554916393454,1,6.0,4.0,6x4_curated_v1,Test_027,data/datasets/DD_cases_2_3_4_curated_v1/Case4/csv_load/force_disp_Test_027.csv,curated_human_review,1.0,none
Case4,6x4_028,36.0,-31.0,16700.334618625035,2,6.0,4.0,6x4_curated_v1,Test_028,data/datasets/DD_cases_2_3_4_curated_v1/Case4/csv_load/force_disp_Test_028.csv,curated_human_review,1.0,none
Case4,6x4_029,52.0,-41.0,15305.02527292944,1,6.0,4.0,6x4_curated_v1,Test_029,data/datasets/DD_cases_2_3_4_curated_v1/Case4/csv_load/force_disp_Test_029.csv,curated_human_review,1.0,none
Case4,6x4_030,15.0,-12.0,17924.24390293732,3,6.0,4.0,6x4_curated_v1,Test_030,data/datasets/DD_cases_2_3_4_curated_v1/Case4/csv_load/force_disp_Test_030.csv,curated_human_review,1.0,none
Case4,6x4_031,-55.0,-62.0,12458.905489669378,1,6.0,4.0,6x4_curated_v1,Test_031,data/datasets/DD_cases_2_3_4_curated_v1/Case4/csv_load/force_disp_Test_031.csv,curated_human_review,1.0,none
Case4,6x4_032,-19.0,-7.0,18193.504559718982,3,6.0,4.0,6x4_curated_v1,Test_032,data/datasets/DD_cases_2_3_4_curated_v1/Case4/csv_load/force_disp_Test_032.csv,curated_human_review,1.0,none
Case4,6x4_033,-61.0,86.0,8603.9325816845,1,6.0,4.0,6x4_curated_v1,Test_033,data/datasets/DD_cases_2_3_4_curated_v1/Case4/csv_load/force_disp_Test_033.csv,curated_human_review,1.0,none
Case4,6x4_034,-43.0,-15.0,20448.84284785929,2,6.0,4.0,6x4_curated_v1,Test_034,data/datasets/DD_cases_2_3_4_curated_v1/Case4/csv_load/force_disp_Test_034.csv,curated_human_review,1.0,none
Case4,6x4_035,70.0,81.0,7229.269718547071,1,6.0,4.0,6x4_curated_v1,Test_035,data/datasets/DD_cases_2_3_4_curated_v1/Case4/csv_load/force_disp_Test_035.csv,curated_human_review,1.0,none
Case4,6x4_036,8.0,25.0,19860.29223620826,3,6.0,4.0,6x4_curated_v1,Test_036,data/datasets/DD_cases_2_3_4_curated_v1/Case4/csv_load/force_disp_Test_036.csv,curated_human_review,1.0,none
Case4,6x4_037,-85.0,67.0,7472.906084422283,1,6.0,4.0,6x4_curated_v1,Test_037,data/datasets/DD_cases_2_3_4_curated_v1/Case4/csv_load/force_disp_Test_037.csv,curated_human_review,1.0,none
Case4,6x4_038,-56.0,52.0,13793.266474940921,1,6.0,4.0,6x4_curated_v1,Test_038,data/datasets/DD_cases_2_3_4_curated_v1/Case4/csv_load/force_disp_Test_038.csv,curated_human_review,1.0,none
Case4,6x4_039,64.0,42.0,15153.472420711814,1,6.0,4.0,6x4_curated_v1,Test_039,data/datasets/DD_cases_2_3_4_curated_v1/Case4/csv_load/force_disp_Test_039.csv,curated_human_review,1.0,none
Case4,6x4_040,-27.0,-54.0,17787.812425229233,2,6.0,4.0,6x4_curated_v1,Test_040,data/datasets/DD_cases_2_3_4_curated_v1/Case4/csv_load/force_disp_Test_040.csv,curated_human_review,1.0,none
Case4,6x4_041,-2.0,-68.0,22358.117936279017,2,6.0,4.0,6x4_curated_v1,Test_041,data/datasets/DD_cases_2_3_4_curated_v1/Case4/csv_load/force_disp_Test_041.csv,curated_human_review,1.0,none
Case4,6x4_042,84.0,51.0,10860.970880970019,1,6.0,4.0,6x4_curated_v1,Test_042,data/datasets/DD_cases_2_3_4_curated_v1/Case4/csv_load/force_disp_Test_042.csv,curated_human_review,1.0,none
Case4,6x4_043,79.0,-71.0,7263.017948467875,1,6.0,4.0,6x4_curated_v1,Test_043,data/datasets/DD_cases_2_3_4_curated_v1/Case4/csv_load/force_disp_Test_043.csv,curated_human_review,1.0,none
Case4,6x4_044,59.0,-56.0,13020.757742860987,1,6.0,4.0,6x4_curated_v1,Test_044,data/datasets/DD_cases_2_3_4_curated_v1/Case4/csv_load/force_disp_Test_044.csv,curated_human_review,1.0,none
Case4,6x4_045,-18.0,-35.0,19995.27729445088,2,6.0,4.0,6x4_curated_v1,Test_045,data/datasets/DD_cases_2_3_4_curated_v1/Case4/csv_load/force_disp_Test_045.csv,curated_human_review,1.0,none
Case4,6x4_046,-76.0,-77.0,6767.080412473619,1,6.0,4.0,6x4_curated_v1,Test_046,data/datasets/DD_cases_2_3_4_curated_v1/Case4/csv_load/force_disp_Test_046.csv,curated_human_review,1.0,none
Case4,6x4_047,42.0,27.0,16941.948790650924,2,6.0,4.0,6x4_curated_v1,Test_047,data/datasets/DD_cases_2_3_4_curated_v1/Case4/csv_load/force_disp_Test_047.csv,curated_human_review,1.0,none
Case4,6x4_048,1.0,71.0,22333.915636394122,2,6.0,4.0,6x4_curated_v1,Test_048,data/datasets/DD_cases_2_3_4_curated_v1/Case4/csv_load/force_disp_Test_048.csv,curated_human_review,1.0,none
Case4,6x4_049,-37.0,22.0,18894.133918603293,2,6.0,4.0,6x4_curated_v1,Test_049,data/datasets/DD_cases_2_3_4_curated_v1/Case4/csv_load/force_disp_Test_049.csv,curated_human_review,1.0,none
Case4,6x4_050,-16.0,44.0,20095.47310657902,2,6.0,4.0,6x4_curated_v1,Test_050,data/datasets/DD_cases_2_3_4_curated_v1/Case4/csv_load/force_disp_Test_050.csv,curated_human_review,1.0,none
Case4,6x4_051,28.0,57.0,17211.139894556734,2,6.0,4.0,6x4_curated_v1,Test_051,data/datasets/DD_cases_2_3_4_curated_v1/Case4/csv_load/force_disp_Test_051.csv,curated_human_review,1.0,none
Case4,6x4_052,-79.0,34.0,16823.46663263932,2,6.0,4.0,6x4_curated_v1,Test_052,data/datasets/DD_cases_2_3_4_curated_v1/Case4/csv_load/force_disp_Test_052.csv,curated_human_review,1.0,none
Case4,6x4_053,3.0,87.0,22215.838817931355,2,6.0,4.0,6x4_curated_v1,Test_053,data/datasets/DD_cases_2_3_4_curated_v1/Case4/csv_load/force_disp_Test_053.csv,curated_human_review,1.0,none
Case4,6x4_054,-17.0,-44.0,19802.670513986137,2,6.0,4.0,6x4_curated_v1,Test_054,data/datasets/DD_cases_2_3_4_curated_v1/Case4/csv_load/force_disp_Test_054.csv,curated_human_review,1.0,none
Case4,6x4_055,44.0,-49.0,16003.53308045265,1,6.0,4.0,6x4_curated_v1,Test_055,data/datasets/DD_cases_2_3_4_curated_v1/Case4/csv_load/force_disp_Test_055.csv,curated_human_review,1.0,none
Case4,6x4_056,67.0,-19.0,20518.220862411847,2,6.0,4.0,6x4_curated_v1,Test_056,data/datasets/DD_cases_2_3_4_curated_v1/Case4/csv_load/force_disp_Test_056.csv,curated_human_review,1.0,none
Case4,6x4_057,2.0,74.0,22293.436635106573,2,6.0,4.0,6x4_curated_v1,Test_057,data/datasets/DD_cases_2_3_4_curated_v1/Case4/csv_load/force_disp_Test_057.csv,curated_human_review,1.0,none
Case4,6x4_058,82.0,19.0,20273.166907762425,2,6.0,4.0,6x4_curated_v1,Test_058,data/datasets/DD_cases_2_3_4_curated_v1/Case4/csv_load/force_disp_Test_058.csv,curated_human_review,1.0,none
Case4,6x4_059,14.0,3.0,17403.926771403785,3,6.0,4.0,6x4_curated_v1,Test_059,data/datasets/DD_cases_2_3_4_curated_v1/Case4/csv_load/force_disp_Test_059.csv,curated_human_review,1.0,none
Case4,6x4_060,44.0,-84.0,13059.554858234635,1,6.0,4.0,6x4_curated_v1,Test_060,data/datasets/DD_cases_2_3_4_curated_v1/Case4/csv_load/force_disp_Test_060.csv,curated_human_review,1.0,none
Case4,6x4_061,0.0,-52.0,22390.338402721325,2,6.0,4.0,6x4_curated_v1,Test_061,data/datasets/DD_cases_2_3_4_curated_v1/Case4/csv_load/force_disp_Test_061.csv,curated_human_review,1.0,none
Case4,6x4_062,33.0,26.0,17848.77388656686,2,6.0,4.0,6x4_curated_v1,Test_062,data/datasets/DD_cases_2_3_4_curated_v1/Case4/csv_load/force_disp_Test_062.csv,curated_human_review,1.0,none
Case4,6x4_063,-75.0,38.0,15942.54751799103,2,6.0,4.0,6x4_curated_v1,Test_063,data/datasets/DD_cases_2_3_4_curated_v1/Case4/csv_load/force_disp_Test_063.csv,curated_human_review,1.0,none
Case4,6x4_064,-20.0,55.0,19917.952698060064,2,6.0,4.0,6x4_curated_v1,Test_064,data/datasets/DD_cases_2_3_4_curated_v1/Case4/csv_load/force_disp_Test_064.csv,curated_human_review,1.0,none
Case4,6x4_065,72.0,31.0,17410.69061531813,2,6.0,4.0,6x4_curated_v1,Test_065,data/datasets/DD_cases_2_3_4_curated_v1/Case4/csv_load/force_disp_Test_065.csv,curated_human_review,1.0,none
Case4,6x4_066,75.0,72.0,7574.793974005972,1,6.0,4.0,6x4_curated_v1,Test_066,data/datasets/DD_cases_2_3_4_curated_v1/Case4/csv_load/force_disp_Test_066.csv,curated_human_review,1.0,none
Case4,6x4_067,-83.0,68.0,7376.135864080732,1,6.0,4.0,6x4_curated_v1,Test_067,data/datasets/DD_cases_2_3_4_curated_v1/Case4/csv_load/force_disp_Test_067.csv,curated_human_review,1.0,none
Case4,6x4_068,-26.0,-1.0,19576.793491775054,3,6.0,4.0,6x4_curated_v1,Test_068,data/datasets/DD_cases_2_3_4_curated_v1/Case4/csv_load/force_disp_Test_068.csv,curated_human_review,1.0,none
Case4,6x4_069,-36.0,57.0,15953.533601743304,2,6.0,4.0,6x4_curated_v1,Test_069,data/datasets/DD_cases_2_3_4_curated_v1/Case4/csv_load/force_disp_Test_069.csv,curated_human_review,1.0,none
Case4,6x4_070,-89.0,-51.0,10741.93579880972,1,6.0,4.0,6x4_curated_v1,Test_070,data/datasets/DD_cases_2_3_4_curated_v1/Case4/csv_load/force_disp_Test_070.csv,curated_human_review,1.0,none
Case4,6x4_071,-45.0,-29.0,16187.949974005638,2,6.0,4.0,6x4_curated_v1,Test_071,data/datasets/DD_cases_2_3_4_curated_v1/Case4/csv_load/force_disp_Test_071.csv,curated_human_review,1.0,none
Case4,6x4_072,-29.0,13.0,20883.60514859316,3,6.0,4.0,6x4_curated_v1,Test_072,data/datasets/DD_cases_2_3_4_curated_v1/Case4/csv_load/force_disp_Test_072.csv,curated_human_review,1.0,none
Case4,6x4_073,-22.0,46.0,18362.65095522395,2,6.0,4.0,6x4_curated_v1,Test_073,data/datasets/DD_cases_2_3_4_curated_v1/Case4/csv_load/force_disp_Test_073.csv,curated_human_review,1.0,none
Case4,6x4_074,-1.0,-8.0,16957.129742286947,3,6.0,4.0,6x4_curated_v1,Test_074,data/datasets/DD_cases_2_3_4_curated_v1/Case4/csv_load/force_disp_Test_074.csv,curated_human_review,1.0,none
Case4,6x4_075,-22.0,82.0,19855.135779360873,2,6.0,4.0,6x4_curated_v1,Test_075,data/datasets/DD_cases_2_3_4_curated_v1/Case4/csv_load/force_disp_Test_075.csv,curated_human_review,1.0,none
Case4,6x4_076,50.0,5.0,21909.575475465925,2,6.0,4.0,6x4_curated_v1,Test_076,data/datasets/DD_cases_2_3_4_curated_v1/Case4/csv_load/force_disp_Test_076.csv,curated_human_review,1.0,none
Case4,6x4_077,-64.0,20.0,19512.41367375843,2,6.0,4.0,6x4_curated_v1,Test_077,data/datasets/DD_cases_2_3_4_curated_v1/Case4/csv_load/force_disp_Test_077.csv,curated_human_review,1.0,none
Case4,6x4_078,29.0,-79.0,18169.39831242523,2,6.0,4.0,6x4_curated_v1,Test_078,data/datasets/DD_cases_2_3_4_curated_v1/Case4/csv_load/force_disp_Test_078.csv,curated_human_review,1.0,none
Case4,6x4_079,-67.0,39.0,15675.109831677206,2,6.0,4.0,6x4_curated_v1,Test_079,data/datasets/DD_cases_2_3_4_curated_v1/Case4/csv_load/force_disp_Test_079.csv,curated_human_review,1.0,none
Case4,6x4_080,-53.0,-64.0,13084.614568148081,1,6.0,4.0,6x4_curated_v1,Test_080,data/datasets/DD_cases_2_3_4_curated_v1/Case4/csv_load/force_disp_Test_080.csv,curated_human_review,1.0,none
Case4,6x4_081,-38.0,-72.0,16101.298190734396,2,6.0,4.0,6x4_curated_v1,Test_081,data/datasets/DD_cases_2_3_4_curated_v1/Case4/csv_load/force_disp_Test_081.csv,curated_human_review,1.0,none
Case4,6x4_082,85.0,48.0,11736.197462441638,1,6.0,4.0,6x4_curated_v1,Test_082,data/datasets/DD_cases_2_3_4_curated_v1/Case4/csv_load/force_disp_Test_082.csv,curated_human_review,1.0,none
Case4,6x4_083,-12.0,85.0,21326.424718647988,2,6.0,4.0,6x4_curated_v1,Test_083,data/datasets/DD_cases_2_3_4_curated_v1/Case4/csv_load/force_disp_Test_083.csv,curated_human_review,1.0,none
Case4,6x4_084,77.0,-48.0,12337.943110434046,1,6.0,4.0,6x4_curated_v1,Test_084,data/datasets/DD_cases_2_3_4_curated_v1/Case4/csv_load/force_disp_Test_084.csv,curated_human_review,1.0,none
Case4,6x4_085,45.0,75.0,12589.587008838233,1,6.0,4.0,6x4_curated_v1,Test_085,data/datasets/DD_cases_2_3_4_curated_v1/Case4/csv_load/force_disp_Test_085.csv,curated_human_review,1.0,none
Case4,6x4_086,-41.0,-54.0,15341.482645335416,1,6.0,4.0,6x4_curated_v1,Test_086,data/datasets/DD_cases_2_3_4_curated_v1/Case4/csv_load/force_disp_Test_086.csv,curated_human_review,1.0,none
Case4,6x4_087,-38.0,89.0,16189.267634561245,2,6.0,4.0,6x4_curated_v1,Test_087,data/datasets/DD_cases_2_3_4_curated_v1/Case4/csv_load/force_disp_Test_087.csv,curated_human_review,1.0,none
Case4,6x4_088,23.0,33.0,18608.451507404636,2,6.0,4.0,6x4_curated_v1,Test_088,data/datasets/DD_cases_2_3_4_curated_v1/Case4/csv_load/force_disp_Test_088.csv,curated_human_review,1.0,none
Case4,6x4_089,18.0,-35.0,20032.379657876594,2,6.0,4.0,6x4_curated_v1,Test_089,data/datasets/DD_cases_2_3_4_curated_v1/Case4/csv_load/force_disp_Test_089.csv,curated_human_review,1.0,none
Case4,6x4_090,-65.0,24.0,18553.21629145018,2,6.0,4.0,6x4_curated_v1,Test_090,data/datasets/DD_cases_2_3_4_curated_v1/Case4/csv_load/force_disp_Test_090.csv,curated_human_review,1.0,none
Case4,6x4_091,11.0,36.0,21767.84320171658,3,6.0,4.0,6x4_curated_v1,Test_091,data/datasets/DD_cases_2_3_4_curated_v1/Case4/csv_load/force_disp_Test_091.csv,curated_human_review,1.0,none
Case4,6x4_092,-38.0,-40.0,16099.213392153637,2,6.0,4.0,6x4_curated_v1,Test_092,data/datasets/DD_cases_2_3_4_curated_v1/Case4/csv_load/force_disp_Test_092.csv,curated_human_review,1.0,none
Case4,6x4_093,-70.0,-78.0,7555.890633922434,1,6.0,4.0,6x4_curated_v1,Test_093,data/datasets/DD_cases_2_3_4_curated_v1/Case4/csv_load/force_disp_Test_093.csv,curated_human_review,1.0,none
Case4,6x4_094,73.0,-55.0,11135.612813237853,1,6.0,4.0,6x4_curated_v1,Test_094,data/datasets/DD_cases_2_3_4_curated_v1/Case4/csv_load/force_disp_Test_094.csv,curated_human_review,1.0,none
Case4,6x4_095,68.0,-30.0,17661.643455896938,2,6.0,4.0,6x4_curated_v1,Test_095,data/datasets/DD_cases_2_3_4_curated_v1/Case4/csv_load/force_disp_Test_095.csv,curated_human_review,1.0,none
Case4,6x4_096,84.0,-52.0,10662.045194364207,1,6.0,4.0,6x4_curated_v1,Test_096,data/datasets/DD_cases_2_3_4_curated_v1/Case4/csv_load/force_disp_Test_096.csv,curated_human_review,1.0,none
Case4,6x4_097,-46.0,-23.0,17833.473577146986,2,6.0,4.0,6x4_curated_v1,Test_097,data/datasets/DD_cases_2_3_4_curated_v1/Case4/csv_load/force_disp_Test_097.csv,curated_human_review,1.0,none
Case4,6x4_098,-1.0,36.0,21625.61055912366,3,6.0,4.0,6x4_curated_v1,Test_098,data/datasets/DD_cases_2_3_4_curated_v1/Case4/csv_load/force_disp_Test_098.csv,curated_human_review,1.0,none
Case4,6x4_099,90.0,40.0,12361.552384112701,1,6.0,4.0,6x4_curated_v1,Test_099,data/datasets/DD_cases_2_3_4_curated_v1/Case4/csv_load/force_disp_Test_099.csv,curated_human_review,1.0,none
Case4,6x4_100,69.0,62.0,10290.846377699652,1,6.0,4.0,6x4_curated_v1,Test_100,data/datasets/DD_cases_2_3_4_curated_v1/Case4/csv_load/force_disp_Test_100.csv,curated_human_review,1.0,none
Case4,6x4_101,48.0,15.0,20115.567029852402,2,6.0,4.0,6x4_curated_v1,Test_101,data/datasets/DD_cases_2_3_4_curated_v1/Case4/csv_load/force_disp_Test_101.csv,curated_human_review,1.0,none
Case4,6x4_102,76.0,-24.0,18748.451080897223,2,6.0,4.0,6x4_curated_v1,Test_102,data/datasets/DD_cases_2_3_4_curated_v1/Case4/csv_load/force_disp_Test_102.csv,curated_human_review,1.0,none
Case4,6x4_103,66.0,14.0,20779.429796308756,2,6.0,4.0,6x4_curated_v1,Test_103,data/datasets/DD_cases_2_3_4_curated_v1/Case4/csv_load/force_disp_Test_103.csv,curated_human_review,1.0,none
Case4,6x4_104,83.0,3.0,22013.511892918705,2,6.0,4.0,6x4_curated_v1,Test_104,data/datasets/DD_cases_2_3_4_curated_v1/Case4/csv_load/force_disp_Test_104.csv,curated_human_review,1.0,none
Case4,6x4_105,89.0,-77.0,5739.6752127169875,1,6.0,4.0,6x4_curated_v1,Test_105,data/datasets/DD_cases_2_3_4_curated_v1/Case4/csv_load/force_disp_Test_105.csv,curated_human_review,1.0,none
Case4,6x4_106,-12.0,43.0,21892.502054630153,2,6.0,4.0,6x4_curated_v1,Test_106,data/datasets/DD_cases_2_3_4_curated_v1/Case4/csv_load/force_disp_Test_106.csv,curated_human_review,1.0,none
Case4,6x4_107,69.0,8.0,21693.39061803584,2,6.0,4.0,6x4_curated_v1,Test_107,data/datasets/DD_cases_2_3_4_curated_v1/Case4/csv_load/force_disp_Test_107.csv,curated_human_review,1.0,none
Case4,6x4_108,46.0,-72.0,13003.628983356539,1,6.0,4.0,6x4_curated_v1,Test_108,data/datasets/DD_cases_2_3_4_curated_v1/Case4/csv_load/force_disp_Test_108.csv,curated_human_review,1.0,none
Case4,6x4_109,-69.0,17.0,20635.671601532737,2,6.0,4.0,6x4_curated_v1,Test_109,data/datasets/DD_cases_2_3_4_curated_v1/Case4/csv_load/force_disp_Test_109.csv,curated_human_review,1.0,none
Case4,6x4_110,-51.0,1.0,22182.1381511646,2,6.0,4.0,6x4_curated_v1,Test_110,data/datasets/DD_cases_2_3_4_curated_v1/Case4/csv_load/force_disp_Test_110.csv,curated_human_review,1.0,none
Case4,6x4_111,7.0,87.0,21920.621936815387,2,6.0,4.0,6x4_curated_v1,Test_111,data/datasets/DD_cases_2_3_4_curated_v1/Case4/csv_load/force_disp_Test_111.csv,curated_human_review,1.0,none
Case4,6x4_112,21.0,-8.0,19054.511313868734,3,6.0,4.0,6x4_curated_v1,Test_112,data/datasets/DD_cases_2_3_4_curated_v1/Case4/csv_load/force_disp_Test_112.csv,curated_human_review,1.0,none
Case4,6x4_113,35.0,-2.0,21509.802299412044,3,6.0,4.0,6x4_curated_v1,Test_113,data/datasets/DD_cases_2_3_4_curated_v1/Case4/csv_load/force_disp_Test_113.csv,curated_human_review,1.0,none
Case4,6x4_114,-35.0,-78.0,16760.714683028644,2,6.0,4.0,6x4_curated_v1,Test_114,data/datasets/DD_cases_2_3_4_curated_v1/Case4/csv_load/force_disp_Test_114.csv,curated_human_review,1.0,none
Case4,6x4_115,22.0,74.0,19318.37365424374,2,6.0,4.0,6x4_curated_v1,Test_115,data/datasets/DD_cases_2_3_4_curated_v1/Case4/csv_load/force_disp_Test_115.csv,curated_human_review,1.0,none
Case4,6x4_116,12.0,-85.0,21286.86687496217,2,6.0,4.0,6x4_curated_v1,Test_116,data/datasets/DD_cases_2_3_4_curated_v1/Case4/csv_load/force_disp_Test_116.csv,curated_human_review,1.0,none
Case4,6x4_117,-87.0,33.0,17047.571877581824,2,6.0,4.0,6x4_curated_v1,Test_117,data/datasets/DD_cases_2_3_4_curated_v1/Case4/csv_load/force_disp_Test_117.csv,curated_human_review,1.0,none
Case4,6x4_118,54.0,-88.0,10093.622702080575,1,6.0,4.0,6x4_curated_v1,Test_118,data/datasets/DD_cases_2_3_4_curated_v1/Case4/csv_load/force_disp_Test_118.csv,curated_human_review,1.0,none
Case4,6x4_119,31.0,-10.0,21142.379614046542,3,6.0,4.0,6x4_curated_v1,Test_119,data/datasets/DD_cases_2_3_4_curated_v1/Case4/csv_load/force_disp_Test_119.csv,curated_human_review,1.0,none
Case4,6x4_120,-58.0,-26.0,17662.200542907973,2,6.0,4.0,6x4_curated_v1,Test_120,data/datasets/DD_cases_2_3_4_curated_v1/Case4/csv_load/force_disp_Test_120.csv,curated_human_review,1.0,none
Case4,6x4_121,-50.0,14.0,20916.586085929557,2,6.0,4.0,6x4_curated_v1,Test_121,data/datasets/DD_cases_2_3_4_curated_v1/Case4/csv_load/force_disp_Test_121.csv,curated_human_review,1.0,none
Case4,6x4_122,20.0,-73.0,20516.942125553487,2,6.0,4.0,6x4_curated_v1,Test_122,data/datasets/DD_cases_2_3_4_curated_v1/Case4/csv_load/force_disp_Test_122.csv,curated_human_review,1.0,none
Case4,6x4_123,76.0,4.0,21993.004758074017,2,6.0,4.0,6x4_curated_v1,Test_123,data/datasets/DD_cases_2_3_4_curated_v1/Case4/csv_load/force_disp_Test_123.csv,curated_human_review,1.0,none
Case4,6x4_124,42.0,-66.0,15459.117617288746,1,6.0,4.0,6x4_curated_v1,Test_124,data/datasets/DD_cases_2_3_4_curated_v1/Case4/csv_load/force_disp_Test_124.csv,curated_human_review,1.0,none
Case4,6x4_125,-3.0,72.0,22280.06196581888,2,6.0,4.0,6x4_curated_v1,Test_125,data/datasets/DD_cases_2_3_4_curated_v1/Case4/csv_load/force_disp_Test_125.csv,curated_human_review,1.0,none
Case4,6x4_126,-8.0,18.0,17930.849905103307,2,6.0,4.0,6x4_curated_v1,Test_126,data/datasets/DD_cases_2_3_4_curated_v1/Case4/csv_load/force_disp_Test_126.csv,curated_human_review,1.0,none
Case4,6x4_127,-66.0,77.0,8433.232191979947,1,6.0,4.0,6x4_curated_v1,Test_127,data/datasets/DD_cases_2_3_4_curated_v1/Case4/csv_load/force_disp_Test_127.csv,curated_human_review,1.0,none
Case4,6x4_128,59.0,-70.0,10901.028508593796,1,6.0,4.0,6x4_curated_v1,Test_128,data/datasets/DD_cases_2_3_4_curated_v1/Case4/csv_load/force_disp_Test_128.csv,curated_human_review,1.0,none
Case4,6x4_129,24.0,11.0,19751.16392023655,3,6.0,4.0,6x4_curated_v1,Test_129,data/datasets/DD_cases_2_3_4_curated_v1/Case4/csv_load/force_disp_Test_129.csv,curated_human_review,1.0,none
Case4,6x4_130,-59.0,12.0,21543.467950390856,2,6.0,4.0,6x4_curated_v1,Test_130,data/datasets/DD_cases_2_3_4_curated_v1/Case4/csv_load/force_disp_Test_130.csv,curated_human_review,1.0,none
Case4,6x4_131,41.0,53.0,15325.026379625706,1,6.0,4.0,6x4_curated_v1,Test_131,data/datasets/DD_cases_2_3_4_curated_v1/Case4/csv_load/force_disp_Test_131.csv,curated_human_review,1.0,none
Case4,6x4_132,38.0,35.0,15742.111371218838,2,6.0,4.0,6x4_curated_v1,Test_132,data/datasets/DD_cases_2_3_4_curated_v1/Case4/csv_load/force_disp_Test_132.csv,curated_human_review,1.0,none
Case4,6x4_133,-21.0,37.0,18849.98592227573,2,6.0,4.0,6x4_curated_v1,Test_133,data/datasets/DD_cases_2_3_4_curated_v1/Case4/csv_load/force_disp_Test_133.csv,curated_human_review,1.0,none
Case4,6x4_134,-56.0,37.0,15597.112008826294,2,6.0,4.0,6x4_curated_v1,Test_134,data/datasets/DD_cases_2_3_4_curated_v1/Case4/csv_load/force_disp_Test_134.csv,curated_human_review,1.0,none
Case4,6x4_135,39.0,-76.0,16006.88943855908,2,6.0,4.0,6x4_curated_v1,Test_135,data/datasets/DD_cases_2_3_4_curated_v1/Case4/csv_load/force_disp_Test_135.csv,curated_human_review,1.0,none
Case4,6x4_136,8.0,-68.0,21932.581487616357,2,6.0,4.0,6x4_curated_v1,Test_136,data/datasets/DD_cases_2_3_4_curated_v1/Case4/csv_load/force_disp_Test_136.csv,curated_human_review,1.0,none
Case4,6x4_137,68.0,53.0,12230.661588968265,1,6.0,4.0,6x4_curated_v1,Test_137,data/datasets/DD_cases_2_3_4_curated_v1/Case4/csv_load/force_disp_Test_137.csv,curated_human_review,1.0,none
Case4,6x4_138,-28.0,-75.0,18425.936762558722,2,6.0,4.0,6x4_curated_v1,Test_138,data/datasets/DD_cases_2_3_4_curated_v1/Case4/csv_load/force_disp_Test_138.csv,curated_human_review,1.0,none
Case4,6x4_139,-52.0,-36.0,15468.37737358641,2,6.0,4.0,6x4_curated_v1,Test_139,data/datasets/DD_cases_2_3_4_curated_v1/Case4/csv_load/force_disp_Test_139.csv,curated_human_review,1.0,none
Case4,6x4_140,1.0,-3.0,16760.952958425063,3,6.0,4.0,6x4_curated_v1,Test_140,data/datasets/DD_cases_2_3_4_curated_v1/Case4/csv_load/force_disp_Test_140.csv,curated_human_review,1.0,none
Case4,6x4_141,79.0,49.0,11693.184234639493,1,6.0,4.0,6x4_curated_v1,Test_141,data/datasets/DD_cases_2_3_4_curated_v1/Case4/csv_load/force_disp_Test_141.csv,curated_human_review,1.0,none
Case4,6x4_142,56.0,10.0,21319.723385365323,2,6.0,4.0,6x4_curated_v1,Test_142,data/datasets/DD_cases_2_3_4_curated_v1/Case4/csv_load/force_disp_Test_142.csv,curated_human_review,1.0,none
Case4,6x4_143,39.0,-35.0,16036.190720089693,2,6.0,4.0,6x4_curated_v1,Test_143,data/datasets/DD_cases_2_3_4_curated_v1/Case4/csv_load/force_disp_Test_143.csv,curated_human_review,1.0,none
Case4,6x4_144,-86.0,-39.0,15835.30296171324,2,6.0,4.0,6x4_curated_v1,Test_144,data/datasets/DD_cases_2_3_4_curated_v1/Case4/csv_load/force_disp_Test_144.csv,curated_human_review,1.0,none
Case4,6x4_145,29.0,32.0,17321.666898558327,2,6.0,4.0,6x4_curated_v1,Test_145,data/datasets/DD_cases_2_3_4_curated_v1/Case4/csv_load/force_disp_Test_145.csv,curated_human_review,1.0,none
Case4,6x4_146,-41.0,-28.0,16422.268749824758,2,6.0,4.0,6x4_curated_v1,Test_146,data/datasets/DD_cases_2_3_4_curated_v1/Case4/csv_load/force_disp_Test_146.csv,curated_human_review,1.0,none
Case4,6x4_147,47.0,23.0,18337.610171054326,2,6.0,4.0,6x4_curated_v1,Test_147,data/datasets/DD_cases_2_3_4_curated_v1/Case4/csv_load/force_disp_Test_147.csv,curated_human_review,1.0,none
Case4,6x4_148,46.0,-62.0,15167.89709263468,1,6.0,4.0,6x4_curated_v1,Test_148,data/datasets/DD_cases_2_3_4_curated_v1/Case4/csv_load/force_disp_Test_148.csv,curated_human_review,1.0,none
Case4,6x4_149,24.0,-59.0,18488.535927105037,2,6.0,4.0,6x4_curated_v1,Test_149,data/datasets/DD_cases_2_3_4_curated_v1/Case4/csv_load/force_disp_Test_149.csv,curated_human_review,1.0,none
Case4,6x4_150,15.0,-47.0,20401.415749413034,2,6.0,4.0,6x4_curated_v1,Test_150,data/datasets/DD_cases_2_3_4_curated_v1/Case4/csv_load/force_disp_Test_150.csv,curated_human_review,1.0,none
Case4,6x4_151,-66.0,-82.0,7839.469686969595,1,6.0,4.0,6x4_curated_v1,Test_151,data/datasets/DD_cases_2_3_4_curated_v1/Case4/csv_load/force_disp_Test_151.csv,curated_human_review,1.0,none
Case4,6x4_152,-23.0,-66.0,19520.730767560206,2,6.0,4.0,6x4_curated_v1,Test_152,data/datasets/DD_cases_2_3_4_curated_v1/Case4/csv_load/force_disp_Test_152.csv,curated_human_review,1.0,none
Case4,6x4_153,50.0,-62.0,14286.851173680787,1,6.0,4.0,6x4_curated_v1,Test_153,data/datasets/DD_cases_2_3_4_curated_v1/Case4/csv_load/force_disp_Test_153.csv,curated_human_review,1.0,none
Case4,6x4_154,-65.0,-65.0,10599.394286375713,1,6.0,4.0,6x4_curated_v1,Test_154,data/datasets/DD_cases_2_3_4_curated_v1/Case4/csv_load/force_disp_Test_154.csv,curated_human_review,1.0,none
Case4,6x4_155,11.0,-32.0,21032.385995143206,2,6.0,4.0,6x4_curated_v1,Test_155,data/datasets/DD_cases_2_3_4_curated_v1/Case4/csv_load/force_disp_Test_155.csv,curated_human_review,1.0,none
Case4,6x4_156,70.0,-86.0,6910.164352987085,1,6.0,4.0,6x4_curated_v1,Test_156,data/datasets/DD_cases_2_3_4_curated_v1/Case4/csv_load/force_disp_Test_156.csv,curated_human_review,1.0,none
Case4,6x4_157,78.0,-26.0,18751.314085346956,2,6.0,4.0,6x4_curated_v1,Test_157,data/datasets/DD_cases_2_3_4_curated_v1/Case4/csv_load/force_disp_Test_157.csv,curated_human_review,1.0,none
Case4,6x4_158,17.0,-43.0,20408.53420979199,2,6.0,4.0,6x4_curated_v1,Test_158,data/datasets/DD_cases_2_3_4_curated_v1/Case4/csv_load/force_disp_Test_158.csv,curated_human_review,1.0,none
Case4,6x4_159,-9.0,-4.0,17066.94834169127,3,6.0,4.0,6x4_curated_v1,Test_159,data/datasets/DD_cases_2_3_4_curated_v1/Case4/csv_load/force_disp_Test_159.csv,curated_human_review,1.0,none
Case4,6x4_160,47.0,-13.0,20665.2862093019,2,6.0,4.0,6x4_curated_v1,Test_160,data/datasets/DD_cases_2_3_4_curated_v1/Case4/csv_load/force_disp_Test_160.csv,curated_human_review,1.0,none
Case4,6x4_161,-43.0,-45.0,15352.175073884922,1,6.0,4.0,6x4_curated_v1,Test_161,data/datasets/DD_cases_2_3_4_curated_v1/Case4/csv_load/force_disp_Test_161.csv,curated_human_review,1.0,none
Case4,6x4_162,-71.0,-11.0,21339.9828165025,2,6.0,4.0,6x4_curated_v1,Test_162,data/datasets/DD_cases_2_3_4_curated_v1/Case4/csv_load/force_disp_Test_162.csv,curated_human_review,1.0,none
Case4,6x4_163,-84.0,28.0,18210.240977751277,2,6.0,4.0,6x4_curated_v1,Test_163,data/datasets/DD_cases_2_3_4_curated_v1/Case4/csv_load/force_disp_Test_163.csv,curated_human_review,1.0,none
Case4,6x4_164,-16.0,-5.0,17924.91288582107,2,6.0,4.0,6x4_curated_v1,Test_164,data/datasets/DD_cases_2_3_4_curated_v1/Case4/csv_load/force_disp_Test_164.csv,curated_human_review,1.0,none
Case4,6x4_165,-5.0,10.0,16755.293177064803,3,6.0,4.0,6x4_curated_v1,Test_165,data/datasets/DD_cases_2_3_4_curated_v1/Case4/csv_load/force_disp_Test_165.csv,curated_human_review,1.0,none
Case4,6x4_166,-61.0,-3.0,22131.98328592722,2,6.0,4.0,6x4_curated_v1,Test_166,data/datasets/DD_cases_2_3_4_curated_v1/Case4/csv_load/force_disp_Test_166.csv,curated_human_review,1.0,none
Case4,6x4_167,-4.0,-6.0,16689.115446080476,3,6.0,4.0,6x4_curated_v1,Test_167,data/datasets/DD_cases_2_3_4_curated_v1/Case4/csv_load/force_disp_Test_167.csv,curated_human_review,1.0,none
Case4,6x4_168,-5.0,-1.0,17139.540631082622,3,6.0,4.0,6x4_curated_v1,Test_168,data/datasets/DD_cases_2_3_4_curated_v1/Case4/csv_load/force_disp_Test_168.csv,curated_human_review,1.0,none
Case4,6x4_169,58.0,-70.0,11097.69246060567,1,6.0,4.0,6x4_curated_v1,Test_169,data/datasets/DD_cases_2_3_4_curated_v1/Case4/csv_load/force_disp_Test_169.csv,curated_human_review,1.0,none
Case4,6x4_170,-35.0,-50.0,15763.79095797676,2,6.0,4.0,6x4_curated_v1,Test_170,data/datasets/DD_cases_2_3_4_curated_v1/Case4/csv_load/force_disp_Test_170.csv,curated_human_review,1.0,none
Case4,6x4_171,-6.0,-18.0,17410.69431437889,3,6.0,4.0,6x4_curated_v1,Test_171,data/datasets/DD_cases_2_3_4_curated_v1/Case4/csv_load/force_disp_Test_171.csv,curated_human_review,1.0,none
Case4,6x4_172,-68.0,5.0,22001.661542988226,2,6.0,4.0,6x4_curated_v1,Test_172,data/datasets/DD_cases_2_3_4_curated_v1/Case4/csv_load/force_disp_Test_172.csv,curated_human_review,1.0,none
Case4,6x4_173,82.0,-55.0,10147.57003477745,1,6.0,4.0,6x4_curated_v1,Test_173,data/datasets/DD_cases_2_3_4_curated_v1/Case4/csv_load/force_disp_Test_173.csv,curated_human_review,1.0,none
Case4,6x4_174,-76.0,51.0,11586.020496456618,1,6.0,4.0,6x4_curated_v1,Test_174,data/datasets/DD_cases_2_3_4_curated_v1/Case4/csv_load/force_disp_Test_174.csv,curated_human_review,1.0,none
Case4,6x4_175,-73.0,85.0,6486.307386958716,1,6.0,4.0,6x4_curated_v1,Test_175,data/datasets/DD_cases_2_3_4_curated_v1/Case4/csv_load/force_disp_Test_175.csv,curated_human_review,1.0,none
Case4,6x4_176,-36.0,30.0,16882.71816026857,2,6.0,4.0,6x4_curated_v1,Test_176,data/datasets/DD_cases_2_3_4_curated_v1/Case4/csv_load/force_disp_Test_176.csv,curated_human_review,1.0,none
Case4,6x4_177,25.0,-81.0,19145.919367808307,2,6.0,4.0,6x4_curated_v1,Test_177,data/datasets/DD_cases_2_3_4_curated_v1/Case4/csv_load/force_disp_Test_177.csv,curated_human_review,1.0,none
Case4,6x4_178,27.0,63.0,17812.74790622233,2,6.0,4.0,6x4_curated_v1,Test_178,data/datasets/DD_cases_2_3_4_curated_v1/Case4/csv_load/force_disp_Test_178.csv,curated_human_review,1.0,none
Case4,6x4_179,73.0,-44.0,15042.643394652185,1,6.0,4.0,6x4_curated_v1,Test_179,data/datasets/DD_cases_2_3_4_curated_v1/Case4/csv_load/force_disp_Test_179.csv,curated_human_review,1.0,none
Case4,6x4_180,-14.0,88.0,21811.848537109374,2,6.0,4.0,6x4_curated_v1,Test_180,data/datasets/DD_cases_2_3_4_curated_v1/Case4/csv_load/force_disp_Test_180.csv,curated_human_review,1.0,none
Case4,6x4_181,88.0,45.0,12392.318254241229,2,6.0,4.0,6x4_curated_v1,Test_181,data/datasets/DD_cases_2_3_4_curated_v1/Case4/csv_load/force_disp_Test_181.csv,curated_human_review,1.0,none
Case4,6x4_182,-14.0,42.0,20666.746430570336,2,6.0,4.0,6x4_curated_v1,Test_182,data/datasets/DD_cases_2_3_4_curated_v1/Case4/csv_load/force_disp_Test_182.csv,curated_human_review,1.0,none
Case4,6x4_183,37.0,63.0,15989.98335424239,2,6.0,4.0,6x4_curated_v1,Test_183,data/datasets/DD_cases_2_3_4_curated_v1/Case4/csv_load/force_disp_Test_183.csv,curated_human_review,1.0,none
Case4,6x4_184,83.0,43.0,11956.04729499557,2,6.0,4.0,6x4_curated_v1,Test_184,data/datasets/DD_cases_2_3_4_curated_v1/Case4/csv_load/force_disp_Test_184.csv,curated_human_review,1.0,none
Case4,6x4_185,-18.0,49.0,19624.96577963115,2,6.0,4.0,6x4_curated_v1,Test_185,data/datasets/DD_cases_2_3_4_curated_v1/Case4/csv_load/force_disp_Test_185.csv,curated_human_review,1.0,none
Case4,6x4_186,-54.0,1.0,22179.04572113914,2,6.0,4.0,6x4_curated_v1,Test_186,data/datasets/DD_cases_2_3_4_curated_v1/Case4/csv_load/force_disp_Test_186.csv,curated_human_review,1.0,none
Case4,6x4_187,-47.0,-37.0,15396.657748207082,1,6.0,4.0,6x4_curated_v1,Test_187,data/datasets/DD_cases_2_3_4_curated_v1/Case4/csv_load/force_disp_Test_187.csv,curated_human_review,1.0,none
Case4,6x4_188,-40.0,56.0,15513.92063728736,1,6.0,4.0,6x4_curated_v1,Test_188,data/datasets/DD_cases_2_3_4_curated_v1/Case4/csv_load/force_disp_Test_188.csv,curated_human_review,1.0,none
Case4,6x4_189,34.0,0.0,21657.906151661224,3,6.0,4.0,6x4_curated_v1,Test_189,data/datasets/DD_cases_2_3_4_curated_v1/Case4/csv_load/force_disp_Test_189.csv,curated_human_review,1.0,none
Case4,6x4_190,-80.0,40.0,15648.583910240095,2,6.0,4.0,6x4_curated_v1,Test_190,data/datasets/DD_cases_2_3_4_curated_v1/Case4/csv_load/force_disp_Test_190.csv,curated_human_review,1.0,none
Case4,6x4_191,-75.0,6.0,21874.91778887755,2,6.0,4.0,6x4_curated_v1,Test_191,data/datasets/DD_cases_2_3_4_curated_v1/Case4/csv_load/force_disp_Test_191.csv,curated_human_review,1.0,none
Case4,6x4_192,89.0,-86.0,4973.9925900578555,1,6.0,4.0,6x4_curated_v1,Test_192,data/datasets/DD_cases_2_3_4_curated_v1/Case4/csv_load/force_disp_Test_192.csv,curated_human_review,1.0,none
Case4,6x4_193,48.0,41.0,15388.243323403005,1,6.0,4.0,6x4_curated_v1,Test_193,data/datasets/DD_cases_2_3_4_curated_v1/Case4/csv_load/force_disp_Test_193.csv,curated_human_review,1.0,none
Case4,6x4_194,-11.0,-16.0,17756.135113982586,3,6.0,4.0,6x4_curated_v1,Test_194,data/datasets/DD_cases_2_3_4_curated_v1/Case4/csv_load/force_disp_Test_194.csv,curated_human_review,1.0,none
Case4,6x4_195,12.0,71.0,21996.260955284524,2,6.0,4.0,6x4_curated_v1,Test_195,data/datasets/DD_cases_2_3_4_curated_v1/Case4/csv_load/force_disp_Test_195.csv,curated_human_review,1.0,none
Case4,6x4_196,-32.0,84.0,17519.585877242494,2,6.0,4.0,6x4_curated_v1,Test_196,data/datasets/DD_cases_2_3_4_curated_v1/Case4/csv_load/force_disp_Test_196.csv,curated_human_review,1.0,none
Case4,6x4_197,-80.0,-38.0,15893.15974336097,2,6.0,4.0,6x4_curated_v1,Test_197,data/datasets/DD_cases_2_3_4_curated_v1/Case4/csv_load/force_disp_Test_197.csv,curated_human_review,1.0,none
Case4,6x4_198,-82.0,-53.0,10577.037843011174,1,6.0,4.0,6x4_curated_v1,Test_198,data/datasets/DD_cases_2_3_4_curated_v1/Case4/csv_load/force_disp_Test_198.csv,curated_human_review,1.0,none
Case4,6x4_199,-45.0,82.0,12884.544918881533,1,6.0,4.0,6x4_curated_v1,Test_199,data/datasets/DD_cases_2_3_4_curated_v1/Case4/csv_load/force_disp_Test_199.csv,curated_human_review,1.0,none
Case4,6x4_200,88.0,-42.0,11926.17822368546,1,6.0,4.0,6x4_curated_v1,Test_200,data/datasets/DD_cases_2_3_4_curated_v1/Case4/csv_load/force_disp_Test_200.csv,curated_human_review,1.0,none
Case4,6x4_201,-73.0,-27.0,18501.122888261427,2,6.0,4.0,6x4_curated_v1,Test_201,data/datasets/DD_cases_2_3_4_curated_v1/Case4/csv_load/force_disp_Test_201.csv,curated_human_review,1.0,none
Case4,6x4_202,-24.0,-76.0,19533.891318677703,2,6.0,4.0,6x4_curated_v1,Test_202,data/datasets/DD_cases_2_3_4_curated_v1/Case4/csv_load/force_disp_Test_202.csv,curated_human_review,1.0,none
Case4,6x4_203,33.0,58.0,16486.365230660547,2,6.0,4.0,6x4_curated_v1,Test_203,data/datasets/DD_cases_2_3_4_curated_v1/Case4/csv_load/force_disp_Test_203.csv,curated_human_review,1.0,none
Case4,6x4_204,27.0,-22.0,20176.706110514904,3,6.0,4.0,6x4_curated_v1,Test_204,data/datasets/DD_cases_2_3_4_curated_v1/Case4/csv_load/force_disp_Test_204.csv,curated_human_review,1.0,none
Case4,6x4_205,-58.0,-50.0,15043.964088905863,1,6.0,4.0,6x4_curated_v1,Test_205,data/datasets/DD_cases_2_3_4_curated_v1/Case4/csv_load/force_disp_Test_205.csv,curated_human_review,1.0,none
Case4,6x4_206,4.0,90.0,10036.736432191612,2,6.0,4.0,6x4_curated_v1,Test_206,data/datasets/DD_cases_2_3_4_curated_v1/Case4/csv_load/force_disp_Test_206.csv,curated_human_review,1.0,none
Case4,6x4_207,19.0,-83.0,19995.28621372993,2,6.0,4.0,6x4_curated_v1,Test_207,data/datasets/DD_cases_2_3_4_curated_v1/Case4/csv_load/force_disp_Test_207.csv,curated_human_review,1.0,none
Case4,6x4_208,-87.0,47.0,11851.482992077586,1,6.0,4.0,6x4_curated_v1,Test_208,data/datasets/DD_cases_2_3_4_curated_v1/Case4/csv_load/force_disp_Test_208.csv,curated_human_review,1.0,none
Case4,6x4_209,58.0,-69.0,11273.829196034098,1,6.0,4.0,6x4_curated_v1,Test_209,data/datasets/DD_cases_2_3_4_curated_v1/Case4/csv_load/force_disp_Test_209.csv,curated_human_review,1.0,none
Case4,6x4_210,-10.0,23.0,18809.799572454758,3,6.0,4.0,6x4_curated_v1,Test_210,data/datasets/DD_cases_2_3_4_curated_v1/Case4/csv_load/force_disp_Test_210.csv,curated_human_review,1.0,none
Case4,6x4_211,55.0,-59.0,13099.915601604815,1,6.0,4.0,6x4_curated_v1,Test_211,data/datasets/DD_cases_2_3_4_curated_v1/Case4/csv_load/force_disp_Test_211.csv,curated_human_review,1.0,none
Case4,6x4_212,-63.0,54.0,13167.471008135466,1,6.0,4.0,6x4_curated_v1,Test_212,data/datasets/DD_cases_2_3_4_curated_v1/Case4/csv_load/force_disp_Test_212.csv,curated_human_review,1.0,none
Case4,6x4_213,67.0,-42.0,15297.196516776994,2,6.0,4.0,6x4_curated_v1,Test_213,data/datasets/DD_cases_2_3_4_curated_v1/Case4/csv_load/force_disp_Test_213.csv,curated_human_review,1.0,none
Case4,6x4_214,63.0,-14.0,21497.268914674736,2,6.0,4.0,6x4_curated_v1,Test_214,data/datasets/DD_cases_2_3_4_curated_v1/Case4/csv_load/force_disp_Test_214.csv,curated_human_review,1.0,none
Case4,6x4_215,9.0,13.0,17607.910295194793,3,6.0,4.0,6x4_curated_v1,Test_215,data/datasets/DD_cases_2_3_4_curated_v1/Case4/csv_load/force_disp_Test_215.csv,curated_human_review,1.0,none
Case4,6x4_216,-10.0,59.0,21611.4483428287,2,6.0,4.0,6x4_curated_v1,Test_216,data/datasets/DD_cases_2_3_4_curated_v1/Case4/csv_load/force_disp_Test_216.csv,curated_human_review,1.0,none
Case4,6x4_217,21.0,56.0,19024.884481113513,2,6.0,4.0,6x4_curated_v1,Test_217,data/datasets/DD_cases_2_3_4_curated_v1/Case4/csv_load/force_disp_Test_217.csv,curated_human_review,1.0,none
Case4,6x4_218,5.0,-15.0,17605.792968490783,3,6.0,4.0,6x4_curated_v1,Test_218,data/datasets/DD_cases_2_3_4_curated_v1/Case4/csv_load/force_disp_Test_218.csv,curated_human_review,1.0,none
Case4,6x4_219,-7.0,65.0,22026.789682494044,2,6.0,4.0,6x4_curated_v1,Test_219,data/datasets/DD_cases_2_3_4_curated_v1/Case4/csv_load/force_disp_Test_219.csv,curated_human_review,1.0,none
Case4,6x4_220,14.0,-23.0,19382.372791549784,3,6.0,4.0,6x4_curated_v1,Test_220,data/datasets/DD_cases_2_3_4_curated_v1/Case4/csv_load/force_disp_Test_220.csv,curated_human_review,1.0,none
Case4,6x4_221,74.0,-56.0,10787.729413537414,1,6.0,4.0,6x4_curated_v1,Test_221,data/datasets/DD_cases_2_3_4_curated_v1/Case4/csv_load/force_disp_Test_221.csv,curated_human_review,1.0,none
Case4,6x4_222,7.0,-80.0,21951.63874377695,2,6.0,4.0,6x4_curated_v1,Test_222,data/datasets/DD_cases_2_3_4_curated_v1/Case4/csv_load/force_disp_Test_222.csv,curated_human_review,1.0,none
Case4,6x4_223,-78.0,-48.0,12156.378780918145,1,6.0,4.0,6x4_curated_v1,Test_223,data/datasets/DD_cases_2_3_4_curated_v1/Case4/csv_load/force_disp_Test_223.csv,curated_human_review,1.0,none
Case4,6x4_224,-4.0,-43.0,21078.173809356336,2,6.0,4.0,6x4_curated_v1,Test_224,data/datasets/DD_cases_2_3_4_curated_v1/Case4/csv_load/force_disp_Test_224.csv,curated_human_review,1.0,none
Case4,6x4_225,2.0,-73.0,22317.9362294314,2,6.0,4.0,6x4_curated_v1,Test_225,data/datasets/DD_cases_2_3_4_curated_v1/Case4/csv_load/force_disp_Test_225.csv,curated_human_review,1.0,none
Case4,6x4_226,-42.0,80.0,12651.832225226417,1,6.0,4.0,6x4_curated_v1,Test_226,data/datasets/DD_cases_2_3_4_curated_v1/Case4/csv_load/force_disp_Test_226.csv,curated_human_review,1.0,none
Case4,6x4_227,-42.0,-6.0,22052.64681319117,2,6.0,4.0,6x4_curated_v1,Test_227,data/datasets/DD_cases_2_3_4_curated_v1/Case4/csv_load/force_disp_Test_227.csv,curated_human_review,1.0,none
Case4,6x4_228,60.0,-31.0,16621.60805151021,2,6.0,4.0,6x4_curated_v1,Test_228,data/datasets/DD_cases_2_3_4_curated_v1/Case4/csv_load/force_disp_Test_228.csv,curated_human_review,1.0,none
Case4,6x4_229,42.0,86.0,12126.526532711148,1,6.0,4.0,6x4_curated_v1,Test_229,data/datasets/DD_cases_2_3_4_curated_v1/Case4/csv_load/force_disp_Test_229.csv,curated_human_review,1.0,none
Case4,6x4_230,-44.0,-30.0,16287.154204140936,2,6.0,4.0,6x4_curated_v1,Test_230,data/datasets/DD_cases_2_3_4_curated_v1/Case4/csv_load/force_disp_Test_230.csv,curated_human_review,1.0,none
Case4,6x4_231,-69.0,24.0,19224.879870378172,2,6.0,4.0,6x4_curated_v1,Test_231,data/datasets/DD_cases_2_3_4_curated_v1/Case4/csv_load/force_disp_Test_231.csv,curated_human_review,1.0,none
Case4,6x4_232,-8.0,-27.0,20104.036356437533,3,6.0,4.0,6x4_curated_v1,Test_232,data/datasets/DD_cases_2_3_4_curated_v1/Case4/csv_load/force_disp_Test_232.csv,curated_human_review,1.0,none
Case4,6x4_233,61.0,-20.0,19915.969943875163,2,6.0,4.0,6x4_curated_v1,Test_233,data/datasets/DD_cases_2_3_4_curated_v1/Case4/csv_load/force_disp_Test_233.csv,curated_human_review,1.0,none
Case4,6x4_234,-49.0,-40.0,15308.929501320623,1,6.0,4.0,6x4_curated_v1,Test_234,data/datasets/DD_cases_2_3_4_curated_v1/Case4/csv_load/force_disp_Test_234.csv,curated_human_review,1.0,none
Case4,6x4_235,-62.0,7.0,21835.9882752521,2,6.0,4.0,6x4_curated_v1,Test_235,data/datasets/DD_cases_2_3_4_curated_v1/Case4/csv_load/force_disp_Test_235.csv,curated_human_review,1.0,none
Case4,6x4_236,16.0,-57.0,21051.064603649524,2,6.0,4.0,6x4_curated_v1,Test_236,data/datasets/DD_cases_2_3_4_curated_v1/Case4/csv_load/force_disp_Test_236.csv,curated_human_review,1.0,none
Case4,6x4_237,-32.0,66.0,16872.448392359238,2,6.0,4.0,6x4_curated_v1,Test_237,data/datasets/DD_cases_2_3_4_curated_v1/Case4/csv_load/force_disp_Test_237.csv,curated_human_review,1.0,none
Case4,6x4_238,64.0,-22.0,19034.095052135843,2,6.0,4.0,6x4_curated_v1,Test_238,data/datasets/DD_cases_2_3_4_curated_v1/Case4/csv_load/force_disp_Test_238.csv,curated_human_review,1.0,none
Case4,6x4_239,30.0,17.0,19618.95197201205,3,6.0,4.0,6x4_curated_v1,Test_239,data/datasets/DD_cases_2_3_4_curated_v1/Case4/csv_load/force_disp_Test_239.csv,curated_human_review,1.0,none
Case4,6x4_240,53.0,26.0,17734.917223634024,2,6.0,4.0,6x4_curated_v1,Test_240,data/datasets/DD_cases_2_3_4_curated_v1/Case4/csv_load/force_disp_Test_240.csv,curated_human_review,1.0,none
Case4,6x4_241,13.0,6.0,17461.919738302284,3,6.0,4.0,6x4_curated_v1,Test_241,data/datasets/DD_cases_2_3_4_curated_v1/Case4/csv_load/force_disp_Test_241.csv,curated_human_review,1.0,none
Case4,6x4_242,-31.0,60.0,17180.947617492322,2,6.0,4.0,6x4_curated_v1,Test_242,data/datasets/DD_cases_2_3_4_curated_v1/Case4/csv_load/force_disp_Test_242.csv,curated_human_review,1.0,none
Case4,6x4_243,-63.0,-63.0,11471.812100818797,1,6.0,4.0,6x4_curated_v1,Test_243,data/datasets/DD_cases_2_3_4_curated_v1/Case4/csv_load/force_disp_Test_243.csv,curated_human_review,1.0,none
Case4,6x4_244,85.0,-58.0,9219.000408770862,1,6.0,4.0,6x4_curated_v1,Test_244,data/datasets/DD_cases_2_3_4_curated_v1/Case4/csv_load/force_disp_Test_244.csv,curated_human_review,1.0,none
Case4,6x4_245,-34.0,-14.0,19881.196425051658,2,6.0,4.0,6x4_curated_v1,Test_245,data/datasets/DD_cases_2_3_4_curated_v1/Case4/csv_load/force_disp_Test_245.csv,curated_human_review,1.0,none
Case4,6x4_246,60.0,61.0,12071.324130888881,1,6.0,4.0,6x4_curated_v1,Test_246,data/datasets/DD_cases_2_3_4_curated_v1/Case4/csv_load/force_disp_Test_246.csv,curated_human_review,1.0,none
Case4,6x4_247,-83.0,78.0,5902.682443111473,1,6.0,4.0,6x4_curated_v1,Test_247,data/datasets/DD_cases_2_3_4_curated_v1/Case4/csv_load/force_disp_Test_247.csv,curated_human_review,1.0,none
Case4,6x4_248,6.0,27.0,19351.973849259746,3,6.0,4.0,6x4_curated_v1,Test_248,data/datasets/DD_cases_2_3_4_curated_v1/Case4/csv_load/force_disp_Test_248.csv,curated_human_review,1.0,none
Case4,6x4_249,6.0,16.0,17597.91997942234,3,6.0,4.0,6x4_curated_v1,Test_249,data/datasets/DD_cases_2_3_4_curated_v1/Case4/csv_load/force_disp_Test_249.csv,curated_human_review,1.0,none
Case4,6x4_250,-47.0,64.0,15084.932570751116,1,6.0,4.0,6x4_curated_v1,Test_250,data/datasets/DD_cases_2_3_4_curated_v1/Case4/csv_load/force_disp_Test_250.csv,curated_human_review,1.0,none
Case4,6x4_251,-69.0,0.0,22172.860475327252,2,6.0,4.0,6x4_curated_v1,Test_251,data/datasets/DD_cases_2_3_4_curated_v1/Case4/csv_load/force_disp_Test_251.csv,curated_human_review,1.0,none
Case4,6x4_252,-82.0,-45.0,12769.51346224902,1,6.0,4.0,6x4_curated_v1,Test_252,data/datasets/DD_cases_2_3_4_curated_v1/Case4/csv_load/force_disp_Test_252.csv,curated_human_review,1.0,none
Case4,6x4_253,56.0,-34.0,16106.740025738418,2,6.0,4.0,6x4_curated_v1,Test_253,data/datasets/DD_cases_2_3_4_curated_v1/Case4/csv_load/force_disp_Test_253.csv,curated_human_review,1.0,none
Case4,6x4_254,-75.0,-17.0,21039.167923651,2,6.0,4.0,6x4_curated_v1,Test_254,data/datasets/DD_cases_2_3_4_curated_v1/Case4/csv_load/force_disp_Test_254.csv,curated_human_review,1.0,none
Case4,6x4_255,32.0,-60.0,16913.702942077303,2,6.0,4.0,6x4_curated_v1,Test_255,data/datasets/DD_cases_2_3_4_curated_v1/Case4/csv_load/force_disp_Test_255.csv,curated_human_review,1.0,none
Case4,6x4_256,-25.0,-11.0,19397.504730784083,3,6.0,4.0,6x4_curated_v1,Test_256,data/datasets/DD_cases_2_3_4_curated_v1/Case4/csv_load/force_disp_Test_256.csv,curated_human_review,1.0,none
Case4,6x4_257,65.0,80.0,8200.740123507769,1,6.0,4.0,6x4_curated_v1,Test_257,data/datasets/DD_cases_2_3_4_curated_v1/Case4/csv_load/force_disp_Test_257.csv,curated_human_review,1.0,none
Case4,6x4_258,54.0,-18.0,20314.08596558775,2,6.0,4.0,6x4_curated_v1,Test_258,data/datasets/DD_cases_2_3_4_curated_v1/Case4/csv_load/force_disp_Test_258.csv,curated_human_review,1.0,none
Case4,6x4_259,-6.0,38.0,22505.43002054607,2,6.0,4.0,6x4_curated_v1,Test_259,data/datasets/DD_cases_2_3_4_curated_v1/Case4/csv_load/force_disp_Test_259.csv,curated_human_review,1.0,none
Case4,6x4_260,-50.0,68.0,12955.989049221287,1,6.0,4.0,6x4_curated_v1,Test_260,data/datasets/DD_cases_2_3_4_curated_v1/Case4/csv_load/force_disp_Test_260.csv,curated_human_review,1.0,none
Case4,6x4_261,-14.0,-28.0,21004.782456813682,2,6.0,4.0,6x4_curated_v1,Test_261,data/datasets/DD_cases_2_3_4_curated_v1/Case4/csv_load/force_disp_Test_261.csv,curated_human_review,1.0,none
Case4,6x4_262,-57.0,76.0,10329.062946712249,1,6.0,4.0,6x4_curated_v1,Test_262,data/datasets/DD_cases_2_3_4_curated_v1/Case4/csv_load/force_disp_Test_262.csv,curated_human_review,1.0,none
Case4,6x4_263,-24.0,2.0,19691.9189183975,3,6.0,4.0,6x4_curated_v1,Test_263,data/datasets/DD_cases_2_3_4_curated_v1/Case4/csv_load/force_disp_Test_263.csv,curated_human_review,1.0,none
Case4,6x4_264,87.0,-65.0,7704.507732738949,1,6.0,4.0,6x4_curated_v1,Test_264,data/datasets/DD_cases_2_3_4_curated_v1/Case4/csv_load/force_disp_Test_264.csv,curated_human_review,1.0,none
Case4,6x4_265,-25.0,-84.0,19292.212069492394,2,6.0,4.0,6x4_curated_v1,Test_265,data/datasets/DD_cases_2_3_4_curated_v1/Case4/csv_load/force_disp_Test_265.csv,curated_human_review,1.0,none
Case4,6x4_266,-26.0,-39.0,17615.15288396271,2,6.0,4.0,6x4_curated_v1,Test_266,data/datasets/DD_cases_2_3_4_curated_v1/Case4/csv_load/force_disp_Test_266.csv,curated_human_review,1.0,none
Case4,6x4_267,-33.0,-46.0,15968.063155630864,2,6.0,4.0,6x4_curated_v1,Test_267,data/datasets/DD_cases_2_3_4_curated_v1/Case4/csv_load/force_disp_Test_267.csv,curated_human_review,1.0,none
Case4,6x4_268,-59.0,29.0,17341.88221619938,2,6.0,4.0,6x4_curated_v1,Test_268,data/datasets/DD_cases_2_3_4_curated_v1/Case4/csv_load/force_disp_Test_268.csv,curated_human_review,1.0,none
Case4,6x4_269,-60.0,60.0,12357.183283795895,1,6.0,4.0,6x4_curated_v1,Test_269,data/datasets/DD_cases_2_3_4_curated_v1/Case4/csv_load/force_disp_Test_269.csv,curated_human_review,1.0,none
Case4,6x4_270,10.0,76.0,21611.960588256665,2,6.0,4.0,6x4_curated_v1,Test_270,data/datasets/DD_cases_2_3_4_curated_v1/Case4/csv_load/force_disp_Test_270.csv,curated_human_review,1.0,none
Case4,6x4_271,-30.0,50.0,16678.592083709733,2,6.0,4.0,6x4_curated_v1,Test_271,data/datasets/DD_cases_2_3_4_curated_v1/Case4/csv_load/force_disp_Test_271.csv,curated_human_review,1.0,none
Case4,6x4_272,72.0,69.0,8556.787257813003,1,6.0,4.0,6x4_curated_v1,Test_272,data/datasets/DD_cases_2_3_4_curated_v1/Case4/csv_load/force_disp_Test_272.csv,curated_human_review,1.0,none
Case4,6x4_273,81.0,62.0,8656.637987841574,1,6.0,4.0,6x4_curated_v1,Test_273,data/datasets/DD_cases_2_3_4_curated_v1/Case4/csv_load/force_disp_Test_273.csv,curated_human_review,1.0,none
Case4,6x4_274,30.0,-25.0,19052.604303117045,2,6.0,4.0,6x4_curated_v1,Test_274,data/datasets/DD_cases_2_3_4_curated_v1/Case4/csv_load/force_disp_Test_274.csv,curated_human_review,1.0,none
Case4,6x4_275,80.0,-20.0,20254.760134148695,2,6.0,4.0,6x4_curated_v1,Test_275,data/datasets/DD_cases_2_3_4_curated_v1/Case4/csv_load/force_disp_Test_275.csv,curated_human_review,1.0,none
Case4,6x4_276,-88.0,70.0,6779.553781179912,1,6.0,4.0,6x4_curated_v1,Test_276,data/datasets/DD_cases_2_3_4_curated_v1/Case4/csv_load/force_disp_Test_276.csv,curated_human_review,1.0,none
Case4,6x4_277,57.0,88.0,9385.134860089873,1,6.0,4.0,6x4_curated_v1,Test_277,data/datasets/DD_cases_2_3_4_curated_v1/Case4/csv_load/force_disp_Test_277.csv,curated_human_review,1.0,none
Case4,6x4_278,18.0,78.0,20206.486064621356,2,6.0,4.0,6x4_curated_v1,Test_278,data/datasets/DD_cases_2_3_4_curated_v1/Case4/csv_load/force_disp_Test_278.csv,curated_human_review,1.0,none
Case4,6x4_279,-88.0,-89.0,4910.86792918435,1,6.0,4.0,6x4_curated_v1,Test_279,data/datasets/DD_cases_2_3_4_curated_v1/Case4/csv_load/force_disp_Test_279.csv,curated_human_review,1.0,none
Case4,6x4_280,-31.0,-12.0,20750.043732987455,3,6.0,4.0,6x4_curated_v1,Test_280,data/datasets/DD_cases_2_3_4_curated_v1/Case4/csv_load/force_disp_Test_280.csv,curated_human_review,1.0,none
Case4,6x4_281,-72.0,-17.0,21030.65079267539,2,6.0,4.0,6x4_curated_v1,Test_281,data/datasets/DD_cases_2_3_4_curated_v1/Case4/csv_load/force_disp_Test_281.csv,curated_human_review,1.0,none
Case4,6x4_282,25.0,-74.0,18957.25163945338,2,6.0,4.0,6x4_curated_v1,Test_282,data/datasets/DD_cases_2_3_4_curated_v1/Case4/csv_load/force_disp_Test_282.csv,curated_human_review,1.0,none
Case4,6x4_283,34.0,-21.0,19009.848796371974,2,6.0,4.0,6x4_curated_v1,Test_283,data/datasets/DD_cases_2_3_4_curated_v1/Case4/csv_load/force_disp_Test_283.csv,curated_human_review,1.0,none
Case4,6x4_284,16.0,16.0,18518.32541803028,3,6.0,4.0,6x4_curated_v1,Test_284,data/datasets/DD_cases_2_3_4_curated_v1/Case4/csv_load/force_disp_Test_284.csv,curated_human_review,1.0,none
Case4,6x4_285,-21.0,55.0,19079.6016532544,2,6.0,4.0,6x4_curated_v1,Test_285,data/datasets/DD_cases_2_3_4_curated_v1/Case4/csv_load/force_disp_Test_285.csv,curated_human_review,1.0,none
Case4,6x4_286,40.0,-87.0,12552.935520450395,1,6.0,4.0,6x4_curated_v1,Test_286,data/datasets/DD_cases_2_3_4_curated_v1/Case4/csv_load/force_disp_Test_286.csv,curated_human_review,1.0,none
Case4,6x4_287,-77.0,22.0,19849.465707642335,2,6.0,4.0,6x4_curated_v1,Test_287,data/datasets/DD_cases_2_3_4_curated_v1/Case4/csv_load/force_disp_Test_287.csv,curated_human_review,1.0,none
Case4,6x4_288,37.0,70.0,16209.397827074268,2,6.0,4.0,6x4_curated_v1,Test_288,data/datasets/DD_cases_2_3_4_curated_v1/Case4/csv_load/force_disp_Test_288.csv,curated_human_review,1.0,none
Case4,6x4_289,-9.0,44.0,21690.846366785077,2,6.0,4.0,6x4_curated_v1,Test_289,data/datasets/DD_cases_2_3_4_curated_v1/Case4/csv_load/force_disp_Test_289.csv,curated_human_review,1.0,none
Case4,6x4_290,20.0,-82.0,20429.775187642066,2,6.0,4.0,6x4_curated_v1,Test_290,data/datasets/DD_cases_2_3_4_curated_v1/Case4/csv_load/force_disp_Test_290.csv,curated_human_review,1.0,none
Case4,6x4_291,26.0,5.0,19104.838989224707,3,6.0,4.0,6x4_curated_v1,Test_291,data/datasets/DD_cases_2_3_4_curated_v1/Case4/csv_load/force_disp_Test_291.csv,curated_human_review,1.0,none
Case4,6x4_292,71.0,-88.0,6673.224529845868,1,6.0,4.0,6x4_curated_v1,Test_292,data/datasets/DD_cases_2_3_4_curated_v1/Case4/csv_load/force_disp_Test_292.csv,curated_human_review,1.0,none
Case4,6x4_293,-28.0,11.0,19825.369609052064,3,6.0,4.0,6x4_curated_v1,Test_293,data/datasets/DD_cases_2_3_4_curated_v1/Case4/csv_load/force_disp_Test_293.csv,curated_human_review,1.0,none
Case4,6x4_294,-71.0,-57.0,10910.039753327488,1,6.0,4.0,6x4_curated_v1,Test_294,data/datasets/DD_cases_2_3_4_curated_v1/Case4/csv_load/force_disp_Test_294.csv,curated_human_review,1.0,none
Case4,6x4_295,-84.0,-9.0,21533.987799605206,2,6.0,4.0,6x4_curated_v1,Test_295,data/datasets/DD_cases_2_3_4_curated_v1/Case4/csv_load/force_disp_Test_295.csv,curated_human_review,1.0,none
Case4,6x4_296,-48.0,82.0,11897.097229080318,1,6.0,4.0,6x4_curated_v1,Test_296,data/datasets/DD_cases_2_3_4_curated_v1/Case4/csv_load/force_disp_Test_296.csv,curated_human_review,1.0,none
Case4,6x4_297,-13.0,-4.0,17587.509234222816,3,6.0,4.0,6x4_curated_v1,Test_297,data/datasets/DD_cases_2_3_4_curated_v1/Case4/csv_load/force_disp_Test_297.csv,curated_human_review,1.0,none
Case4,6x4_298,-19.0,-23.0,19774.53180813125,3,6.0,4.0,6x4_curated_v1,Test_298,data/datasets/DD_cases_2_3_4_curated_v1/Case4/csv_load/force_disp_Test_298.csv,curated_human_review,1.0,none
Case4,6x4_299,5.0,-32.0,21926.645819261597,3,6.0,4.0,6x4_curated_v1,Test_299,data/datasets/DD_cases_2_3_4_curated_v1/Case4/csv_load/force_disp_Test_299.csv,curated_human_review,1.0,none
Case4,6x4_300,51.0,46.0,15617.486585595781,1,6.0,4.0,6x4_curated_v1,Test_300,data/datasets/DD_cases_2_3_4_curated_v1/Case4/csv_load/force_disp_Test_300.csv,curated_human_review,1.0,none
Case4,6x8_001,65.0,19.0,7534.715071405816,2,6.0,8.0,6x8_new_data_curve_classifier_v1,Test_001,data/New_Data/csv_6x8_Case4/force_disp_Test_001.csv,curve_classifier_pseudo_label,0.72,medium
Case4,6x8_002,40.0,-51.0,9914.920416991428,2,6.0,8.0,6x8_new_data_curve_classifier_v1,Test_002,data/New_Data/csv_6x8_Case4/force_disp_Test_002.csv,curve_classifier_pseudo_label,0.54,high
Case4,6x8_003,-44.0,65.0,9432.477883311005,2,6.0,8.0,6x8_new_data_curve_classifier_v1,Test_003,data/New_Data/csv_6x8_Case4/force_disp_Test_003.csv,curve_classifier_pseudo_label,0.5766666666666667,high
Case4,6x8_004,49.0,48.0,10345.814402965785,1,6.0,8.0,6x8_new_data_curve_classifier_v1,Test_004,data/New_Data/csv_6x8_Case4/force_disp_Test_004.csv,curve_classifier_pseudo_label,0.9366666666666666,low
Case4,6x8_005,-52.0,20.0,7813.979543973258,2,6.0,8.0,6x8_new_data_curve_classifier_v1,Test_005,data/New_Data/csv_6x8_Case4/force_disp_Test_005.csv,curve_classifier_pseudo_label,0.7366666666666667,medium
Case4,6x8_006,-15.0,-74.0,6880.468260381428,2,6.0,8.0,6x8_new_data_curve_classifier_v1,Test_006,data/New_Data/csv_6x8_Case4/force_disp_Test_006.csv,curve_classifier_pseudo_label,0.75,medium
Case4,6x8_007,51.0,-83.0,8428.041592901605,1,6.0,8.0,6x8_new_data_curve_classifier_v1,Test_007,data/New_Data/csv_6x8_Case4/force_disp_Test_007.csv,curve_classifier_pseudo_label,0.82,medium
Case4,6x8_008,86.0,9.0,6282.417083502739,2,6.0,8.0,6x8_new_data_curve_classifier_v1,Test_008,data/New_Data/csv_6x8_Case4/force_disp_Test_008.csv,curve_classifier_pseudo_label,0.6383333333333333,high
Case4,6x8_009,-63.0,21.0,7789.657812953683,2,6.0,8.0,6x8_new_data_curve_classifier_v1,Test_009,data/New_Data/csv_6x8_Case4/force_disp_Test_009.csv,curve_classifier_pseudo_label,0.775,medium
Case4,6x8_010,-74.0,83.0,4291.269133329335,1,6.0,8.0,6x8_new_data_curve_classifier_v1,Test_010,data/New_Data/csv_6x8_Case4/force_disp_Test_010.csv,curve_classifier_pseudo_label,0.645,high
Case4,6x8_011,-39.0,-9.0,6617.1769490242,3,6.0,8.0,6x8_new_data_curve_classifier_v1,Test_011,data/New_Data/csv_6x8_Case4/force_disp_Test_011.csv,curve_classifier_pseudo_label,0.545,high
Case4,6x8_012,-56.0,9.0,7211.061770148175,2,6.0,8.0,6x8_new_data_curve_classifier_v1,Test_012,data/New_Data/csv_6x8_Case4/force_disp_Test_012.csv,curve_classifier_pseudo_label,0.685,high
Case4,6x8_013,61.0,33.0,8742.194851189088,2,6.0,8.0,6x8_new_data_curve_classifier_v1,Test_013,data/New_Data/csv_6x8_Case4/force_disp_Test_013.csv,curve_classifier_pseudo_label,0.6833333333333333,high
Case4,6x8_014,19.0,79.0,6960.1225870275575,2,6.0,8.0,6x8_new_data_curve_classifier_v1,Test_014,data/New_Data/csv_6x8_Case4/force_disp_Test_014.csv,curve_classifier_pseudo_label,0.8366666666666667,medium
Case4,6x8_015,35.0,60.0,8937.893070147522,2,6.0,8.0,6x8_new_data_curve_classifier_v1,Test_015,data/New_Data/csv_6x8_Case4/force_disp_Test_015.csv,curve_classifier_pseudo_label,0.6466666666666666,high
Case4,6x8_016,75.0,-61.0,6871.359299724581,1,6.0,8.0,6x8_new_data_curve_classifier_v1,Test_016,data/New_Data/csv_6x8_Case4/force_disp_Test_016.csv,curve_classifier_pseudo_label,0.9083333333333333,low
Case4,6x8_017,-30.0,66.0,8414.677848720406,2,6.0,8.0,6x8_new_data_curve_classifier_v1,Test_017,data/New_Data/csv_6x8_Case4/force_disp_Test_017.csv,curve_classifier_pseudo_label,0.7816666666666666,medium
Case4,6x8_018,-53.0,31.0,8868.372983953357,2,6.0,8.0,6x8_new_data_curve_classifier_v1,Test_018,data/New_Data/csv_6x8_Case4/force_disp_Test_018.csv,curve_classifier_pseudo_label,0.72,medium
Case4,6x8_019,-79.0,29.0,7800.330377543276,2,6.0,8.0,6x8_new_data_curve_classifier_v1,Test_019,data/New_Data/csv_6x8_Case4/force_disp_Test_019.csv,curve_classifier_pseudo_label,0.7716666666666666,medium
Case4,6x8_020,-2.0,48.0,6916.845392701806,2,6.0,8.0,6x8_new_data_curve_classifier_v1,Test_020,data/New_Data/csv_6x8_Case4/force_disp_Test_020.csv,curve_classifier_pseudo_label,0.6566666666666666,high
Case4,6x8_021,-49.0,-67.0,9503.869878837782,1,6.0,8.0,6x8_new_data_curve_classifier_v1,Test_021,data/New_Data/csv_6x8_Case4/force_disp_Test_021.csv,curve_classifier_pseudo_label,0.52,high
Case4,6x8_022,43.0,-33.0,9081.458872312436,2,6.0,8.0,6x8_new_data_curve_classifier_v1,Test_022,data/New_Data/csv_6x8_Case4/force_disp_Test_022.csv,curve_classifier_pseudo_label,0.595,high
Case4,6x8_023,62.0,-67.0,7298.688867118204,1,6.0,8.0,6x8_new_data_curve_classifier_v1,Test_023,data/New_Data/csv_6x8_Case4/force_disp_Test_023.csv,curve_classifier_pseudo_label,0.8916666666666667,low
Case4,6x8_024,30.0,75.0,7933.859772224845,2,6.0,8.0,6x8_new_data_curve_classifier_v1,Test_024,data/New_Data/csv_6x8_Case4/force_disp_Test_024.csv,curve_classifier_pseudo_label,0.7766666666666666,medium
Case4,6x8_025,80.0,-80.0,4242.450811588644,1,6.0,8.0,6x8_new_data_curve_classifier_v1,Test_025,data/New_Data/csv_6x8_Case4/force_disp_Test_025.csv,curve_classifier_pseudo_label,0.6583333333333333,high
Case4,6x8_026,-81.0,73.0,4542.812673731576,1,6.0,8.0,6x8_new_data_curve_classifier_v1,Test_026,data/New_Data/csv_6x8_Case4/force_disp_Test_026.csv,curve_classifier_pseudo_label,0.6816666666666666,high
Case4,6x8_027,54.0,-38.0,9565.27168420092,2,6.0,8.0,6x8_new_data_curve_classifier_v1,Test_027,data/New_Data/csv_6x8_Case4/force_disp_Test_027.csv,curve_classifier_pseudo_label,0.5716666666666667,high
Case4,6x8_028,36.0,-31.0,8694.219410304984,2,6.0,8.0,6x8_new_data_curve_classifier_v1,Test_028,data/New_Data/csv_6x8_Case4/force_disp_Test_028.csv,curve_classifier_pseudo_label,0.6066666666666667,high
Case4,6x8_029,52.0,-41.0,9981.447883419944,2,6.0,8.0,6x8_new_data_curve_classifier_v1,Test_029,data/New_Data/csv_6x8_Case4/force_disp_Test_029.csv,curve_classifier_pseudo_label,0.5266666666666666,high
Case4,6x8_030,15.0,-12.0,5254.507497881742,3,6.0,8.0,6x8_new_data_curve_classifier_v1,Test_030,data/New_Data/csv_6x8_Case4/force_disp_Test_030.csv,curve_classifier_pseudo_label,0.8583333333333333,low
Case4,6x8_031,-55.0,-62.0,8703.90252296249,1,6.0,8.0,6x8_new_data_curve_classifier_v1,Test_031,data/New_Data/csv_6x8_Case4/force_disp_Test_031.csv,curve_classifier_pseudo_label,0.975,low
Case4,6x8_032,-19.0,-7.0,5185.704814453898,3,6.0,8.0,6x8_new_data_curve_classifier_v1,Test_032,data/New_Data/csv_6x8_Case4/force_disp_Test_032.csv,curve_classifier_pseudo_label,0.79,medium
Case4,6x8_033,-61.0,86.0,5970.411415920815,1,6.0,8.0,6x8_new_data_curve_classifier_v1,Test_033,data/New_Data/csv_6x8_Case4/force_disp_Test_033.csv,curve_classifier_pseudo_label,0.7083333333333334,medium
Case4,6x8_034,-43.0,-15.0,7190.763504882399,2,6.0,8.0,6x8_new_data_curve_classifier_v1,Test_034,data/New_Data/csv_6x8_Case4/force_disp_Test_034.csv,curve_classifier_pseudo_label,0.53,high
Case4,6x8_035,70.0,81.0,4865.016050006694,1,6.0,8.0,6x8_new_data_curve_classifier_v1,Test_035,data/New_Data/csv_6x8_Case4/force_disp_Test_035.csv,curve_classifier_pseudo_label,0.6216666666666667,high
Case4,6x8_036,8.0,25.0,5720.320830925971,3,6.0,8.0,6x8_new_data_curve_classifier_v1,Test_036,data/New_Data/csv_6x8_Case4/force_disp_Test_036.csv,curve_classifier_pseudo_label,0.805,medium
Case4,6x8_037,-85.0,67.0,5062.2037207287,1,6.0,8.0,6x8_new_data_curve_classifier_v1,Test_037,data/New_Data/csv_6x8_Case4/force_disp_Test_037.csv,curve_classifier_pseudo_label,0.685,high
Case4,6x8_038,-56.0,52.0,9708.181842461105,1,6.0,8.0,6x8_new_data_curve_classifier_v1,Test_038,data/New_Data/csv_6x8_Case4/force_disp_Test_038.csv,curve_classifier_pseudo_label,0.9833333333333333,low
Case4,6x8_039,64.0,42.0,9278.336349474816,2,6.0,8.0,6x8_new_data_curve_classifier_v1,Test_039,data/New_Data/csv_6x8_Case4/force_disp_Test_039.csv,curve_classifier_pseudo_label,0.5816666666666667,high
Case4,6x8_040,-27.0,-54.0,8424.713745640005,2,6.0,8.0,6x8_new_data_curve_classifier_v1,Test_040,data/New_Data/csv_6x8_Case4/force_disp_Test_040.csv,curve_classifier_pseudo_label,0.69,high
Case4,6x8_041,-2.0,-68.0,6692.884215057182,2,6.0,8.0,6x8_new_data_curve_classifier_v1,Test_041,data/New_Data/csv_6x8_Case4/force_disp_Test_041.csv,curve_classifier_pseudo_label,0.7216666666666667,medium
Case4,6x8_042,84.0,51.0,8357.185167173264,1,6.0,8.0,6x8_new_data_curve_classifier_v1,Test_042,data/New_Data/csv_6x8_Case4/force_disp_Test_042.csv,curve_classifier_pseudo_label,0.5266666666666666,high
Case4,6x8_043,79.0,-71.0,4956.117892093866,1,6.0,8.0,6x8_new_data_curve_classifier_v1,Test_043,data/New_Data/csv_6x8_Case4/force_disp_Test_043.csv,curve_classifier_pseudo_label,0.785,medium
Case4,6x8_044,59.0,-56.0,8837.212253399226,1,6.0,8.0,6x8_new_data_curve_classifier_v1,Test_044,data/New_Data/csv_6x8_Case4/force_disp_Test_044.csv,curve_classifier_pseudo_label,0.9866666666666667,low
Case4,6x8_045,-18.0,-35.0,7103.081242022104,3,6.0,8.0,6x8_new_data_curve_classifier_v1,Test_045,data/New_Data/csv_6x8_Case4/force_disp_Test_045.csv,curve_classifier_pseudo_label,0.525,high
Case4,6x8_046,-76.0,-77.0,4604.562149050341,1,6.0,8.0,6x8_new_data_curve_classifier_v1,Test_046,data/New_Data/csv_6x8_Case4/force_disp_Test_046.csv,curve_classifier_pseudo_label,0.6866666666666666,high
Case4,6x8_047,42.0,27.0,8206.135290238222,2,6.0,8.0,6x8_new_data_curve_classifier_v1,Test_047,data/New_Data/csv_6x8_Case4/force_disp_Test_047.csv,curve_classifier_pseudo_label,0.6333333333333333,high
Case4,6x8_048,1.0,71.0,6563.388039393604,2,6.0,8.0,6x8_new_data_curve_classifier_v1,Test_048,data/New_Data/csv_6x8_Case4/force_disp_Test_048.csv,curve_classifier_pseudo_label,0.7983333333333333,medium
Case4,6x8_049,-37.0,22.0,7640.056383316708,2,6.0,8.0,6x8_new_data_curve_classifier_v1,Test_049,data/New_Data/csv_6x8_Case4/force_disp_Test_049.csv,curve_classifier_pseudo_label,0.555,high
Case4,6x8_050,-16.0,44.0,7421.293317093813,2,6.0,8.0,6x8_new_data_curve_classifier_v1,Test_050,data/New_Data/csv_6x8_Case4/force_disp_Test_050.csv,curve_classifier_pseudo_label,0.665,high
Case4,6x8_051,28.0,57.0,8468.996858937608,2,6.0,8.0,6x8_new_data_curve_classifier_v1,Test_051,data/New_Data/csv_6x8_Case4/force_disp_Test_051.csv,curve_classifier_pseudo_label,0.7183333333333334,medium
Case4,6x8_052,-79.0,34.0,8096.135686112949,2,6.0,8.0,6x8_new_data_curve_classifier_v1,Test_052,data/New_Data/csv_6x8_Case4/force_disp_Test_052.csv,curve_classifier_pseudo_label,0.7516666666666667,medium
Case4,6x8_053,3.0,87.0,6096.586330399429,2,6.0,8.0,6x8_new_data_curve_classifier_v1,Test_053,data/New_Data/csv_6x8_Case4/force_disp_Test_053.csv,curve_classifier_pseudo_label,0.69,high
Case4,6x8_054,-17.0,-44.0,7424.493099337768,2,6.0,8.0,6x8_new_data_curve_classifier_v1,Test_054,data/New_Data/csv_6x8_Case4/force_disp_Test_054.csv,curve_classifier_pseudo_label,0.5916666666666667,high
Case4,6x8_055,44.0,-49.0,10549.665211453328,1,6.0,8.0,6x8_new_data_curve_classifier_v1,Test_055,data/New_Data/csv_6x8_Case4/force_disp_Test_055.csv,curve_classifier_pseudo_label,0.705,medium
Case4,6x8_056,67.0,-19.0,7464.384582603821,2,6.0,8.0,6x8_new_data_curve_classifier_v1,Test_056,data/New_Data/csv_6x8_Case4/force_disp_Test_056.csv,curve_classifier_pseudo_label,0.7233333333333334,medium
Case4,6x8_057,2.0,74.0,6406.265356381364,2,6.0,8.0,6x8_new_data_curve_classifier_v1,Test_057,data/New_Data/csv_6x8_Case4/force_disp_Test_057.csv,curve_classifier_pseudo_label,0.77,medium
Case4,6x8_058,82.0,19.0,6870.007684597509,2,6.0,8.0,6x8_new_data_curve_classifier_v1,Test_058,data/New_Data/csv_6x8_Case4/force_disp_Test_058.csv,curve_classifier_pseudo_label,0.7183333333333334,medium
Case4,6x8_059,14.0,3.0,4709.967384803875,3,6.0,8.0,6x8_new_data_curve_classifier_v1,Test_059,data/New_Data/csv_6x8_Case4/force_disp_Test_059.csv,curve_classifier_pseudo_label,0.8733333333333333,low
Case4,6x8_060,44.0,-84.0,8477.213186269419,2,6.0,8.0,6x8_new_data_curve_classifier_v1,Test_060,data/New_Data/csv_6x8_Case4/force_disp_Test_060.csv,curve_classifier_pseudo_label,0.5183333333333333,high
Case4,6x8_061,0.0,-52.0,6987.518535161345,2,6.0,8.0,6x8_new_data_curve_classifier_v1,Test_061,data/New_Data/csv_6x8_Case4/force_disp_Test_061.csv,curve_classifier_pseudo_label,0.6466666666666666,high
Case4,6x8_062,33.0,26.0,7827.58928641721,2,6.0,8.0,6x8_new_data_curve_classifier_v1,Test_062,data/New_Data/csv_6x8_Case4/force_disp_Test_062.csv,curve_classifier_pseudo_label,0.49333333333333335,high
Case4,6x8_063,-75.0,38.0,8508.498726557214,2,6.0,8.0,6x8_new_data_curve_classifier_v1,Test_063,data/New_Data/csv_6x8_Case4/force_disp_Test_063.csv,curve_classifier_pseudo_label,0.6866666666666666,high
Case4,6x8_064,-20.0,55.0,7897.68401295813,2,6.0,8.0,6x8_new_data_curve_classifier_v1,Test_064,data/New_Data/csv_6x8_Case4/force_disp_Test_064.csv,curve_classifier_pseudo_label,0.8066666666666666,medium
Case4,6x8_065,72.0,31.0,8148.871497925377,2,6.0,8.0,6x8_new_data_curve_classifier_v1,Test_065,data/New_Data/csv_6x8_Case4/force_disp_Test_065.csv,curve_classifier_pseudo_label,0.7166666666666667,medium
Case4,6x8_066,75.0,72.0,5336.3009277028705,1,6.0,8.0,6x8_new_data_curve_classifier_v1,Test_066,data/New_Data/csv_6x8_Case4/force_disp_Test_066.csv,curve_classifier_pseudo_label,0.6583333333333333,high
Case4,6x8_067,-83.0,68.0,5018.832270502839,1,6.0,8.0,6x8_new_data_curve_classifier_v1,Test_067,data/New_Data/csv_6x8_Case4/force_disp_Test_067.csv,curve_classifier_pseudo_label,0.695,high
Case4,6x8_068,-26.0,-1.0,5685.7966610439935,3,6.0,8.0,6x8_new_data_curve_classifier_v1,Test_068,data/New_Data/csv_6x8_Case4/force_disp_Test_068.csv,curve_classifier_pseudo_label,0.775,medium
Case4,6x8_069,-36.0,57.0,9269.875387253875,2,6.0,8.0,6x8_new_data_curve_classifier_v1,Test_069,data/New_Data/csv_6x8_Case4/force_disp_Test_069.csv,curve_classifier_pseudo_label,0.6283333333333333,high
Case4,6x8_070,-89.0,-51.0,8186.885156503056,1,6.0,8.0,6x8_new_data_curve_classifier_v1,Test_070,data/New_Data/csv_6x8_Case4/force_disp_Test_070.csv,curve_classifier_pseudo_label,0.615,high
Case4,6x8_071,-45.0,-29.0,8522.70335144116,2,6.0,8.0,6x8_new_data_curve_classifier_v1,Test_071,data/New_Data/csv_6x8_Case4/force_disp_Test_071.csv,curve_classifier_pseudo_label,0.6566666666666666,high
Case4,6x8_072,-29.0,13.0,6416.567888444309,3,6.0,8.0,6x8_new_data_curve_classifier_v1,Test_072,data/New_Data/csv_6x8_Case4/force_disp_Test_072.csv,curve_classifier_pseudo_label,0.7433333333333333,medium
Case4,6x8_073,-22.0,46.0,7986.551751007632,2,6.0,8.0,6x8_new_data_curve_classifier_v1,Test_073,data/New_Data/csv_6x8_Case4/force_disp_Test_073.csv,curve_classifier_pseudo_label,0.7433333333333333,medium
Case4,6x8_074,-1.0,-8.0,4454.939969781293,3,6.0,8.0,6x8_new_data_curve_classifier_v1,Test_074,data/New_Data/csv_6x8_Case4/force_disp_Test_074.csv,curve_classifier_pseudo_label,0.8783333333333333,low
Case4,6x8_075,-22.0,82.0,7143.206077416182,2,6.0,8.0,6x8_new_data_curve_classifier_v1,Test_075,data/New_Data/csv_6x8_Case4/force_disp_Test_075.csv,curve_classifier_pseudo_label,0.855,low
Case4,6x8_076,50.0,5.0,6882.240635812853,2,6.0,8.0,6x8_new_data_curve_classifier_v1,Test_076,data/New_Data/csv_6x8_Case4/force_disp_Test_076.csv,curve_classifier_pseudo_label,0.575,high
Case4,6x8_077,-64.0,20.0,7737.312632660686,2,6.0,8.0,6x8_new_data_curve_classifier_v1,Test_077,data/New_Data/csv_6x8_Case4/force_disp_Test_077.csv,curve_classifier_pseudo_label,0.77,medium
Case4,6x8_078,29.0,-79.0,7803.462007931789,2,6.0,8.0,6x8_new_data_curve_classifier_v1,Test_078,data/New_Data/csv_6x8_Case4/force_disp_Test_078.csv,curve_classifier_pseudo_label,0.78,medium
Case4,6x8_079,-67.0,39.0,8982.995305747301,2,6.0,8.0,6x8_new_data_curve_classifier_v1,Test_079,data/New_Data/csv_6x8_Case4/force_disp_Test_079.csv,curve_classifier_pseudo_label,0.6383333333333333,high
Case4,6x8_080,-53.0,-64.0,10024.140841406297,1,6.0,8.0,6x8_new_data_curve_classifier_v1,Test_080,data/New_Data/csv_6x8_Case4/force_disp_Test_080.csv,curve_classifier_pseudo_label,0.9733333333333334,low
Case4,6x8_081,-38.0,-72.0,8627.018592297212,2,6.0,8.0,6x8_new_data_curve_classifier_v1,Test_081,data/New_Data/csv_6x8_Case4/force_disp_Test_081.csv,curve_classifier_pseudo_label,0.64,high
Case4,6x8_082,85.0,48.0,8544.433939422363,2,6.0,8.0,6x8_new_data_curve_classifier_v1,Test_082,data/New_Data/csv_6x8_Case4/force_disp_Test_082.csv,curve_classifier_pseudo_label,0.5533333333333333,high
Case4,6x8_083,-12.0,85.0,6471.801341815617,2,6.0,8.0,6x8_new_data_curve_classifier_v1,Test_083,data/New_Data/csv_6x8_Case4/force_disp_Test_083.csv,curve_classifier_pseudo_label,0.82,medium
Case4,6x8_084,77.0,-48.0,8872.342836870366,2,6.0,8.0,6x8_new_data_curve_classifier_v1,Test_084,data/New_Data/csv_6x8_Case4/force_disp_Test_084.csv,curve_classifier_pseudo_label,0.49,high
Case4,6x8_085,45.0,75.0,8820.118349899549,2,6.0,8.0,6x8_new_data_curve_classifier_v1,Test_085,data/New_Data/csv_6x8_Case4/force_disp_Test_085.csv,curve_classifier_pseudo_label,0.555,high
Case4,6x8_086,-41.0,-54.0,9785.106877733755,2,6.0,8.0,6x8_new_data_curve_classifier_v1,Test_086,data/New_Data/csv_6x8_Case4/force_disp_Test_086.csv,curve_classifier_pseudo_label,0.5666666666666667,high
Case4,6x8_087,-38.0,89.0,8152.117779680076,2,6.0,8.0,6x8_new_data_curve_classifier_v1,Test_087,data/New_Data/csv_6x8_Case4/force_disp_Test_087.csv,curve_classifier_pseudo_label,0.6933333333333334,high
Case4,6x8_088,23.0,33.0,7461.225603669868,2,6.0,8.0,6x8_new_data_curve_classifier_v1,Test_088,data/New_Data/csv_6x8_Case4/force_disp_Test_088.csv,curve_classifier_pseudo_label,0.45166666666666666,high
Case4,6x8_089,18.0,-35.0,7095.691677222553,3,6.0,8.0,6x8_new_data_curve_classifier_v1,Test_089,data/New_Data/csv_6x8_Case4/force_disp_Test_089.csv,curve_classifier_pseudo_label,0.4766666666666667,high
Case4,6x8_090,-65.0,24.0,7976.981791930181,2,6.0,8.0,6x8_new_data_curve_classifier_v1,Test_090,data/New_Data/csv_6x8_Case4/force_disp_Test_090.csv,curve_classifier_pseudo_label,0.7766666666666666,medium
Case4,6x8_091,11.0,36.0,6625.152210227835,3,6.0,8.0,6x8_new_data_curve_classifier_v1,Test_091,data/New_Data/csv_6x8_Case4/force_disp_Test_091.csv,curve_classifier_pseudo_label,0.6283333333333333,high
Case4,6x8_092,-38.0,-40.0,9702.760328515584,2,6.0,8.0,6x8_new_data_curve_classifier_v1,Test_092,data/New_Data/csv_6x8_Case4/force_disp_Test_092.csv,curve_classifier_pseudo_label,0.53,high
Case4,6x8_093,-70.0,-78.0,5125.362950803406,1,6.0,8.0,6x8_new_data_curve_classifier_v1,Test_093,data/New_Data/csv_6x8_Case4/force_disp_Test_093.csv,curve_classifier_pseudo_label,0.7283333333333334,medium
Case4,6x8_094,73.0,-55.0,8508.594598327965,1,6.0,8.0,6x8_new_data_curve_classifier_v1,Test_094,data/New_Data/csv_6x8_Case4/force_disp_Test_094.csv,curve_classifier_pseudo_label,0.9733333333333334,low
Case4,6x8_095,68.0,-30.0,8337.406838288463,2,6.0,8.0,6x8_new_data_curve_classifier_v1,Test_095,data/New_Data/csv_6x8_Case4/force_disp_Test_095.csv,curve_classifier_pseudo_label,0.7416666666666667,medium
Case4,6x8_096,84.0,-52.0,8107.180297654419,1,6.0,8.0,6x8_new_data_curve_classifier_v1,Test_096,data/New_Data/csv_6x8_Case4/force_disp_Test_096.csv,curve_classifier_pseudo_label,0.7366666666666667,medium
Case4,6x8_097,-46.0,-23.0,7984.983347223492,2,6.0,8.0,6x8_new_data_curve_classifier_v1,Test_097,data/New_Data/csv_6x8_Case4/force_disp_Test_097.csv,curve_classifier_pseudo_label,0.6483333333333333,high
Case4,6x8_098,-1.0,36.0,6233.452447751497,3,6.0,8.0,6x8_new_data_curve_classifier_v1,Test_098,data/New_Data/csv_6x8_Case4/force_disp_Test_098.csv,curve_classifier_pseudo_label,0.7016666666666667,medium
Case4,6x8_099,90.0,40.0,8219.557921999232,2,6.0,8.0,6x8_new_data_curve_classifier_v1,Test_099,data/New_Data/csv_6x8_Case4/force_disp_Test_099.csv,curve_classifier_pseudo_label,0.5683333333333334,high
Case4,6x8_100,69.0,62.0,7030.441717237739,1,6.0,8.0,6x8_new_data_curve_classifier_v1,Test_100,data/New_Data/csv_6x8_Case4/force_disp_Test_100.csv,curve_classifier_pseudo_label,0.8,medium
Case4,6x8_101,48.0,15.0,7301.068736934463,2,6.0,8.0,6x8_new_data_curve_classifier_v1,Test_101,data/New_Data/csv_6x8_Case4/force_disp_Test_101.csv,curve_classifier_pseudo_label,0.6183333333333333,high
Case4,6x8_102,76.0,-24.0,7559.699790121312,2,6.0,8.0,6x8_new_data_curve_classifier_v1,Test_102,data/New_Data/csv_6x8_Case4/force_disp_Test_102.csv,curve_classifier_pseudo_label,0.755,medium
Case4,6x8_103,66.0,14.0,7188.988053844833,2,6.0,8.0,6x8_new_data_curve_classifier_v1,Test_103,data/New_Data/csv_6x8_Case4/force_disp_Test_103.csv,curve_classifier_pseudo_label,0.6933333333333334,high
Case4,6x8_104,83.0,3.0,6097.975702163886,2,6.0,8.0,6x8_new_data_curve_classifier_v1,Test_104,data/New_Data/csv_6x8_Case4/force_disp_Test_104.csv,curve_classifier_pseudo_label,0.525,high
Case4,6x8_105,89.0,-77.0,3788.9218588223316,1,6.0,8.0,6x8_new_data_curve_classifier_v1,Test_105,data/New_Data/csv_6x8_Case4/force_disp_Test_105.csv,curve_classifier_pseudo_label,0.63,high
Case4,6x8_106,-12.0,43.0,7095.8887279968985,2,6.0,8.0,6x8_new_data_curve_classifier_v1,Test_106,data/New_Data/csv_6x8_Case4/force_disp_Test_106.csv,curve_classifier_pseudo_label,0.5966666666666667,high
Case4,6x8_107,69.0,8.0,6732.279195085798,2,6.0,8.0,6x8_new_data_curve_classifier_v1,Test_107,data/New_Data/csv_6x8_Case4/force_disp_Test_107.csv,curve_classifier_pseudo_label,0.6683333333333333,high
Case4,6x8_108,46.0,-72.0,9086.16488647708,2,6.0,8.0,6x8_new_data_curve_classifier_v1,Test_108,data/New_Data/csv_6x8_Case4/force_disp_Test_108.csv,curve_classifier_pseudo_label,0.51,high
Case4,6x8_109,-69.0,17.0,7278.778854284408,2,6.0,8.0,6x8_new_data_curve_classifier_v1,Test_109,data/New_Data/csv_6x8_Case4/force_disp_Test_109.csv,curve_classifier_pseudo_label,0.76,medium
Case4,6x8_110,-51.0,1.0,6852.670701511454,2,6.0,8.0,6x8_new_data_curve_classifier_v1,Test_110,data/New_Data/csv_6x8_Case4/force_disp_Test_110.csv,curve_classifier_pseudo_label,0.6116666666666667,high
Case4,6x8_111,7.0,87.0,6102.399929010011,2,6.0,8.0,6x8_new_data_curve_classifier_v1,Test_111,data/New_Data/csv_6x8_Case4/force_disp_Test_111.csv,curve_classifier_pseudo_label,0.7516666666666667,medium
Case4,6x8_112,21.0,-8.0,5365.207130041489,3,6.0,8.0,6x8_new_data_curve_classifier_v1,Test_112,data/New_Data/csv_6x8_Case4/force_disp_Test_112.csv,curve_classifier_pseudo_label,0.8216666666666667,medium
Case4,6x8_113,35.0,-2.0,6319.804566328414,3,6.0,8.0,6x8_new_data_curve_classifier_v1,Test_113,data/New_Data/csv_6x8_Case4/force_disp_Test_113.csv,curve_classifier_pseudo_label,0.7583333333333333,medium
Case4,6x8_114,-35.0,-78.0,8154.096991937224,2,6.0,8.0,6x8_new_data_curve_classifier_v1,Test_114,data/New_Data/csv_6x8_Case4/force_disp_Test_114.csv,curve_classifier_pseudo_label,0.7133333333333334,medium
Case4,6x8_115,22.0,74.0,7451.756926284188,2,6.0,8.0,6x8_new_data_curve_classifier_v1,Test_115,data/New_Data/csv_6x8_Case4/force_disp_Test_115.csv,curve_classifier_pseudo_label,0.835,medium
Case4,6x8_116,12.0,-85.0,6463.706076030276,2,6.0,8.0,6x8_new_data_curve_classifier_v1,Test_116,data/New_Data/csv_6x8_Case4/force_disp_Test_116.csv,curve_classifier_pseudo_label,0.74,medium
Case4,6x8_117,-87.0,33.0,7845.6568553549905,2,6.0,8.0,6x8_new_data_curve_classifier_v1,Test_117,data/New_Data/csv_6x8_Case4/force_disp_Test_117.csv,curve_classifier_pseudo_label,0.755,medium
Case4,6x8_118,54.0,-88.0,7396.543953430085,1,6.0,8.0,6x8_new_data_curve_classifier_v1,Test_118,data/New_Data/csv_6x8_Case4/force_disp_Test_118.csv,curve_classifier_pseudo_label,0.7866666666666666,medium
Case4,6x8_119,31.0,-10.0,6212.083369363901,3,6.0,8.0,6x8_new_data_curve_classifier_v1,Test_119,data/New_Data/csv_6x8_Case4/force_disp_Test_119.csv,curve_classifier_pseudo_label,0.8,medium
Case4,6x8_120,-58.0,-26.0,8291.989442905944,2,6.0,8.0,6x8_new_data_curve_classifier_v1,Test_120,data/New_Data/csv_6x8_Case4/force_disp_Test_120.csv,curve_classifier_pseudo_label,0.7116666666666667,medium
Case4,6x8_121,-50.0,14.0,7349.083490589079,2,6.0,8.0,6x8_new_data_curve_classifier_v1,Test_121,data/New_Data/csv_6x8_Case4/force_disp_Test_121.csv,curve_classifier_pseudo_label,0.6716666666666666,high
Case4,6x8_122,20.0,-73.0,7388.882997730079,2,6.0,8.0,6x8_new_data_curve_classifier_v1,Test_122,data/New_Data/csv_6x8_Case4/force_disp_Test_122.csv,curve_classifier_pseudo_label,0.785,medium
Case4,6x8_123,76.0,4.0,6353.228650931616,2,6.0,8.0,6x8_new_data_curve_classifier_v1,Test_123,data/New_Data/csv_6x8_Case4/force_disp_Test_123.csv,curve_classifier_pseudo_label,0.6116666666666667,high
Case4,6x8_124,42.0,-66.0,9239.133954507131,2,6.0,8.0,6x8_new_data_curve_classifier_v1,Test_124,data/New_Data/csv_6x8_Case4/force_disp_Test_124.csv,curve_classifier_pseudo_label,0.5633333333333334,high
Case4,6x8_125,-3.0,72.0,6528.593395970822,2,6.0,8.0,6x8_new_data_curve_classifier_v1,Test_125,data/New_Data/csv_6x8_Case4/force_disp_Test_125.csv,curve_classifier_pseudo_label,0.8066666666666666,medium
Case4,6x8_126,-8.0,18.0,5230.918348215608,3,6.0,8.0,6x8_new_data_curve_classifier_v1,Test_126,data/New_Data/csv_6x8_Case4/force_disp_Test_126.csv,curve_classifier_pseudo_label,0.64,high
Case4,6x8_127,-66.0,77.0,5823.231516011065,1,6.0,8.0,6x8_new_data_curve_classifier_v1,Test_127,data/New_Data/csv_6x8_Case4/force_disp_Test_127.csv,curve_classifier_pseudo_label,0.8416666666666667,medium
Case4,6x8_128,59.0,-70.0,7537.689137484869,1,6.0,8.0,6x8_new_data_curve_classifier_v1,Test_128,data/New_Data/csv_6x8_Case4/force_disp_Test_128.csv,curve_classifier_pseudo_label,0.84,medium
Case4,6x8_129,24.0,11.0,5785.386087532803,3,6.0,8.0,6x8_new_data_curve_classifier_v1,Test_129,data/New_Data/csv_6x8_Case4/force_disp_Test_129.csv,curve_classifier_pseudo_label,0.845,medium
Case4,6x8_130,-59.0,12.0,7269.536334397416,2,6.0,8.0,6x8_new_data_curve_classifier_v1,Test_130,data/New_Data/csv_6x8_Case4/force_disp_Test_130.csv,curve_classifier_pseudo_label,0.71,medium
Case4,6x8_131,41.0,53.0,9829.567362078002,2,6.0,8.0,6x8_new_data_curve_classifier_v1,Test_131,data/New_Data/csv_6x8_Case4/force_disp_Test_131.csv,curve_classifier_pseudo_label,0.5583333333333333,high
Case4,6x8_132,38.0,35.0,9210.012389276973,2,6.0,8.0,6x8_new_data_curve_classifier_v1,Test_132,data/New_Data/csv_6x8_Case4/force_disp_Test_132.csv,curve_classifier_pseudo_label,0.5366666666666666,high
Case4,6x8_133,-21.0,37.0,7463.232752412636,2,6.0,8.0,6x8_new_data_curve_classifier_v1,Test_133,data/New_Data/csv_6x8_Case4/force_disp_Test_133.csv,curve_classifier_pseudo_label,0.5516666666666666,high
Case4,6x8_134,-56.0,37.0,9356.261202620251,2,6.0,8.0,6x8_new_data_curve_classifier_v1,Test_134,data/New_Data/csv_6x8_Case4/force_disp_Test_134.csv,curve_classifier_pseudo_label,0.6366666666666667,high
Case4,6x8_135,39.0,-76.0,8532.372438883216,2,6.0,8.0,6x8_new_data_curve_classifier_v1,Test_135,data/New_Data/csv_6x8_Case4/force_disp_Test_135.csv,curve_classifier_pseudo_label,0.6266666666666667,high
Case4,6x8_136,8.0,-68.0,6876.527845280246,2,6.0,8.0,6x8_new_data_curve_classifier_v1,Test_136,data/New_Data/csv_6x8_Case4/force_disp_Test_136.csv,curve_classifier_pseudo_label,0.75,medium
Case4,6x8_137,68.0,53.0,9689.06781898347,1,6.0,8.0,6x8_new_data_curve_classifier_v1,Test_137,data/New_Data/csv_6x8_Case4/force_disp_Test_137.csv,curve_classifier_pseudo_label,0.8616666666666667,low
Case4,6x8_138,-28.0,-75.0,7787.798763569689,2,6.0,8.0,6x8_new_data_curve_classifier_v1,Test_138,data/New_Data/csv_6x8_Case4/force_disp_Test_138.csv,curve_classifier_pseudo_label,0.7433333333333333,medium
Case4,6x8_139,-52.0,-36.0,9305.793114337961,2,6.0,8.0,6x8_new_data_curve_classifier_v1,Test_139,data/New_Data/csv_6x8_Case4/force_disp_Test_139.csv,curve_classifier_pseudo_label,0.6133333333333333,high
Case4,6x8_140,1.0,-3.0,11665.921143637339,3,6.0,8.0,6x8_new_data_curve_classifier_v1,Test_140,data/New_Data/csv_6x8_Case4/force_disp_Test_140.csv,curve_classifier_pseudo_label,0.9016666666666666,low
Case4,6x8_141,79.0,49.0,8774.357101799495,2,6.0,8.0,6x8_new_data_curve_classifier_v1,Test_141,data/New_Data/csv_6x8_Case4/force_disp_Test_141.csv,curve_classifier_pseudo_label,0.5716666666666667,high
Case4,6x8_142,56.0,10.0,7098.562548082026,2,6.0,8.0,6x8_new_data_curve_classifier_v1,Test_142,data/New_Data/csv_6x8_Case4/force_disp_Test_142.csv,curve_classifier_pseudo_label,0.655,high
Case4,6x8_143,39.0,-35.0,9348.751601905826,2,6.0,8.0,6x8_new_data_curve_classifier_v1,Test_143,data/New_Data/csv_6x8_Case4/force_disp_Test_143.csv,curve_classifier_pseudo_label,0.5366666666666666,high
Case4,6x8_144,-86.0,-39.0,8188.0332908818,2,6.0,8.0,6x8_new_data_curve_classifier_v1,Test_144,data/New_Data/csv_6x8_Case4/force_disp_Test_144.csv,curve_classifier_pseudo_label,0.6383333333333333,high
Case4,6x8_145,29.0,32.0,8133.6579178682105,2,6.0,8.0,6x8_new_data_curve_classifier_v1,Test_145,data/New_Data/csv_6x8_Case4/force_disp_Test_145.csv,curve_classifier_pseudo_label,0.5083333333333333,high
Case4,6x8_146,-41.0,-28.0,8355.232193454245,2,6.0,8.0,6x8_new_data_curve_classifier_v1,Test_146,data/New_Data/csv_6x8_Case4/force_disp_Test_146.csv,curve_classifier_pseudo_label,0.615,high
Case4,6x8_147,47.0,23.0,7994.233175780046,2,6.0,8.0,6x8_new_data_curve_classifier_v1,Test_147,data/New_Data/csv_6x8_Case4/force_disp_Test_147.csv,curve_classifier_pseudo_label,0.675,high
Case4,6x8_148,46.0,-62.0,9783.622353743329,1,6.0,8.0,6x8_new_data_curve_classifier_v1,Test_148,data/New_Data/csv_6x8_Case4/force_disp_Test_148.csv,curve_classifier_pseudo_label,0.5133333333333333,high
Case4,6x8_149,24.0,-59.0,8161.766026699633,2,6.0,8.0,6x8_new_data_curve_classifier_v1,Test_149,data/New_Data/csv_6x8_Case4/force_disp_Test_149.csv,curve_classifier_pseudo_label,0.7583333333333333,medium
Case4,6x8_150,15.0,-47.0,7448.043010883276,2,6.0,8.0,6x8_new_data_curve_classifier_v1,Test_150,data/New_Data/csv_6x8_Case4/force_disp_Test_150.csv,curve_classifier_pseudo_label,0.6533333333333333,high
Case4,6x8_151,-66.0,-82.0,5337.450907776226,1,6.0,8.0,6x8_new_data_curve_classifier_v1,Test_151,data/New_Data/csv_6x8_Case4/force_disp_Test_151.csv,curve_classifier_pseudo_label,0.67,high
Case4,6x8_152,-23.0,-66.0,7805.297601571619,2,6.0,8.0,6x8_new_data_curve_classifier_v1,Test_152,data/New_Data/csv_6x8_Case4/force_disp_Test_152.csv,curve_classifier_pseudo_label,0.745,medium
Case4,6x8_153,50.0,-62.0,10093.466280529354,1,6.0,8.0,6x8_new_data_curve_classifier_v1,Test_153,data/New_Data/csv_6x8_Case4/force_disp_Test_153.csv,curve_classifier_pseudo_label,0.8966666666666666,low
Case4,6x8_154,-65.0,-65.0,7049.5342982797365,1,6.0,8.0,6x8_new_data_curve_classifier_v1,Test_154,data/New_Data/csv_6x8_Case4/force_disp_Test_154.csv,curve_classifier_pseudo_label,0.8266666666666667,medium
Case4,6x8_155,11.0,-32.0,6458.419722424503,3,6.0,8.0,6x8_new_data_curve_classifier_v1,Test_155,data/New_Data/csv_6x8_Case4/force_disp_Test_155.csv,curve_classifier_pseudo_label,0.6966666666666667,high
Case4,6x8_156,70.0,-86.0,4611.594982181081,1,6.0,8.0,6x8_new_data_curve_classifier_v1,Test_156,data/New_Data/csv_6x8_Case4/force_disp_Test_156.csv,curve_classifier_pseudo_label,0.7233333333333334,medium
Case4,6x8_157,78.0,-26.0,7610.389501731962,2,6.0,8.0,6x8_new_data_curve_classifier_v1,Test_157,data/New_Data/csv_6x8_Case4/force_disp_Test_157.csv,curve_classifier_pseudo_label,0.7433333333333333,medium
Case4,6x8_158,17.0,-43.0,7455.810587404853,2,6.0,8.0,6x8_new_data_curve_classifier_v1,Test_158,data/New_Data/csv_6x8_Case4/force_disp_Test_158.csv,curve_classifier_pseudo_label,0.6033333333333334,high
Case4,6x8_159,-9.0,-4.0,4267.542858404089,3,6.0,8.0,6x8_new_data_curve_classifier_v1,Test_159,data/New_Data/csv_6x8_Case4/force_disp_Test_159.csv,curve_classifier_pseudo_label,0.8616666666666667,low
Case4,6x8_160,47.0,-13.0,7323.433927324804,2,6.0,8.0,6x8_new_data_curve_classifier_v1,Test_160,data/New_Data/csv_6x8_Case4/force_disp_Test_160.csv,curve_classifier_pseudo_label,0.59,high
Case4,6x8_161,-43.0,-45.0,10437.139162342337,1,6.0,8.0,6x8_new_data_curve_classifier_v1,Test_161,data/New_Data/csv_6x8_Case4/force_disp_Test_161.csv,curve_classifier_pseudo_label,0.5683333333333334,high
Case4,6x8_162,-71.0,-11.0,6772.271893460154,2,6.0,8.0,6x8_new_data_curve_classifier_v1,Test_162,data/New_Data/csv_6x8_Case4/force_disp_Test_162.csv,curve_classifier_pseudo_label,0.6983333333333334,high
Case4,6x8_163,-84.0,28.0,7571.172369407428,2,6.0,8.0,6x8_new_data_curve_classifier_v1,Test_163,data/New_Data/csv_6x8_Case4/force_disp_Test_163.csv,curve_classifier_pseudo_label,0.7733333333333333,medium
Case4,6x8_164,-16.0,-5.0,5038.163977626102,3,6.0,8.0,6x8_new_data_curve_classifier_v1,Test_164,data/New_Data/csv_6x8_Case4/force_disp_Test_164.csv,curve_classifier_pseudo_label,0.7466666666666667,medium
Case4,6x8_165,-5.0,10.0,4616.582490604712,3,6.0,8.0,6x8_new_data_curve_classifier_v1,Test_165,data/New_Data/csv_6x8_Case4/force_disp_Test_165.csv,curve_classifier_pseudo_label,0.87,low
Case4,6x8_166,-61.0,-3.0,6840.473835881717,2,6.0,8.0,6x8_new_data_curve_classifier_v1,Test_166,data/New_Data/csv_6x8_Case4/force_disp_Test_166.csv,curve_classifier_pseudo_label,0.6733333333333333,high
Case4,6x8_167,-4.0,-6.0,4488.450351485556,3,6.0,8.0,6x8_new_data_curve_classifier_v1,Test_167,data/New_Data/csv_6x8_Case4/force_disp_Test_167.csv,curve_classifier_pseudo_label,0.8666666666666667,low
Case4,6x8_168,-5.0,-1.0,11591.474641550583,3,6.0,8.0,6x8_new_data_curve_classifier_v1,Test_168,data/New_Data/csv_6x8_Case4/force_disp_Test_168.csv,curve_classifier_pseudo_label,0.895,low
Case4,6x8_169,58.0,-70.0,7739.8607075403825,1,6.0,8.0,6x8_new_data_curve_classifier_v1,Test_169,data/New_Data/csv_6x8_Case4/force_disp_Test_169.csv,curve_classifier_pseudo_label,0.825,medium
Case4,6x8_170,-35.0,-50.0,9210.473663926265,2,6.0,8.0,6x8_new_data_curve_classifier_v1,Test_170,data/New_Data/csv_6x8_Case4/force_disp_Test_170.csv,curve_classifier_pseudo_label,0.5816666666666667,high
Case4,6x8_171,-6.0,-18.0,5081.54076738477,3,6.0,8.0,6x8_new_data_curve_classifier_v1,Test_171,data/New_Data/csv_6x8_Case4/force_disp_Test_171.csv,curve_classifier_pseudo_label,0.8566666666666667,low
Case4,6x8_172,-68.0,5.0,6756.282934545184,2,6.0,8.0,6x8_new_data_curve_classifier_v1,Test_172,data/New_Data/csv_6x8_Case4/force_disp_Test_172.csv,curve_classifier_pseudo_label,0.705,medium
Case4,6x8_173,82.0,-55.0,7446.86356777576,1,6.0,8.0,6x8_new_data_curve_classifier_v1,Test_173,data/New_Data/csv_6x8_Case4/force_disp_Test_173.csv,curve_classifier_pseudo_label,0.7516666666666667,medium
Case4,6x8_174,-76.0,51.0,9017.341679504323,2,6.0,8.0,6x8_new_data_curve_classifier_v1,Test_174,data/New_Data/csv_6x8_Case4/force_disp_Test_174.csv,curve_classifier_pseudo_label,0.5133333333333333,high
Case4,6x8_175,-73.0,85.0,4298.531024147931,1,6.0,8.0,6x8_new_data_curve_classifier_v1,Test_175,data/New_Data/csv_6x8_Case4/force_disp_Test_175.csv,curve_classifier_pseudo_label,0.6433333333333333,high
Case4,6x8_176,-36.0,30.0,8548.73040465072,2,6.0,8.0,6x8_new_data_curve_classifier_v1,Test_176,data/New_Data/csv_6x8_Case4/force_disp_Test_176.csv,curve_classifier_pseudo_label,0.6133333333333333,high
Case4,6x8_177,25.0,-81.0,7427.862084587249,2,6.0,8.0,6x8_new_data_curve_classifier_v1,Test_177,data/New_Data/csv_6x8_Case4/force_disp_Test_177.csv,curve_classifier_pseudo_label,0.7983333333333333,medium
Case4,6x8_178,27.0,63.0,8186.938122022841,2,6.0,8.0,6x8_new_data_curve_classifier_v1,Test_178,data/New_Data/csv_6x8_Case4/force_disp_Test_178.csv,curve_classifier_pseudo_label,0.7566666666666667,medium
Case4,6x8_179,73.0,-44.0,8956.674580669807,2,6.0,8.0,6x8_new_data_curve_classifier_v1,Test_179,data/New_Data/csv_6x8_Case4/force_disp_Test_179.csv,curve_classifier_pseudo_label,0.5366666666666666,high
Case4,6x8_180,-14.0,88.0,6540.939492371669,2,6.0,8.0,6x8_new_data_curve_classifier_v1,Test_180,data/New_Data/csv_6x8_Case4/force_disp_Test_180.csv,curve_classifier_pseudo_label,0.8483333333333334,medium
Case4,6x8_181,88.0,45.0,8447.547484966599,2,6.0,8.0,6x8_new_data_curve_classifier_v1,Test_181,data/New_Data/csv_6x8_Case4/force_disp_Test_181.csv,curve_classifier_pseudo_label,0.595,high
Case4,6x8_182,-14.0,42.0,7184.729909020651,2,6.0,8.0,6x8_new_data_curve_classifier_v1,Test_182,data/New_Data/csv_6x8_Case4/force_disp_Test_182.csv,curve_classifier_pseudo_label,0.5966666666666667,high
Case4,6x8_183,37.0,63.0,9004.373983872552,2,6.0,8.0,6x8_new_data_curve_classifier_v1,Test_183,data/New_Data/csv_6x8_Case4/force_disp_Test_183.csv,curve_classifier_pseudo_label,0.62,high
Case4,6x8_184,83.0,43.0,8465.3020747716,2,6.0,8.0,6x8_new_data_curve_classifier_v1,Test_184,data/New_Data/csv_6x8_Case4/force_disp_Test_184.csv,curve_classifier_pseudo_label,0.5916666666666667,high
Case4,6x8_185,-18.0,49.0,7665.455632397459,2,6.0,8.0,6x8_new_data_curve_classifier_v1,Test_185,data/New_Data/csv_6x8_Case4/force_disp_Test_185.csv,curve_classifier_pseudo_label,0.7666666666666667,medium
Case4,6x8_186,-54.0,1.0,6943.000399302032,2,6.0,8.0,6x8_new_data_curve_classifier_v1,Test_186,data/New_Data/csv_6x8_Case4/force_disp_Test_186.csv,curve_classifier_pseudo_label,0.6333333333333333,high
Case4,6x8_187,-47.0,-37.0,9521.431627939932,2,6.0,8.0,6x8_new_data_curve_classifier_v1,Test_187,data/New_Data/csv_6x8_Case4/force_disp_Test_187.csv,curve_classifier_pseudo_label,0.5666666666666667,high
Case4,6x8_188,-40.0,56.0,9673.450888141793,2,6.0,8.0,6x8_new_data_curve_classifier_v1,Test_188,data/New_Data/csv_6x8_Case4/force_disp_Test_188.csv,curve_classifier_pseudo_label,0.58,high
Case4,6x8_189,34.0,0.0,6082.068388142859,3,6.0,8.0,6x8_new_data_curve_classifier_v1,Test_189,data/New_Data/csv_6x8_Case4/force_disp_Test_189.csv,curve_classifier_pseudo_label,0.7683333333333333,medium
Case4,6x8_190,-80.0,40.0,8425.356405442357,2,6.0,8.0,6x8_new_data_curve_classifier_v1,Test_190,data/New_Data/csv_6x8_Case4/force_disp_Test_190.csv,curve_classifier_pseudo_label,0.665,high
Case4,6x8_191,-75.0,6.0,6429.327393041925,2,6.0,8.0,6x8_new_data_curve_classifier_v1,Test_191,data/New_Data/csv_6x8_Case4/force_disp_Test_191.csv,curve_classifier_pseudo_label,0.68,high
Case4,6x8_192,89.0,-86.0,3263.3188186067814,1,6.0,8.0,6x8_new_data_curve_classifier_v1,Test_192,data/New_Data/csv_6x8_Case4/force_disp_Test_192.csv,curve_classifier_pseudo_label,0.6,high
Case4,6x8_193,48.0,41.0,10046.174480990912,2,6.0,8.0,6x8_new_data_curve_classifier_v1,Test_193,data/New_Data/csv_6x8_Case4/force_disp_Test_193.csv,curve_classifier_pseudo_label,0.51,high
Case4,6x8_194,-11.0,-16.0,5237.654919306807,3,6.0,8.0,6x8_new_data_curve_classifier_v1,Test_194,data/New_Data/csv_6x8_Case4/force_disp_Test_194.csv,curve_classifier_pseudo_label,0.8533333333333334,low
Case4,6x8_195,12.0,71.0,6946.349910892112,2,6.0,8.0,6x8_new_data_curve_classifier_v1,Test_195,data/New_Data/csv_6x8_Case4/force_disp_Test_195.csv,curve_classifier_pseudo_label,0.8216666666666667,medium
Case4,6x8_196,-32.0,84.0,7821.786440860429,2,6.0,8.0,6x8_new_data_curve_classifier_v1,Test_196,data/New_Data/csv_6x8_Case4/force_disp_Test_196.csv,curve_classifier_pseudo_label,0.7883333333333333,medium
Case4,6x8_197,-80.0,-38.0,8317.76013648186,2,6.0,8.0,6x8_new_data_curve_classifier_v1,Test_197,data/New_Data/csv_6x8_Case4/force_disp_Test_197.csv,curve_classifier_pseudo_label,0.655,high
Case4,6x8_198,-82.0,-53.0,7928.287032672046,1,6.0,8.0,6x8_new_data_curve_classifier_v1,Test_198,data/New_Data/csv_6x8_Case4/force_disp_Test_198.csv,curve_classifier_pseudo_label,0.6483333333333333,high
Case4,6x8_199,-45.0,82.0,8574.72791292092,2,6.0,8.0,6x8_new_data_curve_classifier_v1,Test_199,data/New_Data/csv_6x8_Case4/force_disp_Test_199.csv,curve_classifier_pseudo_label,0.5516666666666666,high
Case4,6x8_200,88.0,-42.0,8316.444040223607,2,6.0,8.0,6x8_new_data_curve_classifier_v1,Test_200,data/New_Data/csv_6x8_Case4/force_disp_Test_200.csv,curve_classifier_pseudo_label,0.515,high
Case4,6x8_201,-73.0,-27.0,7831.371908690561,2,6.0,8.0,6x8_new_data_curve_classifier_v1,Test_201,data/New_Data/csv_6x8_Case4/force_disp_Test_201.csv,curve_classifier_pseudo_label,0.7333333333333333,medium
Case4,6x8_202,-24.0,-76.0,7462.219246770399,2,6.0,8.0,6x8_new_data_curve_classifier_v1,Test_202,data/New_Data/csv_6x8_Case4/force_disp_Test_202.csv,curve_classifier_pseudo_label,0.765,medium
Case4,6x8_203,33.0,58.0,8859.81603558297,2,6.0,8.0,6x8_new_data_curve_classifier_v1,Test_203,data/New_Data/csv_6x8_Case4/force_disp_Test_203.csv,curve_classifier_pseudo_label,0.6766666666666666,high
Case4,6x8_204,27.0,-22.0,7044.645326569065,3,6.0,8.0,6x8_new_data_curve_classifier_v1,Test_204,data/New_Data/csv_6x8_Case4/force_disp_Test_204.csv,curve_classifier_pseudo_label,0.67,high
Case4,6x8_205,-58.0,-50.0,10405.310858162955,1,6.0,8.0,6x8_new_data_curve_classifier_v1,Test_205,data/New_Data/csv_6x8_Case4/force_disp_Test_205.csv,curve_classifier_pseudo_label,0.9766666666666667,low
Case4,6x8_206,4.0,90.0,6074.071427162674,2,6.0,8.0,6x8_new_data_curve_classifier_v1,Test_206,data/New_Data/csv_6x8_Case4/force_disp_Test_206.csv,curve_classifier_pseudo_label,0.7,medium
Case4,6x8_207,19.0,-83.0,6877.81567878057,2,6.0,8.0,6x8_new_data_curve_classifier_v1,Test_207,data/New_Data/csv_6x8_Case4/force_disp_Test_207.csv,curve_classifier_pseudo_label,0.78,medium
Case4,6x8_208,-87.0,47.0,8521.277528450852,2,6.0,8.0,6x8_new_data_curve_classifier_v1,Test_208,data/New_Data/csv_6x8_Case4/force_disp_Test_208.csv,curve_classifier_pseudo_label,0.5516666666666666,high
Case4,6x8_209,58.0,-69.0,7790.152050882739,1,6.0,8.0,6x8_new_data_curve_classifier_v1,Test_209,data/New_Data/csv_6x8_Case4/force_disp_Test_209.csv,curve_classifier_pseudo_label,0.8583333333333333,low
Case4,6x8_210,-10.0,23.0,5820.59639528756,3,6.0,8.0,6x8_new_data_curve_classifier_v1,Test_210,data/New_Data/csv_6x8_Case4/force_disp_Test_210.csv,curve_classifier_pseudo_label,0.6983333333333334,high
Case4,6x8_211,55.0,-59.0,8977.951214951056,1,6.0,8.0,6x8_new_data_curve_classifier_v1,Test_211,data/New_Data/csv_6x8_Case4/force_disp_Test_211.csv,curve_classifier_pseudo_label,0.9916666666666667,low
Case4,6x8_212,-63.0,54.0,9102.073316116324,1,6.0,8.0,6x8_new_data_curve_classifier_v1,Test_212,data/New_Data/csv_6x8_Case4/force_disp_Test_212.csv,curve_classifier_pseudo_label,0.9833333333333333,low
Case4,6x8_213,67.0,-42.0,9206.236256584609,2,6.0,8.0,6x8_new_data_curve_classifier_v1,Test_213,data/New_Data/csv_6x8_Case4/force_disp_Test_213.csv,curve_classifier_pseudo_label,0.5666666666666667,high
Case4,6x8_214,63.0,-14.0,7279.9161091390515,2,6.0,8.0,6x8_new_data_curve_classifier_v1,Test_214,data/New_Data/csv_6x8_Case4/force_disp_Test_214.csv,curve_classifier_pseudo_label,0.7,medium
Case4,6x8_215,9.0,13.0,4849.314193866626,3,6.0,8.0,6x8_new_data_curve_classifier_v1,Test_215,data/New_Data/csv_6x8_Case4/force_disp_Test_215.csv,curve_classifier_pseudo_label,0.8683333333333333,low
Case4,6x8_216,-10.0,59.0,7242.66427212453,2,6.0,8.0,6x8_new_data_curve_classifier_v1,Test_216,data/New_Data/csv_6x8_Case4/force_disp_Test_216.csv,curve_classifier_pseudo_label,0.8,medium
Case4,6x8_217,21.0,56.0,7853.240550876927,2,6.0,8.0,6x8_new_data_curve_classifier_v1,Test_217,data/New_Data/csv_6x8_Case4/force_disp_Test_217.csv,curve_classifier_pseudo_label,0.7566666666666667,medium
Case4,6x8_218,5.0,-15.0,4867.449820563283,3,6.0,8.0,6x8_new_data_curve_classifier_v1,Test_218,data/New_Data/csv_6x8_Case4/force_disp_Test_218.csv,curve_classifier_pseudo_label,0.8683333333333333,low
Case4,6x8_219,-7.0,65.0,6932.388083725194,2,6.0,8.0,6x8_new_data_curve_classifier_v1,Test_219,data/New_Data/csv_6x8_Case4/force_disp_Test_219.csv,curve_classifier_pseudo_label,0.815,medium
Case4,6x8_220,14.0,-23.0,5967.011292460819,3,6.0,8.0,6x8_new_data_curve_classifier_v1,Test_220,data/New_Data/csv_6x8_Case4/force_disp_Test_220.csv,curve_classifier_pseudo_label,0.7983333333333333,medium
Case4,6x8_221,74.0,-56.0,8068.908987704633,1,6.0,8.0,6x8_new_data_curve_classifier_v1,Test_221,data/New_Data/csv_6x8_Case4/force_disp_Test_221.csv,curve_classifier_pseudo_label,0.9683333333333334,low
Case4,6x8_222,7.0,-80.0,6386.412938996282,2,6.0,8.0,6x8_new_data_curve_classifier_v1,Test_222,data/New_Data/csv_6x8_Case4/force_disp_Test_222.csv,curve_classifier_pseudo_label,0.685,high
Case4,6x8_223,-78.0,-48.0,8770.61738588107,2,6.0,8.0,6x8_new_data_curve_classifier_v1,Test_223,data/New_Data/csv_6x8_Case4/force_disp_Test_223.csv,curve_classifier_pseudo_label,0.555,high
Case4,6x8_224,-4.0,-43.0,6756.134135417976,3,6.0,8.0,6x8_new_data_curve_classifier_v1,Test_224,data/New_Data/csv_6x8_Case4/force_disp_Test_224.csv,curve_classifier_pseudo_label,0.515,high
Case4,6x8_225,2.0,-73.0,6553.797028649301,2,6.0,8.0,6x8_new_data_curve_classifier_v1,Test_225,data/New_Data/csv_6x8_Case4/force_disp_Test_225.csv,curve_classifier_pseudo_label,0.69,high
Case4,6x8_226,-42.0,80.0,8504.552723978,2,6.0,8.0,6x8_new_data_curve_classifier_v1,Test_226,data/New_Data/csv_6x8_Case4/force_disp_Test_226.csv,curve_classifier_pseudo_label,0.6,high
Case4,6x8_227,-42.0,-6.0,6687.500769842818,3,6.0,8.0,6x8_new_data_curve_classifier_v1,Test_227,data/New_Data/csv_6x8_Case4/force_disp_Test_227.csv,curve_classifier_pseudo_label,0.5333333333333333,high
Case4,6x8_228,60.0,-31.0,8734.503444664257,2,6.0,8.0,6x8_new_data_curve_classifier_v1,Test_228,data/New_Data/csv_6x8_Case4/force_disp_Test_228.csv,curve_classifier_pseudo_label,0.725,medium
Case4,6x8_229,42.0,86.0,8332.300372542817,2,6.0,8.0,6x8_new_data_curve_classifier_v1,Test_229,data/New_Data/csv_6x8_Case4/force_disp_Test_229.csv,curve_classifier_pseudo_label,0.5983333333333334,high
Case4,6x8_230,-44.0,-30.0,8628.477266734028,2,6.0,8.0,6x8_new_data_curve_classifier_v1,Test_230,data/New_Data/csv_6x8_Case4/force_disp_Test_230.csv,curve_classifier_pseudo_label,0.6483333333333333,high
Case4,6x8_231,-69.0,24.0,7851.701228449493,2,6.0,8.0,6x8_new_data_curve_classifier_v1,Test_231,data/New_Data/csv_6x8_Case4/force_disp_Test_231.csv,curve_classifier_pseudo_label,0.7816666666666666,medium
Case4,6x8_232,-8.0,-27.0,5854.452901889895,3,6.0,8.0,6x8_new_data_curve_classifier_v1,Test_232,data/New_Data/csv_6x8_Case4/force_disp_Test_232.csv,curve_classifier_pseudo_label,0.805,medium
Case4,6x8_233,61.0,-20.0,7754.9070704342,2,6.0,8.0,6x8_new_data_curve_classifier_v1,Test_233,data/New_Data/csv_6x8_Case4/force_disp_Test_233.csv,curve_classifier_pseudo_label,0.7183333333333334,medium
Case4,6x8_234,-49.0,-40.0,9870.65127412545,2,6.0,8.0,6x8_new_data_curve_classifier_v1,Test_234,data/New_Data/csv_6x8_Case4/force_disp_Test_234.csv,curve_classifier_pseudo_label,0.5366666666666666,high
Case4,6x8_235,-62.0,7.0,6933.2492408652315,2,6.0,8.0,6x8_new_data_curve_classifier_v1,Test_235,data/New_Data/csv_6x8_Case4/force_disp_Test_235.csv,curve_classifier_pseudo_label,0.6983333333333334,high
Case4,6x8_236,16.0,-57.0,7618.114801552607,2,6.0,8.0,6x8_new_data_curve_classifier_v1,Test_236,data/New_Data/csv_6x8_Case4/force_disp_Test_236.csv,curve_classifier_pseudo_label,0.7416666666666667,medium
Case4,6x8_237,-32.0,66.0,8551.364840916036,2,6.0,8.0,6x8_new_data_curve_classifier_v1,Test_237,data/New_Data/csv_6x8_Case4/force_disp_Test_237.csv,curve_classifier_pseudo_label,0.7583333333333333,medium
Case4,6x8_238,64.0,-22.0,7883.04153052559,2,6.0,8.0,6x8_new_data_curve_classifier_v1,Test_238,data/New_Data/csv_6x8_Case4/force_disp_Test_238.csv,curve_classifier_pseudo_label,0.7466666666666667,medium
Case4,6x8_239,30.0,17.0,6745.651579757251,3,6.0,8.0,6x8_new_data_curve_classifier_v1,Test_239,data/New_Data/csv_6x8_Case4/force_disp_Test_239.csv,curve_classifier_pseudo_label,0.7116666666666667,medium
Case4,6x8_240,53.0,26.0,8282.711023932668,2,6.0,8.0,6x8_new_data_curve_classifier_v1,Test_240,data/New_Data/csv_6x8_Case4/force_disp_Test_240.csv,curve_classifier_pseudo_label,0.68,high
Case4,6x8_241,13.0,6.0,4712.504330772433,3,6.0,8.0,6x8_new_data_curve_classifier_v1,Test_241,data/New_Data/csv_6x8_Case4/force_disp_Test_241.csv,curve_classifier_pseudo_label,0.8733333333333333,low
Case4,6x8_242,-31.0,60.0,8734.78748660295,2,6.0,8.0,6x8_new_data_curve_classifier_v1,Test_242,data/New_Data/csv_6x8_Case4/force_disp_Test_242.csv,curve_classifier_pseudo_label,0.755,medium
Case4,6x8_243,-63.0,-63.0,7489.867644310873,1,6.0,8.0,6x8_new_data_curve_classifier_v1,Test_243,data/New_Data/csv_6x8_Case4/force_disp_Test_243.csv,curve_classifier_pseudo_label,0.8816666666666667,low
Case4,6x8_244,85.0,-58.0,6585.13957749185,1,6.0,8.0,6x8_new_data_curve_classifier_v1,Test_244,data/New_Data/csv_6x8_Case4/force_disp_Test_244.csv,curve_classifier_pseudo_label,0.7316666666666667,medium
Case4,6x8_245,-34.0,-14.0,6645.13716517518,3,6.0,8.0,6x8_new_data_curve_classifier_v1,Test_245,data/New_Data/csv_6x8_Case4/force_disp_Test_245.csv,curve_classifier_pseudo_label,0.64,high
Case4,6x8_246,60.0,61.0,8016.524719105659,1,6.0,8.0,6x8_new_data_curve_classifier_v1,Test_246,data/New_Data/csv_6x8_Case4/force_disp_Test_246.csv,curve_classifier_pseudo_label,0.9666666666666667,low
Case4,6x8_247,-83.0,78.0,3910.3576392995824,1,6.0,8.0,6x8_new_data_curve_classifier_v1,Test_247,data/New_Data/csv_6x8_Case4/force_disp_Test_247.csv,curve_classifier_pseudo_label,0.59,high
Case4,6x8_248,6.0,27.0,5791.436961737282,3,6.0,8.0,6x8_new_data_curve_classifier_v1,Test_248,data/New_Data/csv_6x8_Case4/force_disp_Test_248.csv,curve_classifier_pseudo_label,0.7816666666666666,medium
Case4,6x8_249,6.0,16.0,5014.3416237022275,3,6.0,8.0,6x8_new_data_curve_classifier_v1,Test_249,data/New_Data/csv_6x8_Case4/force_disp_Test_249.csv,curve_classifier_pseudo_label,0.8616666666666667,low
Case4,6x8_250,-47.0,64.0,9693.143819672801,2,6.0,8.0,6x8_new_data_curve_classifier_v1,Test_250,data/New_Data/csv_6x8_Case4/force_disp_Test_250.csv,curve_classifier_pseudo_label,0.525,high
Case4,6x8_251,-69.0,0.0,6560.822273593419,2,6.0,8.0,6x8_new_data_curve_classifier_v1,Test_251,data/New_Data/csv_6x8_Case4/force_disp_Test_251.csv,curve_classifier_pseudo_label,0.68,high
Case4,6x8_252,-82.0,-45.0,8531.870916889393,2,6.0,8.0,6x8_new_data_curve_classifier_v1,Test_252,data/New_Data/csv_6x8_Case4/force_disp_Test_252.csv,curve_classifier_pseudo_label,0.5733333333333334,high
Case4,6x8_253,56.0,-34.0,9073.869971416205,2,6.0,8.0,6x8_new_data_curve_classifier_v1,Test_253,data/New_Data/csv_6x8_Case4/force_disp_Test_253.csv,curve_classifier_pseudo_label,0.6433333333333333,high
Case4,6x8_254,-75.0,-17.0,6987.70638296544,2,6.0,8.0,6x8_new_data_curve_classifier_v1,Test_254,data/New_Data/csv_6x8_Case4/force_disp_Test_254.csv,curve_classifier_pseudo_label,0.7083333333333334,medium
Case4,6x8_255,32.0,-60.0,8796.646424600342,2,6.0,8.0,6x8_new_data_curve_classifier_v1,Test_255,data/New_Data/csv_6x8_Case4/force_disp_Test_255.csv,curve_classifier_pseudo_label,0.71,medium
Case4,6x8_256,-25.0,-11.0,5836.440591966097,3,6.0,8.0,6x8_new_data_curve_classifier_v1,Test_256,data/New_Data/csv_6x8_Case4/force_disp_Test_256.csv,curve_classifier_pseudo_label,0.8016666666666666,medium
Case4,6x8_257,65.0,80.0,5628.329122277541,1,6.0,8.0,6x8_new_data_curve_classifier_v1,Test_257,data/New_Data/csv_6x8_Case4/force_disp_Test_257.csv,curve_classifier_pseudo_label,0.675,high
Case4,6x8_258,54.0,-18.0,7719.553151008214,2,6.0,8.0,6x8_new_data_curve_classifier_v1,Test_258,data/New_Data/csv_6x8_Case4/force_disp_Test_258.csv,curve_classifier_pseudo_label,0.7066666666666667,medium
Case4,6x8_259,-6.0,38.0,6513.434386820206,3,6.0,8.0,6x8_new_data_curve_classifier_v1,Test_259,data/New_Data/csv_6x8_Case4/force_disp_Test_259.csv,curve_classifier_pseudo_label,0.59,high
Case4,6x8_260,-50.0,68.0,9565.940024932668,1,6.0,8.0,6x8_new_data_curve_classifier_v1,Test_260,data/New_Data/csv_6x8_Case4/force_disp_Test_260.csv,curve_classifier_pseudo_label,0.5666666666666667,high
Case4,6x8_261,-14.0,-28.0,6248.642845926579,3,6.0,8.0,6x8_new_data_curve_classifier_v1,Test_261,data/New_Data/csv_6x8_Case4/force_disp_Test_261.csv,curve_classifier_pseudo_label,0.7683333333333333,medium
Case4,6x8_262,-57.0,76.0,7558.521585328418,1,6.0,8.0,6x8_new_data_curve_classifier_v1,Test_262,data/New_Data/csv_6x8_Case4/force_disp_Test_262.csv,curve_classifier_pseudo_label,0.935,low
Case4,6x8_263,-24.0,2.0,5480.171510131111,3,6.0,8.0,6x8_new_data_curve_classifier_v1,Test_263,data/New_Data/csv_6x8_Case4/force_disp_Test_263.csv,curve_classifier_pseudo_label,0.7383333333333333,medium
Case4,6x8_264,87.0,-65.0,5286.27500763011,1,6.0,8.0,6x8_new_data_curve_classifier_v1,Test_264,data/New_Data/csv_6x8_Case4/force_disp_Test_264.csv,curve_classifier_pseudo_label,0.7366666666666667,medium
Case4,6x8_265,-25.0,-84.0,7362.834359831665,2,6.0,8.0,6x8_new_data_curve_classifier_v1,Test_265,data/New_Data/csv_6x8_Case4/force_disp_Test_265.csv,curve_classifier_pseudo_label,0.7616666666666667,medium
Case4,6x8_266,-26.0,-39.0,7999.906321739766,2,6.0,8.0,6x8_new_data_curve_classifier_v1,Test_266,data/New_Data/csv_6x8_Case4/force_disp_Test_266.csv,curve_classifier_pseudo_label,0.5783333333333334,high
Case4,6x8_267,-33.0,-46.0,9025.507685443468,2,6.0,8.0,6x8_new_data_curve_classifier_v1,Test_267,data/New_Data/csv_6x8_Case4/force_disp_Test_267.csv,curve_classifier_pseudo_label,0.585,high
Case4,6x8_268,-59.0,29.0,8528.921784722004,2,6.0,8.0,6x8_new_data_curve_classifier_v1,Test_268,data/New_Data/csv_6x8_Case4/force_disp_Test_268.csv,curve_classifier_pseudo_label,0.7616666666666667,medium
Case4,6x8_269,-60.0,60.0,8248.923787334112,1,6.0,8.0,6x8_new_data_curve_classifier_v1,Test_269,data/New_Data/csv_6x8_Case4/force_disp_Test_269.csv,curve_classifier_pseudo_label,0.9883333333333333,low
Case4,6x8_270,10.0,76.0,6605.337987169939,2,6.0,8.0,6x8_new_data_curve_classifier_v1,Test_270,data/New_Data/csv_6x8_Case4/force_disp_Test_270.csv,curve_classifier_pseudo_label,0.825,medium
Case4,6x8_271,-30.0,50.0,8798.518890412499,2,6.0,8.0,6x8_new_data_curve_classifier_v1,Test_271,data/New_Data/csv_6x8_Case4/force_disp_Test_271.csv,curve_classifier_pseudo_label,0.7033333333333334,medium
Case4,6x8_272,72.0,69.0,5881.108702172178,1,6.0,8.0,6x8_new_data_curve_classifier_v1,Test_272,data/New_Data/csv_6x8_Case4/force_disp_Test_272.csv,curve_classifier_pseudo_label,0.7183333333333334,medium
Case4,6x8_273,81.0,62.0,6032.558029957592,1,6.0,8.0,6x8_new_data_curve_classifier_v1,Test_273,data/New_Data/csv_6x8_Case4/force_disp_Test_273.csv,curve_classifier_pseudo_label,0.6,high
Case4,6x8_274,30.0,-25.0,7629.616753920288,3,6.0,8.0,6x8_new_data_curve_classifier_v1,Test_274,data/New_Data/csv_6x8_Case4/force_disp_Test_274.csv,curve_classifier_pseudo_label,0.4816666666666667,high
Case4,6x8_275,80.0,-20.0,7028.847522719755,2,6.0,8.0,6x8_new_data_curve_classifier_v1,Test_275,data/New_Data/csv_6x8_Case4/force_disp_Test_275.csv,curve_classifier_pseudo_label,0.725,medium
Case4,6x8_276,-88.0,70.0,4555.869102414041,1,6.0,8.0,6x8_new_data_curve_classifier_v1,Test_276,data/New_Data/csv_6x8_Case4/force_disp_Test_276.csv,curve_classifier_pseudo_label,0.6683333333333333,high
Case4,6x8_277,57.0,88.0,6677.546177430286,1,6.0,8.0,6x8_new_data_curve_classifier_v1,Test_277,data/New_Data/csv_6x8_Case4/force_disp_Test_277.csv,curve_classifier_pseudo_label,0.6366666666666667,high
Case4,6x8_278,18.0,78.0,6986.401290238939,2,6.0,8.0,6x8_new_data_curve_classifier_v1,Test_278,data/New_Data/csv_6x8_Case4/force_disp_Test_278.csv,curve_classifier_pseudo_label,0.84,medium
Case4,6x8_279,-88.0,-89.0,3213.761617080221,1,6.0,8.0,6x8_new_data_curve_classifier_v1,Test_279,data/New_Data/csv_6x8_Case4/force_disp_Test_279.csv,curve_classifier_pseudo_label,0.5133333333333333,high
Case4,6x8_280,-31.0,-12.0,6444.851030607163,3,6.0,8.0,6x8_new_data_curve_classifier_v1,Test_280,data/New_Data/csv_6x8_Case4/force_disp_Test_280.csv,curve_classifier_pseudo_label,0.7583333333333333,medium
Case4,6x8_281,-72.0,-17.0,7200.763124621847,2,6.0,8.0,6x8_new_data_curve_classifier_v1,Test_281,data/New_Data/csv_6x8_Case4/force_disp_Test_281.csv,curve_classifier_pseudo_label,0.7083333333333334,medium
Case4,6x8_282,25.0,-74.0,7657.1672168572795,2,6.0,8.0,6x8_new_data_curve_classifier_v1,Test_282,data/New_Data/csv_6x8_Case4/force_disp_Test_282.csv,curve_classifier_pseudo_label,0.795,medium
Case4,6x8_283,34.0,-21.0,7306.768838299252,3,6.0,8.0,6x8_new_data_curve_classifier_v1,Test_283,data/New_Data/csv_6x8_Case4/force_disp_Test_283.csv,curve_classifier_pseudo_label,0.475,high
Case4,6x8_284,16.0,16.0,5663.779520126856,3,6.0,8.0,6x8_new_data_curve_classifier_v1,Test_284,data/New_Data/csv_6x8_Case4/force_disp_Test_284.csv,curve_classifier_pseudo_label,0.8583333333333333,low
Case4,6x8_285,-21.0,55.0,7933.874078893078,2,6.0,8.0,6x8_new_data_curve_classifier_v1,Test_285,data/New_Data/csv_6x8_Case4/force_disp_Test_285.csv,curve_classifier_pseudo_label,0.81,medium
Case4,6x8_286,40.0,-87.0,8252.835828434652,2,6.0,8.0,6x8_new_data_curve_classifier_v1,Test_286,data/New_Data/csv_6x8_Case4/force_disp_Test_286.csv,curve_classifier_pseudo_label,0.5766666666666667,high
Case4,6x8_287,-77.0,22.0,7284.815639990839,2,6.0,8.0,6x8_new_data_curve_classifier_v1,Test_287,data/New_Data/csv_6x8_Case4/force_disp_Test_287.csv,curve_classifier_pseudo_label,0.7833333333333333,medium
Case4,6x8_288,37.0,70.0,8663.786558560198,2,6.0,8.0,6x8_new_data_curve_classifier_v1,Test_288,data/New_Data/csv_6x8_Case4/force_disp_Test_288.csv,curve_classifier_pseudo_label,0.65,high
Case4,6x8_289,-9.0,44.0,6906.107339208253,2,6.0,8.0,6x8_new_data_curve_classifier_v1,Test_289,data/New_Data/csv_6x8_Case4/force_disp_Test_289.csv,curve_classifier_pseudo_label,0.6083333333333333,high
Case4,6x8_290,20.0,-82.0,7052.750141698297,2,6.0,8.0,6x8_new_data_curve_classifier_v1,Test_290,data/New_Data/csv_6x8_Case4/force_disp_Test_290.csv,curve_classifier_pseudo_label,0.7833333333333333,medium
Case4,6x8_291,26.0,5.0,5775.2654415921625,3,6.0,8.0,6x8_new_data_curve_classifier_v1,Test_291,data/New_Data/csv_6x8_Case4/force_disp_Test_291.csv,curve_classifier_pseudo_label,0.845,medium
Case4,6x8_292,71.0,-88.0,4440.815415954187,1,6.0,8.0,6x8_new_data_curve_classifier_v1,Test_292,data/New_Data/csv_6x8_Case4/force_disp_Test_292.csv,curve_classifier_pseudo_label,0.715,medium
Case4,6x8_293,-28.0,11.0,6159.111269899296,3,6.0,8.0,6x8_new_data_curve_classifier_v1,Test_293,data/New_Data/csv_6x8_Case4/force_disp_Test_293.csv,curve_classifier_pseudo_label,0.76,medium
Case4,6x8_294,-71.0,-57.0,7786.067680964321,1,6.0,8.0,6x8_new_data_curve_classifier_v1,Test_294,data/New_Data/csv_6x8_Case4/force_disp_Test_294.csv,curve_classifier_pseudo_label,0.715,medium
Case4,6x8_295,-84.0,-9.0,6279.295256327633,2,6.0,8.0,6x8_new_data_curve_classifier_v1,Test_295,data/New_Data/csv_6x8_Case4/force_disp_Test_295.csv,curve_classifier_pseudo_label,0.665,high
Case4,6x8_296,-48.0,82.0,8642.350030281408,2,6.0,8.0,6x8_new_data_curve_classifier_v1,Test_296,data/New_Data/csv_6x8_Case4/force_disp_Test_296.csv,curve_classifier_pseudo_label,0.505,high
Case4,6x8_297,-13.0,-4.0,4755.711890487717,3,6.0,8.0,6x8_new_data_curve_classifier_v1,Test_297,data/New_Data/csv_6x8_Case4/force_disp_Test_297.csv,curve_classifier_pseudo_label,0.8216666666666667,medium
Case4,6x8_298,-19.0,-23.0,6383.194555592167,3,6.0,8.0,6x8_new_data_curve_classifier_v1,Test_298,data/New_Data/csv_6x8_Case4/force_disp_Test_298.csv,curve_classifier_pseudo_label,0.805,medium
Case4,6x8_299,5.0,-32.0,6165.130861327447,3,6.0,8.0,6x8_new_data_curve_classifier_v1,Test_299,data/New_Data/csv_6x8_Case4/force_disp_Test_299.csv,curve_classifier_pseudo_label,0.7616666666666667,medium
Case4,6x8_300,51.0,46.0,10588.056327098047,1,6.0,8.0,6x8_new_data_curve_classifier_v1,Test_300,data/New_Data/csv_6x8_Case4/force_disp_Test_300.csv,curve_classifier_pseudo_label,0.8616666666666667,low
Case4,8x8_001,65.0,19.0,5243.146533150198,2,8.0,8.0,8x8_new_data_curve_classifier_v1,Test_001,data/New_data/8x8_Case4/csv/force_disp_Test_001.csv,curve_classifier_pseudo_label,0.665,high
Case4,8x8_002,40.0,-51.0,7021.620575402726,2,8.0,8.0,8x8_new_data_curve_classifier_v1,Test_002,data/New_data/8x8_Case4/csv/force_disp_Test_002.csv,curve_classifier_pseudo_label,0.57,high
Case4,8x8_003,-44.0,65.0,6339.951506160524,2,8.0,8.0,8x8_new_data_curve_classifier_v1,Test_003,data/New_data/8x8_Case4/csv/force_disp_Test_003.csv,curve_classifier_pseudo_label,0.61,high
Case4,8x8_004,49.0,48.0,7585.780562375417,2,8.0,8.0,8x8_new_data_curve_classifier_v1,Test_004,data/New_data/8x8_Case4/csv/force_disp_Test_004.csv,curve_classifier_pseudo_label,0.495,high
Case4,8x8_005,-52.0,20.0,5859.593453963796,2,8.0,8.0,8x8_new_data_curve_classifier_v1,Test_005,data/New_data/8x8_Case4/csv/force_disp_Test_005.csv,curve_classifier_pseudo_label,0.6066666666666667,high
Case4,8x8_006,-15.0,-74.0,4661.925220386595,2,8.0,8.0,8x8_new_data_curve_classifier_v1,Test_006,data/New_data/8x8_Case4/csv/force_disp_Test_006.csv,curve_classifier_pseudo_label,0.7,medium
Case4,8x8_007,51.0,-83.0,5358.196387701002,2,8.0,8.0,8x8_new_data_curve_classifier_v1,Test_007,data/New_data/8x8_Case4/csv/force_disp_Test_007.csv,curve_classifier_pseudo_label,0.5166666666666667,high
Case4,8x8_008,86.0,9.0,3977.652908810087,3,8.0,8.0,8x8_new_data_curve_classifier_v1,Test_008,data/New_data/8x8_Case4/csv/force_disp_Test_008.csv,curve_classifier_pseudo_label,0.4583333333333333,high
Case4,8x8_009,-63.0,21.0,5480.785455307892,2,8.0,8.0,8x8_new_data_curve_classifier_v1,Test_009,data/New_data/8x8_Case4/csv/force_disp_Test_009.csv,curve_classifier_pseudo_label,0.7116666666666667,medium
Case4,8x8_010,-74.0,83.0,3176.082725807057,2,8.0,8.0,8x8_new_data_curve_classifier_v1,Test_010,data/New_data/8x8_Case4/csv/force_disp_Test_010.csv,curve_classifier_pseudo_label,0.49166666666666664,high
Case4,8x8_011,-39.0,-9.0,5546.763244744537,3,8.0,8.0,8x8_new_data_curve_classifier_v1,Test_011,data/New_data/8x8_Case4/csv/force_disp_Test_011.csv,curve_classifier_pseudo_label,0.6316666666666667,high
Case4,8x8_012,-56.0,9.0,5273.534272909072,2,8.0,8.0,8x8_new_data_curve_classifier_v1,Test_012,data/New_data/8x8_Case4/csv/force_disp_Test_012.csv,curve_classifier_pseudo_label,0.5833333333333334,high
Case4,8x8_013,61.0,33.0,6008.2013620093485,2,8.0,8.0,8x8_new_data_curve_classifier_v1,Test_013,data/New_data/8x8_Case4/csv/force_disp_Test_013.csv,curve_classifier_pseudo_label,0.6916666666666667,high
Case4,8x8_014,19.0,79.0,4634.824733294473,2,8.0,8.0,8x8_new_data_curve_classifier_v1,Test_014,data/New_data/8x8_Case4/csv/force_disp_Test_014.csv,curve_classifier_pseudo_label,0.815,medium
Case4,8x8_015,35.0,60.0,6239.34877250512,2,8.0,8.0,8x8_new_data_curve_classifier_v1,Test_015,data/New_data/8x8_Case4/csv/force_disp_Test_015.csv,curve_classifier_pseudo_label,0.6683333333333333,high
Case4,8x8_016,75.0,-61.0,5653.168995551615,1,8.0,8.0,8x8_new_data_curve_classifier_v1,Test_016,data/New_data/8x8_Case4/csv/force_disp_Test_016.csv,curve_classifier_pseudo_label,0.5266666666666666,high
Case4,8x8_017,-30.0,66.0,5780.0412960457825,2,8.0,8.0,8x8_new_data_curve_classifier_v1,Test_017,data/New_data/8x8_Case4/csv/force_disp_Test_017.csv,curve_classifier_pseudo_label,0.795,medium
Case4,8x8_018,-53.0,31.0,6396.058340830846,2,8.0,8.0,8x8_new_data_curve_classifier_v1,Test_018,data/New_data/8x8_Case4/csv/force_disp_Test_018.csv,curve_classifier_pseudo_label,0.7116666666666667,medium
Case4,8x8_019,-79.0,29.0,5030.325538034453,2,8.0,8.0,8x8_new_data_curve_classifier_v1,Test_019,data/New_data/8x8_Case4/csv/force_disp_Test_019.csv,curve_classifier_pseudo_label,0.7466666666666667,medium
Case4,8x8_020,-2.0,48.0,5331.7997951298075,2,8.0,8.0,8x8_new_data_curve_classifier_v1,Test_020,data/New_data/8x8_Case4/csv/force_disp_Test_020.csv,curve_classifier_pseudo_label,0.525,high
Case4,8x8_021,-49.0,-67.0,6275.321839830937,2,8.0,8.0,8x8_new_data_curve_classifier_v1,Test_021,data/New_data/8x8_Case4/csv/force_disp_Test_021.csv,curve_classifier_pseudo_label,0.5516666666666666,high
Case4,8x8_022,43.0,-33.0,6874.125899147057,2,8.0,8.0,8x8_new_data_curve_classifier_v1,Test_022,data/New_data/8x8_Case4/csv/force_disp_Test_022.csv,curve_classifier_pseudo_label,0.57,high
Case4,8x8_023,62.0,-67.0,5717.628678366705,1,8.0,8.0,8x8_new_data_curve_classifier_v1,Test_023,data/New_data/8x8_Case4/csv/force_disp_Test_023.csv,curve_classifier_pseudo_label,0.6133333333333333,high
Case4,8x8_024,30.0,75.0,5187.809762973678,2,8.0,8.0,8x8_new_data_curve_classifier_v1,Test_024,data/New_data/8x8_Case4/csv/force_disp_Test_024.csv,curve_classifier_pseudo_label,0.7716666666666666,medium
Case4,8x8_025,80.0,-80.0,2887.943609067684,1,8.0,8.0,8x8_new_data_curve_classifier_v1,Test_025,data/New_data/8x8_Case4/csv/force_disp_Test_025.csv,curve_classifier_pseudo_label,0.5,high
Case4,8x8_026,-81.0,73.0,3332.197124562026,2,8.0,8.0,8x8_new_data_curve_classifier_v1,Test_026,data/New_data/8x8_Case4/csv/force_disp_Test_026.csv,curve_classifier_pseudo_label,0.48833333333333334,high
Case4,8x8_027,54.0,-38.0,6729.300388056959,2,8.0,8.0,8x8_new_data_curve_classifier_v1,Test_027,data/New_data/8x8_Case4/csv/force_disp_Test_027.csv,curve_classifier_pseudo_label,0.615,high
Case4,8x8_028,36.0,-31.0,6907.5481421899485,2,8.0,8.0,8x8_new_data_curve_classifier_v1,Test_028,data/New_data/8x8_Case4/csv/force_disp_Test_028.csv,curve_classifier_pseudo_label,0.4633333333333333,high
Case4,8x8_029,52.0,-41.0,7031.156484932987,2,8.0,8.0,8x8_new_data_curve_classifier_v1,Test_029,data/New_data/8x8_Case4/csv/force_disp_Test_029.csv,curve_classifier_pseudo_label,0.57,high
Case4,8x8_030,15.0,-12.0,5441.57721996812,3,8.0,8.0,8x8_new_data_curve_classifier_v1,Test_030,data/New_data/8x8_Case4/csv/force_disp_Test_030.csv,curve_classifier_pseudo_label,0.8566666666666667,low
Case4,8x8_031,-55.0,-62.0,6831.671181465092,1,8.0,8.0,8x8_new_data_curve_classifier_v1,Test_031,data/New_data/8x8_Case4/csv/force_disp_Test_031.csv,curve_classifier_pseudo_label,0.495,high
Case4,8x8_032,-19.0,-7.0,5359.584771501703,3,8.0,8.0,8x8_new_data_curve_classifier_v1,Test_032,data/New_data/8x8_Case4/csv/force_disp_Test_032.csv,curve_classifier_pseudo_label,0.8,medium
Case4,8x8_033,-61.0,86.0,4830.024157415195,2,8.0,8.0,8x8_new_data_curve_classifier_v1,Test_033,data/New_data/8x8_Case4/csv/force_disp_Test_033.csv,curve_classifier_pseudo_label,0.52,high
Case4,8x8_034,-43.0,-15.0,5827.978496269107,3,8.0,8.0,8x8_new_data_curve_classifier_v1,Test_034,data/New_data/8x8_Case4/csv/force_disp_Test_034.csv,curve_classifier_pseudo_label,0.5166666666666667,high
Case4,8x8_035,70.0,81.0,3610.3371868537433,2,8.0,8.0,8x8_new_data_curve_classifier_v1,Test_035,data/New_data/8x8_Case4/csv/force_disp_Test_035.csv,curve_classifier_pseudo_label,0.525,high
Case4,8x8_036,8.0,25.0,5475.147959568679,3,8.0,8.0,8x8_new_data_curve_classifier_v1,Test_036,data/New_data/8x8_Case4/csv/force_disp_Test_036.csv,curve_classifier_pseudo_label,0.8116666666666666,medium
Case4,8x8_037,-85.0,67.0,3789.0757723193256,2,8.0,8.0,8x8_new_data_curve_classifier_v1,Test_037,data/New_data/8x8_Case4/csv/force_disp_Test_037.csv,curve_classifier_pseudo_label,0.5,high
Case4,8x8_038,-56.0,52.0,7396.749389773339,1,8.0,8.0,8x8_new_data_curve_classifier_v1,Test_038,data/New_data/8x8_Case4/csv/force_disp_Test_038.csv,curve_classifier_pseudo_label,0.49833333333333335,high
Case4,8x8_039,64.0,42.0,6239.621226951554,2,8.0,8.0,8x8_new_data_curve_classifier_v1,Test_039,data/New_data/8x8_Case4/csv/force_disp_Test_039.csv,curve_classifier_pseudo_label,0.6233333333333333,high
Case4,8x8_040,-27.0,-54.0,6052.790867714633,2,8.0,8.0,8x8_new_data_curve_classifier_v1,Test_040,data/New_data/8x8_Case4/csv/force_disp_Test_040.csv,curve_classifier_pseudo_label,0.6416666666666667,high
Case4,8x8_041,-2.0,-68.0,4555.340433428779,2,8.0,8.0,8x8_new_data_curve_classifier_v1,Test_041,data/New_data/8x8_Case4/csv/force_disp_Test_041.csv,curve_classifier_pseudo_label,0.5433333333333333,high
Case4,8x8_042,84.0,51.0,5309.258463234165,2,8.0,8.0,8x8_new_data_curve_classifier_v1,Test_042,data/New_data/8x8_Case4/csv/force_disp_Test_042.csv,curve_classifier_pseudo_label,0.5816666666666667,high
Case4,8x8_043,79.0,-71.0,3642.8322741126576,1,8.0,8.0,8x8_new_data_curve_classifier_v1,Test_043,data/New_data/8x8_Case4/csv/force_disp_Test_043.csv,curve_classifier_pseudo_label,0.49666666666666665,high
Case4,8x8_044,59.0,-56.0,7238.789213154945,1,8.0,8.0,8x8_new_data_curve_classifier_v1,Test_044,data/New_data/8x8_Case4/csv/force_disp_Test_044.csv,curve_classifier_pseudo_label,0.5916666666666667,high
Case4,8x8_045,-18.0,-35.0,5928.894179967925,3,8.0,8.0,8x8_new_data_curve_classifier_v1,Test_045,data/New_data/8x8_Case4/csv/force_disp_Test_045.csv,curve_classifier_pseudo_label,0.65,high
Case4,8x8_046,-76.0,-77.0,3325.702933850627,2,8.0,8.0,8x8_new_data_curve_classifier_v1,Test_046,data/New_data/8x8_Case4/csv/force_disp_Test_046.csv,curve_classifier_pseudo_label,0.5016666666666667,high
Case4,8x8_047,42.0,27.0,6447.413847677848,2,8.0,8.0,8x8_new_data_curve_classifier_v1,Test_047,data/New_data/8x8_Case4/csv/force_disp_Test_047.csv,curve_classifier_pseudo_label,0.5033333333333333,high
Case4,8x8_048,1.0,71.0,4561.667684391576,2,8.0,8.0,8x8_new_data_curve_classifier_v1,Test_048,data/New_data/8x8_Case4/csv/force_disp_Test_048.csv,curve_classifier_pseudo_label,0.5183333333333333,high
Case4,8x8_049,-37.0,22.0,6218.377756499581,3,8.0,8.0,8x8_new_data_curve_classifier_v1,Test_049,data/New_data/8x8_Case4/csv/force_disp_Test_049.csv,curve_classifier_pseudo_label,0.4766666666666667,high
Case4,8x8_050,-16.0,44.0,5944.171053835692,2,8.0,8.0,8x8_new_data_curve_classifier_v1,Test_050,data/New_data/8x8_Case4/csv/force_disp_Test_050.csv,curve_classifier_pseudo_label,0.5233333333333333,high
Case4,8x8_051,28.0,57.0,6019.939102686109,2,8.0,8.0,8x8_new_data_curve_classifier_v1,Test_051,data/New_data/8x8_Case4/csv/force_disp_Test_051.csv,curve_classifier_pseudo_label,0.7183333333333334,medium
Case4,8x8_052,-79.0,34.0,5211.287395855482,2,8.0,8.0,8x8_new_data_curve_classifier_v1,Test_052,data/New_data/8x8_Case4/csv/force_disp_Test_052.csv,curve_classifier_pseudo_label,0.7483333333333333,medium
Case4,8x8_053,3.0,87.0,3942.826924573259,2,8.0,8.0,8x8_new_data_curve_classifier_v1,Test_053,data/New_data/8x8_Case4/csv/force_disp_Test_053.csv,curve_classifier_pseudo_label,0.5366666666666666,high
Case4,8x8_054,-17.0,-44.0,5907.430626773915,3,8.0,8.0,8x8_new_data_curve_classifier_v1,Test_054,data/New_data/8x8_Case4/csv/force_disp_Test_054.csv,curve_classifier_pseudo_label,0.49166666666666664,high
Case4,8x8_055,44.0,-49.0,7442.50186389317,2,8.0,8.0,8x8_new_data_curve_classifier_v1,Test_055,data/New_data/8x8_Case4/csv/force_disp_Test_055.csv,curve_classifier_pseudo_label,0.515,high
Case4,8x8_056,67.0,-19.0,5129.169267328459,2,8.0,8.0,8x8_new_data_curve_classifier_v1,Test_056,data/New_data/8x8_Case4/csv/force_disp_Test_056.csv,curve_classifier_pseudo_label,0.6783333333333333,high
Case4,8x8_057,2.0,74.0,4353.320318499713,2,8.0,8.0,8x8_new_data_curve_classifier_v1,Test_057,data/New_data/8x8_Case4/csv/force_disp_Test_057.csv,curve_classifier_pseudo_label,0.5033333333333333,high
Case4,8x8_058,82.0,19.0,4483.206267148011,2,8.0,8.0,8x8_new_data_curve_classifier_v1,Test_058,data/New_data/8x8_Case4/csv/force_disp_Test_058.csv,curve_classifier_pseudo_label,0.68,high
Case4,8x8_059,14.0,3.0,4910.672094088812,3,8.0,8.0,8x8_new_data_curve_classifier_v1,Test_059,data/New_data/8x8_Case4/csv/force_disp_Test_059.csv,curve_classifier_pseudo_label,0.8783333333333333,low
Case4,8x8_060,44.0,-84.0,5287.38848041502,2,8.0,8.0,8x8_new_data_curve_classifier_v1,Test_060,data/New_data/8x8_Case4/csv/force_disp_Test_060.csv,curve_classifier_pseudo_label,0.565,high
Case4,8x8_061,0.0,-52.0,5258.231674033918,2,8.0,8.0,8x8_new_data_curve_classifier_v1,Test_061,data/New_data/8x8_Case4/csv/force_disp_Test_061.csv,curve_classifier_pseudo_label,0.5333333333333333,high
Case4,8x8_062,33.0,26.0,6531.7067096171195,3,8.0,8.0,8x8_new_data_curve_classifier_v1,Test_062,data/New_data/8x8_Case4/csv/force_disp_Test_062.csv,curve_classifier_pseudo_label,0.5716666666666667,high
Case4,8x8_063,-75.0,38.0,5539.777538259725,2,8.0,8.0,8x8_new_data_curve_classifier_v1,Test_063,data/New_data/8x8_Case4/csv/force_disp_Test_063.csv,curve_classifier_pseudo_label,0.71,medium
Case4,8x8_064,-20.0,55.0,5777.092574565379,2,8.0,8.0,8x8_new_data_curve_classifier_v1,Test_064,data/New_data/8x8_Case4/csv/force_disp_Test_064.csv,curve_classifier_pseudo_label,0.71,medium
Case4,8x8_065,72.0,31.0,5385.415431575042,2,8.0,8.0,8x8_new_data_curve_classifier_v1,Test_065,data/New_data/8x8_Case4/csv/force_disp_Test_065.csv,curve_classifier_pseudo_label,0.6933333333333334,high
Case4,8x8_066,75.0,72.0,3780.185669310454,2,8.0,8.0,8x8_new_data_curve_classifier_v1,Test_066,data/New_data/8x8_Case4/csv/force_disp_Test_066.csv,curve_classifier_pseudo_label,0.5133333333333333,high
Case4,8x8_067,-83.0,68.0,3750.214207800359,2,8.0,8.0,8x8_new_data_curve_classifier_v1,Test_067,data/New_data/8x8_Case4/csv/force_disp_Test_067.csv,curve_classifier_pseudo_label,0.5,high
Case4,8x8_068,-26.0,-1.0,5339.616235800141,3,8.0,8.0,8x8_new_data_curve_classifier_v1,Test_068,data/New_data/8x8_Case4/csv/force_disp_Test_068.csv,curve_classifier_pseudo_label,0.745,medium
Case4,8x8_069,-36.0,57.0,6495.6425497558785,2,8.0,8.0,8x8_new_data_curve_classifier_v1,Test_069,data/New_data/8x8_Case4/csv/force_disp_Test_069.csv,curve_classifier_pseudo_label,0.675,high
Case4,8x8_070,-89.0,-51.0,5229.645843196665,2,8.0,8.0,8x8_new_data_curve_classifier_v1,Test_070,data/New_data/8x8_Case4/csv/force_disp_Test_070.csv,curve_classifier_pseudo_label,0.5533333333333333,high
Case4,8x8_071,-45.0,-29.0,6505.364641964248,2,8.0,8.0,8x8_new_data_curve_classifier_v1,Test_071,data/New_data/8x8_Case4/csv/force_disp_Test_071.csv,curve_classifier_pseudo_label,0.545,high
Case4,8x8_072,-29.0,13.0,5645.817635348862,3,8.0,8.0,8x8_new_data_curve_classifier_v1,Test_072,data/New_data/8x8_Case4/csv/force_disp_Test_072.csv,curve_classifier_pseudo_label,0.73,medium
Case4,8x8_073,-22.0,46.0,6117.933401400916,2,8.0,8.0,8x8_new_data_curve_classifier_v1,Test_073,data/New_data/8x8_Case4/csv/force_disp_Test_073.csv,curve_classifier_pseudo_label,0.595,high
Case4,8x8_074,-1.0,-8.0,4852.647906996622,3,8.0,8.0,8x8_new_data_curve_classifier_v1,Test_074,data/New_data/8x8_Case4/csv/force_disp_Test_074.csv,curve_classifier_pseudo_label,0.885,low
Case4,8x8_075,-22.0,82.0,4601.165845380445,2,8.0,8.0,8x8_new_data_curve_classifier_v1,Test_075,data/New_data/8x8_Case4/csv/force_disp_Test_075.csv,curve_classifier_pseudo_label,0.8283333333333334,medium
Case4,8x8_076,50.0,5.0,5390.371569169298,3,8.0,8.0,8x8_new_data_curve_classifier_v1,Test_076,data/New_data/8x8_Case4/csv/force_disp_Test_076.csv,curve_classifier_pseudo_label,0.5366666666666666,high
Case4,8x8_077,-64.0,20.0,5379.981001325868,2,8.0,8.0,8x8_new_data_curve_classifier_v1,Test_077,data/New_data/8x8_Case4/csv/force_disp_Test_077.csv,curve_classifier_pseudo_label,0.715,medium
Case4,8x8_078,29.0,-79.0,5029.137264612036,2,8.0,8.0,8x8_new_data_curve_classifier_v1,Test_078,data/New_data/8x8_Case4/csv/force_disp_Test_078.csv,curve_classifier_pseudo_label,0.7483333333333333,medium
Case4,8x8_079,-67.0,39.0,6039.966685547486,2,8.0,8.0,8x8_new_data_curve_classifier_v1,Test_079,data/New_data/8x8_Case4/csv/force_disp_Test_079.csv,curve_classifier_pseudo_label,0.6683333333333333,high
Case4,8x8_080,-53.0,-64.0,6614.375037607424,2,8.0,8.0,8x8_new_data_curve_classifier_v1,Test_080,data/New_data/8x8_Case4/csv/force_disp_Test_080.csv,curve_classifier_pseudo_label,0.5083333333333333,high
Case4,8x8_081,-38.0,-72.0,5654.696885076137,2,8.0,8.0,8x8_new_data_curve_classifier_v1,Test_081,data/New_data/8x8_Case4/csv/force_disp_Test_081.csv,curve_classifier_pseudo_label,0.6683333333333333,high
Case4,8x8_082,85.0,48.0,5285.141937458496,2,8.0,8.0,8x8_new_data_curve_classifier_v1,Test_082,data/New_data/8x8_Case4/csv/force_disp_Test_082.csv,curve_classifier_pseudo_label,0.6083333333333333,high
Case4,8x8_083,-12.0,85.0,4198.382432559146,2,8.0,8.0,8x8_new_data_curve_classifier_v1,Test_083,data/New_data/8x8_Case4/csv/force_disp_Test_083.csv,curve_classifier_pseudo_label,0.5933333333333334,high
Case4,8x8_084,77.0,-48.0,5628.180711447854,2,8.0,8.0,8x8_new_data_curve_classifier_v1,Test_084,data/New_data/8x8_Case4/csv/force_disp_Test_084.csv,curve_classifier_pseudo_label,0.5283333333333333,high
Case4,8x8_085,45.0,75.0,5669.4289757575825,2,8.0,8.0,8x8_new_data_curve_classifier_v1,Test_085,data/New_data/8x8_Case4/csv/force_disp_Test_085.csv,curve_classifier_pseudo_label,0.605,high
Case4,8x8_086,-41.0,-54.0,6841.532431490997,2,8.0,8.0,8x8_new_data_curve_classifier_v1,Test_086,data/New_data/8x8_Case4/csv/force_disp_Test_086.csv,curve_classifier_pseudo_label,0.5783333333333334,high
Case4,8x8_087,-38.0,89.0,5040.7985395543565,2,8.0,8.0,8x8_new_data_curve_classifier_v1,Test_087,data/New_data/8x8_Case4/csv/force_disp_Test_087.csv,curve_classifier_pseudo_label,0.7216666666666667,medium
Case4,8x8_088,23.0,33.0,6275.406838615661,3,8.0,8.0,8x8_new_data_curve_classifier_v1,Test_088,data/New_data/8x8_Case4/csv/force_disp_Test_088.csv,curve_classifier_pseudo_label,0.6033333333333334,high
Case4,8x8_089,18.0,-35.0,5925.446041446913,3,8.0,8.0,8x8_new_data_curve_classifier_v1,Test_089,data/New_data/8x8_Case4/csv/force_disp_Test_089.csv,curve_classifier_pseudo_label,0.5966666666666667,high
Case4,8x8_090,-65.0,24.0,5517.707394730965,2,8.0,8.0,8x8_new_data_curve_classifier_v1,Test_090,data/New_data/8x8_Case4/csv/force_disp_Test_090.csv,curve_classifier_pseudo_label,0.73,medium
Case4,8x8_091,11.0,36.0,5551.947821633755,3,8.0,8.0,8x8_new_data_curve_classifier_v1,Test_091,data/New_data/8x8_Case4/csv/force_disp_Test_091.csv,curve_classifier_pseudo_label,0.7,medium
Case4,8x8_092,-38.0,-40.0,7338.688659752844,2,8.0,8.0,8x8_new_data_curve_classifier_v1,Test_092,data/New_data/8x8_Case4/csv/force_disp_Test_092.csv,curve_classifier_pseudo_label,0.555,high
Case4,8x8_093,-70.0,-78.0,3767.8638945992357,2,8.0,8.0,8x8_new_data_curve_classifier_v1,Test_093,data/New_data/8x8_Case4/csv/force_disp_Test_093.csv,curve_classifier_pseudo_label,0.5166666666666667,high
Case4,8x8_094,73.0,-55.0,5911.174039522077,2,8.0,8.0,8x8_new_data_curve_classifier_v1,Test_094,data/New_data/8x8_Case4/csv/force_disp_Test_094.csv,curve_classifier_pseudo_label,0.4666666666666667,high
Case4,8x8_095,68.0,-30.0,5567.214456656735,2,8.0,8.0,8x8_new_data_curve_classifier_v1,Test_095,data/New_data/8x8_Case4/csv/force_disp_Test_095.csv,curve_classifier_pseudo_label,0.72,medium
Case4,8x8_096,84.0,-52.0,5332.283882503391,2,8.0,8.0,8x8_new_data_curve_classifier_v1,Test_096,data/New_data/8x8_Case4/csv/force_disp_Test_096.csv,curve_classifier_pseudo_label,0.48833333333333334,high
Case4,8x8_097,-46.0,-23.0,6078.684849307933,2,8.0,8.0,8x8_new_data_curve_classifier_v1,Test_097,data/New_data/8x8_Case4/csv/force_disp_Test_097.csv,curve_classifier_pseudo_label,0.5033333333333333,high
Case4,8x8_098,-1.0,36.0,5556.815577206858,3,8.0,8.0,8x8_new_data_curve_classifier_v1,Test_098,data/New_data/8x8_Case4/csv/force_disp_Test_098.csv,curve_classifier_pseudo_label,0.7333333333333333,medium
Case4,8x8_099,90.0,40.0,5090.936272818905,2,8.0,8.0,8x8_new_data_curve_classifier_v1,Test_099,data/New_data/8x8_Case4/csv/force_disp_Test_099.csv,curve_classifier_pseudo_label,0.5733333333333334,high
Case4,8x8_100,69.0,62.0,5541.392523080407,2,8.0,8.0,8x8_new_data_curve_classifier_v1,Test_100,data/New_data/8x8_Case4/csv/force_disp_Test_100.csv,curve_classifier_pseudo_label,0.4816666666666667,high
Case4,8x8_101,48.0,15.0,5712.411234695455,3,8.0,8.0,8x8_new_data_curve_classifier_v1,Test_101,data/New_data/8x8_Case4/csv/force_disp_Test_101.csv,curve_classifier_pseudo_label,0.48333333333333334,high
Case4,8x8_102,76.0,-24.0,4971.603958387639,2,8.0,8.0,8x8_new_data_curve_classifier_v1,Test_102,data/New_data/8x8_Case4/csv/force_disp_Test_102.csv,curve_classifier_pseudo_label,0.705,medium
Case4,8x8_103,66.0,14.0,5048.477384049053,2,8.0,8.0,8x8_new_data_curve_classifier_v1,Test_103,data/New_data/8x8_Case4/csv/force_disp_Test_103.csv,curve_classifier_pseudo_label,0.6433333333333333,high
Case4,8x8_104,83.0,3.0,3944.2451119482002,3,8.0,8.0,8x8_new_data_curve_classifier_v1,Test_104,data/New_data/8x8_Case4/csv/force_disp_Test_104.csv,curve_classifier_pseudo_label,0.52,high
Case4,8x8_105,89.0,-77.0,2784.9680615988336,1,8.0,8.0,8x8_new_data_curve_classifier_v1,Test_105,data/New_data/8x8_Case4/csv/force_disp_Test_105.csv,curve_classifier_pseudo_label,0.5166666666666667,high
Case4,8x8_106,-12.0,43.0,5751.923471731576,2,8.0,8.0,8x8_new_data_curve_classifier_v1,Test_106,data/New_data/8x8_Case4/csv/force_disp_Test_106.csv,curve_classifier_pseudo_label,0.48833333333333334,high
Case4,8x8_107,69.0,8.0,4563.510717066899,2,8.0,8.0,8x8_new_data_curve_classifier_v1,Test_107,data/New_data/8x8_Case4/csv/force_disp_Test_107.csv,curve_classifier_pseudo_label,0.5866666666666667,high
Case4,8x8_108,46.0,-72.0,5896.010147592838,2,8.0,8.0,8x8_new_data_curve_classifier_v1,Test_108,data/New_data/8x8_Case4/csv/force_disp_Test_108.csv,curve_classifier_pseudo_label,0.5616666666666666,high
Case4,8x8_109,-69.0,17.0,4929.5489664530605,2,8.0,8.0,8x8_new_data_curve_classifier_v1,Test_109,data/New_data/8x8_Case4/csv/force_disp_Test_109.csv,curve_classifier_pseudo_label,0.7166666666666667,medium
Case4,8x8_110,-51.0,1.0,5278.809007153863,2,8.0,8.0,8x8_new_data_curve_classifier_v1,Test_110,data/New_data/8x8_Case4/csv/force_disp_Test_110.csv,curve_classifier_pseudo_label,0.5016666666666667,high
Case4,8x8_111,7.0,87.0,3849.0300386143745,2,8.0,8.0,8x8_new_data_curve_classifier_v1,Test_111,data/New_data/8x8_Case4/csv/force_disp_Test_111.csv,curve_classifier_pseudo_label,0.5433333333333333,high
Case4,8x8_112,21.0,-8.0,5386.785174280919,3,8.0,8.0,8x8_new_data_curve_classifier_v1,Test_112,data/New_data/8x8_Case4/csv/force_disp_Test_112.csv,curve_classifier_pseudo_label,0.835,medium
Case4,8x8_113,35.0,-2.0,5384.739640654454,3,8.0,8.0,8x8_new_data_curve_classifier_v1,Test_113,data/New_data/8x8_Case4/csv/force_disp_Test_113.csv,curve_classifier_pseudo_label,0.8066666666666666,medium
Case4,8x8_114,-35.0,-78.0,5222.914055470661,2,8.0,8.0,8x8_new_data_curve_classifier_v1,Test_114,data/New_data/8x8_Case4/csv/force_disp_Test_114.csv,curve_classifier_pseudo_label,0.705,medium
Case4,8x8_115,22.0,74.0,4965.063057742168,2,8.0,8.0,8x8_new_data_curve_classifier_v1,Test_115,data/New_data/8x8_Case4/csv/force_disp_Test_115.csv,curve_classifier_pseudo_label,0.8016666666666666,medium
Case4,8x8_116,12.0,-85.0,4201.873786700601,2,8.0,8.0,8x8_new_data_curve_classifier_v1,Test_116,data/New_data/8x8_Case4/csv/force_disp_Test_116.csv,curve_classifier_pseudo_label,0.5233333333333333,high
Case4,8x8_117,-87.0,33.0,4884.778796260707,2,8.0,8.0,8x8_new_data_curve_classifier_v1,Test_117,data/New_data/8x8_Case4/csv/force_disp_Test_117.csv,curve_classifier_pseudo_label,0.745,medium
Case4,8x8_118,54.0,-88.0,5229.660739150098,2,8.0,8.0,8x8_new_data_curve_classifier_v1,Test_118,data/New_data/8x8_Case4/csv/force_disp_Test_118.csv,curve_classifier_pseudo_label,0.48833333333333334,high
Case4,8x8_119,31.0,-10.0,5539.759207789687,3,8.0,8.0,8x8_new_data_curve_classifier_v1,Test_119,data/New_data/8x8_Case4/csv/force_disp_Test_119.csv,curve_classifier_pseudo_label,0.805,medium
Case4,8x8_120,-58.0,-26.0,5878.255602479533,2,8.0,8.0,8x8_new_data_curve_classifier_v1,Test_120,data/New_data/8x8_Case4/csv/force_disp_Test_120.csv,curve_classifier_pseudo_label,0.6433333333333333,high
Case4,8x8_121,-50.0,14.0,5675.068779697288,2,8.0,8.0,8x8_new_data_curve_classifier_v1,Test_121,data/New_data/8x8_Case4/csv/force_disp_Test_121.csv,curve_classifier_pseudo_label,0.5333333333333333,high
Case4,8x8_122,20.0,-73.0,4920.210070410504,2,8.0,8.0,8x8_new_data_curve_classifier_v1,Test_122,data/New_data/8x8_Case4/csv/force_disp_Test_122.csv,curve_classifier_pseudo_label,0.74,medium
Case4,8x8_123,76.0,4.0,4324.6132507525035,3,8.0,8.0,8x8_new_data_curve_classifier_v1,Test_123,data/New_data/8x8_Case4/csv/force_disp_Test_123.csv,curve_classifier_pseudo_label,0.5216666666666666,high
Case4,8x8_124,42.0,-66.0,6209.79206527621,2,8.0,8.0,8x8_new_data_curve_classifier_v1,Test_124,data/New_data/8x8_Case4/csv/force_disp_Test_124.csv,curve_classifier_pseudo_label,0.6033333333333334,high
Case4,8x8_125,-3.0,72.0,4341.607088190484,2,8.0,8.0,8x8_new_data_curve_classifier_v1,Test_125,data/New_data/8x8_Case4/csv/force_disp_Test_125.csv,curve_classifier_pseudo_label,0.54,high
Case4,8x8_126,-8.0,18.0,5406.434928622647,3,8.0,8.0,8x8_new_data_curve_classifier_v1,Test_126,data/New_data/8x8_Case4/csv/force_disp_Test_126.csv,curve_classifier_pseudo_label,0.63,high
Case4,8x8_127,-66.0,77.0,4342.321180761343,2,8.0,8.0,8x8_new_data_curve_classifier_v1,Test_127,data/New_data/8x8_Case4/csv/force_disp_Test_127.csv,curve_classifier_pseudo_label,0.51,high
Case4,8x8_128,59.0,-70.0,6169.744815598298,1,8.0,8.0,8x8_new_data_curve_classifier_v1,Test_128,data/New_data/8x8_Case4/csv/force_disp_Test_128.csv,curve_classifier_pseudo_label,0.5316666666666666,high
Case4,8x8_129,24.0,11.0,5614.648460624056,3,8.0,8.0,8x8_new_data_curve_classifier_v1,Test_129,data/New_data/8x8_Case4/csv/force_disp_Test_129.csv,curve_classifier_pseudo_label,0.8566666666666667,low
Case4,8x8_130,-59.0,12.0,5383.20262964873,2,8.0,8.0,8x8_new_data_curve_classifier_v1,Test_130,data/New_data/8x8_Case4/csv/force_disp_Test_130.csv,curve_classifier_pseudo_label,0.625,high
Case4,8x8_131,41.0,53.0,6908.643982115371,2,8.0,8.0,8x8_new_data_curve_classifier_v1,Test_131,data/New_data/8x8_Case4/csv/force_disp_Test_131.csv,curve_classifier_pseudo_label,0.5733333333333334,high
Case4,8x8_132,38.0,35.0,7129.9730925313115,2,8.0,8.0,8x8_new_data_curve_classifier_v1,Test_132,data/New_data/8x8_Case4/csv/force_disp_Test_132.csv,curve_classifier_pseudo_label,0.495,high
Case4,8x8_133,-21.0,37.0,6221.646179193704,3,8.0,8.0,8x8_new_data_curve_classifier_v1,Test_133,data/New_data/8x8_Case4/csv/force_disp_Test_133.csv,curve_classifier_pseudo_label,0.49333333333333335,high
Case4,8x8_134,-56.0,37.0,6591.27454541036,2,8.0,8.0,8x8_new_data_curve_classifier_v1,Test_134,data/New_data/8x8_Case4/csv/force_disp_Test_134.csv,curve_classifier_pseudo_label,0.66,high
Case4,8x8_135,39.0,-76.0,5522.12689960489,2,8.0,8.0,8x8_new_data_curve_classifier_v1,Test_135,data/New_data/8x8_Case4/csv/force_disp_Test_135.csv,curve_classifier_pseudo_label,0.6583333333333333,high
Case4,8x8_136,8.0,-68.0,4757.9858468053535,2,8.0,8.0,8x8_new_data_curve_classifier_v1,Test_136,data/New_data/8x8_Case4/csv/force_disp_Test_136.csv,curve_classifier_pseudo_label,0.6783333333333333,high
Case4,8x8_137,68.0,53.0,6257.26568709228,2,8.0,8.0,8x8_new_data_curve_classifier_v1,Test_137,data/New_data/8x8_Case4/csv/force_disp_Test_137.csv,curve_classifier_pseudo_label,0.525,high
Case4,8x8_138,-28.0,-75.0,5135.016463880489,2,8.0,8.0,8x8_new_data_curve_classifier_v1,Test_138,data/New_data/8x8_Case4/csv/force_disp_Test_138.csv,curve_classifier_pseudo_label,0.7083333333333334,medium
Case4,8x8_139,-52.0,-36.0,6649.2554796134755,2,8.0,8.0,8x8_new_data_curve_classifier_v1,Test_139,data/New_data/8x8_Case4/csv/force_disp_Test_139.csv,curve_classifier_pseudo_label,0.6016666666666667,high
Case4,8x8_140,1.0,-3.0,9812.454612273514,3,8.0,8.0,8x8_new_data_curve_classifier_v1,Test_140,data/New_data/8x8_Case4/csv/force_disp_Test_140.csv,curve_classifier_pseudo_label,0.9083333333333333,low
Case4,8x8_141,79.0,49.0,5501.692907303858,2,8.0,8.0,8x8_new_data_curve_classifier_v1,Test_141,data/New_data/8x8_Case4/csv/force_disp_Test_141.csv,curve_classifier_pseudo_label,0.5883333333333334,high
Case4,8x8_142,56.0,10.0,5378.158773666985,2,8.0,8.0,8x8_new_data_curve_classifier_v1,Test_142,data/New_data/8x8_Case4/csv/force_disp_Test_142.csv,curve_classifier_pseudo_label,0.5283333333333333,high
Case4,8x8_143,39.0,-35.0,7200.629831170267,2,8.0,8.0,8x8_new_data_curve_classifier_v1,Test_143,data/New_data/8x8_Case4/csv/force_disp_Test_143.csv,curve_classifier_pseudo_label,0.5133333333333333,high
Case4,8x8_144,-86.0,-39.0,5092.2717418326865,2,8.0,8.0,8x8_new_data_curve_classifier_v1,Test_144,data/New_data/8x8_Case4/csv/force_disp_Test_144.csv,curve_classifier_pseudo_label,0.6433333333333333,high
Case4,8x8_145,29.0,32.0,6818.416907123097,3,8.0,8.0,8x8_new_data_curve_classifier_v1,Test_145,data/New_data/8x8_Case4/csv/force_disp_Test_145.csv,curve_classifier_pseudo_label,0.5366666666666666,high
Case4,8x8_146,-41.0,-28.0,6497.607281512817,2,8.0,8.0,8x8_new_data_curve_classifier_v1,Test_146,data/New_data/8x8_Case4/csv/force_disp_Test_146.csv,curve_classifier_pseudo_label,0.5133333333333333,high
Case4,8x8_147,47.0,23.0,6094.534426967528,2,8.0,8.0,8x8_new_data_curve_classifier_v1,Test_147,data/New_data/8x8_Case4/csv/force_disp_Test_147.csv,curve_classifier_pseudo_label,0.53,high
Case4,8x8_148,46.0,-62.0,6610.444312614568,2,8.0,8.0,8x8_new_data_curve_classifier_v1,Test_148,data/New_data/8x8_Case4/csv/force_disp_Test_148.csv,curve_classifier_pseudo_label,0.5516666666666666,high
Case4,8x8_149,24.0,-59.0,5824.555485630541,2,8.0,8.0,8x8_new_data_curve_classifier_v1,Test_149,data/New_data/8x8_Case4/csv/force_disp_Test_149.csv,curve_classifier_pseudo_label,0.71,medium
Case4,8x8_150,15.0,-47.0,5730.032278198862,2,8.0,8.0,8x8_new_data_curve_classifier_v1,Test_150,data/New_data/8x8_Case4/csv/force_disp_Test_150.csv,curve_classifier_pseudo_label,0.51,high
Case4,8x8_151,-66.0,-82.0,4023.532078867632,2,8.0,8.0,8x8_new_data_curve_classifier_v1,Test_151,data/New_data/8x8_Case4/csv/force_disp_Test_151.csv,curve_classifier_pseudo_label,0.5316666666666666,high
Case4,8x8_152,-23.0,-66.0,5343.757771973382,2,8.0,8.0,8x8_new_data_curve_classifier_v1,Test_152,data/New_data/8x8_Case4/csv/force_disp_Test_152.csv,curve_classifier_pseudo_label,0.6916666666666667,high
Case4,8x8_153,50.0,-62.0,6765.554546962981,2,8.0,8.0,8x8_new_data_curve_classifier_v1,Test_153,data/New_data/8x8_Case4/csv/force_disp_Test_153.csv,curve_classifier_pseudo_label,0.5083333333333333,high
Case4,8x8_154,-65.0,-65.0,5406.456849993554,1,8.0,8.0,8x8_new_data_curve_classifier_v1,Test_154,data/New_data/8x8_Case4/csv/force_disp_Test_154.csv,curve_classifier_pseudo_label,0.5066666666666667,high
Case4,8x8_155,11.0,-32.0,5747.826899139963,3,8.0,8.0,8x8_new_data_curve_classifier_v1,Test_155,data/New_data/8x8_Case4/csv/force_disp_Test_155.csv,curve_classifier_pseudo_label,0.7166666666666667,medium
Case4,8x8_156,70.0,-86.0,3437.7405388736584,1,8.0,8.0,8x8_new_data_curve_classifier_v1,Test_156,data/New_data/8x8_Case4/csv/force_disp_Test_156.csv,curve_classifier_pseudo_label,0.49666666666666665,high
Case4,8x8_157,78.0,-26.0,4944.276227952215,2,8.0,8.0,8x8_new_data_curve_classifier_v1,Test_157,data/New_data/8x8_Case4/csv/force_disp_Test_157.csv,curve_classifier_pseudo_label,0.6966666666666667,high
Case4,8x8_158,17.0,-43.0,5941.112348025299,3,8.0,8.0,8x8_new_data_curve_classifier_v1,Test_158,data/New_data/8x8_Case4/csv/force_disp_Test_158.csv,curve_classifier_pseudo_label,0.4716666666666667,high
Case4,8x8_159,-9.0,-4.0,4612.8769843549635,3,8.0,8.0,8x8_new_data_curve_classifier_v1,Test_159,data/New_data/8x8_Case4/csv/force_disp_Test_159.csv,curve_classifier_pseudo_label,0.86,low
Case4,8x8_160,47.0,-13.0,5675.996402923296,3,8.0,8.0,8x8_new_data_curve_classifier_v1,Test_160,data/New_data/8x8_Case4/csv/force_disp_Test_160.csv,curve_classifier_pseudo_label,0.48333333333333334,high
Case4,8x8_161,-43.0,-45.0,7497.737139846917,2,8.0,8.0,8x8_new_data_curve_classifier_v1,Test_161,data/New_data/8x8_Case4/csv/force_disp_Test_161.csv,curve_classifier_pseudo_label,0.5333333333333333,high
Case4,8x8_162,-71.0,-11.0,4599.294178303902,2,8.0,8.0,8x8_new_data_curve_classifier_v1,Test_162,data/New_data/8x8_Case4/csv/force_disp_Test_162.csv,curve_classifier_pseudo_label,0.65,high
Case4,8x8_163,-84.0,28.0,4797.410433362092,2,8.0,8.0,8x8_new_data_curve_classifier_v1,Test_163,data/New_data/8x8_Case4/csv/force_disp_Test_163.csv,curve_classifier_pseudo_label,0.7316666666666667,medium
Case4,8x8_164,-16.0,-5.0,5056.352614122,3,8.0,8.0,8x8_new_data_curve_classifier_v1,Test_164,data/New_data/8x8_Case4/csv/force_disp_Test_164.csv,curve_classifier_pseudo_label,0.7316666666666667,medium
Case4,8x8_165,-5.0,10.0,5090.954793240228,3,8.0,8.0,8x8_new_data_curve_classifier_v1,Test_165,data/New_data/8x8_Case4/csv/force_disp_Test_165.csv,curve_classifier_pseudo_label,0.87,low
Case4,8x8_166,-61.0,-3.0,4948.3297103265295,2,8.0,8.0,8x8_new_data_curve_classifier_v1,Test_166,data/New_data/8x8_Case4/csv/force_disp_Test_166.csv,curve_classifier_pseudo_label,0.5916666666666667,high
Case4,8x8_167,-4.0,-6.0,4869.091735251847,3,8.0,8.0,8x8_new_data_curve_classifier_v1,Test_167,data/New_data/8x8_Case4/csv/force_disp_Test_167.csv,curve_classifier_pseudo_label,0.8783333333333333,low
Case4,8x8_168,-5.0,-1.0,4920.81710064781,3,8.0,8.0,8x8_new_data_curve_classifier_v1,Test_168,data/New_data/8x8_Case4/csv/force_disp_Test_168.csv,curve_classifier_pseudo_label,0.8766666666666667,low
Case4,8x8_169,58.0,-70.0,6147.733388037361,1,8.0,8.0,8x8_new_data_curve_classifier_v1,Test_169,data/New_data/8x8_Case4/csv/force_disp_Test_169.csv,curve_classifier_pseudo_label,0.5116666666666667,high
Case4,8x8_170,-35.0,-50.0,6667.091255857744,2,8.0,8.0,8x8_new_data_curve_classifier_v1,Test_170,data/New_data/8x8_Case4/csv/force_disp_Test_170.csv,curve_classifier_pseudo_label,0.5916666666666667,high
Case4,8x8_171,-6.0,-18.0,5183.317029035286,3,8.0,8.0,8x8_new_data_curve_classifier_v1,Test_171,data/New_data/8x8_Case4/csv/force_disp_Test_171.csv,curve_classifier_pseudo_label,0.8633333333333333,low
Case4,8x8_172,-68.0,5.0,4680.854805367758,2,8.0,8.0,8x8_new_data_curve_classifier_v1,Test_172,data/New_data/8x8_Case4/csv/force_disp_Test_172.csv,curve_classifier_pseudo_label,0.6016666666666667,high
Case4,8x8_173,82.0,-55.0,5396.066274877702,2,8.0,8.0,8x8_new_data_curve_classifier_v1,Test_173,data/New_data/8x8_Case4/csv/force_disp_Test_173.csv,curve_classifier_pseudo_label,0.4633333333333333,high
Case4,8x8_174,-76.0,51.0,5716.346537682102,2,8.0,8.0,8x8_new_data_curve_classifier_v1,Test_174,data/New_data/8x8_Case4/csv/force_disp_Test_174.csv,curve_classifier_pseudo_label,0.57,high
Case4,8x8_175,-73.0,85.0,3184.584675773478,2,8.0,8.0,8x8_new_data_curve_classifier_v1,Test_175,data/New_data/8x8_Case4/csv/force_disp_Test_175.csv,curve_classifier_pseudo_label,0.485,high
Case4,8x8_176,-36.0,30.0,6826.5865967205,2,8.0,8.0,8x8_new_data_curve_classifier_v1,Test_176,data/New_data/8x8_Case4/csv/force_disp_Test_176.csv,curve_classifier_pseudo_label,0.4716666666666667,high
Case4,8x8_177,25.0,-81.0,4740.583584099746,2,8.0,8.0,8x8_new_data_curve_classifier_v1,Test_177,data/New_data/8x8_Case4/csv/force_disp_Test_177.csv,curve_classifier_pseudo_label,0.7483333333333333,medium
Case4,8x8_178,27.0,63.0,5753.656861396799,2,8.0,8.0,8x8_new_data_curve_classifier_v1,Test_178,data/New_data/8x8_Case4/csv/force_disp_Test_178.csv,curve_classifier_pseudo_label,0.755,medium
Case4,8x8_179,73.0,-44.0,5779.634416145858,2,8.0,8.0,8x8_new_data_curve_classifier_v1,Test_179,data/New_data/8x8_Case4/csv/force_disp_Test_179.csv,curve_classifier_pseudo_label,0.575,high
Case4,8x8_180,-14.0,88.0,4076.011142698581,2,8.0,8.0,8x8_new_data_curve_classifier_v1,Test_180,data/New_data/8x8_Case4/csv/force_disp_Test_180.csv,curve_classifier_pseudo_label,0.6233333333333333,high
Case4,8x8_181,88.0,45.0,5201.543614533061,2,8.0,8.0,8x8_new_data_curve_classifier_v1,Test_181,data/New_data/8x8_Case4/csv/force_disp_Test_181.csv,curve_classifier_pseudo_label,0.6216666666666667,high
Case4,8x8_182,-14.0,42.0,5869.110792774039,2,8.0,8.0,8x8_new_data_curve_classifier_v1,Test_182,data/New_data/8x8_Case4/csv/force_disp_Test_182.csv,curve_classifier_pseudo_label,0.49333333333333335,high
Case4,8x8_183,37.0,63.0,6160.717090160206,2,8.0,8.0,8x8_new_data_curve_classifier_v1,Test_183,data/New_data/8x8_Case4/csv/force_disp_Test_183.csv,curve_classifier_pseudo_label,0.66,high
Case4,8x8_184,83.0,43.0,5226.493674878216,2,8.0,8.0,8x8_new_data_curve_classifier_v1,Test_184,data/New_data/8x8_Case4/csv/force_disp_Test_184.csv,curve_classifier_pseudo_label,0.6183333333333333,high
Case4,8x8_185,-18.0,49.0,5804.797852690206,2,8.0,8.0,8x8_new_data_curve_classifier_v1,Test_185,data/New_data/8x8_Case4/csv/force_disp_Test_185.csv,curve_classifier_pseudo_label,0.6133333333333333,high
Case4,8x8_186,-54.0,1.0,5219.328430638435,2,8.0,8.0,8x8_new_data_curve_classifier_v1,Test_186,data/New_data/8x8_Case4/csv/force_disp_Test_186.csv,curve_classifier_pseudo_label,0.5333333333333333,high
Case4,8x8_187,-47.0,-37.0,6935.742758138661,2,8.0,8.0,8x8_new_data_curve_classifier_v1,Test_187,data/New_data/8x8_Case4/csv/force_disp_Test_187.csv,curve_classifier_pseudo_label,0.5933333333333334,high
Case4,8x8_188,-40.0,56.0,6776.089686222022,2,8.0,8.0,8x8_new_data_curve_classifier_v1,Test_188,data/New_data/8x8_Case4/csv/force_disp_Test_188.csv,curve_classifier_pseudo_label,0.6216666666666667,high
Case4,8x8_189,34.0,0.0,5507.412328101359,3,8.0,8.0,8x8_new_data_curve_classifier_v1,Test_189,data/New_data/8x8_Case4/csv/force_disp_Test_189.csv,curve_classifier_pseudo_label,0.7983333333333333,medium
Case4,8x8_190,-80.0,40.0,5347.303917829418,2,8.0,8.0,8x8_new_data_curve_classifier_v1,Test_190,data/New_data/8x8_Case4/csv/force_disp_Test_190.csv,curve_classifier_pseudo_label,0.675,high
Case4,8x8_191,-75.0,6.0,4268.111521146384,2,8.0,8.0,8x8_new_data_curve_classifier_v1,Test_191,data/New_data/8x8_Case4/csv/force_disp_Test_191.csv,curve_classifier_pseudo_label,0.4666666666666667,high
Case4,8x8_192,89.0,-86.0,2388.625959708781,1,8.0,8.0,8x8_new_data_curve_classifier_v1,Test_192,data/New_data/8x8_Case4/csv/force_disp_Test_192.csv,curve_classifier_pseudo_label,0.5216666666666666,high
Case4,8x8_193,48.0,41.0,7161.006423146732,2,8.0,8.0,8x8_new_data_curve_classifier_v1,Test_193,data/New_data/8x8_Case4/csv/force_disp_Test_193.csv,curve_classifier_pseudo_label,0.56,high
Case4,8x8_194,-11.0,-16.0,5421.383928249801,3,8.0,8.0,8x8_new_data_curve_classifier_v1,Test_194,data/New_data/8x8_Case4/csv/force_disp_Test_194.csv,curve_classifier_pseudo_label,0.8616666666666667,low
Case4,8x8_195,12.0,71.0,4719.397713500662,2,8.0,8.0,8x8_new_data_curve_classifier_v1,Test_195,data/New_data/8x8_Case4/csv/force_disp_Test_195.csv,curve_classifier_pseudo_label,0.77,medium
Case4,8x8_196,-32.0,84.0,4956.708120759162,2,8.0,8.0,8x8_new_data_curve_classifier_v1,Test_196,data/New_data/8x8_Case4/csv/force_disp_Test_196.csv,curve_classifier_pseudo_label,0.78,medium
Case4,8x8_197,-80.0,-38.0,5286.694193507215,2,8.0,8.0,8x8_new_data_curve_classifier_v1,Test_197,data/New_data/8x8_Case4/csv/force_disp_Test_197.csv,curve_classifier_pseudo_label,0.6583333333333333,high
Case4,8x8_198,-82.0,-53.0,5387.4441692054315,2,8.0,8.0,8x8_new_data_curve_classifier_v1,Test_198,data/New_data/8x8_Case4/csv/force_disp_Test_198.csv,curve_classifier_pseudo_label,0.5533333333333333,high
Case4,8x8_199,-45.0,82.0,5346.55003683039,2,8.0,8.0,8x8_new_data_curve_classifier_v1,Test_199,data/New_data/8x8_Case4/csv/force_disp_Test_199.csv,curve_classifier_pseudo_label,0.6116666666666667,high
Case4,8x8_200,88.0,-42.0,5128.971330250995,2,8.0,8.0,8x8_new_data_curve_classifier_v1,Test_200,data/New_data/8x8_Case4/csv/force_disp_Test_200.csv,curve_classifier_pseudo_label,0.5383333333333333,high
Case4,8x8_201,-73.0,-27.0,5163.593736433832,2,8.0,8.0,8x8_new_data_curve_classifier_v1,Test_201,data/New_data/8x8_Case4/csv/force_disp_Test_201.csv,curve_classifier_pseudo_label,0.6916666666666667,high
Case4,8x8_202,-24.0,-76.0,4828.2039051447055,2,8.0,8.0,8x8_new_data_curve_classifier_v1,Test_202,data/New_data/8x8_Case4/csv/force_disp_Test_202.csv,curve_classifier_pseudo_label,0.7216666666666667,medium
Case4,8x8_203,33.0,58.0,6244.372750498665,2,8.0,8.0,8x8_new_data_curve_classifier_v1,Test_203,data/New_data/8x8_Case4/csv/force_disp_Test_203.csv,curve_classifier_pseudo_label,0.685,high
Case4,8x8_204,27.0,-22.0,6226.403684229021,3,8.0,8.0,8x8_new_data_curve_classifier_v1,Test_204,data/New_data/8x8_Case4/csv/force_disp_Test_204.csv,curve_classifier_pseudo_label,0.725,medium
Case4,8x8_205,-58.0,-50.0,7034.755052451984,2,8.0,8.0,8x8_new_data_curve_classifier_v1,Test_205,data/New_data/8x8_Case4/csv/force_disp_Test_205.csv,curve_classifier_pseudo_label,0.5033333333333333,high
Case4,8x8_206,4.0,90.0,3933.435720827932,2,8.0,8.0,8x8_new_data_curve_classifier_v1,Test_206,data/New_data/8x8_Case4/csv/force_disp_Test_206.csv,curve_classifier_pseudo_label,0.555,high
Case4,8x8_207,19.0,-83.0,4493.641383878025,2,8.0,8.0,8x8_new_data_curve_classifier_v1,Test_207,data/New_data/8x8_Case4/csv/force_disp_Test_207.csv,curve_classifier_pseudo_label,0.7216666666666667,medium
Case4,8x8_208,-87.0,47.0,5243.310154702068,2,8.0,8.0,8x8_new_data_curve_classifier_v1,Test_208,data/New_data/8x8_Case4/csv/force_disp_Test_208.csv,curve_classifier_pseudo_label,0.5933333333333334,high
Case4,8x8_209,58.0,-69.0,6242.166811589561,1,8.0,8.0,8x8_new_data_curve_classifier_v1,Test_209,data/New_data/8x8_Case4/csv/force_disp_Test_209.csv,curve_classifier_pseudo_label,0.5233333333333333,high
Case4,8x8_210,-10.0,23.0,5577.351555250903,3,8.0,8.0,8x8_new_data_curve_classifier_v1,Test_210,data/New_data/8x8_Case4/csv/force_disp_Test_210.csv,curve_classifier_pseudo_label,0.6683333333333333,high
Case4,8x8_211,55.0,-59.0,7212.237586505177,1,8.0,8.0,8x8_new_data_curve_classifier_v1,Test_211,data/New_data/8x8_Case4/csv/force_disp_Test_211.csv,curve_classifier_pseudo_label,0.57,high
Case4,8x8_212,-63.0,54.0,6775.949680996342,2,8.0,8.0,8x8_new_data_curve_classifier_v1,Test_212,data/New_data/8x8_Case4/csv/force_disp_Test_212.csv,curve_classifier_pseudo_label,0.5116666666666667,high
Case4,8x8_213,67.0,-42.0,6103.323487775923,2,8.0,8.0,8x8_new_data_curve_classifier_v1,Test_213,data/New_data/8x8_Case4/csv/force_disp_Test_213.csv,curve_classifier_pseudo_label,0.6033333333333334,high
Case4,8x8_214,63.0,-14.0,5204.1017927191015,2,8.0,8.0,8x8_new_data_curve_classifier_v1,Test_214,data/New_data/8x8_Case4/csv/force_disp_Test_214.csv,curve_classifier_pseudo_label,0.6483333333333333,high
Case4,8x8_215,9.0,13.0,5128.430687855934,3,8.0,8.0,8x8_new_data_curve_classifier_v1,Test_215,data/New_data/8x8_Case4/csv/force_disp_Test_215.csv,curve_classifier_pseudo_label,0.8766666666666667,low
Case4,8x8_216,-10.0,59.0,5190.278468825795,2,8.0,8.0,8x8_new_data_curve_classifier_v1,Test_216,data/New_data/8x8_Case4/csv/force_disp_Test_216.csv,curve_classifier_pseudo_label,0.7216666666666667,medium
Case4,8x8_217,21.0,56.0,5728.5584674049005,2,8.0,8.0,8x8_new_data_curve_classifier_v1,Test_217,data/New_data/8x8_Case4/csv/force_disp_Test_217.csv,curve_classifier_pseudo_label,0.6816666666666666,high
Case4,8x8_218,5.0,-15.0,5131.379349583795,3,8.0,8.0,8x8_new_data_curve_classifier_v1,Test_218,data/New_data/8x8_Case4/csv/force_disp_Test_218.csv,curve_classifier_pseudo_label,0.8783333333333333,low
Case4,8x8_219,-7.0,65.0,4811.664253499946,2,8.0,8.0,8x8_new_data_curve_classifier_v1,Test_219,data/New_data/8x8_Case4/csv/force_disp_Test_219.csv,curve_classifier_pseudo_label,0.7483333333333333,medium
Case4,8x8_220,14.0,-23.0,5663.074141097864,3,8.0,8.0,8x8_new_data_curve_classifier_v1,Test_220,data/New_data/8x8_Case4/csv/force_disp_Test_220.csv,curve_classifier_pseudo_label,0.81,medium
Case4,8x8_221,74.0,-56.0,5848.450496615078,1,8.0,8.0,8x8_new_data_curve_classifier_v1,Test_221,data/New_data/8x8_Case4/csv/force_disp_Test_221.csv,curve_classifier_pseudo_label,0.4633333333333333,high
Case4,8x8_222,7.0,-80.0,4039.3082312870124,2,8.0,8.0,8x8_new_data_curve_classifier_v1,Test_222,data/New_data/8x8_Case4/csv/force_disp_Test_222.csv,curve_classifier_pseudo_label,0.47,high
Case4,8x8_223,-78.0,-48.0,5552.409673831452,2,8.0,8.0,8x8_new_data_curve_classifier_v1,Test_223,data/New_data/8x8_Case4/csv/force_disp_Test_223.csv,curve_classifier_pseudo_label,0.5733333333333334,high
Case4,8x8_224,-4.0,-43.0,5449.875206149635,3,8.0,8.0,8x8_new_data_curve_classifier_v1,Test_224,data/New_data/8x8_Case4/csv/force_disp_Test_224.csv,curve_classifier_pseudo_label,0.6233333333333333,high
Case4,8x8_225,2.0,-73.0,4350.04428528579,2,8.0,8.0,8x8_new_data_curve_classifier_v1,Test_225,data/New_data/8x8_Case4/csv/force_disp_Test_225.csv,curve_classifier_pseudo_label,0.45666666666666667,high
Case4,8x8_226,-42.0,80.0,5402.61428433205,2,8.0,8.0,8x8_new_data_curve_classifier_v1,Test_226,data/New_data/8x8_Case4/csv/force_disp_Test_226.csv,curve_classifier_pseudo_label,0.6566666666666666,high
Case4,8x8_227,-42.0,-6.0,5609.594139622134,3,8.0,8.0,8x8_new_data_curve_classifier_v1,Test_227,data/New_data/8x8_Case4/csv/force_disp_Test_227.csv,curve_classifier_pseudo_label,0.6283333333333333,high
Case4,8x8_228,60.0,-31.0,6068.103851150263,2,8.0,8.0,8x8_new_data_curve_classifier_v1,Test_228,data/New_data/8x8_Case4/csv/force_disp_Test_228.csv,curve_classifier_pseudo_label,0.71,medium
Case4,8x8_229,42.0,86.0,5174.879164897978,2,8.0,8.0,8x8_new_data_curve_classifier_v1,Test_229,data/New_data/8x8_Case4/csv/force_disp_Test_229.csv,curve_classifier_pseudo_label,0.6383333333333333,high
Case4,8x8_230,-44.0,-30.0,6609.274191783107,2,8.0,8.0,8x8_new_data_curve_classifier_v1,Test_230,data/New_data/8x8_Case4/csv/force_disp_Test_230.csv,curve_classifier_pseudo_label,0.56,high
Case4,8x8_231,-69.0,24.0,5233.993220634925,2,8.0,8.0,8x8_new_data_curve_classifier_v1,Test_231,data/New_data/8x8_Case4/csv/force_disp_Test_231.csv,curve_classifier_pseudo_label,0.7383333333333333,medium
Case4,8x8_232,-8.0,-27.0,5473.562249097838,3,8.0,8.0,8x8_new_data_curve_classifier_v1,Test_232,data/New_data/8x8_Case4/csv/force_disp_Test_232.csv,curve_classifier_pseudo_label,0.8266666666666667,medium
Case4,8x8_233,61.0,-20.0,5473.220378226021,2,8.0,8.0,8x8_new_data_curve_classifier_v1,Test_233,data/New_data/8x8_Case4/csv/force_disp_Test_233.csv,curve_classifier_pseudo_label,0.6483333333333333,high
Case4,8x8_234,-49.0,-40.0,7073.029794926691,2,8.0,8.0,8x8_new_data_curve_classifier_v1,Test_234,data/New_data/8x8_Case4/csv/force_disp_Test_234.csv,curve_classifier_pseudo_label,0.57,high
Case4,8x8_235,-62.0,7.0,4993.168496667936,2,8.0,8.0,8x8_new_data_curve_classifier_v1,Test_235,data/New_data/8x8_Case4/csv/force_disp_Test_235.csv,curve_classifier_pseudo_label,0.6233333333333333,high
Case4,8x8_236,16.0,-57.0,5576.126242207978,2,8.0,8.0,8x8_new_data_curve_classifier_v1,Test_236,data/New_data/8x8_Case4/csv/force_disp_Test_236.csv,curve_classifier_pseudo_label,0.6516666666666666,high
Case4,8x8_237,-32.0,66.0,5803.6489955198285,2,8.0,8.0,8x8_new_data_curve_classifier_v1,Test_237,data/New_data/8x8_Case4/csv/force_disp_Test_237.csv,curve_classifier_pseudo_label,0.7866666666666666,medium
Case4,8x8_238,64.0,-22.0,5469.22873025311,2,8.0,8.0,8x8_new_data_curve_classifier_v1,Test_238,data/New_data/8x8_Case4/csv/force_disp_Test_238.csv,curve_classifier_pseudo_label,0.6816666666666666,high
Case4,8x8_239,30.0,17.0,5881.637334703694,3,8.0,8.0,8x8_new_data_curve_classifier_v1,Test_239,data/New_data/8x8_Case4/csv/force_disp_Test_239.csv,curve_classifier_pseudo_label,0.7783333333333333,medium
Case4,8x8_240,53.0,26.0,6087.884381825626,2,8.0,8.0,8x8_new_data_curve_classifier_v1,Test_240,data/New_data/8x8_Case4/csv/force_disp_Test_240.csv,curve_classifier_pseudo_label,0.63,high
Case4,8x8_241,13.0,6.0,4912.369171550609,3,8.0,8.0,8x8_new_data_curve_classifier_v1,Test_241,data/New_data/8x8_Case4/csv/force_disp_Test_241.csv,curve_classifier_pseudo_label,0.8783333333333333,low
Case4,8x8_242,-31.0,60.0,6063.706905404642,2,8.0,8.0,8x8_new_data_curve_classifier_v1,Test_242,data/New_data/8x8_Case4/csv/force_disp_Test_242.csv,curve_classifier_pseudo_label,0.775,medium
Case4,8x8_243,-63.0,-63.0,5845.489505495841,1,8.0,8.0,8x8_new_data_curve_classifier_v1,Test_243,data/New_data/8x8_Case4/csv/force_disp_Test_243.csv,curve_classifier_pseudo_label,0.5483333333333333,high
Case4,8x8_244,85.0,-58.0,5269.388426168064,1,8.0,8.0,8x8_new_data_curve_classifier_v1,Test_244,data/New_data/8x8_Case4/csv/force_disp_Test_244.csv,curve_classifier_pseudo_label,0.465,high
Case4,8x8_245,-34.0,-14.0,5722.014366647285,3,8.0,8.0,8x8_new_data_curve_classifier_v1,Test_245,data/New_data/8x8_Case4/csv/force_disp_Test_245.csv,curve_classifier_pseudo_label,0.6983333333333334,high
Case4,8x8_246,60.0,61.0,6414.926868742866,1,8.0,8.0,8x8_new_data_curve_classifier_v1,Test_246,data/New_data/8x8_Case4/csv/force_disp_Test_246.csv,curve_classifier_pseudo_label,0.625,high
Case4,8x8_247,-83.0,78.0,2875.365408486812,2,8.0,8.0,8x8_new_data_curve_classifier_v1,Test_247,data/New_data/8x8_Case4/csv/force_disp_Test_247.csv,curve_classifier_pseudo_label,0.4816666666666667,high
Case4,8x8_248,6.0,27.0,5337.155050735757,3,8.0,8.0,8x8_new_data_curve_classifier_v1,Test_248,data/New_data/8x8_Case4/csv/force_disp_Test_248.csv,curve_classifier_pseudo_label,0.7866666666666666,medium
Case4,8x8_249,6.0,16.0,5033.920258561974,3,8.0,8.0,8x8_new_data_curve_classifier_v1,Test_249,data/New_data/8x8_Case4/csv/force_disp_Test_249.csv,curve_classifier_pseudo_label,0.8666666666666667,low
Case4,8x8_250,-47.0,64.0,6510.1726382970855,2,8.0,8.0,8x8_new_data_curve_classifier_v1,Test_250,data/New_data/8x8_Case4/csv/force_disp_Test_250.csv,curve_classifier_pseudo_label,0.5983333333333334,high
Case4,8x8_251,-69.0,0.0,4562.032906539219,2,8.0,8.0,8x8_new_data_curve_classifier_v1,Test_251,data/New_data/8x8_Case4/csv/force_disp_Test_251.csv,curve_classifier_pseudo_label,0.48,high
Case4,8x8_252,-82.0,-45.0,5345.709180904387,2,8.0,8.0,8x8_new_data_curve_classifier_v1,Test_252,data/New_data/8x8_Case4/csv/force_disp_Test_252.csv,curve_classifier_pseudo_label,0.6016666666666667,high
Case4,8x8_253,56.0,-34.0,6435.373547005507,2,8.0,8.0,8x8_new_data_curve_classifier_v1,Test_253,data/New_data/8x8_Case4/csv/force_disp_Test_253.csv,curve_classifier_pseudo_label,0.6616666666666666,high
Case4,8x8_254,-75.0,-17.0,4647.53528096619,2,8.0,8.0,8x8_new_data_curve_classifier_v1,Test_254,data/New_data/8x8_Case4/csv/force_disp_Test_254.csv,curve_classifier_pseudo_label,0.6716666666666666,high
Case4,8x8_255,32.0,-60.0,6182.533474493076,2,8.0,8.0,8x8_new_data_curve_classifier_v1,Test_255,data/New_data/8x8_Case4/csv/force_disp_Test_255.csv,curve_classifier_pseudo_label,0.7083333333333334,medium
Case4,8x8_256,-25.0,-11.0,5465.96567042454,3,8.0,8.0,8x8_new_data_curve_classifier_v1,Test_256,data/New_data/8x8_Case4/csv/force_disp_Test_256.csv,curve_classifier_pseudo_label,0.8033333333333333,medium
Case4,8x8_257,65.0,80.0,4244.860282077907,2,8.0,8.0,8x8_new_data_curve_classifier_v1,Test_257,data/New_data/8x8_Case4/csv/force_disp_Test_257.csv,curve_classifier_pseudo_label,0.5233333333333333,high
Case4,8x8_258,54.0,-18.0,5697.6644276066045,2,8.0,8.0,8x8_new_data_curve_classifier_v1,Test_258,data/New_data/8x8_Case4/csv/force_disp_Test_258.csv,curve_classifier_pseudo_label,0.5916666666666667,high
Case4,8x8_259,-6.0,38.0,5648.668518304816,3,8.0,8.0,8x8_new_data_curve_classifier_v1,Test_259,data/New_data/8x8_Case4/csv/force_disp_Test_259.csv,curve_classifier_pseudo_label,0.6616666666666666,high
Case4,8x8_260,-50.0,68.0,6246.27831093878,2,8.0,8.0,8x8_new_data_curve_classifier_v1,Test_260,data/New_data/8x8_Case4/csv/force_disp_Test_260.csv,curve_classifier_pseudo_label,0.565,high
Case4,8x8_261,-14.0,-28.0,5641.098317175473,3,8.0,8.0,8x8_new_data_curve_classifier_v1,Test_261,data/New_data/8x8_Case4/csv/force_disp_Test_261.csv,curve_classifier_pseudo_label,0.7716666666666666,medium
Case4,8x8_262,-57.0,76.0,5690.678885708298,2,8.0,8.0,8x8_new_data_curve_classifier_v1,Test_262,data/New_data/8x8_Case4/csv/force_disp_Test_262.csv,curve_classifier_pseudo_label,0.52,high
Case4,8x8_263,-24.0,2.0,5280.665195874081,3,8.0,8.0,8x8_new_data_curve_classifier_v1,Test_263,data/New_data/8x8_Case4/csv/force_disp_Test_263.csv,curve_classifier_pseudo_label,0.7316666666666667,medium
Case4,8x8_264,87.0,-65.0,4010.9472648991655,1,8.0,8.0,8x8_new_data_curve_classifier_v1,Test_264,data/New_data/8x8_Case4/csv/force_disp_Test_264.csv,curve_classifier_pseudo_label,0.5016666666666667,high
Case4,8x8_265,-25.0,-84.0,4633.241149601219,2,8.0,8.0,8x8_new_data_curve_classifier_v1,Test_265,data/New_data/8x8_Case4/csv/force_disp_Test_265.csv,curve_classifier_pseudo_label,0.715,medium
Case4,8x8_266,-26.0,-39.0,6448.349927870425,3,8.0,8.0,8x8_new_data_curve_classifier_v1,Test_266,data/New_data/8x8_Case4/csv/force_disp_Test_266.csv,curve_classifier_pseudo_label,0.455,high
Case4,8x8_267,-33.0,-46.0,6734.943532373052,2,8.0,8.0,8x8_new_data_curve_classifier_v1,Test_267,data/New_data/8x8_Case4/csv/force_disp_Test_267.csv,curve_classifier_pseudo_label,0.5683333333333334,high
Case4,8x8_268,-59.0,29.0,6046.986618471814,2,8.0,8.0,8x8_new_data_curve_classifier_v1,Test_268,data/New_data/8x8_Case4/csv/force_disp_Test_268.csv,curve_classifier_pseudo_label,0.7333333333333333,medium
Case4,8x8_269,-60.0,60.0,6610.134475080261,1,8.0,8.0,8x8_new_data_curve_classifier_v1,Test_269,data/New_data/8x8_Case4/csv/force_disp_Test_269.csv,curve_classifier_pseudo_label,0.6666666666666666,high
Case4,8x8_270,10.0,76.0,4302.494741084586,2,8.0,8.0,8x8_new_data_curve_classifier_v1,Test_270,data/New_data/8x8_Case4/csv/force_disp_Test_270.csv,curve_classifier_pseudo_label,0.5616666666666666,high
Case4,8x8_271,-30.0,50.0,6489.578080217858,2,8.0,8.0,8x8_new_data_curve_classifier_v1,Test_271,data/New_data/8x8_Case4/csv/force_disp_Test_271.csv,curve_classifier_pseudo_label,0.715,medium
Case4,8x8_272,72.0,69.0,4309.3744405898005,2,8.0,8.0,8x8_new_data_curve_classifier_v1,Test_272,data/New_data/8x8_Case4/csv/force_disp_Test_272.csv,curve_classifier_pseudo_label,0.5133333333333333,high
Case4,8x8_273,81.0,62.0,4742.611978977223,2,8.0,8.0,8x8_new_data_curve_classifier_v1,Test_273,data/New_data/8x8_Case4/csv/force_disp_Test_273.csv,curve_classifier_pseudo_label,0.5216666666666666,high
Case4,8x8_274,30.0,-25.0,6523.920232007052,3,8.0,8.0,8x8_new_data_curve_classifier_v1,Test_274,data/New_data/8x8_Case4/csv/force_disp_Test_274.csv,curve_classifier_pseudo_label,0.6266666666666667,high
Case4,8x8_275,80.0,-20.0,4520.0351556959895,2,8.0,8.0,8x8_new_data_curve_classifier_v1,Test_275,data/New_data/8x8_Case4/csv/force_disp_Test_275.csv,curve_classifier_pseudo_label,0.69,high
Case4,8x8_276,-88.0,70.0,3401.7317264621424,2,8.0,8.0,8x8_new_data_curve_classifier_v1,Test_276,data/New_data/8x8_Case4/csv/force_disp_Test_276.csv,curve_classifier_pseudo_label,0.49,high
Case4,8x8_277,57.0,88.0,5213.697149798556,2,8.0,8.0,8x8_new_data_curve_classifier_v1,Test_277,data/New_data/8x8_Case4/csv/force_disp_Test_277.csv,curve_classifier_pseudo_label,0.53,high
Case4,8x8_278,18.0,78.0,4565.811842110341,2,8.0,8.0,8x8_new_data_curve_classifier_v1,Test_278,data/New_data/8x8_Case4/csv/force_disp_Test_278.csv,curve_classifier_pseudo_label,0.8,medium
Case4,8x8_279,-88.0,-89.0,2344.943979526629,2,8.0,8.0,8x8_new_data_curve_classifier_v1,Test_279,data/New_data/8x8_Case4/csv/force_disp_Test_279.csv,curve_classifier_pseudo_label,0.4766666666666667,high
Case4,8x8_280,-31.0,-12.0,5752.023719295672,3,8.0,8.0,8x8_new_data_curve_classifier_v1,Test_280,data/New_data/8x8_Case4/csv/force_disp_Test_280.csv,curve_classifier_pseudo_label,0.765,medium
Case4,8x8_281,-72.0,-17.0,4787.612249160009,2,8.0,8.0,8x8_new_data_curve_classifier_v1,Test_281,data/New_data/8x8_Case4/csv/force_disp_Test_281.csv,curve_classifier_pseudo_label,0.675,high
Case4,8x8_282,25.0,-74.0,5035.503067616418,2,8.0,8.0,8x8_new_data_curve_classifier_v1,Test_282,data/New_data/8x8_Case4/csv/force_disp_Test_282.csv,curve_classifier_pseudo_label,0.7483333333333333,medium
Case4,8x8_283,34.0,-21.0,6262.835277893677,3,8.0,8.0,8x8_new_data_curve_classifier_v1,Test_283,data/New_data/8x8_Case4/csv/force_disp_Test_283.csv,curve_classifier_pseudo_label,0.6083333333333333,high
Case4,8x8_284,16.0,16.0,5555.589859873759,3,8.0,8.0,8x8_new_data_curve_classifier_v1,Test_284,data/New_data/8x8_Case4/csv/force_disp_Test_284.csv,curve_classifier_pseudo_label,0.8633333333333333,low
Case4,8x8_285,-21.0,55.0,5843.114011190877,2,8.0,8.0,8x8_new_data_curve_classifier_v1,Test_285,data/New_data/8x8_Case4/csv/force_disp_Test_285.csv,curve_classifier_pseudo_label,0.7133333333333334,medium
Case4,8x8_286,40.0,-87.0,5145.964977049403,2,8.0,8.0,8x8_new_data_curve_classifier_v1,Test_286,data/New_data/8x8_Case4/csv/force_disp_Test_286.csv,curve_classifier_pseudo_label,0.6016666666666667,high
Case4,8x8_287,-77.0,22.0,4848.888679969314,2,8.0,8.0,8x8_new_data_curve_classifier_v1,Test_287,data/New_data/8x8_Case4/csv/force_disp_Test_287.csv,curve_classifier_pseudo_label,0.7383333333333333,medium
Case4,8x8_288,37.0,70.0,5751.779431391062,2,8.0,8.0,8x8_new_data_curve_classifier_v1,Test_288,data/New_data/8x8_Case4/csv/force_disp_Test_288.csv,curve_classifier_pseudo_label,0.7,medium
Case4,8x8_289,-9.0,44.0,5685.163983814196,2,8.0,8.0,8x8_new_data_curve_classifier_v1,Test_289,data/New_data/8x8_Case4/csv/force_disp_Test_289.csv,curve_classifier_pseudo_label,0.5033333333333333,high
Case4,8x8_290,20.0,-82.0,4538.223029766521,2,8.0,8.0,8x8_new_data_curve_classifier_v1,Test_290,data/New_data/8x8_Case4/csv/force_disp_Test_290.csv,curve_classifier_pseudo_label,0.7433333333333333,medium
Case4,8x8_291,26.0,5.0,5242.999440383236,3,8.0,8.0,8x8_new_data_curve_classifier_v1,Test_291,data/New_data/8x8_Case4/csv/force_disp_Test_291.csv,curve_classifier_pseudo_label,0.8433333333333334,medium
Case4,8x8_292,71.0,-88.0,3297.3904128750733,1,8.0,8.0,8x8_new_data_curve_classifier_v1,Test_292,data/New_data/8x8_Case4/csv/force_disp_Test_292.csv,curve_classifier_pseudo_label,0.49833333333333335,high
Case4,8x8_293,-28.0,11.0,5567.338181357731,3,8.0,8.0,8x8_new_data_curve_classifier_v1,Test_293,data/New_data/8x8_Case4/csv/force_disp_Test_293.csv,curve_classifier_pseudo_label,0.745,medium
Case4,8x8_294,-71.0,-57.0,6039.465721970441,2,8.0,8.0,8x8_new_data_curve_classifier_v1,Test_294,data/New_data/8x8_Case4/csv/force_disp_Test_294.csv,curve_classifier_pseudo_label,0.5016666666666667,high
Case4,8x8_295,-84.0,-9.0,3975.29723894365,2,8.0,8.0,8x8_new_data_curve_classifier_v1,Test_295,data/New_data/8x8_Case4/csv/force_disp_Test_295.csv,curve_classifier_pseudo_label,0.4683333333333333,high
Case4,8x8_296,-48.0,82.0,5381.438025484839,2,8.0,8.0,8x8_new_data_curve_classifier_v1,Test_296,data/New_data/8x8_Case4/csv/force_disp_Test_296.csv,curve_classifier_pseudo_label,0.5966666666666667,high
Case4,8x8_297,-13.0,-4.0,4957.21357458884,3,8.0,8.0,8x8_new_data_curve_classifier_v1,Test_297,data/New_data/8x8_Case4/csv/force_disp_Test_297.csv,curve_classifier_pseudo_label,0.835,medium
Case4,8x8_298,-19.0,-23.0,5847.20507938656,3,8.0,8.0,8x8_new_data_curve_classifier_v1,Test_298,data/New_data/8x8_Case4/csv/force_disp_Test_298.csv,curve_classifier_pseudo_label,0.7983333333333333,medium
Case4,8x8_299,5.0,-32.0,5586.388062633913,3,8.0,8.0,8x8_new_data_curve_classifier_v1,Test_299,data/New_data/8x8_Case4/csv/force_disp_Test_299.csv,curve_classifier_pseudo_label,0.765,medium
Case4,8x8_300,51.0,46.0,7348.444315920919,2,8.0,8.0,8x8_new_data_curve_classifier_v1,Test_300,data/New_data/8x8_Case4/csv/force_disp_Test_300.csv,curve_classifier_pseudo_label,0.5216666666666666,high
