model,fold,case,u3_folder,test_id,pt_true,pt_pred,abs_error
extra_trees,1,Case2,2-2,011,7744.72,8049.082085714287,304.3620857142869
extra_trees,1,Case2,2-2,041,8712.09,8690.435871428557,21.654128571442925
extra_trees,1,Case2,2-2,045,8854.74,8376.889185714324,477.85081428567537
extra_trees,1,Case2,2-2,052,9034.28,9215.153485714241,180.87348571424081
extra_trees,1,Case2,2-2,058,8585.22,71280.74195714308,62695.52195714308
extra_trees,1,Case2,2-2,064,9213.87,9229.82802857138,15.958028571380055
extra_trees,1,Case2,2-2,073,9232.53,9377.274671428597,144.74467142859612
extra_trees,1,Case2,2-2,075,9367.34,10544.126614285686,1176.7866142856856
extra_trees,1,Case2,2-2,087,11639.6,11043.5648428571,596.0351571429001
extra_trees,1,Case2,2-2,097,8747.88,8831.033442857179,83.15344285717947
extra_trees,1,Case2,2-2,104,8064.82,14227.581871428578,6162.761871428578
extra_trees,1,Case2,2-2,111,8024.11,8215.668600000015,191.55860000001576
extra_trees,1,Case2,2-2,120,8876.83,8950.06008571435,73.23008571435093
extra_trees,1,Case2,2-2,132,11718.6,11722.130571428528,3.5305714285277645
extra_trees,1,Case2,2-2,136,8842.46,8797.866114285689,44.59388571431009
extra_trees,1,Case2,2-2,138,9373.89,9427.459757142804,53.56975714280452
extra_trees,1,Case2,2-2,162,8347.5,8319.86562857142,27.63437142857947
extra_trees,1,Case2,2-2,191,8182.2,8219.377771428552,37.17777142855175
extra_trees,1,Case2,2-2,202,9328.45,9355.372028571408,26.92202857140728
extra_trees,1,Case2,2-2,203,10452.2,10356.299014285732,95.90098571426824
extra_trees,1,Case2,2-2,227,7772.28,7960.898085714294,188.61808571429447
extra_trees,1,Case2,2-2,228,9009.52,9408.09545714286,398.5754571428588
extra_trees,1,Case2,2-2,231,8906.39,8844.19337142856,62.19662857143885
extra_trees,1,Case2,2-2,235,8307.34,8289.62825714285,17.711742857150966
extra_trees,1,Case2,2-2,237,9413.17,9561.340671428545,148.17067142854467
extra_trees,1,Case2,2-2,283,869418.0,15084.314985714276,854333.6850142857
extra_trees,1,Case2,2-3,030,6271.66,6311.261214285701,39.601214285700735
extra_trees,1,Case2,2-3,088,9582.35,9448.158714285722,134.1912857142779
extra_trees,1,Case2,2-3,126,6540.67,6455.7326857143,84.93731428570027
extra_trees,1,Case2,2-3,159,5114.45,5046.6247714285955,67.8252285714043
extra_trees,1,Case2,2-3,167,4929.14,4927.924471428582,1.2155285714179627
extra_trees,1,Case2,2-3,210,7169.93,7793.989414285674,624.0594142856735
extra_trees,1,Case2,2-3,215,5826.76,5795.631371428569,31.128628571431364
extra_trees,1,Case2,2-3,239,8001.3,8229.39525714285,228.09525714285064
extra_trees,1,Case2,2-3,248,7687.01,7772.045442857159,85.03544285715907
extra_trees,1,Case2,2-3,256,7025.17,7172.712628571412,147.54262857141202
extra_trees,1,Case2,2-3,291,6712.27,6799.285757142851,87.01575714285082
extra_trees,1,Case2,2-3,298,8637.42,8170.854642857087,466.56535714291294
extra_trees,1,Case2,2-3,299,7867.89,7900.454214285757,32.56421428575686
extra_trees,1,Case3,3-2,011,7792.35,9338.880485714286,1546.5304857142855
extra_trees,1,Case3,3-2,041,8761.44,13872.96342857144,5111.52342857144
extra_trees,1,Case3,3-2,045,8910.16,8460.760800000047,449.39919999995254
extra_trees,1,Case3,3-2,052,9044.2,9215.689557142796,171.4895571427951
extra_trees,1,Case3,3-2,058,8639.59,28277.16885714284,19637.57885714284
extra_trees,1,Case3,3-2,064,9261.27,11828.762771428446,2567.492771428446
extra_trees,1,Case3,3-2,073,9251.96,9374.259285714308,122.29928571430901
extra_trees,1,Case3,3-2,075,9364.49,10537.40848571424,1172.918485714241
extra_trees,1,Case3,3-2,088,9648.35,9459.229114285747,189.12088571425375
extra_trees,1,Case3,3-2,097,8785.64,8876.76114285722,91.12114285722055
extra_trees,1,Case3,3-2,104,8078.29,12992.474871428563,4914.184871428563
extra_trees,1,Case3,3-2,111,8053.2,8209.988057142868,156.78805714286773
extra_trees,1,Case3,3-2,120,8940.13,8961.45297142866,21.32297142866082
extra_trees,1,Case3,3-2,136,8867.91,11391.52834285712,2523.6183428571203
extra_trees,1,Case3,3-2,138,9435.7,9446.889014285676,11.189014285675512
extra_trees,1,Case3,3-2,162,8405.27,8359.247400000018,46.02259999998205
extra_trees,1,Case3,3-2,191,8216.35,10813.095014285736,2596.745014285736
extra_trees,1,Case3,3-2,202,9359.41,10684.127157142833,1324.7171571428335
extra_trees,1,Case3,3-2,203,10533.7,10402.027371428578,131.67262857142305
extra_trees,1,Case3,3-2,231,8918.4,8835.524657142858,82.87534285714173
extra_trees,1,Case3,3-2,235,8335.92,8319.524285714298,16.395714285701615
extra_trees,1,Case3,3-2,283,8705.14,15152.8465142858,6447.706514285801
extra_trees,1,Case3,3-3,030,5275.29,6311.740028571416,1036.4500285714157
extra_trees,1,Case3,3-3,126,6544.8,6455.392628571447,89.40737142855323
extra_trees,1,Case3,3-3,159,5126.49,5135.9316714286115,9.441671428611699
extra_trees,1,Case3,3-3,167,4936.89,4931.0828857143015,5.8071142856988445
extra_trees,1,Case3,3-3,215,5850.45,5832.139685714284,18.31031428571623
extra_trees,1,Case3,3-3,227,7813.14,8018.059442857148,204.91944285714726
extra_trees,1,Case3,3-3,239,8051.72,8209.893414285725,158.1734142857249
extra_trees,1,Case3,3-3,248,7728.94,7780.323957142874,51.38395714287435
extra_trees,1,Case3,3-3,256,7065.09,7223.900428571407,158.8104285714071
extra_trees,1,Case3,3-3,291,6740.72,6795.4097285714215,54.689728571421256
extra_trees,1,Case3,3-3,298,8687.94,8173.602457142811,514.3375428571899
extra_trees,1,Case3,3-3,299,7887.16,7898.870685714331,11.710685714330793
extra_trees,1,Case4,4-2,011,7736.55,8054.013928571425,317.46392857142473
extra_trees,1,Case4,4-2,041,8722.7,8685.105042857125,37.5949571428755
extra_trees,1,Case4,4-2,045,8835.17,8280.88045714289,554.2895428571101
extra_trees,1,Case4,4-2,052,9036.4,9220.646742857089,184.24674285708898
extra_trees,1,Case4,4-2,058,8625.62,28275.217457142822,19649.597457142823
extra_trees,1,Case4,4-2,064,9241.54,9232.407614285667,9.132385714334305
extra_trees,1,Case4,4-2,073,9240.82,9361.412371428598,120.5923714285982
extra_trees,1,Case4,4-2,075,9362.12,10538.067657142818,1175.9476571428168
extra_trees,1,Case4,4-2,087,11685.5,11077.935257142804,607.5647428571956
extra_trees,1,Case4,4-2,088,9569.85,9419.376642857147,150.47335714285327
extra_trees,1,Case4,4-2,097,8715.93,8800.104328571404,84.17432857140375
extra_trees,1,Case4,4-2,104,8074.1,12986.716771428555,4912.616771428555
extra_trees,1,Case4,4-2,111,8036.41,8244.119742857161,207.70974285716147
extra_trees,1,Case4,4-2,120,8877.22,8950.442442857213,73.22244285721354
extra_trees,1,Case4,4-2,126,6539.82,6453.535057142866,86.2849428571335
extra_trees,1,Case4,4-2,132,11688.4,11710.493499999957,22.093499999957203
extra_trees,1,Case4,4-2,134,10817.1,10942.165457142864,125.06545714286403
extra_trees,1,Case4,4-2,136,8850.5,8788.047742857118,62.452257142882445
extra_trees,1,Case4,4-2,138,9382.58,9426.122957142796,43.542957142795785
extra_trees,1,Case4,4-2,148,12684.8,22034.34701428556,9349.54701428556
extra_trees,1,Case4,4-2,162,8379.19,8341.957071428566,37.23292857143497
extra_trees,1,Case4,4-2,191,8208.02,8226.750185714263,18.730185714262916
extra_trees,1,Case4,4-2,202,9337.74,9344.677599999975,6.937599999975646
extra_trees,1,Case4,4-2,203,10441.9,10357.776785714304,84.12321428569521
extra_trees,1,Case4,4-2,227,7765.88,7985.48162857143,219.6016285714295
extra_trees,1,Case4,4-2,228,9018.71,9412.544571428576,393.83457142857696
extra_trees,1,Case4,4-2,231,8913.59,8849.818428571409,63.771571428591415
extra_trees,1,Case4,4-2,235,8315.67,8297.307171428567,18.362828571433056
extra_trees,1,Case4,4-2,237,9420.0,9580.86757142856,160.86757142856004
extra_trees,1,Case4,4-2,283,8701.52,15052.03175714281,6350.511757142809
extra_trees,1,Case4,4-3,030,6274.73,6311.618385714272,36.88838571427277
extra_trees,1,Case4,4-3,159,5120.11,5223.692885714327,103.58288571432695
extra_trees,1,Case4,4-3,167,4933.23,4952.767328571462,19.53732857146224
extra_trees,1,Case4,4-3,210,7171.42,7798.117328571399,626.6973285713993
extra_trees,1,Case4,4-3,215,5827.83,5811.099642857145,16.7303571428547
extra_trees,1,Case4,4-3,239,7989.15,8186.219600000011,197.06960000001163
extra_trees,1,Case4,4-3,248,7688.39,7775.9967857143,87.6067857142998
extra_trees,1,Case4,4-3,256,7023.06,7166.516499999977,143.4564999999766
extra_trees,1,Case4,4-3,291,6707.27,6776.13167142857,68.86167142856993
extra_trees,1,Case4,4-3,298,8636.61,8147.731299999954,488.8787000000466
extra_trees,1,Case4,4-3,299,7862.29,7888.440485714334,26.150485714333627
extra_trees,2,Case2,2-2,009,8330.47,9958.840128571397,1628.3701285713978
extra_trees,2,Case2,2-2,017,9424.95,9498.172571428517,73.22257142851595
extra_trees,2,Case2,2-2,028,10597.82,18855.05437142857,8257.23437142857
extra_trees,2,Case2,2-2,040,9308.02,10678.85134285713,1370.8313428571291
extra_trees,2,Case2,2-2,047,9107.6,11790.026442857143,2682.4264428571423
extra_trees,2,Case2,2-2,051,9336.15,9515.816971428549,179.666971428549
extra_trees,2,Case2,2-2,057,8677.45,8608.072671428614,69.3773285713869
extra_trees,2,Case2,2-2,063,10920.8,10993.982757142758,73.18275714275842
extra_trees,2,Case2,2-2,069,10912.0,10695.120428571496,216.87957142850428
extra_trees,2,Case2,2-2,078,9466.57,9421.205699999977,45.36430000002292
extra_trees,2,Case2,2-2,083,9169.83,8752.333157142863,417.4968428571374
extra_trees,2,Case2,2-2,095,9000.84,8994.978600000015,5.861399999985224
extra_trees,2,Case2,2-2,102,8859.91,26011.31474285717,17151.40474285717
extra_trees,2,Case2,2-2,103,8505.85,8411.029085714283,94.82091428571766
extra_trees,2,Case2,2-2,110,8039.72,8072.064914285743,32.34491428574256
extra_trees,2,Case2,2-2,125,8701.62,8709.245357142918,7.625357142916982
extra_trees,2,Case2,2-2,144,11805.8,13874.53174285713,2068.7317428571314
extra_trees,2,Case2,2-2,147,8733.58,8858.972357142819,125.39235714281858
extra_trees,2,Case2,2-2,166,8202.09,8220.643785714285,18.55378571428446
extra_trees,2,Case2,2-2,182,8713.56,8768.60747142858,55.04747142858105
extra_trees,2,Case2,2-2,190,11761.0,11440.405199999985,320.5948000000153
extra_trees,2,Case2,2-2,201,8916.75,10194.905242857189,1278.1552428571886
extra_trees,2,Case2,2-2,214,8549.55,10953.780028571422,2404.2300285714227
extra_trees,2,Case2,2-2,219,8827.59,8804.4818857143,23.10811428570014
extra_trees,2,Case2,2-2,225,8689.59,8712.154200000032,22.564200000031633
extra_trees,2,Case2,2-2,233,8783.48,13650.90791428571,4867.42791428571
extra_trees,2,Case2,2-2,271,10256.9,11376.242957142967,1119.3429571429679
extra_trees,2,Case2,2-2,285,9252.88,9236.324871428536,16.555128571462774
extra_trees,2,Case2,2-2,287,8772.37,11153.279357142797,2380.9093571427966
extra_trees,2,Case2,2-3,072,7542.06,7763.39410000001,221.33410000001004
extra_trees,2,Case2,2-3,119,7399.44,8980.072114285722,1580.6321142857223
extra_trees,2,Case2,2-3,155,8194.83,9507.048785714276,1312.2187857142762
extra_trees,2,Case2,2-3,204,8795.31,19679.247071428526,10883.937071428527
extra_trees,2,Case2,2-3,232,7789.35,7628.712842857138,160.63715714286263
extra_trees,2,Case2,2-3,245,7852.4,8169.841557142876,317.44155714287626
extra_trees,2,Case2,2-3,259,8168.05,8041.393242857165,126.65675714283498
extra_trees,2,Case2,2-3,293,7286.09,7566.3164,280.22639999999956
extra_trees,2,Case3,3-2,009,8861.12,9797.771657142774,936.6516571427728
extra_trees,2,Case3,3-2,017,9436.03,9518.232942857117,82.2029428571168
extra_trees,2,Case3,3-2,028,10604.84,11498.240857142913,893.4008571429131
extra_trees,2,Case3,3-2,040,9402.13,10760.187485714307,1358.0574857143074
extra_trees,2,Case3,3-2,047,9170.59,9344.334514285736,173.74451428573593
extra_trees,2,Case3,3-2,051,9400.18,9530.632771428587,130.45277142858686
extra_trees,2,Case3,3-2,057,8713.41,8651.623571428625,61.78642857137493
extra_trees,2,Case3,3-2,063,10926.7,10989.588499999898,62.88849999989725
extra_trees,2,Case3,3-2,078,9469.55,9450.85547142861,18.694528571390038
extra_trees,2,Case3,3-2,083,9146.8,11208.810328571475,2062.010328571476
extra_trees,2,Case3,3-2,095,9043.4,10300.980728571543,1257.5807285715437
extra_trees,2,Case3,3-2,102,8869.34,14969.710685714319,6100.370685714319
extra_trees,2,Case3,3-2,103,8564.86,8454.015085714273,110.84491428572801
extra_trees,2,Case3,3-2,110,8076.74,8105.256757142884,28.51675714288467
extra_trees,2,Case3,3-2,125,8744.04,8729.976257142915,14.063742857086254
extra_trees,2,Case3,3-2,147,8800.48,8849.082571428527,48.60257142852788
extra_trees,2,Case3,3-2,166,8255.97,8248.218085714287,7.751914285712701
extra_trees,2,Case3,3-2,170,10975.3,10958.8290857143,16.47091428569911
extra_trees,2,Case3,3-2,182,8747.62,10077.472985714317,1329.8529857143167
extra_trees,2,Case3,3-2,183,10931.7,10863.780714285645,67.91928571435528
extra_trees,2,Case3,3-2,190,11737.4,11420.104185714272,317.29581428572783
extra_trees,2,Case3,3-2,201,8975.94,8918.749357142902,57.19064285709828
extra_trees,2,Case3,3-2,214,8583.16,10971.098571428565,2387.9385714285654
extra_trees,2,Case3,3-2,219,8860.89,8830.374414285756,30.51558571424357
extra_trees,2,Case3,3-2,225,8717.82,8711.019414285754,6.800585714245244
extra_trees,2,Case3,3-2,233,8803.36,12365.127799999958,3561.767799999958
extra_trees,2,Case3,3-2,245,7898.81,8158.721728571449,259.9117285714483
extra_trees,2,Case3,3-2,271,10286.4,11391.43631428582,1105.0363142858205
extra_trees,2,Case3,3-2,285,9287.2,9273.234742857061,13.965257142939663
extra_trees,2,Case3,3-2,287,8809.84,9817.896685714233,1008.056685714233
extra_trees,2,Case3,3-3,072,7553.53,7772.069100000011,218.53910000001088
extra_trees,2,Case3,3-3,119,7414.86,8986.083185714288,1571.2231857142879
extra_trees,2,Case3,3-3,155,8209.51,9530.927657142835,1321.4176571428343
extra_trees,2,Case3,3-3,232,7827.7,7632.6658857142875,195.03411428571235
extra_trees,2,Case3,3-3,259,8197.8,8084.5115571428705,113.28844285712876
extra_trees,2,Case3,3-3,293,7297.97,7588.5709000000015,290.6009000000013
extra_trees,2,Case4,4-2,009,8840.09,10025.867028571434,1185.7770285714341
extra_trees,2,Case4,4-2,017,9433.28,9513.21958571425,79.93958571424992
extra_trees,2,Case4,4-2,028,10604.54,11494.44590000006,889.9059000000598
extra_trees,2,Case4,4-2,040,9305.13,9461.223385714304,156.09338571430453
extra_trees,2,Case4,4-2,047,9103.12,9321.578600000023,218.45860000002176
extra_trees,2,Case4,4-2,051,9338.59,9526.469642857151,187.87964285715134
extra_trees,2,Case4,4-2,057,8697.52,8645.291157142903,52.228842857097334
extra_trees,2,Case4,4-2,063,10932.6,10998.540985714186,65.94098571418544
extra_trees,2,Case4,4-2,069,10936.3,10698.571714285777,237.72828571422178
extra_trees,2,Case4,4-2,078,9467.42,9422.57074285713,44.849257142870556
extra_trees,2,Case4,4-2,083,9146.78,11213.908842857149,2067.128842857148
extra_trees,2,Case4,4-2,095,9040.08,8991.369242857178,48.71075714282233
extra_trees,2,Case4,4-2,102,8864.8,11214.061828571399,2349.2618285713997
extra_trees,2,Case4,4-2,103,8517.72,8429.059228571436,88.66077142856375
extra_trees,2,Case4,4-2,110,8041.65,8090.676128571454,49.02612857145414
extra_trees,2,Case4,4-2,125,8718.13,8724.465814285759,6.335814285759625
extra_trees,2,Case4,4-2,144,11873.3,12642.36667142854,769.0666714285398
extra_trees,2,Case4,4-2,147,8729.84,8821.091871428536,91.2518714285361
extra_trees,2,Case4,4-2,155,8194.12,8202.947414285703,8.827414285702616
extra_trees,2,Case4,4-2,166,8208.83,8235.476485714264,26.64648571426369
extra_trees,2,Case4,4-2,170,10869.2,10872.22415714293,3.0241571429287433
extra_trees,2,Case4,4-2,182,8724.97,8766.39695714287,41.42695714287038
extra_trees,2,Case4,4-2,183,10845.2,10831.911142857101,13.28885714289936
extra_trees,2,Case4,4-2,190,11777.6,11442.485342857135,335.1146571428653
extra_trees,2,Case4,4-2,201,8923.11,8906.170071428609,16.939928571391647
extra_trees,2,Case4,4-2,213,11543.1,13119.840157142822,1576.7401571428218
extra_trees,2,Case4,4-2,214,8560.65,10966.844885714281,2406.1948857142816
extra_trees,2,Case4,4-2,219,8841.61,8816.775942857148,24.834057142852544
extra_trees,2,Case4,4-2,225,8700.96,8700.38041428575,0.5795857142493333
extra_trees,2,Case4,4-2,233,8795.54,11294.556757142882,2499.016757142881
extra_trees,2,Case4,4-2,245,7842.49,8165.629414285717,323.13941428571707
extra_trees,2,Case4,4-2,259,8171.67,8051.639257142879,120.03074285712137
extra_trees,2,Case4,4-2,271,10282.7,11389.447242857252,1106.747242857251
extra_trees,2,Case4,4-2,285,9279.79,9242.408257142824,37.381742857176505
extra_trees,2,Case4,4-2,287,8805.29,9970.282242857127,1164.9922428571263
extra_trees,2,Case4,4-3,072,7545.12,7770.646471428579,225.5264714285795
extra_trees,2,Case4,4-3,119,7400.95,8977.267885714287,1576.3178857142875
extra_trees,2,Case4,4-3,204,8802.13,16000.972957142818,7198.842957142819
extra_trees,2,Case4,4-3,232,7777.07,7601.031500000001,176.03849999999875
extra_trees,2,Case4,4-3,293,7288.72,7581.596157142855,292.87615714285494
extra_trees,3,Case2,2-2,008,8202.0,13114.428542857138,4912.428542857138
extra_trees,3,Case2,2-2,015,10652.0,10768.35108571431,116.3510857143101
extra_trees,3,Case2,2-2,024,9413.52,9388.85054285716,24.669457142839747
extra_trees,3,Case2,2-2,048,8691.37,8691.202428571436,0.16757142856477003
extra_trees,3,Case2,2-2,050,8877.12,28492.947257142896,19615.827257142897
extra_trees,3,Case2,2-2,056,8144.72,13894.94580000002,5750.225800000019
extra_trees,3,Case2,2-2,062,9522.37,33950.481657142955,24428.111657142952
extra_trees,3,Case2,2-2,071,9138.12,9643.3522857143,505.232285714299
extra_trees,3,Case2,2-2,077,8790.51,9979.395971428661,1188.885971428661
extra_trees,3,Case2,2-2,081,10977.1,10956.401614285718,20.698385714282267
extra_trees,3,Case2,2-2,091,8293.19,8019.7738428571365,273.416157142864
extra_trees,3,Case2,2-2,109,8642.92,12347.096628571331,3704.176628571331
extra_trees,3,Case2,2-2,114,10572.9,10230.935771428634,341.9642285713653
extra_trees,3,Case2,2-2,115,9258.09,11881.839328571423,2623.7493285714227
extra_trees,3,Case2,2-2,116,9174.09,23837.723128571433,14663.633128571433
extra_trees,3,Case2,2-2,123,8125.45,8189.955528571435,64.5055285714352
extra_trees,3,Case2,2-2,133,9249.03,42369.37697142885,33120.34697142885
extra_trees,3,Case2,2-2,146,9272.74,13261.176757142843,3988.436757142843
extra_trees,3,Case2,2-2,152,9294.17,11910.035800000089,2615.8658000000887
extra_trees,3,Case2,2-2,172,8239.94,8215.31288571426,24.62711428574039
extra_trees,3,Case2,2-2,177,9424.77,9516.215014285795,91.44501428579497
extra_trees,3,Case2,2-2,180,8143.85,14004.54171428576,5860.69171428576
extra_trees,3,Case2,2-2,196,10254.4,9427.553400000044,826.8465999999553
extra_trees,3,Case2,2-2,238,8866.98,9966.22917142854,1099.2491714285406
extra_trees,3,Case2,2-2,242,9396.1,9604.026900000026,207.92690000002585
extra_trees,3,Case2,2-2,258,8643.84,11318.283500000098,2674.4435000000976
extra_trees,3,Case2,2-2,266,9711.57,51217.8196428573,41506.2496428573
extra_trees,3,Case2,2-2,270,8830.99,8828.682928571408,2.307071428591371
extra_trees,3,Case2,2-2,275,869442.0,88835.42855714254,780606.5714428575
extra_trees,3,Case2,2-2,278,9139.56,12712.793757142894,3573.2337571428943
extra_trees,3,Case2,2-2,282,9371.54,10681.139300000063,1309.5993000000617
extra_trees,3,Case2,2-2,295,8196.05,10557.956628571412,2361.9066285714125
extra_trees,3,Case2,2-3,036,7754.89,7308.021085714244,446.86891428575655
extra_trees,3,Case2,2-3,165,5276.65,5142.884185714293,133.76581428570626
extra_trees,3,Case2,2-3,189,7217.93,7267.3800571428255,49.450057142825244
extra_trees,3,Case2,2-3,218,5864.28,5854.208185714311,10.07181428568856
extra_trees,3,Case2,2-3,220,8311.51,10260.451071428524,1948.941071428524
extra_trees,3,Case2,2-3,280,7520.07,7735.933199999995,215.86319999999523
extra_trees,3,Case3,3-2,008,8213.98,9372.078528571432,1158.0985285714323
extra_trees,3,Case3,3-2,015,10732.5,10816.252228571491,83.75222857149129
extra_trees,3,Case3,3-2,024,9440.06,9416.721757142934,23.33824285706578
extra_trees,3,Case3,3-2,048,8730.41,8721.764757142873,8.645242857126505
extra_trees,3,Case3,3-2,050,8901.81,32285.194271428663,23383.384271428666
extra_trees,3,Case3,3-2,056,8762.19,32012.267814285693,23250.077814285694
extra_trees,3,Case3,3-2,062,9575.86,10651.12340000001,1075.263400000009
extra_trees,3,Case3,3-2,071,9195.52,13631.40990000002,4435.88990000002
extra_trees,3,Case3,3-2,077,8307.05,10039.46597142863,1732.4159714286307
extra_trees,3,Case3,3-2,109,8682.53,13659.066699999887,4976.536699999886
extra_trees,3,Case3,3-2,114,10635.3,15310.573771428559,4675.2737714285595
extra_trees,3,Case3,3-2,115,9323.93,10611.730285714277,1287.8002857142765
extra_trees,3,Case3,3-2,116,9150.74,26466.026157143035,17315.286157143033
extra_trees,3,Case3,3-2,123,8156.32,9467.602957142872,1311.282957142872
extra_trees,3,Case3,3-2,133,9265.39,11665.285685714294,2399.895685714295
extra_trees,3,Case3,3-2,146,9361.04,13506.090142857127,4145.050142857126
extra_trees,3,Case3,3-2,152,9363.76,13237.008428571506,3873.2484285715054
extra_trees,3,Case3,3-2,172,8266.19,8242.41192857141,23.77807142859092
extra_trees,3,Case3,3-2,176,10315.16,13049.750242857155,2734.5902428571553
extra_trees,3,Case3,3-2,177,9462.03,9553.416757142935,91.38675714293458
extra_trees,3,Case3,3-2,180,8152.2,11549.44207142859,3397.24207142859
extra_trees,3,Case3,3-2,189,7246.19,20386.0049714285,13139.814971428503
extra_trees,3,Case3,3-2,238,8384.56,10100.238542857142,1715.678542857142
extra_trees,3,Case3,3-2,242,9437.64,9704.792985714328,267.1529857143287
extra_trees,3,Case3,3-2,258,8666.11,19102.41841428567,10436.308414285668
extra_trees,3,Case3,3-2,266,9777.29,21798.919300000023,12021.629300000022
extra_trees,3,Case3,3-2,270,8876.44,11404.80397142857,2528.363971428569
extra_trees,3,Case3,3-2,275,8701.13,108245.2352999998,99544.10529999979
extra_trees,3,Case3,3-2,278,9198.17,21808.31148571423,12610.141485714228
extra_trees,3,Case3,3-2,282,9411.36,10711.664542857206,1300.304542857206
extra_trees,3,Case3,3-2,295,8201.15,9452.427357142837,1251.277357142837
extra_trees,3,Case3,3-3,036,7794.38,7426.976814285677,367.4031857143227
extra_trees,3,Case3,3-3,091,8342.49,8012.560171428561,329.9298285714385
extra_trees,3,Case3,3-3,165,5278.12,5145.643985714301,132.4760142856985
extra_trees,3,Case3,3-3,280,7564.28,7734.479514285715,170.19951428571494
extra_trees,3,Case4,4-2,008,8209.52,9316.430528571445,1106.910528571445
extra_trees,3,Case4,4-2,015,10642.8,10767.708514285736,124.9085142857366
extra_trees,3,Case4,4-2,024,9426.01,9394.836928571442,31.173071428558615
extra_trees,3,Case4,4-2,048,8710.39,8707.474571428538,2.9154285714612342
extra_trees,3,Case4,4-2,050,8890.25,32165.986528571466,23275.736528571466
extra_trees,3,Case4,4-2,056,8754.9,16478.65395714275,7723.75395714275
extra_trees,3,Case4,4-2,062,9494.73,10609.442271428577,1114.7122714285779
extra_trees,3,Case4,4-2,071,9135.7,9631.87821428573,496.17821428573006
extra_trees,3,Case4,4-2,077,8799.82,10022.83464285719,1223.0146428571898
extra_trees,3,Case4,4-2,081,10995.6,10954.89197142857,40.70802857143099
extra_trees,3,Case4,4-2,092,13258.17,12928.404671428507,329.7653285714932
extra_trees,3,Case4,4-2,109,8674.95,12353.483642857045,3678.5336428570445
extra_trees,3,Case4,4-2,114,10594.3,10216.27911428577,378.02088571422973
extra_trees,3,Case4,4-2,115,9272.93,11882.716928571432,2609.7869285714314
extra_trees,3,Case4,4-2,116,9154.84,21354.945285714366,12200.105285714366
extra_trees,3,Case4,4-2,123,8142.56,8177.345442857148,34.785442857147245
extra_trees,3,Case4,4-2,133,9261.06,11632.631771428583,2371.571771428584
extra_trees,3,Case4,4-2,146,9268.35,10794.458871428558,1526.108871428558
extra_trees,3,Case4,4-2,152,9298.31,11893.605300000087,2595.295300000087
extra_trees,3,Case4,4-2,172,8249.43,8228.035714285688,21.39428571431199
extra_trees,3,Case4,4-2,176,10314.83,13042.339328571443,2727.509328571443
extra_trees,3,Case4,4-2,177,9461.26,9551.044214285797,89.78421428579713
extra_trees,3,Case4,4-2,180,8141.71,12784.837957142892,4643.127957142892
extra_trees,3,Case4,4-2,196,10261.7,9426.71591428576,834.9840857142408
extra_trees,3,Case4,4-2,238,8878.28,8754.201499999983,124.07850000001781
extra_trees,3,Case4,4-2,242,9435.72,9664.392742857177,228.67274285717758
extra_trees,3,Case4,4-2,258,8656.22,11305.257414285792,2649.0374142857927
extra_trees,3,Case4,4-2,266,9697.14,21711.08394285712,12013.94394285712
extra_trees,3,Case4,4-2,270,8851.35,8827.58195714284,23.768042857160253
extra_trees,3,Case4,4-2,275,8696.95,90127.74687142833,81430.79687142833
extra_trees,3,Case4,4-2,278,9157.06,12767.523442857173,3610.4634428571735
extra_trees,3,Case4,4-2,282,9407.51,10683.945728571502,1276.4357285715014
extra_trees,3,Case4,4-2,295,8201.92,8259.747714285688,57.82771428568776
extra_trees,3,Case4,4-3,036,7763.61,7343.636214285675,419.97378571432455
extra_trees,3,Case4,4-3,091,8285.91,8018.035985714279,267.8740142857205
extra_trees,3,Case4,4-3,165,5276.65,5147.752771428581,128.89722857141896
extra_trees,3,Case4,4-3,189,7213.02,7255.808242857116,42.78824285711562
extra_trees,3,Case4,4-3,218,5870.83,5852.595342857172,18.234657142827928
extra_trees,3,Case4,4-3,220,8320.82,10260.123071428525,1939.303071428525
extra_trees,3,Case4,4-3,280,7512.03,7686.287999999997,174.25799999999708
extra_trees,4,Case2,2-2,006,9021.54,8840.67877142858,180.86122857142072
extra_trees,4,Case2,2-2,014,9183.61,87356.27337142923,78172.66337142923
extra_trees,4,Case2,2-2,020,8489.01,8551.565628571449,62.555628571448324
extra_trees,4,Case2,2-2,034,8225.8,8693.799685714328,467.99968571432873
extra_trees,4,Case2,2-2,049,8796.44,41361.28800000004,32564.848000000035
extra_trees,4,Case2,2-2,054,8871.95,103148.69608571462,94276.74608571462
extra_trees,4,Case2,2-2,061,8597.57,11184.989228571427,2587.419228571427
extra_trees,4,Case2,2-2,076,8048.66,9493.32504285717,1444.6650428571702
extra_trees,4,Case2,2-2,079,10970.8,11007.363471428513,36.56347142851337
extra_trees,4,Case2,2-2,090,8927.66,8905.393071428558,22.266928571441895
extra_trees,4,Case2,2-2,101,8350.83,8605.292200000044,254.4622000000436
extra_trees,4,Case2,2-2,107,8266.96,13326.941799999995,5059.981799999996
extra_trees,4,Case2,2-2,117,9017.6,9178.705557142926,161.10555714292605
extra_trees,4,Case2,2-2,122,9253.62,14117.035785714244,4863.415785714244
extra_trees,4,Case2,2-2,130,8463.5,8434.008471428628,29.491528571372328
extra_trees,4,Case2,2-2,135,11366.2,11073.82185714279,292.37814285721106
extra_trees,4,Case2,2-2,142,8320.34,12158.73261428572,3838.39261428572
extra_trees,4,Case2,2-2,143,11650.0,11312.151899999966,337.8481000000338
extra_trees,4,Case2,2-2,150,8885.36,10222.029700000003,1336.6697000000022
extra_trees,4,Case2,2-2,157,8887.81,23649.49384285726,14761.683842857261
extra_trees,4,Case2,2-2,160,8262.23,13497.147357142874,5234.917357142875
extra_trees,4,Case2,2-2,186,8104.49,8116.047157142918,11.557157142918186
extra_trees,4,Case2,2-2,195,8921.21,8934.547314285719,13.337314285719913
extra_trees,4,Case2,2-2,197,11041.5,13206.93709999995,2165.43709999995
extra_trees,4,Case2,2-2,207,9311.22,54405.1582000003,45093.9382000003
extra_trees,4,Case2,2-2,217,9206.22,9256.584385714223,50.36438571422332
extra_trees,4,Case2,2-2,222,8793.92,8419.521042857157,374.39895714284285
extra_trees,4,Case2,2-2,251,8173.63,8114.761214285771,58.86878571422949
extra_trees,4,Case2,2-2,254,8557.27,8578.888671428636,21.618671428635935
extra_trees,4,Case2,2-2,265,9776.91,10653.794699999968,876.8846999999678
extra_trees,4,Case2,2-2,289,8529.16,8517.762328571423,11.39767142857636
extra_trees,4,Case2,2-3,068,6619.6,6658.307842857115,38.70784285711488
extra_trees,4,Case2,2-3,113,7300.42,7331.197842857183,30.777842857182804
extra_trees,4,Case2,2-3,164,5778.96,5928.713842857148,149.7538428571479
extra_trees,4,Case2,2-3,241,5537.34,5527.276328571445,10.063671428554699
extra_trees,4,Case2,2-3,261,8316.38,8318.043771428578,1.6637714285789116
extra_trees,4,Case2,2-3,284,6867.36,6623.033514285714,244.3264857142858
extra_trees,4,Case2,2-3,297,5445.15,5414.716528571441,30.433471428558732
extra_trees,4,Case3,3-2,006,9061.0,12709.363585714307,3648.363585714307
extra_trees,4,Case3,3-2,014,9241.26,110658.56370000067,101417.30370000067
extra_trees,4,Case3,3-2,020,8531.82,8584.272100000035,52.45210000003499
extra_trees,4,Case3,3-2,034,8279.16,9945.376442857198,1666.2164428571978
extra_trees,4,Case3,3-2,049,8827.47,27906.02531428575,19078.555314285753
extra_trees,4,Case3,3-2,054,8935.62,106954.92575714283,98019.30575714284
extra_trees,4,Case3,3-2,061,8639.92,12558.00501428576,3918.08501428576
extra_trees,4,Case3,3-2,076,8092.14,8273.71502857147,181.57502857147028
extra_trees,4,Case3,3-2,090,8941.44,8909.563300000058,31.876699999942502
extra_trees,4,Case3,3-2,101,8407.21,8599.337614285772,192.12761428577323
extra_trees,4,Case3,3-2,107,8328.72,10863.242214285721,2534.522214285722
extra_trees,4,Case3,3-2,117,9032.8,9169.843571428657,137.04357142865774
extra_trees,4,Case3,3-2,122,9264.56,19356.529442857045,10091.969442857046
extra_trees,4,Case3,3-2,130,8438.46,8442.065985714344,3.6059857143445697
extra_trees,4,Case3,3-2,142,8368.03,10940.461628571427,2572.4316285714267
extra_trees,4,Case3,3-2,150,8923.98,20564.933785714315,11640.953785714315
extra_trees,4,Case3,3-2,157,8927.15,22425.173885714445,13498.023885714445
extra_trees,4,Case3,3-2,160,8304.78,12335.995442857178,4031.2154428571775
extra_trees,4,Case3,3-2,186,8153.43,8152.700514285748,0.7294857142524052
extra_trees,4,Case3,3-2,195,8967.38,8930.308671428595,37.07132857140459
extra_trees,4,Case3,3-2,207,9301.84,40692.38084285724,31390.540842857237
extra_trees,4,Case3,3-2,217,9277.55,9271.000057142828,6.549942857171118
extra_trees,4,Case3,3-2,222,8802.55,10989.572942857163,2187.022942857164
extra_trees,4,Case3,3-2,251,8205.18,8155.205228571462,49.97477142853859
extra_trees,4,Case3,3-2,254,8614.23,8603.439900000041,10.79009999995833
extra_trees,4,Case3,3-2,265,9798.4,10718.436685714261,920.0366857142617
extra_trees,4,Case3,3-2,289,8561.59,8556.064328571436,5.525671428564237
extra_trees,4,Case3,3-3,068,6643.69,6668.552557142849,24.862557142849255
extra_trees,4,Case3,3-3,113,7327.34,7344.297842857181,16.957842857181276
extra_trees,4,Case3,3-3,164,5800.36,5892.319185714332,91.9591857143323
extra_trees,4,Case3,3-3,241,5555.97,5529.466142857111,26.5038571428895
extra_trees,4,Case3,3-3,261,8359.52,8296.071085714295,63.44891428570554
extra_trees,4,Case3,3-3,284,6903.6,6632.052157142864,271.54784285713595
extra_trees,4,Case3,3-3,297,5465.9,5430.250528571423,35.64947142857636
extra_trees,4,Case4,4-2,006,9033.2,8833.56121428573,199.63878571427085
extra_trees,4,Case4,4-2,014,9200.57,66072.00100000043,56871.431000000426
extra_trees,4,Case4,4-2,020,8493.42,8573.57727142859,80.15727142859032
extra_trees,4,Case4,4-2,034,8217.77,8707.484628571472,489.7146285714716
extra_trees,4,Case4,4-2,049,8324.09,27903.63019999999,19579.54019999999
extra_trees,4,Case4,4-2,054,3858.23,27709.985657142886,23851.755657142887
extra_trees,4,Case4,4-2,061,8594.79,9946.313185714316,1351.5231857143153
extra_trees,4,Case4,4-2,076,8047.75,8244.02874285719,196.27874285719008
extra_trees,4,Case4,4-2,079,10986.1,11024.490671428497,38.39067142849672
extra_trees,4,Case4,4-2,090,8936.35,8907.753957142828,28.596042857172506
extra_trees,4,Case4,4-2,101,8345.89,9806.627642857206,1460.737642857206
extra_trees,4,Case4,4-2,107,8282.85,10848.543414285727,2565.6934142857262
extra_trees,4,Case4,4-2,117,9020.0,9188.658871428652,168.65887142865176
extra_trees,4,Case4,4-2,122,9259.09,19352.003099999918,10092.913099999918
extra_trees,4,Case4,4-2,130,8472.59,8439.5182428572,33.07175714279947
extra_trees,4,Case4,4-2,135,11379.8,11073.215228571362,306.5847714286374
extra_trees,4,Case4,4-2,139,10651.2,10940.013999999928,288.81399999992755
extra_trees,4,Case4,4-2,142,8323.03,10919.376057142865,2596.346057142864
extra_trees,4,Case4,4-2,143,11661.3,11313.380785714255,347.9192142857446
extra_trees,4,Case4,4-2,150,8393.31,10221.57144285713,1828.2614428571305
extra_trees,4,Case4,4-2,157,8922.35,22422.85898571439,13500.508985714388
extra_trees,4,Case4,4-2,160,8271.05,11037.828128571466,2766.7781285714664
extra_trees,4,Case4,4-2,164,5783.69,5914.837242857153,131.1472428571533
extra_trees,4,Case4,4-2,186,8108.06,8129.310228571477,21.250228571476327
extra_trees,4,Case4,4-2,195,8939.36,8925.796585714294,13.56341428570704
extra_trees,4,Case4,4-2,197,11075.8,10806.18331428566,269.61668571433984
extra_trees,4,Case4,4-2,207,9303.37,30482.900628571453,21179.530628571454
extra_trees,4,Case4,4-2,217,9207.39,9261.892542857102,54.502542857102526
extra_trees,4,Case4,4-2,222,8797.77,8383.396728571443,414.3732714285579
extra_trees,4,Case4,4-2,251,8184.93,8142.091671428609,42.838328571391685
extra_trees,4,Case4,4-2,254,8567.25,8593.045485714338,25.7954857143377
extra_trees,4,Case4,4-2,255,10433.7,10277.354200000016,156.3457999999846
extra_trees,4,Case4,4-2,261,8297.85,8282.269028571434,15.580971428566045
extra_trees,4,Case4,4-2,265,9524.98,9420.213342857118,104.76665714288174
extra_trees,4,Case4,4-2,267,10699.2,10921.725242857214,222.52524285721302
extra_trees,4,Case4,4-2,289,8537.58,8523.918142857143,13.661857142857116
extra_trees,4,Case4,4-3,068,6618.99,6650.836657142828,31.846657142828008
extra_trees,4,Case4,4-3,113,7296.78,7325.614200000041,28.834200000041164
extra_trees,4,Case4,4-3,241,5539.4,5575.253599999954,35.853599999953985
extra_trees,4,Case4,4-3,284,6862.44,6615.559414285717,246.88058571428246
extra_trees,4,Case4,4-3,297,5450.35,5491.295642857119,40.9456428571184
extra_trees,5,Case2,2-2,001,8697.15,10887.259557142792,2190.1095571427923
extra_trees,5,Case2,2-2,005,8715.42,10011.790985714311,1296.3709857143112
extra_trees,5,Case2,2-2,012,8310.0,8335.197714285665,25.197714285664915
extra_trees,5,Case2,2-2,018,10022.7,10288.218485714371,265.5184857143704
extra_trees,5,Case2,2-2,019,8975.8,15072.648185714299,6096.8481857143
extra_trees,5,Case2,2-2,022,10640.2,53948.95594285736,43308.75594285736
extra_trees,5,Case2,2-2,053,7984.69,21647.74281428548,13663.052814285482
extra_trees,5,Case2,2-2,065,8961.57,11465.99094285706,2504.420942857061
extra_trees,5,Case2,2-2,089,8920.29,108431.91597142867,99511.62597142867
extra_trees,5,Case2,2-2,106,8634.92,8650.378199999981,15.458199999980934
extra_trees,5,Case2,2-2,121,8402.24,8429.294399999995,27.05439999999544
extra_trees,5,Case2,2-2,149,9353.49,9308.970099999964,44.519900000035705
extra_trees,5,Case2,2-2,158,8920.42,44263.69335714272,35343.27335714272
extra_trees,5,Case2,2-2,163,8922.57,18751.98465714287,9829.414657142872
extra_trees,5,Case2,2-2,178,9368.01,9357.564771428562,10.445228571437838
extra_trees,5,Case2,2-2,185,9058.71,9073.51451428577,14.804514285769983
extra_trees,5,Case2,2-2,216,8903.35,8808.155585714267,95.19441428573373
extra_trees,5,Case2,2-2,224,8314.63,55124.422571428586,46809.79257142859
extra_trees,5,Case2,2-2,236,9098.7,15143.853185714257,6045.153185714256
extra_trees,5,Case2,2-2,240,8845.76,11441.753199999963,2595.9931999999626
extra_trees,5,Case2,2-2,253,10363.9,10539.446314285715,175.5463142857152
extra_trees,5,Case2,2-2,268,8977.42,9044.362942857086,66.94294285708565
extra_trees,5,Case2,2-2,281,8586.12,9797.38294285704,1211.26294285704
extra_trees,5,Case2,2-2,288,10817.0,10786.033142857103,30.966857142897425
extra_trees,5,Case2,2-2,290,9332.03,30184.457414285593,20852.427414285594
extra_trees,5,Case2,2-3,032,6180.54,6148.029385714269,32.51061428573121
extra_trees,5,Case2,2-3,059,5507.95,5498.636199999972,9.313800000028095
extra_trees,5,Case2,2-3,074,4993.36,5041.015442857178,47.65544285717806
extra_trees,5,Case2,2-3,098,7968.86,7714.976300000016,253.88369999998395
extra_trees,5,Case2,2-3,112,6465.49,6579.622,114.13200000000052
extra_trees,5,Case2,2-3,129,6945.84,7011.008028571402,65.16802857140192
extra_trees,5,Case2,2-3,140,4741.28,5158.924485714313,417.6444857143133
extra_trees,5,Case2,2-3,168,4807.71,5133.806014285744,326.0960142857439
extra_trees,5,Case2,2-3,171,6380.88,6129.425942857152,251.4540571428479
extra_trees,5,Case2,2-3,194,6403.58,6290.2940857142685,113.28591428573145
extra_trees,5,Case2,2-3,249,6042.45,5892.061942857132,150.3880571428681
extra_trees,5,Case2,2-3,263,6464.17,6575.167242857176,110.99724285717548
extra_trees,5,Case2,2-3,274,9485.0,13104.294157142858,3619.2941571428582
extra_trees,5,Case3,3-2,001,8768.69,8690.843714285782,77.84628571421854
extra_trees,5,Case3,3-2,005,8734.73,8705.276714285681,29.453285714318554
extra_trees,5,Case3,3-2,012,8354.82,8343.510628571403,11.309371428596933
extra_trees,5,Case3,3-2,013,10196.5,10375.41719999998,178.91719999997986
extra_trees,5,Case3,3-2,018,10050.5,10321.680314285788,271.180314285788
extra_trees,5,Case3,3-2,019,8984.98,12663.000942857223,3678.0209428572234
extra_trees,5,Case3,3-2,053,7996.97,14215.38934285713,6218.41934285713
extra_trees,5,Case3,3-2,065,9023.73,9049.250128571482,25.52012857148293
extra_trees,5,Case3,3-2,089,8934.33,10052.087828571503,1117.7578285715026
extra_trees,5,Case3,3-2,106,8663.29,8692.648899999975,29.3588999999738
extra_trees,5,Case3,3-2,121,8426.2,8452.219757142844,26.019757142843446
extra_trees,5,Case3,3-2,145,11377.85,9775.204871428552,1602.6451285714484
extra_trees,5,Case3,3-2,149,9398.75,9360.291342857108,38.45865714289175
extra_trees,5,Case3,3-2,158,8940.4,12656.819271428612,3716.419271428613
extra_trees,5,Case3,3-2,163,8933.41,10171.298428571514,1237.888428571514
extra_trees,5,Case3,3-2,178,9434.99,9403.419899999994,31.570100000006278
extra_trees,5,Case3,3-2,185,9103.53,9169.857514285648,66.32751428564734
extra_trees,5,Case3,3-2,216,8948.98,8779.018085714299,169.9619142857009
extra_trees,5,Case3,3-2,236,913357.0,9007.591214285676,904349.4087857143
extra_trees,5,Case3,3-2,240,8911.41,9032.632885714265,121.22288571426543
extra_trees,5,Case3,3-2,268,9018.86,9056.695957142863,37.83595714286275
extra_trees,5,Case3,3-2,274,9496.66,9417.45465714284,79.20534285715985
extra_trees,5,Case3,3-2,281,8646.6,8617.55320000002,29.046799999980067
extra_trees,5,Case3,3-2,290,9327.12,10431.194614285656,1104.0746142856551
extra_trees,5,Case3,3-3,032,6208.82,5922.633614285702,286.186385714298
extra_trees,5,Case3,3-3,059,5522.86,5500.911314285726,21.94868571427378
extra_trees,5,Case3,3-3,074,5000.25,4971.635185714305,28.614814285694592
extra_trees,5,Case3,3-3,098,8001.33,7745.504700000015,255.82529999998496
extra_trees,5,Case3,3-3,112,6473.95,6576.406385714288,102.45638571428844
extra_trees,5,Case3,3-3,129,6982.28,7011.900799999971,29.620799999971496
extra_trees,5,Case3,3-3,140,4741.93,5169.500242857174,427.570242857174
extra_trees,5,Case3,3-3,168,4804.88,5025.229828571459,220.3498285714586
extra_trees,5,Case3,3-3,194,6436.39,6206.323628571416,230.06637142858472
extra_trees,5,Case3,3-3,249,6069.85,5783.100457142859,286.749542857141
extra_trees,5,Case3,3-3,263,6481.85,6570.194457142888,88.34445714288722
extra_trees,5,Case4,4-2,001,8706.62,8694.25698571436,12.36301428564002
extra_trees,5,Case4,4-2,005,8727.04,8695.251371428536,31.78862857146487
extra_trees,5,Case4,4-2,012,8317.72,8338.295114285698,20.575114285698874
extra_trees,5,Case4,4-2,018,10046.6,10316.780742857218,270.1807428572174
extra_trees,5,Case4,4-2,019,8979.49,12616.687571428607,3637.1975714286073
extra_trees,5,Case4,4-2,022,10657.4,14611.09415714281,3953.6941571428106
extra_trees,5,Case4,4-2,053,7985.48,14215.29098571428,6229.810985714281
extra_trees,5,Case4,4-2,065,8972.73,9044.755314285756,72.0253142857564
extra_trees,5,Case4,4-2,089,8926.04,10074.189900000061,1148.1499000000604
extra_trees,5,Case4,4-2,106,8645.4,8685.322899999957,39.922899999957735
extra_trees,5,Case4,4-2,121,8411.86,8444.85081428569,32.99081428568934
extra_trees,5,Case4,4-2,145,11283.35,9758.697585714255,1524.6524142857452
extra_trees,5,Case4,4-2,149,9364.37,9332.30614285711,32.0638571428899
extra_trees,5,Case4,4-2,158,8928.6,12595.528542857188,3666.9285428571875
extra_trees,5,Case4,4-2,163,8926.04,10153.306857142898,1227.2668571428967
extra_trees,5,Case4,4-2,178,9373.68,9385.902328571357,12.222328571357139
extra_trees,5,Case4,4-2,185,9093.44,9152.917657142814,59.47765714281377
extra_trees,5,Case4,4-2,216,8916.43,8767.348642857141,149.0813571428589
extra_trees,5,Case4,4-2,224,8303.52,8232.22702857139,71.29297142861105
extra_trees,5,Case4,4-2,230,9913.11,10335.345171428622,422.23517142862147
extra_trees,5,Case4,4-2,236,9108.33,8998.278271428542,110.05172857145772
extra_trees,5,Case4,4-2,240,8846.73,8991.425585714267,144.6955857142675
extra_trees,5,Case4,4-2,253,10393.1,10655.163699999932,262.0636999999315
extra_trees,5,Case4,4-2,268,9016.19,9049.506442857155,33.31644285715447
extra_trees,5,Case4,4-2,274,9495.92,9405.546714285698,90.37328571430226
extra_trees,5,Case4,4-2,281,8595.56,8618.290757142897,22.730757142897346
extra_trees,5,Case4,4-2,288,10824.8,10756.582085714257,68.21791428574215
extra_trees,5,Case4,4-2,290,9327.11,10414.550128571385,1087.4401285713848
extra_trees,5,Case4,4-3,032,6183.72,6101.625457142844,82.09454285715583
extra_trees,5,Case4,4-3,059,5509.38,5520.734200000013,11.354200000012497
extra_trees,5,Case4,4-3,074,4996.97,5008.64830000001,11.678300000009585
extra_trees,5,Case4,4-3,098,7968.58,7735.520585714303,233.05941428569713
extra_trees,5,Case4,4-3,112,6466.69,6580.282800000003,113.59280000000308
extra_trees,5,Case4,4-3,129,6939.89,7006.946842857117,67.05684285711686
extra_trees,5,Case4,4-3,140,4741.89,5167.249242857171,425.359242857171
extra_trees,5,Case4,4-3,168,4803.74,4954.7857285714545,151.04572857145467
extra_trees,5,Case4,4-3,171,6386.73,6192.359871428593,194.3701285714069
extra_trees,5,Case4,4-3,194,6409.51,6248.718085714285,160.7919142857154
extra_trees,5,Case4,4-3,249,6046.94,5938.791257142852,108.14874285714723
extra_trees,5,Case4,4-3,263,6464.78,6580.585971428602,115.80597142860188
random_forest,1,Case2,2-2,011,7744.72,8187.998739999991,443.27873999999065
random_forest,1,Case2,2-2,041,8712.09,169804.90824000043,161092.81824000043
random_forest,1,Case2,2-2,045,8854.74,8579.40298000002,275.337019999979
random_forest,1,Case2,2-2,052,9034.28,9326.979720000012,292.69972000001144
random_forest,1,Case2,2-2,058,8585.22,111979.30972000069,103394.08972000069
random_forest,1,Case2,2-2,064,9213.87,9234.46563999998,20.59563999997954
random_forest,1,Case2,2-2,073,9232.53,9266.533500000003,34.00350000000253
random_forest,1,Case2,2-2,075,9367.34,9291.29717999999,76.04282000000967
random_forest,1,Case2,2-2,087,11639.6,11050.716679999972,588.8833200000281
random_forest,1,Case2,2-2,097,8747.88,8777.108559999997,29.228559999997742
random_forest,1,Case2,2-2,104,8064.82,27001.513759999976,18936.693759999976
random_forest,1,Case2,2-2,111,8024.11,8315.909100000006,291.79910000000655
random_forest,1,Case2,2-2,120,8876.83,8939.406539999984,62.57653999998365
random_forest,1,Case2,2-2,132,11718.6,11649.858299999967,68.74170000003323
random_forest,1,Case2,2-2,136,8842.46,17889.165799999988,9046.705799999989
random_forest,1,Case2,2-2,138,9373.89,9488.408419999972,114.51841999997305
random_forest,1,Case2,2-2,162,8347.5,8330.208259999981,17.291740000018763
random_forest,1,Case2,2-2,191,8182.2,8155.2894400000005,26.91055999999935
random_forest,1,Case2,2-2,202,9328.45,9397.420779999986,68.9707799999851
random_forest,1,Case2,2-2,203,10452.2,10359.983640000004,92.21635999999671
random_forest,1,Case2,2-2,227,7772.28,8006.54045999998,234.2604599999804
random_forest,1,Case2,2-2,228,9009.52,9307.904280000004,298.38428000000386
random_forest,1,Case2,2-2,231,8906.39,8857.36780000003,49.022199999970326
random_forest,1,Case2,2-2,235,8307.34,8304.010420000011,3.3295799999887095
random_forest,1,Case2,2-2,237,9413.17,9638.63400000003,225.46400000002905
random_forest,1,Case2,2-2,283,869418.0,8075.664759999982,861342.33524
random_forest,1,Case2,2-3,030,6271.66,6301.199639999994,29.539639999994506
random_forest,1,Case2,2-3,088,9582.35,9406.978039999993,175.37196000000768
random_forest,1,Case2,2-3,126,6540.67,6429.49796000001,111.17203999999037
random_forest,1,Case2,2-3,159,5114.45,5047.101339999999,67.34866000000056
random_forest,1,Case2,2-3,167,4929.14,4935.197320000005,6.057320000004438
random_forest,1,Case2,2-3,210,7169.93,7771.833839999961,601.9038399999608
random_forest,1,Case2,2-3,215,5826.76,5833.246379999997,6.486379999996643
random_forest,1,Case2,2-3,239,8001.3,8462.847900000004,461.5479000000041
random_forest,1,Case2,2-3,248,7687.01,7683.330779999978,3.6792200000218145
random_forest,1,Case2,2-3,256,7025.17,7195.805339999967,170.63533999996707
random_forest,1,Case2,2-3,291,6712.27,6872.67629999999,160.40629999998964
random_forest,1,Case2,2-3,298,8637.42,8240.148079999974,397.2719200000265
random_forest,1,Case2,2-3,299,7867.89,7892.137060000012,24.247060000011516
random_forest,1,Case3,3-2,011,7792.35,8195.026219999998,402.67621999999756
random_forest,1,Case3,3-2,041,8761.44,169805.51652000035,161044.07652000035
random_forest,1,Case3,3-2,045,8910.16,8594.816800000033,315.3431999999666
random_forest,1,Case3,3-2,052,9044.2,9331.501580000006,287.30158000000483
random_forest,1,Case3,3-2,058,8639.59,108537.7635200006,99898.17352000061
random_forest,1,Case3,3-2,064,9261.27,9239.299679999982,21.970320000018546
random_forest,1,Case3,3-2,073,9251.96,9308.527200000006,56.56720000000678
random_forest,1,Case3,3-2,075,9364.49,9285.44565999999,79.04434000000947
random_forest,1,Case3,3-2,088,9648.35,9414.635759999997,233.71424000000297
random_forest,1,Case3,3-2,097,8785.64,8782.191980000007,3.448019999992539
random_forest,1,Case3,3-2,104,8078.29,23555.521299999975,15477.231299999974
random_forest,1,Case3,3-2,111,8053.2,8313.754660000004,260.55466000000433
random_forest,1,Case3,3-2,120,8940.13,8939.762939999982,0.36706000001686334
random_forest,1,Case3,3-2,136,8867.91,17889.058039999996,9021.148039999996
random_forest,1,Case3,3-2,138,9435.7,9489.505519999972,53.805519999970784
random_forest,1,Case3,3-2,162,8405.27,8338.326939999964,66.94306000003598
random_forest,1,Case3,3-2,191,8216.35,8171.51992,44.830080000000635
random_forest,1,Case3,3-2,202,9359.41,9393.430439999986,34.02043999998568
random_forest,1,Case3,3-2,203,10533.7,10377.984040000007,155.71595999999408
random_forest,1,Case3,3-2,231,8918.4,8892.272600000017,26.127399999983027
random_forest,1,Case3,3-2,235,8335.92,8309.218680000002,26.701319999998304
random_forest,1,Case3,3-2,283,8705.14,8080.845979999979,624.2940200000203
random_forest,1,Case3,3-3,030,5275.29,6301.622079999993,1026.3320799999929
random_forest,1,Case3,3-3,126,6544.8,6429.75882000001,115.04117999999016
random_forest,1,Case3,3-3,159,5126.49,5181.169299999997,54.679299999997056
random_forest,1,Case3,3-3,167,4936.89,4959.173960000001,22.28396000000066
random_forest,1,Case3,3-3,215,5850.45,5841.405579999996,9.04442000000381
random_forest,1,Case3,3-3,227,7813.14,8194.180040000001,381.0400400000008
random_forest,1,Case3,3-3,239,8051.72,8454.032820000008,402.3128200000074
random_forest,1,Case3,3-3,248,7728.94,7694.82995999998,34.11004000001958
random_forest,1,Case3,3-3,256,7065.09,7238.783619999963,173.69361999996272
random_forest,1,Case3,3-3,291,6740.72,6892.202139999997,151.48213999999643
random_forest,1,Case3,3-3,298,8687.94,8274.803599999992,413.1364000000085
random_forest,1,Case3,3-3,299,7887.16,7892.941800000013,5.781800000013391
random_forest,1,Case4,4-2,011,7736.55,8198.589559999991,462.03955999999107
random_forest,1,Case4,4-2,041,8722.7,171611.38642000032,162888.6864200003
random_forest,1,Case4,4-2,045,8835.17,8415.096200000024,420.0737999999765
random_forest,1,Case4,4-2,052,9036.4,9329.86860000001,293.46860000001107
random_forest,1,Case4,4-2,058,8625.62,108534.37334000063,99908.75334000064
random_forest,1,Case4,4-2,064,9241.54,9238.310559999984,3.229440000017348
random_forest,1,Case4,4-2,073,9240.82,9293.607000000005,52.78700000000572
random_forest,1,Case4,4-2,075,9362.12,9290.663819999992,71.45618000000832
random_forest,1,Case4,4-2,087,11685.5,11052.560979999975,632.9390200000253
random_forest,1,Case4,4-2,088,9569.85,9397.59945999999,172.25054000001
random_forest,1,Case4,4-2,097,8715.93,8766.16579999999,50.23579999998947
random_forest,1,Case4,4-2,104,8074.1,23554.42671999997,15480.32671999997
random_forest,1,Case4,4-2,111,8036.41,8312.044740000007,275.6347400000068
random_forest,1,Case4,4-2,120,8877.22,8939.554959999985,62.334959999985585
random_forest,1,Case4,4-2,126,6539.82,6428.670400000008,111.14959999999155
random_forest,1,Case4,4-2,132,11688.4,11656.888099999964,31.511900000035894
random_forest,1,Case4,4-2,134,10817.1,10860.92076,43.82076000000052
random_forest,1,Case4,4-2,136,8850.5,17885.59943999999,9035.09943999999
random_forest,1,Case4,4-2,138,9382.58,9490.332539999967,107.75253999996676
random_forest,1,Case4,4-2,148,12684.8,69061.10836000006,56376.308360000054
random_forest,1,Case4,4-2,162,8379.19,8340.158699999973,39.03130000002784
random_forest,1,Case4,4-2,191,8208.02,8168.601479999993,39.41852000000745
random_forest,1,Case4,4-2,202,9337.74,9389.753879999984,52.013879999984056
random_forest,1,Case4,4-2,203,10441.9,10360.101020000006,81.79897999999412
random_forest,1,Case4,4-2,227,7765.88,8005.266859999988,239.3868599999878
random_forest,1,Case4,4-2,228,9018.71,9333.374880000005,314.6648800000057
random_forest,1,Case4,4-2,231,8913.59,8888.225900000029,25.364099999971586
random_forest,1,Case4,4-2,235,8315.67,8305.407760000002,10.2622399999982
random_forest,1,Case4,4-2,237,9420.0,9639.711980000024,219.7119800000237
random_forest,1,Case4,4-2,283,8701.52,8063.956519999982,637.563480000018
random_forest,1,Case4,4-3,030,6274.73,6299.502499999993,24.77249999999367
random_forest,1,Case4,4-3,159,5120.11,5246.678880000003,126.56888000000345
random_forest,1,Case4,4-3,167,4933.23,5010.713019999997,77.48301999999785
random_forest,1,Case4,4-3,210,7171.42,7784.964999999961,613.544999999961
random_forest,1,Case4,4-3,215,5827.83,5835.086159999997,7.25615999999718
random_forest,1,Case4,4-3,239,7989.15,8446.998480000006,457.848480000006
random_forest,1,Case4,4-3,248,7688.39,7689.529539999978,1.1395399999773872
random_forest,1,Case4,4-3,256,7023.06,7198.156359999959,175.09635999995862
random_forest,1,Case4,4-3,291,6707.27,6875.525339999997,168.25533999999698
random_forest,1,Case4,4-3,298,8636.61,8237.365059999975,399.24494000002596
random_forest,1,Case4,4-3,299,7862.29,7892.2616800000105,29.971680000010565
random_forest,2,Case2,2-2,009,8330.47,8573.048859999959,242.5788599999596
random_forest,2,Case2,2-2,017,9424.95,9446.39139999998,21.441399999979694
random_forest,2,Case2,2-2,028,10597.82,26699.050719999956,16101.230719999956
random_forest,2,Case2,2-2,040,9308.02,14871.500319999997,5563.480319999997
random_forest,2,Case2,2-2,047,9107.6,9195.062140000031,87.46214000003056
random_forest,2,Case2,2-2,051,9336.15,9488.250000000013,152.1000000000131
random_forest,2,Case2,2-2,057,8677.45,8519.781000000034,157.66899999996713
random_forest,2,Case2,2-2,063,10920.8,11016.146219999942,95.34621999994306
random_forest,2,Case2,2-2,069,10912.0,10726.375900000043,185.62409999995725
random_forest,2,Case2,2-2,078,9466.57,12900.931320000007,3434.3613200000073
random_forest,2,Case2,2-2,083,9169.83,8529.826040000024,640.0039599999764
random_forest,2,Case2,2-2,095,9000.84,9023.654699999992,22.814699999991717
random_forest,2,Case2,2-2,102,8859.91,33328.70558000006,24468.79558000006
random_forest,2,Case2,2-2,103,8505.85,8464.659080000001,41.190919999999096
random_forest,2,Case2,2-2,110,8039.72,8092.198600000026,52.478600000025835
random_forest,2,Case2,2-2,125,8701.62,8656.996300000048,44.623699999952805
random_forest,2,Case2,2-2,144,11805.8,11450.680679999989,355.1193200000107
random_forest,2,Case2,2-2,147,8733.58,8798.148299999997,64.56829999999718
random_forest,2,Case2,2-2,166,8202.09,8226.322720000011,24.232720000010886
random_forest,2,Case2,2-2,182,8713.56,8711.778500000024,1.7814999999754946
random_forest,2,Case2,2-2,190,11761.0,11427.160739999985,333.8392600000152
random_forest,2,Case2,2-2,201,8916.75,8903.04258000001,13.707419999989725
random_forest,2,Case2,2-2,214,8549.55,10151.725560000006,1602.175560000007
random_forest,2,Case2,2-2,219,8827.59,8781.395180000016,46.19481999998425
random_forest,2,Case2,2-2,225,8689.59,39702.25768000003,31012.66768000003
random_forest,2,Case2,2-2,233,8783.48,15495.062139999987,6711.582139999988
random_forest,2,Case2,2-2,271,10256.9,10202.855280000022,54.04471999997804
random_forest,2,Case2,2-2,285,9252.88,9241.74981999999,11.130180000009204
random_forest,2,Case2,2-2,287,8772.37,8583.524859999938,188.8451400000631
random_forest,2,Case2,2-3,072,7542.06,7781.812879999976,239.75287999997545
random_forest,2,Case2,2-3,119,7399.44,7746.537979999983,347.0979799999832
random_forest,2,Case2,2-3,155,8194.83,8077.861960000003,116.96803999999702
random_forest,2,Case2,2-3,204,8795.31,8250.584620000001,544.725379999998
random_forest,2,Case2,2-3,232,7789.35,7633.899079999969,155.45092000003115
random_forest,2,Case2,2-3,245,7852.4,8216.520160000011,364.1201600000113
random_forest,2,Case2,2-3,259,8168.05,8050.442239999998,117.6077600000026
random_forest,2,Case2,2-3,293,7286.09,7664.8343399999885,378.74433999998837
random_forest,2,Case3,3-2,009,8861.12,8552.788839999961,308.33116000003974
random_forest,2,Case3,3-2,017,9436.03,9453.479719999988,17.449719999987792
random_forest,2,Case3,3-2,028,10604.84,19916.47717999998,9311.63717999998
random_forest,2,Case3,3-2,040,9402.13,14877.925220000014,5475.7952200000145
random_forest,2,Case3,3-2,047,9170.59,9196.672640000028,26.082640000027823
random_forest,2,Case3,3-2,051,9400.18,9491.204020000034,91.02402000003349
random_forest,2,Case3,3-2,057,8713.41,8602.489560000038,110.92043999996167
random_forest,2,Case3,3-2,063,10926.7,11014.595539999942,87.89553999994132
random_forest,2,Case3,3-2,078,9469.55,11185.017620000022,1715.467620000023
random_forest,2,Case3,3-2,083,9146.8,10266.619660000022,1119.8196600000228
random_forest,2,Case3,3-2,095,9043.4,9017.655159999991,25.74484000000848
random_forest,2,Case3,3-2,102,8869.34,33419.578940000065,24550.238940000065
random_forest,2,Case3,3-2,103,8564.86,8461.149900000002,103.71009999999842
random_forest,2,Case3,3-2,110,8076.74,8109.825060000039,33.08506000003945
random_forest,2,Case3,3-2,125,8744.04,8699.811020000036,44.228979999965304
random_forest,2,Case3,3-2,147,8800.48,8789.725359999995,10.754640000004656
random_forest,2,Case3,3-2,166,8255.97,8257.706799999998,1.736799999998766
random_forest,2,Case3,3-2,170,10975.3,10786.588300000041,188.711699999958
random_forest,2,Case3,3-2,182,8747.62,8718.642880000025,28.977119999975912
random_forest,2,Case3,3-2,183,10931.7,10818.83183999999,112.8681600000109
random_forest,2,Case3,3-2,190,11737.4,11382.213179999984,355.18682000001536
random_forest,2,Case3,3-2,201,8975.94,8910.99136000001,64.94863999998961
random_forest,2,Case3,3-2,214,8583.16,8438.743180000001,144.41681999999855
random_forest,2,Case3,3-2,219,8860.89,8795.497640000018,65.39235999998164
random_forest,2,Case3,3-2,225,8717.82,39797.44304000003,31079.623040000028
random_forest,2,Case3,3-2,233,8803.36,17312.905700000007,8509.545700000006
random_forest,2,Case3,3-2,245,7898.81,8207.982380000016,309.17238000001544
random_forest,2,Case3,3-2,271,10286.4,10212.42062000002,73.97937999997885
random_forest,2,Case3,3-2,285,9287.2,9254.203759999975,32.996240000025864
random_forest,2,Case3,3-2,287,8809.84,8585.853539999944,223.98646000005647
random_forest,2,Case3,3-3,072,7553.53,7803.701599999987,250.17159999998694
random_forest,2,Case3,3-3,119,7414.86,7749.612719999979,334.7527199999795
random_forest,2,Case3,3-3,155,8209.51,8075.890200000008,133.6197999999922
random_forest,2,Case3,3-3,232,7827.7,7650.541579999964,177.15842000003613
random_forest,2,Case3,3-3,259,8197.8,8063.6609000000035,134.13909999999578
random_forest,2,Case3,3-3,293,7297.97,7670.177819999988,372.2078199999878
random_forest,2,Case4,4-2,009,8840.09,8560.999799999961,279.09020000003875
random_forest,2,Case4,4-2,017,9433.28,9451.65821999998,18.378219999978683
random_forest,2,Case4,4-2,028,10604.54,18114.68323999999,7510.14323999999
random_forest,2,Case4,4-2,040,9305.13,14882.260580000013,5577.130580000014
random_forest,2,Case4,4-2,047,9103.12,9194.814560000028,91.6945600000272
random_forest,2,Case4,4-2,051,9338.59,9499.385400000026,160.79540000002635
random_forest,2,Case4,4-2,057,8697.52,8581.55062000004,115.96937999996044
random_forest,2,Case4,4-2,063,10932.6,11029.713419999938,97.11341999993783
random_forest,2,Case4,4-2,069,10936.3,10727.538100000049,208.7618999999504
random_forest,2,Case4,4-2,078,9467.42,11184.681620000008,1717.2616200000084
random_forest,2,Case4,4-2,083,9146.78,8533.93708000002,612.842919999981
random_forest,2,Case4,4-2,095,9040.08,9016.982139999991,23.09786000000895
random_forest,2,Case4,4-2,102,8864.8,31615.606880000054,22750.806880000055
random_forest,2,Case4,4-2,103,8517.72,8451.217679999998,66.50232000000142
random_forest,2,Case4,4-2,110,8041.65,8101.624060000036,59.974060000035934
random_forest,2,Case4,4-2,125,8718.13,8694.811500000038,23.318499999961205
random_forest,2,Case4,4-2,144,11873.3,11458.722179999984,414.577820000015
random_forest,2,Case4,4-2,147,8729.84,8745.356179999997,15.516179999996893
random_forest,2,Case4,4-2,155,8194.12,8076.928240000002,117.1917599999988
random_forest,2,Case4,4-2,166,8208.83,8256.92376,48.09375999999975
random_forest,2,Case4,4-2,170,10869.2,10755.732500000055,113.46749999994609
random_forest,2,Case4,4-2,182,8724.97,8717.658480000026,7.311519999973825
random_forest,2,Case4,4-2,183,10845.2,10815.765439999985,29.434560000016063
random_forest,2,Case4,4-2,190,11777.6,11427.615739999985,349.98426000001564
random_forest,2,Case4,4-2,201,8923.11,8908.600960000012,14.50903999998809
random_forest,2,Case4,4-2,213,11543.1,39090.69114000002,27547.59114000002
random_forest,2,Case4,4-2,214,8560.65,8454.456340000002,106.19365999999718
random_forest,2,Case4,4-2,219,8841.61,8790.210700000016,51.39929999998458
random_forest,2,Case4,4-2,225,8700.96,37959.88281999999,29258.922819999992
random_forest,2,Case4,4-2,233,8795.54,15499.614680000006,6704.074680000005
random_forest,2,Case4,4-2,245,7842.49,8163.51824,321.02824000000055
random_forest,2,Case4,4-2,259,8171.67,8054.354659999999,117.31534000000102
random_forest,2,Case4,4-2,271,10282.7,10207.111620000023,75.5883799999774
random_forest,2,Case4,4-2,285,9279.79,9248.147419999983,31.642580000017915
random_forest,2,Case4,4-2,287,8805.29,8585.804139999942,219.4858600000589
random_forest,2,Case4,4-3,072,7545.12,7797.617119999986,252.49711999998635
random_forest,2,Case4,4-3,119,7400.95,7742.80533999998,341.85533999998006
random_forest,2,Case4,4-3,204,8802.13,8250.402900000001,551.7270999999982
random_forest,2,Case4,4-3,232,7777.07,7607.31887999997,169.7511200000299
random_forest,2,Case4,4-3,293,7288.72,7662.976039999985,374.25603999998475
random_forest,3,Case2,2-2,008,8202.0,40861.20335999994,32659.20335999994
random_forest,3,Case2,2-2,015,10652.0,10840.726599999993,188.7265999999927
random_forest,3,Case2,2-2,024,9413.52,9407.143340000002,6.376659999998083
random_forest,3,Case2,2-2,048,8691.37,8654.376700000024,36.99329999997644
random_forest,3,Case2,2-2,050,8877.12,8665.791400000002,211.32859999999891
random_forest,3,Case2,2-2,056,8144.72,8735.531060000021,590.8110600000209
random_forest,3,Case2,2-2,062,9522.37,9447.286520000016,75.08347999998477
random_forest,3,Case2,2-2,071,9138.12,9841.92422000003,703.8042200000291
random_forest,3,Case2,2-2,077,8790.51,8710.848560000019,79.66143999998167
random_forest,3,Case2,2-2,081,10977.1,11002.249339999998,25.14933999999812
random_forest,3,Case2,2-2,091,8293.19,8136.181780000003,157.0082199999979
random_forest,3,Case2,2-2,109,8642.92,8290.35202000003,352.5679799999707
random_forest,3,Case2,2-2,114,10572.9,10382.22482000004,190.67517999996016
random_forest,3,Case2,2-2,115,9258.09,9285.519040000032,27.42904000003182
random_forest,3,Case2,2-2,116,9174.09,62328.9712800001,53154.8812800001
random_forest,3,Case2,2-2,123,8125.45,13598.021959999978,5472.571959999978
random_forest,3,Case2,2-2,133,9249.03,9205.153799999996,43.876200000004246
random_forest,3,Case2,2-2,146,9272.74,14929.717700000047,5656.977700000047
random_forest,3,Case2,2-2,152,9294.17,9334.46896000007,40.2989600000692
random_forest,3,Case2,2-2,172,8239.94,8207.611180000022,32.328819999978805
random_forest,3,Case2,2-2,177,9424.77,9410.93408000006,13.835919999941325
random_forest,3,Case2,2-2,180,8143.85,10793.895120000025,2650.0451200000243
random_forest,3,Case2,2-2,196,10254.4,9433.92613999999,820.4738600000092
random_forest,3,Case2,2-2,238,8866.98,8689.266320000028,177.71367999997165
random_forest,3,Case2,2-2,242,9396.1,9675.767540000003,279.6675400000022
random_forest,3,Case2,2-2,258,8643.84,15966.705040000072,7322.8650400000715
random_forest,3,Case2,2-2,266,9711.57,14811.210220000006,5099.640220000007
random_forest,3,Case2,2-2,270,8830.99,8834.848659999983,3.8586599999835016
random_forest,3,Case2,2-2,275,869442.0,8584.192120000018,860857.80788
random_forest,3,Case2,2-2,278,9139.56,8921.54082,218.01917999999932
random_forest,3,Case2,2-2,282,9371.54,9371.344420000061,0.1955799999395822
random_forest,3,Case2,2-2,295,8196.05,9740.929959999994,1544.8799599999948
random_forest,3,Case2,2-3,036,7754.89,7243.275239999984,511.61476000001676
random_forest,3,Case2,2-3,165,5276.65,5120.927040000013,155.72295999998641
random_forest,3,Case2,2-3,189,7217.93,7280.533459999971,62.603459999970255
random_forest,3,Case2,2-3,218,5864.28,5593.093860000006,271.18613999999343
random_forest,3,Case2,2-3,220,8311.51,9530.293760000013,1218.783760000013
random_forest,3,Case2,2-3,280,7520.07,7774.212920000008,254.14292000000842
random_forest,3,Case3,3-2,008,8213.98,68386.09135999993,60172.11135999994
random_forest,3,Case3,3-2,015,10732.5,10862.3405,129.84050000000025
random_forest,3,Case3,3-2,024,9440.06,9412.843720000012,27.21627999998782
random_forest,3,Case3,3-2,048,8730.41,8705.958759999994,24.451240000005782
random_forest,3,Case3,3-2,050,8901.81,8584.528240000001,317.28175999999803
random_forest,3,Case3,3-2,056,8762.19,15969.078820000068,7206.888820000067
random_forest,3,Case3,3-2,062,9575.86,9439.98376000002,135.8762399999814
random_forest,3,Case3,3-2,071,9195.52,11580.504160000033,2384.9841600000327
random_forest,3,Case3,3-2,077,8307.05,8744.988200000013,437.93820000001324
random_forest,3,Case3,3-2,109,8682.53,8230.274240000024,452.25575999997636
random_forest,3,Case3,3-2,114,10635.3,10391.560140000038,243.73985999996148
random_forest,3,Case3,3-2,115,9323.93,9297.55890000003,26.371099999971193
random_forest,3,Case3,3-2,116,9150.74,67293.78706000005,58143.04706000005
random_forest,3,Case3,3-2,123,8156.32,13584.935479999991,5428.615479999991
random_forest,3,Case3,3-2,133,9265.39,9208.782959999999,56.60704000000078
random_forest,3,Case3,3-2,146,9361.04,14960.854280000056,5599.814280000055
random_forest,3,Case3,3-2,152,9363.76,9338.760460000065,24.999539999935223
random_forest,3,Case3,3-2,172,8266.19,8229.768040000028,36.42195999997239
random_forest,3,Case3,3-2,176,10315.16,10714.299199999989,399.1391999999887
random_forest,3,Case3,3-2,177,9462.03,9422.491020000056,39.538979999944786
random_forest,3,Case3,3-2,180,8152.2,10788.341060000017,2636.141060000017
random_forest,3,Case3,3-2,189,7246.19,7292.143279999973,45.95327999997335
random_forest,3,Case3,3-2,238,8384.56,8681.811500000023,297.25150000002395
random_forest,3,Case3,3-2,242,9437.64,9803.841440000018,366.2014400000189
random_forest,3,Case3,3-2,258,8666.11,23207.946819999946,14541.836819999946
random_forest,3,Case3,3-2,266,9777.29,14815.379360000006,5038.089360000005
random_forest,3,Case3,3-2,270,8876.44,8835.319719999987,41.120280000013736
random_forest,3,Case3,3-2,275,8701.13,12207.738860000036,3506.6088600000367
random_forest,3,Case3,3-2,278,9198.17,8821.094799999995,377.07520000000477
random_forest,3,Case3,3-2,282,9411.36,9373.590220000055,37.76977999994597
random_forest,3,Case3,3-2,295,8201.15,8138.09254000002,63.05745999997998
random_forest,3,Case3,3-3,036,7794.38,7319.733099999986,474.6469000000143
random_forest,3,Case3,3-3,091,8342.49,8136.912720000006,205.57727999999406
random_forest,3,Case3,3-3,165,5278.12,5125.105080000014,153.01491999998598
random_forest,3,Case3,3-3,280,7564.28,7762.26608000001,197.9860800000106
random_forest,3,Case4,4-2,008,8209.52,64903.38919999991,56693.869199999914
random_forest,3,Case4,4-2,015,10642.8,10836.450999999997,193.65099999999802
random_forest,3,Case4,4-2,024,9426.01,9408.20824,17.801760000000286
random_forest,3,Case4,4-2,048,8710.39,8700.766799999996,9.623200000003635
random_forest,3,Case4,4-2,050,8890.25,8603.023120000003,287.2268799999965
random_forest,3,Case4,4-2,056,8754.9,8722.347540000024,32.552459999975326
random_forest,3,Case4,4-2,062,9494.73,9428.920420000017,65.80957999998282
random_forest,3,Case4,4-2,071,9135.7,9836.332840000032,700.6328400000311
random_forest,3,Case4,4-2,077,8799.82,8743.074800000013,56.74519999998665
random_forest,3,Case4,4-2,081,10995.6,10998.787900000003,3.187900000002628
random_forest,3,Case4,4-2,092,13258.17,11672.499619999955,1585.670380000045
random_forest,3,Case4,4-2,109,8674.95,8285.136820000029,389.8131799999719
random_forest,3,Case4,4-2,114,10594.3,10382.246440000037,212.0535599999621
random_forest,3,Case4,4-2,115,9272.93,9291.636220000033,18.706220000032772
random_forest,3,Case4,4-2,116,9154.84,67292.26674000002,58137.426740000024
random_forest,3,Case4,4-2,123,8142.56,13585.323119999983,5442.763119999982
random_forest,3,Case4,4-2,133,9261.06,9206.183679999998,54.876320000001215
random_forest,3,Case4,4-2,146,9268.35,14838.269820000025,5569.919820000025
random_forest,3,Case4,4-2,152,9298.31,9329.031680000071,30.7216800000715
random_forest,3,Case4,4-2,172,8249.43,8226.011180000023,23.41881999997713
random_forest,3,Case4,4-2,176,10314.83,10715.050119999985,400.2201199999854
random_forest,3,Case4,4-2,177,9461.26,9427.61884000006,33.64115999994101
random_forest,3,Case4,4-2,180,8141.71,9066.99774,925.2877400000007
random_forest,3,Case4,4-2,196,10261.7,9435.60335999999,826.0966400000107
random_forest,3,Case4,4-2,238,8878.28,8676.842500000024,201.43749999997635
random_forest,3,Case4,4-2,242,9435.72,9797.082900000014,361.36290000001463
random_forest,3,Case4,4-2,258,8656.22,15964.083280000068,7307.863280000069
random_forest,3,Case4,4-2,266,9697.14,14760.936679999999,5063.7966799999995
random_forest,3,Case4,4-2,270,8851.35,8838.367719999984,12.982280000016544
random_forest,3,Case4,4-2,275,8696.95,8584.80652000002,112.14347999998063
random_forest,3,Case4,4-2,278,9157.06,8903.516299999997,253.543700000002
random_forest,3,Case4,4-2,282,9407.51,9372.473440000062,35.03655999993862
random_forest,3,Case4,4-2,295,8201.92,8140.604780000018,61.31521999998222
random_forest,3,Case4,4-3,036,7763.61,7285.120439999979,478.4895600000209
random_forest,3,Case4,4-3,091,8285.91,8143.265860000005,142.64413999999488
random_forest,3,Case4,4-3,165,5276.65,5119.576800000013,157.07319999998708
random_forest,3,Case4,4-3,189,7213.02,7278.09707999997,65.07707999997001
random_forest,3,Case4,4-3,218,5870.83,5590.923160000007,279.9068399999933
random_forest,3,Case4,4-3,220,8320.82,9531.481040000011,1210.6610400000118
random_forest,3,Case4,4-3,280,7512.03,7754.525560000003,242.49556000000302
random_forest,4,Case2,2-2,006,9021.54,10774.280780000021,1752.74078000002
random_forest,4,Case2,2-2,014,9183.61,9147.06999999998,36.54000000002088
random_forest,4,Case2,2-2,020,8489.01,8488.68716000002,0.3228399999807152
random_forest,4,Case2,2-2,034,8225.8,10309.468400000009,2083.6684000000096
random_forest,4,Case2,2-2,049,8796.44,9182.512219999975,386.07221999997455
random_forest,4,Case2,2-2,054,8871.95,8944.515860000007,72.56586000000607
random_forest,4,Case2,2-2,061,8597.57,10402.411960000018,1804.841960000018
random_forest,4,Case2,2-2,076,8048.66,8256.09372000001,207.43372000001
random_forest,4,Case2,2-2,079,10970.8,11057.01959999997,86.21959999997125
random_forest,4,Case2,2-2,090,8927.66,8888.945499999982,38.71450000001823
random_forest,4,Case2,2-2,101,8350.83,8581.35616000002,230.52616000001944
random_forest,4,Case2,2-2,107,8266.96,10195.952699999978,1928.9926999999789
random_forest,4,Case2,2-2,117,9017.6,9300.983580000013,283.38358000001244
random_forest,4,Case2,2-2,122,9253.62,9232.811840000006,20.80815999999504
random_forest,4,Case2,2-2,130,8463.5,8442.797340000045,20.702659999955358
random_forest,4,Case2,2-2,135,11366.2,17648.11365999993,6281.913659999929
random_forest,4,Case2,2-2,142,8320.34,8455.742080000024,135.4020800000235
random_forest,4,Case2,2-2,143,11650.0,49008.96015999993,37358.96015999993
random_forest,4,Case2,2-2,150,8885.36,162039.82682000028,153154.46682000026
random_forest,4,Case2,2-2,157,8887.81,15807.563000000011,6919.7530000000115
random_forest,4,Case2,2-2,160,8262.23,10310.842840000028,2048.612840000029
random_forest,4,Case2,2-2,186,8104.49,8131.962960000035,27.472960000035528
random_forest,4,Case2,2-2,195,8921.21,8896.423140000024,24.786859999974695
random_forest,4,Case2,2-2,197,11041.5,10893.687139999976,147.81286000002365
random_forest,4,Case2,2-2,207,9311.22,48855.01005999992,39543.79005999992
random_forest,4,Case2,2-2,217,9206.22,9245.72437999998,39.5043799999803
random_forest,4,Case2,2-2,222,8793.92,17316.717300000004,8522.797300000004
random_forest,4,Case2,2-2,251,8173.63,7972.765460000029,200.86453999997138
random_forest,4,Case2,2-2,254,8557.27,8595.893860000037,38.623860000036075
random_forest,4,Case2,2-2,265,9776.91,20309.003859999924,10532.093859999924
random_forest,4,Case2,2-2,289,8529.16,8407.292099999993,121.86790000000656
random_forest,4,Case2,2-3,068,6619.6,6676.777400000024,57.177400000023226
random_forest,4,Case2,2-3,113,7300.42,7283.946520000006,16.473479999994197
random_forest,4,Case2,2-3,164,5778.96,5791.259219999996,12.29921999999624
random_forest,4,Case2,2-3,241,5537.34,5491.937479999992,45.402520000007826
random_forest,4,Case2,2-3,261,8316.38,8286.151719999989,30.228280000010272
random_forest,4,Case2,2-3,284,6867.36,6606.263439999998,261.0965600000018
random_forest,4,Case2,2-3,297,5445.15,5461.491359999996,16.341359999996712
random_forest,4,Case3,3-2,006,9061.0,12560.46310000002,3499.463100000021
random_forest,4,Case3,3-2,014,9241.26,9145.217679999982,96.04232000001866
random_forest,4,Case3,3-2,020,8531.82,8514.616820000023,17.203179999976783
random_forest,4,Case3,3-2,034,8279.16,8546.51910000003,267.3591000000306
random_forest,4,Case3,3-2,049,8827.47,9186.686159999972,359.21615999997266
random_forest,4,Case3,3-2,054,8935.62,8947.714760000004,12.094760000003589
random_forest,4,Case3,3-2,061,8639.92,10408.437620000024,1768.5176200000242
random_forest,4,Case3,3-2,076,8092.14,8235.725500000015,143.5855000000147
random_forest,4,Case3,3-2,090,8941.44,8891.732359999975,49.707640000026004
random_forest,4,Case3,3-2,101,8407.21,8547.943780000034,140.73378000003504
random_forest,4,Case3,3-2,107,8328.72,10177.635499999986,1848.9154999999864
random_forest,4,Case3,3-2,117,9032.8,9299.00812000001,266.20812000001024
random_forest,4,Case3,3-2,122,9264.56,11039.715880000025,1775.1558800000257
random_forest,4,Case3,3-2,130,8438.46,8447.597260000033,9.137260000034075
random_forest,4,Case3,3-2,142,8368.03,8451.670300000016,83.64030000001549
random_forest,4,Case3,3-2,150,8923.98,162128.35166000028,153204.37166000027
random_forest,4,Case3,3-2,157,8927.15,10645.888740000002,1718.7387400000025
random_forest,4,Case3,3-2,160,8304.78,10331.435660000025,2026.655660000024
random_forest,4,Case3,3-2,186,8153.43,8205.788140000015,52.35814000001483
random_forest,4,Case3,3-2,195,8967.38,8890.421720000031,76.958279999968
random_forest,4,Case3,3-2,207,9301.84,36723.07373999992,27421.23373999992
random_forest,4,Case3,3-2,217,9277.55,9254.269159999985,23.280840000013995
random_forest,4,Case3,3-2,222,8802.55,17311.931920000006,8509.381920000007
random_forest,4,Case3,3-2,251,8205.18,8065.373380000023,139.80661999997756
random_forest,4,Case3,3-2,254,8614.23,8614.74374000004,0.5137400000403431
random_forest,4,Case3,3-2,265,9798.4,22119.719579999917,12321.319579999918
random_forest,4,Case3,3-2,289,8561.59,8433.664479999996,127.92552000000433
random_forest,4,Case3,3-3,068,6643.69,6688.274240000024,44.58424000002469
random_forest,4,Case3,3-3,113,7327.34,7307.046120000004,20.293879999996534
random_forest,4,Case3,3-3,164,5800.36,5783.391439999997,16.96856000000298
random_forest,4,Case3,3-3,241,5555.97,5515.009499999979,40.96050000002106
random_forest,4,Case3,3-3,261,8359.52,8267.687999999987,91.83200000001307
random_forest,4,Case3,3-3,284,6903.6,6609.954340000004,293.6456599999965
random_forest,4,Case3,3-3,297,5465.9,5455.1299199999985,10.770080000001144
random_forest,4,Case4,4-2,006,9033.2,10758.876760000021,1725.6767600000203
random_forest,4,Case4,4-2,014,9200.57,9143.508779999982,57.061220000017784
random_forest,4,Case4,4-2,020,8493.42,8501.895760000021,8.475760000021182
random_forest,4,Case4,4-2,034,8217.77,8539.24464000003,321.47464000002947
random_forest,4,Case4,4-2,049,8324.09,9183.615699999975,859.5256999999747
random_forest,4,Case4,4-2,054,3858.23,8942.852680000004,5084.622680000004
random_forest,4,Case4,4-2,061,8594.79,10398.90730000002,1804.11730000002
random_forest,4,Case4,4-2,076,8047.75,8215.773900000024,168.0239000000238
random_forest,4,Case4,4-2,079,10986.1,11062.680599999965,76.58059999996476
random_forest,4,Case4,4-2,090,8936.35,8889.893439999982,46.456560000018726
random_forest,4,Case4,4-2,101,8345.89,8546.132380000034,200.24238000003425
random_forest,4,Case4,4-2,107,8282.85,10170.39691999999,1887.5469199999898
random_forest,4,Case4,4-2,117,9020.0,9303.223160000012,283.2231600000123
random_forest,4,Case4,4-2,122,9259.09,9230.698960000007,28.391039999993154
random_forest,4,Case4,4-2,130,8472.59,8450.873380000035,21.716619999964678
random_forest,4,Case4,4-2,135,11379.8,12512.247299999974,1132.4472999999743
random_forest,4,Case4,4-2,139,10651.2,10954.24939999996,303.04939999995986
random_forest,4,Case4,4-2,142,8323.03,8413.82539999999,90.79539999998997
random_forest,4,Case4,4-2,143,11661.3,49098.795639999924,37437.49563999992
random_forest,4,Case4,4-2,150,8393.31,162041.4112000003,153648.1012000003
random_forest,4,Case4,4-2,157,8922.35,10643.141380000003,1720.7913800000024
random_forest,4,Case4,4-2,160,8271.05,10320.451420000025,2049.4014200000256
random_forest,4,Case4,4-2,164,5783.69,5773.388599999997,10.301400000003014
random_forest,4,Case4,4-2,186,8108.06,8167.478440000022,59.41844000002129
random_forest,4,Case4,4-2,195,8939.36,8892.360780000028,46.99921999997241
random_forest,4,Case4,4-2,197,11075.8,10911.769559999979,164.03044000002046
random_forest,4,Case4,4-2,207,9303.37,36721.80305999993,27418.43305999993
random_forest,4,Case4,4-2,217,9207.39,9247.813619999977,40.423619999977745
random_forest,4,Case4,4-2,222,8797.77,12143.186039999988,3345.4160399999873
random_forest,4,Case4,4-2,251,8184.93,8039.259540000025,145.67045999997572
random_forest,4,Case4,4-2,254,8567.25,8610.048400000045,42.79840000004515
random_forest,4,Case4,4-2,255,10433.7,31875.45140000007,21441.75140000007
random_forest,4,Case4,4-2,261,8297.85,8265.95323999999,31.896760000010545
random_forest,4,Case4,4-2,265,9524.98,20308.736499999926,10783.756499999927
random_forest,4,Case4,4-2,267,10699.2,10820.957740000027,121.75774000002639
random_forest,4,Case4,4-2,289,8537.58,8413.127459999994,124.45254000000568
random_forest,4,Case4,4-3,068,6618.99,6681.756000000022,62.76600000002236
random_forest,4,Case4,4-3,113,7296.78,7287.8071400000035,8.972859999996217
random_forest,4,Case4,4-3,241,5539.4,5541.932819999974,2.532819999973981
random_forest,4,Case4,4-3,284,6862.44,6600.591740000001,261.84825999999885
random_forest,4,Case4,4-3,297,5450.35,5521.04329999999,70.6932999999899
random_forest,5,Case2,2-2,001,8697.15,8468.232940000005,228.9170599999943
random_forest,5,Case2,2-2,005,8715.42,8762.222979999995,46.80297999999493
random_forest,5,Case2,2-2,012,8310.0,8320.321719999954,10.32171999995444
random_forest,5,Case2,2-2,018,10022.7,10229.51384000004,206.8138400000389
random_forest,5,Case2,2-2,019,8975.8,8929.480739999994,46.31926000000567
random_forest,5,Case2,2-2,022,10640.2,11174.65956000003,534.4595600000284
random_forest,5,Case2,2-2,053,7984.69,34031.98371999992,26047.293719999918
random_forest,5,Case2,2-2,065,8961.57,9034.238879999995,72.66887999999562
random_forest,5,Case2,2-2,089,8920.29,13902.447020000045,4982.157020000044
random_forest,5,Case2,2-2,106,8634.92,8668.91364000002,33.993640000020605
random_forest,5,Case2,2-2,121,8402.24,8405.673000000003,3.433000000002721
random_forest,5,Case2,2-2,149,9353.49,9327.82541999999,25.664580000009664
random_forest,5,Case2,2-2,158,8920.42,7239.656080000024,1680.7639199999758
random_forest,5,Case2,2-2,163,8922.57,8930.380979999994,7.810979999994743
random_forest,5,Case2,2-2,178,9368.01,9362.117459999967,5.8925400000334776
random_forest,5,Case2,2-2,185,9058.71,9171.357239999994,112.64723999999478
random_forest,5,Case2,2-2,216,8903.35,8858.547039999994,44.80296000000635
random_forest,5,Case2,2-2,224,8314.63,8336.378179999974,21.748179999975036
random_forest,5,Case2,2-2,236,9098.7,8966.876980000005,131.82301999999618
random_forest,5,Case2,2-2,240,8845.76,8941.904760000001,96.14476000000104
random_forest,5,Case2,2-2,253,10363.9,10689.975319999969,326.075319999969
random_forest,5,Case2,2-2,268,8977.42,9025.079679999968,47.65967999996792
random_forest,5,Case2,2-2,281,8586.12,8550.515460000002,35.60453999999845
random_forest,5,Case2,2-2,288,10817.0,10819.793399999995,2.7933999999950174
random_forest,5,Case2,2-2,290,9332.03,19554.625939999984,10222.595939999983
random_forest,5,Case2,2-3,032,6180.54,6223.684299999984,43.14429999998447
random_forest,5,Case2,2-3,059,5507.95,5484.266879999985,23.68312000001515
random_forest,5,Case2,2-3,074,4993.36,5889.6559200000065,896.2959200000068
random_forest,5,Case2,2-3,098,7968.86,7638.607100000002,330.2528999999977
random_forest,5,Case2,2-3,112,6465.49,6583.7394799999865,118.24947999998676
random_forest,5,Case2,2-3,129,6945.84,7034.971980000006,89.13198000000557
random_forest,5,Case2,2-3,140,4741.28,5976.267739999999,1234.9877399999996
random_forest,5,Case2,2-3,168,4807.71,5931.638620000004,1123.9286200000042
random_forest,5,Case2,2-3,171,6380.88,6069.078199999992,311.80180000000837
random_forest,5,Case2,2-3,194,6403.58,6399.052219999972,4.527780000027633
random_forest,5,Case2,2-3,249,6042.45,5838.743519999993,203.7064800000071
random_forest,5,Case2,2-3,263,6464.17,6589.64534000003,125.47534000002997
random_forest,5,Case2,2-3,274,9485.0,9335.138740000015,149.86125999998512
random_forest,5,Case3,3-2,001,8768.69,8467.044640000004,301.6453599999968
random_forest,5,Case3,3-2,005,8734.73,8763.930279999991,29.200279999991835
random_forest,5,Case3,3-2,012,8354.82,8332.077159999946,22.742840000053548
random_forest,5,Case3,3-2,013,10196.5,10248.795119999979,52.29511999997885
random_forest,5,Case3,3-2,018,10050.5,10300.676920000047,250.17692000004718
random_forest,5,Case3,3-2,019,8984.98,8935.895959999989,49.084040000010646
random_forest,5,Case3,3-2,053,7996.97,34032.15227999992,26035.18227999992
random_forest,5,Case3,3-2,065,9023.73,9037.173659999999,13.443659999999
random_forest,5,Case3,3-2,089,8934.33,25956.988100000104,17022.658100000102
random_forest,5,Case3,3-2,106,8663.29,8683.833960000022,20.54396000002089
random_forest,5,Case3,3-2,121,8426.2,8425.345379999997,0.8546200000037061
random_forest,5,Case3,3-2,145,11377.85,9509.992460000021,1867.857539999979
random_forest,5,Case3,3-2,149,9398.75,9341.81327999998,56.936720000019704
random_forest,5,Case3,3-2,158,8940.4,7307.398240000021,1633.0017599999783
random_forest,5,Case3,3-2,163,8933.41,8934.870659999995,1.4606599999951868
random_forest,5,Case3,3-2,178,9434.99,9374.649099999966,60.3409000000338
random_forest,5,Case3,3-2,185,9103.53,9183.68699999999,80.15699999999015
random_forest,5,Case3,3-2,216,8948.98,8853.665040000005,95.31495999999424
random_forest,5,Case3,3-2,236,913357.0,8970.20088,904386.79912
random_forest,5,Case3,3-2,240,8911.41,8953.001939999991,41.591939999991155
random_forest,5,Case3,3-2,268,9018.86,9028.134659999967,9.274659999966389
random_forest,5,Case3,3-2,274,9496.66,9337.259200000015,159.40079999998488
random_forest,5,Case3,3-2,281,8646.6,8621.918620000002,24.68137999999817
random_forest,5,Case3,3-2,290,9327.12,16116.650879999977,6789.530879999977
random_forest,5,Case3,3-3,032,6208.82,6221.626759999984,12.806759999984024
random_forest,5,Case3,3-3,059,5522.86,5499.417080000008,23.442919999991318
random_forest,5,Case3,3-3,074,5000.25,4972.169459999988,28.08054000001175
random_forest,5,Case3,3-3,098,8001.33,7654.8482600000025,346.48173999999744
random_forest,5,Case3,3-3,112,6473.95,6586.463639999995,112.51363999999558
random_forest,5,Case3,3-3,129,6982.28,7022.471760000004,40.19176000000425
random_forest,5,Case3,3-3,140,4741.93,5979.295939999999,1237.3659399999988
random_forest,5,Case3,3-3,168,4804.88,5884.125800000005,1079.2458000000051
random_forest,5,Case3,3-3,194,6436.39,6395.007359999973,41.382640000027095
random_forest,5,Case3,3-3,249,6069.85,5851.371059999994,218.47894000000633
random_forest,5,Case3,3-3,263,6481.85,6606.466040000033,124.61604000003263
random_forest,5,Case4,4-2,001,8706.62,8506.147039999996,200.4729600000046
random_forest,5,Case4,4-2,005,8727.04,8756.47519999999,29.43519999998898
random_forest,5,Case4,4-2,012,8317.72,8328.222279999944,10.502279999944221
random_forest,5,Case4,4-2,018,10046.6,10300.761240000047,254.16124000004675
random_forest,5,Case4,4-2,019,8979.49,8931.389639999996,48.100360000004
random_forest,5,Case4,4-2,022,10657.4,11177.05576000003,519.6557600000306
random_forest,5,Case4,4-2,053,7985.48,34036.21401999993,26050.734019999927
random_forest,5,Case4,4-2,065,8972.73,9034.835300000002,62.1053000000029
random_forest,5,Case4,4-2,089,8926.04,17355.43198000009,8429.391980000088
random_forest,5,Case4,4-2,106,8645.4,8679.444560000024,34.04456000002392
random_forest,5,Case4,4-2,121,8411.86,8415.939960000007,4.079960000006395
random_forest,5,Case4,4-2,145,11283.35,9475.752540000021,1807.597459999979
random_forest,5,Case4,4-2,149,9364.37,9326.08247999999,38.28752000001077
random_forest,5,Case4,4-2,158,8928.6,7213.516020000024,1715.0839799999767
random_forest,5,Case4,4-2,163,8926.04,8931.422619999998,5.3826199999966775
random_forest,5,Case4,4-2,178,9373.68,9362.655439999964,11.024560000036217
random_forest,5,Case4,4-2,185,9093.44,9177.57921999999,84.13921999999002
random_forest,5,Case4,4-2,216,8916.43,8851.962760000002,64.46723999999813
random_forest,5,Case4,4-2,224,8303.52,8318.705499999978,15.185499999977765
random_forest,5,Case4,4-2,230,9913.11,10252.525480000015,339.4154800000142
random_forest,5,Case4,4-2,236,9108.33,8966.112260000007,142.21773999999277
random_forest,5,Case4,4-2,240,8846.73,8928.088119999999,81.35811999999896
random_forest,5,Case4,4-2,253,10393.1,10691.494319999973,298.39431999997214
random_forest,5,Case4,4-2,268,9016.19,9027.09385999997,10.903859999969427
random_forest,5,Case4,4-2,274,9495.92,9335.025360000016,160.89463999998407
random_forest,5,Case4,4-2,281,8595.56,8621.705140000004,26.145140000004176
random_forest,5,Case4,4-2,288,10824.8,10825.723800000007,0.9238000000077591
random_forest,5,Case4,4-2,290,9327.11,16116.22595999998,6789.115959999979
random_forest,5,Case4,4-3,032,6183.72,6181.283919999985,2.436080000014954
random_forest,5,Case4,4-3,059,5509.38,5525.209299999999,15.829299999998511
random_forest,5,Case4,4-3,074,4996.97,5078.631680000006,81.66168000000562
random_forest,5,Case4,4-3,098,7968.58,7643.246900000004,325.3330999999962
random_forest,5,Case4,4-3,112,6466.69,6578.165619999992,111.47561999999198
random_forest,5,Case4,4-3,129,6939.89,7015.6120400000045,75.7220400000042
random_forest,5,Case4,4-3,140,4741.89,5977.935439999998,1236.045439999998
random_forest,5,Case4,4-3,168,4803.74,5000.270759999986,196.530759999986
random_forest,5,Case4,4-3,171,6386.73,6061.185479999995,325.5445200000049
random_forest,5,Case4,4-3,194,6409.51,6297.194399999991,112.315600000009
random_forest,5,Case4,4-3,249,6046.94,5848.0575399999925,198.8824600000071
random_forest,5,Case4,4-3,263,6464.78,6606.456100000035,141.67610000003515
hist_gradient_boosting,1,Case2,2-2,011,7744.72,11423.496205215746,3678.776205215746
hist_gradient_boosting,1,Case2,2-2,041,8712.09,-23796.903855873203,32508.993855873203
hist_gradient_boosting,1,Case2,2-2,045,8854.74,6531.150836836833,2323.5891631631666
hist_gradient_boosting,1,Case2,2-2,052,9034.28,12668.09904692548,3633.8190469254787
hist_gradient_boosting,1,Case2,2-2,058,8585.22,27929.10834640763,19343.888346407628
hist_gradient_boosting,1,Case2,2-2,064,9213.87,23449.181404081268,14235.311404081267
hist_gradient_boosting,1,Case2,2-2,073,9232.53,14570.488838366653,5337.958838366652
hist_gradient_boosting,1,Case2,2-2,075,9367.34,-13811.770054812341,23179.110054812343
hist_gradient_boosting,1,Case2,2-2,087,11639.6,-16398.22089808588,28037.820898085884
hist_gradient_boosting,1,Case2,2-2,097,8747.88,-23857.128433130354,32605.00843313035
hist_gradient_boosting,1,Case2,2-2,104,8064.82,114240.56687445435,106175.74687445434
hist_gradient_boosting,1,Case2,2-2,111,8024.11,12567.222605046709,4543.112605046709
hist_gradient_boosting,1,Case2,2-2,120,8876.83,-374.35466501141553,9251.184665011415
hist_gradient_boosting,1,Case2,2-2,132,11718.6,3867.2843773594823,7851.315622640518
hist_gradient_boosting,1,Case2,2-2,136,8842.46,29120.625300319116,20278.165300319117
hist_gradient_boosting,1,Case2,2-2,138,9373.89,10617.951757355291,1244.0617573552918
hist_gradient_boosting,1,Case2,2-2,162,8347.5,-13413.359842120946,21760.859842120946
hist_gradient_boosting,1,Case2,2-2,191,8182.2,13844.501136666484,5662.301136666484
hist_gradient_boosting,1,Case2,2-2,202,9328.45,13885.4148743094,4556.9648743093985
hist_gradient_boosting,1,Case2,2-2,203,10452.2,-11154.978619519909,21607.17861951991
hist_gradient_boosting,1,Case2,2-2,227,7772.28,23211.896397858418,15439.616397858419
hist_gradient_boosting,1,Case2,2-2,228,9009.52,-22951.14743221953,31960.667432219532
hist_gradient_boosting,1,Case2,2-2,231,8906.39,8123.030658492379,783.3593415076202
hist_gradient_boosting,1,Case2,2-2,235,8307.34,16135.191015892025,7827.851015892025
hist_gradient_boosting,1,Case2,2-2,237,9413.17,7369.042480057424,2044.1275199425763
hist_gradient_boosting,1,Case2,2-2,283,869418.0,16712.83198009966,852705.1680199003
hist_gradient_boosting,1,Case2,2-3,030,6271.66,6297.980474885914,26.320474885914336
hist_gradient_boosting,1,Case2,2-3,088,9582.35,14856.394963834466,5274.044963834465
hist_gradient_boosting,1,Case2,2-3,126,6540.67,6243.525591435866,297.1444085641342
hist_gradient_boosting,1,Case2,2-3,159,5114.45,12766.099705922477,7651.649705922478
hist_gradient_boosting,1,Case2,2-3,167,4929.14,9753.781548980038,4824.641548980037
hist_gradient_boosting,1,Case2,2-3,210,7169.93,11795.103022815789,4625.1730228157885
hist_gradient_boosting,1,Case2,2-3,215,5826.76,9379.801868315655,3553.041868315655
hist_gradient_boosting,1,Case2,2-3,239,8001.3,504.6693066389235,7496.630693361077
hist_gradient_boosting,1,Case2,2-3,248,7687.01,5011.518651525353,2675.4913484746476
hist_gradient_boosting,1,Case2,2-3,256,7025.17,8033.04822522076,1007.8782252207602
hist_gradient_boosting,1,Case2,2-3,291,6712.27,6604.07466233714,108.19533766286077
hist_gradient_boosting,1,Case2,2-3,298,8637.42,-1373.310147394587,10010.730147394586
hist_gradient_boosting,1,Case2,2-3,299,7867.89,629.0591341333533,7238.830865866647
hist_gradient_boosting,1,Case3,3-2,011,7792.35,6634.350238786898,1157.999761213102
hist_gradient_boosting,1,Case3,3-2,041,8761.44,-11412.3806635075,20173.8206635075
hist_gradient_boosting,1,Case3,3-2,045,8910.16,3376.8347860598146,5533.325213940185
hist_gradient_boosting,1,Case3,3-2,052,9044.2,12677.096262710322,3632.896262710321
hist_gradient_boosting,1,Case3,3-2,058,8639.59,3207.0770505833884,5432.512949416612
hist_gradient_boosting,1,Case3,3-2,064,9261.27,37724.436309864206,28463.166309864206
hist_gradient_boosting,1,Case3,3-2,073,9251.96,16687.43742038241,7435.477420382413
hist_gradient_boosting,1,Case3,3-2,075,9364.49,-16568.334681391632,25932.824681391634
hist_gradient_boosting,1,Case3,3-2,088,9648.35,15020.71685907929,5372.3668590792895
hist_gradient_boosting,1,Case3,3-2,097,8785.64,-20387.627443212437,29173.267443212437
hist_gradient_boosting,1,Case3,3-2,104,8078.29,114240.56687445435,106162.27687445436
hist_gradient_boosting,1,Case3,3-2,111,8053.2,16863.15354591679,8809.95354591679
hist_gradient_boosting,1,Case3,3-2,120,8940.13,-1714.0738186956412,10654.20381869564
hist_gradient_boosting,1,Case3,3-2,136,8867.91,47468.375302790024,38600.46530279002
hist_gradient_boosting,1,Case3,3-2,138,9435.7,14171.193983294204,4735.493983294204
hist_gradient_boosting,1,Case3,3-2,162,8405.27,15673.040417448807,7267.770417448806
hist_gradient_boosting,1,Case3,3-2,191,8216.35,18525.39930396403,10309.04930396403
hist_gradient_boosting,1,Case3,3-2,202,9359.41,17052.233763224558,7692.823763224558
hist_gradient_boosting,1,Case3,3-2,203,10533.7,22711.8015971161,12178.1015971161
hist_gradient_boosting,1,Case3,3-2,231,8918.4,8514.885658921306,403.5143410786932
hist_gradient_boosting,1,Case3,3-2,235,8335.92,11482.198303798401,3146.278303798401
hist_gradient_boosting,1,Case3,3-2,283,8705.14,14649.245913173858,5944.105913173858
hist_gradient_boosting,1,Case3,3-3,030,5275.29,5823.886829861728,548.5968298617281
hist_gradient_boosting,1,Case3,3-3,126,6544.8,5833.286548668908,711.5134513310923
hist_gradient_boosting,1,Case3,3-3,159,5126.49,17433.738193198198,12307.248193198198
hist_gradient_boosting,1,Case3,3-3,167,4936.89,-3089.9236867075742,8026.813686707575
hist_gradient_boosting,1,Case3,3-3,215,5850.45,8772.548102045144,2922.0981020451445
hist_gradient_boosting,1,Case3,3-3,227,7813.14,23194.802048665115,15381.662048665115
hist_gradient_boosting,1,Case3,3-3,239,8051.72,222.08471632686758,7829.635283673133
hist_gradient_boosting,1,Case3,3-3,248,7728.94,2188.86939530936,5540.07060469064
hist_gradient_boosting,1,Case3,3-3,256,7065.09,7337.562846832548,272.4728468325475
hist_gradient_boosting,1,Case3,3-3,291,6740.72,6930.261615040447,189.54161504044714
hist_gradient_boosting,1,Case3,3-3,298,8687.94,-1600.0658380495663,10288.005838049567
hist_gradient_boosting,1,Case3,3-3,299,7887.16,88.84691750804508,7798.313082491954
hist_gradient_boosting,1,Case4,4-2,011,7736.55,11459.637528974006,3723.087528974006
hist_gradient_boosting,1,Case4,4-2,041,8722.7,-24899.027714236163,33621.72771423616
hist_gradient_boosting,1,Case4,4-2,045,8835.17,6521.217030494362,2313.952969505638
hist_gradient_boosting,1,Case4,4-2,052,9036.4,12563.397013920672,3526.9970139206725
hist_gradient_boosting,1,Case4,4-2,058,8625.62,3243.26103360766,5382.358966392341
hist_gradient_boosting,1,Case4,4-2,064,9241.54,24652.527595660027,15410.987595660026
hist_gradient_boosting,1,Case4,4-2,073,9240.82,15444.598326747831,6203.778326747832
hist_gradient_boosting,1,Case4,4-2,075,9362.12,-13745.63607220241,23107.75607220241
hist_gradient_boosting,1,Case4,4-2,087,11685.5,-16317.493022261886,28002.993022261886
hist_gradient_boosting,1,Case4,4-2,088,9569.85,14995.28725538614,5425.437255386139
hist_gradient_boosting,1,Case4,4-2,097,8715.93,-21750.304254661678,30466.23425466168
hist_gradient_boosting,1,Case4,4-2,104,8074.1,114240.56687445435,106166.46687445435
hist_gradient_boosting,1,Case4,4-2,111,8036.41,12866.223865670428,4829.813865670429
hist_gradient_boosting,1,Case4,4-2,120,8877.22,1435.2402459191615,7441.979754080838
hist_gradient_boosting,1,Case4,4-2,126,6539.82,6402.400499344358,137.41950065564197
hist_gradient_boosting,1,Case4,4-2,132,11688.4,3993.0835816942304,7695.316418305769
hist_gradient_boosting,1,Case4,4-2,134,10817.1,12736.885769152004,1919.785769152004
hist_gradient_boosting,1,Case4,4-2,136,8850.5,29311.404808269363,20460.904808269363
hist_gradient_boosting,1,Case4,4-2,138,9382.58,12680.638334278168,3298.0583342781683
hist_gradient_boosting,1,Case4,4-2,148,12684.8,97951.36636195162,85266.56636195161
hist_gradient_boosting,1,Case4,4-2,162,8379.19,8311.345543500827,67.84445649917325
hist_gradient_boosting,1,Case4,4-2,191,8208.02,13914.47498120855,5706.45498120855
hist_gradient_boosting,1,Case4,4-2,202,9337.74,18716.5098857862,9378.7698857862
hist_gradient_boosting,1,Case4,4-2,203,10441.9,-11082.548479999125,21524.448479999126
hist_gradient_boosting,1,Case4,4-2,227,7765.88,23330.024014124403,15564.144014124402
hist_gradient_boosting,1,Case4,4-2,228,9018.71,-2385.9766888480726,11404.686688848073
hist_gradient_boosting,1,Case4,4-2,231,8913.59,9256.49351520094,342.9035152009401
hist_gradient_boosting,1,Case4,4-2,235,8315.67,11710.513302409603,3394.843302409603
hist_gradient_boosting,1,Case4,4-2,237,9420.0,7229.217056576467,2190.7829434235327
hist_gradient_boosting,1,Case4,4-2,283,8701.52,16864.494379857522,8162.974379857522
hist_gradient_boosting,1,Case4,4-3,030,6274.73,6272.366340827469,2.363659172530788
hist_gradient_boosting,1,Case4,4-3,159,5120.11,18102.988126001805,12982.878126001804
hist_gradient_boosting,1,Case4,4-3,167,4933.23,-2425.630810413425,7358.860810413425
hist_gradient_boosting,1,Case4,4-3,210,7171.42,11751.132799430927,4579.712799430927
hist_gradient_boosting,1,Case4,4-3,215,5827.83,8999.742469700672,3171.912469700672
hist_gradient_boosting,1,Case4,4-3,239,7989.15,834.5786695925541,7154.571330407445
hist_gradient_boosting,1,Case4,4-3,248,7688.39,2954.449985614221,4733.940014385779
hist_gradient_boosting,1,Case4,4-3,256,7023.06,8013.358097726993,990.2980977269926
hist_gradient_boosting,1,Case4,4-3,291,6707.27,6954.195563388046,246.9255633880457
hist_gradient_boosting,1,Case4,4-3,298,8636.61,-1481.4256532921102,10118.03565329211
hist_gradient_boosting,1,Case4,4-3,299,7862.29,503.27752906105485,7359.012470938945
hist_gradient_boosting,2,Case2,2-2,009,8330.47,-15239.358576779774,23569.82857677977
hist_gradient_boosting,2,Case2,2-2,017,9424.95,9477.5622692958,52.612269295799706
hist_gradient_boosting,2,Case2,2-2,028,10597.82,31016.685025303825,20418.865025303825
hist_gradient_boosting,2,Case2,2-2,040,9308.02,9124.077275510454,183.9427244895469
hist_gradient_boosting,2,Case2,2-2,047,9107.6,25990.292655570607,16882.69265557061
hist_gradient_boosting,2,Case2,2-2,051,9336.15,4554.243236068513,4781.906763931486
hist_gradient_boosting,2,Case2,2-2,057,8677.45,23301.378576714662,14623.928576714661
hist_gradient_boosting,2,Case2,2-2,063,10920.8,30405.949731420795,19485.149731420795
hist_gradient_boosting,2,Case2,2-2,069,10912.0,987.0169876222001,9924.9830123778
hist_gradient_boosting,2,Case2,2-2,078,9466.57,-8606.340107638387,18072.91010763839
hist_gradient_boosting,2,Case2,2-2,083,9169.83,27920.2089145124,18750.378914512403
hist_gradient_boosting,2,Case2,2-2,095,9000.84,8416.302649996032,584.5373500039677
hist_gradient_boosting,2,Case2,2-2,102,8859.91,51739.67215755455,42879.76215755455
hist_gradient_boosting,2,Case2,2-2,103,8505.85,21708.932197551076,13203.082197551075
hist_gradient_boosting,2,Case2,2-2,110,8039.72,20914.890392482677,12875.170392482676
hist_gradient_boosting,2,Case2,2-2,125,8701.62,17889.66076488107,9188.04076488107
hist_gradient_boosting,2,Case2,2-2,144,11805.8,12018.543109169026,212.74310916902687
hist_gradient_boosting,2,Case2,2-2,147,8733.58,20486.569891194955,11752.989891194955
hist_gradient_boosting,2,Case2,2-2,166,8202.09,18010.31620709619,9808.226207096192
hist_gradient_boosting,2,Case2,2-2,182,8713.56,15502.213261453733,6788.653261453734
hist_gradient_boosting,2,Case2,2-2,190,11761.0,9974.891476115426,1786.1085238845735
hist_gradient_boosting,2,Case2,2-2,201,8916.75,34368.65420544112,25451.90420544112
hist_gradient_boosting,2,Case2,2-2,214,8549.55,57813.78630758158,49264.23630758158
hist_gradient_boosting,2,Case2,2-2,219,8827.59,-7270.036120254578,16097.62612025458
hist_gradient_boosting,2,Case2,2-2,225,8689.59,38254.434591907244,29564.844591907244
hist_gradient_boosting,2,Case2,2-2,233,8783.48,14665.899540972869,5882.419540972869
hist_gradient_boosting,2,Case2,2-2,271,10256.9,7050.927628495171,3205.9723715048285
hist_gradient_boosting,2,Case2,2-2,285,9252.88,5347.355064081148,3905.524935918851
hist_gradient_boosting,2,Case2,2-2,287,8772.37,77929.06423144764,69156.69423144765
hist_gradient_boosting,2,Case2,2-3,072,7542.06,6566.342104651306,975.7178953486946
hist_gradient_boosting,2,Case2,2-3,119,7399.44,3434.8158428793863,3964.6241571206133
hist_gradient_boosting,2,Case2,2-3,155,8194.83,7832.635077755081,362.1949222449193
hist_gradient_boosting,2,Case2,2-3,204,8795.31,-62215.25906487458,71010.56906487458
hist_gradient_boosting,2,Case2,2-3,232,7789.35,15376.744520506987,7587.394520506987
hist_gradient_boosting,2,Case2,2-3,245,7852.4,9476.415588162874,1624.0155881628743
hist_gradient_boosting,2,Case2,2-3,259,8168.05,12387.299882059997,4219.249882059997
hist_gradient_boosting,2,Case2,2-3,293,7286.09,4756.79469176904,2529.2953082309605
hist_gradient_boosting,2,Case3,3-2,009,8861.12,-31634.373638940604,40495.49363894061
hist_gradient_boosting,2,Case3,3-2,017,9436.03,10588.85325402056,1152.823254020559
hist_gradient_boosting,2,Case3,3-2,028,10604.84,16123.54059401073,5518.70059401073
hist_gradient_boosting,2,Case3,3-2,040,9402.13,6622.4746574203955,2779.6553425796037
hist_gradient_boosting,2,Case3,3-2,047,9170.59,10053.098634722282,882.5086347222823
hist_gradient_boosting,2,Case3,3-2,051,9400.18,11766.819200317786,2366.639200317786
hist_gradient_boosting,2,Case3,3-2,057,8713.41,24756.492731859496,16043.082731859497
hist_gradient_boosting,2,Case3,3-2,063,10926.7,29837.12377977419,18910.423779774188
hist_gradient_boosting,2,Case3,3-2,078,9469.55,-8118.207759205072,17587.757759205073
hist_gradient_boosting,2,Case3,3-2,083,9146.8,16118.238228078664,6971.438228078665
hist_gradient_boosting,2,Case3,3-2,095,9043.4,-11632.321297690269,20675.721297690267
hist_gradient_boosting,2,Case3,3-2,102,8869.34,24137.03201841022,15267.69201841022
hist_gradient_boosting,2,Case3,3-2,103,8564.86,9424.755725349847,859.8957253498465
hist_gradient_boosting,2,Case3,3-2,110,8076.74,1471.7422131659296,6604.99778683407
hist_gradient_boosting,2,Case3,3-2,125,8744.04,18686.00382368005,9941.96382368005
hist_gradient_boosting,2,Case3,3-2,147,8800.48,9495.74301742451,695.2630174245096
hist_gradient_boosting,2,Case3,3-2,166,8255.97,1044.9484044722474,7211.021595527752
hist_gradient_boosting,2,Case3,3-2,170,10975.3,6779.990100521394,4195.309899478605
hist_gradient_boosting,2,Case3,3-2,182,8747.62,20822.931581031204,12075.311581031203
hist_gradient_boosting,2,Case3,3-2,183,10931.7,2127.6673272571734,8804.032672742827
hist_gradient_boosting,2,Case3,3-2,190,11737.4,10751.201410219539,986.1985897804607
hist_gradient_boosting,2,Case3,3-2,201,8975.94,39381.32883116486,30405.388831164855
hist_gradient_boosting,2,Case3,3-2,214,8583.16,46764.158468335045,38180.99846833505
hist_gradient_boosting,2,Case3,3-2,219,8860.89,-2164.7011386595505,11025.59113865955
hist_gradient_boosting,2,Case3,3-2,225,8717.82,59777.550301498966,51059.73030149897
hist_gradient_boosting,2,Case3,3-2,233,8803.36,-16461.54245891833,25264.902458918332
hist_gradient_boosting,2,Case3,3-2,245,7898.81,9657.52927349744,1758.7192734974387
hist_gradient_boosting,2,Case3,3-2,271,10286.4,10028.494910645033,257.90508935496655
hist_gradient_boosting,2,Case3,3-2,285,9287.2,7573.292850113804,1713.9071498861967
hist_gradient_boosting,2,Case3,3-2,287,8809.84,75060.9495867632,66251.10958676321
hist_gradient_boosting,2,Case3,3-3,072,7553.53,6562.868287168562,990.6617128314374
hist_gradient_boosting,2,Case3,3-3,119,7414.86,3373.530456034426,4041.3295439655735
hist_gradient_boosting,2,Case3,3-3,155,8209.51,9571.677591246127,1362.167591246127
hist_gradient_boosting,2,Case3,3-3,232,7827.7,11254.014545126547,3426.3145451265473
hist_gradient_boosting,2,Case3,3-3,259,8197.8,8039.94425976675,157.85574023324898
hist_gradient_boosting,2,Case3,3-3,293,7297.97,6705.98696580732,591.98303419268
hist_gradient_boosting,2,Case4,4-2,009,8840.09,-30739.633170131787,39579.72317013179
hist_gradient_boosting,2,Case4,4-2,017,9433.28,9495.163550626357,61.88355062635674
hist_gradient_boosting,2,Case4,4-2,028,10604.54,19071.744283437507,8467.204283437506
hist_gradient_boosting,2,Case4,4-2,040,9305.13,7452.095578550336,1853.0344214496636
hist_gradient_boosting,2,Case4,4-2,047,9103.12,12964.372144831466,3861.2521448314656
hist_gradient_boosting,2,Case4,4-2,051,9338.59,12802.408947758302,3463.818947758302
hist_gradient_boosting,2,Case4,4-2,057,8697.52,26706.64989160876,18009.129891608758
hist_gradient_boosting,2,Case4,4-2,063,10932.6,26047.21321035816,15114.61321035816
hist_gradient_boosting,2,Case4,4-2,069,10936.3,6965.677818269971,3970.6221817300284
hist_gradient_boosting,2,Case4,4-2,078,9467.42,-8380.535771786672,17847.95577178667
hist_gradient_boosting,2,Case4,4-2,083,9146.78,20875.788324333313,11729.008324333312
hist_gradient_boosting,2,Case4,4-2,095,9040.08,-8922.133233457529,17962.21323345753
hist_gradient_boosting,2,Case4,4-2,102,8864.8,20226.177705707996,11361.377705707997
hist_gradient_boosting,2,Case4,4-2,103,8517.72,4759.74334701112,3757.9766529888793
hist_gradient_boosting,2,Case4,4-2,110,8041.65,6069.798476997235,1971.8515230027642
hist_gradient_boosting,2,Case4,4-2,125,8718.13,19706.765217882086,10988.635217882087
hist_gradient_boosting,2,Case4,4-2,144,11873.3,8914.699554458502,2958.600445541497
hist_gradient_boosting,2,Case4,4-2,147,8729.84,11910.568158300253,3180.728158300253
hist_gradient_boosting,2,Case4,4-2,155,8194.12,13889.94991363444,5695.829913634439
hist_gradient_boosting,2,Case4,4-2,166,8208.83,10457.11227783442,2248.28227783442
hist_gradient_boosting,2,Case4,4-2,170,10869.2,6891.968996947661,3977.2310030523395
hist_gradient_boosting,2,Case4,4-2,182,8724.97,21340.992295841486,12616.022295841487
hist_gradient_boosting,2,Case4,4-2,183,10845.2,5011.401619259555,5833.798380740445
hist_gradient_boosting,2,Case4,4-2,190,11777.6,10324.679201785912,1452.9207982140888
hist_gradient_boosting,2,Case4,4-2,201,8923.11,32730.215846292376,23807.105846292376
hist_gradient_boosting,2,Case4,4-2,213,11543.1,-5167.520766934081,16710.62076693408
hist_gradient_boosting,2,Case4,4-2,214,8560.65,43954.25541479563,35393.60541479563
hist_gradient_boosting,2,Case4,4-2,219,8841.61,-1310.78111829079,10152.39111829079
hist_gradient_boosting,2,Case4,4-2,225,8700.96,51714.21692782992,43013.25692782992
hist_gradient_boosting,2,Case4,4-2,233,8795.54,-16979.745187726046,25775.285187726047
hist_gradient_boosting,2,Case4,4-2,245,7842.49,12746.145204210536,4903.655204210536
hist_gradient_boosting,2,Case4,4-2,259,8171.67,8139.801225896964,31.86877410303623
hist_gradient_boosting,2,Case4,4-2,271,10282.7,9431.757298951752,850.9427010482486
hist_gradient_boosting,2,Case4,4-2,285,9279.79,8609.733807472483,670.0561925275179
hist_gradient_boosting,2,Case4,4-2,287,8805.29,73458.71232325632,64653.422323256316
hist_gradient_boosting,2,Case4,4-3,072,7545.12,6593.6160474838825,951.5039525161174
hist_gradient_boosting,2,Case4,4-3,119,7400.95,3461.4062115839365,3939.5437884160633
hist_gradient_boosting,2,Case4,4-3,204,8802.13,-61230.59034889049,70032.72034889049
hist_gradient_boosting,2,Case4,4-3,232,7777.07,15662.441342284093,7885.371342284094
hist_gradient_boosting,2,Case4,4-3,293,7288.72,6953.653411477919,335.0665885220815
hist_gradient_boosting,3,Case2,2-2,008,8202.0,12720.51106663798,4518.511066637981
hist_gradient_boosting,3,Case2,2-2,015,10652.0,12286.091457358087,1634.0914573580867
hist_gradient_boosting,3,Case2,2-2,024,9413.52,9267.721713700987,145.79828629901385
hist_gradient_boosting,3,Case2,2-2,048,8691.37,7402.26100467576,1289.1089953242408
hist_gradient_boosting,3,Case2,2-2,050,8877.12,-14743.396847025304,23620.516847025305
hist_gradient_boosting,3,Case2,2-2,056,8144.72,34769.1245014102,26624.4045014102
hist_gradient_boosting,3,Case2,2-2,062,9522.37,-2140.8860129217865,11663.256012921787
hist_gradient_boosting,3,Case2,2-2,071,9138.12,19917.02445125203,10778.904451252029
hist_gradient_boosting,3,Case2,2-2,077,8790.51,33437.74976528745,24647.23976528745
hist_gradient_boosting,3,Case2,2-2,081,10977.1,22936.31868031611,11959.218680316111
hist_gradient_boosting,3,Case2,2-2,091,8293.19,21849.30654006046,13556.11654006046
hist_gradient_boosting,3,Case2,2-2,109,8642.92,18144.04342715934,9501.12342715934
hist_gradient_boosting,3,Case2,2-2,114,10572.9,19387.648212090997,8814.748212090997
hist_gradient_boosting,3,Case2,2-2,115,9258.09,9329.99314777152,71.9031477715198
hist_gradient_boosting,3,Case2,2-2,116,9174.09,77424.69588992557,68250.60588992557
hist_gradient_boosting,3,Case2,2-2,123,8125.45,29192.093867230076,21066.643867230076
hist_gradient_boosting,3,Case2,2-2,133,9249.03,-1191.53471292962,10440.564712929621
hist_gradient_boosting,3,Case2,2-2,146,9272.74,-21350.56104883546,30623.301048835463
hist_gradient_boosting,3,Case2,2-2,152,9294.17,13129.007760910727,3834.8377609107265
hist_gradient_boosting,3,Case2,2-2,172,8239.94,11576.520253454979,3336.5802534549784
hist_gradient_boosting,3,Case2,2-2,177,9424.77,-999.7505601292962,10424.520560129296
hist_gradient_boosting,3,Case2,2-2,180,8143.85,50580.475615538126,42436.62561553813
hist_gradient_boosting,3,Case2,2-2,196,10254.4,6056.424013337551,4197.975986662449
hist_gradient_boosting,3,Case2,2-2,238,8866.98,4918.7155723238375,3948.264427676162
hist_gradient_boosting,3,Case2,2-2,242,9396.1,16836.150058015657,7440.050058015657
hist_gradient_boosting,3,Case2,2-2,258,8643.84,32447.929751012958,23804.089751012958
hist_gradient_boosting,3,Case2,2-2,266,9711.57,-3364.046697324812,13075.616697324811
hist_gradient_boosting,3,Case2,2-2,270,8830.99,15474.087224565581,6643.097224565581
hist_gradient_boosting,3,Case2,2-2,275,869442.0,19613.442061917027,849828.557938083
hist_gradient_boosting,3,Case2,2-2,278,9139.56,23706.21116684856,14566.65116684856
hist_gradient_boosting,3,Case2,2-2,282,9371.54,13353.525996675166,3981.9859966751646
hist_gradient_boosting,3,Case2,2-2,295,8196.05,15044.695520755915,6848.645520755916
hist_gradient_boosting,3,Case2,2-3,036,7754.89,20969.970554516087,13215.080554516087
hist_gradient_boosting,3,Case2,2-3,165,5276.65,5909.569317819033,632.9193178190335
hist_gradient_boosting,3,Case2,2-3,189,7217.93,1780.3136198556717,5437.616380144329
hist_gradient_boosting,3,Case2,2-3,218,5864.28,5304.411404313463,559.8685956865365
hist_gradient_boosting,3,Case2,2-3,220,8311.51,18758.7978774589,10447.287877458899
hist_gradient_boosting,3,Case2,2-3,280,7520.07,6140.399990110549,1379.6700098894507
hist_gradient_boosting,3,Case3,3-2,008,8213.98,-7173.6137404884075,15387.593740488406
hist_gradient_boosting,3,Case3,3-2,015,10732.5,10272.929485207533,459.5705147924673
hist_gradient_boosting,3,Case3,3-2,024,9440.06,7840.738355088344,1599.3216449116553
hist_gradient_boosting,3,Case3,3-2,048,8730.41,8756.855214736805,26.4452147368047
hist_gradient_boosting,3,Case3,3-2,050,8901.81,-7067.655525614371,15969.46552561437
hist_gradient_boosting,3,Case3,3-2,056,8762.19,36936.847939761734,28174.65793976173
hist_gradient_boosting,3,Case3,3-2,062,9575.86,-2277.979326223736,11853.839326223737
hist_gradient_boosting,3,Case3,3-2,071,9195.52,25287.17930739026,16091.659307390259
hist_gradient_boosting,3,Case3,3-2,077,8307.05,25499.184833264397,17192.134833264397
hist_gradient_boosting,3,Case3,3-2,109,8682.53,19022.754425784013,10340.224425784012
hist_gradient_boosting,3,Case3,3-2,114,10635.3,20760.29530291565,10124.99530291565
hist_gradient_boosting,3,Case3,3-2,115,9323.93,659.3373511254651,8664.592648874535
hist_gradient_boosting,3,Case3,3-2,116,9150.74,15462.395237606604,6311.655237606605
hist_gradient_boosting,3,Case3,3-2,123,8156.32,48998.51693579167,40842.19693579167
hist_gradient_boosting,3,Case3,3-2,133,9265.39,-1370.7362850958712,10636.12628509587
hist_gradient_boosting,3,Case3,3-2,146,9361.04,-16169.181406952928,25530.22140695293
hist_gradient_boosting,3,Case3,3-2,152,9363.76,14466.640736180967,5102.880736180967
hist_gradient_boosting,3,Case3,3-2,172,8266.19,6728.347410325349,1537.8425896746512
hist_gradient_boosting,3,Case3,3-2,176,10315.16,-4639.060807156703,14954.220807156704
hist_gradient_boosting,3,Case3,3-2,177,9462.03,6024.611433504895,3437.4185664951056
hist_gradient_boosting,3,Case3,3-2,180,8152.2,51250.516231668225,43098.31623166823
hist_gradient_boosting,3,Case3,3-2,189,7246.19,2762.8659376254377,4483.324062374562
hist_gradient_boosting,3,Case3,3-2,238,8384.56,5664.540138289646,2720.0198617103533
hist_gradient_boosting,3,Case3,3-2,242,9437.64,13658.367224368621,4220.727224368622
hist_gradient_boosting,3,Case3,3-2,258,8666.11,33616.88027193818,24950.770271938178
hist_gradient_boosting,3,Case3,3-2,266,9777.29,-3961.3272116453327,13738.617211645334
hist_gradient_boosting,3,Case3,3-2,270,8876.44,1067.8522933573831,7808.587706642617
hist_gradient_boosting,3,Case3,3-2,275,8701.13,20387.474252498556,11686.344252498557
hist_gradient_boosting,3,Case3,3-2,278,9198.17,23527.588223761482,14329.418223761482
hist_gradient_boosting,3,Case3,3-2,282,9411.36,15811.803397936204,6400.443397936204
hist_gradient_boosting,3,Case3,3-2,295,8201.15,533.539711769618,7667.610288230382
hist_gradient_boosting,3,Case3,3-3,036,7794.38,18549.6837726372,10755.303772637199
hist_gradient_boosting,3,Case3,3-3,091,8342.49,22425.441855976096,14082.951855976096
hist_gradient_boosting,3,Case3,3-3,165,5278.12,6034.518106682936,756.3981066829365
hist_gradient_boosting,3,Case3,3-3,280,7564.28,4621.727144945378,2942.5528550546214
hist_gradient_boosting,3,Case4,4-2,008,8209.52,23998.440823847002,15788.920823847002
hist_gradient_boosting,3,Case4,4-2,015,10642.8,11458.575287071819,815.7752870718195
hist_gradient_boosting,3,Case4,4-2,024,9426.01,5401.569753660714,4024.440246339286
hist_gradient_boosting,3,Case4,4-2,048,8710.39,7458.9544656165635,1251.4355343834359
hist_gradient_boosting,3,Case4,4-2,050,8890.25,-15359.01704807193,24249.26704807193
hist_gradient_boosting,3,Case4,4-2,056,8754.9,38483.2357139076,29728.335713907596
hist_gradient_boosting,3,Case4,4-2,062,9494.73,-4936.58531877641,14431.31531877641
hist_gradient_boosting,3,Case4,4-2,071,9135.7,19401.960027815367,10266.260027815366
hist_gradient_boosting,3,Case4,4-2,077,8799.82,25190.62999160346,16390.80999160346
hist_gradient_boosting,3,Case4,4-2,081,10995.6,21825.688296451324,10830.088296451324
hist_gradient_boosting,3,Case4,4-2,092,13258.17,-3874.999557809394,17133.169557809393
hist_gradient_boosting,3,Case4,4-2,109,8674.95,19518.53482349869,10843.584823498688
hist_gradient_boosting,3,Case4,4-2,114,10594.3,19573.699499898372,8979.399499898373
hist_gradient_boosting,3,Case4,4-2,115,9272.93,-343.318994756765,9616.248994756765
hist_gradient_boosting,3,Case4,4-2,116,9154.84,11200.89981200959,2046.0598120095892
hist_gradient_boosting,3,Case4,4-2,123,8142.56,40774.49258306745,32631.932583067446
hist_gradient_boosting,3,Case4,4-2,133,9261.06,-1425.9102308848712,10686.97023088487
hist_gradient_boosting,3,Case4,4-2,146,9268.35,-21769.909823317787,31038.259823317785
hist_gradient_boosting,3,Case4,4-2,152,9298.31,17955.355239154916,8657.045239154917
hist_gradient_boosting,3,Case4,4-2,172,8249.43,8958.176792544089,708.7467925440887
hist_gradient_boosting,3,Case4,4-2,176,10314.83,-4857.605511787724,15172.435511787724
hist_gradient_boosting,3,Case4,4-2,177,9461.26,1575.7900263609226,7885.469973639078
hist_gradient_boosting,3,Case4,4-2,180,8141.71,51104.77096854059,42963.060968540594
hist_gradient_boosting,3,Case4,4-2,196,10261.7,5201.277319818124,5060.422680181877
hist_gradient_boosting,3,Case4,4-2,238,8878.28,5508.973119912068,3369.3068800879328
hist_gradient_boosting,3,Case4,4-2,242,9435.72,16226.617430890312,6790.8974308903125
hist_gradient_boosting,3,Case4,4-2,258,8656.22,32257.817883088675,23601.597883088674
hist_gradient_boosting,3,Case4,4-2,266,9697.14,-3732.322561827139,13429.462561827138
hist_gradient_boosting,3,Case4,4-2,270,8851.35,391.86656640364026,8459.48343359636
hist_gradient_boosting,3,Case4,4-2,275,8696.95,19522.208923006416,10825.258923006415
hist_gradient_boosting,3,Case4,4-2,278,9157.06,23908.468116174838,14751.408116174838
hist_gradient_boosting,3,Case4,4-2,282,9407.51,11002.799689906713,1595.2896899067127
hist_gradient_boosting,3,Case4,4-2,295,8201.92,-8097.362483624143,16299.282483624143
hist_gradient_boosting,3,Case4,4-3,036,7763.61,21043.950154795493,13280.340154795493
hist_gradient_boosting,3,Case4,4-3,091,8285.91,22639.172610065485,14353.262610065485
hist_gradient_boosting,3,Case4,4-3,165,5276.65,6245.252951133973,968.602951133973
hist_gradient_boosting,3,Case4,4-3,189,7213.02,2455.9659466990743,4757.054053300926
hist_gradient_boosting,3,Case4,4-3,218,5870.83,8896.622527250993,3025.792527250993
hist_gradient_boosting,3,Case4,4-3,220,8320.82,18807.82486054497,10487.00486054497
hist_gradient_boosting,3,Case4,4-3,280,7512.03,11650.872831522573,4138.842831522573
hist_gradient_boosting,4,Case2,2-2,006,9021.54,-18570.07916148185,27591.619161481853
hist_gradient_boosting,4,Case2,2-2,014,9183.61,-12495.741820417366,21679.351820417367
hist_gradient_boosting,4,Case2,2-2,020,8489.01,10530.69193660776,2041.6819366077598
hist_gradient_boosting,4,Case2,2-2,034,8225.8,13295.424290449771,5069.624290449772
hist_gradient_boosting,4,Case2,2-2,049,8796.44,-11685.696102963217,20482.136102963217
hist_gradient_boosting,4,Case2,2-2,054,8871.95,261617.60667645736,252745.65667645735
hist_gradient_boosting,4,Case2,2-2,061,8597.57,-30036.533563587283,38634.10356358728
hist_gradient_boosting,4,Case2,2-2,076,8048.66,12287.956759933648,4239.296759933648
hist_gradient_boosting,4,Case2,2-2,079,10970.8,22592.13860085805,11621.33860085805
hist_gradient_boosting,4,Case2,2-2,090,8927.66,10347.117417598067,1419.457417598067
hist_gradient_boosting,4,Case2,2-2,101,8350.83,-8618.466432007503,16969.296432007504
hist_gradient_boosting,4,Case2,2-2,107,8266.96,59819.609428421914,51552.649428421915
hist_gradient_boosting,4,Case2,2-2,117,9017.6,12448.612586991214,3431.0125869912135
hist_gradient_boosting,4,Case2,2-2,122,9253.62,-19813.095490590335,29066.715490590337
hist_gradient_boosting,4,Case2,2-2,130,8463.5,8998.07158486708,534.5715848670807
hist_gradient_boosting,4,Case2,2-2,135,11366.2,12647.284962948139,1281.0849629481381
hist_gradient_boosting,4,Case2,2-2,142,8320.34,10961.009673026754,2640.669673026754
hist_gradient_boosting,4,Case2,2-2,143,11650.0,26259.00722382721,14609.007223827211
hist_gradient_boosting,4,Case2,2-2,150,8885.36,67225.93095439277,58340.570954392766
hist_gradient_boosting,4,Case2,2-2,157,8887.81,8802.51854385536,85.2914561446396
hist_gradient_boosting,4,Case2,2-2,160,8262.23,36770.64051870859,28508.41051870859
hist_gradient_boosting,4,Case2,2-2,186,8104.49,11274.776595380396,3170.2865953803957
hist_gradient_boosting,4,Case2,2-2,195,8921.21,5161.0138461081215,3760.1961538918777
hist_gradient_boosting,4,Case2,2-2,197,11041.5,10777.094811500887,264.40518849911314
hist_gradient_boosting,4,Case2,2-2,207,9311.22,21282.71458376178,11971.49458376178
hist_gradient_boosting,4,Case2,2-2,217,9206.22,5956.700401168134,3249.5195988318656
hist_gradient_boosting,4,Case2,2-2,222,8793.92,-16373.8852064972,25167.8052064972
hist_gradient_boosting,4,Case2,2-2,251,8173.63,-1290.9870965772748,9464.617096577274
hist_gradient_boosting,4,Case2,2-2,254,8557.27,-24488.000814654868,33045.27081465487
hist_gradient_boosting,4,Case2,2-2,265,9776.91,-21065.604908430927,30842.514908430927
hist_gradient_boosting,4,Case2,2-2,289,8529.16,9595.631917938477,1066.4719179384774
hist_gradient_boosting,4,Case2,2-3,068,6619.6,6074.708214154444,544.8917858455561
hist_gradient_boosting,4,Case2,2-3,113,7300.42,7336.369729073592,35.9497290735917
hist_gradient_boosting,4,Case2,2-3,164,5778.96,6446.567722416071,667.6077224160708
hist_gradient_boosting,4,Case2,2-3,241,5537.34,6198.3550552082825,661.0150552082823
hist_gradient_boosting,4,Case2,2-3,261,8316.38,12422.248271627413,4105.868271627414
hist_gradient_boosting,4,Case2,2-3,284,6867.36,4022.3236385898226,2845.036361410177
hist_gradient_boosting,4,Case2,2-3,297,5445.15,6515.380940929746,1070.2309409297468
hist_gradient_boosting,4,Case3,3-2,006,9061.0,7664.941655781866,1396.0583442181342
hist_gradient_boosting,4,Case3,3-2,014,9241.26,171646.54962566003,162405.28962566002
hist_gradient_boosting,4,Case3,3-2,020,8531.82,18937.219301928188,10405.399301928188
hist_gradient_boosting,4,Case3,3-2,034,8279.16,-6075.514843204983,14354.674843204983
hist_gradient_boosting,4,Case3,3-2,049,8827.47,-20286.96637208138,29114.436372081378
hist_gradient_boosting,4,Case3,3-2,054,8935.62,255931.56671139615,246995.94671139616
hist_gradient_boosting,4,Case3,3-2,061,8639.92,-9150.764427546352,17790.68442754635
hist_gradient_boosting,4,Case3,3-2,076,8092.14,5967.739573801349,2124.400426198651
hist_gradient_boosting,4,Case3,3-2,090,8941.44,12888.78754859757,3947.3475485975687
hist_gradient_boosting,4,Case3,3-2,101,8407.21,-27246.441422954416,35653.65142295441
hist_gradient_boosting,4,Case3,3-2,107,8328.72,-35333.420219453124,43662.140219453126
hist_gradient_boosting,4,Case3,3-2,117,9032.8,14597.68942259545,5564.88942259545
hist_gradient_boosting,4,Case3,3-2,122,9264.56,-20868.495547944705,30133.055547944707
hist_gradient_boosting,4,Case3,3-2,130,8438.46,3626.559905518113,4811.900094481886
hist_gradient_boosting,4,Case3,3-2,142,8368.03,-1632.3659330134342,10000.395933013435
hist_gradient_boosting,4,Case3,3-2,150,8923.98,96252.05924778018,87328.07924778019
hist_gradient_boosting,4,Case3,3-2,157,8927.15,-12481.729493938237,21408.879493938235
hist_gradient_boosting,4,Case3,3-2,160,8304.78,23448.014390783843,15143.234390783842
hist_gradient_boosting,4,Case3,3-2,186,8153.43,-2509.607299885194,10663.037299885194
hist_gradient_boosting,4,Case3,3-2,195,8967.38,18485.80811799673,9518.428117996731
hist_gradient_boosting,4,Case3,3-2,207,9301.84,-31467.92853046113,40769.76853046113
hist_gradient_boosting,4,Case3,3-2,217,9277.55,11385.031903780498,2107.481903780499
hist_gradient_boosting,4,Case3,3-2,222,8802.55,28709.804693840735,19907.254693840736
hist_gradient_boosting,4,Case3,3-2,251,8205.18,-21875.008763681955,30080.188763681956
hist_gradient_boosting,4,Case3,3-2,254,8614.23,-33378.54107472702,41992.77107472702
hist_gradient_boosting,4,Case3,3-2,265,9798.4,-12293.29658315903,22091.696583159028
hist_gradient_boosting,4,Case3,3-2,289,8561.59,12343.266035288827,3781.676035288827
hist_gradient_boosting,4,Case3,3-3,068,6643.69,6671.121823323488,27.43182332348806
hist_gradient_boosting,4,Case3,3-3,113,7327.34,5292.901104124274,2034.4388958757263
hist_gradient_boosting,4,Case3,3-3,164,5800.36,6356.348264258552,555.9882642585526
hist_gradient_boosting,4,Case3,3-3,241,5555.97,6228.914557662187,672.9445576621865
hist_gradient_boosting,4,Case3,3-3,261,8359.52,12802.070851754956,4442.550851754955
hist_gradient_boosting,4,Case3,3-3,284,6903.6,4682.2924407132205,2221.30755928678
hist_gradient_boosting,4,Case3,3-3,297,5465.9,6421.460058783812,955.5600587838126
hist_gradient_boosting,4,Case4,4-2,006,9033.2,-11955.179809575864,20988.379809575865
hist_gradient_boosting,4,Case4,4-2,014,9200.57,169747.4513674891,160546.88136748908
hist_gradient_boosting,4,Case4,4-2,020,8493.42,21094.67882373805,12601.25882373805
hist_gradient_boosting,4,Case4,4-2,034,8217.77,-16432.06412886029,24649.83412886029
hist_gradient_boosting,4,Case4,4-2,049,8324.09,-20111.448149374926,28435.538149374926
hist_gradient_boosting,4,Case4,4-2,054,3858.23,5728.316303181961,1870.0863031819613
hist_gradient_boosting,4,Case4,4-2,061,8594.79,-25947.66373955154,34542.453739551536
hist_gradient_boosting,4,Case4,4-2,076,8047.75,-5051.569896987735,13099.319896987734
hist_gradient_boosting,4,Case4,4-2,079,10986.1,25827.13611179189,14841.03611179189
hist_gradient_boosting,4,Case4,4-2,090,8936.35,12471.77833037023,3535.4283303702305
hist_gradient_boosting,4,Case4,4-2,101,8345.89,-23090.76408545682,31436.65408545682
hist_gradient_boosting,4,Case4,4-2,107,8282.85,-17612.611402409722,25895.461402409725
hist_gradient_boosting,4,Case4,4-2,117,9020.0,15732.061825226034,6712.061825226034
hist_gradient_boosting,4,Case4,4-2,122,9259.09,-25938.267967347136,35197.35796734714
hist_gradient_boosting,4,Case4,4-2,130,8472.59,675.8371669624245,7796.752833037575
hist_gradient_boosting,4,Case4,4-2,135,11379.8,-1208.764009963551,12588.56400996355
hist_gradient_boosting,4,Case4,4-2,139,10651.2,9393.083329757228,1258.1166702427727
hist_gradient_boosting,4,Case4,4-2,142,8323.03,-19520.338626443823,27843.368626443822
hist_gradient_boosting,4,Case4,4-2,143,11661.3,24411.942367817606,12750.642367817607
hist_gradient_boosting,4,Case4,4-2,150,8393.31,60406.502621373584,52013.192621373586
hist_gradient_boosting,4,Case4,4-2,157,8922.35,-11746.28204942588,20668.63204942588
hist_gradient_boosting,4,Case4,4-2,160,8271.05,8878.397865244904,607.3478652449048
hist_gradient_boosting,4,Case4,4-2,164,5783.69,8816.719054927384,3033.029054927384
hist_gradient_boosting,4,Case4,4-2,186,8108.06,-2730.9437431227034,10839.003743122703
hist_gradient_boosting,4,Case4,4-2,195,8939.36,16674.909169934166,7735.549169934166
hist_gradient_boosting,4,Case4,4-2,197,11075.8,20283.652804532783,9207.852804532784
hist_gradient_boosting,4,Case4,4-2,207,9303.37,-50858.08126016073,60161.451260160735
hist_gradient_boosting,4,Case4,4-2,217,9207.39,9266.414770940832,59.02477094083224
hist_gradient_boosting,4,Case4,4-2,222,8797.77,14460.663137609701,5662.893137609701
hist_gradient_boosting,4,Case4,4-2,251,8184.93,-24853.288187572572,33038.21818757257
hist_gradient_boosting,4,Case4,4-2,254,8567.25,-30236.261309264224,38803.51130926423
hist_gradient_boosting,4,Case4,4-2,255,10433.7,14859.29368476442,4425.593684764419
hist_gradient_boosting,4,Case4,4-2,261,8297.85,14433.89894808615,6136.048948086149
hist_gradient_boosting,4,Case4,4-2,265,9524.98,-15270.48833952621,24795.46833952621
hist_gradient_boosting,4,Case4,4-2,267,10699.2,6246.926723249625,4452.273276750376
hist_gradient_boosting,4,Case4,4-2,289,8537.58,14563.09674471122,6025.51674471122
hist_gradient_boosting,4,Case4,4-3,068,6618.99,5556.48443349537,1062.5055665046302
hist_gradient_boosting,4,Case4,4-3,113,7296.78,5192.6358795650085,2104.1441204349912
hist_gradient_boosting,4,Case4,4-3,241,5539.4,6373.8581765060035,834.4581765060038
hist_gradient_boosting,4,Case4,4-3,284,6862.44,4711.4424622168035,2150.997537783196
hist_gradient_boosting,4,Case4,4-3,297,5450.35,6960.435622432874,1510.0856224328736
hist_gradient_boosting,5,Case2,2-2,001,8697.15,54231.335812018246,45534.185812018244
hist_gradient_boosting,5,Case2,2-2,005,8715.42,19509.09660041458,10793.676600414581
hist_gradient_boosting,5,Case2,2-2,012,8310.0,1116.8966933970273,7193.103306602972
hist_gradient_boosting,5,Case2,2-2,018,10022.7,7098.570211698494,2924.129788301507
hist_gradient_boosting,5,Case2,2-2,019,8975.8,-12638.22715135532,21614.02715135532
hist_gradient_boosting,5,Case2,2-2,022,10640.2,18826.20868033457,8186.008680334569
hist_gradient_boosting,5,Case2,2-2,053,7984.69,22557.86512770209,14573.175127702092
hist_gradient_boosting,5,Case2,2-2,065,8961.57,9359.353560838947,397.78356083894687
hist_gradient_boosting,5,Case2,2-2,089,8920.29,100341.17774375596,91420.88774375597
hist_gradient_boosting,5,Case2,2-2,106,8634.92,12136.41953638055,3501.49953638055
hist_gradient_boosting,5,Case2,2-2,121,8402.24,580.6761326595716,7821.563867340428
hist_gradient_boosting,5,Case2,2-2,149,9353.49,-34480.02439617249,43833.51439617249
hist_gradient_boosting,5,Case2,2-2,158,8920.42,19997.312385144534,11076.892385144534
hist_gradient_boosting,5,Case2,2-2,163,8922.57,15742.850109434525,6820.280109434525
hist_gradient_boosting,5,Case2,2-2,178,9368.01,7587.2094736952895,1780.8005263047107
hist_gradient_boosting,5,Case2,2-2,185,9058.71,74870.7919278081,65812.08192780809
hist_gradient_boosting,5,Case2,2-2,216,8903.35,4882.661325364264,4020.688674635737
hist_gradient_boosting,5,Case2,2-2,224,8314.63,11525.95005424847,3211.32005424847
hist_gradient_boosting,5,Case2,2-2,236,9098.7,12837.072127833773,3738.3721278337725
hist_gradient_boosting,5,Case2,2-2,240,8845.76,-954.0297251467039,9799.789725146704
hist_gradient_boosting,5,Case2,2-2,253,10363.9,-20826.363431429523,31190.26343142952
hist_gradient_boosting,5,Case2,2-2,268,8977.42,20436.596242193966,11459.176242193966
hist_gradient_boosting,5,Case2,2-2,281,8586.12,13501.198624080296,4915.078624080295
hist_gradient_boosting,5,Case2,2-2,288,10817.0,23120.85506847072,12303.855068470719
hist_gradient_boosting,5,Case2,2-2,290,9332.03,111937.7147635002,102605.6847635002
hist_gradient_boosting,5,Case2,2-3,032,6180.54,5823.277009280767,357.26299071923313
hist_gradient_boosting,5,Case2,2-3,059,5507.95,5406.100893133966,101.84910686603416
hist_gradient_boosting,5,Case2,2-3,074,4993.36,5198.041860845576,204.681860845576
hist_gradient_boosting,5,Case2,2-3,098,7968.86,11952.500200882212,3983.6402008822124
hist_gradient_boosting,5,Case2,2-3,112,6465.49,6522.632530678921,57.1425306789215
hist_gradient_boosting,5,Case2,2-3,129,6945.84,6913.011982179027,32.8280178209734
hist_gradient_boosting,5,Case2,2-3,140,4741.28,5715.258228093558,973.9782280935578
hist_gradient_boosting,5,Case2,2-3,168,4807.71,5899.840704130969,1092.1307041309692
hist_gradient_boosting,5,Case2,2-3,171,6380.88,5499.371814478391,881.5081855216094
hist_gradient_boosting,5,Case2,2-3,194,6403.58,5921.049020127408,482.53097987259207
hist_gradient_boosting,5,Case2,2-3,249,6042.45,6145.044007164085,102.59400716408527
hist_gradient_boosting,5,Case2,2-3,263,6464.17,6442.737461497971,21.432538502029274
hist_gradient_boosting,5,Case2,2-3,274,9485.0,8166.4439431234305,1318.5560568765695
hist_gradient_boosting,5,Case3,3-2,001,8768.69,39871.25497167089,31102.564971670887
hist_gradient_boosting,5,Case3,3-2,005,8734.73,21854.884849170165,13120.154849170165
hist_gradient_boosting,5,Case3,3-2,012,8354.82,3287.6322879980703,5067.187712001929
hist_gradient_boosting,5,Case3,3-2,013,10196.5,15529.741587566048,5333.241587566048
hist_gradient_boosting,5,Case3,3-2,018,10050.5,10420.916777636747,370.4167776367467
hist_gradient_boosting,5,Case3,3-2,019,8984.98,-16349.784578004343,25334.764578004342
hist_gradient_boosting,5,Case3,3-2,053,7996.97,5155.53618368318,2841.4338163168204
hist_gradient_boosting,5,Case3,3-2,065,9023.73,14752.792921952769,5729.062921952769
hist_gradient_boosting,5,Case3,3-2,089,8934.33,60243.25928302858,51308.92928302858
hist_gradient_boosting,5,Case3,3-2,106,8663.29,1707.906426302427,6955.383573697574
hist_gradient_boosting,5,Case3,3-2,121,8426.2,12447.085064045765,4020.885064045764
hist_gradient_boosting,5,Case3,3-2,145,11377.85,9717.601909082096,1660.2480909179048
hist_gradient_boosting,5,Case3,3-2,149,9398.75,-354.272795712112,9753.022795712111
hist_gradient_boosting,5,Case3,3-2,158,8940.4,8108.582604868857,831.8173951311428
hist_gradient_boosting,5,Case3,3-2,163,8933.41,9663.375028885013,729.9650288850135
hist_gradient_boosting,5,Case3,3-2,178,9434.99,10725.156641833404,1290.1666418334044
hist_gradient_boosting,5,Case3,3-2,185,9103.53,37849.81759012211,28746.287590122112
hist_gradient_boosting,5,Case3,3-2,216,8948.98,9715.115141357574,766.135141357574
hist_gradient_boosting,5,Case3,3-2,236,913357.0,5293.47765866844,908063.5223413316
hist_gradient_boosting,5,Case3,3-2,240,8911.41,-2528.836625584339,11440.24662558434
hist_gradient_boosting,5,Case3,3-2,268,9018.86,12645.873536401768,3627.013536401768
hist_gradient_boosting,5,Case3,3-2,274,9496.66,9491.835373281963,4.824626718036598
hist_gradient_boosting,5,Case3,3-2,281,8646.6,10058.892057189185,1412.2920571891846
hist_gradient_boosting,5,Case3,3-2,290,9327.12,82651.6327852856,73324.51278528561
hist_gradient_boosting,5,Case3,3-3,032,6208.82,5825.390627870387,383.4293721296126
hist_gradient_boosting,5,Case3,3-3,059,5522.86,5562.8639825966275,40.00398259662779
hist_gradient_boosting,5,Case3,3-3,074,5000.25,4896.2494693015715,104.00053069842852
hist_gradient_boosting,5,Case3,3-3,098,8001.33,11451.310041301418,3449.980041301418
hist_gradient_boosting,5,Case3,3-3,112,6473.95,6513.583044133506,39.63304413350579
hist_gradient_boosting,5,Case3,3-3,129,6982.28,7090.567652367533,108.28765236753316
hist_gradient_boosting,5,Case3,3-3,140,4741.93,5738.890692299774,996.9606922997737
hist_gradient_boosting,5,Case3,3-3,168,4804.88,5527.485071615492,722.6050716154923
hist_gradient_boosting,5,Case3,3-3,194,6436.39,5989.158915211884,447.2310847881163
hist_gradient_boosting,5,Case3,3-3,249,6069.85,6169.916918179718,100.0669181797175
hist_gradient_boosting,5,Case3,3-3,263,6481.85,6329.731850058239,152.11814994176166
hist_gradient_boosting,5,Case4,4-2,001,8706.62,50755.0174229617,42048.397422961694
hist_gradient_boosting,5,Case4,4-2,005,8727.04,21399.775605727387,12672.735605727386
hist_gradient_boosting,5,Case4,4-2,012,8317.72,4475.404364638763,3842.3156353612367
hist_gradient_boosting,5,Case4,4-2,018,10046.6,10006.31491575709,40.28508424291067
hist_gradient_boosting,5,Case4,4-2,019,8979.49,-16659.993892413244,25639.483892413242
hist_gradient_boosting,5,Case4,4-2,022,10657.4,22094.369286326266,11436.969286326266
hist_gradient_boosting,5,Case4,4-2,053,7985.48,5175.493927831962,2809.986072168038
hist_gradient_boosting,5,Case4,4-2,065,8972.73,14409.659128902955,5436.929128902955
hist_gradient_boosting,5,Case4,4-2,089,8926.04,4771.452819482295,4154.587180517706
hist_gradient_boosting,5,Case4,4-2,106,8645.4,7840.472913650878,804.927086349122
hist_gradient_boosting,5,Case4,4-2,121,8411.86,11839.86960748004,3428.0096074800385
hist_gradient_boosting,5,Case4,4-2,145,11283.35,9717.601909082096,1565.7480909179048
hist_gradient_boosting,5,Case4,4-2,149,9364.37,-521.4714784817926,9885.841478481794
hist_gradient_boosting,5,Case4,4-2,158,8928.6,8055.390257073111,873.2097429268897
hist_gradient_boosting,5,Case4,4-2,163,8926.04,9582.91718158008,656.8771815800792
hist_gradient_boosting,5,Case4,4-2,178,9373.68,10593.351284188204,1219.6712841882036
hist_gradient_boosting,5,Case4,4-2,185,9093.44,39212.124385769006,30118.684385769004
hist_gradient_boosting,5,Case4,4-2,216,8916.43,9547.221886118165,630.7918861181643
hist_gradient_boosting,5,Case4,4-2,224,8303.52,9020.822779510958,717.3027795109574
hist_gradient_boosting,5,Case4,4-2,230,9913.11,6586.4879419694325,3326.622058030568
hist_gradient_boosting,5,Case4,4-2,236,9108.33,5278.501344163751,3829.828655836249
hist_gradient_boosting,5,Case4,4-2,240,8846.73,-1554.986263002633,10401.716263002632
hist_gradient_boosting,5,Case4,4-2,253,10393.1,-6426.669515554222,16819.769515554224
hist_gradient_boosting,5,Case4,4-2,268,9016.19,11877.759211339418,2861.569211339418
hist_gradient_boosting,5,Case4,4-2,274,9495.92,9491.835373281963,4.084626718036816
hist_gradient_boosting,5,Case4,4-2,281,8595.56,16548.8735604578,7953.3135604578
hist_gradient_boosting,5,Case4,4-2,288,10824.8,13586.964085177859,2762.1640851778593
hist_gradient_boosting,5,Case4,4-2,290,9327.11,82602.33275597685,73275.22275597685
hist_gradient_boosting,5,Case4,4-3,032,6183.72,5617.791178137028,565.9288218629727
hist_gradient_boosting,5,Case4,4-3,059,5509.38,5496.227695096368,13.152304903632285
hist_gradient_boosting,5,Case4,4-3,074,4996.97,4888.443106640207,108.52689335979358
hist_gradient_boosting,5,Case4,4-3,098,7968.58,11992.383837265601,4023.803837265601
hist_gradient_boosting,5,Case4,4-3,112,6466.69,6493.431941623752,26.74194162375261
hist_gradient_boosting,5,Case4,4-3,129,6939.89,7111.066702368456,171.17670236845606
hist_gradient_boosting,5,Case4,4-3,140,4741.89,5842.32654250669,1100.4365425066899
hist_gradient_boosting,5,Case4,4-3,168,4803.74,5352.576342537238,548.8363425372381
hist_gradient_boosting,5,Case4,4-3,171,6386.73,6365.465700898459,21.264299101540928
hist_gradient_boosting,5,Case4,4-3,194,6409.51,5823.278378296579,586.2316217034213
hist_gradient_boosting,5,Case4,4-3,249,6046.94,6156.991955810924,110.05195581092448
hist_gradient_boosting,5,Case4,4-3,263,6464.78,6294.052691838184,170.72730816181593
sklearn_mlp,1,Case2,2-2,011,7744.72,294.3677479874995,7450.352252012501
sklearn_mlp,1,Case2,2-2,041,8712.09,237.23583161682618,8474.854168383174
sklearn_mlp,1,Case2,2-2,045,8854.74,173.93396704223798,8680.806032957762
sklearn_mlp,1,Case2,2-2,052,9034.28,344.63893854740934,8689.641061452592
sklearn_mlp,1,Case2,2-2,058,8585.22,106.45277571461877,8478.76722428538
sklearn_mlp,1,Case2,2-2,064,9213.87,29.00820805362943,9184.861791946372
sklearn_mlp,1,Case2,2-2,073,9232.53,67.1468812352315,9165.383118764768
sklearn_mlp,1,Case2,2-2,075,9367.34,28.81467506675612,9338.525324933244
sklearn_mlp,1,Case2,2-2,087,11639.6,527.7699079831004,11111.8300920169
sklearn_mlp,1,Case2,2-2,097,8747.88,82.08205879728708,8665.797941202713
sklearn_mlp,1,Case2,2-2,104,8064.82,303.6924034231173,7761.127596576883
sklearn_mlp,1,Case2,2-2,111,8024.11,291.8402870767448,7732.269712923255
sklearn_mlp,1,Case2,2-2,120,8876.83,164.5697063684885,8712.26029363151
sklearn_mlp,1,Case2,2-2,132,11718.6,563.8919354281657,11154.708064571834
sklearn_mlp,1,Case2,2-2,136,8842.46,208.66817181248123,8633.791828187517
sklearn_mlp,1,Case2,2-2,138,9373.89,162.16433633214066,9211.72566366786
sklearn_mlp,1,Case2,2-2,162,8347.5,202.4543900313547,8145.045609968645
sklearn_mlp,1,Case2,2-2,191,8182.2,254.36471862057954,7927.83528137942
sklearn_mlp,1,Case2,2-2,202,9328.45,55.97640822759143,9272.47359177241
sklearn_mlp,1,Case2,2-2,203,10452.2,451.18901666345704,10001.010983336544
sklearn_mlp,1,Case2,2-2,227,7772.28,294.3449687182657,7477.935031281734
sklearn_mlp,1,Case2,2-2,228,9009.52,339.79467173774685,8669.725328262253
sklearn_mlp,1,Case2,2-2,231,8906.39,74.78861595869886,8831.6013840413
sklearn_mlp,1,Case2,2-2,235,8307.34,217.75517984113677,8089.584820158863
sklearn_mlp,1,Case2,2-2,237,9413.17,350.39740972904815,9062.772590270952
sklearn_mlp,1,Case2,2-2,283,869418.0,111.12000207146089,869306.8799979285
sklearn_mlp,1,Case2,2-3,030,6271.66,332.09005724677763,5939.569942753222
sklearn_mlp,1,Case2,2-3,088,9582.35,58.086171885331346,9524.263828114668
sklearn_mlp,1,Case2,2-3,126,6540.67,338.5514825151314,6202.118517484869
sklearn_mlp,1,Case2,2-3,159,5114.45,245.62006848450832,4868.829931515492
sklearn_mlp,1,Case2,2-3,167,4929.14,230.38595239666714,4698.754047603333
sklearn_mlp,1,Case2,2-3,210,7169.93,356.4887583207972,6813.441241679203
sklearn_mlp,1,Case2,2-3,215,5826.76,302.28294260207065,5524.4770573979295
sklearn_mlp,1,Case2,2-3,239,8001.3,265.1594212896461,7736.140578710354
sklearn_mlp,1,Case2,2-3,248,7687.01,369.94583540124904,7317.064164598751
sklearn_mlp,1,Case2,2-3,256,7025.17,357.7937999535892,6667.376200046411
sklearn_mlp,1,Case2,2-3,291,6712.27,366.78342075672276,6345.486579243277
sklearn_mlp,1,Case2,2-3,298,8637.42,310.5616867487731,8326.858313251227
sklearn_mlp,1,Case2,2-3,299,7867.89,355.14147785442685,7512.748522145574
sklearn_mlp,1,Case3,3-2,011,7792.35,287.6140930311244,7504.7359069688755
sklearn_mlp,1,Case3,3-2,041,8761.44,235.772962875665,8525.667037124336
sklearn_mlp,1,Case3,3-2,045,8910.16,171.88524033947246,8738.274759660528
sklearn_mlp,1,Case3,3-2,052,9044.2,344.12108318132306,8700.078916818678
sklearn_mlp,1,Case3,3-2,058,8639.59,107.27141179656098,8532.31858820344
sklearn_mlp,1,Case3,3-2,064,9261.27,30.457433309288316,9230.812566690713
sklearn_mlp,1,Case3,3-2,073,9251.96,69.15566868018048,9182.80433131982
sklearn_mlp,1,Case3,3-2,075,9364.49,28.086727509760447,9336.403272490239
sklearn_mlp,1,Case3,3-2,088,9648.35,56.856965935780444,9591.49303406422
sklearn_mlp,1,Case3,3-2,097,8785.64,87.70738183698036,8697.932618163019
sklearn_mlp,1,Case3,3-2,104,8078.29,302.8123589389294,7775.47764106107
sklearn_mlp,1,Case3,3-2,111,8053.2,287.6723874877121,7765.527612512287
sklearn_mlp,1,Case3,3-2,120,8940.13,171.35762071405935,8768.77237928594
sklearn_mlp,1,Case3,3-2,136,8867.91,207.4104532905046,8660.499546709496
sklearn_mlp,1,Case3,3-2,138,9435.7,163.70647427125513,9271.993525728745
sklearn_mlp,1,Case3,3-2,162,8405.27,194.36299547281052,8210.90700452719
sklearn_mlp,1,Case3,3-2,191,8216.35,250.02574913478887,7966.324250865211
sklearn_mlp,1,Case3,3-2,202,9359.41,56.84376443424286,9302.566235565757
sklearn_mlp,1,Case3,3-2,203,10533.7,456.99327010472575,10076.706729895275
sklearn_mlp,1,Case3,3-2,231,8918.4,76.08933736411674,8842.310662635882
sklearn_mlp,1,Case3,3-2,235,8335.92,211.69084381935627,8124.229156180644
sklearn_mlp,1,Case3,3-2,283,8705.14,108.56603333024202,8596.573966669757
sklearn_mlp,1,Case3,3-3,030,5275.29,333.7300766849702,4941.55992331503
sklearn_mlp,1,Case3,3-3,126,6544.8,341.0310572048678,6203.768942795133
sklearn_mlp,1,Case3,3-3,159,5126.49,261.05779734246454,4865.4322026575355
sklearn_mlp,1,Case3,3-3,167,4936.89,238.12526507085164,4698.764734929148
sklearn_mlp,1,Case3,3-3,215,5850.45,307.7966185651533,5542.653381434847
sklearn_mlp,1,Case3,3-3,227,7813.14,288.1221924106178,7525.017807589383
sklearn_mlp,1,Case3,3-3,239,8051.72,269.1256981462577,7782.594301853743
sklearn_mlp,1,Case3,3-3,248,7728.94,369.57445361103214,7359.365546388967
sklearn_mlp,1,Case3,3-3,256,7065.09,356.50748319282525,6708.582516807175
sklearn_mlp,1,Case3,3-3,291,6740.72,371.1863254856634,6369.533674514337
sklearn_mlp,1,Case3,3-3,298,8687.94,308.7294989865012,8379.2105010135
sklearn_mlp,1,Case3,3-3,299,7887.16,356.98901642489807,7530.170983575102
sklearn_mlp,1,Case4,4-2,011,7736.55,287.60212005869164,7448.947879941308
sklearn_mlp,1,Case4,4-2,041,8722.7,235.47675731279972,8487.223242687201
sklearn_mlp,1,Case4,4-2,045,8835.17,173.85980743131088,8661.31019256869
sklearn_mlp,1,Case4,4-2,052,9036.4,343.0150145911126,8693.384985408888
sklearn_mlp,1,Case4,4-2,058,8625.62,107.79971986563523,8517.820280134365
sklearn_mlp,1,Case4,4-2,064,9241.54,28.984385505235963,9212.555614494764
sklearn_mlp,1,Case4,4-2,073,9240.82,67.39044551851636,9173.429554481483
sklearn_mlp,1,Case4,4-2,075,9362.12,26.107860340379755,9336.01213965962
sklearn_mlp,1,Case4,4-2,087,11685.5,529.8580775338105,11155.64192246619
sklearn_mlp,1,Case4,4-2,088,9569.85,60.756665201587175,9509.093334798414
sklearn_mlp,1,Case4,4-2,097,8715.93,83.12321899214156,8632.80678100786
sklearn_mlp,1,Case4,4-2,104,8074.1,302.19263370022543,7771.907366299775
sklearn_mlp,1,Case4,4-2,111,8036.41,287.2834460428925,7749.126553957108
sklearn_mlp,1,Case4,4-2,120,8877.22,167.1875759901001,8710.0324240099
sklearn_mlp,1,Case4,4-2,126,6539.82,338.9395284284003,6200.8804715716
sklearn_mlp,1,Case4,4-2,132,11688.4,557.453939818869,11130.94606018113
sklearn_mlp,1,Case4,4-2,134,10817.1,670.0189580709316,10147.081041929068
sklearn_mlp,1,Case4,4-2,136,8850.5,207.40187537194836,8643.098124628052
sklearn_mlp,1,Case4,4-2,138,9382.58,161.40812360595785,9221.171876394043
sklearn_mlp,1,Case4,4-2,148,12684.8,1100.2903021933557,11584.509697806643
sklearn_mlp,1,Case4,4-2,162,8379.19,193.8971118362766,8185.292888163724
sklearn_mlp,1,Case4,4-2,191,8208.02,249.8874967874298,7958.132503212571
sklearn_mlp,1,Case4,4-2,202,9337.74,55.06163368531516,9282.678366314685
sklearn_mlp,1,Case4,4-2,203,10441.9,449.1257768371268,9992.774223162873
sklearn_mlp,1,Case4,4-2,227,7765.88,287.1256523244614,7478.754347675539
sklearn_mlp,1,Case4,4-2,228,9018.71,339.56952618832145,8679.140473811678
sklearn_mlp,1,Case4,4-2,231,8913.59,74.57537507340727,8839.014624926593
sklearn_mlp,1,Case4,4-2,235,8315.67,211.66477355591368,8104.0052264440865
sklearn_mlp,1,Case4,4-2,237,9420.0,352.03296494310524,9067.967035056894
sklearn_mlp,1,Case4,4-2,283,8701.52,108.22003319727467,8593.299966802726
sklearn_mlp,1,Case4,4-3,030,6274.73,332.3172607017492,5942.41273929825
sklearn_mlp,1,Case4,4-3,159,5120.11,268.3119224327086,4851.798077567291
sklearn_mlp,1,Case4,4-3,167,4933.23,250.58506812085582,4682.644931879144
sklearn_mlp,1,Case4,4-3,210,7171.42,357.66601689101344,6813.753983108987
sklearn_mlp,1,Case4,4-3,215,5827.83,303.58598413516745,5524.244015864832
sklearn_mlp,1,Case4,4-3,239,7989.15,271.2830230310787,7717.866976968921
sklearn_mlp,1,Case4,4-3,248,7688.39,368.31511843362136,7320.074881566379
sklearn_mlp,1,Case4,4-3,256,7023.06,354.47263978793046,6668.58736021207
sklearn_mlp,1,Case4,4-3,291,6707.27,369.5116293264777,6337.758370673523
sklearn_mlp,1,Case4,4-3,298,8636.61,308.01985194758197,8328.590148052419
sklearn_mlp,1,Case4,4-3,299,7862.29,355.1019749098009,7507.1880250901995
sklearn_mlp,2,Case2,2-2,009,8330.47,3196.947888238355,5133.522111761644
sklearn_mlp,2,Case2,2-2,017,9424.95,8420.027597266744,1004.9224027332566
sklearn_mlp,2,Case2,2-2,028,10597.82,12774.042683709486,2176.222683709486
sklearn_mlp,2,Case2,2-2,040,9308.02,7945.639386158846,1362.3806138411546
sklearn_mlp,2,Case2,2-2,047,9107.6,8735.639471177525,371.9605288224757
sklearn_mlp,2,Case2,2-2,051,9336.15,8072.248234051353,1263.9017659486462
sklearn_mlp,2,Case2,2-2,057,8677.45,12986.57244233425,4309.12244233425
sklearn_mlp,2,Case2,2-2,063,10920.8,12125.368908040968,1204.5689080409684
sklearn_mlp,2,Case2,2-2,069,10912.0,14022.039185505146,3110.0391855051457
sklearn_mlp,2,Case2,2-2,078,9466.57,7176.466354000852,2290.1036459991474
sklearn_mlp,2,Case2,2-2,083,9169.83,13706.095938953338,4536.265938953338
sklearn_mlp,2,Case2,2-2,095,9000.84,7688.150153898393,1312.6898461016071
sklearn_mlp,2,Case2,2-2,102,8859.91,4051.9410916619113,4807.968908338089
sklearn_mlp,2,Case2,2-2,103,8505.85,7389.97667675484,1115.8733232451605
sklearn_mlp,2,Case2,2-2,110,8039.72,11402.114627998613,3362.394627998613
sklearn_mlp,2,Case2,2-2,125,8701.62,12291.410438146031,3589.7904381460303
sklearn_mlp,2,Case2,2-2,144,11805.8,14253.909647511817,2448.1096475118175
sklearn_mlp,2,Case2,2-2,147,8733.58,5221.699084321381,3511.880915678619
sklearn_mlp,2,Case2,2-2,166,8202.09,10342.70867819797,2140.6186781979704
sklearn_mlp,2,Case2,2-2,182,8713.56,11812.877604059597,3099.317604059597
sklearn_mlp,2,Case2,2-2,190,11761.0,14572.956334232527,2811.9563342325273
sklearn_mlp,2,Case2,2-2,201,8916.75,5238.327055131555,3678.4229448684446
sklearn_mlp,2,Case2,2-2,214,8549.55,7302.291648685323,1247.2583513146765
sklearn_mlp,2,Case2,2-2,219,8827.59,10368.15534209435,1540.565342094349
sklearn_mlp,2,Case2,2-2,225,8689.59,12730.535544203154,4040.945544203154
sklearn_mlp,2,Case2,2-2,233,8783.48,3642.486088430784,5140.993911569216
sklearn_mlp,2,Case2,2-2,271,10256.9,11077.353974152462,820.4539741524623
sklearn_mlp,2,Case2,2-2,285,9252.88,4316.520868235768,4936.359131764231
sklearn_mlp,2,Case2,2-2,287,8772.37,4027.43595894476,4744.934041055241
sklearn_mlp,2,Case2,2-3,072,7542.06,14437.3616006822,6895.301600682199
sklearn_mlp,2,Case2,2-3,119,7399.44,14640.86272488932,7241.422724889321
sklearn_mlp,2,Case2,2-3,155,8194.83,15000.98189860579,6806.151898605791
sklearn_mlp,2,Case2,2-3,204,8795.31,13678.77914596198,4883.469145961981
sklearn_mlp,2,Case2,2-3,232,7789.35,12912.746200175006,5123.396200175006
sklearn_mlp,2,Case2,2-3,245,7852.4,14052.760189877092,6200.360189877092
sklearn_mlp,2,Case2,2-3,259,8168.05,14695.965450839201,6527.915450839201
sklearn_mlp,2,Case2,2-3,293,7286.09,14069.429741613647,6783.339741613647
sklearn_mlp,2,Case3,3-2,009,8861.12,3246.0023936384027,5615.1176063615985
sklearn_mlp,2,Case3,3-2,017,9436.03,8497.041220589726,938.9887794102742
sklearn_mlp,2,Case3,3-2,028,10604.84,12793.138435807188,2188.298435807188
sklearn_mlp,2,Case3,3-2,040,9402.13,7991.278170609953,1410.851829390046
sklearn_mlp,2,Case3,3-2,047,9170.59,8814.377604240315,356.212395759685
sklearn_mlp,2,Case3,3-2,051,9400.18,8224.639796576237,1175.5402034237632
sklearn_mlp,2,Case3,3-2,057,8713.41,12764.11950863829,4050.7095086382906
sklearn_mlp,2,Case3,3-2,063,10926.7,12151.489519553765,1224.789519553764
sklearn_mlp,2,Case3,3-2,078,9469.55,7175.09518416665,2294.454815833349
sklearn_mlp,2,Case3,3-2,083,9146.8,13665.191179609721,4518.391179609722
sklearn_mlp,2,Case3,3-2,095,9043.4,7683.561136705536,1359.8388632944634
sklearn_mlp,2,Case3,3-2,102,8869.34,4048.039521797612,4821.300478202388
sklearn_mlp,2,Case3,3-2,103,8564.86,7538.402289595032,1026.4577104049686
sklearn_mlp,2,Case3,3-2,110,8076.74,11072.857493218109,2996.1174932181093
sklearn_mlp,2,Case3,3-2,125,8744.04,12097.401855398686,3353.3618553986853
sklearn_mlp,2,Case3,3-2,147,8800.48,5303.437083183261,3497.0429168167384
sklearn_mlp,2,Case3,3-2,166,8255.97,10003.525227196842,1747.5552271968427
sklearn_mlp,2,Case3,3-2,170,10975.3,15521.846670983283,4546.546670983284
sklearn_mlp,2,Case3,3-2,182,8747.62,11713.874377847891,2966.2543778478903
sklearn_mlp,2,Case3,3-2,183,10931.7,13246.202014205934,2314.502014205933
sklearn_mlp,2,Case3,3-2,190,11737.4,14466.98926273582,2729.5892627358207
sklearn_mlp,2,Case3,3-2,201,8975.94,5362.980306286531,3612.9596937134693
sklearn_mlp,2,Case3,3-2,214,8583.16,7279.682604337132,1303.4773956628678
sklearn_mlp,2,Case3,3-2,219,8860.89,10209.64280565569,1348.7528056556912
sklearn_mlp,2,Case3,3-2,225,8717.82,12752.868962210578,4035.048962210578
sklearn_mlp,2,Case3,3-2,233,8803.36,3611.041795574528,5192.318204425473
sklearn_mlp,2,Case3,3-2,245,7898.81,14112.056889025207,6213.246889025207
sklearn_mlp,2,Case3,3-2,271,10286.4,11164.79634797866,878.3963479786598
sklearn_mlp,2,Case3,3-2,285,9287.2,4379.96505485685,4907.234945143151
sklearn_mlp,2,Case3,3-2,287,8809.84,4118.256611839079,4691.5833881609215
sklearn_mlp,2,Case3,3-3,072,7553.53,14334.88085709354,6781.35085709354
sklearn_mlp,2,Case3,3-3,119,7414.86,14728.259723768528,7313.399723768528
sklearn_mlp,2,Case3,3-3,155,8209.51,14996.48021680614,6786.970216806139
sklearn_mlp,2,Case3,3-3,232,7827.7,13075.830942258968,5248.130942258968
sklearn_mlp,2,Case3,3-3,259,8197.8,14614.727820755415,6416.927820755416
sklearn_mlp,2,Case3,3-3,293,7297.97,13963.559389258418,6665.589389258418
sklearn_mlp,2,Case4,4-2,009,8840.09,3052.872922926704,5787.2170770732955
sklearn_mlp,2,Case4,4-2,017,9433.28,8365.089673860775,1068.1903261392254
sklearn_mlp,2,Case4,4-2,028,10604.54,12665.930045052864,2061.3900450528636
sklearn_mlp,2,Case4,4-2,040,9305.13,7719.06608232318,1586.063917676819
sklearn_mlp,2,Case4,4-2,047,9103.12,8560.682135737487,542.4378642625143
sklearn_mlp,2,Case4,4-2,051,9338.59,7980.472794170254,1358.1172058297461
sklearn_mlp,2,Case4,4-2,057,8697.52,12472.301641316717,3774.7816413167166
sklearn_mlp,2,Case4,4-2,063,10932.6,12060.768240918256,1128.1682409182558
sklearn_mlp,2,Case4,4-2,069,10936.3,14005.783471694245,3069.483471694246
sklearn_mlp,2,Case4,4-2,078,9467.42,7056.390602633347,2411.029397366653
sklearn_mlp,2,Case4,4-2,083,9146.78,13279.303210732378,4132.523210732377
sklearn_mlp,2,Case4,4-2,095,9040.08,7552.86468854175,1487.2153114582497
sklearn_mlp,2,Case4,4-2,102,8864.8,3879.0263028425284,4985.77369715747
sklearn_mlp,2,Case4,4-2,103,8517.72,7313.979095187015,1203.740904812984
sklearn_mlp,2,Case4,4-2,110,8041.65,10732.120431498388,2690.4704314983883
sklearn_mlp,2,Case4,4-2,125,8718.13,11806.071158693336,3087.9411586933365
sklearn_mlp,2,Case4,4-2,144,11873.3,14362.345030186456,2489.0450301864566
sklearn_mlp,2,Case4,4-2,147,8729.84,5050.159678568874,3679.680321431126
sklearn_mlp,2,Case4,4-2,155,8194.12,14899.40710648078,6705.287106480779
sklearn_mlp,2,Case4,4-2,166,8208.83,9673.74014147957,1464.9101414795696
sklearn_mlp,2,Case4,4-2,170,10869.2,15254.134977510039,4384.934977510038
sklearn_mlp,2,Case4,4-2,182,8724.97,11447.356969049462,2722.386969049463
sklearn_mlp,2,Case4,4-2,183,10845.2,13027.262828428604,2182.062828428603
sklearn_mlp,2,Case4,4-2,190,11777.6,14485.454876000313,2707.8548760003123
sklearn_mlp,2,Case4,4-2,201,8923.11,5162.783805097538,3760.3261949024627
sklearn_mlp,2,Case4,4-2,213,11543.1,15111.698546632595,3568.5985466325947
sklearn_mlp,2,Case4,4-2,214,8560.65,6978.083312242153,1582.566687757847
sklearn_mlp,2,Case4,4-2,219,8841.61,9923.456021298869,1081.8460212988684
sklearn_mlp,2,Case4,4-2,225,8700.96,12429.097259885137,3728.1372598851376
sklearn_mlp,2,Case4,4-2,233,8795.54,3277.8517724936305,5517.688227506371
sklearn_mlp,2,Case4,4-2,245,7842.49,13669.46779500672,5826.97779500672
sklearn_mlp,2,Case4,4-2,259,8171.67,14616.574168512285,6444.904168512285
sklearn_mlp,2,Case4,4-2,271,10282.7,11030.478976968276,747.778976968275
sklearn_mlp,2,Case4,4-2,285,9279.79,4189.560329849799,5090.229670150202
sklearn_mlp,2,Case4,4-2,287,8805.29,3785.609990169412,5019.6800098305885
sklearn_mlp,2,Case4,4-3,072,7545.12,14142.937568238438,6597.817568238438
sklearn_mlp,2,Case4,4-3,119,7400.95,14587.867138646074,7186.917138646074
sklearn_mlp,2,Case4,4-3,204,8802.13,13457.050996338701,4654.920996338702
sklearn_mlp,2,Case4,4-3,232,7777.07,12744.970040564393,4967.900040564393
sklearn_mlp,2,Case4,4-3,293,7288.72,13765.447834180168,6476.7278341801675
sklearn_mlp,3,Case2,2-2,008,8202.0,241.83704575777352,7960.162954242226
sklearn_mlp,3,Case2,2-2,015,10652.0,552.6113417483659,10099.388658251633
sklearn_mlp,3,Case2,2-2,024,9413.52,239.68585344973982,9173.83414655026
sklearn_mlp,3,Case2,2-2,048,8691.37,226.352697676882,8465.017302323118
sklearn_mlp,3,Case2,2-2,050,8877.12,122.37514916759704,8754.744850832403
sklearn_mlp,3,Case2,2-2,056,8144.72,31.717807571300572,8113.002192428699
sklearn_mlp,3,Case2,2-2,062,9522.37,93.30916918575197,9429.06083081425
sklearn_mlp,3,Case2,2-2,071,9138.12,337.0705244484165,8801.049475551585
sklearn_mlp,3,Case2,2-2,077,8790.51,23.519685255679914,8766.99031474432
sklearn_mlp,3,Case2,2-2,081,10977.1,583.6920750729614,10393.40792492704
sklearn_mlp,3,Case2,2-2,091,8293.19,278.55656882915036,8014.633431170851
sklearn_mlp,3,Case2,2-2,109,8642.92,71.71455130631209,8571.205448693689
sklearn_mlp,3,Case2,2-2,114,10572.9,415.5985245766636,10157.301475423335
sklearn_mlp,3,Case2,2-2,115,9258.09,38.71739568045323,9219.372604319547
sklearn_mlp,3,Case2,2-2,116,9174.09,209.70053236341303,8964.389467636587
sklearn_mlp,3,Case2,2-2,123,8125.45,233.18602477637805,7892.263975223622
sklearn_mlp,3,Case2,2-2,133,9249.03,81.29551359979979,9167.7344864002
sklearn_mlp,3,Case2,2-2,146,9272.74,271.9962747981157,9000.743725201884
sklearn_mlp,3,Case2,2-2,152,9294.17,84.22310859438089,9209.94689140562
sklearn_mlp,3,Case2,2-2,172,8239.94,201.15680651796959,8038.783193482031
sklearn_mlp,3,Case2,2-2,177,9424.77,84.36735256834133,9340.40264743166
sklearn_mlp,3,Case2,2-2,180,8143.85,184.49202883381687,7959.357971166183
sklearn_mlp,3,Case2,2-2,196,10254.4,288.94391703229695,9965.456082967703
sklearn_mlp,3,Case2,2-2,238,8866.98,60.64290715350014,8806.3370928465
sklearn_mlp,3,Case2,2-2,242,9396.1,378.43802854656093,9017.661971453439
sklearn_mlp,3,Case2,2-2,258,8643.84,35.44078856883344,8608.399211431166
sklearn_mlp,3,Case2,2-2,266,9711.57,181.54460641052353,9530.025393589476
sklearn_mlp,3,Case2,2-2,270,8830.99,201.49636073365176,8629.493639266348
sklearn_mlp,3,Case2,2-2,275,869442.0,54.46600100496003,869387.5339989951
sklearn_mlp,3,Case2,2-2,278,9139.56,95.21276755766277,9044.347232442336
sklearn_mlp,3,Case2,2-2,282,9371.54,106.00620593154507,9265.533794068457
sklearn_mlp,3,Case2,2-2,295,8196.05,234.45424209387775,7961.595757906121
sklearn_mlp,3,Case2,2-3,036,7754.89,344.4471874822226,7410.442812517777
sklearn_mlp,3,Case2,2-3,165,5276.65,200.48558422184126,5076.164415778158
sklearn_mlp,3,Case2,2-3,189,7217.93,317.75544547667334,6900.174554523327
sklearn_mlp,3,Case2,2-3,218,5864.28,254.89079272257536,5609.389207277424
sklearn_mlp,3,Case2,2-3,220,8311.51,337.9749383874529,7973.535061612547
sklearn_mlp,3,Case2,2-3,280,7520.07,296.70258257261526,7223.367417427385
sklearn_mlp,3,Case3,3-2,008,8213.98,240.97745410122914,7973.00254589877
sklearn_mlp,3,Case3,3-2,015,10732.5,558.8768017266962,10173.623198273304
sklearn_mlp,3,Case3,3-2,024,9440.06,244.15271854047987,9195.90728145952
sklearn_mlp,3,Case3,3-2,048,8730.41,220.0133436402057,8510.396656359793
sklearn_mlp,3,Case3,3-2,050,8901.81,118.23573161881401,8783.574268381186
sklearn_mlp,3,Case3,3-2,056,8762.19,28.795171953502585,8733.394828046497
sklearn_mlp,3,Case3,3-2,062,9575.86,93.34033268391384,9482.519667316086
sklearn_mlp,3,Case3,3-2,071,9195.52,343.6633718827835,8851.856628117217
sklearn_mlp,3,Case3,3-2,077,8307.05,23.918680964950912,8283.131319035048
sklearn_mlp,3,Case3,3-2,109,8682.53,68.33735082783524,8614.192649172166
sklearn_mlp,3,Case3,3-2,114,10635.3,417.5685323624309,10217.731467637568
sklearn_mlp,3,Case3,3-2,115,9323.93,40.44231897330231,9283.487681026698
sklearn_mlp,3,Case3,3-2,116,9150.74,208.29590052658753,8942.444099473412
sklearn_mlp,3,Case3,3-2,123,8156.32,231.78111153617246,7924.538888463827
sklearn_mlp,3,Case3,3-2,133,9265.39,79.08196902094318,9186.308030979057
sklearn_mlp,3,Case3,3-2,146,9361.04,278.15226119131756,9082.887738808684
sklearn_mlp,3,Case3,3-2,152,9363.76,85.52084332788512,9278.239156672114
sklearn_mlp,3,Case3,3-2,172,8266.19,195.20764524097785,8070.982354759022
sklearn_mlp,3,Case3,3-2,176,10315.16,306.7566992667548,10008.403300733245
sklearn_mlp,3,Case3,3-2,177,9462.03,83.56789886791917,9378.462101132081
sklearn_mlp,3,Case3,3-2,180,8152.2,182.80664785651643,7969.393352143484
sklearn_mlp,3,Case3,3-2,189,7246.19,319.48120370937545,6926.708796290624
sklearn_mlp,3,Case3,3-2,238,8384.56,61.12017534267283,8323.439824657327
sklearn_mlp,3,Case3,3-2,242,9437.64,381.49705374669657,9056.142946253303
sklearn_mlp,3,Case3,3-2,258,8666.11,32.55704140367263,8633.552958596329
sklearn_mlp,3,Case3,3-2,266,9777.29,183.0587311578567,9594.231268842144
sklearn_mlp,3,Case3,3-2,270,8876.44,195.30713520835442,8681.132864791645
sklearn_mlp,3,Case3,3-2,275,8701.13,51.71687588157371,8649.413124118426
sklearn_mlp,3,Case3,3-2,278,9198.17,89.94609908794008,9108.22390091206
sklearn_mlp,3,Case3,3-2,282,9411.36,105.67925259807022,9305.68074740193
sklearn_mlp,3,Case3,3-2,295,8201.15,228.75713578150985,7972.39286421849
sklearn_mlp,3,Case3,3-3,036,7794.38,344.165395634063,7450.214604365937
sklearn_mlp,3,Case3,3-3,091,8342.49,275.2345310718583,8067.255468928141
sklearn_mlp,3,Case3,3-3,165,5278.12,200.41032544129214,5077.709674558708
sklearn_mlp,3,Case3,3-3,280,7564.28,293.9908104507243,7270.289189549276
sklearn_mlp,3,Case4,4-2,008,8209.52,241.8736650276263,7967.6463349723745
sklearn_mlp,3,Case4,4-2,015,10642.8,551.6701765448443,10091.129823455154
sklearn_mlp,3,Case4,4-2,024,9426.01,240.53407154893355,9185.475928451067
sklearn_mlp,3,Case4,4-2,048,8710.39,221.33853658378493,8489.051463416214
sklearn_mlp,3,Case4,4-2,050,8890.25,119.95265347250864,8770.297346527492
sklearn_mlp,3,Case4,4-2,056,8754.9,29.327036655810467,8725.57296334419
sklearn_mlp,3,Case4,4-2,062,9494.73,89.69144324120826,9405.038556758791
sklearn_mlp,3,Case4,4-2,071,9135.7,337.84171974751723,8797.858280252483
sklearn_mlp,3,Case4,4-2,077,8799.82,23.61283672113979,8776.20716327886
sklearn_mlp,3,Case4,4-2,081,10995.6,584.054484203288,10411.545515796712
sklearn_mlp,3,Case4,4-2,092,13258.17,827.2427522905791,12430.92724770942
sklearn_mlp,3,Case4,4-2,109,8674.95,69.43725382552715,8605.512746174474
sklearn_mlp,3,Case4,4-2,114,10594.3,416.2527568280546,10178.047243171945
sklearn_mlp,3,Case4,4-2,115,9272.93,38.479480846008585,9234.450519153992
sklearn_mlp,3,Case4,4-2,116,9154.84,209.19518545324772,8945.644814546753
sklearn_mlp,3,Case4,4-2,123,8142.56,232.8289795493773,7909.731020450623
sklearn_mlp,3,Case4,4-2,133,9261.06,79.1559531209292,9181.90404687907
sklearn_mlp,3,Case4,4-2,146,9268.35,272.3748898268786,8995.975110173122
sklearn_mlp,3,Case4,4-2,152,9298.31,83.41374253841651,9214.896257461583
sklearn_mlp,3,Case4,4-2,172,8249.43,196.19142605236155,8053.2385739476385
sklearn_mlp,3,Case4,4-2,176,10314.83,307.0045003297649,10007.825499670234
sklearn_mlp,3,Case4,4-2,177,9461.26,83.40453852575594,9377.855461474244
sklearn_mlp,3,Case4,4-2,180,8141.71,182.3048653093181,7959.405134690682
sklearn_mlp,3,Case4,4-2,196,10261.7,290.1925242110872,9971.507475788914
sklearn_mlp,3,Case4,4-2,238,8878.28,60.66631056871465,8817.613689431286
sklearn_mlp,3,Case4,4-2,242,9435.72,381.06903691130344,9054.650963088696
sklearn_mlp,3,Case4,4-2,258,8656.22,33.80050651848875,8622.419493481511
sklearn_mlp,3,Case4,4-2,266,9697.14,178.19274953259887,9518.947250467401
sklearn_mlp,3,Case4,4-2,270,8851.35,196.85181743637523,8654.498182563626
sklearn_mlp,3,Case4,4-2,275,8696.95,50.80882827915318,8646.141171720848
sklearn_mlp,3,Case4,4-2,278,9157.06,92.14474281234884,9064.915257187651
sklearn_mlp,3,Case4,4-2,282,9407.51,105.10739199415472,9302.402608005845
sklearn_mlp,3,Case4,4-2,295,8201.92,228.6306903786381,7973.289309621362
sklearn_mlp,3,Case4,4-3,036,7763.61,343.0078843398565,7420.602115660143
sklearn_mlp,3,Case4,4-3,091,8285.91,276.9968420073362,8008.913157992663
sklearn_mlp,3,Case4,4-3,165,5276.65,196.9709230093765,5079.679076990623
sklearn_mlp,3,Case4,4-3,189,7213.02,320.41025065537485,6892.609749344626
sklearn_mlp,3,Case4,4-3,218,5870.83,253.3748645710423,5617.455135428958
sklearn_mlp,3,Case4,4-3,220,8320.82,336.3198420725397,7984.50015792746
sklearn_mlp,3,Case4,4-3,280,7512.03,293.0994052863307,7218.930594713669
sklearn_mlp,4,Case2,2-2,006,9021.54,8122.0597627227835,899.4802372772174
sklearn_mlp,4,Case2,2-2,014,9183.61,6154.5605979627735,3029.049402037227
sklearn_mlp,4,Case2,2-2,020,8489.01,11975.607368243798,3486.597368243798
sklearn_mlp,4,Case2,2-2,034,8225.8,9294.5891481754,1068.7891481754014
sklearn_mlp,4,Case2,2-2,049,8796.44,6232.381855573914,2564.058144426086
sklearn_mlp,4,Case2,2-2,054,8871.95,7170.48361127273,1701.466388727271
sklearn_mlp,4,Case2,2-2,061,8597.57,11153.98979069715,2556.4197906971494
sklearn_mlp,4,Case2,2-2,076,8048.66,11158.538949666756,3109.878949666756
sklearn_mlp,4,Case2,2-2,079,10970.8,14885.091245583331,3914.291245583332
sklearn_mlp,4,Case2,2-2,090,8927.66,3381.2790078175185,5546.380992182481
sklearn_mlp,4,Case2,2-2,101,8350.83,7556.782110830935,794.0478891690645
sklearn_mlp,4,Case2,2-2,107,8266.96,10321.457461601345,2054.497461601346
sklearn_mlp,4,Case2,2-2,117,9017.6,8337.817267467122,679.7827325328781
sklearn_mlp,4,Case2,2-2,122,9253.62,4866.66729183348,4386.952708166521
sklearn_mlp,4,Case2,2-2,130,8463.5,7983.652200587609,479.8477994123914
sklearn_mlp,4,Case2,2-2,135,11366.2,14759.222137076118,3393.0221370761174
sklearn_mlp,4,Case2,2-2,142,8320.34,8989.884315749703,669.544315749703
sklearn_mlp,4,Case2,2-2,143,11650.0,17563.938027225937,5913.938027225937
sklearn_mlp,4,Case2,2-2,150,8885.36,8072.350708545399,813.0092914546012
sklearn_mlp,4,Case2,2-2,157,8887.81,3665.5071229611895,5222.30287703881
sklearn_mlp,4,Case2,2-2,160,8262.23,9384.80328307844,1122.57328307844
sklearn_mlp,4,Case2,2-2,186,8104.49,10905.641409325392,2801.151409325392
sklearn_mlp,4,Case2,2-2,195,8921.21,9279.238897671941,358.0288976719421
sklearn_mlp,4,Case2,2-2,197,11041.5,12846.16270529423,1804.6627052942295
sklearn_mlp,4,Case2,2-2,207,9311.22,7236.31859040413,2074.901409595869
sklearn_mlp,4,Case2,2-2,217,9206.22,2687.556086829451,6518.663913170549
sklearn_mlp,4,Case2,2-2,222,8793.92,13313.105573847997,4519.185573847997
sklearn_mlp,4,Case2,2-2,251,8173.63,11261.514160421393,3087.884160421393
sklearn_mlp,4,Case2,2-2,254,8557.27,6806.358065236388,1750.9119347636124
sklearn_mlp,4,Case2,2-2,265,9776.91,3364.783060673856,6412.126939326144
sklearn_mlp,4,Case2,2-2,289,8529.16,11903.949641233134,3374.789641233134
sklearn_mlp,4,Case2,2-3,068,6619.6,12563.77591177485,5944.17591177485
sklearn_mlp,4,Case2,2-3,113,7300.42,14510.134207157269,7209.714207157269
sklearn_mlp,4,Case2,2-3,164,5778.96,5535.2085922553815,243.75140774461852
sklearn_mlp,4,Case2,2-3,241,5537.34,3234.472728545301,2302.867271454699
sklearn_mlp,4,Case2,2-3,261,8316.38,13467.481597674938,5151.101597674939
sklearn_mlp,4,Case2,2-3,284,6867.36,10283.195599812196,3415.835599812196
sklearn_mlp,4,Case2,2-3,297,5445.15,2820.144132568298,2625.0058674317015
sklearn_mlp,4,Case3,3-2,006,9061.0,8084.352508011837,976.647491988163
sklearn_mlp,4,Case3,3-2,014,9241.26,6029.814639980257,3211.445360019743
sklearn_mlp,4,Case3,3-2,020,8531.82,11819.722537745616,3287.9025377456164
sklearn_mlp,4,Case3,3-2,034,8279.16,8977.558767546678,698.3987675466778
sklearn_mlp,4,Case3,3-2,049,8827.47,6141.840885843164,2685.6291141568354
sklearn_mlp,4,Case3,3-2,054,8935.62,7092.905255330052,1842.7147446699491
sklearn_mlp,4,Case3,3-2,061,8639.92,11111.607445135294,2471.687445135294
sklearn_mlp,4,Case3,3-2,076,8092.14,11271.312381416974,3179.1723814169736
sklearn_mlp,4,Case3,3-2,090,8941.44,3421.6960803095853,5519.743919690415
sklearn_mlp,4,Case3,3-2,101,8407.21,7679.381787066047,727.8282129339523
sklearn_mlp,4,Case3,3-2,107,8328.72,10395.183180560856,2066.463180560857
sklearn_mlp,4,Case3,3-2,117,9032.8,8285.9920489378,746.8079510621992
sklearn_mlp,4,Case3,3-2,122,9264.56,4853.804256125312,4410.755743874687
sklearn_mlp,4,Case3,3-2,130,8438.46,7792.868226442983,645.5917735570165
sklearn_mlp,4,Case3,3-2,142,8368.03,9102.007767880867,733.9777678808659
sklearn_mlp,4,Case3,3-2,150,8923.98,7976.000253124831,947.9797468751685
sklearn_mlp,4,Case3,3-2,157,8927.15,3649.557250550116,5277.592749449884
sklearn_mlp,4,Case3,3-2,160,8304.78,9377.170110970159,1072.3901109701583
sklearn_mlp,4,Case3,3-2,186,8153.43,10621.967054563225,2468.537054563225
sklearn_mlp,4,Case3,3-2,195,8967.38,9085.751684964238,118.37168496423874
sklearn_mlp,4,Case3,3-2,207,9301.84,7253.832145022004,2048.0078549779964
sklearn_mlp,4,Case3,3-2,217,9277.55,2753.4449488184564,6524.105051181543
sklearn_mlp,4,Case3,3-2,222,8802.55,13346.059435110392,4543.509435110393
sklearn_mlp,4,Case3,3-2,251,8205.18,11013.805777146928,2808.625777146928
sklearn_mlp,4,Case3,3-2,254,8614.23,6505.82992742467,2108.4000725753294
sklearn_mlp,4,Case3,3-2,265,9798.4,3325.959160725465,6472.4408392745345
sklearn_mlp,4,Case3,3-2,289,8561.59,11770.888583233153,3209.2985832331524
sklearn_mlp,4,Case3,3-3,068,6643.69,12437.51645998296,5793.826459982961
sklearn_mlp,4,Case3,3-3,113,7327.34,14640.909046952664,7313.5690469526635
sklearn_mlp,4,Case3,3-3,164,5800.36,5490.919641416221,309.440358583779
sklearn_mlp,4,Case3,3-3,241,5555.97,3518.175942229892,2037.7940577701083
sklearn_mlp,4,Case3,3-3,261,8359.52,13561.97077935419,5202.450779354189
sklearn_mlp,4,Case3,3-3,284,6903.6,10544.289791110014,3640.689791110013
sklearn_mlp,4,Case3,3-3,297,5465.9,2910.3569437360693,2555.5430562639303
sklearn_mlp,4,Case4,4-2,006,9033.2,7728.606357077534,1304.5936429224666
sklearn_mlp,4,Case4,4-2,014,9200.57,5793.972817168248,3406.5971828317515
sklearn_mlp,4,Case4,4-2,020,8493.42,11599.623576779832,3106.2035767798316
sklearn_mlp,4,Case4,4-2,034,8217.77,8673.977500029167,456.2075000291661
sklearn_mlp,4,Case4,4-2,049,8324.09,5806.1745306296025,2517.9154693703977
sklearn_mlp,4,Case4,4-2,054,3858.23,6799.780694840093,2941.550694840093
sklearn_mlp,4,Case4,4-2,061,8594.79,10769.021779515779,2174.231779515778
sklearn_mlp,4,Case4,4-2,076,8047.75,11071.672549544863,3023.9225495448627
sklearn_mlp,4,Case4,4-2,079,10986.1,14896.384792717292,3910.2847927172916
sklearn_mlp,4,Case4,4-2,090,8936.35,3357.103574355152,5579.246425644848
sklearn_mlp,4,Case4,4-2,101,8345.89,7565.511520022027,780.3784799779723
sklearn_mlp,4,Case4,4-2,107,8282.85,10154.150251720572,1871.3002517205714
sklearn_mlp,4,Case4,4-2,117,9020.0,8245.917702960156,774.082297039844
sklearn_mlp,4,Case4,4-2,122,9259.09,4556.998607519229,4702.091392480771
sklearn_mlp,4,Case4,4-2,130,8472.59,7502.97600247193,969.6139975280703
sklearn_mlp,4,Case4,4-2,135,11379.8,14656.133271712903,3276.3332717129033
sklearn_mlp,4,Case4,4-2,139,10651.2,15828.229712712327,5177.029712712327
sklearn_mlp,4,Case4,4-2,142,8323.03,8921.379295625546,598.349295625545
sklearn_mlp,4,Case4,4-2,143,11661.3,17515.396044909365,5854.096044909365
sklearn_mlp,4,Case4,4-2,150,8393.31,7665.148343692234,728.161656307765
sklearn_mlp,4,Case4,4-2,157,8922.35,3597.9989885339673,5324.351011466033
sklearn_mlp,4,Case4,4-2,160,8271.05,9138.432708796343,867.3827087963436
sklearn_mlp,4,Case4,4-2,164,5783.69,5300.906583405017,482.78341659498255
sklearn_mlp,4,Case4,4-2,186,8108.06,10311.862927378475,2203.802927378475
sklearn_mlp,4,Case4,4-2,195,8939.36,8855.918173744989,83.44182625501162
sklearn_mlp,4,Case4,4-2,197,11075.8,12933.93445146871,1858.1344514687116
sklearn_mlp,4,Case4,4-2,207,9303.37,6980.382795159045,2322.987204840956
sklearn_mlp,4,Case4,4-2,217,9207.39,2571.8068033721192,6635.58319662788
sklearn_mlp,4,Case4,4-2,222,8797.77,13074.843273224758,4277.073273224758
sklearn_mlp,4,Case4,4-2,251,8184.93,10722.022129111552,2537.092129111552
sklearn_mlp,4,Case4,4-2,254,8567.25,6154.7238682718935,2412.5261317281065
sklearn_mlp,4,Case4,4-2,255,10433.7,10618.177226310578,184.47722631057695
sklearn_mlp,4,Case4,4-2,261,8297.85,13441.223253504559,5143.373253504558
sklearn_mlp,4,Case4,4-2,265,9524.98,3200.768688630429,6324.2113113695705
sklearn_mlp,4,Case4,4-2,267,10699.2,14807.022336861222,4107.822336861222
sklearn_mlp,4,Case4,4-2,289,8537.58,11532.187479747103,2994.607479747103
sklearn_mlp,4,Case4,4-3,068,6618.99,12188.847493109915,5569.857493109916
sklearn_mlp,4,Case4,4-3,113,7296.78,14524.294859802554,7227.514859802554
sklearn_mlp,4,Case4,4-3,241,5539.4,3567.8300104648497,1971.56998953515
sklearn_mlp,4,Case4,4-3,284,6862.44,10319.681140968714,3457.2411409687147
sklearn_mlp,4,Case4,4-3,297,5450.35,3353.367878097468,2096.9821219025325
sklearn_mlp,5,Case2,2-2,001,8697.15,1553.6862536009432,7143.463746399057
sklearn_mlp,5,Case2,2-2,005,8715.42,1029.6187082187332,7685.801291781267
sklearn_mlp,5,Case2,2-2,012,8310.0,6726.887526200378,1583.1124737996224
sklearn_mlp,5,Case2,2-2,018,10022.7,8988.98010663855,1033.7198933614509
sklearn_mlp,5,Case2,2-2,019,8975.8,4367.507476788791,4608.292523211208
sklearn_mlp,5,Case2,2-2,022,10640.2,12807.030574094857,2166.8305740948563
sklearn_mlp,5,Case2,2-2,053,7984.69,11363.34790384158,3378.657903841581
sklearn_mlp,5,Case2,2-2,065,8961.57,6075.894965729595,2885.6750342704045
sklearn_mlp,5,Case2,2-2,089,8920.29,6694.607152295745,2225.6828477042554
sklearn_mlp,5,Case2,2-2,106,8634.92,7593.773158598239,1041.1468414017609
sklearn_mlp,5,Case2,2-2,121,8402.24,5063.503229259449,3338.736770740551
sklearn_mlp,5,Case2,2-2,149,9353.49,3398.4747053260326,5955.015294673967
sklearn_mlp,5,Case2,2-2,158,8920.42,4348.155905430384,4572.264094569616
sklearn_mlp,5,Case2,2-2,163,8922.57,3561.856345575441,5360.713654424559
sklearn_mlp,5,Case2,2-2,178,9368.01,4700.354713384074,4667.655286615926
sklearn_mlp,5,Case2,2-2,185,9058.71,2203.3355264953775,6855.374473504622
sklearn_mlp,5,Case2,2-2,216,8903.35,6155.32458505879,2748.0254149412103
sklearn_mlp,5,Case2,2-2,224,8314.63,9698.783362620015,1384.1533626200162
sklearn_mlp,5,Case2,2-2,236,9098.7,3026.1036321573047,6072.596367842696
sklearn_mlp,5,Case2,2-2,240,8845.76,4645.703106046581,4200.05689395342
sklearn_mlp,5,Case2,2-2,253,10363.9,11311.273285957437,947.3732859574375
sklearn_mlp,5,Case2,2-2,268,8977.42,6343.687003762312,2633.732996237688
sklearn_mlp,5,Case2,2-2,281,8586.12,3851.3810581905927,4734.738941809408
sklearn_mlp,5,Case2,2-2,288,10817.0,11494.044035923798,677.0440359237982
sklearn_mlp,5,Case2,2-2,290,9332.03,2963.1919746710723,6368.838025328929
sklearn_mlp,5,Case2,2-3,032,6180.54,9635.14978962817,3454.609789628171
sklearn_mlp,5,Case2,2-3,059,5507.95,6604.737106040396,1096.7871060403959
sklearn_mlp,5,Case2,2-3,074,4993.36,3134.37116710632,1858.9888328936795
sklearn_mlp,5,Case2,2-3,098,7968.86,11514.25555019519,3545.3955501951905
sklearn_mlp,5,Case2,2-3,112,6465.49,10455.185208961835,3989.6952089618353
sklearn_mlp,5,Case2,2-3,129,6945.84,11157.29124506225,4211.45124506225
sklearn_mlp,5,Case2,2-3,140,4741.28,549.522571962072,4191.757428037928
sklearn_mlp,5,Case2,2-3,168,4807.71,1239.6485760186426,3568.0614239813576
sklearn_mlp,5,Case2,2-3,171,6380.88,9439.233321818889,3058.3533218188886
sklearn_mlp,5,Case2,2-3,194,6403.58,9458.072416783429,3054.492416783429
sklearn_mlp,5,Case2,2-3,249,6042.45,8388.274242695106,2345.8242426951065
sklearn_mlp,5,Case2,2-3,263,6464.17,10983.606134507938,4519.436134507938
sklearn_mlp,5,Case2,2-3,274,9485.0,3263.4236809609965,6221.5763190390035
sklearn_mlp,5,Case3,3-2,001,8768.69,1434.0190191373308,7334.670980862669
sklearn_mlp,5,Case3,3-2,005,8734.73,1008.6572907569282,7726.072709243072
sklearn_mlp,5,Case3,3-2,012,8354.82,6412.0562288555275,1942.7637711444722
sklearn_mlp,5,Case3,3-2,013,10196.5,9143.68843248849,1052.8115675115096
sklearn_mlp,5,Case3,3-2,018,10050.5,9011.636178669798,1038.863821330202
sklearn_mlp,5,Case3,3-2,019,8984.98,4312.505208186211,4672.474791813788
sklearn_mlp,5,Case3,3-2,053,7996.97,11109.218583171632,3112.248583171632
sklearn_mlp,5,Case3,3-2,065,9023.73,6033.004137452815,2990.725862547185
sklearn_mlp,5,Case3,3-2,089,8934.33,6478.098845563331,2456.2311544366685
sklearn_mlp,5,Case3,3-2,106,8663.29,7350.426324454304,1312.8636755456964
sklearn_mlp,5,Case3,3-2,121,8426.2,4765.171638604205,3661.0283613957954
sklearn_mlp,5,Case3,3-2,145,11377.85,4186.022712705014,7191.8272872949865
sklearn_mlp,5,Case3,3-2,149,9398.75,3364.8510846722465,6033.8989153277535
sklearn_mlp,5,Case3,3-2,158,8940.4,4117.817091226972,4822.582908773028
sklearn_mlp,5,Case3,3-2,163,8933.41,3490.2777318964145,5443.132268103585
sklearn_mlp,5,Case3,3-2,178,9434.99,4772.8180574061,4662.1719425939
sklearn_mlp,5,Case3,3-2,185,9103.53,1963.5345410208604,7139.9954589791405
sklearn_mlp,5,Case3,3-2,216,8948.98,5881.522354189111,3067.4576458108886
sklearn_mlp,5,Case3,3-2,236,913357.0,2818.824887691314,910538.1751123087
sklearn_mlp,5,Case3,3-2,240,8911.41,4617.810665099555,4293.599334900445
sklearn_mlp,5,Case3,3-2,268,9018.86,6359.864449651394,2658.9955503486062
sklearn_mlp,5,Case3,3-2,274,9496.66,3309.8116815215403,6186.84831847846
sklearn_mlp,5,Case3,3-2,281,8646.6,3453.97313475498,5192.62686524502
sklearn_mlp,5,Case3,3-2,290,9327.12,2815.855395604446,6511.264604395555
sklearn_mlp,5,Case3,3-3,032,6208.82,9534.760094628755,3325.940094628755
sklearn_mlp,5,Case3,3-3,059,5522.86,6761.903034943301,1239.0430349433009
sklearn_mlp,5,Case3,3-3,074,5000.25,4319.148406989322,681.1015930106778
sklearn_mlp,5,Case3,3-3,098,8001.33,11392.845303571996,3391.515303571996
sklearn_mlp,5,Case3,3-3,112,6473.95,10450.588915845883,3976.6389158458833
sklearn_mlp,5,Case3,3-3,129,6982.28,11250.61751075514,4268.337510755141
sklearn_mlp,5,Case3,3-3,140,4741.93,450.99828597033405,4290.931714029666
sklearn_mlp,5,Case3,3-3,168,4804.88,2356.9886063790054,2447.8913936209947
sklearn_mlp,5,Case3,3-3,194,6436.39,9365.088566488464,2928.698566488464
sklearn_mlp,5,Case3,3-3,249,6069.85,8479.35178959241,2409.50178959241
sklearn_mlp,5,Case3,3-3,263,6481.85,10853.032035284008,4371.182035284008
sklearn_mlp,5,Case4,4-2,001,8706.62,1568.0329102447415,7138.5870897552595
sklearn_mlp,5,Case4,4-2,005,8727.04,985.7124190840543,7741.327580915947
sklearn_mlp,5,Case4,4-2,012,8317.72,6432.023351042633,1885.696648957366
sklearn_mlp,5,Case4,4-2,018,10046.6,8992.611017447796,1053.988982552204
sklearn_mlp,5,Case4,4-2,019,8979.49,4295.180695003803,4684.309304996197
sklearn_mlp,5,Case4,4-2,022,10657.4,12763.630103355003,2106.230103355003
sklearn_mlp,5,Case4,4-2,053,7985.48,11118.780723670816,3133.3007236708163
sklearn_mlp,5,Case4,4-2,065,8972.73,5931.746915171502,3040.9830848284973
sklearn_mlp,5,Case4,4-2,089,8926.04,6478.586717852079,2447.4532821479215
sklearn_mlp,5,Case4,4-2,106,8645.4,7405.39605713775,1240.0039428622495
sklearn_mlp,5,Case4,4-2,121,8411.86,4780.644070381109,3631.215929618892
sklearn_mlp,5,Case4,4-2,145,11283.35,4033.6022568569706,7249.74774314303
sklearn_mlp,5,Case4,4-2,149,9364.37,3338.191827463696,6026.178172536305
sklearn_mlp,5,Case4,4-2,158,8928.6,4126.271607682338,4802.328392317662
sklearn_mlp,5,Case4,4-2,163,8926.04,3472.662605863944,5453.377394136057
sklearn_mlp,5,Case4,4-2,178,9373.68,4647.341040281094,4726.338959718906
sklearn_mlp,5,Case4,4-2,185,9093.44,1983.2470354157888,7110.192964584212
sklearn_mlp,5,Case4,4-2,216,8916.43,5933.936689368194,2982.4933106318067
sklearn_mlp,5,Case4,4-2,224,8303.52,9524.19655630299,1220.6765563029894
sklearn_mlp,5,Case4,4-2,230,9913.11,8915.32389764521,997.7861023547903
sklearn_mlp,5,Case4,4-2,236,9108.33,2842.2764216165674,6266.053578383433
sklearn_mlp,5,Case4,4-2,240,8846.73,4472.772722891181,4373.957277108819
sklearn_mlp,5,Case4,4-2,253,10393.1,11244.37814864726,851.2781486472595
sklearn_mlp,5,Case4,4-2,268,9016.19,6337.769802677506,2678.4201973224945
sklearn_mlp,5,Case4,4-2,274,9495.92,3303.471567003732,6192.448432996268
sklearn_mlp,5,Case4,4-2,281,8595.56,3462.6248600242598,5132.93513997574
sklearn_mlp,5,Case4,4-2,288,10824.8,11461.849414773695,637.0494147736954
sklearn_mlp,5,Case4,4-2,290,9327.11,2831.478709668071,6495.631290331929
sklearn_mlp,5,Case4,4-3,032,6183.72,9415.018122378247,3231.298122378247
sklearn_mlp,5,Case4,4-3,059,5509.38,6694.901391802327,1185.5213918023273
sklearn_mlp,5,Case4,4-3,074,4996.97,4837.768951849187,159.20104815081322
sklearn_mlp,5,Case4,4-3,098,7968.58,11392.685614493015,3424.1056144930153
sklearn_mlp,5,Case4,4-3,112,6466.69,10397.420794391628,3930.7307943916285
sklearn_mlp,5,Case4,4-3,129,6939.89,11205.885127067113,4265.995127067113
sklearn_mlp,5,Case4,4-3,140,4741.89,451.28429422037595,4290.605705779624
sklearn_mlp,5,Case4,4-3,168,4803.74,3384.675836128895,1419.064163871105
sklearn_mlp,5,Case4,4-3,171,6386.73,9212.168279795196,2825.4382797951966
sklearn_mlp,5,Case4,4-3,194,6409.51,9241.916677593275,2832.406677593275
sklearn_mlp,5,Case4,4-3,249,6046.94,8336.451606964956,2289.5116069649566
sklearn_mlp,5,Case4,4-3,263,6464.78,10765.334460109616,4300.554460109616
