case,test_id,label,theta1,theta2,pt,n_points,transition_index,transition_x_ratio,transition_load_ratio,post_points,post_fraction,pre_slope,post_slope_full,post_slope_early,post_slope_tail,post_slope_ratio,post_slope_drop,post_r2,post_nrmse,tail_r2,quad_a,abs_quad_a,slope_drift,mean_abs_curvature,max_abs_curvature,data_quality_code
Case3,Test_001,2,11.0,49.0,11016.5431411,1001,98,0.098,0.2777265925601691,883,0.8821178821178821,809667.5211031429,200888.41287111526,291042.26066371764,150637.01130892,0.5175777942536403,0.48242220574635974,0.9891660338084037,0.029299288850951344,0.9997821685360193,-0.3858641929669953,0.3858641929669953,0.6787663215656701,1.1026044469429337,9.040559779619002,0
Case3,Test_002,2,-15.0,-71.0,11700.1177156,1001,113,0.113,0.29588972683405973,868,0.8671328671328671,745325.7116151128,200651.34718063762,276773.7159301482,154147.11038206785,0.5569427352016739,0.4430572647983261,0.9913542893576271,0.026339650506633245,0.9998163716857646,-0.3486786472260854,0.3486786472260854,0.5977867195745855,0.973487911817831,8.410178036821662,0
Case3,Test_003,2,-88.0,11.0,10710.2722324,1001,98,0.098,0.2668873013212661,883,0.8821178821178821,794600.352672466,208769.50405974977,291584.26587501937,154658.90781921402,0.5304089620717218,0.4695910379282781,0.9894666127410906,0.029155328827092177,0.9997654125437399,-0.3871340090604689,0.3871340090604689,0.642522572473989,0.9979506714427991,8.857724449446664,0
Case3,Test_004,2,-25.0,-46.0,12392.9921577,1001,182,0.182,0.40335683095862485,799,0.7982017982017982,482389.0362067617,142796.83172427124,193695.50411038336,116152.59010743325,0.599665906758683,0.400334093241317,0.9938533056074832,0.022112250579466756,0.9998891274125655,-0.2898202216454832,0.2898202216454832,0.5294220758335586,0.8998642501781599,6.584720613433888,0
Case3,Test_005,2,32.0,27.0,11379.7484883,1001,149,0.149,0.3717949994311036,832,0.8311688311688312,535061.6070171148,144498.06415125527,198244.1473276339,112200.74258814247,0.5659725348799866,0.43402746512001344,0.9919067064311208,0.025493152170395314,0.9998240476752611,-0.33707805849693556,0.33707805849693556,0.5824394711529184,0.9183376439940475,7.334985860385018,0
Case3,Test_006,1,-76.0,-52.0,11416.5282671,1001,512,0.512,0.7335349254098726,469,0.46853146853146854,155944.11054061868,55548.03661290933,61099.00469858907,52457.879732777066,0.8585717556539583,0.14142824434604173,0.9995032808568018,0.006400044402896457,0.9999913153341092,-0.08403041124145945,0.08403041124145945,0.15439780311546517,0.2808187430426231,2.2405473395056674,0
Case3,Test_007,2,-66.0,-12.0,11246.0538027,1001,105,0.105,0.2786579352250505,876,0.8751248751248751,773479.2899313307,207014.50794184586,290888.4847146314,157481.04208890896,0.5413794301393596,0.4586205698606404,0.990511827787788,0.02752524617123352,0.9998028648801589,-0.3637267649145455,0.3637267649145455,0.6287380911519885,1.0323552581256037,8.883161273415112,0
Case3,Test_008,1,-43.0,77.0,13800.9876706,1001,395,0.395,0.6629026556974721,586,0.5854145854145855,243675.71475959895,77796.75861109474,80639.60223639706,72087.9158522261,0.8939517786917962,0.10604822130820374,0.9994557759605053,0.006825247613988276,0.9999789726460389,-0.08957451852294869,0.08957451852294869,0.11797872238652982,0.8088321698981826,43.036899159357375,0
Case3,Test_009,1,75.0,40.0,13748.8356,1001,347,0.347,0.5597620064767611,634,0.6333666333666333,276457.35707219184,106611.36300263737,135118.57857471096,92580.30650842903,0.6851782152018325,0.31482178479816747,0.9966498654283587,0.01641526173681151,0.9999584610620049,-0.21413893934420192,0.21413893934420192,0.3909802985988868,0.6068984673752906,2.723224448896133,0
Case3,Test_010,1,-63.0,87.0,7961.14295199,1001,468,0.468,0.6919100433608076,513,0.5124875124875125,117298.9527826384,43435.65318909829,48106.95233425623,41136.7936674766,0.8551111985155566,0.14488880148444333,0.9994972484026559,0.006426160077420703,0.9999926599757953,-0.083612370568012,0.083612370568012,0.1590561209523542,0.3095881969748027,2.879694313411221,0
Case3,Test_011,2,-72.0,-8.0,10880.1311718,1001,96,0.096,0.26363827928819344,885,0.8841158841158842,821254.1997867731,214131.00246634224,303736.5780556116,159831.4835844119,0.5262174368578951,0.47378256314210493,0.989393132669701,0.029131934235450137,0.9997750201011079,-0.38547490754407737,0.38547490754407737,0.6562588664994284,1.0461673719061757,8.973064066093116,0
Case3,Test_012,1,-84.0,47.0,11807.1005286,1001,394,0.394,0.6452454671363672,587,0.5864135864135864,211010.64162302905,70256.49373896232,77842.85221476141,64946.30593172322,0.834325876864612,0.165674123135388,0.999213899124151,0.008063290138756103,0.9999815241235539,-0.10718711534395266,0.10718711534395266,0.1825234586517176,0.31055404767628375,2.859100303469063,0
Case3,Test_013,1,57.0,48.0,15150.7104033,1001,754,0.754,0.8523184529934446,227,0.22677322677322678,138368.65221336196,69228.96425965818,80841.86658333609,61576.391171264535,0.7616893792004211,0.23831062079957885,0.9980610628988531,0.012674771709040368,0.9999719415082186,-0.16722442191450723,0.16722442191450723,0.27546119974889893,0.35128384841313276,0.6690981670317342,0
Case3,Test_014,1,54.0,51.0,14087.4922414,1001,762,0.762,0.888399307363726,219,0.21878121878121878,125280.56407483129,48524.87582263887,50725.119391024666,47302.593670174225,0.9325279908270453,0.06747200917295475,0.9999035781900218,0.002837942594885843,0.9999980721340087,-0.03703853082936662,0.03703853082936662,0.07018532805433879,0.1310794070308518,1.045673082445063,0
Case3,Test_015,2,17.0,33.0,10147.0146016,1001,89,0.089,0.277757305736626,892,0.8911088911088911,812226.6260068895,183323.52155274517,273542.2115548121,130698.89384813095,0.4778015543021288,0.5221984456978712,0.9858570943159995,0.03354539804837435,0.9996904067083049,-0.44287949996835735,0.44287949996835735,0.7562505721727713,1.1139182921302804,7.339172464351805,0
Case3,Test_016,1,52.0,44.0,15389.4510576,1001,675,0.675,0.8157766635456825,306,0.30569430569430567,158415.75954681134,69408.23972590968,81318.22582886319,62721.7697633112,0.7713125701403173,0.2286874298596827,0.998299685596778,0.011820936978014014,0.9999820919098864,-0.15511261666135878,0.15511261666135878,0.2647336559982942,0.35761693988064036,0.9513901938838387,0
Case3,Test_017,2,-41.0,73.0,14066.9083979,1001,378,0.378,0.5915859140455423,603,0.6023976023976024,259842.6325349362,100477.81136154098,126924.8187042974,87680.84086593041,0.6908092661546715,0.3091907338453285,0.9967730809754286,0.016113642657400423,0.9999633573636747,-0.20991347474938754,0.20991347474938754,0.38274779333332265,0.585471961135988,2.4774818387589335,0
Case3,Test_018,2,88.0,18.0,11268.6646619,1001,117,0.117,0.29517292341888685,864,0.8631368631368631,696898.171929671,195160.89060327943,264898.2203749685,150247.20824483136,0.5671884395151978,0.4328115604848022,0.9918547281360521,0.02563715898447996,0.9998159501920659,-0.3402264792832981,0.3402264792832981,0.5762624244768503,0.9340409785578208,8.241999933133911,0
Case3,Test_019,2,-28.0,-86.0,12696.7037594,1001,175,0.175,0.38209649726596717,806,0.8051948051948052,516888.62729616906,160326.5628798649,207746.3011315789,131072.59589953456,0.6309262556569802,0.3690737443430197,0.9948510997062163,0.020399943833634693,0.9998871489186607,-0.2700795398885616,0.2700795398885616,0.470041604673317,0.7760060811494482,5.776206656801492,0
Case3,Test_020,2,-15.0,-39.0,10465.3629268,1001,95,0.095,0.2814116657623996,886,0.8851148851148851,784896.262258919,186613.26175197,275775.8418414099,136618.57066015337,0.49539716658255534,0.5046028334174447,0.9874203140316036,0.03156555749257108,0.9997443649498952,-0.4158254097930211,0.4158254097930211,0.7232012555913504,1.1302808530433592,9.0000203369259,0
Case3,Test_021,2,-2.0,-69.0,10946.161437,1001,91,0.091,0.2597786247813854,890,0.8891108891108891,870312.901467958,218085.15393202074,312531.5918201914,161449.87037981572,0.5165873614232975,0.48341263857670247,0.9887258135150306,0.030013334068033623,0.9997617964095352,-0.39690496940157716,0.39690496940157716,0.6757230040164506,1.0633370247685026,9.012639703862533,0
Case3,Test_022,2,-19.0,-70.0,12126.1621855,1001,130,0.13,0.32070359018477274,851,0.8501498501498501,672173.6112344642,188781.3654635045,255526.1852170601,148213.4903927096,0.5800324936045504,0.4199675063954495,0.9926235718821201,0.02434312853188571,0.9998429776636655,-0.32213205964588765,0.32213205964588765,0.556714900859306,0.9220207987016042,7.733321401986245,0
Case3,Test_023,2,-49.0,30.0,13141.5343455,1001,258,0.258,0.4851232919030744,723,0.7222777222777222,358822.9439653926,120182.07113119014,157350.93391574835,101867.1137388872,0.6473880466030835,0.35261195339691653,0.9956395699387091,0.01865852313556778,0.9999342849732089,-0.24336409402996867,0.24336409402996867,0.4509872704055961,0.7489374794803324,4.464900963701211,0
Case3,Test_024,2,59.0,-11.0,11242.0417724,1001,104,0.104,0.27825920909357316,877,0.8761238761238761,783359.2490623356,206623.68291220703,292830.7009412847,156960.87610108845,0.5360123634460056,0.4639876365539945,0.9902703432413863,0.027832872034635636,0.9998012579036327,-0.36728071393432415,0.36728071393432415,0.6405319313498027,1.0515481318766355,8.739681858552444,0
Case3,Test_025,2,-11.0,53.0,11303.2786439,1001,102,0.102,0.2821898810872847,879,0.8781218781218781,800452.0147041571,202899.25995312483,290354.6907051001,153420.6150054164,0.5283903443503817,0.4716096556496183,0.9898608079448978,0.02837964300688215,0.9997950783488389,-0.3741049598196608,0.3741049598196608,0.6564305699197491,1.0722123548667368,8.7940632406237,0
Case3,Test_026,1,-56.0,40.0,14645.6488478,1001,492,0.492,0.6879750025379074,489,0.4885114885114885,207429.86247270208,84661.12428882573,103293.45106859719,75158.33312944087,0.7276195378497734,0.2723804621502266,0.9975503103223508,0.014104694686184591,0.9999743659505014,-0.18439013244045313,0.18439013244045313,0.3269475129413473,0.472095207654925,1.6704582231796508,0
Case3,Test_027,2,62.0,-28.0,13035.0377729,1001,205,0.205,0.4173152769436076,776,0.7752247752247752,450909.7363284685,146631.59356295422,191621.1809566038,121906.75261640508,0.6361862086843789,0.36381379131562114,0.9951902232877448,0.019641452290284783,0.9999103051230909,-0.25826227698403575,0.25826227698403575,0.46563794768983535,0.7855748138259898,5.373711711186274,0
Case3,Test_028,2,-60.0,15.0,11649.3161919,1001,117,0.117,0.299018398039018,864,0.8631368631368631,718662.8248304358,196947.54245163177,274170.7240631101,152243.19045504325,0.5552860940032354,0.4447139059967646,0.9914411339417326,0.026134616871617777,0.9998260549175118,-0.3449639438590469,0.3449639438590469,0.6040008533137556,0.9998665936811143,8.130257937211468,0
Case3,Test_029,2,-86.0,4.0,10320.7757557,1001,89,0.089,0.2518332516140689,892,0.8911088911088911,849057.2868093617,214772.68320805847,306100.0061470452,155171.4042500002,0.5069304186013591,0.49306958139864093,0.9876193605980412,0.031597811248704366,0.9997327517233564,-0.41947967657147417,0.41947967657147417,0.6874941785659064,1.0425078048778373,9.278099146424779,0
Case3,Test_030,2,-45.0,-21.0,11546.7100145,1001,142,0.142,0.34425408987140366,839,0.8381618381618382,581612.1365942258,162754.4709472956,227080.38683985866,127796.05313265501,0.5627789123980099,0.43722108760199013,0.9919963411853603,0.025213342986759337,0.9998478279167364,-0.3314386498815245,0.3314386498815245,0.5938749526512508,0.990806066543873,7.630579980032962,0
Case3,Test_031,1,39.0,-42.0,15017.7750069,1001,466,0.466,0.6941493504047734,515,0.5144855144855145,223244.46366455383,79371.92267452262,98298.4255218539,71376.05086870995,0.7261159117227314,0.2738840882772687,0.9976713830218434,0.013678847916358495,0.9999807441006343,-0.17595309323994662,0.17595309323994662,0.3325300559566594,0.5414498851179947,2.8637456615624615,0
Case3,Test_032,2,-68.0,32.0,13277.3287505,1001,238,0.238,0.4537925070196182,743,0.7422577422577422,392953.92297756753,134666.2501547121,173768.97393367568,113749.21830140032,0.6546002760240516,0.3453997239759484,0.9958049482016289,0.018354700958736096,0.9999286393918216,-0.2409053780799408,0.2409053780799408,0.43671480356952314,0.7261292633128019,4.583688775468204,0
Case3,Test_033,2,30.0,-72.0,13215.3548123,1001,207,0.207,0.4222923026698353,774,0.7732267732267732,452271.0907841686,146488.0932736253,189250.20998280196,122270.1847900711,0.6460768778073344,0.3539231221926657,0.9955002860583075,0.019029046086433826,0.9999140082382678,-0.2507086422734109,0.2507086422734109,0.44852919219318105,0.7571047307047815,5.447325695648374,0
Case3,Test_034,1,65.0,-56.0,12354.3019315,1001,735,0.735,0.8727192551108829,246,0.24575424575424576,115413.9375960239,43638.667504841134,50033.88078007769,41296.72863194656,0.8253752854683608,0.1746247145316392,0.999220380986026,0.007982101976427876,0.999996436496525,-0.10083706466336019,0.10083706466336019,0.19735386510536884,0.32932885605573975,1.7677577329509973,0
Case3,Test_035,1,62.0,45.0,14991.9020856,1001,610,0.61,0.7650622199491957,371,0.3706293706293706,171004.8144301419,76628.68788955793,90494.15509991278,68570.83598754,0.7577377335788408,0.24226226642115922,0.9980389898798823,0.012688126008607801,0.9999771211674681,-0.16699173666057499,0.16699173666057499,0.28271318918554783,0.3781346887454267,0.9403532316465544,0
Case3,Test_036,1,-51.0,58.0,13740.0927033,1001,731,0.731,0.8693990161853027,250,0.24975024975024976,126960.02390484046,50271.92940605573,48998.49627421998,49435.31510981448,1.0089149436984728,-0.008914943698472837,0.9999822182919443,0.0012293776159018118,0.9999970037509,-0.00498817253379829,0.00498817253379829,0.03412066526482041,0.1147677776944345,1.3526519900799059,0
Case3,Test_037,1,82.0,-75.0,6153.88558573,1001,427,0.427,0.6535824076757201,554,0.5534465534465535,98901.16068223496,37300.995985713256,40505.7592802153,35518.76459193935,0.8768818366352211,0.12311816336477885,0.9996375567962744,0.005469324055508566,0.999993247118668,-0.07181361900649647,0.07181361900649647,0.13283388408678817,0.2606387379407025,2.7857145230067886,0
Case3,Test_038,1,-37.0,59.0,14336.8383295,1001,377,0.377,0.5976741216932252,604,0.6033966033966034,266023.8815857618,99817.11223502291,124806.3979342345,87479.4691769533,0.7009213519891002,0.29907864801089973,0.9970519293742671,0.015417639369779041,0.9999639082462347,-0.20114072321234544,0.20114072321234544,0.3669005466131509,0.5725411612819599,2.7101159264869352,0
Case3,Test_039,2,-35.0,-29.0,12075.4754961,1001,193,0.193,0.4264181760938977,788,0.7872127872127872,439379.2431581648,128740.42700860128,172764.649583008,103930.28971754509,0.6015715018575594,0.3984284981424406,0.99373411230434,0.02240724793872346,0.9998783372685894,-0.2951374872751405,0.2951374872751405,0.5228953313540408,0.8496429568095837,6.358374476685981,0
Case3,Test_040,2,84.0,24.0,11962.4358869,1001,146,0.146,0.337588871589657,835,0.8341658341658341,586745.8851531779,176372.93833769538,233486.1645358371,140906.3064758941,0.6034888908985732,0.3965111091014269,0.9937257592474811,0.022490890175320556,0.9998608354671075,-0.29790660205019276,0.29790660205019276,0.5155570070750842,0.8620489603264134,7.163000296818723,0
Case3,Test_041,2,12.0,88.0,10994.1085219,1001,100,0.1,0.27455960330571305,881,0.8801198801198801,797319.4860149294,206794.19457421525,286677.6581048314,153884.41174364727,0.5367855059265738,0.46321449407342624,0.9898259039774062,0.028687536669150943,0.999769915318681,-0.38111148256282057,0.38111148256282057,0.6297522704317583,0.9525547247045697,7.717364645382077,0
Case3,Test_042,2,-80.0,36.0,13227.6951324,1001,263,0.263,0.47793709540273005,718,0.7172827172827173,353092.04187100305,126042.5690646102,161510.16843237384,107449.69983505874,0.665281331063989,0.33471866893601093,0.9961362130421292,0.0176209287921765,0.9999378839052933,-0.23093154112877498,0.23093154112877498,0.4203523623117571,0.6879380303575335,3.9365745822653935,0
Case3,Test_043,1,90.0,52.0,10254.8851689,1001,418,0.418,0.6580325721995126,563,0.5624375624375625,171635.29392519878,59611.94778681185,67512.47874140539,55448.77299094686,0.8213114675189691,0.1786885324810309,0.9991761830487463,0.008213564021433667,0.999986437376483,-0.10749656223297689,0.10749656223297689,0.20034185540389893,0.38078589954027137,3.340825582836146,0
Case3,Test_044,2,-83.0,8.0,10548.5869583,1001,93,0.093,0.25880484850606555,888,0.8871128871128872,824346.779758214,212773.91802210073,300753.0647552609,156229.08790216452,0.5194596704419177,0.4805403295580824,0.9887065897168165,0.03015545561605938,0.9997547170784069,-0.40012519137837416,0.40012519137837416,0.6644726172734424,1.0301916393425208,9.205418535265835,0
Case3,Test_045,2,77.0,-20.0,11758.3743013,1001,129,0.129,0.3143995373792961,852,0.8511488511488512,654461.8503041487,188613.07444948587,254718.71106394834,147861.9451144776,0.5804911013284617,0.4195088986715383,0.9926360646798383,0.02433704747684265,0.999840845662675,-0.32229219500280853,0.32229219500280853,0.5551532748593253,0.9194831534962502,7.785711221024826,0
Case3,Test_046,1,56.0,-82.0,9755.35869186,1001,474,0.474,0.7036253742140864,507,0.5064935064935064,142823.60149346667,50859.81443981069,56940.546299767004,47925.846438136025,0.8416822379228233,0.15831776207717674,0.99939252385458,0.007055484688704171,0.9999913266101729,-0.09163495538867476,0.09163495538867476,0.1754913343843318,0.3426663799475312,3.038025154182037,0
Case3,Test_047,2,-33.0,64.0,13728.3061273,1001,267,0.267,0.49102054299001946,714,0.7132867132867133,361850.798211456,124684.69232407094,159466.6234775895,106524.16601041918,0.6680028941942792,0.33199710580572084,0.9962341519657512,0.01739485625405971,0.9999394533396732,-0.22789778147294062,0.22789778147294062,0.4161509080192859,0.6921210891892212,4.273006010020481,0
Case3,Test_048,3,-23.0,-2.0,7396.39157645,1001,40,0.04,0.1801289735630817,941,0.9400599400599401,1329753.8528251853,215865.9877958514,382292.6027158015,124894.65335523203,0.3266991107543858,0.6733008892456143,0.969258226344114,0.04886988687539274,0.9986896751120117,-0.6419069778994914,0.6419069778994914,1.1346184218765825,1.6532430078807419,8.749616620915958,0
Case3,Test_049,2,4.0,78.0,10746.0495732,1001,90,0.09,0.2586495075474595,891,0.8901098901098901,864015.0403708348,215996.29490079402,307780.8492665168,158007.57849336806,0.5133769007068548,0.4866230992931452,0.9882599629796309,0.03072143942925299,0.9997473736491014,-0.40728936492205864,0.40728936492205864,0.6775621047694145,1.0337761695390706,8.875647710348403,0
Case3,Test_050,2,-13.0,60.0,11613.9478453,1001,109,0.109,0.2911079065221663,872,0.8711288711288712,767328.6183874467,201840.03714645337,282937.2437342701,154652.7447787271,0.546597339882106,0.45340266011789404,0.9909013482635091,0.026939246750091652,0.99981298095201,-0.35568620295323083,0.35568620295323083,0.6198633794055513,1.0275276750970217,8.860938571135193,0
Case3,Test_051,2,-54.0,22.0,12202.1882605,1001,155,0.155,0.35686740391551436,826,0.8251748251748252,561903.8493269656,165843.37113074507,225171.51497084182,133117.4560635611,0.5911824862962747,0.40881751370372527,0.9934068665763733,0.022928435283770813,0.9998710032720606,-0.30163045742204536,0.30163045742204536,0.5418904762865007,0.9255701938954383,7.098594414476793,0
Case3,Test_052,3,14.0,-3.0,6306.63837996,1001,29,0.029,0.15707362831143312,952,0.951048951048951,1554799.7745563665,212585.46562373222,404690.8262208894,103532.70945983942,0.2558316194776526,0.7441683805223474,0.9587169986737248,0.0565832822304524,0.9963667963147581,-0.7442478328131773,0.7442478328131773,1.3400648342059094,1.9894775305841954,9.461616366467979,0
Case3,Test_053,2,-67.0,23.0,12333.052393,1001,153,0.153,0.34913912013670373,828,0.8271728271728271,576120.2287395777,173577.4546578172,232099.63518079405,139568.6946449042,0.6013309522705071,0.3986690477294928,0.9937495495734268,0.022386202714510323,0.9998736111561094,-0.29548191459983764,0.29548191459983764,0.521838938902776,0.884594678790725,7.0329648707805745,0
Case3,Test_054,2,-36.0,-80.0,13387.5401103,1001,263,0.263,0.48244778696957885,718,0.7172827172827173,358397.67319009017,125188.39263333108,160067.87991191243,106768.13438544607,0.6670178579500275,0.33298214204997245,0.9961887043028547,0.01750600366520922,0.9999375253768296,-0.229537820810756,0.229537820810756,0.417403706310024,0.6853514065345964,4.018245484541239,0
Case3,Test_055,1,69.0,-62.0,10398.0207424,1001,682,0.682,0.8392386046756933,299,0.2987012987012987,104937.86904559379,40677.795595275966,45380.16334045141,38685.558366943034,0.8524772834490688,0.14752271655093122,0.9994546879145846,0.006696699781457326,0.9999962822137262,-0.08600464967966427,0.08600464967966427,0.16283040061210582,0.26493874243206883,1.4218276598778345,0
Case3,Test_056,1,88.0,-61.0,8280.19797932,1001,468,0.468,0.6880735360703405,513,0.5124875124875125,122753.32528981667,45923.52047776702,52073.1549484879,43128.90572343667,0.8282368480669338,0.1717631519330663,0.9992652624996362,0.007748647771782667,0.9999914773032317,-0.1002021508111263,0.1002021508111263,0.1925465474403715,0.35641588939761853,2.7522465195313544,0
Case3,Test_057,1,-85.0,56.0,9493.64421018,1001,461,0.461,0.6879466657222524,520,0.5194805194805194,143688.73611020637,51911.82169043691,58817.48320687961,48621.20649170057,0.8266454775136243,0.17335452248637576,0.9992420613371055,0.007872888479192226,0.9999899694688552,-0.10219804119423878,0.10219804119423878,0.19440427926195017,0.3607832156689116,2.808405819641962,0
Case3,Test_058,1,46.0,41.0,15249.0629269,1001,570,0.57,0.7578966265163407,411,0.41058941058941056,186486.1182599222,73090.95165621469,88082.96694350388,66039.50476882282,0.7497420563862289,0.2502579436137711,0.9980081233500873,0.012718763468208076,0.9999840885474972,-0.1651557085337546,0.1651557085337546,0.29669040471469454,0.43587126110079366,1.6456084148337595,0
Case3,Test_059,2,34.0,-32.0,12712.5665375,1001,224,0.224,0.468535654491253,757,0.7562437562437563,394461.32410716004,119225.52764759959,155833.19069180224,98615.31176779537,0.6328261093160247,0.36717389068397527,0.9949678796674537,0.020120953063340163,0.9999034221926164,-0.2649395731249489,0.2649395731249489,0.47036081796046086,0.7535506944622659,5.307257501297499,0
Case3,Test_060,3,11.0,-2.0,6059.58282942,1001,28,0.028,0.1536482434139872,953,0.952047952047952,1612704.7650283424,209274.43817308024,406916.0450441313,93690.62617123223,0.23024559319372917,0.7697544068062707,0.9547943294111232,0.059429288828579944,0.9922941751907928,-0.782487597842097,0.782487597842097,1.4156411720465103,2.2224457024177378,21.56829210287931,0
Case3,Test_061,2,19.0,-67.0,12225.4857379,1001,132,0.132,0.32434017371174817,849,0.8481518481518482,666398.2630321288,187570.61030957344,254048.52166136968,147759.26913629135,0.581618299409925,0.41838170059007496,0.9927572518459623,0.02410758473375674,0.9998488498666648,-0.31878095204902285,0.31878095204902285,0.5546463311375432,0.9242879204653798,7.725117396487235,0
Case3,Test_062,1,-45.0,-80.0,12860.836074,1001,399,0.399,0.6569321112431546,582,0.5814185814185814,227609.87520344913,74103.70981201132,80019.96306240064,68644.39493256847,0.8578408725212563,0.14215912747874368,0.9993527047607842,0.007353676803271049,0.9999807777927674,-0.09826229126392325,0.09826229126392325,0.15322677877127633,0.18680652127035396,0.7085346950332223,0
Case3,Test_063,2,38.0,69.0,14003.8210263,1001,335,0.335,0.5554656937816101,646,0.6453546453546454,292487.4629167132,108562.75695464961,137025.32421373736,94314.41392734392,0.68829914812118,0.31170085187882,0.9967229940109805,0.01624199161267588,0.9999570188201271,-0.21212150682362227,0.21212150682362227,0.3857992900968535,0.6083973255137259,3.008937970905208,0
Case3,Test_064,2,-65.0,32.0,13414.8932304,1001,248,0.248,0.4661828719870521,733,0.7322677322677322,380578.7457698432,131289.42692881415,169002.39365577334,111292.6430998819,0.6585270225613754,0.3414729774386246,0.995930792836537,0.018078714223623234,0.9999321934519927,-0.23712961493529985,0.23712961493529985,0.4307199248574044,0.7122675900249421,4.365290772042499,0
Case3,Test_065,2,-32.0,-36.0,13023.7883099,1001,244,0.244,0.4935088794067503,737,0.7362637362637363,369896.1090187815,113401.46313259733,147784.04030315563,94926.79568956782,0.6423345544947917,0.35766544550520823,0.9953462754506404,0.019330581969457486,0.9999183693136313,-0.2537423781620336,0.2537423781620336,0.4564396949056077,0.7357617352904756,4.966321235784108,0
Case3,Test_066,2,-17.0,82.0,11521.5885181,1001,115,0.115,0.29753722130476457,866,0.8651348651348651,723518.5593941165,196922.32458312204,267881.17424929485,151175.66288894284,0.5643385105825173,0.43566148941748273,0.9916420893667413,0.025972429775648738,0.9998117533100652,-0.3446724883448869,0.3446724883448869,0.58132984411825,0.9306871170670418,8.16637277951213,0
Case3,Test_067,1,-61.0,78.0,9145.10917239,1001,538,0.538,0.7470685849497748,443,0.44255744255744256,117180.26072332857,43651.32807766063,48404.28816041651,41483.350840746425,0.8570180952412021,0.14298190475879793,0.9995163612070279,0.006301800656061091,0.9999942904689951,-0.08144993760402756,0.08144993760402756,0.15704706216104952,0.29584189696180596,2.3990000868532775,0
Case3,Test_068,1,45.0,-66.0,14878.3557705,1001,557,0.557,0.7302679100451067,424,0.42357642357642356,185930.88116114316,80283.77181540323,97214.79434358948,71305.65737862156,0.7334856578166858,0.2665143421833142,0.9975979411068397,0.013993298880028739,0.9999764213178319,-0.18332855301095954,0.18332855301095954,0.31787766443132487,0.4361893310314678,1.2227199698834283,0
Case3,Test_069,2,33.0,-41.0,13575.4208724,1001,308,0.308,0.551205457244834,673,0.6723276723276723,308811.07286630437,102105.86723275477,132387.91279622848,87777.54567062197,0.6630329296431253,0.3369670703568747,0.996092425486923,0.017668377626078216,0.9999496011465296,-0.2296922407277983,0.2296922407277983,0.42687482275927763,0.7019471015257309,4.1628574876832545,0
Case3,Test_070,1,48.0,85.0,11487.9728116,1001,392,0.392,0.646757368653758,589,0.5884115884115884,205911.7254832355,67701.85265420555,74854.42839280838,62794.17009090956,0.8388838367903761,0.16111616320962385,0.9992769410070897,0.007730711262086727,0.9999829408424473,-0.10268754573549262,0.10268754573549262,0.17710220889509967,0.31644029492454356,3.1741175791366913,0
Case3,Test_071,1,82.0,86.0,5101.55234728,1001,353,0.353,0.591715953320425,628,0.6273726273726273,98266.88093890443,35870.15926365971,38092.567837323164,34295.89627927983,0.9003303853324545,0.09966961466754552,0.9997489924932739,0.004565569589305116,0.9999931139345964,-0.06070480565573259,0.06070480565573259,0.10547136934790623,0.1961059807516405,2.4840853680893815,0
Case3,Test_072,2,-21.0,38.0,11165.2966163,1001,127,0.127,0.3333665744083214,854,0.8531468531468531,627253.1065555437,162341.40970137058,229726.8508554836,124004.00401994871,0.5397888995481729,0.46021110045182717,0.9905001476967606,0.027510850428820115,0.9998106587455018,-0.36271950848710793,0.36271950848710793,0.6342334089060748,1.0097292629474133,7.937925558173561,0
Case3,Test_073,1,81.0,-73.0,6539.6675405,1001,451,0.451,0.6731529261705188,530,0.5294705294705294,99529.25752011241,37839.29127010844,41359.305025935166,35992.86841050227,0.8702483851682767,0.1297516148317233,0.9995969446073718,0.005762436413010775,0.9999932908185956,-0.07533609960272244,0.07533609960272244,0.14088984287729872,0.2763222386633505,2.7717119131745562,0
Case3,Test_074,2,78.0,-23.0,11993.2061312,1001,143,0.143,0.3341043738926688,838,0.8371628371628371,599996.6935463023,178766.61634771165,238538.98296610074,142345.6362593027,0.5967395118789943,0.4032604881210057,0.9934600536575364,0.02293795550399485,0.99986005018821,-0.3035664605280221,0.3035664605280221,0.5275485281850313,0.8859058293085743,7.407554380476199,0
Case3,Test_075,2,26.0,-58.0,12987.5507827,1001,189,0.189,0.40435006402284696,792,0.7912087912087912,487924.60120995954,150809.97005382273,198995.906107118,124400.76163566882,0.6251423160871703,0.3748576839128297,0.994837468040845,0.020325451197466524,0.9999008917354326,-0.26721062344013624,0.26721062344013624,0.48395605091422406,0.8383231450726848,6.319524795876532,0
Case3,Test_076,3,13.0,14.0,7038.77670317,1001,35,0.035,0.17498065488965084,946,0.945054945054945,1419501.354011357,211936.67964540064,381849.5086411263,114999.70636324462,0.30116499762560867,0.6988350023743913,0.966164139402829,0.05137618717771819,0.997937725772533,-0.6763843604166346,0.6763843604166346,1.19872949914846,1.7484346600745522,7.934218319325623,0
Case3,Test_077,2,-6.0,51.0,10850.911948,1001,90,0.09,0.2631480993872631,891,0.8901098901098901,868712.258873805,210994.18915878155,308837.44715354795,156325.00057582912,0.5061724283004689,0.49382757169953106,0.9883139750749288,0.03041727818804845,0.9997616794283272,-0.40063721529961016,0.40063721529961016,0.7014470297158752,1.1287017720308934,9.210236018267551,0
Case3,Test_078,2,73.0,-45.0,14002.8855815,514,471,0.9181286549707602,0.9804607119895514,33,0.06420233463035019,204872.51247993487,110463.31776585864,119749.56348339307,0.0,0.0,0.0,0.9913838528628668,0.02132495420265217,0.0,-0.3063573900560244,0.3063573900560244,0.0,50782.8369516956,303492.10406891326,1
Case3,Test_079,3,0.0,1.0,5357.99959509,1006,23,0.022885572139303482,0.14318438643504597,963,0.9572564612326043,1696895.8267119394,199869.74286375457,408627.67515999277,62032.0883213305,0.15180589101568476,0.8481941089843152,0.9433432855759687,0.06739739956715458,0.9383287713351921,-0.8635152697737632,0.8635152697737632,1.650268253664013,6.781010770974213,961.9839939587989,0
Case3,Test_080,1,-42.0,-56.0,15077.2102818,1001,567,0.567,0.7446991565684807,414,0.41358641358641357,185407.20226236334,77303.19785857284,92591.26484638665,69213.18419391665,0.74751310837739,0.25248689162260995,0.9979196000529311,0.013031068259366462,0.9999785871051642,-0.17067374199925417,0.17067374199925417,0.2981185244535098,0.41798330455598154,1.3254267502156836,0
Case3,Test_081,2,-80.0,12.0,10902.2638604,1001,101,0.101,0.2714069257737887,880,0.8791208791208791,781869.4580007824,208078.52879641522,290200.6681650162,156120.85876610279,0.5379755317356061,0.46202446826439386,0.9900626196390577,0.028271027303951986,0.9997822219806807,-0.37486866943915664,0.37486866943915664,0.6310040618739483,1.0026753775709762,8.849868074714095,0
Case3,Test_082,3,23.0,-15.0,8380.74445302,1001,53,0.053,0.21336931209095567,928,0.9270729270729271,1115317.6632819043,203628.3829951741,336213.70387574175,128467.90231211564,0.38210192157900547,0.6178980784209945,0.9764186364050549,0.04305833715411566,0.9992613799022456,-0.5672349627886328,0.5672349627886328,0.9797417644752994,1.4145049057270005,8.130080155809537,0
Case3,Test_083,3,9.0,25.0,8284.22162421,1001,47,0.047,0.20469879896058218,934,0.9330669330669331,1199123.6414717282,210645.11152096893,357217.6377932885,129297.61519825875,0.36195753377967166,0.6380424662203283,0.9738098713226484,0.04529329699477218,0.9991309217098515,-0.5957638921121874,0.5957638921121874,1.035193157749688,1.4409702094073882,5.10154946698151,0
Case3,Test_084,2,-58.0,-24.0,12524.5140599,1001,169,0.169,0.37477658958104704,812,0.8111888111888111,526533.5352520326,160768.59914381953,215234.17109011445,130540.56295149797,0.6065048235154218,0.3934951764845782,0.9940674874723152,0.021775827896783076,0.99988453565166,-0.28656756317272664,0.28656756317272664,0.514981951935595,0.880046610271229,6.595673259231148,0
Case3,Test_085,2,-27.0,19.0,9417.82771356,1001,76,0.076,0.2558258832669069,905,0.9040959040959041,881463.8993594829,186794.49555709513,286409.9241249642,128094.02415981679,0.44724017350714346,0.5527598264928565,0.983158705395018,0.03657937280154544,0.9995872624856771,-0.48314779872276914,0.48314779872276914,0.8216186793362581,1.2047111297507807,8.27399253541978,0
Case3,Test_086,2,-44.0,-26.0,12245.5779794,1001,193,0.193,0.41366346854934105,788,0.7872127872127872,450453.07776074455,137041.43750647432,185347.44854372425,111757.7022392954,0.602963262334476,0.397036737665524,0.9939351055696024,0.021976465398317047,0.999893751711474,-0.28804169572310456,0.28804169572310456,0.5237268424618545,0.8713658912949793,5.917822173243167,0
Case3,Test_087,1,87.0,-65.0,7509.66837585,1001,467,0.467,0.6853035922701475,514,0.5134865134865135,111207.21276840955,42167.31909888132,47444.06086339179,39748.129981954895,0.8377893725497867,0.16221062745021333,0.9993557899654892,0.007261111269918771,0.999992341393939,-0.09396777241377076,0.09396777241377076,0.18056535831257708,0.3385783619108003,2.766416669557941,0
Case3,Test_088,2,-9.0,-87.0,10756.0260455,1001,94,0.094,0.26504670341502057,887,0.8861138861138861,830339.8147954924,210662.44679967398,295674.4174159795,154337.12796883684,0.5219833671024113,0.4780166328975886,0.9887599274153185,0.030148815859575243,0.9997491344108193,-0.4005042460645451,0.4005042460645451,0.6574395726004233,0.9813235735954927,8.268479011038949,0
Case3,Test_089,2,2.0,55.0,10907.1079715,1001,89,0.089,0.2598535026722825,892,0.8911088911088911,882332.1266747949,215771.96045954607,314499.4176800455,159936.27997378146,0.5085423723629654,0.4914576276370346,0.988445768220491,0.030268343631905475,0.9997625115940376,-0.398981331300098,0.398981331300098,0.6956724330119669,1.1208776514596934,9.335507707063243,0
Case3,Test_090,1,40.0,61.0,14577.3643965,1001,445,0.445,0.6514913085800587,536,0.5354645354645354,228797.81305880996,90680.03712527826,111586.31342881461,80140.04123315058,0.7181888062309284,0.2818111937690716,0.9973623562599363,0.014616550099779373,0.9999710364006988,-0.19095188141177036,0.19095188141177036,0.3408888908653287,0.5056507193495833,1.9851955920942714,0
Case3,Test_091,1,50.0,-64.0,14112.5001079,1001,682,0.682,0.8570480465967741,299,0.2987012987012987,142188.4257724199,46891.39055983999,41417.556005890525,47287.047705702105,1.1417150664075109,-0.14171506640751097,0.9996326845824226,0.005559597985615906,0.999998230775786,0.05712990583155044,0.05712990583155044,0.1398150724313152,1.1263675912364772,19.63809327974718,0
Case3,Test_092,3,-7.0,20.0,7424.51463188,1001,38,0.038,0.18425613603653868,943,0.942057942057942,1372931.1794165664,211957.31870729002,372161.2767728012,119835.26933501904,0.32199822177678267,0.6780017782232173,0.9693334982285795,0.04900915566229567,0.9983561665343376,-0.6456794966634362,0.6456794966634362,1.1369426659913082,1.6299697157196862,6.2340838818078055,0
Case3,Test_093,2,85.0,-17.0,11270.3860123,1001,115,0.115,0.29229817566773875,866,0.8651348651348651,710946.4080125565,197444.90881426932,269138.6286196016,151278.49839429016,0.5620839311331485,0.4379160688668516,0.991536040725484,0.026131580287211544,0.9998087537971756,-0.34677242141859715,0.34677242141859715,0.5854135603426981,0.9387109950840825,8.024460979566243,0
Case3,Test_094,2,18.0,-59.0,12147.5052494,1001,130,0.13,0.3238518700683403,851,0.8501498501498501,671288.5721021746,185853.6990261515,254615.89861970567,146029.213291816,0.573527474456437,0.42647252554356296,0.9924347901475795,0.02458759791983839,0.9998445270385882,-0.3245020478659227,0.3245020478659227,0.5707891365837408,0.9630712913246514,7.993803173846459,0
Case3,Test_095,2,-26.0,-51.0,12850.2082779,1001,197,0.197,0.41807749674010897,784,0.7832167832167832,463163.0724797067,142150.9459713248,189213.01289120724,117310.53209406507,0.6199918827016179,0.38000811729838213,0.9946965648233148,0.020572115325118774,0.9999026564163879,-0.2697478251757786,0.2697478251757786,0.49406857431978557,0.8454370121182858,5.968468014957239,0
Case3,Test_096,2,-86.0,26.0,12135.3099879,1001,157,0.157,0.35342449131880554,824,0.8231768231768232,550156.572614847,169260.7457812271,222672.03150939665,136627.3132922171,0.6135809350014911,0.38641906499850887,0.9942110048205116,0.0216000690487451,0.9998746511652336,-0.2858742852958903,0.2858742852958903,0.4989281767091909,0.8414247638932596,6.897666156403261,0
Case3,Test_097,1,71.0,68.0,8847.4586782,1001,606,0.606,0.7918762752146347,375,0.37462537462537465,99808.56749208459,38502.85792271805,42058.81144169283,36852.99064276832,0.8762252041729361,0.12377479582706381,0.9996371907555153,0.005469367059402548,0.9999959530508128,-0.07076522844130792,0.07076522844130792,0.13422425679118336,0.24346039993036023,1.8380362808664756,0
Case3,Test_098,3,-1.0,-33.0,8960.34622804,1001,59,0.059,0.21833662714120589,922,0.9210789210789211,1084211.893012301,212805.88677163952,345595.3515938771,140259.59860087975,0.4058492047245601,0.5941507952754399,0.9789447368073506,0.04063849099251137,0.9994741088799819,-0.5342089824139714,0.5342089824139714,0.9265569564907107,1.329006917601778,7.133304421373282,0
Case3,Test_099,1,64.0,-58.0,12185.3424231,1001,766,0.766,0.8887895146963817,215,0.21478521478521478,109029.82079813001,41814.7683440794,47337.554383933966,39576.76234512479,0.8360542250268186,0.16394577497318139,0.9992875821835944,0.007652178849505075,0.9999964023724565,-0.09764906981459262,0.09764906981459262,0.18350714584440092,0.2888044417050524,1.3729316381246974,0
Case3,Test_100,2,-77.0,-19.0,11634.7323779,1001,125,0.125,0.3074940999986503,856,0.8551448551448552,671885.7421274841,191541.5380440878,259743.47754501132,149315.21512932164,0.5748564566109137,0.4251435433890863,0.9923248445262192,0.024846500149883006,0.999833242121867,-0.3291097937478453,0.3291097937478453,0.5648706878096276,0.928455983785681,7.809049196720252,0
Case3,Test_101,2,-37.0,81.0,13440.2598303,1001,275,0.275,0.49514666842009014,706,0.7052947052947053,343033.8642174249,121563.54176749923,155456.05069925982,104057.45582096347,0.6693689653950466,0.3306310346049533,0.9962630499723573,0.017325922275378575,0.9999413591319749,-0.2267930432880956,0.2267930432880956,0.41433757759950496,0.6797053868311264,3.8131910997871046,0
Case3,Test_102,2,-38.0,46.0,14808.4641699,1001,473,0.473,0.6889412655959197,508,0.5074925074925075,218882.8057602435,81434.13526448468,100960.87629235286,72687.23257102015,0.7199544540455395,0.28004554595446046,0.9974772325650744,0.014256819587316914,0.9999783689937282,-0.18447911429460317,0.18447911429460317,0.34041392907318296,0.524038807211779,2.3129464241757205,0
Case3,Test_103,2,-40.0,-10.0,9984.05626145,1001,83,0.083,0.25413814725191036,898,0.8971028971028971,871105.1024839429,201238.45301845012,304688.16776659456,144224.14469548393,0.47335000158577345,0.5266499984142266,0.9857044405850689,0.03357778148193487,0.9997048834384729,-0.44186131907139925,0.44186131907139925,0.7710645566726099,1.2013580803196466,9.35895886784192,0
Case3,Test_104,2,-31.0,10.0,8924.95154098,1001,63,0.063,0.22531950969379635,918,0.9170829170829171,1019451.6178157828,204996.91662204306,328111.8475142813,136488.7099537542,0.41598226637583835,0.5840177336241617,0.9801029377468871,0.03955249742086985,0.9995078767612353,-0.5206184014007182,0.5206184014007182,0.8996104239759318,1.3330805742663923,9.303604676099894,0
Case3,Test_105,1,-65.0,-72.0,9300.11790439,1001,613,0.613,0.8005585003391559,368,0.3676323676323676,103269.44287965262,39205.33247093957,41936.16088094965,37798.27710220244,0.9013289797677468,0.0986710202322532,0.9997772625241582,0.004295885910514365,0.9999966784862165,-0.05602775699558027,0.05602775699558027,0.1049106211732102,0.19431533778530655,1.6423815275409481,0
Case3,Test_106,2,-10.0,-49.0,10970.0289598,1001,96,0.096,0.2742410161089788,885,0.8841158841158842,825250.9196114845,202962.9460133301,295481.1264145876,151379.7025185185,0.5123159788761554,0.4876840211238445,0.9887680613468316,0.02982548071008073,0.9997720656329676,-0.39277726144138886,0.39277726144138886,0.6897010605852076,1.111895316727967,8.88909487918022,0
Case3,Test_107,2,-53.0,-14.0,11260.548918,1001,110,0.11,0.2910783263839428,871,0.8701298701298701,736877.3234232629,195475.61805620632,277431.6676935472,149451.6064896265,0.5386969978305133,0.4613030021694867,0.9905367750206389,0.02741247407672353,0.9998098737231177,-0.3611580149000538,0.3611580149000538,0.6371173162028699,1.062650525636552,8.864482614731628,0
Case3,Test_108,2,-12.0,31.0,9314.47240294,1001,67,0.067,0.23830198024206134,914,0.913086913086913,984131.6114577722,200422.76783203174,315980.4042972587,135034.74227877066,0.4273516346024314,0.5726483653975686,0.9812065928068467,0.03852823604915239,0.9995491682790995,-0.5076691695306421,0.5076691695306421,0.8708026632100628,1.2457403791145434,6.961421737965793,0
Case3,Test_109,1,44.0,-41.0,15345.4613297,1001,550,0.55,0.7492185541366082,431,0.4305694305694306,193983.15880256,73480.6305049378,89023.11410651436,66540.58179139082,0.7474528661373985,0.2525471338626016,0.9980109313078428,0.012690099864677631,0.9999848739509947,-0.16408379172213308,0.16408379172213308,0.3006399882257409,0.4585990283639914,1.971573775187153,0
Case3,Test_110,2,-74.0,-31.0,12992.5198404,1001,213,0.213,0.4240727204974652,768,0.7672327672327672,431423.30255859205,143979.7736207504,186463.7322433419,120230.92186684026,0.6447952125614143,0.35520478743858575,0.9954550755907784,0.019117760628673753,0.9999154598116046,-0.25166986018050364,0.25166986018050364,0.4510507795684361,0.7514250094621812,5.028814485854923,0
Case3,Test_111,2,31.0,-77.0,13134.687782,1001,209,0.209,0.42345758559225277,772,0.7712287712287712,445539.6167453867,145314.83398734033,186988.7832008141,121464.8973273883,0.6495838694075179,0.3504161305924821,0.9955966712466302,0.01883511074447841,0.9999142885275956,-0.24829392039921755,0.24829392039921755,0.4425859184659382,0.7425896433384958,5.25305806376889,0
Case3,Test_112,3,25.0,2.0,7655.85315934,1001,43,0.043,0.18644330892665517,938,0.9370629370629371,1273006.3962379312,215618.79462010582,374904.8364570245,128722.8031754519,0.3433479396849751,0.6566520603150249,0.9715058900921787,0.04709051123581204,0.9989435018376231,-0.6186085329498179,0.6186085329498179,1.0884360484086342,1.5860638233285098,8.99533194510559,0
Case3,Test_113,2,57.0,13.0,11299.4011787,1001,108,0.108,0.28584227652932737,873,0.8721278721278721,753980.4121567181,201005.21971830731,283859.16351957544,153751.4152606658,0.5416468270895289,0.4583531729104711,0.9906780623935058,0.02723308928040904,0.9998114206045015,-0.35915436197780665,0.35915436197780665,0.6304688073232116,1.0500202395026794,8.910844228221777,0
Case3,Test_114,2,42.0,-63.0,14718.0313279,1001,488,0.488,0.6833191578097366,493,0.4925074925074925,210247.690646426,86158.7344760402,105399.8401862699,76264.96846077338,0.7235776479925647,0.27642235200743526,0.9974352097334299,0.014431659900197874,0.9999735622744561,-0.18878466167691438,0.18878466167691438,0.3326717240871716,0.4762788180578312,1.643654246595645,0
Case3,Test_115,2,60.0,35.0,13845.6240585,1001,322,0.322,0.542305347336843,659,0.6583416583416584,301470.84078114555,110836.11287825993,140274.7044984374,95998.07238954447,0.6843576875302834,0.3156423124697166,0.9966512610194986,0.01641627087499857,0.999953845644681,-0.21452083097619878,0.21452083097619878,0.3916537044992968,0.622300193037949,3.1648202231676805,0
Case3,Test_116,2,29.0,-81.0,12819.2785204,1001,185,0.185,0.39405805944356737,796,0.7952047952047953,492961.5171939563,155501.96408094946,201156.00131465687,128237.95823211312,0.637505008023687,0.362494991976313,0.9951372167147156,0.019806319722109667,0.9998980626343438,-0.2617582018046755,0.2617582018046755,0.46055597469865933,0.7731942982569043,5.85868990266431,0
Case3,Test_117,1,54.0,80.0,10416.4315687,1001,477,0.477,0.7092731378097971,504,0.5034965034965035,151990.07189859689,53242.330325761715,59200.905538249935,50199.420952265165,0.8479502212990834,0.1520497787009166,0.9994393439728705,0.006785773699731566,0.9999910859458896,-0.08854258628927124,0.08854258628927124,0.16755522789028326,0.3252788463364268,2.923019177359606,0
Case3,Test_118,2,83.0,16.0,11130.6301996,1001,110,0.11,0.2858232106887073,871,0.8701298701298701,728708.3641706404,200148.1441939531,274546.2689612468,152704.0753615039,0.5562052470764358,0.44379475292356413,0.9912227790412663,0.026588939886112654,0.999803805682057,-0.3526977058865432,0.3526977058865432,0.5965567310317388,0.9695121096353756,8.81658856480874,0
Case3,Test_119,3,3.0,27.0,8229.63513899,1001,47,0.047,0.20026121646270367,934,0.9330669330669331,1217568.567644991,214364.87571091586,365386.02224579715,131757.05071711144,0.360596855641286,0.6394031443587139,0.9735993340599421,0.04541787549661346,0.9991456243795575,-0.596837300407737,0.596837300407737,1.0413789098783026,1.459034291049031,5.685116731328776,0
Case3,Test_120,2,10.0,76.0,11096.7855791,1001,98,0.098,0.27151511229797903,883,0.8821178821178821,817560.3799543637,210799.9608772267,295856.57874414313,157590.67520545586,0.5326590196993399,0.46734098030066,0.9897339389876768,0.02872068927191401,0.999778915983836,-0.380632094669303,0.380632094669303,0.6413313186894259,1.0084631776359785,8.84788579757037,0
Case3,Test_121,3,-6.0,-20.0,7287.16586669,1001,37,0.037,0.18082338952800608,944,0.9430569430569431,1385363.8068069185,212216.47988642444,374382.6339402232,119083.4337925655,0.3180794807153883,0.6819205192846117,0.9688067583530229,0.04941349623293007,0.9982834061510548,-0.6509341738484483,0.6509341738484483,1.1481943480360242,1.6484495315975676,6.33530535664363,0
Case3,Test_122,2,-76.0,-7.0,10743.7314964,1001,94,0.094,0.26046262794795,887,0.8861138861138861,829932.7242305409,214755.5781997198,304981.86008824274,158920.68381438204,0.5210824137815944,0.4789175862184056,0.9889550459926291,0.029761538205686028,0.9997644187348076,-0.3942196786504289,0.3942196786504289,0.6641597136906632,1.0405251807785667,8.844709762567959,0
Case3,Test_123,3,-24.0,0.0,7458.52931859,1001,41,0.041,0.18144099808394465,940,0.939060939060939,1305394.2156031309,216057.20244082902,379738.4939608713,126821.51376505675,0.3339706555483537,0.6660293444516463,0.9702019986571206,0.04812249895164136,0.998809136773715,-0.632032478908145,0.632032478908145,1.1155385819494168,1.626335090585004,8.97465920746879,0
Case3,Test_124,1,86.0,43.0,12728.390697,1001,349,0.349,0.6119656335777395,632,0.6313686313686314,256409.55542743704,81823.13596011687,90460.21908970759,74538.35542895844,0.8239904366696287,0.1760095633303713,0.9989892981944697,0.009174246574883105,0.9999734068237499,-0.12250140855513765,0.12250140855513765,0.19396837201458572,0.25653297547907844,2.095124703627505,0
Case3,Test_125,2,15.0,-39.0,10577.8761174,1001,97,0.097,0.28418514858419397,884,0.8831168831168831,783781.6831616336,186543.7849596098,274950.9299246493,136825.09282272577,0.49763458832535273,0.5023654116746472,0.9876024244054059,0.031351623253576044,0.9997491747635202,-0.41309912485688666,0.41309912485688666,0.7183044286657196,1.1101475177644036,8.28172568131447,0
Case3,Test_126,1,-78.0,64.0,8487.83576137,1001,541,0.541,0.742919808102683,440,0.43956043956043955,108497.8278824265,41614.28275705683,46671.50809606307,39363.73953738633,0.8434212037109385,0.1565787962890614,0.9993929101597736,0.007053148688844775,0.9999938344491723,-0.0910066162438509,0.0910066162438509,0.17387889146249844,0.31042493438487173,2.16197412896247,0
Case3,Test_127,2,-22.0,-34.0,10927.5262813,1001,119,0.119,0.32806399682289916,862,0.8611388611388612,646839.2450584739,161825.6732277341,230337.6023682554,121275.03672431743,0.5265099379233239,0.47349006207667604,0.9895286033006363,0.02893388407689241,0.9997779791015836,-0.38231997309642834,0.38231997309642834,0.656999375893542,1.0087306859878398,7.650549826859674,0
Case3,Test_128,1,67.0,-77.0,8128.11918789,1001,534,0.534,0.745000460104119,447,0.44655344655344653,103716.16928556556,39154.42166613206,42171.907144645855,37525.54349049198,0.88982325038758,0.11017674961242001,0.9997159400918814,0.004846659215106925,0.9999951173085921,-0.06345867100909656,0.06345867100909656,0.11793618614215094,0.22736477777166683,2.2124024716541157,0
Case3,Test_129,2,53.0,17.0,11654.9316356,1001,125,0.125,0.31339445197645693,856,0.8551448551448552,673112.1637393852,185476.68795859237,258148.37459461336,144471.52301312532,0.5596452940677935,0.44035470593220644,0.99175512652857,0.025623943141697563,0.9998339346798101,-0.33765706227946507,0.33765706227946507,0.597510374649304,0.9960072412330763,7.818240031090681,0
Case3,Test_130,2,5.0,84.0,10570.5302321,1001,89,0.089,0.25708547625390155,892,0.8911088911088911,860403.3310577726,214253.5369120952,304314.1625307838,155282.1693877783,0.5102692825611436,0.4897307174388564,0.9878639546437782,0.0313006608986574,0.999736269439277,-0.4155813447427077,0.4155813447427077,0.6807777713044054,1.0185360782176087,9.256598597038874,0
Case3,Test_131,1,-89.0,71.0,6381.47112682,1001,430,0.43,0.6548571837582898,551,0.5504495504495505,102309.93308567854,38532.017703234276,42530.1945441533,36528.983101733465,0.8588952741283702,0.1411047258716298,0.9995228205474534,0.00626188702237565,0.9999926681391614,-0.08159272786692773,0.08159272786692773,0.15444480074398825,0.30560885103987023,3.0280490400015196,0
Case3,Test_132,1,51.0,58.0,13688.2716321,1001,728,0.728,0.8688170829444488,253,0.25274725274725274,126961.17425507118,49886.85850751083,48716.17533705528,49029.90673195252,1.006439984106441,-0.006439984106441161,0.9999826650054628,0.0012133767450811946,0.9999970335633994,-0.006056882258221873,0.006056882258221873,0.03230286156651927,0.11441801894896898,1.4954468306220292,0
Case3,Test_133,1,-72.0,-54.0,11493.7807035,1001,586,0.586,0.7837163054241265,395,0.3946053946053946,136123.65097487165,49798.52147329654,55423.25988706989,47281.95919921832,0.8531067875754649,0.1468932124245351,0.9994900604045994,0.006469083374262406,0.9999940880661319,-0.08338283140937137,0.08338283140937137,0.1619812191829438,0.3053547962086572,2.3024614088874955,0
Case3,Test_134,2,-18.0,71.0,11920.1463932,1001,123,0.123,0.3109047068902931,858,0.8571428571428571,694977.8584819243,192633.4079095055,262340.6559806385,150264.97944661172,0.572785712092226,0.42721428790777405,0.9922624676129489,0.024921747460801322,0.9998361652376162,-0.3298133559968494,0.3298133559968494,0.5695159765444061,0.950173140608436,8.470767570870407,0
Case3,Test_135,2,75.0,-31.0,12934.6143852,1001,210,0.21,0.4206729196526705,771,0.7702297702297702,434940.8880769083,144844.9335005458,187810.3182956782,120853.81570589766,0.6434886900922668,0.35651130990773316,0.9954103515543633,0.019206780124048924,0.9999140502469838,-0.25281030699688417,0.25281030699688417,0.45320511531134544,0.7608978752621625,5.214830739822446,0
Case3,Test_136,2,-50.0,-9.0,10701.5029581,1001,94,0.094,0.26569015968709814,887,0.8861138861138861,824365.7462079999,206217.0564923076,301155.5162705503,153506.0319078884,0.5097234605192572,0.49027653948074273,0.9886136422139181,0.030014824497242108,0.999770665618282,-0.3951894611341836,0.3951894611341836,0.6947377236692959,1.1319693856476132,9.367143204894887,0
Case3,Test_137,2,-19.0,70.0,12129.0031345,1001,130,0.13,0.3205499492852754,851,0.8501498501498501,672385.7335223797,188932.58065180221,255541.70795839795,148442.41399872306,0.5808930964134019,0.4191069035865981,0.9926671588725215,0.02427168130328806,0.9998439524139007,-0.3211882793082481,0.3211882793082481,0.5551946942079616,0.9210525185738686,7.772316804923435,0
Case3,Test_138,2,37.0,34.0,13360.2164885,1001,289,0.289,0.5357847486301947,692,0.6913086913086913,322207.07030290295,104352.8391995223,134295.63340665295,89205.05451583912,0.6642438942576963,0.3357561057423038,0.9960859842798792,0.017718681607418744,0.9999411209837413,-0.23155624791592808,0.23155624791592808,0.42303985030495495,0.6936737363400175,4.477251130375976,0
Case3,Test_139,1,48.0,-47.0,14922.3870876,1001,682,0.682,0.8526912805649093,299,0.2987012987012987,148646.67195642155,53039.0266341377,56448.33083275083,51269.28568256354,0.9082515802720166,0.09174841972798338,0.9998079168592653,0.003994038425067478,0.9999972456311604,-0.052075231608829264,0.052075231608829264,0.09707919805569194,0.1756269848782783,1.4049125265319162,0
Case3,Test_140,3,-3.0,-6.0,5514.66786628,978,24,0.02456499488229273,0.1443766001023439,935,0.9560327198364008,1668027.496045803,208723.61148242714,410533.8453867108,89237.97214234536,0.21737056066177887,0.7826294393382212,0.9521356292429709,0.06119741723075905,0.9903744690453512,-0.8042589552012275,0.8042589552012275,1.4571648483688684,2.311864498107146,23.20818301171265,1
Case3,Test_141,2,72.0,-18.0,11692.7014026,1001,123,0.123,0.3057195353897851,858,0.8571428571428571,683739.9342856475,193561.12762436943,264237.806727206,150801.04856965554,0.570702014361403,0.429297985638597,0.9921654914748133,0.025071686581247588,0.9998348993599129,-0.33172229197106445,0.33172229197106445,0.5734840811636074,0.9502808306529169,8.070158799245178,0
Case3,Test_142,3,20.0,-1.0,7022.17463591,1001,36,0.036,0.17158533887379016,945,0.9440559440559441,1416704.6302325756,215622.72382947625,391974.33581678465,118173.24372276882,0.3014820944246844,0.6985179055753156,0.9657461549834019,0.0515518806247167,0.9981372652280356,-0.6773599602093697,0.6773599602093697,1.2065416338153119,1.7628209594921294,8.631826486481941,0
Case3,Test_143,3,8.0,9.0,5996.67837275,1002,27,0.026973026973026972,0.15205890503673564,955,0.9530938123752495,1596320.0416582786,209453.5616470891,402476.4950744195,96525.65837188068,0.23982930569406968,0.7601706943059302,0.9563260643336624,0.05841237774559308,0.9943534165646639,-0.7674091820282728,0.7674091820282728,1.3847661808373566,2.1650852545093655,20.806266318818757,0
Case3,Test_144,2,27.0,-85.0,12621.1145329,1001,168,0.168,0.37283118749840627,813,0.8121878121878122,536060.247614109,164356.71623311433,213511.79811898313,133821.2632581405,0.6267628507515369,0.3732371492484631,0.9946896835348189,0.020718782055535224,0.9998830764362248,-0.27441451852084087,0.27441451852084087,0.47654775945942135,0.7863610235489435,5.997382140583227,0
Case3,Test_145,2,-30.0,67.0,13318.4264905,1001,216,0.216,0.4341598421462872,765,0.7642357642357642,435735.90740197746,142092.23699722934,183901.34262074425,119046.57306630023,0.6473393362429517,0.3526606637570483,0.9955618904935664,0.018879863723350362,0.9999176782764596,-0.24827509523370453,0.24827509523370453,0.44769180239191503,0.7636622676182641,5.4328616137393055,0
Case3,Test_146,2,-11.0,38.0,10044.7030767,1001,81,0.081,0.2572250982146357,900,0.8991008991008991,886893.6174884104,198874.44325826658,301760.8238084483,141522.2288380088,0.4689880782133743,0.5310119217866257,0.9852181249005784,0.03417414511741028,0.9996883341799533,-0.4499799418027462,0.4499799418027462,0.7799433757695449,1.1815591337327185,8.558099091396002,0
Case3,Test_147,1,-69.0,-49.0,13080.5694308,1001,556,0.556,0.772427459588281,425,0.4245754245754246,161952.30167783896,55768.42479821655,57395.52649557507,53709.34599050572,0.935775822086874,0.06422417791312601,0.9998876549899902,0.003047358966093132,0.9999928772699146,-0.03830574849310883,0.03830574849310883,0.06611280228683598,0.6035045720664295,11.988957953999034,0
Case3,Test_148,2,41.0,-14.0,10416.2570063,1001,97,0.097,0.2766345243084793,884,0.8831168831168831,778778.6529566557,190334.80251293196,280268.1744948754,140367.11771732452,0.5008314553384693,0.4991685446615307,0.9879140206011346,0.030925680206318945,0.9997584473678909,-0.4071970908659127,0.4071970908659127,0.7127341671638929,1.1318769854280932,8.99454188775644,0
Case3,Test_149,2,22.0,-68.0,12469.6002001,1001,147,0.147,0.3451714292191016,834,0.8331668331668332,608509.3711252569,177375.58974303538,236968.44744769327,141934.67791354356,0.5989602389781163,0.40103976102188366,0.9936025779844087,0.022666718056127563,0.999867294943665,-0.2995880116161705,0.2995880116161705,0.5248450678370391,0.8868184793318671,7.361215243311904,0
Case3,Test_150,2,5.0,-35.0,9223.40466597,1001,64,0.064,0.2268473000563539,917,0.916083916083916,1023003.832604591,210118.0403157452,334139.9345384706,142131.19093112872,0.4253642747833983,0.5746357252166017,0.9810508909342811,0.03858839648697631,0.9995622020546835,-0.5074614184624807,0.5074614184624807,0.8794396683608086,1.2876470853738728,8.171856743456715,0
Case3,Test_151,2,-53.0,6.0,10764.3054006,1001,92,0.092,0.26097292066581895,889,0.8881118881118881,848771.0182707864,212308.97017715563,309713.6194246646,157766.5468464101,0.5093949279320782,0.4906050720679218,0.9885687490353201,0.030090498756017884,0.9997686163186763,-0.39641444963260974,0.39641444963260974,0.6947090842724156,1.1250575896653332,9.209494965421527,0
Case3,Test_152,2,-52.0,62.0,13831.0420452,736,730,0.9931972789115646,1.01370029502107,3,0.004076086956521739,127613.95046030759,-84132.57144044325,0.0,0.0,0.0,0.0,0.2748287623660085,0.3951528428334609,0.0,8.043706293706293,8.043706293706293,0.0,0.0,0.0,2
Case3,Test_153,1,-82.0,-88.0,5030.89170978,1001,347,0.347,0.5862918157480455,634,0.6333666333666333,98323.31199032365,35855.558148620505,38045.4386233568,34288.8296300928,0.9012599373487641,0.09874006265123596,0.9997533235253636,0.00452640573543746,0.9999931488960934,-0.06020702343059066,0.06020702343059066,0.1044112234920784,0.19540421613289685,2.5956084170069857,0
Case3,Test_154,2,24.0,53.0,12645.6997874,1001,174,0.174,0.38703978492579916,807,0.8061938061938062,518338.07372684946,154602.4098253254,206877.99443409653,126101.96402610125,0.6095474986164976,0.3904525013835024,0.9942419899489905,0.021441593679347677,0.9998882387245008,-0.28180274221157675,0.28180274221157675,0.5105258272664805,0.8790385743779348,6.634711561952031,0
Case3,Test_155,2,19.0,48.0,11753.8752382,1001,132,0.132,0.3318332595037665,849,0.8481518481518482,638687.0006023712,173120.67448203376,241271.75138435676,135502.2524350005,0.5616167315797336,0.4383832684202664,0.9919359874486406,0.025320677545727227,0.9998415352269072,-0.3331986961089019,0.3331986961089019,0.5951084568997034,0.9976804962229977,7.980937216092343,0
Case3,Test_156,1,74.0,-74.0,7350.55346826,1001,507,0.507,0.721567831333037,474,0.47352647352647353,98550.36050848832,37777.26073137599,40503.961546492275,36173.27647589836,0.8930799629161469,0.1069200370838531,0.9997253372886904,0.004769821191416894,0.9999946532155335,-0.0628249829860868,0.0628249829860868,0.11402552688398397,0.21342802896067534,2.12146790477982,0
Case3,Test_157,2,-59.0,-37.0,14086.4616185,1001,374,0.374,0.590930555014744,607,0.6063936063936064,263125.16886710346,100404.56991865877,125944.38686222295,87675.21662269806,0.6961423117539212,0.30385768824607884,0.996903753262772,0.015800048177014085,0.9999618177447246,-0.2062747397305072,0.2062747397305072,0.37393765925308936,0.5763568431983684,2.602235652475258,0
Case3,Test_158,2,76.0,3.0,10600.9154278,1001,91,0.091,0.2547047750591619,890,0.8891108891108891,851086.1075483646,217316.80542178312,310579.078351745,159556.34559654334,0.5137382287413401,0.48626177125865994,0.9883817258758313,0.03052171261805002,0.9997515845236502,-0.4042804589619999,0.4042804589619999,0.6788281770869423,1.0506609049991495,8.741354665678273,0
Case3,Test_159,1,-58.0,75.0,10217.6885379,1001,570,0.57,0.7723203739855449,411,0.41058941058941056,123946.86394768495,45604.94823904094,50562.395842451566,43397.331215982325,0.8582926202944374,0.14170737970556255,0.999525647349393,0.0062414373175027635,0.9999947455259101,-0.08046012964621592,0.08046012964621592,0.15559788585788423,0.2890844106907736,2.193284229172349,0
Case3,Test_160,3,27.0,5.0,8097.91141296,1001,49,0.049,0.19842907660435205,932,0.9310689310689311,1195742.0934102312,213436.5156508704,361398.9530536024,132330.78320381267,0.36616260806982875,0.6338373919301713,0.9744066007684176,0.04470422915659577,0.9991802845661268,-0.5875786533315762,0.5875786533315762,1.026268234323491,1.492945274195536,8.683777049982154,0
Case3,Test_161,1,47.0,-42.0,15470.7745649,1001,611,0.611,0.7843117569367278,370,0.3696303696303696,176312.08850442505,70716.59511857673,84321.45282331754,64080.66017703702,0.7599567847971981,0.2400432152028019,0.9981655169794442,0.01222749466628159,0.9999849376139006,-0.1591414628035001,0.1591414628035001,0.2822172080675229,0.40530586527255796,1.4086387672225555,0
Case3,Test_162,2,-4.0,55.0,10940.3748355,1001,90,0.09,0.2617042761996397,891,0.8901098901098901,873929.7989213845,214648.71165732943,312184.21676871704,159462.05385145624,0.5107947336414972,0.4892052663585028,0.9886024745297587,0.03006397781353447,0.9997659529989539,-0.39629358711661294,0.39629358711661294,0.6911518580418667,1.1186536037046297,9.44407117755145,0
Case3,Test_163,1,-78.0,84.0,5655.14745652,1001,387,0.387,0.6241005956273014,594,0.5934065934065934,98673.93800474801,36701.86588514435,38823.396418590346,35087.65829307004,0.9037761125986528,0.0962238874013473,0.9997574854948544,0.004492075834540908,0.9999930490958402,-0.05985858335641042,0.05985858335641042,0.10148457920749955,0.1706662115253857,1.8108966766541812,0
Case3,Test_164,2,-8.0,62.0,11264.3351755,1001,98,0.098,0.27178716655402346,883,0.8821178821178821,833515.0900113989,212318.6846849628,302124.50274813414,159781.50500247735,0.5288598029921429,0.47114019700785714,0.9897355636455832,0.028607176598469865,0.9997877350665443,-0.3778351239957961,0.3778351239957961,0.6532171627068014,1.055025080078513,8.889594308407254,0
Case3,Test_165,2,6.0,-37.0,9591.09529786,1001,70,0.07,0.23696782665172256,911,0.9100899100899101,980056.0747278709,208354.37883622837,325650.82639013365,143908.24441187538,0.44190965521908904,0.558090344780911,0.9827342842942262,0.036863097932534346,0.9996187891246712,-0.4848873007554339,0.4848873007554339,0.8409908791749727,1.246733954307898,8.214208382608604,0
Case3,Test_166,2,-22.0,23.0,9513.90070856,1001,72,0.072,0.25733742770883755,909,0.9080919080919081,905681.5028708657,187380.59344217632,288270.98299808335,126915.56208470683,0.44026478407488784,0.5597352159251121,0.9825586040058979,0.037280789997195876,0.9995441722826215,-0.4928370380695241,0.4928370380695241,0.834537715637143,1.1683636992379214,5.541825399657114,0
Case3,Test_167,1,-71.0,-50.0,12548.3516226,1001,544,0.544,0.7620263618767137,437,0.43656343656343655,159594.86405639435,55823.212097375166,60006.672316291886,53209.45001168987,0.8867255583050127,0.11327444169498732,0.9997049290972404,0.00493695216221737,0.999992424032508,-0.06498785253355749,0.06498785253355749,0.12108237176339814,0.3324346631123138,5.101181989706561,0
Case3,Test_168,2,-16.0,-87.0,11321.4364875,1001,110,0.11,0.29044865255212327,871,0.8701298701298701,742189.9400975213,199298.33272259383,272088.14244085125,151515.8166138788,0.5568629902599175,0.4431370097400825,0.9911653152740926,0.026723728800603426,0.9997978412803379,-0.35491511007504695,0.35491511007504695,0.59366319715187,0.9326671809303724,8.0230268273707,0
Case3,Test_169,1,-46.0,-76.0,13088.8307702,1001,440,0.44,0.6932506522183834,541,0.5404595404595405,208538.18736806486,68839.03965443703,72599.69451983998,64519.66902415613,0.8887044146793793,0.11129558532062067,0.9995758525799621,0.005966847093143983,0.9999850471517043,-0.0796499277130124,0.0796499277130124,0.11738354056350747,0.15351433154401367,0.5068747073240161,0
Case3,Test_170,3,1.0,-16.0,6623.36827501,1001,32,0.032,0.1658598471841761,949,0.948051948051948,1519177.182540582,211418.35142134147,389759.9542201313,107566.05050867713,0.2759802523168536,0.7240197476831464,0.962672230361551,0.05399648690672015,0.9969930810887457,-0.7114872800153194,0.7114872800153194,1.2690997292580617,1.8552815612423983,7.745181821059987,0
Case3,Test_171,1,80.0,66.0,7841.75266685,1001,510,0.51,0.7199595296389305,471,0.47052947052947053,106145.84743034815,40578.70595894306,45385.196244884304,38390.29068562889,0.845876934815637,0.15412306518436308,0.9994186444908476,0.006903055968905655,0.9999934599248901,-0.0892536807135416,0.0892536807135416,0.17062902339228292,0.31359619830360747,2.396630185608501,0
Case3,Test_172,2,7.0,42.0,10179.1678289,1001,81,0.081,0.252104649257911,900,0.8991008991008991,908931.3256518323,206666.35527003353,312539.0947546743,148385.48868086992,0.4747741680039876,0.5252258319960125,0.9858011701701346,0.03346981465436594,0.9997046929598841,-0.44037277941939285,0.44037277941939285,0.7686829689876041,1.1812280581958434,8.590713004007625,0
Case3,Test_173,1,68.0,90.0,6965.14153175,1001,446,0.446,0.6754314957710876,535,0.5344655344655345,106822.18490181658,39623.43355174727,42984.882473314865,37739.166644175035,0.8779637042768144,0.12203629572318558,0.9996432179616679,0.005426891821429272,0.9999931084033843,-0.07126246240747638,0.07126246240747638,0.1316513334482764,0.26348364559142584,2.913690198651068,0
Case3,Test_174,2,-69.0,28.0,12873.7624564,1001,191,0.191,0.3992014727251867,790,0.7892107892107892,477195.62103208544,153766.0541209153,201062.06177005972,127037.39638551422,0.631831760139801,0.36816823986019903,0.9949904337458911,0.02005717389458152,0.9999031119622867,-0.2642182321774114,0.2642182321774114,0.47208449494604765,0.7979491839462196,5.735078632917521,0
Case3,Test_175,2,66.0,18.0,11826.6629083,1001,126,0.126,0.3112438135600789,855,0.8541458541458542,673855.9918895289,191236.86370294594,261462.07819799936,149781.29935288467,0.5728605095820384,0.4271394904179617,0.9923294088247447,0.024779308754963057,0.9998407300368759,-0.32739530664257716,0.32739530664257716,0.5713360939822377,0.9572345352865274,8.016221442422761,0
Case3,Test_176,2,-56.0,-10.0,11056.9717629,1001,100,0.1,0.2732137300296255,881,0.8801198801198801,799548.4184874524,207143.90603326654,296744.9359287423,156276.74111819355,0.5266365898682782,0.4733634101317218,0.98970934186251,0.028587618159784882,0.9997905312992371,-0.3769087454750189,0.3769087454750189,0.6596351264035217,1.0855152830479322,9.111422557881838,0
Case3,Test_177,2,65.0,-4.0,10805.0777444,1001,92,0.092,0.25748801637372637,889,0.8881118881118881,850076.7264390037,217827.5461446865,313011.19575044734,162179.16481578033,0.5181257636071267,0.48187423639287336,0.9889973108134864,0.029602726049553617,0.9997726595957017,-0.39098206722116424,0.39098206722116424,0.6740858453906093,1.0878109611449365,9.41845445319359,0
Case3,Test_178,1,79.0,72.0,6917.04697491,1001,477,0.477,0.695061170750642,504,0.5034965034965035,99550.68387899442,37966.92642001334,41553.9482538568,36125.73357460874,0.8693694604881682,0.13063053951183184,0.9995934706776465,0.005787172788553867,0.9999937426388135,-0.0755573775810844,0.0755573775810844,0.1418878947698213,0.27112543741040707,2.53060269228871,0
Case3,Test_179,2,36.0,-84.0,13327.407454,1001,258,0.258,0.47653734717178864,723,0.7222777222777222,363993.0180096725,126814.43689247208,161863.8202543424,108151.95658569717,0.6681663414081921,0.33183365859180797,0.9962291264279447,0.017417196835545393,0.9999364710787305,-0.22849730213533767,0.22849730213533767,0.41536313595518215,0.6841752939794644,4.020920473403862,0
Case3,Test_180,2,22.0,-27.0,10229.4984285,1001,88,0.088,0.2881114622091056,893,0.8921078921078921,792444.181604583,176691.59048791442,261619.44928300314,124618.98855967724,0.47633686601362885,0.5236631339863711,0.9856461055733124,0.03392202393278621,0.9996583526742374,-0.4489881470069557,0.4489881470069557,0.7546372200438888,1.0312630511384844,3.700280279911226,0
Case3,Test_181,2,-47.0,5.0,10282.5719076,1001,85,0.085,0.25092447365744935,896,0.8951048951048951,881054.8382395782,211136.61213671826,314935.93600219226,154097.68813600176,0.4892985223983112,0.5107014776016888,0.9870652754179908,0.03194609000372109,0.9997363983777622,-0.42032061694823314,0.42032061694823314,0.7375373006258398,1.1786866971838046,9.505983365036855,0
Case3,Test_182,2,16.0,-60.0,11961.9587398,1001,121,0.121,0.30969453251268486,860,0.8591408591408591,712600.4028093443,193227.1298751242,266843.0308593287,150253.10861922315,0.5630767576554468,0.43692324234455315,0.9918388304057231,0.025535920247093762,0.9998311077304505,-0.3371851708576737,0.3371851708576737,0.5896341335079827,0.9829840704789564,8.188834793982437,0
Case3,Test_183,1,70.0,-63.0,10009.3121341,1001,662,0.662,0.8266027385237079,319,0.31868131868131866,104053.29981285491,40398.63235188984,44986.17252793866,38438.62125234987,0.854454137623679,0.14554586237632094,0.9994745496060237,0.006573174527966803,0.9999961328917089,-0.08449341314952981,0.08449341314952981,0.16039486819033244,0.265324868726931,1.4974505322869618,0
Case3,Test_184,2,58.0,-22.0,12280.4425861,1001,153,0.153,0.3524941127868595,828,0.8271728271728271,572506.5413497481,169984.46154492052,229744.423077904,136447.79542981266,0.5939112410295356,0.40608875897046437,0.9935064557175989,0.022774048782500562,0.9998718060139543,-0.29995794386916474,0.29995794386916474,0.5362710012067008,0.9166801779628331,7.189412130727646,0
Case3,Test_185,3,-4.0,7.0,5713.53649114,972,25,0.025746652935118436,0.14873174139758324,928,0.9547325102880658,1654353.3659162796,210870.47729234144,410010.7416138508,94921.00959866706,0.23150859225064868,0.7684914077493514,0.954432037488617,0.059614720170930745,0.9942828001765864,-0.7802593327167402,0.7802593327167402,1.4126707509089131,2.2322824059482502,25.706756978375438,1
Case3,Test_186,1,61.0,-55.0,13104.5603553,1001,775,0.775,0.8915274888827841,206,0.2057942057942058,114600.38864696804,46854.60009652478,43879.794757984564,46402.0397519713,1.0574807837615918,-0.05748078376159172,0.9999419054851849,0.0022387525096775533,0.9999974755972126,0.012529967041149039,0.012529967041149039,0.07448727194271874,0.27194377516833584,3.592635603415445,0
Case3,Test_187,2,51.0,-25.0,12486.8862646,1001,184,0.184,0.3970855776946523,797,0.7962037962037962,481767.5773810012,148225.95881525558,198944.3270882845,121302.80437533121,0.6097324118294727,0.3902675881705273,0.9942582593116871,0.021394676339161228,0.999894256365837,-0.28066791111129286,0.28066791111129286,0.5113577371267316,0.8710288026347449,6.184139065479144,0
Case3,Test_188,3,-30.0,-6.0,8514.80439425,1001,56,0.056,0.2100405287389573,925,0.9240759240759241,1107037.1958534205,211144.28395310772,347312.5370991278,136376.9167403565,0.3926633857776135,0.6073366142223865,0.9775062979729915,0.04196884596847638,0.9993848918314331,-0.5518153679575009,0.5518153679575009,0.9589963718488422,1.4053415201734563,8.907152122828393,0
Case3,Test_189,2,-82.0,-27.0,12331.1785852,1001,167,0.167,0.36630567802335484,814,0.8131868131868132,526163.6923806205,164424.60430365862,215702.67225364252,133581.6712778546,0.6192861214105744,0.3807138785894256,0.9944561842687386,0.021133380610667458,0.9998830176132036,-0.27945715168221136,0.27945715168221136,0.4900818769510026,0.8222536539102381,6.40242408947563,0
Case3,Test_190,2,31.0,-45.0,13357.8399023,1001,279,0.279,0.5153672622604734,702,0.7012987012987013,337167.8371715869,111203.88423835993,145372.94827038306,94871.21763681069,0.6526057204285157,0.3473942795714842,0.9958026821273174,0.01829763140476232,0.9999415670262481,-0.23805113034565317,0.23805113034565317,0.4434259872891865,0.736731694075606,4.382460680118811,0
Case3,Test_191,1,-48.0,-78.0,12252.301561,1001,444,0.444,0.6907046430333645,537,0.5364635364635365,194017.12219566465,65103.34482100003,70150.02785662234,61049.21282710136,0.8702664089011927,0.1297335910988073,0.999516649747855,0.006341471631002841,0.9999865298397527,-0.08458700795619459,0.08458700795619459,0.13932931776832588,0.22294080278174788,1.9396192291648617,0
Case3,Test_192,2,-34.0,65.0,13848.236456,1001,281,0.281,0.5054448311027011,700,0.6993006993006993,346414.8730780859,121225.73413420585,154183.5612051295,104031.03859903768,0.6747219858324086,0.3252780141675914,0.9963938673812082,0.017030937820249652,0.9999430574669691,-0.22308431919951188,0.22308431919951188,0.4059611421123535,0.6669462778186025,3.9265522038660947,0
Case3,Test_193,1,41.0,-83.0,13421.6342435,1001,332,0.332,0.6044712021092647,649,0.6483516483516484,282978.8810163582,86840.57059233123,92729.20484487838,78870.68989823689,0.8505485411006743,0.14945145889932562,0.9990444667222395,0.009056222752646042,0.9999701986614561,-0.12005958963928909,0.12005958963928909,0.16009809712457654,1.9911516569003331,220.95739857838294,0
Case3,Test_194,2,-29.0,74.0,13034.4433166,1001,193,0.193,0.4054951183887829,788,0.7872127872127872,478828.7410692567,152196.2704223384,197510.3395713575,125986.82921106316,0.6378746018283565,0.36212539817164346,0.9951947088160416,0.01966714733988419,0.9999044866015029,-0.25945457373019193,0.25945457373019193,0.4610675134544333,0.7807821191059997,5.876413422301198,0
Case3,Test_195,1,43.0,37.0,14330.1557036,1001,423,0.423,0.649366190137987,558,0.5574425574425574,236935.48604572972,86004.84713328209,107992.49352865899,76036.78669872269,0.7040932588388107,0.29590674116118926,0.9971258369137322,0.015197729351432881,0.9999727299332952,-0.19688214170289461,0.19688214170289461,0.3639157537818865,0.5690340656967173,2.697220870686067,0
Case3,Test_196,1,-73.0,89.0,6140.2527211,1001,410,0.41,0.6473289540759148,571,0.5704295704295704,101305.87217310136,37439.60042609449,39556.56296793153,35849.428246070005,0.9062826887951085,0.09371731120489152,0.9997744801725656,0.004331007093538489,0.9999933403741267,-0.057675189224267606,0.057675189224267606,0.09871372498543406,0.18178539957330717,2.299137336604417,0
Case3,Test_197,2,-41.0,12.0,10217.7984449,1001,90,0.09,0.2648921872770919,891,0.8901098901098901,823008.302030952,196361.03395626217,292665.72168667725,143092.48242551478,0.48892805621666574,0.5110719437833343,0.9869755348976353,0.03207541838136938,0.9997356808477321,-0.422188678409329,0.422188678409329,0.7377636577089294,1.1662503908768176,9.31132569200679,0
Case3,Test_198,1,-64.0,-44.0,14730.2615499,1001,546,0.546,0.7209168274654786,435,0.43456543456543456,187793.81585007563,81337.12369102424,97958.33955767463,72242.21765779848,0.7374789934578735,0.26252100654212646,0.9976665358911875,0.013802059203565122,0.9999745165327414,-0.1811640871063783,0.1811640871063783,0.3120195246227844,0.42872631196033484,1.222481658568256,0
Case3,Test_199,1,-62.0,-53.0,13540.2440583,1001,758,0.758,0.8866796459090498,223,0.22277722277722278,122227.07455200599,44786.43436181888,52474.89651958133,42918.028455504085,0.8178773337740449,0.1821226662259551,0.9993014452766614,0.007512148857557853,0.9999979354115274,-0.08872669111327902,0.08872669111327902,0.20917087297987635,0.4285589685870424,3.040570740551459,0
Case3,Test_200,2,35.0,82.0,13304.7458106,1001,247,0.247,0.4658203371182851,734,0.7332667332667333,379418.6732113626,130416.07307346903,166619.2108620307,110812.65663987897,0.6650653070949757,0.33493469290502426,0.9961299655046966,0.01764938271918349,0.9999326498729657,-0.2318242091831895,0.2318242091831895,0.41974325896275827,0.6934264090098312,4.261688875767277,0
Case4,Test_001,2,11.0,49.0,11011.2961092,1001,98,0.098,0.27822252884765003,883,0.8821178821178821,809146.0697581063,200550.13879458405,290444.1514093996,150356.62479654985,0.5176782664306866,0.48232173356931335,0.9891727919173167,0.029294501088953623,0.999780760746747,-0.3858369193285098,0.3858369193285098,0.6784405572572849,1.0976888354340253,8.815083435968859,0
Case4,Test_002,2,-15.0,-71.0,11586.5645964,1001,112,0.112,0.29365153236751496,869,0.8681318681318682,745938.6498321329,200318.11706142288,276974.7447587826,153571.78752243836,0.5544613378240824,0.4455386621759176,0.9912285466972132,0.026524911181784513,0.9998135806706384,-0.35110580395917346,0.35110580395917346,0.6024012835983008,0.9830990183934768,8.592268217636502,0
Case4,Test_003,2,-88.0,11.0,10716.931733,1001,98,0.098,0.267130314111349,883,0.8821178821178821,794519.3381603842,208710.2866205237,291449.6872997684,154630.855244255,0.5305576296097055,0.46944237039029446,0.9894823105396872,0.029134178647182808,0.9997642884224404,-0.3868557908758496,0.3868557908758496,0.642220292700983,0.9976494164905997,8.854230321656814,0
Case4,Test_004,2,-25.0,-46.0,12312.4544519,1001,181,0.181,0.40201570833531614,800,0.7992007992007992,482116.64503594645,142507.9057700703,193415.45520997173,115732.63040706582,0.5983628882264167,0.4016371117735833,0.9937709218821664,0.022260357066152713,0.9998856332966424,-0.291823517316801,0.291823517316801,0.5318650841959506,0.9021638947869906,6.5370088002629245,0
Case4,Test_005,2,32.0,27.0,11302.030914,1001,148,0.148,0.37036189341693776,833,0.8321678321678322,534992.1818514949,144312.84585441844,198007.81617823202,112030.40339814112,0.565787783333258,0.434212216666742,0.9919021673648077,0.025501645530966822,0.9998239800775554,-0.33720473290557074,0.33720473290557074,0.5827515751399645,0.9167096999385346,7.264558476311208,0
Case4,Test_006,1,-76.0,-52.0,11317.8406285,1001,507,0.507,0.7294130228961634,474,0.47352647352647353,155993.17146848113,55801.743709615715,61426.31412598807,52635.12249794744,0.8568823190333461,0.14311768096665395,0.9994867407490354,0.006505984748605847,0.9999909323311297,-0.08549143631453103,0.08549143631453103,0.1563717673231637,0.2819443145853723,2.2208927492928296,0
Case4,Test_007,2,-66.0,-12.0,11242.2263908,1001,105,0.105,0.27919966643028615,876,0.8751248751248751,772872.459344659,206526.51960962865,290542.29674395226,156879.92575906168,0.5399555504213421,0.4600444495786578,0.9904246154266813,0.027651882583064002,0.999799992916809,-0.3654088894163078,0.3654088894163078,0.631384732536807,1.0323802519377994,8.741173215658364,0
Case4,Test_008,1,-43.0,77.0,13759.4394451,1001,394,0.394,0.6612494178285019,587,0.5864135864135864,243663.13019365916,77972.81273006105,81152.48713217606,72207.71924512056,0.889778265544877,0.110221734455123,0.9994412252590155,0.006905867001586341,0.9999789230400495,-0.09098250788998218,0.09098250788998218,0.11857707434267731,0.6687287273240146,29.5951099615001,0
Case4,Test_009,1,75.0,40.0,13655.920189,1001,345,0.345,0.5569369124399932,636,0.6353646353646354,276457.22770311584,106635.10422179241,135110.9142204373,92622.66858108119,0.6855306184218743,0.31446938157812565,0.9966522611497758,0.016407859340832893,0.9999580335582654,-0.21400933372444125,0.21400933372444125,0.39046968953550903,0.6087411999269375,2.7368998946063243,0
Case4,Test_010,1,-63.0,87.0,7942.92839762,1001,467,0.467,0.6910319422239586,514,0.5134865134865135,117278.26118961055,43500.616256686604,48135.150662769345,41197.996028419366,0.8558817301113052,0.1441182698886948,0.9995021567187983,0.006395960474869379,0.9999926352032299,-0.08329264314716407,0.08329264314716407,0.1580872683868972,0.30529018371105404,2.821867870350559,0
Case4,Test_011,2,-72.0,-8.0,10889.5463732,1001,97,0.097,0.2642864173004121,884,0.8831168831168831,819345.0782619496,213647.53460374958,303203.6446253424,159319.40972474217,0.5254534783762488,0.4745465216237512,0.9893652670364323,0.02917687190510058,0.9997749153565839,-0.38610604993683695,0.38610604993683695,0.6571767930748318,1.0370889171248343,8.524597789445806,0
Case4,Test_012,1,-84.0,47.0,11739.5403689,1001,391,0.391,0.6434613774626458,590,0.5894105894105894,211217.9947240746,70069.21717193963,77781.00164947702,64739.94821754738,0.8323362626429056,0.1676637373570944,0.9991963593054107,0.008149903873620419,0.9999812156074892,-0.10828602256489796,0.10828602256489796,0.18517669513084695,0.32087755688514086,3.054187217171375,0
Case4,Test_013,1,57.0,48.0,15063.2943447,1001,751,0.751,0.85019751977784,230,0.22977022977022976,138262.5238668809,68926.38180506487,80388.37333472536,61400.954404870245,0.7638039166336369,0.23619608336636314,0.9980936934002328,0.012566224494458645,0.9999722395133639,-0.16577705608762056,0.16577705608762056,0.2732429653632094,0.349103977312548,0.6719453333350884,0
Case4,Test_014,1,54.0,51.0,13934.8684426,1001,754,0.754,0.8850239304465028,227,0.22677322677322678,125248.83738058475,48189.70474199226,50443.86642460097,46916.24011234718,0.9300682806000492,0.06993171939995077,0.9998937967904533,0.002977754816820109,0.9999978557830355,-0.03891795363100805,0.03891795363100805,0.07284638777406012,0.13492951723493884,1.061342077612636,0
Case4,Test_015,2,17.0,33.0,10022.3210295,1001,87,0.087,0.2751195354290369,894,0.8931068931068931,812609.1600173519,183163.07947859552,273880.61327645904,130370.39102697621,0.4760117536883798,0.5239882463116202,0.9857367526708585,0.03367925105561316,0.9996882685915307,-0.444604104390435,0.444604104390435,0.760203011790108,1.1263517488869819,7.870585688711685,0
Case4,Test_016,1,52.0,44.0,15284.4841387,1001,671,0.671,0.8131814713298494,310,0.3096903096903097,158317.82049156402,69289.01633538268,81106.15736705222,62669.67892030936,0.7726870678473011,0.2273129321526989,0.9983225854235632,0.01174044141219093,0.999982265062935,-0.15404144032356365,0.15404144032356365,0.26324658779809634,0.35635520793572123,0.9516117800322945,0
Case4,Test_017,2,-41.0,73.0,14021.8938199,1001,377,0.377,0.5901583345052297,604,0.6033966033966034,259915.61046491517,100423.67594226179,127060.83016205725,87577.27740212152,0.6892547238234065,0.3107452761765936,0.996739769574613,0.016193595794299537,0.9999631768666756,-0.21091044602923584,0.21091044602923584,0.3851928430552106,0.589567958134804,2.490718132957568,0
Case4,Test_018,2,88.0,18.0,11264.079576,1001,117,0.117,0.29528812187792447,864,0.8631368631368631,696635.7274430235,195023.85486472616,264588.05276157905,150159.49288376432,0.5675218186025709,0.4324781813974291,0.991875535945418,0.025606492213630476,0.9998151833092586,-0.3398367873152164,0.3398367873152164,0.5755934443814006,0.9322654798989539,8.204714946702211,0
Case4,Test_019,2,-28.0,-86.0,12615.596692,1001,174,0.174,0.3803572882200698,807,0.8061938061938062,517226.9237267598,160084.99378204436,207767.16864530736,130676.16414582092,0.6289548295713004,0.3710451704286996,0.9947836755649629,0.020530980002867127,0.9998856897126764,-0.2718175163607665,0.2718175163607665,0.4732412517873815,0.7820631998562575,5.851703457200983,0
Case4,Test_020,2,-15.0,-39.0,10466.5064959,1001,96,0.096,0.2822263609905319,885,0.8841158841158842,783882.0290741611,186031.0309358604,275024.2965136526,136007.65779994786,0.49452960892564723,0.5054703910743528,0.9873413133496779,0.031671273091457626,0.9997401595818302,-0.417264898745896,0.417264898745896,0.7252594174630649,1.120496194218608,8.317230473931659,0
Case4,Test_021,2,-2.0,-69.0,10943.26182,1001,91,0.091,0.2600413008664594,890,0.8891108891108891,870028.6704978346,217802.5715254582,312450.72268321685,161075.806255962,0.5155238716451018,0.4844761283548981,0.9886539985416372,0.030107483183190883,0.9997594596506632,-0.3981362011679824,0.3981362011679824,0.6778458765168881,1.0642040970529523,8.906320039088655,0
Case4,Test_022,2,-19.0,-70.0,12020.3608639,1001,128,0.128,0.31868497908870724,853,0.8521478521478522,673648.1388656116,188513.43802401365,256090.85700717257,147624.63487734552,0.5764541405443884,0.42354585945561163,0.9924706108074455,0.024583723063637316,0.9998405910616409,-0.32525550610140924,0.32525550610140924,0.5632426123158821,0.9392534757092473,8.105891364583726,0
Case4,Test_023,2,-49.0,30.0,13146.5034248,1001,258,0.258,0.4853872508550166,723,0.7222777222777222,358789.42489943124,120157.47135830545,157325.96480667466,101844.95232344982,0.6473499301186486,0.35265006988135134,0.9956378969279148,0.01866203218965603,0.9999343045689595,-0.24340802681507823,0.24340802681507823,0.45105397437261846,0.74889245251482,4.4619178113983935,0
Case4,Test_024,2,59.0,-11.0,11249.2442423,1001,104,0.104,0.2786457271319106,877,0.8761238761238761,783060.1677133143,206499.8810172011,292687.8266642038,156837.35456656566,0.53585199068256,0.46414800931744,0.990258420082295,0.027850623226223437,0.999800973792436,-0.3675194197363944,0.3675194197363944,0.6408252603794377,1.050356452288518,8.674015648743762,0
Case4,Test_025,2,-11.0,53.0,11308.6086761,1001,102,0.102,0.2825398858027846,879,0.8781218781218781,800234.3563055401,202784.10664275964,290189.4606883539,153323.06536396683,0.5283550443226697,0.4716449556773304,0.9898570337346141,0.02838584081510938,0.9997948747862839,-0.3741908392024461,0.3741908392024461,0.6564856952928323,1.0705679655125853,8.712890972396963,0
Case4,Test_026,1,-56.0,40.0,14646.8444603,1001,493,0.493,0.6881090609347216,488,0.4875124875124875,207292.23658131668,84604.6377530026,103069.06701173466,75154.42160245984,0.7291656340879008,0.2708343659120992,0.9975791700374819,0.014023589072752413,0.9999744244780074,-0.18336427172228337,0.18336427172228337,0.3246766010145582,0.4685363867823278,1.6596690466651012,0
Case4,Test_027,2,62.0,-28.0,13035.4194559,1001,205,0.205,0.41747510746530236,776,0.7752247752247752,450810.7352219257,146584.36985668086,191542.69141519186,121849.12742094889,0.6361460545462746,0.36385394545372535,0.9951872817225746,0.01964830943668737,0.9999100987303481,-0.2583715363842236,0.2583715363842236,0.46566480467821464,0.7850579946803673,5.362913538779139,0
Case4,Test_028,2,-60.0,15.0,11527.7571215,1001,115,0.115,0.29609069785659176,866,0.8651348651348651,720980.1646665595,197034.9037614754,274970.4193109669,152157.70490640638,0.5533602679433297,0.4466397320566703,0.9913318972442369,0.026285829199073636,0.9998236931507312,-0.34683587622389034,0.34683587622389034,0.6079170306925649,1.0183841334329706,8.625531493214453,0
Case4,Test_029,2,-86.0,4.0,10320.0099764,1001,89,0.089,0.25182213864480774,892,0.8911088911088911,849044.4014959941,214769.2719724913,306093.501074306,155163.46657594934,0.506915259655521,0.493084740344479,0.9876220625405391,0.03159461150643462,0.9997310701970795,-0.41943650316776476,0.41943650316776476,0.6875149095080574,1.0427535781493313,9.274365715701038,0
Case4,Test_030,2,-45.0,-21.0,11450.9530458,1001,141,0.141,0.3424557506011021,840,0.8391608391608392,581584.8737891612,162402.23277462923,226881.44805076622,127292.00925730728,0.5610507617565313,0.4389492382434687,0.9918778620281982,0.025396529822377743,0.9998435100095866,-0.3338558001915218,0.3338558001915218,0.5973829246284326,0.9959109294882521,7.622770376083054,0
Case4,Test_031,1,39.0,-42.0,15017.8709402,1001,466,0.466,0.694156673149616,515,0.5144855144855145,223244.383279755,79370.08606186317,98299.99806264995,71373.31204781088,0.726076433921415,0.273923566078585,0.9976705111990967,0.013681345439666143,0.9999807428907375,-0.1759842685257504,0.1759842685257504,0.33258938001040034,0.5415332360987881,2.861056457769962,0
Case4,Test_032,2,-68.0,32.0,13274.154748,1001,238,0.238,0.4538403310949173,743,0.7422577422577422,392839.6982516138,134638.34351803196,173640.64721770628,113768.24793981886,0.655193641366581,0.344806358633419,0.9958232657800448,0.018315512959002984,0.9999289301849275,-0.24039582128354367,0.24039582128354367,0.43575637884972585,0.7244311586866778,4.573951448204866,0
Case4,Test_033,2,30.0,-72.0,13140.8120875,1001,205,0.205,0.42006839111679734,776,0.7752247752247752,453318.7287062636,146590.16159836433,189681.13953779123,122326.4329133681,0.6449056200919561,0.3550943799080439,0.995460719016777,0.01910419619796033,0.9999131773117417,-0.2515878690342777,0.2515878690342777,0.45062440853491437,0.7687911520163784,5.681234013175413,0
Case4,Test_034,1,65.0,-56.0,12351.5149036,1001,735,0.735,0.8725472149350849,246,0.24575424575424576,115409.27081012311,43669.3725108682,50043.88150592176,41329.7925895643,0.8258710424904528,0.17412895750954713,0.999225010318223,0.007958945446352448,0.999996435379364,-0.10056924872107353,0.10056924872107353,0.1967079058330924,0.32797082866381666,1.7582062222084573,0
Case4,Test_035,1,62.0,45.0,14907.5453923,1001,607,0.607,0.7628481075101946,374,0.37362637362637363,170893.9215464839,76573.73966119628,90432.22206013738,68553.8537916478,0.7580688855136116,0.24193111448638832,0.9980563743642245,0.012631286783369907,0.9999777962221107,-0.16623011246183902,0.16623011246183902,0.2822983198881426,0.3771590149813925,0.9433779954171087,0
Case4,Test_036,1,-51.0,58.0,13739.8908747,1001,731,0.731,0.8693810976283163,250,0.24975024975024976,126959.51701578531,50277.11717525785,48994.12563322038,49441.3525173254,1.0091281735988729,-0.009128173598872906,0.999982139958448,0.0012321213017860262,0.9999970029201647,-0.00491872342376612,0.00491872342376612,0.03431206590477348,0.11501764155657604,1.344571543563731,0
Case4,Test_037,1,82.0,-75.0,6153.59747511,1001,427,0.427,0.6535488889758635,554,0.5534465534465535,98898.73192562522,37318.452838832556,40515.710065558545,35536.46653519703,0.8771033872464634,0.12289661275353658,0.9996386159209578,0.00546155353582844,0.9999932469835299,-0.07172259285534051,0.07172259285534051,0.1325695216793941,0.2594709015803994,2.758513773478626,0
Case4,Test_038,1,-37.0,59.0,14332.6667656,1001,377,0.377,0.5975772684648418,604,0.6033966033966034,265996.9536235397,99810.83633178085,124778.70895671012,87471.33061097183,0.7010116657106825,0.2989883342893175,0.997053685663418,0.015413566995616879,0.9999638428765639,-0.20110267119268388,0.20110267119268388,0.36674310192382714,0.5721129702202589,2.705257786341292,0
Case4,Test_039,2,-35.0,-29.0,12006.8955547,1001,192,0.192,0.4252444039472407,789,0.7882117882117882,439227.21765972447,128556.3630489769,172784.0543982227,103598.0455443772,0.5995810545434384,0.40041894545656165,0.9936502650511075,0.02255706440086857,0.9998764641293093,-0.29714375720128944,0.29714375720128944,0.5262544201937709,0.8503838815151838,6.2360082367627,0
Case4,Test_040,2,84.0,24.0,11960.1731404,1001,146,0.146,0.3379246261443937,835,0.8341658341658341,586291.5831321042,176218.34217708666,233087.78784489873,140808.0722742054,0.6040988829835302,0.3959011170164698,0.9937505361273004,0.022449979079124324,0.9998604163538012,-0.29740072152384095,0.29740072152384095,0.5144087234551439,0.858330326635221,7.094227786792203,0
Case4,Test_041,2,12.0,88.0,10861.8750677,1001,98,0.098,0.27140191208683345,883,0.8821178821178821,799691.9160107328,206902.3689557964,287314.9550712532,153821.0202299104,0.5353742209199076,0.46462577908009245,0.9897704223651761,0.02875589852657858,0.9997690699070656,-0.381982137073132,0.381982137073132,0.6325688827442666,0.969848265823054,8.590383252285164,0
Case4,Test_042,2,-80.0,36.0,13228.4187088,1001,264,0.264,0.4782237005936436,717,0.7162837162837162,352450.4564577373,125960.74546555876,161040.99774313456,107491.08603204363,0.667476527955293,0.332523472044707,0.9961935288459906,0.01749458520887696,0.9999382509547771,-0.22933484489061687,0.22933484489061687,0.41677217729818217,0.6807043516707257,3.8720604728373473,0
Case4,Test_043,1,90.0,52.0,10201.0263764,1001,416,0.416,0.6570207692410657,565,0.5644355644355644,171607.3206120242,59387.15425413724,67231.77339300391,55233.44463793752,0.8215378213373897,0.17846217866261022,0.9991733499862172,0.008227977055245516,0.9999862015609433,-0.10770839162577651,0.10770839162577651,0.20017439883235272,0.3799611579216845,3.313512160401899,0
Case4,Test_044,2,-83.0,8.0,10546.2695091,1001,93,0.093,0.25877835447959996,888,0.8871128871128872,824304.6875236754,212750.87815084154,300713.58052808064,156221.77218705442,0.519503548568424,0.480496451431576,0.9887127604146907,0.030147187344866714,0.9997538003754272,-0.40001146795259623,0.40001146795259623,0.6643957175229611,1.0301116136546633,9.197894417462862,0
Case4,Test_045,2,77.0,-20.0,11760.6102924,1001,129,0.129,0.31470367575636377,852,0.8511488511488512,654317.2028413662,188435.479723086,254547.5392530389,147645.34672777756,0.5800305403110075,0.41996945968899246,0.9926115631203597,0.024378142791884015,0.999840064975521,-0.3228499653602782,0.3228499653602782,0.5559169447242698,0.9199011921696916,7.774012821557108,0
Case4,Test_046,1,56.0,-82.0,9733.11474831,1001,473,0.473,0.7034975026650855,508,0.5074925074925075,142802.95019980526,50725.81760615486,56784.27947787342,47797.420967691054,0.8417368575807291,0.15826314241927092,0.9993933823080318,0.007050865854083704,0.9999913438559037,-0.09159812513393469,0.09159812513393469,0.17541615247907238,0.3413419116115315,3.0301314185953174,0
Case4,Test_047,2,-33.0,64.0,13726.8000241,1001,267,0.267,0.4911540585646997,714,0.7132867132867133,361776.55968949624,124635.95851729164,159380.0840859661,106467.45017617094,0.6680097503195238,0.33199024968047613,0.9962330009351613,0.017398428140630168,0.9999392603587606,-0.22796927920522442,0.22796927920522442,0.41609798404355425,0.6915453074150048,4.2646465935685,0
Case4,Test_048,3,-23.0,-2.0,7397.61497851,1001,40,0.04,0.1804410899961437,941,0.9400599400599401,1329744.5955288622,215509.60848044153,382186.2571008943,124371.10242490996,0.3254201324985815,0.6745798675014185,0.9690857408025362,0.04900522646532718,0.9986646541963746,-0.6436801966799179,0.6436801966799179,1.1381903156057875,1.657684561281569,8.699781914964433,0
Case4,Test_049,2,4.0,78.0,10742.8534234,1001,90,0.09,0.25878573492310325,891,0.8901098901098901,863893.9293781061,215821.3783428078,307564.5681205625,157812.59719985674,0.5131039578590069,0.48689604214099313,0.9882464987197295,0.03074036777310839,0.9997453483081682,-0.4075524443885194,0.4075524443885194,0.6780299527230661,1.0334354891824609,8.818867264413825,0
Case4,Test_050,2,-13.0,60.0,11609.1517173,1001,109,0.109,0.2911874284636341,872,0.8711288711288712,767133.5475646941,201724.79164466882,282795.3173153443,154543.08231537207,0.5464838802229582,0.4535161197770418,0.9908928529413189,0.026952480996391425,0.999812808261278,-0.3558652884895432,0.3558652884895432,0.620063917660614,1.0263446379654628,8.797490990973188,0
Case4,Test_051,2,-54.0,22.0,12204.5963718,1001,155,0.155,0.3570952080135631,826,0.8251748251748252,561766.3658820067,165768.3403846083,225106.13117408683,133042.3171044431,0.5910204062880643,0.4089795937119357,0.9933987322512924,0.02294246914705816,0.9998709108827486,-0.3018124868782933,0.3018124868782933,0.54218426314636,0.925323295107545,7.076729280728273,0
Case4,Test_052,3,14.0,-3.0,6300.99044099,1001,29,0.029,0.15708606478325032,952,0.951048951048951,1554795.5245862564,212417.04897258335,404508.263904639,103175.5381863458,0.25506410472412244,0.7449358952758777,0.9586178448398959,0.056670261949821055,0.9962610660233938,-0.7454542763070512,0.7454542763070512,1.342024410550658,2.031115089322263,9.466522257045426,0
Case4,Test_053,2,-67.0,23.0,12333.831269,1001,153,0.153,0.3492953867651684,828,0.8271728271728271,575970.7139224813,173524.19449226334,231971.845388305,139552.827164912,0.6015938138152505,0.39840618618474954,0.9937600493533308,0.022368032441110134,0.999873795553179,-0.29524455681726625,0.29524455681726625,0.5213812525999243,0.8834157868415841,7.0152345399429805,0
Case4,Test_054,2,-36.0,-80.0,13328.6170924,1001,262,0.262,0.4815392657942953,719,0.7182817182817183,358231.0372109714,124923.86399187818,159893.7454898025,106413.89186772189,0.6655287956495373,0.33447120435046274,0.9961471471153522,0.017601131366790545,0.9999365980804027,-0.23083102260153518,0.23083102260153518,0.4196686918378041,0.6880991235083036,4.034253907099242,0
Case4,Test_055,1,69.0,-62.0,10398.1935933,1001,682,0.682,0.8392555722482036,299,0.2987012987012987,104934.94675675794,40700.23162995472,45391.07505151113,38709.654265054094,0.8528032046195257,0.14719679538047428,0.9994571549284849,0.0066818166386418566,0.9999962832411846,-0.08582611492578916,0.08582611492578916,0.16242651990424894,0.2641048942302469,1.4144701973978897,0
Case4,Test_056,1,88.0,-61.0,8241.59796288,1001,466,0.466,0.6856875893465479,515,0.5144855144855145,122755.92251848303,46003.617329895846,52124.327525117034,43201.85496097442,0.8288232580105104,0.17117674198948965,0.999266415165133,0.0077430095603902155,0.999991280180233,-0.10017013029846682,0.10017013029846682,0.19190008725565572,0.3560930717182985,2.751628636315104,0
Case4,Test_057,1,-85.0,56.0,9449.00038741,1001,458,0.458,0.686496867120839,523,0.5224775224775224,143765.33531492445,51782.45442964983,58817.233476600864,48471.45562959031,0.8241029501816607,0.17589704981833928,0.9992240782227272,0.007963041527875594,0.9999899882822254,-0.10327913778492158,0.10327913778492158,0.1975407030052587,0.36900315698176545,2.920815177195948,0
Case4,Test_058,1,46.0,41.0,15105.2994032,1001,564,0.564,0.7536788789727155,417,0.4165834165834166,186547.05614116194,73108.01774357687,88319.0562016844,66028.63415838715,0.747614807019732,0.25238519298026796,0.9979774426251974,0.012811287044919415,0.9999841495952365,-0.1662378144725112,0.1662378144725112,0.2998202490880894,0.44234281453635943,1.6988790406118142,0
Case4,Test_059,2,34.0,-32.0,12712.4369919,1001,224,0.224,0.46853148083998797,757,0.7562437562437563,394460.92112976697,119226.44919616675,155829.4801315245,98617.91627894896,0.6328578918168285,0.36714210818317145,0.9949690231737729,0.020118732479866796,0.999903436170753,-0.26491103322288684,0.26491103322288684,0.47030698408020793,0.7535087661097729,5.305816055217974,0
Case4,Test_060,3,11.0,-2.0,6055.65434826,990,28,0.028311425682507583,0.15414691633837208,943,0.9525252525252526,1612674.8249171616,211119.89758710656,408778.63582124084,96204.56614779642,0.2353463652877073,0.7646536347122928,0.955596856693715,0.05889933070292243,0.9928554466454693,-0.7728599794060271,0.7728599794060271,1.4003858366367055,2.2004200363772055,20.892349258554106,1
Case4,Test_061,2,19.0,-67.0,12124.1583887,1001,130,0.13,0.32178436701748475,851,0.8501498501498501,668336.747854167,187694.10232782335,254733.98621829654,147760.6287849476,0.5800585582574083,0.4199414417425918,0.99268185464922,0.024219930717575135,0.9998470791892393,-0.32015951498731005,0.32015951498731005,0.5576927865065027,0.9418188514390555,8.20374401274944,0
Case4,Test_062,1,-45.0,-80.0,12713.3128752,1001,393,0.393,0.6509141611578279,588,0.5874125874125874,228130.22396596294,74431.65456527265,80685.51594881764,68818.52264998869,0.8529228801566231,0.1470771198433769,0.9993119098406507,0.007578396188887992,0.9999801637592245,-0.10125089931991288,0.10125089931991288,0.15908849965896474,0.20243772404306368,1.047320783762018,0
Case4,Test_063,2,38.0,69.0,13909.7894913,1001,333,0.333,0.5528660348786538,648,0.6473526473526473,292473.5897003613,108573.42103454523,137030.38337047806,94339.39093730718,0.6884560096591815,0.31154399034081853,0.9967368285047121,0.016208014536030803,0.9999573221220208,-0.2116820922014794,0.2116820922014794,0.38556500413956046,0.6079827683111684,3.0312074014472046,0
Case4,Test_064,2,-65.0,32.0,13412.9027285,1001,248,0.248,0.4662651099718519,733,0.7322677322677322,380481.86123153794,131259.27820028213,168888.7839711577,111301.73027703234,0.6590238123571314,0.3409761876428686,0.9959457137328059,0.018046295633035038,0.9999324384780649,-0.2367082313660848,0.2367082313660848,0.42992209032985657,0.7108623754227008,4.35624044488452,0
Case4,Test_065,2,-32.0,-36.0,12914.8956566,1001,242,0.242,0.4908635478078098,739,0.7382617382617382,369864.54274698184,113333.4002489045,148083.90084508492,94678.15632129862,0.639354823724858,0.360645176275142,0.9952543963396134,0.01951734038515815,0.9999168888881139,-0.2561955775468334,0.2561955775468334,0.46132490813262844,0.7417152852210025,4.9741099510411,0
Case4,Test_066,2,-17.0,82.0,11514.6740322,1001,115,0.115,0.29759198507078455,866,0.8651348651348651,723408.6164208853,196732.71637397044,267712.06392882,150927.56365331213,0.5637682569786663,0.4362317430213338,0.9916108225486174,0.026021813504406015,0.9998104058213836,-0.34534147986713193,0.34534147986713193,0.5822900371121121,0.9313942013203492,8.15073407870716,0
Case4,Test_067,1,-61.0,78.0,9127.18709862,1001,537,0.537,0.7458841359258315,444,0.4435564435564436,117180.67415443108,43713.0582042535,48489.11830124609,41535.59184411251,0.8565961456767738,0.14340385432322628,0.9995143572984033,0.00631468483782871,0.9999942771945929,-0.08162050559070078,0.08162050559070078,0.15755499310104176,0.29669474719867256,2.4203946273636348,0
Case4,Test_068,1,45.0,-66.0,14877.8607996,1001,557,0.557,0.7304069263466128,424,0.42357642357642356,185891.5211543766,80272.4743805026,97178.91507426054,71315.47352306911,0.7338574779166084,0.2661425220833916,0.9976065245822856,0.013968272646660406,0.999976562119215,-0.18299026510375474,0.18299026510375474,0.31736337511620455,0.43558563323612726,1.221441604473739,0
Case4,Test_069,2,33.0,-41.0,13575.1033316,1001,308,0.308,0.5512042879978151,673,0.6723276723276723,308807.37836866104,102101.86754570866,132395.60529564365,87769.46557275463,0.6629333758984114,0.3370666241015886,0.9960891363124095,0.017675652750311837,0.9999495861358983,-0.22978535689554694,0.22978535689554694,0.42703776178334857,0.7021334597608802,4.166405928747224,0
Case4,Test_070,1,48.0,85.0,11390.6216746,1001,388,0.388,0.6442870410326968,593,0.5924075924075924,206120.16409795583,67425.12623857446,74678.10828207439,62496.290253090956,0.8368756479078148,0.1631243520921852,0.9992593299837621,0.007822138157785046,0.9999826406769619,-0.10386276772510888,0.10386276772510888,0.17958918862086204,0.32491000850303015,3.334736233302351,0
Case4,Test_071,1,82.0,86.0,5086.42287956,1001,351,0.351,0.5905746873441813,630,0.6293706293706294,98265.11542109035,35840.53246582239,38086.21362024799,34260.5186401938,0.8995517113305189,0.10044828866948106,0.9997450746876313,0.004600328399377451,0.9999929840358739,-0.061147745738838244,0.061147745738838244,0.10644349084584137,0.203167590948281,2.740845808385018,0
Case4,Test_072,2,-21.0,38.0,11159.0857734,1001,126,0.126,0.33324758689800055,855,0.8541458541458542,627742.9287957216,162420.6886976052,229914.55174007115,124047.36205819529,0.5395368023440137,0.46046319765598626,0.9904616889739614,0.02756067075299751,0.9998084672825754,-0.3633343222128634,0.3633343222128634,0.6352157638047401,1.017888551178277,8.251235704992155,0
Case4,Test_073,1,81.0,-73.0,6540.12498476,1001,451,0.451,0.6732116638878978,530,0.5294705294705294,99525.78233012174,37859.677457090875,41368.62075862198,36013.82986678403,0.8705591147676366,0.1294408852323634,0.9995985771219675,0.005751083608587138,0.9999932901781717,-0.0752042315650587,0.0752042315650587,0.14051480816494097,0.2748157139211379,2.7421774275442203,0
Case4,Test_074,2,78.0,-23.0,11993.2690704,1001,143,0.143,0.33439737941264613,838,0.8371628371628371,599833.3593254113,178577.7645712689,238345.48092164856,142115.78247452644,0.5962596056991919,0.4037403943008081,0.9934362725646579,0.022980489597135837,0.9998592451246648,-0.30414801088529025,0.30414801088529025,0.5283154747786005,0.8862310394702883,7.395990633078554,0
Case4,Test_075,2,26.0,-58.0,12979.6804331,1001,189,0.189,0.40424753101707034,792,0.7912087912087912,487819.00790390605,150759.49920504118,198917.8656150089,124365.50453360502,0.6252103306512721,0.37478966934872787,0.9948392406029013,0.02032219582980309,0.9999009665857818,-0.2671681127301792,0.2671681127301792,0.4838434684775005,0.8377101077673015,6.3051712534728495,0
Case4,Test_076,3,13.0,14.0,7040.28462787,1001,35,0.035,0.17544864209610495,946,0.945054945054945,1419489.5208088956,211437.4403724985,381350.3795212556,114252.73453960005,0.2996004217513355,0.7003995782486645,0.965958262870227,0.05154078741260007,0.9978777222879708,-0.6786318307451474,0.6786318307451474,1.2027353267222973,1.7536690553860945,7.915631043883877,0
Case4,Test_077,2,-6.0,51.0,10863.5648821,1001,91,0.091,0.2637485220214774,890,0.8891108891108891,867496.5582668923,210681.81576515935,307960.2039204977,156161.36848830385,0.5070829493560737,0.4929170506439263,0.9883628196769244,0.03036276596530797,0.9997608688921354,-0.39998016287698446,0.39998016287698446,0.6998235061123683,1.1170679449557064,8.726198108072822,0
Case4,Test_078,1,73.0,-45.0,14124.5573614,1001,478,0.478,0.7299918179381117,503,0.5024975024975025,205147.20142718303,68983.41934264904,70479.2763653384,65102.77100942126,0.9237150885595458,0.07628491144045428,0.9997116425090764,0.0049492895745837946,0.9999867796797894,-0.06465528176766862,0.06465528176766862,0.0897943919374768,0.32171255189233156,6.41215985775051,0
Case4,Test_079,3,0.0,1.0,5357.92259939,1003,23,0.022954091816367265,0.14321077745306326,960,0.9571286141575274,1696895.5684251436,200407.2883309183,408614.3837287525,63743.10005472228,0.15599817968482577,0.8440018203151742,0.9438474755266071,0.06706723331448419,0.9435663146833845,-0.8593265655509482,0.8593265655509482,1.6396474900023763,3.764681001711172,234.20267090633524,0
Case4,Test_080,1,-42.0,-56.0,14957.0899963,1001,563,0.563,0.7417101556152277,418,0.4175824175824176,185317.27799533063,77107.90855840917,92422.8113963436,68994.8627828744,0.7465133524990775,0.25348664750092254,0.9978989333209994,0.01309443969530823,0.9999780443108155,-0.17151382827177844,0.17151382827177844,0.2995148497029323,0.4208703240714414,1.3308109408289397,0
Case4,Test_081,2,-80.0,12.0,10909.0260958,1001,101,0.101,0.27163058262739914,880,0.8791208791208791,781788.30446941,208040.72272122145,290120.5467123985,156121.88311668966,0.5381276331023047,0.4618723668976953,0.990073335690107,0.02825571342426219,0.9997821897015875,-0.3746602059544025,0.3746602059544025,0.630736480461318,1.002173444261665,8.83613119761128,0
Case4,Test_082,3,23.0,-15.0,8378.18367328,1001,53,0.053,0.21334543122889535,928,0.9270729270729271,1115313.0538783162,203594.96273732506,336136.3989690989,128432.21485495543,0.3820836281011097,0.6179163718988903,0.9764193173894374,0.04305879932822071,0.9992602747488367,-0.5672523791793044,0.5672523791793044,0.9797301760865713,1.4144196209027835,8.12429561625936,0
Case4,Test_083,3,9.0,25.0,8284.8669635,1001,48,0.048,0.20522706545390143,933,0.932067932067932,1199155.7149513846,209984.42671699618,355942.8419702854,128730.152665546,0.36165961914832545,0.6383403808516747,0.9737982589082386,0.04531300775551545,0.9991130469036136,-0.5961072309152677,0.5961072309152677,1.0355246686851842,1.4397251368272959,4.959192229253631,0
Case4,Test_084,2,-58.0,-24.0,12444.2836255,1001,169,0.169,0.37356121009259835,812,0.8111888111888111,525590.1290345645,160291.21781293026,214607.48350549125,129979.52429390934,0.605661658068804,0.394338341931196,0.9940209871067253,0.02186625018950929,0.9998827312296218,-0.2878614190882427,0.2878614190882427,0.5161941161166219,0.8764215935484808,6.456241571331134,0
Case4,Test_085,2,-27.0,19.0,9415.99099593,1001,76,0.076,0.2557964985982789,905,0.9040959040959041,881462.9030275982,186776.24401049648,286436.99786247575,128058.97313269839,0.4470755317516005,0.5529244682483996,0.9831431292258456,0.03659572986132783,0.9995868344451513,-0.48335917983076016,0.48335917983076016,0.8220017914587976,1.2050832309876136,8.265622731464191,0
Case4,Test_086,2,-44.0,-26.0,12108.8656918,1001,190,0.19,0.410358492937163,791,0.7902097902097902,451263.2952825608,136899.64833730707,185829.25529559,111366.11487345604,0.5992926931570118,0.40070730684298816,0.9937776031118668,0.022249013783508874,0.9998905117592329,-0.29153520938863897,0.29153520938863897,0.5302856805537584,0.8873679284061118,6.119474575018444,0
Case4,Test_087,1,87.0,-65.0,7492.79006805,1001,467,0.467,0.6843621866789438,514,0.5134865134865135,111158.82686993798,42208.50271282454,47381.89411269793,39800.697582272674,0.8399980272550235,0.16000197274497654,0.9993720183656056,0.007171818607999709,0.9999923332742188,-0.09293938019040854,0.09293938019040854,0.17775799060795805,0.3300597670867126,2.6514812490488,0
Case4,Test_088,2,-9.0,-87.0,10758.9887906,1001,94,0.094,0.2652776205600214,887,0.8861138861138861,830256.1241629611,210519.6159266059,295592.3870065601,154098.56458438007,0.5213211549354285,0.4786788450645715,0.9887219175254586,0.03020093129191999,0.9997458118693845,-0.4012091801119427,0.4012091801119427,0.6586206866783335,0.9821723130703588,8.207962538580887,0
Case4,Test_089,2,2.0,55.0,10893.2701251,1001,89,0.089,0.25994283487551556,892,0.8911088911088911,882009.9849829178,215492.30568271407,314118.5009385144,159669.8739903993,0.508310951164424,0.49168904883557596,0.9884319481189946,0.030288439831627777,0.9997607726009194,-0.39925999039167803,0.39925999039167803,0.6960763376361755,1.118470387990557,9.176846340647785,0
Case4,Test_090,1,40.0,61.0,14464.7492882,1001,441,0.441,0.6481753665448601,540,0.5394605394605395,228920.8656885486,90729.8874250962,111727.864047088,80178.5647881387,0.7176237142987646,0.2823762857012354,0.9973502580006094,0.014647448112461664,0.99997089699474,-0.1913054874824557,0.1913054874824557,0.34202548568623836,0.5088150688715968,2.0300319917897127,0
Case4,Test_091,1,50.0,-64.0,14101.899112,1001,682,0.682,0.8567524390005655,299,0.2987012987012987,142176.68924348423,46847.10837153932,41409.1107664252,47231.54815645566,1.1406076412235189,-0.1406076412235188,0.9996426511406237,0.0054860377115844355,0.9999982388597621,0.056420971604911725,0.056420971604911725,0.13891224588322426,1.099929706098219,19.291938098015578,0
Case4,Test_092,3,-7.0,20.0,7426.68999791,1001,38,0.038,0.1844444858692209,943,0.942057942057942,1372929.329319547,211809.32073300396,371970.44252446695,119604.49947004813,0.32154302008063707,0.6784569799193629,0.9692821059553862,0.049054009397726514,0.9983406873637757,-0.646308976608767,0.646308976608767,1.1379728368126334,1.6314766506468183,6.2385950534271615,0
Case4,Test_093,2,85.0,-17.0,11263.5123207,1001,114,0.114,0.2923688426574702,867,0.8661338661338661,712191.2326205898,197335.69245471284,269419.3598300344,151005.07998788162,0.5604834043223342,0.4395165956776657,0.9914636785733734,0.026237563615956045,0.9998072323415367,-0.34815656477195117,0.34815656477195117,0.5883648109067207,0.9490724572322059,8.320262735962729,0
Case4,Test_094,2,18.0,-59.0,12146.2977638,1001,130,0.13,0.3239955523399814,851,0.8501498501498501,671092.9667712568,185756.36018511446,254561.38009892276,145927.71332347865,0.5732515799009693,0.4267484200990307,0.9924204486088475,0.024610363692954326,0.999844369316205,-0.3247931026056095,0.3247931026056095,0.5713132213145552,0.9628740844154284,7.95648888427354,0
Case4,Test_095,2,-26.0,-51.0,12701.4639058,1001,194,0.194,0.41459694641161854,787,0.7862137862137862,463976.2433984816,141975.3780150759,189686.21098560453,116869.71334148665,0.616121291759874,0.38387870824012604,0.9945478582624935,0.020847925557291546,0.9998995176217678,-0.2732883211244564,0.2732883211244564,0.5007703517021562,0.8621214338540293,6.1820177845412445,0
Case4,Test_096,2,-86.0,26.0,12134.8482333,1001,158,0.158,0.3536501617089169,823,0.8221778221778222,548961.5113807977,169105.19446110423,221996.38096590893,136620.01390900346,0.6154155005345949,0.38458449946540507,0.9942712225007919,0.02149490602097643,0.9998747347234812,-0.284548989944348,0.284548989944348,0.4956754992228641,0.8306539521507911,6.670816048927577,0
Case4,Test_097,1,71.0,68.0,8771.27632575,1001,601,0.601,0.789218305235478,380,0.37962037962037964,99791.39800588957,38301.717385554985,41832.735080485916,36654.734869343214,0.8762213323804847,0.12377866761951525,0.9996371386044407,0.005469739854081531,0.9999958814143002,-0.07080453352957117,0.07080453352957117,0.13421380928592833,0.24416345884995955,1.859744092857028,0
Case4,Test_098,3,-1.0,-33.0,8954.07697237,1001,59,0.059,0.21858773497786052,922,0.9210789210789211,1084166.9757054334,212409.36324283088,345519.4723213454,139698.6505718938,0.40431484116753075,0.5956851588324692,0.9787815825474115,0.04079241280721906,0.9994646184009264,-0.5362161551989725,0.5362161551989725,0.9303190364204762,1.3330643895372212,7.05274614967891,0
Case4,Test_099,1,64.0,-58.0,12184.1206697,1001,766,0.766,0.8886976117117174,215,0.21478521478521478,109028.34183032878,41835.384897758726,47348.80746575816,39598.906814673195,0.8363232134898105,0.1636767865101895,0.9992900612419607,0.007639108783176266,0.9999964038051175,-0.09749157484382573,0.09749157484382573,0.18316527980271446,0.2881675269023312,1.368703230644826,0
Case4,Test_100,2,-77.0,-19.0,11632.6761619,1001,125,0.125,0.3080662941622357,856,0.8551448551448552,671364.5330267784,191125.52706801187,259373.66032271466,148795.06433540408,0.5736706809406635,0.42632931905933646,0.9922605803731948,0.024952123456709854,0.9998310021472072,-0.33053601513002456,0.33053601513002456,0.5668745573041514,0.9281717026247518,7.7150506167487265,0
Case4,Test_101,2,-37.0,81.0,13438.5367693,1001,276,0.276,0.49570415003363755,705,0.7042957042957043,342400.8764465123,121328.18329476484,154937.21206848047,103859.37570036824,0.6703320287863679,0.32966797121363206,0.9962820571375266,0.01728618486343982,0.9999408665297228,-0.22636548415993818,0.22636548415993818,0.4129204240437966,0.6751974731168617,3.754590644864834,0
Case4,Test_102,2,-38.0,46.0,14808.1990773,1001,472,0.472,0.6888988730021708,509,0.5084915084915085,218993.43013623322,81490.47439125637,101201.36216458782,72699.6685712148,0.7183665023498441,0.28163349765015583,0.9974474832811203,0.01433768720591767,0.9999783683330168,-0.1854692504423277,0.1854692504423277,0.3428249609379825,0.5281191753092347,2.325827649937935,0
Case4,Test_103,2,-40.0,-10.0,9846.8012717,1001,82,0.082,0.2513049276909586,899,0.8981018981018981,871712.099528488,200855.44619540017,305046.4928927562,143573.58247255522,0.4706613116939874,0.5293386883060126,0.9854971794896619,0.03381032509829263,0.9996999295178755,-0.4448588132679436,0.4448588132679436,0.7770428443567196,1.212320536059682,9.56206041722669,0
Case4,Test_104,2,-31.0,10.0,8923.71335701,1001,63,0.063,0.2254489575982849,918,0.9170829170829171,1019415.6556725646,204840.55219468256,328105.21212545066,136268.0873436463,0.41531826471425987,0.5846817352857402,0.9800337436967831,0.03961956452460193,0.9995046537768139,-0.5214888014510227,0.5214888014510227,0.9012263731268066,1.3344387230332793,9.247168014452996,0
Case4,Test_105,1,-65.0,-72.0,9221.09247104,1001,608,0.608,0.7965592507370328,373,0.3726273726273726,103252.71060573115,39359.59604511601,42057.16669562283,37935.04827204101,0.9019877289068349,0.09801227109316515,0.9997786905882589,0.004282908801767616,0.999996541766279,-0.055963119448656964,0.055963119448656964,0.10412203215919702,0.19132766596076808,1.6185435774539485,0
Case4,Test_106,2,-10.0,-49.0,10836.6945277,1001,94,0.094,0.2716265282527458,887,0.8861138861138861,826570.812519333,202692.35027069002,296441.9121995732,150705.73297266438,0.5083820025800028,0.4916179974199972,0.9885285847124783,0.03012463421567164,0.9997681368535714,-0.3966025288908229,0.3966025288908229,0.6975395751863059,1.1325723018651208,9.405045636511545,0
Case4,Test_107,2,-53.0,-14.0,11257.3140444,1001,111,0.111,0.2918241842271714,870,0.8691308691308691,734791.522021932,194818.11761295376,276426.45820403757,148787.23020459688,0.5382524928014422,0.46174750719855784,0.990489868261357,0.027489127797754604,0.9998069319005438,-0.3622536372569033,0.3622536372569033,0.638093237702734,1.0523255028562062,8.390282044070887,0
Case4,Test_108,2,-12.0,31.0,9312.22679377,1001,67,0.067,0.2383984151898651,914,0.913086913086913,984124.4576687803,200311.5424742229,315776.9848020795,134932.85402339755,0.4273042701575285,0.5726957298424715,0.9812062929856101,0.03853023628222235,0.9995475943125773,-0.5077125968331181,0.5077125968331181,0.8708302806831622,1.2452841436413804,6.923267949507931,0
Case4,Test_109,1,44.0,-41.0,15345.4017313,1001,550,0.55,0.7492068183218737,431,0.4305694305694306,193983.2019375575,73484.40457440597,89025.76465340183,66544.40617014735,0.747473570479516,0.252526429520484,0.9980113248870813,0.012688880724676109,0.9999848731607599,-0.16406888489960134,0.16406888489960134,0.30060970721561153,0.45857758531136034,1.9700166954978044,0
Case4,Test_110,2,-74.0,-31.0,12920.1977323,1001,212,0.212,0.4228823447414875,769,0.7682317682317682,431316.8213026583,143645.33823873667,186242.5478683673,119778.3859261015,0.6431311603982061,0.356868839601794,0.9953996093001277,0.019234254544342452,0.9999142326840497,-0.25324933030634966,0.25324933030634966,0.45364839749525293,0.754466556486817,5.044625822149214,0
Case4,Test_111,2,31.0,-77.0,13134.5046744,1001,209,0.209,0.4236434488903894,772,0.7712287712287712,445372.67129728466,145283.12330902723,186807.1861772396,121500.80197084794,0.6504075376177979,0.34959246238220215,0.9956230843508374,0.018780000030507463,0.9999146590276852,-0.24757734367142317,0.24757734367142317,0.4412479028741769,0.7399624809356543,5.227452590563644,0
Case4,Test_112,3,25.0,2.0,7653.03885662,1001,43,0.043,0.1867363760603086,938,0.9370629370629371,1272964.7892339167,215228.86820682735,374432.5822229864,128189.52775542004,0.3423567655206863,0.6576432344793137,0.9713966847085743,0.04718665005762556,0.9989213030821987,-0.6199410839082605,0.6199410839082605,1.090742679258225,1.5884609953740916,8.932518467908267,0
Case4,Test_113,2,57.0,13.0,11296.7231194,1001,109,0.109,0.2863599163721287,872,0.8711288711288712,751835.5585233804,200598.84488448765,282744.7364474314,153494.7206062627,0.5428738392617287,0.4571261607382713,0.9907309096498753,0.027167934078049478,0.9998102739987779,-0.35839528071564564,0.35839528071564564,0.6278022658383993,1.035377833670733,8.441660829068269,0
Case4,Test_114,2,42.0,-63.0,14715.7225365,1001,488,0.488,0.6833518223384164,493,0.4925074925074925,210215.2858817672,86144.40410460279,105350.88541649983,76271.23919878963,0.7239734046586778,0.27602659534132223,0.9974441517110848,0.01440672935635947,0.9999736918623374,-0.18845501896231595,0.18845501896231595,0.33210348775258863,0.4754886681493111,1.6405290435593542,0
Case4,Test_115,2,60.0,35.0,13744.0186395,1001,319,0.319,0.539649631904848,662,0.6613386613386614,301640.2224987528,110873.75033539228,140353.9307512684,96027.13331541466,0.6841784394737861,0.3158215605262139,0.9966430585803596,0.016434321877879854,0.9999534216245244,-0.21472604982184948,0.21472604982184948,0.39196138026811916,0.6254484569986617,3.2135584441647893,0
Case4,Test_116,2,29.0,-81.0,12818.3842967,1001,185,0.185,0.39424260497504765,796,0.7952047952047953,492763.38100131735,155454.60445936033,200935.0027978235,128264.28577335252,0.6383371935571092,0.3616628064428909,0.9951658598036065,0.01974967720996007,0.9998983890400931,-0.2610234641138581,0.2610234641138581,0.4591743942957956,0.7703241134768568,5.824740240739857,0
Case4,Test_117,1,54.0,80.0,10323.1180214,1001,472,0.472,0.706585792665744,509,0.5084915084915085,152084.53050193706,52986.45566298017,58988.76716937801,49931.72098484663,0.8464615109089272,0.15353848909107276,0.9994283103738542,0.006850812010766681,0.9999909272301469,-0.08936661675976848,0.08936661675976848,0.1693821055621909,0.3319082950496024,3.0417439059674507,0
Case4,Test_118,2,83.0,16.0,11132.0214102,1001,111,0.111,0.2861564176561189,870,0.8691308691308691,727024.381531387,199860.3482151328,273722.9926152737,152548.77245214602,0.5573107724514693,0.44268922754853063,0.9912729619627918,0.02652180472937193,0.9998025319704235,-0.3518652337760835,0.3518652337760835,0.5947030706379597,0.9576967100744722,8.409680494652775,0
Case4,Test_119,3,3.0,27.0,8230.00436492,1001,47,0.047,0.20068890031809813,934,0.9330669330669331,1217565.9825393774,213949.9019137104,364865.62759413087,131243.398686998,0.3597033777952647,0.6402966222047354,0.973510571723185,0.045498612338819876,0.999128635987519,-0.5979543281733725,0.5979543281733725,1.0434150838055296,1.4614764432564586,5.649447530414363,0
Case4,Test_120,2,10.0,76.0,11094.5537939,1001,98,0.098,0.2718003998935521,883,0.8821178821178821,817309.7315506297,210557.80264807327,295499.4017677308,157352.32387778338,0.5324962518924687,0.4675037481075313,0.9897283253171345,0.02873077973396536,0.999777082865934,-0.3807850960568851,0.3807850960568851,0.6415500150260846,1.0069166686006936,8.751434024390846,0
Case4,Test_121,3,-6.0,-20.0,7286.98419499,1001,37,0.037,0.18112980244474997,944,0.9430569430569431,1385364.1637413516,211841.95002125853,374313.3334946473,118499.09402031124,0.31657727207840913,0.6834227279215909,0.968605270103482,0.04957137078829722,0.998244485500255,-0.6530058973804441,0.6530058973804441,1.1523858813417325,1.6543563827247263,6.33028873600847,0
Case4,Test_122,2,-76.0,-7.0,10747.2775566,1001,95,0.095,0.26085988481055805,886,0.8851148851148851,828080.010725223,214356.51507076062,304312.29496050015,158560.9381166151,0.5210467691987154,0.47895323080128466,0.9889390480155389,0.029789540689856883,0.999762029170673,-0.394621144868327,0.394621144868327,0.664094440915159,1.0315566094450963,8.405285818197058,0
Case4,Test_123,3,-24.0,0.0,7450.23480464,1001,41,0.041,0.18149432517243574,940,0.939060939060939,1305384.7196346994,215735.63622194857,379648.70664814103,126350.16336543103,0.332808096413542,0.6671919035864581,0.9700480189017975,0.048245077852672104,0.9987888344608012,-0.6336372883519712,0.6336372883519712,1.118755434054418,1.6301947075982766,8.922031778048677,0
Case4,Test_124,1,86.0,43.0,12643.7726822,1001,347,0.347,0.6107040796603906,634,0.6333666333666333,256389.48789829257,81483.78612415155,90298.91609279098,74183.02599214074,0.8215273139703074,0.1784726860296926,0.9989692120719113,0.009261422268367897,0.9999733854902544,-0.12363877047885698,0.12363877047885698,0.19708907990209903,0.2654528889569519,2.102035017231856,0
Case4,Test_125,2,15.0,-39.0,10459.2392057,1001,95,0.095,0.28115310578542574,886,0.8851148851148851,784925.7293900094,186676.71777269145,275823.38379029644,136714.50935449995,0.49565960462018527,0.5043403953798147,0.9874393292830316,0.031541198802907844,0.9997451609520615,-0.4154927720959365,0.4154927720959365,0.7227024538809053,1.130059663373083,9.022105401709723,0
Case4,Test_126,1,-78.0,64.0,8471.29892218,1001,539,0.539,0.7421251758560998,442,0.44155844155844154,108532.64606591976,41575.62693013954,46744.19375920821,39306.35556633946,0.8408820947649019,0.15911790523509803,0.999376072403647,0.007147809043247406,0.9999938405553541,-0.0921282640405357,0.0921282640405357,0.17694688267875777,0.3181403512605876,2.250284959658245,0
Case4,Test_127,2,-22.0,-34.0,10831.4795245,1001,118,0.118,0.32608640673437056,863,0.8621378621378621,646857.8670246977,161575.79010006797,230600.2445517191,120796.35889517592,0.5238344787101198,0.4761655212898802,0.9893650070713932,0.02915368566005817,0.9997747512628604,-0.3851934942591262,0.3851934942591262,0.6623085629633589,1.0154058587270491,7.6659519796293125,0
Case4,Test_128,1,67.0,-77.0,8128.15652106,1001,535,0.535,0.7454023516165583,446,0.44555444555444557,103706.35720737303,39104.901029016735,42061.86183658709,37487.34275416043,0.8912430671709458,0.1087569328290542,0.9997214811520765,0.004800263611539816,0.9999951194225284,-0.06290820180524165,0.06290820180524165,0.11628145881480743,0.22072120340473997,2.0781480313832503,0
Case4,Test_129,2,53.0,17.0,11547.1709873,1001,123,0.123,0.3112064738232119,858,0.8571428571428571,674471.4559667589,185403.49063374716,258594.01906893114,144265.29648688508,0.5578833455093544,0.44211665449064563,0.9916860975514464,0.025722786113842034,0.9998333864154911,-0.3388958851058326,0.3388958851058326,0.6009646816891332,1.007145459782502,8.105339993649864,0
Case4,Test_130,2,5.0,84.0,10574.4405663,1001,89,0.089,0.25728884586784684,892,0.8911088911088911,860352.8494057874,214160.44313174402,304172.35861274623,155200.23746979964,0.5102378078587712,0.48976219214122885,0.9878667279282684,0.0312977768878007,0.9997353465063624,-0.4155480829573031,0.4155480829573031,0.6808109547050667,1.0180200746064068,9.220056143140482,0
Case4,Test_131,1,-89.0,71.0,6366.62043489,1001,429,0.429,0.6544638953483631,552,0.5514485514485514,102303.68149897885,38459.79570435222,42451.94052109785,36456.97854282481,0.8587823806241871,0.1412176193758129,0.999522478200964,0.006264268355335602,0.999992659451915,-0.08163881711193999,0.08163881711193999,0.1545725943308208,0.30535410202715435,3.034100491309232,0
Case4,Test_132,1,51.0,58.0,13543.787667,1001,721,0.721,0.8655736604088207,260,0.2597402597402597,126943.60617920401,49605.666320181896,48879.82764063868,48632.65954971196,0.9949433518312732,0.005056648168726778,0.9999804585418813,0.001287071429986091,0.9999967193313624,-0.011424718837409814,0.011424718837409814,0.029695085218318477,0.09992568631624764,1.1921275802148443,0
Case4,Test_133,1,-72.0,-54.0,11394.9149,1001,581,0.581,0.7798001174817155,400,0.3996003996003996,136108.15337173291,50044.67770731843,55574.64400971506,47486.36942320804,0.8544610634826,0.1455389365174,0.9994945570721294,0.006443484651102109,0.9999937862188254,-0.08332273193014308,0.08332273193014308,0.16020658739653185,0.2983907560237905,2.2426231555998015,0
Case4,Test_134,2,-18.0,71.0,11921.4773028,1001,123,0.123,0.3111495065690758,858,0.8571428571428571,694848.038037235,192489.5417688722,262184.863217801,150098.6269072974,0.5724915811886828,0.4275084188113172,0.9922452954685897,0.024950136847809678,0.9998356730036008,-0.330200989100914,0.330200989100914,0.5700021540010364,0.9499698606600799,8.44510039991087,0
Case4,Test_135,2,75.0,-31.0,12937.5190947,1001,210,0.21,0.42113754102988443,771,0.7702297702297702,434766.25029288087,144692.01468867747,187624.94545988314,120676.54525743854,0.6431796420334784,0.3568203579665216,0.9953977309127376,0.019234172310530054,0.9999135393620824,-0.2531993124698245,0.2531993124698245,0.45364591001372817,0.7607774648605546,5.201112252304824,0
Case4,Test_136,2,-50.0,-9.0,10692.5209167,1001,94,0.094,0.26616049737988234,887,0.8861138861138861,823718.122301873,205677.82658596238,300825.1600569221,152840.7445914587,0.5080716804489963,0.4919283195510037,0.9884992635849874,0.030164512544532812,0.999766978891652,-0.39716098135887407,0.39716098135887407,0.698051671274719,1.1323171943099124,9.174103988794627,0
Case4,Test_137,2,-19.0,70.0,12129.5267785,1001,130,0.13,0.3207764293887188,851,0.8501498501498501,672242.8648294384,188795.7069801501,255389.59798295723,148284.42419796088,0.5806204534918303,0.4193795465081696,0.9926516503956965,0.024298110496171033,0.9998434948652722,-0.32155053303252207,0.32155053303252207,0.5556358889147095,0.9208053008994995,7.7492742235056085,0
Case4,Test_138,2,37.0,34.0,13216.0731954,1001,285,0.285,0.5318262546237759,696,0.6953046953046953,322386.1931180359,104361.64697425684,134567.33814893052,89164.90067018977,0.6626043280391544,0.3373956719608456,0.9960414460207178,0.017812265216305818,0.9999405997975159,-0.23267347506140346,0.23267347506140346,0.4258203943032029,0.7040096298892492,4.674795780206523,0
Case4,Test_139,1,48.0,-47.0,14922.4216028,1001,682,0.682,0.8526967352752639,299,0.2987012987012987,148646.69174445464,53037.43731260411,56446.4404550654,51267.89600072848,0.9082573779216541,0.09174262207834595,0.9998079449154359,0.003993747003863407,0.9999972465743849,-0.05207133452474446,0.05207133452474446,0.09707271911308936,0.17563273840229385,1.4050970476593818,0
Case4,Test_140,3,-3.0,-6.0,5511.0838039,963,24,0.02494802494802495,0.14479998885754947,920,0.9553478712357217,1668029.0489454393,211181.47774584696,412021.4487086567,93502.75113250074,0.22693661076517693,0.7730633892348231,0.9536825828926264,0.06014382306269149,0.9921494850910001,-0.790026831819269,0.790026831819269,1.4278211309996154,2.2056383762077565,27.241315934532793,1
Case4,Test_141,2,72.0,-18.0,11683.4045351,1001,123,0.123,0.30568232572668347,858,0.8571428571428571,683586.3859589733,193413.43389180567,264091.9629062912,150626.70463860294,0.5703570187482396,0.4296429812517603,0.9921456785061747,0.025103909031986497,0.9998343754014472,-0.33215905079992725,0.33215905079992725,0.5740684897025938,0.9503529718176351,8.050118675961244,0
Case4,Test_142,3,20.0,-1.0,7019.25163093,1001,36,0.036,0.17175634958527214,945,0.9440559440559441,1416689.576006304,215328.89619497597,391637.60408121964,117702.47749908641,0.30053926454589563,0.6994607354541044,0.9656278114866934,0.05164791899411379,0.9981007034446372,-0.6786952012441195,0.6786952012441195,1.2088674131550317,1.765910283951744,8.620233059578595,0
Case4,Test_143,3,8.0,9.0,5994.64317605,976,27,0.027692307692307693,0.15331537463822606,930,0.9528688524590164,1596311.5684467817,213379.9186383727,405465.9155935526,102417.50575963414,0.25259214602467245,0.7474078539753276,0.9582793207617059,0.05702522609728463,0.995750461056258,-0.7490826764294876,0.7490826764294876,1.3467423944223194,2.113915733070745,21.16080962968182,1
Case4,Test_144,2,27.0,-85.0,12537.9637431,1001,166,0.166,0.37062017266597386,815,0.8141858141858141,537502.5766818713,164430.7901138891,213839.57600929285,133860.178104717,0.6259841167048508,0.3740158832951492,0.9946608794746413,0.020767446207360082,0.9998817574740163,-0.2749897035610065,0.2749897035610065,0.4782957925683341,0.797989493480131,6.296745496750191,0
Case4,Test_145,2,-30.0,67.0,13324.0585517,1001,216,0.216,0.4345770594539459,765,0.7642357642357642,435629.58802744106,142009.11551408292,183776.7609237842,118948.79641716175,0.6472461252404602,0.35275387475953973,0.9955568098023256,0.018891768346185587,0.9999173635158131,-0.24845817305500945,0.24845817305500945,0.44778981820781266,0.7630680424957034,5.4198889245221835,0
Case4,Test_146,2,-11.0,38.0,10037.7046515,1001,81,0.081,0.25725364807768675,900,0.8991008991008991,886830.8394763732,198747.56577407086,301532.9600877132,141415.17254093985,0.4689874450202839,0.5310125549797161,0.9852196503616735,0.03417413531046459,0.9996874373717757,-0.4499946767070353,0.4499946767070353,0.7798827522733273,1.1801734919168443,8.481876240207043,0
Case4,Test_147,1,-69.0,-49.0,12964.2852989,1001,552,0.552,0.768369211873698,429,0.42857142857142855,161900.95431432323,56227.380059749376,57966.78483551153,53975.038039961415,0.9311373434480241,0.06886265655197585,0.9998638816842845,0.003361853264855169,0.9999925049312678,-0.04376775214892484,0.04376775214892484,0.07091616696310904,0.4895379964551638,11.24197707221657,0
Case4,Test_148,2,41.0,-14.0,10413.3784557,1001,97,0.097,0.27671558008378927,884,0.8831168831168831,778605.8826639155,190262.82815002164,280115.53886460944,140310.9733695126,0.5009039267804785,0.49909607321952154,0.9879181755730815,0.030921966520058138,0.9997581727298132,-0.4071615036863697,0.4071615036863697,0.7125396024241324,1.1302689726265989,8.934367708455511,0
Case4,Test_149,2,22.0,-68.0,12470.1180562,1001,147,0.147,0.3453154163316846,834,0.8331668331668332,608366.2695905637,177322.86816012912,236851.55646075655,141918.25627925765,0.5991865048299643,0.4008134951700358,0.9936117075111035,0.0226510462366918,0.9998674805243375,-0.2993812517776872,0.2993812517776872,0.5244557873497079,0.8856777508446518,7.339669093584348,0
Case4,Test_150,2,5.0,-35.0,9229.30596651,1001,64,0.064,0.22728792986223123,917,0.916083916083916,1022955.6734003755,209840.6658116314,334118.9528505001,141732.85465827087,0.4241987874351101,0.5758012125648899,0.9809345393368006,0.03870411361372489,0.9995568898599235,-0.5089676025021429,0.5089676025021429,0.8822124945773965,1.2902205838839107,8.083836241877634,0
Case4,Test_151,2,-53.0,6.0,10766.0987218,1001,92,0.092,0.26136456248076584,889,0.8881118881118881,848416.8894299199,212014.31196645225,309608.104867704,157406.63880192203,0.508406066660245,0.491593933339755,0.9885007623035416,0.030177993475612463,0.9997668318487245,-0.39754691017571664,0.39754691017571664,0.6967572767346333,1.125798284328805,9.107309691733576,0
Case4,Test_152,1,-52.0,62.0,13812.48164,1001,769,0.769,0.886043322336073,212,0.21178821178821178,126612.30614716686,51304.606923212144,51803.589110008,50163.54868777315,0.9683411815588275,0.03165881844117251,0.9999638105506192,0.0017481505953448318,0.9999972692937288,-0.022773220679684538,0.022773220679684538,0.033123421667378354,0.0531477780408198,0.14878896724913204,0
Case4,Test_153,1,-82.0,-88.0,5030.14365757,1001,347,0.347,0.5863270649961763,634,0.6333666333666333,98322.3055786929,35873.17361355608,38056.136659201795,34306.25463263337,0.9014644586719571,0.09853554132804289,0.9997539587359533,0.004520802324796187,0.999993146826498,-0.060139828402178803,0.060139828402178803,0.10417626799689687,0.1933751628373865,2.5160769662098232,0
Case4,Test_154,2,24.0,53.0,12557.1419762,1001,172,0.172,0.38529402527847956,809,0.8081918081918081,518857.7889234933,154540.1107529424,207040.10869640758,125999.56834866015,0.6085756481775186,0.3914243518224814,0.9942209570443523,0.021476867516258585,0.9998883919294385,-0.2822283502945935,0.2822283502945935,0.5122924244159532,0.8848770756973525,6.763030396641739,0
Case4,Test_155,2,19.0,48.0,11654.7232054,1001,131,0.131,0.32987940572238544,850,0.8491508491508492,638761.5022363701,172925.72832716833,240860.12277278755,135356.65756367566,0.561972052515155,0.43802794748484497,0.9919296928977708,0.025330448578581553,0.9998393725153181,-0.3333317237332314,0.3333317237332314,0.5947651438782542,0.9983821944714488,7.9985424548027595,0
Case4,Test_156,1,74.0,-74.0,7350.55346826,1001,507,0.507,0.721567831333037,474,0.47352647352647353,98550.36050845133,37777.26073137599,40503.961546492275,36173.27647589836,0.8930799629161469,0.1069200370838531,0.9997253372886904,0.004769821191416894,0.9999946532155335,-0.0628249829860868,0.0628249829860868,0.11402552688398397,0.21342802896067534,2.12146790477982,0
Case4,Test_157,2,-59.0,-37.0,14000.2344445,1001,372,0.372,0.5895076434943748,609,0.6083916083916084,262900.1410294916,100124.23988652832,125641.49075520383,87351.52600220531,0.6952442658643588,0.3047557341356412,0.996887556320665,0.015842825171278534,0.9999612548699155,-0.20691653642226202,0.20691653642226202,0.3751905707880658,0.5772880310474382,2.61114787605851,0
Case4,Test_158,2,76.0,3.0,10607.8953211,1001,91,0.091,0.25509715642801917,890,0.8891108891108891,850851.0888786166,217136.4457643428,310367.684977578,159342.61820165385,0.513399512623762,0.48660048737623796,0.9883615848747869,0.030549636540471884,0.9997496927519203,-0.4046655070415959,0.4046655070415959,0.6794190977025029,1.0503054886962284,8.684593890289989,0
Case4,Test_159,1,-58.0,75.0,10198.5277422,1001,569,0.569,0.7711184142023567,412,0.4115884115884116,123949.72038067918,45673.93355739866,50668.92531981744,43453.808407775214,0.8576027246186673,0.14239727538133273,0.9995219111254184,0.00626559885727297,0.999994730736918,-0.0807659880368067,0.0807659880368067,0.15643405479369993,0.290693092959666,2.197411071675475,0
Case4,Test_160,3,27.0,5.0,7915.50875836,1001,47,0.047,0.1943961152690541,934,0.9330669330669331,1196252.8758968234,213366.90157963074,362363.77917586087,131781.8884140789,0.36367290548132586,0.6363270945186741,0.9741153410042038,0.04494545130939924,0.9991633934259674,-0.5907186431437137,0.5907186431437137,1.0329379626905812,1.5126833219183886,9.550130744225271,0
Case4,Test_161,1,47.0,-42.0,15470.7981034,1001,611,0.611,0.784294523478647,370,0.3696303696303696,176312.5387024588,70723.55165759231,84327.69360710336,64087.29300885643,0.7599791986183058,0.24002080138169427,0.9981659179323192,0.01222620012422906,0.9999849357951066,-0.159125746909543,0.159125746909543,0.28218495786714537,0.4052748907982639,1.4086364155695321,0
Case4,Test_162,2,-4.0,55.0,10936.6866621,1001,90,0.09,0.2619318669314102,891,0.8901098901098901,873684.7755825475,214440.86997026674,311916.8293366258,159267.84775458765,0.510609985659681,0.4893900143403191,0.9885901962618933,0.030081364623969504,0.9997649542834937,-0.3965285434563442,0.3965285434563442,0.6914947407860687,1.116727471864899,9.315783313234533,0
Case4,Test_163,1,-78.0,84.0,5655.05581872,1001,387,0.387,0.6240797743878437,594,0.5934065934065934,98673.84335675382,36716.48404776266,38836.21000293367,35101.94107108952,0.9038456911330413,0.0961543088669587,0.9997577165838719,0.004490002907825612,0.9999930492363184,-0.05983272654691037,0.05983272654691037,0.10140522355345741,0.1700719085379783,1.7848021348813177,0
Case4,Test_164,2,-8.0,62.0,11269.0898655,1001,98,0.098,0.2721453365071918,883,0.8821178821178821,833293.316597397,212153.76665287153,301941.4984652973,159621.06501512797,0.5286489794428623,0.47135102055713773,0.989721128540715,0.028627789176388706,0.9997872552387417,-0.3781090086932396,0.3781090086932396,0.6536163450763708,1.053942133542002,8.808723387613782,0
Case4,Test_165,2,6.0,-37.0,9598.69325311,1001,70,0.07,0.2374521111850279,911,0.9100899100899101,979978.2930286027,208090.3227516171,325635.4698006053,143532.0195546901,0.4407751392763765,0.5592248607236235,0.9826282099538455,0.036973652654947946,0.9996146057209525,-0.48632485601528197,0.48632485601528197,0.8436174835560121,1.2489545120546994,8.126193188203843,0
Case4,Test_166,2,-22.0,23.0,9513.83731165,1001,72,0.072,0.2573371824131854,909,0.9080919080919081,905681.3844786617,187380.0962338643,288265.0926613476,126916.60218712261,0.4402773884808301,0.5597226115191699,0.9825598882718899,0.037279497641914044,0.9995441828723187,-0.49282066370905475,0.49282066370905475,0.83450639542725,1.1683213850508525,5.5425119765967565,0
Case4,Test_167,1,-71.0,-50.0,12440.6491104,1001,540,0.54,0.7581356395946555,441,0.4405594405594406,159544.23729674725,56174.97300295254,60368.56828113432,53448.09500377506,0.8853629715859608,0.11463702841403922,0.9996849061627575,0.005105263741256704,0.9999919431195442,-0.06743560480315149,0.06743560480315149,0.12255098891605205,0.30788746950203305,4.507662778253234,0
Case4,Test_168,2,-16.0,-87.0,11326.5790758,1001,110,0.11,0.29091418945811326,871,0.8701298701298701,741984.2020847845,199038.0011958178,271882.6223325331,151153.03638963244,0.5559496046229861,0.4440503953770139,0.9911155198126542,0.026800366435468466,0.9997952994941204,-0.3559507998521569,0.3559507998521569,0.5952218795330617,0.9331278556074449,7.935868160726045,0
Case4,Test_169,1,-46.0,-76.0,12994.3439677,1001,439,0.439,0.6901350302513506,542,0.5414585414585414,208187.24431819076,69151.27034372995,73346.57620938502,64707.59348450176,0.8822169599270557,0.1177830400729443,0.9995405983720947,0.006205396180254286,0.99998473469515,-0.0828937694742621,0.0828937694742621,0.1248593776052054,0.15084474391624905,0.2925213177709338,0
Case4,Test_170,3,1.0,-16.0,6386.51713251,1001,29,0.029,0.16004578448637094,952,0.951048951048951,1519117.4069511623,211911.27421179434,392141.51802911505,107379.82244929492,0.27382926191794454,0.7261707380820555,0.9621888708253017,0.05431016227802647,0.9969265364927042,-0.7154166349362259,0.7154166349362259,1.276875103540977,1.8778156734166342,8.336012023157991,0
Case4,Test_171,1,80.0,66.0,7777.08112666,1001,506,0.506,0.717044411427282,475,0.4745254745254745,106153.13010774246,40418.172053614304,45224.237345497604,38229.16441235334,0.8453246899510032,0.15467531004899684,0.9994138558957122,0.006930682638106574,0.9999933405055397,-0.0896044213833991,0.0896044213833991,0.17142463872554975,0.31720764081958197,2.4725452606652425,0
Case4,Test_172,2,7.0,42.0,10045.5654489,1001,79,0.079,0.24936146140882007,902,0.9010989010989011,909950.0096541828,206563.71174236332,313207.42852112,148038.5474579942,0.47265337274084407,0.5273466272591559,0.9856586341552658,0.03362522198238032,0.9997017461276999,-0.4423481539945925,0.4423481539945925,0.7729760426291786,1.1974380194110177,9.219737762434534,0
Case4,Test_173,1,68.0,90.0,6932.80719457,1001,444,0.444,0.6738097720515496,537,0.5364635364635365,106824.45231942767,39533.164063715696,42910.250840968605,37644.430744137026,0.8772829337132648,0.1227170662867352,0.9996404567425919,0.005447498351980912,0.9999931007823264,-0.07152870809031188,0.07152870809031188,0.13234587795898056,0.2662876364036155,3.0088067828173166,0
Case4,Test_174,2,-69.0,28.0,12880.5091841,1001,192,0.192,0.3995540942875869,789,0.7882117882117882,476369.5766641956,153658.94530081484,200685.90415056408,127019.23972921936,0.6329255672781259,0.3670744327218741,0.9950409600755201,0.019961740456428047,0.9999046700651093,-0.26302641472390426,0.26302641472390426,0.46987612916896904,0.7894850216667151,5.6156092415089915,0
Case4,Test_175,2,66.0,18.0,11723.8417724,1001,125,0.125,0.3091187944220469,856,0.8551448551448552,674257.0944576729,191086.6054584475,261444.79288004973,149571.3122914993,0.5720952046657217,0.4279047953342782,0.9923013622897201,0.02482292656788843,0.9998399451870122,-0.3279692235885337,0.3279692235885337,0.5723589920652536,0.961002474086582,8.101299578999601,0
Case4,Test_176,2,-56.0,-10.0,11063.3106912,1001,101,0.101,0.2740715237270465,880,0.8791208791208791,797439.6795958786,206485.97873660325,295788.9390768665,155619.7115014006,0.526117413271359,0.473882586728641,0.9896590345014288,0.028664943749308003,0.9997872776743468,-0.3779886999072726,0.3779886999072726,0.6608439484550694,1.076016119600706,8.63991899966743,0
Case4,Test_177,2,65.0,-4.0,10808.6130166,1001,92,0.092,0.2578338577132715,889,0.8881118881118881,849762.453643338,217632.96309719374,312808.0680742082,161969.3780774771,0.5177915616903229,0.48220843830967713,0.9889741409644243,0.029634729254797616,0.999771650883666,-0.3914109225031913,0.3914109225031913,0.6747151743168066,1.0867500706130697,9.3296963752814,0
Case4,Test_178,1,79.0,72.0,6871.07398847,1001,474,0.474,0.6929686856678235,507,0.5064935064935064,99544.10525260675,37842.486282866,41415.39227604536,36000.68543754588,0.8692585886327258,0.13074141136727424,0.9995911003996037,0.005803910962437088,0.9999936109594592,-0.07579126119310921,0.07579126119310921,0.1420071348406895,0.2725255931602009,2.564336050543659,0
Case4,Test_179,2,36.0,-84.0,13329.6451674,1001,258,0.258,0.4769521953106495,723,0.7222777222777222,363720.4794780474,126777.3423050048,161679.45382716175,108188.48588547207,0.6691542018760622,0.33084579812393783,0.996259536188155,0.017347944104549567,0.999936837912984,-0.22759016708441554,0.22759016708441554,0.4138074424854575,0.6818947736214427,3.9964496874392808,0
Case4,Test_180,2,22.0,-27.0,10233.4377325,1001,88,0.088,0.2882276820277011,893,0.8921078921078921,792444.0635339643,176687.54145757123,261644.23479895655,124603.3093583909,0.47623181704781,0.52376818295219,0.9856374823553512,0.033931856600258756,0.9996581574017211,-0.4491157303795519,0.4491157303795519,0.7548666693975109,1.0316133015948292,3.7010594378185715,0
Case4,Test_181,2,-47.0,5.0,10282.293621,1001,85,0.085,0.25128726629877407,896,0.8951048951048951,880737.740445492,210813.00446993308,314829.65138166136,153688.68156835964,0.48816457056659535,0.5118354294334047,0.9869797521319765,0.03204946800900344,0.9997338384482968,-0.4216615475053885,0.4216615475053885,0.7399628879497188,1.1797447167049564,9.38830296160711,0
Case4,Test_182,2,16.0,-60.0,11856.2094569,1001,119,0.119,0.307139811468325,862,0.8611388611388612,714532.7890054256,193322.6041580567,267860.1502233719,150133.16993861005,0.5604908748591835,0.43950912514081647,0.9917323208230998,0.025687023964281876,0.99983087915122,-0.33905503219377175,0.33905503219377175,0.5943721932586764,1.0019749432934868,8.696003678655757,0
Case4,Test_183,1,70.0,-63.0,10009.43025,1001,662,0.662,0.8266137012287096,319,0.31868131868131866,104050.34771380365,40420.83173258435,44996.955359859865,38462.33794373904,0.8547764540098169,0.1452235459901831,0.9994769048424744,0.006558708457242678,0.9999961331084022,-0.08432062592392767,0.08432062592392767,0.15999645288897354,0.26443181484230405,1.490157675771627,0
Case4,Test_184,2,58.0,-22.0,12281.2808972,1001,153,0.153,0.3526425645081976,828,0.8271728271728271,572362.7072023192,169942.8102230142,229671.52422162145,136401.19540369353,0.5938968527594795,0.40610314724052055,0.993503906069224,0.02277939862175677,0.9998716892905174,-0.3000414896314209,0.3000414896314209,0.5362655845799889,0.9158013809975594,7.164660304117433,0
Case4,Test_185,3,-4.0,7.0,5713.02350373,979,25,0.02556237218813906,0.14859121455126714,935,0.9550561797752809,1654352.5139672358,209650.15509103742,409002.24783712043,92433.88056851772,0.22599846591876985,0.7740015340812302,0.9536274807504705,0.0602047874470617,0.9924352015551527,-0.7911669604743874,0.7911669604743874,1.4297708250126382,2.2443428554510763,21.572679643484463,1
Case4,Test_186,1,61.0,-55.0,13106.4191378,1001,775,0.775,0.8916534352840597,206,0.2057942057942058,114599.63274017429,46860.04136209098,43867.728915437,46409.32777874902,1.0579377808277108,-0.05793778082771082,0.9999412494584956,0.002251524946693777,0.9999974760718869,0.012664285655256787,0.012664285655256787,0.07489220500620969,0.2746486873351763,3.6640264311569126,0
Case4,Test_187,2,51.0,-25.0,12479.8082266,1001,184,0.184,0.39690864460854886,797,0.7962037962037962,481686.3074720014,148232.50530932433,198918.37627718275,121311.50508860398,0.6098556973919921,0.39014430260800786,0.9942618814611894,0.02138872821969423,0.9998942774955291,-0.2806013462502573,0.2806013462502573,0.5111230354177977,0.8700840622828391,6.1685448648314605,0
Case4,Test_188,3,-30.0,-6.0,8511.43768757,1001,56,0.056,0.2104168779022461,925,0.9240759240759241,1106937.4870894635,210673.88864019545,347155.1578631117,135756.23005091047,0.39105347270813445,0.6089465272918655,0.9773274256514063,0.042131958673269826,0.9993730354465767,-0.5539361299788184,0.5539361299788184,0.9630661647404191,1.408937794622376,8.770950492546035,0
Case4,Test_189,2,-82.0,-27.0,12329.4744284,1001,167,0.167,0.3670229992043307,814,0.8131868131868132,525642.4268649837,164057.33447343018,215280.83127255892,133136.0295319213,0.6184295589390529,0.38157044106094706,0.9944154061958448,0.021213873924397948,0.9998815142139302,-0.2805753685183465,0.2805753685183465,0.4913613541725486,0.8209980633432694,6.331089222452761,0
Case4,Test_190,2,31.0,-45.0,13356.4300829,1001,279,0.279,0.515354181176843,702,0.7012987012987013,337151.56448169035,111192.02876924451,145373.9307198331,94855.63057176943,0.652494089566696,0.347505910433304,0.9957986485255655,0.018306237254894008,0.9999415581487583,-0.23816093367532265,0.23816093367532265,0.44361287911976244,0.7368572153598996,4.37818614293667,0
Case4,Test_191,1,-48.0,-78.0,12128.3982345,1001,439,0.439,0.6855559372261345,542,0.5414585414585414,194182.05273975016,65402.51089300532,70689.5022479231,61228.56890062631,0.8661621167720875,0.13383788322791243,0.9994857071168451,0.006539415120629685,0.9999860043544095,-0.08719915538917795,0.08719915538917795,0.14414560730880405,0.23130676792623206,1.9921105617207218,0
Case4,Test_192,2,-34.0,65.0,13788.6295696,1001,279,0.279,0.5034791257131208,702,0.7012987012987013,347040.51336060755,121282.50772085544,154713.39973240087,103968.95686326611,0.6720100330229665,0.3279899669770336,0.9963327619810463,0.017167636763542757,0.9999428590396788,-0.224774004867592,0.224774004867592,0.4101101585271472,0.6770858516577178,4.033883623987322,0
Case4,Test_193,1,41.0,-83.0,13329.5438437,1001,329,0.329,0.6020790265357143,652,0.6513486513486514,283478.46587401326,86622.99507625801,92729.68277680191,78627.65013982244,0.8479232084625726,0.15207679153742742,0.9990281529126447,0.009116499407181032,0.9999697113084799,-0.12094882480348512,0.12094882480348512,0.1632641048397834,1.0561002918019433,61.448016733814924,0
Case4,Test_194,2,-29.0,74.0,13037.6177862,1001,194,0.194,0.4059283571398073,787,0.7862137862137862,478008.90299988823,151981.47134609992,196956.17859226454,125812.63290286028,0.6387849002864517,0.36121509971354826,0.995212283976903,0.019637198981922382,0.9999039405129588,-0.25914247963687476,0.25914247963687476,0.4593865338718571,0.7733128309842101,5.706302481741545,0
Case4,Test_195,1,43.0,37.0,14179.7207757,1001,418,0.418,0.6449152564765356,563,0.5624375624375625,237080.44950409612,86021.42868502862,108247.1355741473,76022.5615865347,0.7023055269158661,0.29769447308413394,0.9970906148565208,0.015284620893879351,0.9999726242028733,-0.19787718735079166,0.19787718735079166,0.36678265068275734,0.5766477155200928,2.7676273604783432,0
Case4,Test_196,1,-73.0,89.0,6124.67629782,1001,409,0.409,0.6460479278746819,572,0.5714285714285714,101302.53392302689,37479.54637216331,39604.22710681021,35883.134810706346,0.9060430522714582,0.09395694772854184,0.9997734587359175,0.004340789687676904,0.9999933290484032,-0.0578069945393014,0.0578069945393014,0.09897918593999308,0.18223610217860556,2.3177875849156067,0
Case4,Test_197,2,-41.0,12.0,10227.5098708,1001,90,0.09,0.26536194740480784,891,0.8901098901098901,822847.0435400846,196191.95585299982,292642.9021153333,142865.20923754966,0.48818955869035613,0.5118104413096438,0.9869184509747159,0.03214426138866795,0.9997342262706411,-0.4230821725849894,0.4230821725849894,0.7393450589762013,1.1669449766856879,9.238154613576057,0
Case4,Test_198,1,-64.0,-44.0,14604.6823308,1001,541,0.541,0.7174811652617891,440,0.43956043956043955,187856.43952025345,81145.72623668,97989.81347434944,71972.38767891069,0.7344884649438661,0.26551153505613395,0.9976058728761865,0.013976120655663851,0.9999739464531083,-0.18340517648341892,0.18340517648341892,0.31632952504613915,0.43574614998017974,1.2463626314266207,0
Case4,Test_199,1,-62.0,-53.0,13399.5175846,1001,750,0.75,0.8819555273399573,231,0.23076923076923078,122229.40492723537,45172.556530128204,52254.19296083353,43308.51298347287,0.8288045519320186,0.1711954480679814,0.9993884568199184,0.007040068902689805,0.9999975569533761,-0.08406565152668023,0.08406565152668023,0.1945237304060911,0.4086724336419901,3.0401488108963406,0
Case4,Test_200,2,35.0,82.0,13238.3779066,1001,246,0.246,0.46413927798334065,735,0.7342657342657343,379392.0633337221,130386.04072894072,166428.5285597947,110832.03852988422,0.6659437506837315,0.3340562493162685,0.9961427090149523,0.0176203309115109,0.9999318839569112,-0.2314396972522567,0.2314396972522567,0.4186030476213562,0.6934180419308661,4.2822608410225484,0
