dataset_index,fold,case,test_id,theta1,theta2,geometry,actual_type,predicted_type,probability_type1,probability_type2,probability_type3,actual_pt,predicted_pt,actual_max_force,predicted_max_force,curve_force_rmse
0,4,Case2,6x4_001,65.0,19.0,6x4,2,2,4.437444545146718e-07,0.9999995231628418,4.236718975647591e-09,19662.338495438697,21292.078698209054,37137.03176879883,38157.5003975647,748.3843511909537
1,3,Case2,6x4_002,40.0,-51.0,6x4,1,1,0.997795820236206,0.002204147633165121,2.0466540961994184e-10,15516.468243569163,16311.063672333512,20624.775924682617,20577.027795864713,122.2155875208314
3,2,Case2,6x4_004,49.0,48.0,6x4,1,1,0.9999793767929077,2.064703767246101e-05,3.5067565171131854e-13,14685.038124618122,15739.950081513158,17019.488403320312,17404.11781577474,181.33309376570224
4,2,Case2,6x4_005,-52.0,20.0,6x4,2,2,6.0549151385203004e-05,0.9999390840530396,3.902318042037223e-07,19017.402658062972,19763.19060149935,35229.41049003601,35545.88565370619,299.5072987146866
5,4,Case2,6x4_006,-15.0,-74.0,6x4,2,2,1.2397080695336626e-08,1.0,8.375123372594828e-10,20754.70106893895,22617.024514436736,39269.67221146822,40623.60826009236,952.1977254811011
6,3,Case2,6x4_007,51.0,-83.0,6x4,1,1,0.9999997615814209,8.017345010102872e-08,7.633849463672959e-08,11050.763333309067,11597.248259383447,16119.98941040039,15520.91660010174,466.2053926382524
8,3,Case2,6x4_009,-63.0,21.0,6x4,2,2,2.5492513486824464e-06,0.9999974966049194,3.926891256611498e-09,19810.341364807206,19988.744534192116,36122.34503364563,36433.65864472125,214.63815434720428
9,1,Case2,6x4_010,-74.0,83.0,6x4,1,1,1.0,8.357983749540665e-10,6.670509145045855e-10,6475.1691437324325,6281.382063305744,9510.376041412354,8913.9309320138,417.6195092273466
11,2,Case2,6x4_012,-56.0,9.0,6x4,2,2,1.047777331564248e-07,0.9999998807907104,1.1946077904667618e-08,21548.379771521366,22712.262214576167,40814.75379753113,41365.173297306515,452.0350439286735
12,4,Case2,6x4_013,61.0,33.0,6x4,2,2,0.10399594902992249,0.8960040807723999,5.817700099441936e-09,16122.42566552643,16867.07541535057,27059.23011779785,26656.192399119584,291.15352512472134
13,3,Case2,6x4_014,19.0,79.0,6x4,2,2,3.976368390112839e-08,1.0,4.263551456329395e-10,20603.663841197562,21700.44817191582,37985.37337721884,39777.032139350486,1275.7458578729436
15,5,Case2,6x4_016,75.0,-61.0,6x4,1,1,1.0,1.4680390236776475e-09,2.1840605712863947e-10,9605.86968700014,9607.920900384746,12272.73332977295,11931.025552774174,214.05872823010944
16,2,Case2,6x4_017,-30.0,66.0,6x4,2,2,2.9087352231726982e-05,0.9999709129333496,2.194339848715643e-10,17554.893196468318,18094.10137710121,30523.850940704346,30959.63728200713,309.16707492026427
18,1,Case2,6x4_019,-79.0,29.0,6x4,2,2,1.6315068762651208e-07,0.9999998807907104,7.06340680389772e-11,18047.277970699313,19388.6377987558,32282.749340057373,33528.63329049238,932.1136324652056
19,3,Case2,6x4_020,-2.0,48.0,6x4,2,2,4.289352517616862e-08,0.9998200535774231,0.0001799682795535773,22366.67657833105,22803.511691943986,41537.01729011536,42239.20970362866,490.9904535843243
20,1,Case2,6x4_021,-49.0,-67.0,6x4,1,1,0.9999617338180542,3.8213365769479424e-05,3.011579527423258e-11,13241.473727550778,13991.169430130827,16862.695304870605,16840.295258439884,518.0445854593127
21,4,Case2,6x4_022,43.0,-33.0,6x4,2,2,0.32079488039016724,0.6792033314704895,1.772993186932581e-06,15881.001246662378,16159.092334770974,24317.717407226562,24806.324448916825,431.04213233552434
22,3,Case2,6x4_023,62.0,-67.0,6x4,1,1,1.0,1.473768662663133e-08,5.412478191330061e-12,10922.264530441522,10819.42217950334,12623.779968261719,12090.766374034352,348.5876917057381
23,2,Case2,6x4_024,30.0,75.0,6x4,2,2,6.555542313435581e-06,0.9999934434890747,4.922244209448756e-11,17917.135662089717,18755.14870091994,31518.928310394287,32266.622489556285,528.9763187389157
24,5,Case2,6x4_025,80.0,-80.0,6x4,1,1,1.0,6.497482551992562e-10,1.2211179289955965e-10,5972.071636344868,5621.652337806276,9090.72618484497,8392.869748572526,465.9906386767247
26,5,Case2,6x4_027,54.0,-38.0,6x4,1,1,0.9734198451042175,0.026580149307847023,5.586994755724106e-11,15371.954601045092,16676.254422468948,22093.110076904297,22210.431456112907,288.7011046422196
27,2,Case2,6x4_028,36.0,-31.0,6x4,2,2,0.024671444669365883,0.9750985503196716,0.000229952551308088,16320.794939680867,17333.08424435529,26828.452423095703,27012.352903753017,242.5189815727234
28,2,Case2,6x4_029,52.0,-41.0,6x4,1,1,0.9981769323348999,0.0018231103895232081,1.5987466558953223e-11,15273.761643841104,16029.130321287044,20100.629302978516,20248.702633684275,186.62487205177814
29,4,Case2,6x4_030,15.0,-12.0,6x4,3,3,7.208044577877715e-11,3.091631469942513e-06,0.9999969005584717,18261.513326122706,19205.33727379206,40346.919271469116,41287.6854931878,903.4102894320698
30,5,Case2,6x4_031,-55.0,-62.0,6x4,1,1,0.999998927116394,1.1157269454997731e-06,1.4974674278356304e-11,12519.355773543584,13437.061806222477,14600.038009643555,14266.006321276927,206.15198034081786
31,3,Case2,6x4_032,-19.0,-7.0,6x4,3,3,2.2856171816298954e-11,2.986804065585602e-05,0.9999700784683228,18252.393554508428,19349.94333558058,40701.98033905029,41252.181859363445,561.4224155885264
32,5,Case2,6x4_033,-61.0,86.0,6x4,1,1,1.0,6.036901645245507e-09,3.88939334072802e-08,8663.530557652,9133.857763887516,12063.288520812988,11889.307379413629,193.07035677551931
33,5,Case2,6x4_034,-43.0,-15.0,6x4,2,2,3.163445944665e-05,0.9999244213104248,4.399404861032963e-05,20160.04950343554,20735.706466213986,37164.66524505615,37027.97876562145,107.68865237002952
34,5,Case2,6x4_035,70.0,81.0,6x4,1,1,1.0,1.5262541230853799e-09,1.3739247239907826e-10,7250.725122793007,7447.596680003367,10157.417854309082,9789.00428595463,253.91004852103228
35,1,Case2,6x4_036,8.0,25.0,6x4,3,3,2.703605026486977e-13,1.92196625903307e-06,0.9999980926513672,19258.694031637977,20706.68793777078,40618.30241775513,41663.50188735176,860.1155817892194
37,3,Case2,6x4_038,-56.0,52.0,6x4,1,1,0.9999940395355225,5.983974460832542e-06,6.758878938299684e-13,13779.68239296741,14821.904053157206,15559.530044555664,15192.327261299986,302.95800260415615
38,5,Case2,6x4_039,64.0,42.0,6x4,1,1,0.9930344820022583,0.006965592969208956,8.281197949600028e-11,15101.636430104876,15180.380876292033,21462.68901824951,20318.33152622984,806.9267513945535
39,2,Case2,6x4_040,-27.0,-54.0,6x4,2,2,0.013430911116302013,0.986568808555603,2.9197781259426847e-07,17635.6244604274,18065.61068317357,30356.05913925171,30476.031502262464,147.18224584256552
40,4,Case2,6x4_041,-2.0,-68.0,6x4,2,2,4.602363490313621e-10,1.0,5.564828153836743e-09,22256.993284960623,24093.231136302475,41910.84020590782,43649.46201210036,1235.3795856642942
41,3,Case2,6x4_042,84.0,51.0,6x4,1,1,0.9999984502792358,1.498729147897393e-06,4.0256806776994836e-09,10880.446089157313,10945.65145139675,16035.284492492676,14968.271933446327,725.553886055628
42,3,Case2,6x4_043,79.0,-71.0,6x4,1,1,1.0,9.043308324407917e-10,3.640553969397331e-10,7260.875534046547,6866.416519025108,10099.37686920166,9387.222833910753,484.39393735798313
43,1,Case2,6x4_044,59.0,-56.0,6x4,1,1,0.9999996423721313,3.172130789153016e-07,9.714521721770897e-12,13010.057232788411,12811.690777315753,14537.59326171875,13978.616863420502,305.64955850592435
44,1,Case2,6x4_045,-18.0,-35.0,6x4,2,2,8.103150150873262e-08,0.8747615218162537,0.1252383291721344,19920.166232535616,19572.086384214563,35482.83219528198,35539.05773096118,113.93492917471431
45,3,Case2,6x4_046,-76.0,-77.0,6x4,1,1,1.0,3.36949668167108e-08,1.2009350458530577e-10,6781.751740967857,6609.867896269773,9680.02953338623,9035.712293137118,439.19956707429174
46,5,Case2,6x4_047,42.0,27.0,6x4,2,2,0.3870278000831604,0.6129523515701294,1.985331800824497e-05,17036.221717934684,17508.787956663353,28561.14824295044,28812.20247054518,247.3885535200441
47,1,Case2,6x4_048,1.0,71.0,6x4,2,2,1.3443890445330453e-09,1.0,1.1704311131399692e-10,22383.690349189837,22163.509266817557,42173.39065988362,42118.00304682602,147.47070989600513
48,2,Case2,6x4_049,-37.0,22.0,6x4,2,2,0.02272561937570572,0.9724124073982239,0.004861943423748016,18357.4640474759,18743.06125840376,32737.402591705322,32561.575123992112,157.3648915986986
50,3,Case2,6x4_051,28.0,57.0,6x4,2,2,5.429625161923468e-05,0.9999456405639648,8.277261542843917e-09,17712.049589651342,17665.79662613136,30335.37829208374,30377.556977353648,132.53653068271552
52,5,Case2,6x4_053,3.0,87.0,6x4,2,2,1.8506887133895589e-09,1.0,3.639651358078311e-10,22248.78642704942,18980.282065082116,41152.33970975876,41420.462470434,150.2503708417871
53,2,Case2,6x4_054,-17.0,-44.0,6x4,2,2,3.356877277838066e-05,0.9998482465744019,0.00011816241749329492,19730.01039931261,20564.337680220844,36037.03637123108,37156.042601732675,715.3107981836688
54,3,Case2,6x4_055,44.0,-49.0,6x4,1,1,0.9997395873069763,0.0002604244218673557,1.8555768033223785e-11,15976.463339044598,16258.917803834001,19088.29020690918,18464.18124467351,326.67387013781155
56,4,Case2,6x4_057,2.0,74.0,6x4,2,2,2.4109542140493545e-10,1.0,1.2125260517859004e-10,22340.2490678272,23797.97988605531,41991.09358549118,43115.93137189887,777.3406861427129
57,1,Case2,6x4_058,82.0,19.0,6x4,2,2,4.549408458842663e-07,0.9999995231628418,2.1524351745405568e-10,20342.67136165196,21419.702429191366,37597.80515027046,38897.012861640724,933.949640854003
58,1,Case2,6x4_059,14.0,3.0,6x4,3,3,3.302973942530957e-13,1.781588423455105e-07,0.9999998807907104,17257.710775301333,18553.262473065693,39940.503073364496,41233.56683264709,1078.0261124266192
59,2,Case2,6x4_060,44.0,-84.0,6x4,1,1,0.9935761094093323,0.006423917133361101,1.68854058339718e-12,12937.180943069954,13734.116423174402,20193.92555999756,21560.44770305937,917.5440020235598
60,3,Case2,6x4_061,0.0,-52.0,6x4,2,2,2.353746886285535e-08,0.9999716281890869,2.8291808121139184e-05,22306.408156250967,22326.54801930571,41632.16054344177,41976.85022233609,350.16541255853696
61,5,Case2,6x4_062,33.0,26.0,6x4,2,1,0.8064689636230469,0.1238023042678833,0.06972873955965042,17984.52330299771,18323.845938686307,30669.0115776062,30412.747529382155,240.5844809041682
62,5,Case2,6x4_063,-75.0,38.0,6x4,2,2,0.002416315022855997,0.9975836277008057,2.0826063096279768e-09,16001.171126272333,16164.821578029105,25878.04421234131,26546.702287620094,546.5015792539284
63,5,Case2,6x4_064,-20.0,55.0,6x4,2,2,1.836578576330794e-06,0.9999982118606567,5.9916938077719806e-09,19963.39258921645,20127.645611900443,35805.245738983154,35672.034739191084,176.25757990728354
64,3,Case2,6x4_065,72.0,31.0,6x4,2,2,3.882418241119012e-05,0.9999611377716064,4.5877412979677956e-10,17401.565138733276,18247.320135717968,30255.924961090088,31245.87589520932,712.1519617069395
65,3,Case2,6x4_066,75.0,72.0,6x4,1,1,1.0,4.898688565901921e-09,5.561851326718603e-11,7640.143350666693,7351.567278094642,10254.928009033203,9546.220937519221,484.58904626525435
66,5,Case2,6x4_067,-83.0,68.0,6x4,1,1,1.0,1.402831295571616e-09,6.07486505543875e-10,7375.888626669171,7326.668992562046,10396.559120178223,9761.516952770195,392.5033916440942
67,3,Case2,6x4_068,-26.0,-1.0,6x4,3,3,9.585273547108031e-12,4.4723190512740985e-05,0.9999552965164185,19456.305973491017,20438.810918030525,41096.747955322266,41201.92978300055,160.21613883597033
68,3,Case2,6x4_069,-36.0,57.0,6x4,2,2,0.21317948400974274,0.7868204712867737,1.9902091086265727e-09,16012.499820929535,16280.776355171476,24273.506149291992,24105.741908203374,109.09066901820381
70,2,Case2,6x4_071,-45.0,-29.0,6x4,2,2,0.3578609824180603,0.6421363353729248,2.685668050617096e-06,16177.961790320023,17098.77412992722,27254.40411376953,26732.26428941005,420.08743065255226
71,5,Case2,6x4_072,-29.0,13.0,6x4,3,3,2.3212531896632527e-09,0.001065401011146605,0.9989345669746399,20710.241629599408,21575.200851609457,38879.87706565857,39024.025263700205,264.0430917135256
72,4,Case2,6x4_073,-22.0,46.0,6x4,2,2,9.139193025475834e-06,0.9999686479568481,2.2166988856042735e-05,18878.0105001635,19573.551479823425,33066.51007461548,34106.61329429257,756.3629539021634
73,2,Case2,6x4_074,-1.0,-8.0,6x4,3,3,1.0529273850382048e-12,4.143507936760216e-08,1.0,17026.160511303562,17602.31319391203,38559.52574840188,39934.241132798394,937.3188759159978
75,4,Case2,6x4_076,50.0,5.0,6x4,2,2,1.5241559125911408e-08,0.9999951124191284,4.816257842321647e-06,21885.93175823237,22849.142529220335,40961.54466962814,41446.11260921693,339.9854818705312
76,1,Case2,6x4_077,-64.0,20.0,6x4,2,2,2.3792766512542585e-07,0.9999997615814209,1.0746439849107503e-10,19538.7897396166,20050.72440770075,36803.21956062317,37082.6913743562,264.2508415127575
77,2,Case2,6x4_078,29.0,-79.0,6x4,2,2,3.570357876014896e-05,0.9999642372131348,7.270924834434922e-11,18246.36351476399,19072.988941252104,32369.10271835327,32912.47292338592,401.8942194933114
79,1,Case2,6x4_080,-53.0,-64.0,6x4,1,1,0.9999978542327881,2.1293849385983776e-06,8.60247029860206e-12,13114.080150028736,13307.663166739763,15165.436920166016,14863.193068961713,435.3239396417685
81,1,Case2,6x4_082,85.0,48.0,6x4,1,1,0.9999842643737793,1.5765157513669692e-05,1.109629366169429e-08,11621.81100951362,11486.901314284107,17661.911895751953,16934.81086596309,521.9132174578738
82,3,Case2,6x4_083,-12.0,85.0,6x4,2,2,3.0600590950058404e-09,1.0,8.206290091905544e-10,21304.411023413217,20994.203976278222,40045.64442026615,40718.44780931629,541.3675910740708
83,5,Case2,6x4_084,77.0,-48.0,6x4,1,1,0.9999978542327881,2.0916211269650375e-06,4.6963077870998404e-09,12216.006785058336,12332.213701365717,17617.78549194336,16858.962253817434,566.2085618575447
85,2,Case2,6x4_086,-41.0,-54.0,6x4,1,1,0.9990474581718445,0.0009524988709017634,2.2248239708866357e-11,15334.76214970965,16126.146889297617,20370.241760253906,20808.378462885088,303.939527019975
86,1,Case2,6x4_087,-38.0,89.0,6x4,2,2,0.028039300814270973,0.9719606041908264,1.474273432222617e-07,16110.326157228694,15262.627826299018,26626.50227355957,25806.610812714567,435.42955237164693
87,1,Case2,6x4_088,23.0,33.0,6x4,3,2,2.88088335764769e-06,0.9672278761863708,0.03276924788951874,18667.182044892546,19067.154276225832,32820.57548713684,33519.44212810035,511.9197684278054
88,1,Case2,6x4_089,18.0,-35.0,6x4,2,3,4.7151087301244843e-07,0.22881725430488586,0.7711822986602783,20004.824334374945,20521.536569794167,35683.80089759827,36427.844211591866,619.0303034058611
89,5,Case2,6x4_090,-65.0,24.0,6x4,2,2,1.2100988442398375e-06,0.9999988079071045,4.469377090643434e-10,19166.219234683158,19110.800721442953,34469.258419036865,34745.41953021922,187.56308063273056
92,1,Case2,6x4_093,-70.0,-78.0,6x4,1,1,1.0,8.486855662681592e-09,5.7350066917649656e-09,7570.430723745265,7534.836821120968,10318.320999145508,10024.370603266234,189.44683490027612
93,1,Case2,6x4_094,73.0,-55.0,6x4,1,1,1.0,2.680347144234929e-08,5.495756627560411e-10,11130.10844688354,11208.10351100988,14246.254989624023,13632.464713388992,455.53118259403055
95,4,Case2,6x4_096,84.0,-52.0,6x4,1,1,0.9999997615814209,2.5100038669734204e-07,2.7276849667856595e-09,10765.94834339393,11143.854761185292,15570.672637939453,15257.073126879339,170.34428336798598
96,5,Case2,6x4_097,-46.0,-23.0,6x4,2,2,0.0016614863416180015,0.9983313679695129,7.141692094592145e-06,17815.678284165737,18528.364599304918,32120.091911315918,32073.47053386943,104.07129285953395
97,1,Case2,6x4_098,-1.0,36.0,6x4,3,3,2.3396659609709047e-11,0.0007359641022048891,0.9992640614509583,21657.29273727099,21587.090517426797,41026.720178604126,41577.550096800216,544.3627143565992
98,5,Case2,6x4_099,90.0,40.0,6x4,1,1,0.8011195063591003,0.198870450258255,1.0059443411591928e-05,12347.284819586124,14224.397402392637,22755.860969543457,23383.6549545058,458.1827535137174
99,5,Case2,6x4_100,69.0,62.0,6x4,1,1,1.0,1.9550533636447653e-08,8.603341997148739e-12,10335.948527733512,10715.354083140037,12326.815940856934,12278.814101531098,106.053388854362
101,2,Case2,6x4_102,76.0,-24.0,6x4,2,2,4.611828444467392e-06,0.9999953508377075,2.6719354506710147e-10,19209.213496979915,20054.04554009905,35196.511138916016,36512.661632712356,992.5124034672801
102,2,Case2,6x4_103,66.0,14.0,6x4,2,2,3.159932404628307e-08,1.0,5.576927808448318e-10,20725.43237640009,21833.784522101672,39405.27874740213,40079.89426215841,486.03571741080475
103,5,Case2,6x4_104,83.0,3.0,6x4,2,2,2.0248652532472988e-08,1.0,5.57207946449978e-10,21975.393590152078,21610.391492201794,41024.56811866164,42014.581562411055,647.0958131381155
104,3,Case2,6x4_105,89.0,-77.0,6x4,1,1,1.0,1.1993515069974592e-09,1.1098876262494173e-09,5742.907653147176,5801.62182683834,8954.457775115967,8747.253313680445,155.8941461303854
105,4,Case2,6x4_106,-12.0,43.0,6x4,2,2,1.212840317066366e-07,0.9979423880577087,0.0020574466325342655,21828.546895226827,22061.28647909674,38798.90520095825,39997.82517725156,885.8804796947252
106,3,Case2,6x4_107,69.0,8.0,6x4,2,2,1.0797159610831386e-08,1.0,1.2303486007780862e-09,21621.816505972165,23036.942361239126,41065.04050898552,42119.97253439689,746.6686895722523
107,1,Case2,6x4_108,46.0,-72.0,6x4,1,1,0.9998831748962402,0.0001167629161500372,9.861232719288182e-09,12968.26670199502,13666.085806093117,18720.836822509766,19107.100602557904,336.666831185266
108,5,Case2,6x4_109,-69.0,17.0,6x4,2,2,3.017592931087165e-08,1.0,1.2245886249484528e-10,21042.62463381931,20903.16170135684,38614.60772371292,38786.73236214469,158.95977561454737
113,5,Case2,6x4_114,-35.0,-78.0,6x4,2,2,0.002236965112388134,0.99776291847229,1.223665435645671e-07,16641.048662185567,16470.2578694811,28145.9669380188,28374.898770665117,213.23512788476094
114,4,Case2,6x4_115,22.0,74.0,6x4,2,2,1.30473878812154e-07,0.9999998807907104,3.241256429920014e-10,19382.289896574675,20854.76165554327,36445.74831008911,37077.8234953496,460.97708731520845
115,5,Case2,6x4_116,12.0,-85.0,6x4,2,2,2.749636252019627e-08,1.0,1.6346411724210697e-10,21318.920308209603,21012.261329289304,40062.750755786896,40292.958050546586,270.0361346939123
116,5,Case2,6x4_117,-87.0,33.0,6x4,2,2,2.1203017240623012e-05,0.99997878074646,1.5665090336014487e-09,16964.578443697086,17635.52490817651,29832.947952270508,30433.69307617329,458.564346740196
117,1,Case2,6x4_118,54.0,-88.0,6x4,1,1,0.9999988079071045,1.1871376415228951e-07,1.0600811037875246e-06,10111.479383002628,10594.862195445981,14682.078651428223,15014.764936392075,265.5576780350333
119,4,Case2,6x4_120,-58.0,-26.0,6x4,2,2,0.0005196385900489986,0.9994803071022034,2.5883876375587533e-08,17659.519380381615,17965.215702054833,31943.719570159912,32122.6249945802,198.1541508630835
120,4,Case2,6x4_121,-50.0,14.0,6x4,2,2,2.2432797663896054e-07,0.9999972581863403,2.499974925740389e-06,21062.79375991071,21323.2845578872,38399.942257881165,39332.28785936498,725.881332218341
121,2,Case2,6x4_122,20.0,-73.0,6x4,2,2,7.206179475360841e-07,0.9999992847442627,3.883367516444025e-10,20426.1417112616,20835.06935023741,37335.32593250275,37744.37819023759,324.3617648255597
122,1,Case2,6x4_123,76.0,4.0,6x4,2,2,4.562153765874655e-09,1.0,1.4658251001886669e-10,21923.73339124474,23123.720388907044,41322.524722099304,42779.787254475545,1032.7525908117611
123,1,Case2,6x4_124,42.0,-66.0,6x4,1,1,0.993403971195221,0.0065960050560534,6.930787610492928e-10,15417.937098843093,14862.842876679471,22005.390563964844,21641.501282045007,179.87280246756325
124,2,Case2,6x4_125,-3.0,72.0,6x4,2,2,1.4784443669313418e-09,1.0,4.1934261618692403e-10,22322.264683286012,23243.497598831404,42042.27668720484,42676.86085062464,446.7815461507912
125,3,Case2,6x4_126,-8.0,18.0,6x4,3,3,9.387075144973167e-11,0.0003380838315933943,0.999661922454834,17949.699023275294,19306.603333692077,40176.9159283638,41287.521370756935,1104.419062632089
126,2,Case2,6x4_127,-66.0,77.0,6x4,1,1,1.0,1.4148528182378328e-10,3.473157972702125e-14,8428.451427525222,8560.746691771192,11095.57219696045,10713.130862076416,298.4418846039222
127,5,Case2,6x4_128,59.0,-70.0,6x4,1,1,1.0,5.865456564890792e-09,9.59933799116186e-11,10891.370894468742,11031.785373980609,13077.116172790527,12789.60074056941,230.16280720843724
128,4,Case2,6x4_129,24.0,11.0,6x4,3,3,6.620443776528262e-11,5.041871645516949e-06,0.9999949932098389,19785.482958492543,20339.78794060384,39819.35524940491,40457.25855051184,511.7005014293112
133,4,Case2,6x4_134,-56.0,37.0,6x4,1,1,0.7332908511161804,0.26670920848846436,8.389486438886706e-09,15585.449355990706,15716.274237612084,23241.95694732666,23225.445674598603,135.88458654921158
135,2,Case2,6x4_136,8.0,-68.0,6x4,2,2,3.269804693672995e-08,1.0,3.2310369935117933e-09,21869.668232739932,22840.695431610315,41306.32139670849,41481.43978344036,178.59838422517635
136,4,Case2,6x4_137,68.0,53.0,6x4,1,1,0.9999995231628418,4.609611607975239e-07,6.1388723965327685e-12,12281.321152881383,13159.542234714667,15012.169082641602,15103.278123439157,362.97823824152033
137,1,Case2,6x4_138,-28.0,-75.0,6x4,2,2,1.4509706716125947e-06,0.9999985694885254,9.821643498497679e-11,18208.514740433136,18629.185390476185,32651.467559814453,32963.42348085119,327.52697581636204
139,2,Case2,6x4_140,1.0,-3.0,6x4,3,3,2.009900926247532e-12,3.866847819722352e-08,1.0,16892.48376444766,18106.034948834582,37631.56885588169,38864.60108451977,652.4976774922394
140,2,Case2,6x4_141,79.0,49.0,6x4,1,1,0.9999877214431763,1.2231340406287927e-05,3.4987800417302095e-14,11723.05325713485,11910.34458842585,17044.90406036377,16948.895549205554,150.39996774025542
141,5,Case2,6x4_142,56.0,10.0,6x4,2,2,7.382980697911989e-07,0.9999992847442627,5.884794429533713e-09,21287.038098368255,21567.48378272414,40217.447687625885,39951.19095679768,215.73047133204696
143,1,Case2,6x4_144,-86.0,-39.0,6x4,2,2,0.049410805106163025,0.9505890607833862,1.2391318193749612e-07,15505.565310891709,15219.39556720567,25881.631576538086,24790.84375059498,536.3619746353477
144,1,Case2,6x4_145,29.0,32.0,6x4,1,2,0.0005043045966885984,0.9986618757247925,0.0008338491315953434,17380.510566070083,17536.84913743918,29553.07538986206,29931.32690231996,323.47857690330125
145,5,Case2,6x4_146,-41.0,-28.0,6x4,2,2,0.13003060221672058,0.8699309229850769,3.845581886707805e-05,16406.185672703003,17243.71730408566,27895.95062637329,28093.93062362615,187.29189599245208
146,5,Case2,6x4_147,47.0,23.0,6x4,2,2,0.004885981325060129,0.9951112866401672,2.721039209063747e-06,17810.62882268262,18368.726105438345,32112.60482788086,32217.270585264316,129.03801485635546
148,5,Case2,6x4_149,24.0,-59.0,6x4,2,2,0.0024116558488458395,0.997588038444519,3.52724526919701e-07,18987.420898164553,18896.461223082762,33617.978969573975,33464.721493460864,129.32757501303635
150,3,Case2,6x4_151,-66.0,-82.0,6x4,1,1,1.0,4.46590178171391e-08,1.1583899395262165e-09,7852.607715837323,7914.189679980675,10842.304023742676,10322.55161360191,345.27521357410427
151,3,Case2,6x4_152,-23.0,-66.0,6x4,2,2,2.628112042657449e-06,0.9999973773956299,3.291622263645877e-08,18913.29779648672,19767.779773441922,35065.66606712341,35859.398770371285,542.9712272124024
152,5,Case2,6x4_153,50.0,-62.0,6x4,1,1,0.9999974966049194,2.5569308945705416e-06,5.34624514797466e-12,14258.02576510243,14212.590680528714,16479.578735351562,15787.535299760655,685.2660907892024
153,4,Case2,6x4_154,-65.0,-65.0,6x4,1,1,1.0,1.540389149568e-08,6.97766497359531e-12,10642.305491634826,10203.902824737657,12317.028938293457,11881.27113297704,402.76891647508006
154,1,Case2,6x4_155,11.0,-32.0,6x4,3,3,3.584383831412019e-11,0.00024613167624920607,0.9997538924217224,20998.13037174053,21827.97938293479,39258.65504646301,40592.45554202769,1084.78642412008
155,1,Case2,6x4_156,70.0,-86.0,6x4,1,1,1.0,9.728775562933833e-10,3.224898570408641e-09,6916.165492716169,7308.938256391096,9989.395706176758,10006.437234509569,95.54713873222494
156,4,Case2,6x4_157,78.0,-26.0,6x4,2,2,3.7491076909645926e-06,0.9999963045120239,7.317686456786987e-10,18245.925346530516,20361.603864029057,34098.619928359985,35342.47447767857,874.8560882703375
157,2,Case2,6x4_158,17.0,-43.0,6x4,2,2,9.88921892712824e-05,0.999491810798645,0.0004092998569831252,19805.97391087323,20422.868687247646,36126.09719657898,36462.75897214812,233.149647454463
158,4,Case2,6x4_159,-9.0,-4.0,6x4,3,3,4.8853344980503977e-11,3.089783149334835e-06,0.9999969005584717,16942.796513979963,18562.21493067523,39027.012247651815,40049.065562564276,864.8314387325514
159,4,Case2,6x4_160,47.0,-13.0,6x4,2,2,1.676171876852095e-07,0.9999383687973022,6.143603241071105e-05,20645.094612575558,21810.543029226545,38430.342754364014,39200.771401464706,566.922938999354
160,4,Case2,6x4_161,-43.0,-45.0,6x4,1,1,0.999980092048645,1.9955226889578626e-05,1.3217930222575447e-11,15059.704239150913,15292.402639038894,19022.618896484375,18459.214046277193,865.5644398952801
162,2,Case2,6x4_163,-84.0,28.0,6x4,2,2,3.5232712889410323e-06,0.9999964237213135,3.257736094774977e-11,18338.955396095836,19252.628953275016,33021.52264022827,33758.601451191884,535.823391357241
163,3,Case2,6x4_164,-16.0,-5.0,6x4,3,3,2.5219350913152638e-11,5.109240737510845e-05,0.9999488592147827,17864.734028392748,18641.16525762667,40495.022122718394,41208.289578945085,693.0788510422327
165,1,Case2,6x4_166,-61.0,-3.0,6x4,2,2,4.634810313319804e-09,1.0,2.6436661193507405e-10,22144.237823452062,22325.034996193717,42063.02284401655,41847.9845644158,147.09498020090467
168,2,Case2,6x4_169,58.0,-70.0,6x4,1,1,1.0,4.575442691390208e-09,5.97751997910307e-15,11082.860934759608,11254.38688762644,13358.513961791992,12862.429442447949,381.40492452130815
169,1,Case2,6x4_170,-35.0,-50.0,6x4,1,1,0.9897226095199585,0.010277342982590199,1.592460538435425e-11,15724.71411011459,15845.45442714721,23444.99340057373,23303.669091566284,214.5108277711335
170,3,Case2,6x4_171,-6.0,-18.0,6x4,3,3,6.995406424264994e-12,1.0729651876317803e-05,0.9999892711639404,17771.939868934987,18788.56515788655,40201.53708720207,41321.94819848049,1035.0621721729635
171,1,Case2,6x4_172,-68.0,5.0,6x4,2,2,1.713161834615562e-09,1.0,6.565110260980944e-11,22034.00690293698,22753.999562984303,41884.78419402242,42245.002149238484,353.02251356911285
172,4,Case2,6x4_173,82.0,-55.0,6x4,1,1,1.0,2.288061828892296e-08,1.7045344025135023e-09,10156.859176763548,10582.387277191847,14210.225952148438,13816.962474251259,235.97011455561903
175,4,Case2,6x4_176,-36.0,30.0,6x4,1,2,0.0023900726810097694,0.9975584745407104,5.142488225828856e-05,16474.161043303182,16709.115982274852,27420.61598968506,27136.41591412602,258.1990931990244
176,2,Case2,6x4_177,25.0,-81.0,6x4,2,2,2.922601879618014e-06,0.9999970197677612,5.1898887964973994e-11,19280.614771827895,20366.89308488518,34889.351570129395,36076.607509061694,843.5642355957702
177,4,Case2,6x4_178,27.0,63.0,6x4,2,2,7.47731828596443e-05,0.9999252557754517,7.679687996642315e-09,18243.915034447313,18854.889585329962,32198.668354034424,31969.90573659127,201.17022876724647
179,5,Case2,6x4_180,-14.0,88.0,6x4,2,2,4.706720790892405e-09,1.0,5.587466253564877e-11,20947.33439592328,20505.92441618842,39456.7513461113,39998.88029728601,322.583301128263
182,3,Case2,6x4_183,37.0,63.0,6x4,1,2,0.01376969926059246,0.9862303137779236,5.539965153289472e-10,16022.572187764572,16142.865454646928,24765.599655151367,24939.14275915846,182.3294907290791
184,5,Case2,6x4_185,-18.0,49.0,6x4,2,2,6.4088881117640994e-06,0.9999933242797852,2.3936269144542166e-07,19636.75276331284,20291.524759316322,36205.86668586731,35950.12265152317,227.01615567520406
186,4,Case2,6x4_187,-47.0,-37.0,6x4,1,1,0.9996582269668579,0.0003417658735997975,9.054001298691716e-11,15392.392221167545,15775.000425370523,21826.337493896484,21432.562703820928,416.6549280752984
188,3,Case2,6x4_189,34.0,0.0,6x4,3,3,2.3799304194049853e-10,0.002800511894747615,0.997199535369873,21648.185159222492,22057.45971391732,40756.55771064758,41625.944797511285,646.2555297220291
189,3,Case2,6x4_190,-80.0,40.0,6x4,2,2,0.16741937398910522,0.8325806260108948,6.582209888250645e-09,15621.070129048341,15269.401877158849,24961.244735717773,24318.456855526776,253.59136139777706
190,4,Case2,6x4_191,-75.0,6.0,6x4,2,2,6.302731114793403e-10,1.0,1.8272192092716466e-10,22399.994698017577,24090.600859456223,41492.36454772949,43202.474005156044,1187.951974685296
192,3,Case2,6x4_193,48.0,41.0,6x4,1,1,0.9948456287384033,0.005154338665306568,1.364566515338339e-10,15391.811911449251,16376.87057305048,19870.267120361328,20056.202111894454,201.7055195003412
193,5,Case2,6x4_194,-11.0,-16.0,6x4,3,3,4.792306959253145e-13,5.380041412372805e-10,1.0,17995.32653778174,19299.44149593054,40179.73784160614,40663.04097430003,544.3517639979287
194,4,Case2,6x4_195,12.0,71.0,6x4,2,2,2.589430891930533e-09,1.0,1.7011458908200439e-10,21609.72681903185,23172.248302085005,40569.382226228714,41452.60194184624,635.4384738801944
195,3,Case2,6x4_196,-32.0,84.0,6x4,2,2,6.2604826780443545e-06,0.9999936819076538,9.34395671947641e-10,17057.653938905187,18357.773341076987,30565.393714904785,31121.526533168853,433.8810650670086
196,4,Case2,6x4_197,-80.0,-38.0,6x4,2,2,0.0021721033845096827,0.9978278279304504,1.7014125663905588e-09,15949.267921322184,16256.47384299441,26280.285163879395,26794.01338065298,509.29630915672954
197,1,Case2,6x4_198,-82.0,-53.0,6x4,1,1,0.999998927116394,9.855257303570397e-07,6.224599502502315e-08,10525.87463552392,10559.172398390745,15078.33381652832,14006.419576817389,766.8506161164081
198,1,Case2,6x4_199,-45.0,82.0,6x4,1,1,0.9996994733810425,0.0003001205332111567,4.865254368269234e-07,12868.27896151428,12737.665849229808,19522.44595336914,19439.094044665675,281.21855666089976
199,4,Case2,6x4_200,88.0,-42.0,6x4,1,1,0.9178297519683838,0.08217014372348785,1.4120104196990724e-07,11945.11328635953,13469.487763924668,21454.208488464355,22938.41002741261,945.2381843635285
200,5,Case2,6x4_201,-73.0,-27.0,6x4,2,2,8.165544613802922e-07,0.9999991655349731,4.866543834580739e-10,18396.69650336068,18969.4445479278,33264.030002593994,34420.22443834176,802.5030476957318
201,2,Case2,6x4_202,-24.0,-76.0,6x4,2,2,1.316956513619516e-06,0.9999986886978149,5.897540789057132e-10,19436.889317435416,20083.664838026365,35151.07549858093,36090.41426115351,679.7421163990302
202,4,Case2,6x4_203,33.0,58.0,6x4,2,2,0.36586427688598633,0.6341357827186584,1.6735759444941323e-08,16481.520967262808,16659.01103544262,26654.41330718994,25606.705764527258,671.7756715550172
203,5,Case2,6x4_204,27.0,-22.0,6x4,3,3,6.730151653755456e-07,0.007372178602963686,0.9926270842552185,20169.219416635045,20065.6704051068,35366.20693778992,34678.64424104118,419.63908149323316
204,5,Case2,6x4_205,-58.0,-50.0,6x4,1,1,0.9999783039093018,2.1737621864303946e-05,8.552501588876549e-12,15058.90222602965,15060.0338774823,17229.755798339844,16457.128882901787,213.2269097593786
205,1,Case2,6x4_206,4.0,90.0,6x4,2,2,1.3918666219581155e-09,1.0,4.305110434810189e-11,10033.736811180552,20091.530316434382,39175.494170725346,40946.78237196541,1493.0443353945357
206,4,Case2,6x4_207,19.0,-83.0,6x4,2,2,2.469251825232277e-08,1.0,3.4382319213932533e-10,20718.630788170623,22383.045469097913,37883.28714251518,39245.42780853398,941.0963819166977
207,4,Case2,6x4_208,-87.0,47.0,6x4,1,1,0.9999366998672485,6.32489172858186e-05,2.0248220877761014e-08,11985.412902705066,12117.55922013041,18265.814643859863,18462.125709453907,231.3029831182376
208,3,Case2,6x4_209,58.0,-69.0,6x4,1,1,1.0,2.5994678409801963e-08,6.070550312431422e-12,11262.7522869744,11521.071951931786,13403.90104675293,12758.72781483607,472.8023189663402
209,3,Case2,6x4_210,-10.0,23.0,6x4,3,3,1.0468943767438788e-10,0.00027124976622872055,0.9997287392616272,18592.485941262126,20445.833040878937,40031.91142177582,40939.98351997362,866.2200346842644
210,4,Case2,6x4_211,55.0,-59.0,6x4,1,1,0.9999996423721313,3.2799025007079763e-07,1.7245949460176213e-11,13082.073949807596,13960.255679905393,14725.264999389648,15071.484634734215,292.6395504499853
211,2,Case2,6x4_212,-63.0,54.0,6x4,1,1,0.9999990463256836,9.249721415471868e-07,6.048267220176359e-14,13149.642813456412,13158.571018464558,14885.563262939453,14717.005330237014,199.84284858190335
212,3,Case2,6x4_213,67.0,-42.0,6x4,1,1,0.9836345911026001,0.016365423798561096,1.5795806329599316e-10,15238.461765495984,15591.87355393049,22070.669059753418,21556.439993231663,245.3452567877594
213,2,Case2,6x4_214,63.0,-14.0,6x4,2,2,1.1785038367406742e-07,0.9999998807907104,1.2085873413170134e-09,21252.83674905893,21749.664093902873,39414.78084182739,40121.62140642166,531.6515154557052
214,4,Case2,6x4_215,9.0,13.0,6x4,3,3,1.0427021052139551e-10,3.688463721118751e-06,0.9999963045120239,17835.088760201925,18865.228637791814,39745.24285906553,41051.24175161137,1071.803955501201
215,1,Case2,6x4_216,-10.0,59.0,6x4,2,2,9.150855184714146e-09,1.0,7.586350436739053e-10,21647.50111512341,22123.944516013085,40853.41557312012,41180.551975064,291.23127069053874
216,2,Case2,6x4_217,21.0,56.0,6x4,2,2,2.8752581329172244e-06,0.9999970197677612,1.451694373599821e-07,19609.78370155998,19949.30356369407,35258.42631149292,36061.31015698197,604.1900809587163
217,4,Case2,6x4_218,5.0,-15.0,6x4,3,3,1.9342742685335423e-11,2.5787892354856012e-06,0.9999973773956299,17291.633850273225,18688.4655870348,39962.61316564679,41358.88290230355,1193.9757741285596
218,5,Case2,6x4_219,-7.0,65.0,6x4,2,2,7.423787806715154e-09,1.0,3.211209353981559e-10,22070.77677141205,23384.226110234194,41737.54390138388,42204.203559255606,339.2589191235257
219,2,Case2,6x4_220,14.0,-23.0,6x4,3,3,9.828366419328827e-12,1.3980768471810734e-06,0.9999985694885254,19368.438682776316,21094.93168295895,39468.05104827881,41043.86998643596,1221.0678215478506
220,4,Case2,6x4_221,74.0,-56.0,6x4,1,1,1.0,1.6815018710758523e-08,3.6592390229017724e-10,10774.798576776451,11286.777635735127,13862.40316772461,13714.367520888276,137.11908752583656
221,1,Case2,6x4_222,7.0,-80.0,6x4,2,2,2.3358648348903444e-09,1.0,3.5280345311861083e-10,21939.181417166652,22636.70855610032,41041.88960206509,42049.29205112235,691.748439585489
223,5,Case2,6x4_224,-4.0,-43.0,6x4,2,2,6.777122507628519e-07,0.9967599511146545,0.003239332465454936,22327.81469540721,22913.752617672384,40780.71779632568,41233.749148020775,251.65532019316777
224,5,Case2,6x4_225,2.0,-73.0,6x4,2,2,6.351513093250105e-09,1.0,8.211347712894224e-10,22243.855918504287,22987.76459188335,41755.81861922145,42539.390658401826,500.25437180092086
225,1,Case2,6x4_226,-42.0,80.0,6x4,1,1,0.9679192900657654,0.032080359756946564,3.2561567309130623e-07,12636.501192716887,13854.37184745075,21449.459274291992,21952.477482796377,431.80177654605336
226,4,Case2,6x4_227,-42.0,-6.0,6x4,2,2,1.7005714170181818e-08,0.997235119342804,0.0027648769319057465,22027.314876317232,22731.566923593993,40464.47897148132,41310.46260431392,641.3613586228714
227,2,Case2,6x4_228,60.0,-31.0,6x4,2,2,0.004246746189892292,0.995753288269043,9.84015091631818e-09,16943.9259793842,17078.882034751954,28469.997817993164,28511.464132491434,83.88991972057218
229,3,Case2,6x4_230,-44.0,-30.0,6x4,1,2,0.049685195088386536,0.9503134489059448,1.3491601293935673e-06,16292.770338829978,16809.115432330087,26408.767295837402,26618.519443183723,273.6380887134976
230,4,Case2,6x4_231,-69.0,24.0,6x4,2,2,2.981942657243053e-07,0.9999996423721313,4.346562831880618e-10,19228.988106973306,20154.170267185735,34868.6391620636,36088.995722208514,842.1265831225184
231,2,Case2,6x4_232,-8.0,-27.0,6x4,3,3,3.388278589991356e-12,1.1301316362732905e-06,0.999998927116394,20445.4605050078,20759.894246547978,40277.29566001892,40656.483745045545,298.5385114475549
232,5,Case2,6x4_233,61.0,-20.0,6x4,2,2,3.548653467078111e-06,0.9999964237213135,6.305161392994307e-10,19368.7626984714,20480.642532101294,36348.418157577515,36705.06427418858,288.7741358234621
234,4,Case2,6x4_235,-62.0,7.0,6x4,2,2,2.4251098906802326e-09,1.0,1.0675231809642582e-09,21858.485639555445,23267.50322282133,41567.45152771473,42181.7594079995,445.7884810615464
235,5,Case2,6x4_236,16.0,-57.0,6x4,2,2,1.1784592970798258e-05,0.9999877214431763,5.174027251086954e-07,20380.704515986185,21139.430302596815,38179.994592666626,38511.63331595078,271.1867344424282
236,5,Case2,6x4_237,-32.0,66.0,6x4,2,2,8.520508708897978e-05,0.9999147653579712,2.0112195242560915e-10,17161.738009005196,17470.10448680004,29051.662643432617,29091.109268401935,123.45041931746009
237,1,Case2,6x4_238,64.0,-22.0,6x4,2,2,6.033117188053438e-07,0.9999994039535522,3.3237820828979636e-10,19569.55455635698,19351.040668517526,35492.6805267334,35698.1510058294,193.91290697682123
239,1,Case2,6x4_240,53.0,26.0,6x4,2,2,0.0002233680133940652,0.9997766613960266,2.9052231731441225e-09,17742.89028742882,17739.664522262534,30821.335773468018,31113.06873808489,284.9032305880753
240,3,Case2,6x4_241,13.0,6.0,6x4,3,3,1.7998252194173503e-11,2.001276152441278e-05,0.9999799728393555,17186.14571104635,18756.061174966762,39830.687985658646,40995.53988723226,1002.8208820888573
241,4,Case2,6x4_242,-31.0,60.0,6x4,2,2,0.00013683043653145432,0.9998631477355957,1.8520739386573837e-09,17150.369386403705,17259.69375224142,28694.030059814453,28698.28668523123,120.0410673944847
243,2,Case2,6x4_244,85.0,-58.0,6x4,1,1,1.0,2.2816633027389344e-09,4.9544823945519775e-14,9226.505402181536,9663.065523585774,13027.071517944336,12733.196985755743,206.20815476824504
245,1,Case2,6x4_246,60.0,61.0,6x4,1,1,0.9999997615814209,1.8282675284808647e-07,1.3511068999716436e-11,12124.704993225623,12064.597555100423,13704.522079467773,13460.168365573953,122.04447551994758
246,4,Case2,6x4_247,-83.0,78.0,6x4,1,1,1.0,2.0953658808053888e-09,4.337605830073699e-09,5901.031192304986,5821.7874845401975,9049.769065856934,8827.031396647784,131.83107433824688
247,2,Case2,6x4_248,6.0,27.0,6x4,3,3,1.8622733563566918e-11,7.396819000859978e-06,0.9999926090240479,19856.12344991926,21112.789341997803,40799.733167648315,41360.63579085602,438.31992184937
249,3,Case2,6x4_250,-47.0,64.0,6x4,1,1,0.999962568283081,3.741625550901517e-05,1.7482696063400582e-12,15090.812055075732,14612.717034677384,19092.761322021484,16869.745659343705,1331.6612128040883
251,2,Case2,6x4_252,-82.0,-45.0,6x4,1,1,0.9753344655036926,0.02466546930372715,6.489450470048563e-12,12763.099799450643,13426.612086043871,19468.7890625,20184.219437145774,529.1879561272673
252,1,Case2,6x4_253,56.0,-34.0,6x4,2,2,0.49662095308303833,0.5033791065216064,4.2440026493117955e-10,15738.299968085543,15939.513395804017,25316.24457550049,25463.631915985123,257.00016357925006
253,1,Case2,6x4_254,-75.0,-17.0,6x4,2,2,1.2359729240074557e-08,1.0,4.234277165005018e-11,20296.055254171773,21801.70598244518,38719.16016744077,39221.8311071655,427.34662594603816
254,1,Case2,6x4_255,32.0,-60.0,6x4,1,2,0.014167295768857002,0.985832691192627,1.8019964409532463e-09,16888.94951834212,16484.55521294841,27816.123878479004,27818.868708712995,145.86126682056656
255,4,Case2,6x4_256,-25.0,-11.0,6x4,3,3,2.0527444327678168e-11,5.470064024848398e-06,0.9999945163726807,19544.900116467492,20683.629038866908,39924.95573043823,40771.1373169244,666.2974675462561
256,3,Case2,6x4_257,65.0,80.0,6x4,1,1,1.0,1.0978576270304075e-08,7.082486819243172e-10,8230.341289271644,8460.118865171777,11139.081932067871,10618.38313037053,338.38288357619837
257,1,Case2,6x4_258,54.0,-18.0,6x4,2,2,7.550844429715653e-07,0.9999992847442627,9.885937402032141e-09,20169.55595728981,19925.089736547474,36635.0611076355,36718.98773074475,116.96162057800584
258,2,Case2,6x4_259,-6.0,38.0,6x4,3,3,1.9984219079560717e-07,0.2255159467458725,0.774483859539032,21158.46303928862,23314.12993282581,40491.78612136841,41704.99676654309,913.236823482773
259,3,Case2,6x4_260,-50.0,68.0,6x4,1,1,0.9999980926513672,1.931314955072594e-06,2.916122638502161e-12,12916.439480898927,13285.016690211432,16457.928672790527,15205.46600934777,1071.9246425455046
260,1,Case2,6x4_261,-14.0,-28.0,6x4,3,3,1.4534050178649505e-11,0.00023460999364033341,0.9997653365135193,20763.839450044543,20454.708692717304,38519.05255317688,39466.186942783585,743.8134037610077
261,3,Case2,6x4_262,-57.0,76.0,6x4,1,1,1.0,1.2113853031792132e-08,1.839366992051339e-10,10374.91503648878,10571.226431322411,13533.71987915039,12841.565114136365,533.1192152429691
262,3,Case2,6x4_263,-24.0,2.0,6x4,3,3,1.7709562982748395e-11,9.194031736114994e-05,0.9999080896377563,19570.39536599779,20162.39892002106,41098.47527217865,41395.586062493254,299.1116628198354
263,5,Case2,6x4_264,87.0,-65.0,6x4,1,1,1.0,5.940211100785575e-10,3.1079987472537596e-09,7712.739051064256,7662.337001260067,10941.29077911377,10300.770797130444,400.19675497034336
264,5,Case2,6x4_265,-25.0,-84.0,6x4,2,2,7.8556041671618e-07,0.9999991655349731,1.303398278196255e-09,19152.831678599323,19723.203153349215,34791.86850833893,35868.88654038709,718.4736955143312
266,2,Case2,6x4_267,-33.0,-46.0,6x4,1,1,0.95064777135849,0.04935210198163986,6.148132314365284e-08,15671.874617300973,16602.383550242674,24374.616676330566,23906.68423589295,496.958691306553
267,3,Case2,6x4_268,-59.0,29.0,6x4,2,2,0.006467959377914667,0.9935320615768433,6.624259363263718e-09,17032.334444544056,18162.501006494975,29915.953693389893,30042.637031618062,135.36401571893498
268,2,Case2,6x4_269,-60.0,60.0,6x4,1,1,0.9999998807907104,8.713626442613531e-08,3.1580664597080296e-14,12347.987714725065,12451.022579916522,13874.702011108398,13344.231328694608,270.94675070028546
269,2,Case2,6x4_270,10.0,76.0,6x4,2,2,3.0531095429608968e-09,1.0,1.4923944025024838e-10,21674.54326783603,22935.757213600227,40932.06395339966,41928.09412305152,720.7082020162394
271,2,Case2,6x4_272,72.0,69.0,6x4,1,1,1.0,1.4883612120542011e-09,1.979927486339076e-14,8584.556018685464,8562.79918975204,10915.688179016113,10729.677387993825,186.92567083927864
272,2,Case2,6x4_273,81.0,62.0,6x4,1,1,1.0,3.2538391980807546e-09,9.31583945455814e-15,8688.00910600487,8936.302590195835,11790.865562438965,11440.753504715516,274.6013889494824
273,3,Case2,6x4_274,30.0,-25.0,6x4,3,2,0.0001611682091606781,0.9741267561912537,0.02571205236017704,18587.120373728012,18720.747541010678,32590.466930389404,32584.705447110646,106.57704885987476
274,2,Case2,6x4_275,80.0,-20.0,6x4,2,2,1.185438918582804e-06,0.9999988079071045,2.0850962623164548e-10,20160.33761725802,20893.78922268222,37336.23114259541,38366.15372702076,782.427516434751
275,3,Case2,6x4_276,-88.0,70.0,6x4,1,1,1.0,1.64452718109942e-09,1.1738008343087358e-09,6781.832437735399,6672.80998432225,9913.544708251953,9253.56045266808,445.5102285037408
276,4,Case2,6x4_277,57.0,88.0,6x4,1,1,1.0,3.709169149601621e-08,1.831925189321737e-08,9410.122436155292,10223.782440345965,13427.474403381348,13548.070533036711,184.41352773048388
277,5,Case2,6x4_278,18.0,78.0,6x4,2,2,7.122932288439188e-08,0.9999998807907104,4.240194584337331e-10,20980.223802292832,21263.738667748497,38415.786009937525,39048.19037859465,470.3198412571163
279,1,Case2,6x4_280,-31.0,-12.0,6x4,3,3,1.8348449148941626e-10,0.009418700821697712,0.9905812740325928,20727.153056757856,20719.260671796383,38893.52168464661,39717.25102709693,701.5377765354373
280,1,Case2,6x4_281,-72.0,-17.0,6x4,2,2,1.3608701721068428e-08,1.0,3.436617310170753e-11,20293.4445489537,21326.667409891706,38694.82481741905,38876.54117556399,239.93390819564658
281,3,Case2,6x4_282,25.0,-74.0,6x4,2,2,3.489754362817621e-06,0.999996542930603,7.385418054894899e-09,19086.397246924498,19599.594616761555,34622.14723968506,35420.313733888666,591.0941568129861
283,3,Case2,6x4_284,16.0,16.0,6x4,3,3,9.151731455991907e-11,6.298515927483095e-06,0.9999936819076538,18209.758475005117,19439.480398075328,39748.600335121155,39967.952764754016,352.3280331304039
285,2,Case2,6x4_286,40.0,-87.0,6x4,1,2,0.20161229372024536,0.7983877062797546,4.358690144923294e-11,12546.509245976511,15563.703992565135,22872.22066116333,25473.955532223015,1615.5770712926917
286,2,Case2,6x4_287,-77.0,22.0,6x4,2,2,2.392660860550677e-07,0.9999997615814209,4.845980908219083e-11,19682.419178480406,20746.71050568779,36375.603675842285,37252.00798907088,661.8781504151702
287,4,Case2,6x4_288,37.0,70.0,6x4,2,2,0.27144014835357666,0.7285598516464233,7.3858599236587e-09,16209.4467206728,16129.477365857461,26012.53813934326,25140.221717826338,504.81271985754165
288,5,Case2,6x4_289,-9.0,44.0,6x4,2,2,1.6944442222666112e-06,0.9996727705001831,0.00032551720505580306,21714.82087123156,22810.174608199406,39967.726778030396,40313.630903229256,317.7111085303544
289,5,Case2,6x4_290,20.0,-82.0,6x4,2,2,3.1419091328643844e-07,0.9999996423721313,1.4601544973125158e-10,20522.18521869169,20915.386790605335,37454.619997918606,38171.890742706775,530.8857833371911
290,1,Case2,6x4_291,26.0,5.0,6x4,3,3,1.5954249098053264e-13,1.0205235412286129e-06,0.999998927116394,19902.574046667247,20891.448255846226,40644.06721496582,41491.310149468576,663.049964824856
291,4,Case2,6x4_292,71.0,-88.0,6x4,1,1,1.0,3.403000936597067e-10,1.049723241663969e-08,6680.707967500501,6935.080462305005,9787.745292663574,9760.929475839956,84.67904017291333
293,4,Case2,6x4_294,-71.0,-57.0,6x4,1,1,0.9999998807907104,8.674408746855988e-08,8.056695935398928e-12,10964.727394088353,11241.346308995318,13538.20841217041,13116.785124402617,405.1943508356609
294,3,Case2,6x4_295,-84.0,-9.0,6x4,2,2,1.7885469105749507e-08,1.0,2.254427089454225e-09,21555.485153170084,21698.433522005926,40621.71700882912,41006.36094325759,359.96547775824183
295,2,Case2,6x4_296,-48.0,82.0,6x4,1,1,0.9999994039535522,6.556128369084036e-07,2.0645862271314805e-14,11880.68588063415,11730.808783490786,17725.440643310547,16751.776544793483,679.1809050271463
296,2,Case2,6x4_297,-13.0,-4.0,6x4,3,3,1.906874181126228e-12,1.4377580725977168e-07,0.9999998807907104,17336.19490492257,18075.934642867796,40003.40717250109,41646.38688859159,1226.0189796188863
297,4,Case2,6x4_298,-19.0,-23.0,6x4,3,3,2.3057698805839522e-10,1.0474876944499556e-05,0.9999895095825195,19757.553204401796,20283.66279848525,37985.175941467285,38114.468356237674,198.9223054432703
298,3,Case2,6x4_299,5.0,-32.0,6x4,3,3,1.4059565144053376e-11,0.00010837202717084438,0.9998916387557983,21877.266309314433,22125.498915342265,40615.35860824585,41611.465562246376,796.3305078477351
300,4,Case2,6x8_001,65.0,19.0,6x8,2,2,1.1200009669698474e-10,1.0,2.2218815676211534e-09,7525.576895339104,7523.170976817785,33537.90040409565,34294.114832151674,566.1849180785307
301,3,Case2,6x8_002,40.0,-51.0,6x8,1,1,0.540969967842102,0.45903006196022034,1.1521245762979859e-10,9876.031555208407,10026.610327774404,18036.517784118652,17641.820014627654,269.55878962050986
303,2,Case2,6x8_004,49.0,48.0,6x8,1,1,0.9990333318710327,0.0009666275582276285,1.4582190706671772e-12,10415.69076322906,10498.69700718602,14790.126861572266,14790.945450179192,244.03143942024718
304,2,Case2,6x8_005,-52.0,20.0,6x8,2,2,1.8494809017610692e-09,0.9999994039535522,5.728132350668602e-07,7818.281589636075,7721.919413163515,31957.508103370667,32113.894378496858,174.39137187016271
305,4,Case2,6x8_006,-15.0,-74.0,6x8,2,2,6.737829738590051e-11,1.0,4.507248796414842e-09,6875.589254158728,6929.037934611334,35132.55062556267,36120.11866919732,716.6672929772022
306,3,Case2,6x8_007,51.0,-83.0,6x8,1,1,0.9964599013328552,0.0035400432534515858,5.798602483592097e-12,8457.827117712022,8355.514637460517,14382.54130935669,14293.624308115024,258.4644004248259
308,3,Case2,6x8_009,-63.0,21.0,6x8,2,2,8.972487752778591e-10,1.0,4.9533305235272e-10,7785.499442875138,7600.308499666049,32615.34884661436,32902.36560809755,226.9636419321115
309,1,Case2,6x8_010,-74.0,83.0,6x8,1,1,1.0,2.8073676716644513e-08,6.17436223676604e-12,4290.894577549593,4072.0451061273793,8423.176399230957,7999.543833324939,297.33204533751564
311,2,Case2,6x8_012,-56.0,9.0,6x8,2,2,9.976076909001819e-11,0.9999997615814209,1.965421745353524e-07,7210.409607503131,7009.749328921685,36986.57615429163,36982.66341964622,102.4752554957567
312,4,Case2,6x8_013,61.0,33.0,6x8,2,2,1.4617596661992138e-06,0.9999985694885254,6.229396859458447e-11,8742.41771984591,8712.256417709734,24208.682991027832,24606.618573735333,261.0006237055237
313,3,Case2,6x8_014,19.0,79.0,6x8,2,2,1.0696530328146991e-09,1.0,3.4814404831218226e-11,6961.530813854964,7004.927188828942,33870.68415784836,34650.69864739682,601.5970663142405
315,5,Case2,6x8_016,75.0,-61.0,6x8,1,1,1.0,4.207595338812098e-08,3.9117401809049546e-13,6870.257234788168,6297.755265256066,10782.099975585938,10185.184468396625,440.6261608645024
316,2,Case2,6x8_017,-30.0,66.0,6x8,2,2,1.7365212556796905e-07,0.9999998807907104,6.044625910917034e-11,8420.170838117543,8315.566809675212,27257.673287391663,27147.453146613225,114.48104195716849
318,1,Case2,6x8_019,-79.0,29.0,6x8,2,2,3.2366189728350037e-09,1.0,4.097492744409292e-12,7800.238583489085,7639.8381362771825,28762.98406752944,29063.456977453545,276.26210965699295
319,3,Case2,6x8_020,-2.0,48.0,6x8,2,2,3.872475257127306e-11,0.9990529417991638,0.0009470286895520985,6919.351101139208,6558.5162997571415,37571.027869939804,38294.69131922213,542.0394537733215
320,1,Case2,6x8_021,-49.0,-67.0,6x8,1,1,0.9937921166419983,0.006207951810210943,7.390393852446664e-12,9504.399940379026,9207.950513429725,15661.135093688965,14660.311066449476,667.0928101685416
321,4,Case2,6x8_022,43.0,-33.0,6x8,2,2,0.00021662638755515218,0.9997830986976624,2.6800432806339813e-07,9079.185262723697,9175.386785589559,21914.45180130005,21611.740531422707,217.52089154301623
322,3,Case2,6x8_023,62.0,-67.0,6x8,1,1,0.9999991655349731,8.887103604138247e-07,1.4185459989816962e-13,7299.010682036607,7377.515924274903,11132.226661682129,10864.890527569494,139.68817016068974
323,2,Case2,6x8_024,30.0,75.0,6x8,2,2,2.6032941491394013e-07,0.9999997615814209,1.1252360848645893e-10,7938.613961782274,8049.8265783501765,28034.642760396004,27929.81556672627,74.47081118719336
324,5,Case2,6x8_025,80.0,-80.0,6x8,1,1,1.0,4.211133664000499e-09,6.2562299091295515e-12,3995.8827721375274,3755.423942191431,8109.236469268799,7659.363464455509,305.93298833393544
326,5,Case2,6x8_027,54.0,-38.0,6x8,2,2,0.38475319743156433,0.6152467727661133,5.308204570342312e-11,9521.795891327254,9543.896547540113,19552.84359741211,18969.680704733517,381.2455576558499
327,2,Case2,6x8_028,36.0,-31.0,6x8,2,2,1.0813201924975147e-06,0.9997900128364563,0.00020897590729873627,8691.726691902553,8695.86776233256,24332.255702972412,23667.48942161101,457.5600391354627
328,2,Case2,6x8_029,52.0,-41.0,6x8,1,1,0.6185239553451538,0.3814760446548462,1.0826471663616388e-10,9948.557492059788,10057.499562543519,17599.07147216797,17343.48510856033,178.65797365431362
329,4,Case2,6x8_030,15.0,-12.0,6x8,3,3,2.4511220893144552e-14,2.1911164549415219e-10,1.0,5251.288295759243,5293.893740002781,36480.382539987564,36347.81377609197,125.54679142925781
330,5,Case2,6x8_031,-55.0,-62.0,6x8,1,1,0.9999815225601196,1.843028439907357e-05,4.5325882261880446e-13,8759.641011152311,9200.01629469835,12549.722885131836,12812.52470819799,242.18868137866136
331,3,Case2,6x8_032,-19.0,-7.0,6x8,3,3,8.231430606033506e-15,8.817917063197456e-09,1.0,5185.574417957559,5250.543376312118,36803.94703170657,36680.657193238774,126.80738820768485
332,5,Case2,6x8_033,-61.0,86.0,6x8,1,1,0.9999995231628418,4.2492430907259404e-07,3.722022690055837e-12,5969.546683186627,6165.011662239553,10663.974143981934,10177.642333316151,299.1877719757825
333,5,Case2,6x8_034,-43.0,-15.0,6x8,2,2,3.004216320157127e-10,0.9438712000846863,0.056128859519958496,7189.9768616189285,7103.430025314797,33732.63137626648,33768.43941526134,119.02294381203204
334,5,Case2,6x8_035,70.0,81.0,6x8,1,1,1.0,1.8348556451996956e-08,3.978065164604583e-13,4882.522053844512,4914.910110914571,8949.829738616943,8648.697538016779,189.03175343674528
335,1,Case2,6x8_036,8.0,25.0,6x8,3,3,7.294200508357884e-15,3.78098441444763e-08,1.0,5723.711589671404,6223.170109341898,36613.38258266449,37275.404112777134,598.0784480430249
337,3,Case2,6x8_038,-56.0,52.0,6x8,1,1,0.9981973767280579,0.0018026885809376836,4.234240996020544e-13,9709.61305981702,10023.620724155811,13376.396537780762,13509.257604115015,125.12310694634697
338,5,Case2,6x8_039,64.0,42.0,6x8,2,2,0.3977298438549042,0.6022701859474182,1.5511281495350637e-11,9277.786042753532,9557.539129591521,18735.63468170166,18533.311402366257,187.1308401292473
339,2,Case2,6x8_040,-27.0,-54.0,6x8,2,2,3.345463710502372e-07,0.9999996423721313,7.204253194004195e-08,8417.530425781799,8422.973412059786,27366.39672088623,27710.924133026117,255.7466075501515
340,4,Case2,6x8_041,-2.0,-68.0,6x8,2,2,1.253288618718873e-11,0.9999998807907104,9.05693582353706e-08,6702.931568651364,6606.635181779221,37574.71394568682,38211.036598644,468.56516322348085
341,3,Case2,6x8_042,84.0,51.0,6x8,1,1,0.9994484782218933,0.0005514697986654937,2.405461897378447e-12,8354.811920924474,7955.26223947495,14364.445880889893,13954.161871903865,407.73350307502034
342,3,Case2,6x8_043,79.0,-71.0,6x8,1,1,1.0,2.5479110377091274e-08,6.029010190394812e-12,4939.295628493121,4488.841261483316,8917.130310058594,8337.711990660242,399.6182132555069
343,1,Case2,6x8_044,59.0,-56.0,6x8,1,1,0.999993085861206,6.857710104668513e-06,1.7015542620735236e-12,8818.441250429847,8922.668892502505,12438.66236114502,12333.420613983792,102.79243360732151
344,1,Case2,6x8_045,-18.0,-35.0,6x8,3,3,1.1619958467656843e-11,0.00824938714504242,0.9917506575584412,7093.734274609654,6954.1044457128055,32079.829984664917,32376.60990077475,284.1314256610965
345,3,Case2,6x8_046,-76.0,-77.0,6x8,1,1,0.9999998807907104,1.2511547708982107e-07,2.61794210441868e-12,4637.114811034692,4550.271847941774,8552.32640838623,8140.036411911795,270.62289396676573
346,5,Case2,6x8_047,42.0,27.0,6x8,2,2,1.279765484696327e-07,0.9999953508377075,4.561551577353384e-06,8278.167950223326,8289.75793989251,25934.579126358032,26063.83366740279,155.1002411003079
347,1,Case2,6x8_048,1.0,71.0,6x8,2,2,7.733554768796225e-11,1.0,3.821006566706586e-10,6563.966897470223,6398.600413427165,37586.71997845173,37726.539862516685,106.59732324650143
348,2,Case2,6x8_049,-37.0,22.0,6x8,2,2,3.0896614156006308e-09,0.9103740453720093,0.08962595462799072,7640.59598138308,7630.811664405351,29711.238121032715,30268.47754344732,414.6015919009599
350,3,Case2,6x8_051,28.0,57.0,6x8,2,2,2.2684409373141534e-07,0.9999997615814209,6.023749832273495e-10,8471.924162234927,8274.134488071602,27273.869272232056,27258.221247154954,111.12947045309517
352,5,Case2,6x8_053,3.0,87.0,6x8,2,2,6.260984092287813e-11,1.0,9.091109531844666e-10,6098.058186982147,6217.268720201882,35838.348188877106,36512.5635321207,432.4687415134983
353,2,Case2,6x8_054,-17.0,-44.0,6x8,2,2,2.2386394959994504e-09,0.971204936504364,0.028795046731829643,7421.836051918207,7337.262820797519,32653.62983608246,32972.12122563204,238.41737638858103
354,3,Case2,6x8_055,44.0,-49.0,6x8,1,1,0.9884258508682251,0.011574121192097664,4.698724916096797e-12,10521.145497330383,10618.864484277417,16403.453811645508,15845.467939542345,396.1318062683348
356,4,Case2,6x8_057,2.0,74.0,6x8,2,2,4.217220322955129e-12,1.0,2.4261739284270334e-09,6405.916171308049,6467.217570919698,37214.30419319868,37530.93369981979,251.68117201377913
357,1,Case2,6x8_058,82.0,19.0,6x8,2,2,4.158745570137512e-10,1.0,5.859058238577575e-10,6865.43639489073,6836.379973352029,33546.16137933731,34711.48422556363,893.8867146402453
358,1,Case2,6x8_059,14.0,3.0,6x8,3,3,4.1790348274722746e-15,1.426050388886324e-10,1.0,4717.642775501623,4904.538668545315,36176.58513444662,37410.914642219956,1107.6657360825047
359,2,Case2,6x8_060,44.0,-84.0,6x8,2,2,0.08954467624425888,0.9104553461074829,3.896704139916274e-11,8476.139210330086,8608.905496243588,19615.121864318848,18775.867247019974,513.7604230521175
360,3,Case2,6x8_061,0.0,-52.0,6x8,2,2,5.913279588209974e-11,0.9995936751365662,0.0004063332744408399,6982.430546621292,6685.376433653102,37690.86289250851,38086.314168908604,326.99909595211665
361,5,Case2,6x8_062,33.0,26.0,6x8,3,2,5.460896446152219e-08,0.8112442493438721,0.18875566124916077,7825.111980807199,8015.157216508236,27847.58517074585,27416.667889182667,327.42264854746145
362,5,Case2,6x8_063,-75.0,38.0,6x8,2,2,1.150540992966853e-05,0.9999884366989136,3.4440430108501063e-12,8563.390357104494,8453.453389547973,22778.14637374878,22606.91294486098,159.3394079877012
363,5,Case2,6x8_064,-20.0,55.0,6x8,2,2,1.109062286452911e-09,1.0,1.0620585300102903e-08,7901.54588920378,7707.4098476695,32359.225291728973,32078.89115914507,265.89856668253867
364,3,Case2,6x8_065,72.0,31.0,6x8,2,2,2.1864391896997404e-07,0.9999997615814209,2.3394512022045788e-11,8147.862665178651,8078.0134276973795,27011.829330921173,27533.27294327168,387.5809861867532
365,3,Case2,6x8_066,75.0,72.0,6x8,1,1,0.9999998807907104,1.577576540512382e-07,3.936596328860814e-13,5336.381554559695,4918.7247116347235,9465.111877441406,8606.532389563094,540.091786608306
366,5,Case2,6x8_067,-83.0,68.0,6x8,1,1,0.9999998807907104,6.175492472948463e-08,1.5842259145151805e-12,5019.2438185102765,4781.390086687259,9201.760932922363,8597.996700425694,392.21513703365594
367,3,Case2,6x8_068,-26.0,-1.0,6x8,3,3,7.792496438700433e-15,3.382933471129945e-07,0.9999996423721313,5676.006513480624,5702.824042450633,37107.45538711548,37058.43691616572,228.81284017057033
368,3,Case2,6x8_069,-36.0,57.0,6x8,2,2,0.00037042173789814115,0.9996296167373657,1.6496361568418827e-11,9222.005104701053,9207.356241725078,21487.746280670166,21780.209000181952,220.31067409482077
370,2,Case2,6x8_071,-45.0,-29.0,6x8,2,2,1.6906616338019376e-06,0.9999974966049194,7.98086716713442e-07,8526.26837285035,8646.863686983803,24679.285696029663,24584.765763600848,151.8934765460182
371,5,Case2,6x8_072,-29.0,13.0,6x8,3,3,9.74937903845674e-13,8.790293941274285e-05,0.9999121427536011,6424.3572839207045,6611.002277095897,35115.72176361084,35352.99964771142,283.2991621255487
372,4,Case2,6x8_073,-22.0,46.0,6x8,2,2,3.001958459591947e-09,0.9999805688858032,1.9465052901068702e-05,7883.061316988637,7829.082249285546,29936.485761642456,30643.106980463155,548.7174431104547
373,2,Case2,6x8_074,-1.0,-8.0,6x8,3,3,1.1273371559178402e-14,7.490001674437252e-11,1.0,4451.753183748477,4766.196694490528,34461.774419784546,36617.032357131444,1480.1476058775952
375,4,Case2,6x8_076,50.0,5.0,6x8,2,2,3.639357218365724e-11,0.9998052716255188,0.00019474088912829757,6882.051461065925,7004.506374181509,37179.57150724158,37385.58059131105,187.15713131421276
376,1,Case2,6x8_077,-64.0,20.0,6x8,2,2,2.3850863506424957e-09,1.0,2.2992283077449827e-10,7734.016319599558,7332.671894332039,33220.45456317067,32782.826268235076,262.8974599115258
377,2,Case2,6x8_078,29.0,-79.0,6x8,2,2,4.5149559468882217e-07,0.9999995231628418,2.796791964687628e-10,7801.410685951278,7847.2131833154335,28773.674257993698,29098.143081399376,268.42886085937835
379,1,Case2,6x8_080,-53.0,-64.0,6x8,1,1,0.999935507774353,6.443931488320231e-05,1.210209992115463e-12,10022.690442720746,9180.432913394176,14096.862365722656,12866.098174044117,750.8055046355524
381,1,Case2,6x8_082,85.0,48.0,6x8,1,1,0.9535890817642212,0.04641088470816612,3.277241256149921e-10,8541.133070617376,8268.24197530242,17469.015209197998,15509.353721915702,1218.684331864527
382,3,Case2,6x8_083,-12.0,85.0,6x8,2,2,1.5605175485156053e-10,1.0,3.557157068900807e-10,6469.676495298109,6412.812138745621,35354.474058806896,35715.716948235626,354.02201561985964
383,5,Case2,6x8_084,77.0,-48.0,6x8,1,1,0.8847814798355103,0.11521856486797333,1.1970021328300273e-11,8873.14242246668,8975.453606512103,17125.937965393066,16584.82431093074,246.1237577942482
385,2,Case2,6x8_086,-41.0,-54.0,6x8,1,1,0.5830396413803101,0.41696029901504517,1.4008989801528315e-10,9783.43413189393,10054.269860795586,17747.306327819824,17944.870306231493,228.5140734912164
386,1,Case2,6x8_087,-38.0,89.0,6x8,2,2,5.849706212757155e-06,0.999994158744812,2.0028629362650596e-12,8148.1670531146465,8232.687051519493,23279.057116508484,23458.05676681524,148.57308528754248
387,1,Case2,6x8_088,23.0,33.0,6x8,3,3,5.088549026588396e-11,0.008543090894818306,0.991456925868988,7460.41728258192,7471.2560811670655,29690.739934444427,30181.26215974421,428.9437083071268
388,1,Case2,6x8_089,18.0,-35.0,6x8,3,3,6.080667219743319e-12,0.0040258741937577724,0.9959741234779358,7102.865823575253,7011.780222845112,32255.728176116943,32993.153291034105,643.7445785896368
389,5,Case2,6x8_090,-65.0,24.0,6x8,2,2,1.8373350840761304e-08,1.0,5.845305905971543e-10,7973.467306102667,7829.685360538626,31052.820385724306,31019.445431907377,44.63702082388747
392,1,Case2,6x8_093,-70.0,-78.0,6x8,1,1,0.9999998807907104,1.0019054741405853e-07,6.100042346246504e-12,5141.092540072209,5011.882125943827,9063.96076965332,8533.156769514715,353.98508860813126
393,1,Case2,6x8_094,73.0,-55.0,6x8,1,1,0.9999986886978149,1.253706386705744e-06,2.0498331764623456e-12,8484.175148496359,7884.814345589034,12577.866569519043,12232.352875491495,357.4260622339145
395,4,Case2,6x8_096,84.0,-52.0,6x8,1,1,0.999922513961792,7.753477984806523e-05,5.66233084725587e-12,8136.571470146959,7811.6530619659825,13929.143119812012,13752.963843480928,184.1785575879446
396,5,Case2,6x8_097,-46.0,-23.0,6x8,2,2,2.5149156090975566e-09,0.9999816417694092,1.84036234713858e-05,7986.643707302327,7913.7340837757865,29175.317193984985,29233.451138088294,152.6939772800247
397,1,Case2,6x8_098,-1.0,36.0,6x8,3,3,4.7864266532453986e-14,2.370449510635808e-05,0.9999762773513794,6404.958483913311,6090.2657948536225,36995.227310180664,37078.501924301636,188.82594041198388
398,5,Case2,6x8_099,90.0,40.0,6x8,2,2,0.0005621341988444328,0.9994378685951233,4.852560367418768e-11,8215.773863954897,8291.686774653248,22031.52445793152,21615.75559483971,275.4483226230884
399,5,Case2,6x8_100,69.0,62.0,6x8,1,1,0.9999995231628418,4.2948201439685363e-07,9.570980347237829e-14,7081.632605192604,6996.548750689969,11024.057762145996,10628.877178838618,231.10877288964878
401,2,Case2,6x8_102,76.0,-24.0,6x8,2,2,2.3337594967642872e-08,1.0,2.627228989915409e-10,7455.125014670916,7587.48901388238,31528.764184176922,31822.239423931558,272.58585124111045
402,2,Case2,6x8_103,66.0,14.0,6x8,2,2,3.9427869302777196e-10,1.0,9.344015561296715e-10,7189.015073169982,7095.537055705434,35570.14047908783,35759.95712173139,197.14732543793457
403,5,Case2,6x8_104,83.0,3.0,6x8,2,2,8.781055327311549e-10,1.0,2.7242019751128055e-09,6095.790171109128,6242.426417625464,35912.89284992218,36379.47479324009,351.4520861151387
404,3,Case2,6x8_105,89.0,-77.0,6x8,1,1,1.0,1.638313484875198e-08,2.5477762261028047e-11,3788.5020060740267,3785.7569722971475,8008.884243011475,7819.807664129306,115.50086796161104
405,4,Case2,6x8_106,-12.0,43.0,6x8,2,2,1.1289406215420072e-10,0.9867037534713745,0.01329630333930254,7102.674060997715,7171.054345165786,35092.675292015076,35373.619347341046,272.28555464095484
406,3,Case2,6x8_107,69.0,8.0,6x8,2,2,2.8141786123647705e-10,1.0,6.249843420569334e-10,6726.984665137455,6670.9197916848325,36929.10456421226,37002.91843502384,154.9174754242213
407,1,Case2,6x8_108,46.0,-72.0,6x8,1,1,0.7313194274902344,0.2686806321144104,8.23049961518052e-11,9080.962746517927,9161.473137115574,17673.70411682129,17725.580381428015,81.382536409312
408,5,Case2,6x8_109,-69.0,17.0,6x8,2,2,1.2376637492650389e-09,1.0,2.5809387960151753e-10,7277.892356259281,7282.460362887479,34756.914181768894,34656.76166182571,80.9282670985924
413,5,Case2,6x8_114,-35.0,-78.0,6x8,2,2,4.499217084230622e-06,0.9999954700469971,2.481135297216497e-10,8150.581691825827,8247.861842450218,24820.80206012726,24766.04747575041,108.39522182736026
414,4,Case2,6x8_115,22.0,74.0,6x8,2,2,2.6560137422748653e-10,1.0,2.1042681486171944e-10,7444.80656374171,7516.567346657613,32600.28460609913,33460.65559875032,646.0617500262915
415,5,Case2,6x8_116,12.0,-85.0,6x8,2,2,2.958671363462173e-10,1.0,4.22992058046745e-10,6472.2934192740395,6581.154857331124,35397.88894927502,35720.31592752511,277.4200684968082
416,5,Case2,6x8_117,-87.0,33.0,6x8,2,2,2.592402381651482e-08,1.0,4.982500089595332e-12,7842.651231101162,7879.008176631582,26404.513097167015,26638.785880787582,187.3761142362352
417,1,Case2,6x8_118,54.0,-88.0,6x8,1,1,0.9998157620429993,0.00018431738135404885,1.856568648817003e-10,7422.019602197723,7882.567606588924,13071.23942565918,13339.766685785642,206.0276471032317
419,4,Case2,6x8_120,-58.0,-26.0,6x8,2,2,5.8906625355348297e-08,0.9999998807907104,3.783990454309105e-09,8290.154780623041,8173.197894307732,28852.6510720253,29123.45101415262,202.61768292844008
420,4,Case2,6x8_121,-50.0,14.0,6x8,2,2,3.512209134637345e-10,0.9999903440475464,9.645436875871383e-06,7343.245294243103,7390.344298834744,34847.24126911163,35563.76043490713,486.4949731556331
421,2,Case2,6x8_122,20.0,-73.0,6x8,2,2,8.337321943940879e-09,1.0,1.767145652031843e-09,7275.527452847364,7368.230620675579,33449.92061805725,33859.229583316825,337.86314496407635
422,1,Case2,6x8_123,76.0,4.0,6x8,2,2,5.893575905080439e-11,1.0,3.900691325497974e-09,6356.380085896413,6220.615148601864,36624.97755384445,37628.39227448512,694.2870377302908
423,1,Case2,6x8_124,42.0,-66.0,6x8,2,2,0.30770134925842285,0.6922986507415771,8.387355393546514e-11,9236.750113985738,9132.59997216266,19112.08860015869,18993.826254668566,64.40873634301708
424,2,Case2,6x8_125,-3.0,72.0,6x8,2,2,4.0302927661883814e-11,1.0,1.3601220150150084e-09,6528.777480626151,6605.274258354354,37426.40540206432,37366.24115283619,101.78071988877402
425,3,Case2,6x8_126,-8.0,18.0,6x8,3,3,5.017358581962906e-15,7.131302659502126e-09,1.0,5228.22718184735,5098.865722265316,36798.332318246365,37028.1711063427,301.28687400159697
426,2,Case2,6x8_127,-66.0,77.0,6x8,1,1,0.9999998807907104,1.024296523155499e-07,1.815407768774105e-14,5805.745766411929,5767.08459635621,9717.923076629639,9418.87504031298,235.74182578432266
427,5,Case2,6x8_128,59.0,-70.0,6x8,1,1,0.9999991655349731,7.897436375969846e-07,3.124036673882863e-13,7535.708159767084,7532.91932214353,11673.548545837402,11156.097607301814,309.09297534022346
428,4,Case2,6x8_129,24.0,11.0,6x8,3,3,2.0973316738393845e-14,1.0652944304467837e-08,1.0,5789.050357961961,6594.107907220567,35973.35844421387,37114.04491457854,811.5331840426942
433,4,Case2,6x8_134,-56.0,37.0,6x8,2,2,0.0065213777124881744,0.9934786558151245,2.417419597833259e-09,9360.42609771498,9372.576249942069,20607.102256774902,20380.05979260544,154.53306270180929
435,2,Case2,6x8_136,8.0,-68.0,6x8,2,2,1.6004213232445608e-10,1.0,1.7118596318255186e-08,6874.297674547146,6819.770247554548,37103.03989124298,37047.486060459494,78.16374013601693
436,4,Case2,6x8_137,68.0,53.0,6x8,1,1,0.9996683597564697,0.0003316673100925982,2.4499005255029793e-12,9661.755871863594,8961.940707961363,14348.72769165039,13334.626671081613,592.8114035693972
437,1,Case2,6x8_138,-28.0,-75.0,6x8,2,2,9.538137391018608e-08,0.9999998807907104,4.0837232900825526e-11,7785.112977325935,7862.462966367573,29100.06999051571,28949.614397508107,111.5733225347754
439,2,Case2,6x8_140,1.0,-3.0,6x8,3,3,1.6030118855578368e-14,6.9175866423965e-11,1.0,11665.033231579439,5470.142033694865,38647.07679748535,36723.477735337125,1640.6437414368659
440,2,Case2,6x8_141,79.0,49.0,6x8,1,1,0.9966104626655579,0.003389546647667885,4.4462903411174315e-13,8738.29844158857,8579.824172771085,16726.04360961914,15262.467961482165,895.6330819060634
441,5,Case2,6x8_142,56.0,10.0,6x8,2,2,2.890866990234997e-10,0.9999998807907104,1.1467103178119942e-07,7095.17391946656,7062.056881826324,36484.359969735146,36546.62294182006,146.56370967830085
443,1,Case2,6x8_144,-86.0,-39.0,6x8,2,2,1.934234433065285e-06,0.9999980926513672,2.042737506924297e-11,8189.143834710542,8295.197934258314,22673.482738494873,22429.96377872563,184.1591208953823
444,1,Case2,6x8_145,29.0,32.0,6x8,2,3,1.3324311654017151e-09,0.046728719025850296,0.9532712697982788,8217.944877826529,7985.450622551538,26754.915828704834,27275.147040121134,466.1406669380804
445,5,Case2,6x8_146,-41.0,-28.0,6x8,2,2,2.7730596485753267e-08,0.9999663829803467,3.3569569495739415e-05,8352.300343441795,8315.473485197528,25315.876083374023,25307.186599204506,160.18417610883643
446,5,Case2,6x8_147,47.0,23.0,6x8,2,2,1.5952496212889855e-08,0.9999971389770508,2.8040074084856315e-06,7997.19028647722,7986.3350775624685,29175.603185653687,29070.8480377695,105.89127789997303
448,5,Case2,6x8_149,24.0,-59.0,6x8,2,2,7.375916055707421e-08,0.9999998807907104,2.6427155574992867e-08,8161.082343836658,8006.73289749092,30322.739752590656,30667.59070155948,261.11143224914974
450,3,Case2,6x8_151,-66.0,-82.0,6x8,1,1,0.9999997615814209,2.8141639063505863e-07,4.4841747502688545e-12,5353.531975981881,5313.8408481157285,9548.673721313477,9128.11897523123,271.0815387896571
451,3,Case2,6x8_152,-23.0,-66.0,6x8,2,2,1.4162798933625709e-08,1.0,3.1391036436900777e-09,7795.910182133222,7639.507898610237,31520.93475973606,31869.21497067352,240.61522125593766
452,5,Case2,6x8_153,50.0,-62.0,6x8,1,1,0.9996280670166016,0.0003719471860677004,6.305715498367004e-13,10068.454441796988,9546.841407608565,14871.736511230469,13994.152357019448,510.5898891283509
453,4,Case2,6x8_154,-65.0,-65.0,6x8,1,1,0.9999994039535522,6.072710334592557e-07,3.8398478190496133e-13,7083.937441816275,6947.224674073752,10863.014343261719,10356.759139888894,306.4988393545827
454,1,Case2,6x8_155,11.0,-32.0,6x8,3,3,7.193729525912726e-14,1.3584134649136104e-05,0.9999864101409912,6458.449818304124,6228.557642270084,35400.31163597107,36048.76576700698,566.7109050184777
455,1,Case2,6x8_156,70.0,-86.0,6x8,1,1,1.0,7.637430243789822e-09,8.866339953894631e-12,4612.560869506229,4784.062852127354,8831.48791885376,8734.333964717453,53.82016469646844
456,4,Case2,6x8_157,78.0,-26.0,6x8,2,2,2.8394349094185145e-09,1.0,1.6765748511726741e-10,7607.65070451984,7562.0766437737275,30482.66000175476,30900.968295828647,306.84797266179066
457,2,Case2,6x8_158,17.0,-43.0,6x8,2,2,1.0446563614152637e-09,0.940390944480896,0.059609003365039825,7458.889677252563,7393.023401015323,32730.669410705566,32822.45889336762,161.25556484153836
458,4,Case2,6x8_159,-9.0,-4.0,6x8,3,3,4.796254607125801e-14,2.0239636355778856e-10,1.0,4267.4227905239495,5395.921384887457,34992.68387055397,36709.26994459369,1251.2381973763497
459,4,Case2,6x8_160,47.0,-13.0,6x8,2,2,2.4785504204594133e-10,0.9995445609092712,0.00045536537072621286,7192.0652450744265,7349.857474993547,34907.64010429382,35034.62757420237,118.90932354661032
460,4,Case2,6x8_161,-43.0,-45.0,6x8,1,1,0.998648464679718,0.0013515700120478868,1.2841062414781224e-11,10438.019316713633,10453.304560636549,17178.130210876465,16576.157299149138,477.3839757918058
462,2,Case2,6x8_163,-84.0,28.0,6x8,2,2,1.7257301365702915e-08,1.0,2.6474092015837947e-11,7568.7320612622925,7796.379301016344,29385.273773014545,29751.08811400555,362.24859586204633
463,3,Case2,6x8_164,-16.0,-5.0,6x8,3,3,6.738599411001793e-15,3.728247044421096e-09,1.0,5038.840964001595,5027.459108362143,36655.04187941551,36745.54993910918,195.0901423801664
465,1,Case2,6x8_166,-61.0,-3.0,6x8,2,2,3.996946176809679e-11,1.0,5.207056119616027e-08,6830.373341292009,6608.702727083979,38023.29553703964,38130.36858847664,111.81563391650025
468,2,Case2,6x8_169,58.0,-70.0,6x8,1,1,0.9999990463256836,9.423488336324226e-07,6.75684323013623e-15,7720.602925318218,7803.546324037477,11923.239295959473,11539.908691073148,230.93557292643467
469,1,Case2,6x8_170,-35.0,-50.0,6x8,2,2,0.007202463690191507,0.9927975535392761,1.495209789315055e-10,9256.937724435724,9144.018696049996,20868.334518432617,20268.896270088404,398.08371883482073
470,3,Case2,6x8_171,-6.0,-18.0,6x8,3,3,5.344475929928939e-15,2.9334823459237214e-09,1.0,5080.205675128413,5129.891036298508,36619.99357166886,36864.13398641495,280.46479795152607
471,1,Case2,6x8_172,-68.0,5.0,6x8,2,2,1.8113018029897177e-11,1.0,1.3026537626359413e-09,6758.995375179671,6522.705218414052,37638.29869413376,37684.0028558304,179.27714076677375
472,4,Case2,6x8_173,82.0,-55.0,6x8,1,1,0.999997615814209,2.363210114708636e-06,1.908256105215278e-12,7446.145385103274,7167.2527110065475,12652.382217407227,12035.682390323751,427.4587853828119
475,4,Case2,6x8_176,-36.0,30.0,6x8,2,2,1.6016969084375887e-06,0.9999392032623291,5.91943935432937e-05,8549.282438202226,8673.870443023696,24874.555891036987,24686.79582726981,146.72383837650617
476,2,Case2,6x8_177,25.0,-81.0,6x8,2,2,8.16699525785225e-08,0.9999998807907104,2.8312346911363306e-10,7430.202124638852,7496.846066817313,31063.619027495384,31474.86230090748,330.6178158715656
477,4,Case2,6x8_178,27.0,63.0,6x8,2,2,2.3903565349314704e-08,1.0,3.445111418365343e-10,8272.789180832258,8075.6996462319175,28900.924131393433,28903.55341578355,71.16769070997022
479,5,Case2,6x8_180,-14.0,88.0,6x8,2,2,1.3066545068163293e-10,1.0,1.1905419705637854e-10,6545.690092157038,6692.503811275804,34893.68197250366,35359.19675477266,365.60401157378607
482,3,Case2,6x8_183,37.0,63.0,6x8,2,2,0.00010490338172530755,0.9998950958251953,1.3142798481469153e-11,9003.180314314966,8892.424691843156,21851.88270187378,21894.692466546185,117.1514822657885
484,5,Case2,6x8_185,-18.0,49.0,6x8,2,2,3.874342513476847e-10,0.9999995231628418,4.3942372940364294e-07,7668.279566665702,7589.483583655039,32777.582391262054,32486.11166332079,284.25596766707463
486,4,Case2,6x8_187,-47.0,-37.0,6x8,2,2,0.12745706737041473,0.8725428581237793,1.8499607401523122e-09,9525.904863820493,9529.276895513593,19413.14850616455,19453.555300520587,188.99946486289502
488,3,Case2,6x8_189,34.0,0.0,6x8,3,3,1.6771107343594577e-13,0.0001975634804693982,0.9998024106025696,6264.147664952297,6290.9957858594735,36830.94068431854,36751.2719180971,178.53328355584048
489,3,Case2,6x8_190,-80.0,40.0,6x8,2,2,3.737121369340457e-05,0.999962568283081,3.721877840645593e-12,8422.986907255154,8613.194741701604,21832.210340499878,21632.13191366746,125.80794605977565
490,4,Case2,6x8_191,-75.0,6.0,6x8,2,2,8.002084238289964e-12,1.0,1.2723030407002511e-09,6431.526123776949,6618.176453893522,36912.95835340023,37307.57103143624,322.2841405648713
492,3,Case2,6x8_193,48.0,41.0,6x8,1,1,0.6382819414138794,0.3617180585861206,1.6994100571210424e-10,10045.609013157307,10183.171741132644,17414.71452331543,17156.299160223287,187.36776165520095
493,5,Case2,6x8_194,-11.0,-16.0,6x8,3,3,1.7473266486055933e-14,2.30850463744936e-10,1.0,5234.989173717237,5300.553508100929,36341.46675675735,36593.973972580025,350.14988212461543
494,4,Case2,6x8_195,12.0,71.0,6x8,2,2,1.528603632561243e-11,1.0,1.5293080135592163e-09,6949.897117760036,6901.648687216299,36352.64673924446,36692.74200652418,283.7171578806347
495,3,Case2,6x8_196,-32.0,84.0,6x8,2,2,1.1379390763011088e-08,1.0,9.424462078799767e-12,7819.318444286175,7775.078650412078,27015.416583389044,27530.112114185686,394.4989397562714
496,4,Case2,6x8_197,-80.0,-38.0,6x8,2,2,1.9137960407533683e-06,0.9999980926513672,6.669828318123239e-12,8321.619700250285,8173.064641662237,23105.33278465271,23015.07396715779,126.31806167847385
497,1,Case2,6x8_198,-82.0,-53.0,6x8,1,1,0.9928988218307495,0.0071012042462825775,1.161000809379864e-10,7986.8313675062445,8007.363274902679,13460.48669052124,13136.980945565992,321.8260641990145
498,1,Case2,6x8_199,-45.0,82.0,6x8,2,2,0.3674970269203186,0.6325029730796814,2.7417200454404878e-11,8572.063221970291,8725.446972994276,18985.260066986084,17801.400526049976,746.0960947579475
499,4,Case2,6x8_200,88.0,-42.0,6x8,2,2,0.000653683440759778,0.9993463158607483,1.0378629899943093e-10,8319.12630855813,8468.822660844427,20863.006799697876,21062.755385167966,256.782193237526
500,5,Case2,6x8_201,-73.0,-27.0,6x8,2,2,3.9582907618296304e-08,1.0,1.9351956148661031e-10,7836.179024198517,7842.111566946444,29789.345555007458,29487.59261778977,236.7024670118067
501,2,Case2,6x8_202,-24.0,-76.0,6x8,2,2,1.706073859963908e-08,1.0,3.5077392102067506e-09,7458.751996437072,7521.457013723901,31385.39260289073,31790.517210312435,343.9398898108248
502,4,Case2,6x8_203,33.0,58.0,6x8,2,2,3.1739076803205535e-05,0.9999682903289795,3.6186045826447355e-10,8856.850457360058,8573.898403834753,23772.179973602295,24000.52700066678,144.9448440940349
503,5,Case2,6x8_204,27.0,-22.0,6x8,3,3,1.7849542373674088e-12,2.6967965823132545e-05,0.9999730587005615,7046.353877859408,7340.3209199896755,31996.38845062256,31662.814008428413,201.67942250416016
504,5,Case2,6x8_205,-58.0,-50.0,6x8,1,1,0.9997629523277283,0.00023709621746093035,6.18735911030871e-13,10407.867915898876,10155.798001749059,14636.388565063477,14567.328846829776,78.38099897370843
505,1,Case2,6x8_206,4.0,90.0,6x8,2,2,9.069006656758916e-11,1.0,2.126077647268687e-10,6075.07227135913,6055.730589353938,35677.45970201492,36752.27537562599,627.6999221259476
506,4,Case2,6x8_207,19.0,-83.0,6x8,2,2,1.6422914417280055e-10,1.0,2.071834093175795e-10,6873.175854888429,7073.065120403538,33707.492176532745,34008.516651812955,259.66555061682897
507,4,Case2,6x8_208,-87.0,47.0,6x8,2,2,0.2703746557235718,0.729625403881073,3.127059444718583e-10,8483.835915307347,8384.565261380287,18044.515594482422,17143.214585113594,517.7660514233387
508,3,Case2,6x8_209,58.0,-69.0,6x8,1,1,0.9999970197677612,3.033983148270636e-06,1.4198397232240145e-13,7788.629157755992,8055.064490635457,11910.706268310547,11641.435072588036,148.88088880202383
509,3,Case2,6x8_210,-10.0,23.0,6x8,3,3,8.919262863818413e-15,8.432208886688386e-08,0.9999998807907104,5817.790291600348,5629.016822349022,36506.427490234375,36819.89691782241,308.8471452738629
510,4,Case2,6x8_211,55.0,-59.0,6x8,1,1,0.9999929666519165,7.043666300887708e-06,5.464238545145605e-13,8976.960867943873,9166.670775226632,12625.675674438477,12873.895067854453,228.2020619146488
511,2,Case2,6x8_212,-63.0,54.0,6x8,1,1,0.9998538494110107,0.00014613459643442184,1.108221384126841e-13,9083.72940359844,9045.344068736524,12877.136344909668,13221.490202823246,221.8188683827358
512,3,Case2,6x8_213,67.0,-42.0,6x8,2,2,0.11922405660152435,0.8807759881019592,1.5294949334831998e-11,9160.870649150625,9234.111966823757,19257.956733703613,19214.103294310302,83.85808226868633
513,2,Case2,6x8_214,63.0,-14.0,6x8,2,2,6.851135214702708e-10,1.0,2.493867556907503e-09,7289.189214645425,7277.353234712822,35657.577204585075,35405.4508481032,189.37383401857633
514,4,Case2,6x8_215,9.0,13.0,6x8,3,3,2.248032218276491e-14,2.623718464711544e-10,1.0,4846.3193754628155,5590.520148688541,36417.75442266464,36783.474324284645,554.4935763480203
515,1,Case2,6x8_216,-10.0,59.0,6x8,2,2,1.5438025857683613e-10,1.0,6.401081331652847e-10,7240.504647620444,6900.99332165526,36892.74012589455,36747.43818340222,140.41698253478913
516,2,Case2,6x8_217,21.0,56.0,6x8,2,2,8.97295482360505e-09,1.0,3.549935456703679e-08,7852.599044131925,7694.2868209754115,31857.892210416496,32141.05681701348,260.21766148479503
517,4,Case2,6x8_218,5.0,-15.0,6x8,3,3,1.712608800976713e-14,1.5138099107581127e-10,1.0,4866.431889905723,5012.620162314493,36486.391874313354,36974.645114858045,527.0260551446951
518,5,Case2,6x8_219,-7.0,65.0,6x8,2,2,5.7153882321303584e-11,1.0,4.155718880127779e-09,6932.209052608763,6854.8970944237935,37544.81689274311,37466.634263086016,119.94995220264103
519,2,Case2,6x8_220,14.0,-23.0,6x8,3,3,8.585755499298294e-15,2.483794281360474e-09,1.0,5966.654995960726,5856.509611145051,35705.515003204346,36024.483131076224,333.81963682773255
520,4,Case2,6x8_221,74.0,-56.0,6x8,1,1,0.9999984502792358,1.4918983879397274e-06,6.288986258845553e-13,8067.279895111892,7613.544795153998,12234.731674194336,11890.450205417274,311.69866359623563
521,1,Case2,6x8_222,7.0,-80.0,6x8,2,2,7.640321708635156e-11,1.0,6.031454780064394e-10,6389.013921313859,6318.097073734893,36178.77534556389,37238.44278278938,699.0384437753814
523,5,Case2,6x8_224,-4.0,-43.0,6x8,3,3,6.298910004698399e-11,0.2662234306335449,0.7337765693664551,6759.849947953747,6571.083081538768,36879.95633983612,37404.68820595763,401.5531807560605
524,5,Case2,6x8_225,2.0,-73.0,6x8,2,2,7.072088747950289e-11,1.0,5.520216728172045e-09,6399.36084008656,6564.877492447672,37109.46347570419,37820.01043781661,485.0492622869932
525,1,Case2,6x8_226,-42.0,80.0,6x8,2,2,0.006057415623217821,0.9939425587654114,3.2485411929905617e-12,8507.313256683265,8695.683037181003,20617.144901275635,19882.916380521507,480.9193043941367
526,4,Case2,6x8_227,-42.0,-6.0,6x8,3,3,3.326983133433714e-11,0.15354086458683014,0.846459150314331,6695.064652612253,6684.938355071606,36654.66814804077,37186.99047445809,432.6616030190433
527,2,Case2,6x8_228,60.0,-31.0,6x8,2,2,1.84016744242399e-06,0.9999982118606567,9.344854889903331e-10,8667.699960630836,8511.921860553059,25573.698844909668,26012.07812612276,318.4128363117656
529,3,Case2,6x8_230,-44.0,-30.0,6x8,2,2,2.7820105330533806e-08,0.9999998807907104,4.5794696035272864e-08,8632.72009166208,8541.37733915321,23895.760383605957,23939.61472181669,156.17368788484754
530,4,Case2,6x8_231,-69.0,24.0,6x8,2,2,9.67455671130324e-10,1.0,6.376429384502558e-10,7849.97411526306,7700.2548529820215,31340.633783698082,31629.194496404878,216.57656542664265
531,2,Case2,6x8_232,-8.0,-27.0,6x8,3,3,1.6866426671654534e-14,4.314455281928531e-08,1.0,5847.175897144417,5851.617209430298,36303.91657829285,36201.46911018483,96.66397275666966
532,5,Case2,6x8_233,61.0,-20.0,6x8,2,2,1.0062024990986629e-08,1.0,1.581263897598717e-09,7758.526056016842,7456.452051608888,32903.108267605305,33015.23914842105,94.86977074840301
534,4,Case2,6x8_235,-62.0,7.0,6x8,2,2,1.5933481964380825e-11,1.0,1.1385968612387387e-08,6934.52857999645,7015.858955827081,37561.19657719135,37482.65476900726,143.97333169971623
535,5,Case2,6x8_236,16.0,-57.0,6x8,2,2,2.7218376441595638e-09,0.9999995231628418,4.234106256717496e-07,7502.29953331159,7383.233615547312,34543.32976591587,34422.49651567785,108.59193286036954
536,5,Case2,6x8_237,-32.0,66.0,6x8,2,2,1.0213832410954637e-06,0.999998927116394,4.1312342435873006e-11,8548.21901016473,8415.117328424654,25868.58193206787,25708.770319782852,171.0344260385687
537,1,Case2,6x8_238,64.0,-22.0,6x8,2,2,8.677085716612964e-09,1.0,3.3181274394777915e-10,7784.286215060927,7520.003636206024,32059.362934947014,31688.183173113644,243.84982321341607
539,1,Case2,6x8_240,53.0,26.0,6x8,2,2,1.0291433483189394e-07,0.9999998807907104,1.9510366655595135e-09,8280.67513533609,8214.635692054877,27910.989218711853,28365.77548775224,322.561675761317
540,3,Case2,6x8_241,13.0,6.0,6x8,3,3,5.8715057589411954e-15,1.2350438449715284e-09,1.0,4707.946590397872,5167.057809635514,36087.453218340874,36747.96651095711,772.1141304409994
541,4,Case2,6x8_242,-31.0,60.0,6x8,2,2,2.3613824851054233e-07,0.9999997615814209,2.7122393220224694e-10,8665.694702331131,8558.261811532899,25651.72793197632,25687.150973554522,64.27674137990034
543,2,Case2,6x8_244,85.0,-58.0,6x8,1,1,0.9999998807907104,9.710041126709257e-08,1.0200272294565507e-14,6585.400227377033,6765.914355242823,11579.18444442749,10830.754062734675,517.0804474208271
545,1,Case2,6x8_246,60.0,61.0,6x8,1,1,0.9999982118606567,1.7834817072071019e-06,6.121463470669386e-13,8069.070996124566,8488.427623835587,11718.437797546387,11898.457134102171,181.10873252452683
546,4,Case2,6x8_247,-83.0,78.0,6x8,1,1,1.0,3.1327772376243956e-08,2.8152135136960688e-11,3910.662687847563,3854.924784953788,8080.155385971069,7721.931484672969,243.99308554891374
547,2,Case2,6x8_248,6.0,27.0,6x8,3,3,1.1446794778865142e-14,4.409959686313414e-08,1.0,5795.185060406668,5872.551254080345,36768.07049560547,36498.34566437043,150.7275216811113
549,3,Case2,6x8_250,-47.0,64.0,6x8,1,1,0.9432234764099121,0.056776560842990875,1.815334666442625e-12,9722.795690861292,9891.059317216223,16280.438911437988,15300.443168025791,646.9658293354795
551,2,Case2,6x8_252,-82.0,-45.0,6x8,2,2,0.04708630591630936,0.9529137015342712,1.661164955590877e-11,8531.391764270313,8579.113679432663,18988.799434661865,18565.401349328386,244.6959275394756
552,1,Case2,6x8_253,56.0,-34.0,6x8,2,2,0.00018073541286867112,0.9998193383216858,1.0801953775896322e-10,9018.917592963477,8733.34738843356,22646.800945281982,22099.66341190502,394.39697174886436
553,1,Case2,6x8_254,-75.0,-17.0,6x8,2,2,2.1493840041131307e-10,1.0,5.499405930642354e-10,6991.139652161381,6941.274177197956,34703.79116797447,34816.23893431174,158.1560376536666
554,1,Case2,6x8_255,32.0,-60.0,6x8,2,2,8.941991109168157e-05,0.9999105930328369,5.908445954716512e-11,8732.75541162058,8476.058621039036,24854.40149307251,24314.6020490309,359.40628412511325
555,4,Case2,6x8_256,-25.0,-11.0,6x8,3,3,4.067525396361793e-14,1.5325236191188196e-08,1.0,5840.17981276812,6012.9639402269795,36062.82810974121,36700.740097552305,470.0648072652395
556,3,Case2,6x8_257,65.0,80.0,6x8,1,1,0.9999991655349731,8.208103849938198e-07,4.162338605295107e-13,5647.170221596212,5593.73189620745,9789.996192932129,9448.835886006245,234.28684728213213
557,1,Case2,6x8_258,54.0,-18.0,6x8,2,2,1.6089922727502426e-09,1.0,1.9134361650685605e-08,7726.9567848106535,7453.2312826419,33263.28808003664,33346.26811207801,107.35345476010757
558,2,Case2,6x8_259,-6.0,38.0,6x8,3,3,4.714341330508409e-12,0.010569571517407894,0.9894304275512695,6512.083361814975,6492.108499083168,36540.15989494324,36505.701877660686,164.0744406661795
559,3,Case2,6x8_260,-50.0,68.0,6x8,1,1,0.993826687335968,0.00617328193038702,6.654327154402562e-13,9567.081432562121,9439.651394648545,15484.950897216797,13735.293435574395,1146.5042856096206
560,1,Case2,6x8_261,-14.0,-28.0,6x8,3,3,8.336815396012276e-14,6.666840818070341e-06,0.9999933242797852,6245.527504103815,6267.615744855155,34730.68506240845,35640.88618026745,714.8005100736374
561,3,Case2,6x8_262,-57.0,76.0,6x8,1,1,0.9999375343322754,6.241826486075297e-05,6.723601710112437e-13,7559.357733009482,7566.7884411722125,11911.506050109863,11617.610847296244,311.44095524230676
562,3,Case2,6x8_263,-24.0,2.0,6x8,3,3,6.2079120937232925e-15,1.133714988554857e-07,0.9999998807907104,5481.067595556632,5565.151957569671,37116.59908914566,37111.226155965225,221.88248814982353
563,5,Case2,6x8_264,87.0,-65.0,6x8,1,1,1.0,2.8721163225498003e-09,1.5293094915436178e-11,5286.590681658748,5031.740203495394,9697.620433807373,8885.7866919444,550.5029725395884
564,5,Case2,6x8_265,-25.0,-84.0,6x8,2,2,2.2543337863112356e-08,1.0,6.029245991356902e-10,7255.995454276849,7389.828954511744,30922.67103649676,31111.079657662416,140.19337823457047
566,2,Case2,6x8_267,-33.0,-46.0,6x8,2,2,0.00011406090925447643,0.9998857975006104,9.370263143182456e-08,9022.182441837189,9124.145463768084,21843.927921295166,21663.717931843872,174.36146964821705
567,3,Case2,6x8_268,-59.0,29.0,6x8,2,2,1.0967801955530376e-07,0.9999998807907104,2.226249462555785e-10,8522.94973684545,8373.41940188513,26920.145174980164,26981.39098235269,95.48772742360048
568,2,Case2,6x8_269,-60.0,60.0,6x8,1,1,0.9999768733978271,2.3130738554755226e-05,6.308899258046508e-14,8248.11079952405,8418.185924079005,11866.406356811523,11934.390324394222,71.72437351797927
569,2,Case2,6x8_270,10.0,76.0,6x8,2,2,2.006061428083683e-10,1.0,6.871445634715201e-10,6605.918039269294,6668.137927037296,36437.610502265394,36541.11881554262,200.67163691131788
571,2,Case2,6x8_272,72.0,69.0,6x8,1,1,1.0,2.8845470012583974e-08,2.5765903692858035e-14,5914.521455823994,5764.830980962788,9938.639419555664,9356.954232203338,390.39432269700455
572,2,Case2,6x8_273,81.0,62.0,6x8,1,1,0.9999998807907104,9.887551755127788e-08,1.7632625570686462e-14,6050.564696641284,6067.219846632348,10426.009243011475,10017.99585229583,331.6795976352864
573,3,Case2,6x8_274,30.0,-25.0,6x8,3,3,8.547867968999867e-11,0.03497958555817604,0.9650204181671143,7630.055451403598,7524.113358410016,29547.165265083313,29234.858684729254,212.23469568075353
574,2,Case2,6x8_275,80.0,-20.0,6x8,2,2,1.0457264387753185e-08,1.0,2.350271921525149e-10,7031.566114529592,7225.535062298875,33373.34182715416,33422.136663258476,142.027221958269
575,3,Case2,6x8_276,-88.0,70.0,6x8,1,1,0.9999997615814209,2.84836033870306e-07,1.4997952532680436e-11,4555.85416875518,4449.692075372509,8805.932899475098,8289.080734274716,333.1262453092006
576,4,Case2,6x8_277,57.0,88.0,6x8,1,1,0.9999632835388184,3.670087971840985e-05,7.141333531468508e-12,6700.8635065961225,7188.420107835313,11915.027004241943,12067.115832046165,173.36197112056584
577,5,Case2,6x8_278,18.0,78.0,6x8,2,2,8.014769958819556e-10,1.0,2.037372631713552e-10,6988.514101721468,7147.6537874260375,34272.952810168266,34362.60356947922,148.45107950511368
579,1,Case2,6x8_280,-31.0,-12.0,6x8,3,3,6.077913237804988e-13,0.00017589377239346504,0.9998241066932678,6442.4468317275505,6413.494174939011,35151.63201332092,35630.778982188036,374.71901518638236
580,1,Case2,6x8_281,-72.0,-17.0,6x8,2,2,4.2713818593220765e-10,1.0,8.095584203005046e-10,7193.076276587128,7035.2279979625555,34763.620586276054,34692.49131648928,30.615978060268663
581,3,Case2,6x8_282,25.0,-74.0,6x8,2,2,1.4010780091666675e-08,1.0,3.528389386220354e-11,7663.764703293749,7518.1998203593985,30949.87871396169,31363.19269390459,302.25874795253884
583,3,Case2,6x8_284,16.0,16.0,6x8,3,3,1.9395002978325228e-14,4.580524848307732e-09,1.0,11751.284820193521,5606.601724207088,36958.14775085449,35712.508566263525,2156.695240648993
585,2,Case2,6x8_286,40.0,-87.0,6x8,2,2,0.0005492838681675494,0.9994507431983948,4.60442448058096e-11,8249.377562653859,8312.193791001004,22066.01636314392,21835.203249263082,176.22488225175007
586,2,Case2,6x8_287,-77.0,22.0,6x8,2,2,1.5520879026453827e-09,1.0,9.105891041194525e-11,7283.929959861705,7402.621882276672,32549.83801817894,33176.83287427443,516.5993559347105
587,4,Case2,6x8_288,37.0,70.0,6x8,2,2,1.9056904420722276e-05,0.9999809265136719,1.2396375592693687e-11,8665.051389555934,8508.718650862074,22910.32485961914,23003.86023623233,110.2717341112353
588,5,Case2,6x8_289,-9.0,44.0,6x8,2,2,7.765702664253027e-11,0.9796766638755798,0.020323272794485092,6902.080233405273,6926.708717320727,36142.68238544464,36197.45969206071,224.97905334112434
589,5,Case2,6x8_290,20.0,-82.0,6x8,2,2,2.5196575936803356e-09,1.0,8.557424907573719e-11,7057.992665141844,7112.004341540629,33350.98666369915,33765.84301898486,337.9229459299929
590,1,Case2,6x8_291,26.0,5.0,6x8,3,3,4.824115638343363e-15,5.2894588264962294e-08,1.0,5776.851231913564,5862.649973176159,36710.18316745758,37364.258995325355,499.6353641475261
591,4,Case2,6x8_292,71.0,-88.0,6x8,1,1,1.0,7.530074341843829e-09,1.574592886632864e-11,4440.48009257036,4463.656769215075,8666.619853973389,8334.123330046577,193.1760539713724
593,4,Case2,6x8_294,-71.0,-57.0,6x8,1,1,0.9999828338623047,1.716112092253752e-05,4.4047697347199266e-13,7848.935449728033,7709.5134912643225,12176.108451843262,11657.14114771893,331.83679162389296
594,3,Case2,6x8_295,-84.0,-9.0,6x8,2,2,2.014097361113798e-10,1.0,2.1795631965915163e-09,6280.833585954962,6348.982069188272,35751.44079351425,36163.477914254334,345.37774502313584
595,2,Case2,6x8_296,-48.0,82.0,6x8,1,2,0.25929024815559387,0.7407097220420837,3.699762718412103e-12,8639.96047552493,8704.542350324316,17425.625568389893,16420.190730700746,597.7183543983463
596,2,Case2,6x8_297,-13.0,-4.0,6x8,3,3,1.2448152046911493e-14,1.663873483437328e-10,1.0,4755.369332838716,4606.116329031672,36219.73173594475,36691.12528453702,339.5418128005875
597,4,Case2,6x8_298,-19.0,-23.0,6x8,3,3,2.6168927051359314e-13,4.073842063689881e-08,1.0,6376.712946791881,6734.291736037639,34121.493284225464,34263.02822292807,155.55538234845054
598,3,Case2,6x8_299,5.0,-32.0,6x8,3,3,2.1023694869964742e-14,4.222197276249062e-06,0.9999958276748657,6167.241333249499,6030.402479874849,36609.313093185425,36810.15252278652,215.75311649617242
600,4,Case2,8x8_001,65.0,19.0,8x8,2,2,1.5039375300673896e-10,0.9999992847442627,7.51771381146682e-07,5245.443709754744,5207.058768361933,34231.03408489749,34191.898672671465,156.3201480268699
601,3,Case2,8x8_002,40.0,-51.0,8x8,2,2,8.023534064705018e-06,0.9999912977218628,7.193679607553349e-07,7023.092989393881,6826.00546304445,18401.4177570343,17928.13802785786,319.2664990230775
603,2,Case2,8x8_004,49.0,48.0,8x8,1,2,0.069484181702137,0.9305158853530884,3.2353155710040937e-09,7615.382084736431,7180.9947688013435,15534.41817855835,14980.20606637659,377.11569156361463
604,2,Case2,8x8_005,-52.0,20.0,8x8,2,2,7.690879183508414e-11,0.9999252557754517,7.478715997422114e-05,5859.475917983462,5771.0454133359235,32599.56716632843,32573.004748481544,148.8744200802527
605,4,Case2,8x8_006,-15.0,-74.0,8x8,2,2,5.878177805618279e-11,0.9973378777503967,0.0026621418073773384,4656.4360621187025,4592.308213916573,35646.46082893759,36423.12305945488,668.266148447888
606,3,Case2,8x8_007,51.0,-83.0,8x8,2,2,0.0006453250534832478,0.9993546605110168,6.280189701612926e-10,5354.975808791502,5194.294904713368,15766.279143810272,15264.23729088252,367.87212291415113
608,3,Case2,8x8_009,-63.0,21.0,8x8,2,2,5.765294908144369e-10,0.9999997615814209,2.2469423299753544e-07,5484.306752952295,5343.427962912439,33260.54744529724,32957.4742588325,273.6209075997676
609,1,Case2,8x8_010,-74.0,83.0,8x8,1,1,0.9547994136810303,0.045200612396001816,2.4497710526816263e-09,3176.3548254643347,2867.0294870793978,9168.852141857147,8830.876161908522,257.7312756072597
611,2,Case2,8x8_012,-56.0,9.0,8x8,2,2,3.015160690567065e-11,0.9999370574951172,6.291415047599003e-05,5266.151607589449,5245.573027507433,37640.73467850685,37516.90123264239,149.40898509926876
612,4,Case2,8x8_013,61.0,33.0,8x8,2,2,2.1297331898040284e-07,0.9999997615814209,2.58307828460147e-08,6098.869968378102,5918.100886318249,24757.352965831757,24293.604258956064,349.8598607333829
613,3,Case2,8x8_014,19.0,79.0,8x8,2,2,1.4575221585211295e-10,0.9999996423721313,3.382523914297053e-07,4635.134950156164,4552.963681051086,34328.3661172688,34284.56482953577,181.89733999124957
615,5,Case2,8x8_016,75.0,-61.0,8x8,1,1,0.998683750629425,0.001316193607635796,6.197599291407618e-12,5563.11147592123,4802.435024601133,5364.080410003662,10769.0881687517,4190.622548128956
616,2,Case2,8x8_017,-30.0,66.0,8x8,2,2,3.6726099938988455e-09,1.0,8.101165072105232e-09,5665.928848025043,5541.335532435249,27791.439455747604,28351.77643595987,419.3823590069535
618,1,Case2,8x8_019,-79.0,29.0,8x8,2,2,2.3248545311105318e-09,0.9999997615814209,2.7096268695459e-07,5026.196368639911,4901.5388110812855,29232.377550661564,29604.088616748442,305.8955113201124
619,3,Case2,8x8_020,-2.0,48.0,8x8,3,3,7.983175752401817e-12,0.13293038308620453,0.8670696020126343,5325.270352479137,5103.326418985176,38178.85500764847,38499.36680941284,370.1014254637153
620,1,Case2,8x8_021,-49.0,-67.0,8x8,2,2,0.17653772234916687,0.8234623074531555,5.016544402103307e-10,6271.898565424734,6139.389428675706,15474.370008468628,15509.118314610932,69.53172238176985
621,4,Case2,8x8_022,43.0,-33.0,8x8,2,2,1.9268442397191166e-09,0.9954219460487366,0.004577991086989641,6873.013713356222,6754.720060502394,22526.099869836587,22414.801197767432,109.2951510822755
622,3,Case2,8x8_023,62.0,-67.0,8x8,1,1,0.9999810457229614,1.8941471353173256e-05,1.252460727360974e-13,5716.871280069032,5715.478552543802,11271.049430847168,9849.626537581522,1214.0361554400822
623,2,Case2,8x8_024,30.0,75.0,8x8,2,2,8.024181319399304e-09,1.0,6.382139705607415e-09,5192.143867522031,5252.449190758109,28540.044861018658,28780.628547163444,213.09679112332864
624,5,Case2,8x8_025,80.0,-80.0,8x8,1,1,0.9997966885566711,0.00020332437998149544,4.589270907739973e-10,2887.8993841308998,2682.982227750103,8818.384215593338,8250.503377254072,377.5737769839297
626,5,Case2,8x8_027,54.0,-38.0,8x8,2,2,1.6521353245479986e-06,0.9999983310699463,2.342112281894515e-08,6727.184640188092,6525.094009314558,19999.676671028137,19360.596921303328,446.56545666311337
627,2,Case2,8x8_028,36.0,-31.0,8x8,3,2,1.0491106872123623e-09,0.8665350079536438,0.13346506655216217,6907.788015230194,6807.537719417403,24953.308174610138,24961.1211668185,85.7209750582037
628,2,Case2,8x8_029,52.0,-41.0,8x8,2,2,2.623914724608767e-06,0.9999973773956299,2.3199111964800068e-08,7028.705863315265,6798.43672307946,17911.965955734253,17585.054818025626,210.41561481304564
629,4,Case2,8x8_030,15.0,-12.0,8x8,3,3,4.244489298471351e-15,8.64427071589624e-11,1.0,5438.2177322714615,5214.702287201806,37339.342389166355,37779.27171170023,463.1738393330794
630,5,Case2,8x8_031,-55.0,-62.0,8x8,1,1,0.9957941770553589,0.004205811303108931,4.623310415063919e-12,6831.5116320028155,6601.429501818199,13145.69713973999,12665.662606080248,318.3689224442525
631,3,Case2,8x8_032,-19.0,-7.0,8x8,3,3,2.1003412242526264e-15,7.605155394330154e-10,1.0,5353.345541568076,5135.926661333326,37647.07451879978,37701.61869513352,169.5362069227435
632,5,Case2,8x8_033,-61.0,86.0,8x8,2,2,0.019758757203817368,0.9802412986755371,1.0711613540603793e-10,4856.438902414364,5027.6023298541095,11532.934149742126,11576.245532347424,111.40306132804325
633,5,Case2,8x8_034,-43.0,-15.0,8x8,3,3,1.0337567390647506e-12,0.002713663736358285,0.997286319732666,5831.153417960552,5616.773855890083,34340.84939479828,34391.59095625053,190.00119342558196
634,5,Case2,8x8_035,70.0,81.0,8x8,2,2,0.0694146379828453,0.9305853247642517,1.0529704885797742e-10,3611.4947923782247,3537.0595060444916,9669.54290008545,9001.312221216484,435.07939812105104
635,1,Case2,8x8_036,8.0,25.0,8x8,3,3,1.3251941632867856e-15,8.41497760362131e-10,1.0,5470.248036442415,5978.622663836715,37345.20094680786,38666.06510430852,1097.3856521013652
637,3,Case2,8x8_038,-56.0,52.0,8x8,1,1,0.9586979746818542,0.04130209609866142,3.7275672132297544e-11,7396.421028391188,7045.56259064969,13993.33931350708,13302.788919067163,445.3062752026004
638,5,Case2,8x8_039,64.0,42.0,8x8,2,2,0.0004402464546728879,0.9995597004890442,5.137871725291454e-11,6235.392231474027,6014.132485714839,18925.186779022217,18230.53528019613,489.3709237985701
639,2,Case2,8x8_040,-27.0,-54.0,8x8,2,2,4.081127435995313e-09,0.9999886751174927,1.1324736988171935e-05,6152.389268452867,6032.849891202796,28019.94656944275,27953.663812428214,80.72702608529555
640,4,Case2,8x8_041,-2.0,-68.0,8x8,2,2,1.9839178910796562e-11,0.882675051689148,0.11732496321201324,4551.274031987597,4535.991709815499,37909.11491456628,39053.719184427624,808.0653358883644
641,3,Case2,8x8_042,84.0,51.0,8x8,2,2,4.648605681722984e-05,0.9999535083770752,2.9309393800858174e-10,5304.112331994,5136.580605767478,15736.713012695312,15445.258446120348,235.6754067760814
642,3,Case2,8x8_043,79.0,-71.0,8x8,1,1,0.999554455280304,0.0004455313319340348,6.793814816274946e-11,3642.838541111375,3197.271248369441,9590.274863243103,8977.020658898264,474.5547575431627
643,1,Case2,8x8_044,59.0,-56.0,8x8,1,1,0.9987745881080627,0.0012253543827682734,7.283231309718197e-12,7214.189626636932,6834.118521999628,13178.894863128662,12934.52233305716,173.57853602790755
644,1,Case2,8x8_045,-18.0,-35.0,8x8,3,3,7.14350826484366e-15,1.5803050246177008e-06,0.9999984502792358,5925.911787551522,5757.396596916271,32662.424874067307,33802.60782995336,901.5368845175225
645,3,Case2,8x8_046,-76.0,-77.0,8x8,2,2,0.0013424373464658856,0.9986575841903687,3.256623026803851e-10,3325.4045484087624,3105.339270733374,9216.348378181458,8575.20534229544,414.05186579821594
646,5,Case2,8x8_047,42.0,27.0,8x8,2,2,3.925010094718573e-09,0.8339176774024963,0.16608229279518127,6449.470381146225,6390.90188086653,26547.176640655845,26519.121451458537,149.20975145192295
647,1,Case2,8x8_048,1.0,71.0,8x8,2,2,3.1977597653165546e-11,0.9998470544815063,0.00015287630958482623,4558.529609242353,4263.924512289221,37502.10350501537,38640.537198832724,714.9328580469729
648,2,Case2,8x8_049,-37.0,22.0,8x8,3,3,5.1348218212121655e-12,0.0027883772272616625,0.9972116351127625,6208.863158682437,6137.116696367617,30293.77769047022,30587.08043610535,222.55975548080988
650,3,Case2,8x8_051,28.0,57.0,8x8,2,2,4.27475121966836e-08,0.9999978542327881,2.145858843505266e-06,6018.571641259708,5888.897259447705,27904.60384941101,27867.942251278626,108.8690393390067
652,5,Case2,8x8_053,3.0,87.0,8x8,2,2,2.6435795219548197e-10,0.9949105381965637,0.005089445039629936,3942.823764947161,3877.1937015757617,35353.96211016178,36093.284873144,608.2783904501091
653,2,Case2,8x8_054,-17.0,-44.0,8x8,3,3,9.589974647727928e-11,0.19443592429161072,0.8055641055107117,5905.0899975511975,5814.216274718605,33258.70744085312,33586.356276319595,217.34133490625786
654,3,Case2,8x8_055,44.0,-49.0,8x8,2,2,0.0003035513509530574,0.9996963739395142,9.184341109857996e-08,7440.495367717857,7118.540526717516,16578.16547393799,15855.097704749343,476.0933711375744
656,4,Case2,8x8_057,2.0,74.0,8x8,2,2,3.524908837038154e-11,0.9960397481918335,0.003960196394473314,4350.277696932785,4049.0064101729117,36973.16035848856,37527.516084645016,450.1860480694076
657,1,Case2,8x8_058,82.0,19.0,8x8,2,2,1.8523060862918328e-09,0.9972020387649536,0.0027979800943285227,4487.650842235879,4610.6730403826805,33876.2078820467,34885.23035307709,774.0948262918769
658,1,Case2,8x8_059,14.0,3.0,8x8,3,3,2.4241267681206343e-15,2.875040136518514e-11,1.0,4906.824952087089,5231.698614765819,37089.773693323135,37926.32330249628,847.7968617551062
659,2,Case2,8x8_060,44.0,-84.0,8x8,2,2,3.6081271446164465e-06,0.9999964237213135,1.9290427033524793e-09,5283.659746593987,5103.337245271939,19635.722774408758,19378.921051200756,160.58926912180016
660,3,Case2,8x8_061,0.0,-52.0,8x8,2,2,3.067502502007713e-11,0.8501152396202087,0.14988476037979126,5259.973044863009,5076.729454569627,38367.783672362566,38590.61208626647,251.19742536832106
661,5,Case2,8x8_062,33.0,26.0,8x8,3,3,6.560663470822625e-12,0.00018493666721042246,0.999815046787262,6532.661567326767,6470.006460229266,28441.357414364815,28243.64565540169,190.8854926100038
662,5,Case2,8x8_063,-75.0,38.0,8x8,2,2,2.4613103732917807e-07,0.9999997615814209,2.978766122652132e-10,5537.1589121300185,5239.961247187823,23048.0099688638,23088.73418997169,119.44868134105705
663,5,Case2,8x8_064,-20.0,55.0,8x8,2,2,7.308069427391928e-11,0.9998642206192017,0.0001357220025965944,5775.144279548085,5707.977053879828,32996.0493812561,32439.56620003235,400.300874046472
664,3,Case2,8x8_065,72.0,31.0,8x8,2,2,4.199049286057743e-08,1.0,1.3199543680286752e-08,5389.078711684597,5183.364161956222,27536.328324705362,27479.90077378911,143.2988318327461
665,3,Case2,8x8_066,75.0,72.0,8x8,1,2,0.016879435628652573,0.9831205606460571,5.871910180310635e-10,3802.546065363662,3368.692529713579,9643.413997650146,8808.178418792599,567.8778583526935
666,5,Case2,8x8_067,-83.0,68.0,8x8,1,1,0.9813714623451233,0.018628599122166634,1.0634787495078513e-10,3750.04629067731,3568.8275749992417,9936.019680023193,9507.364191166978,286.7427904517337
667,3,Case2,8x8_068,-26.0,-1.0,8x8,3,3,1.3832927884136685e-15,8.157620356996631e-09,1.0,5356.440229584633,5279.682280057865,37865.28695487976,37928.393433561614,236.50721871433007
668,3,Case2,8x8_069,-36.0,57.0,8x8,2,2,3.7101813177287113e-07,0.9999995231628418,4.9542116187240026e-08,6497.168688060765,6353.681772504431,21922.345466136932,22255.73417823068,240.30178444559772
670,2,Case2,8x8_071,-45.0,-29.0,8x8,2,2,3.487437227889245e-09,0.999915599822998,8.440369128948078e-05,6507.381217383448,6502.795818743139,25303.228077843785,24736.742297736375,417.42058088961414
671,5,Case2,8x8_072,-29.0,13.0,8x8,3,3,2.760488210156527e-15,7.523025757905089e-09,1.0,5641.422264894557,5799.009123615251,35792.98946237564,36189.5795684983,408.36061462768413
672,4,Case2,8x8_073,-22.0,46.0,8x8,2,2,1.2852958974907125e-10,0.9142243266105652,0.08577565848827362,6113.025656201765,6093.821069510439,30533.361122369766,30541.32146690298,77.19804186272455
673,2,Case2,8x8_074,-1.0,-8.0,8x8,3,3,8.777365363395531e-15,3.856066507768041e-11,1.0,4850.751189382047,5059.9773439645105,35382.07883429527,37607.57568800526,1645.0742862557593
675,4,Case2,8x8_076,50.0,5.0,8x8,3,2,2.5045134369183764e-11,0.9000757336616516,0.09992428123950958,5394.339911148387,5458.329651989465,37859.73669099808,38925.324227843754,717.2743703512099
676,1,Case2,8x8_077,-64.0,20.0,8x8,2,2,2.575312185726375e-10,0.9999995231628418,5.054669713899784e-07,5384.563257292823,5230.622396638332,33865.034314394,33625.27937720749,225.57590385627887
677,2,Case2,8x8_078,29.0,-79.0,8x8,2,2,4.054444779910682e-09,0.9999998807907104,1.4822208527220937e-07,5034.99062742488,5047.655171620973,29295.532186090946,29290.018278184038,111.97508388915841
679,1,Case2,8x8_080,-53.0,-64.0,8x8,1,1,0.9742684364318848,0.025731615722179413,4.4059478288005494e-11,6613.877621257254,6407.613542954612,13697.001308441162,13573.26308914202,77.23737878280036
681,1,Case2,8x8_082,85.0,48.0,8x8,2,2,5.573356247623451e-05,0.9999442100524902,6.332793733854203e-10,5285.769770789521,5178.223582120614,17284.60784780979,16936.677797699136,252.90331062480044
682,3,Case2,8x8_083,-12.0,85.0,8x8,2,2,1.21161261579239e-10,0.9996011853218079,0.00039881974225863814,4206.4510157485765,3977.101909530233,34892.74000066519,34951.651858479556,228.19614628347242
683,5,Case2,8x8_084,77.0,-48.0,8x8,2,2,0.000530521385371685,0.9994694590568542,1.7276773067731455e-10,5623.399988696108,5462.035062788203,16979.304655075073,16718.411749864972,180.92099296985145
685,2,Case2,8x8_086,-41.0,-54.0,8x8,2,2,8.375016477657482e-05,0.9999161958694458,5.464080299333318e-09,6843.916456755203,6812.018107835871,18027.426204681396,18124.98880325256,91.8975177251654
686,1,Case2,8x8_087,-38.0,89.0,8x8,2,2,1.2185905973183253e-07,0.9999998807907104,2.8748343705586876e-09,5039.277022834803,5095.843735628601,23497.21431159973,23689.605660208763,152.61002958846097
687,1,Case2,8x8_088,23.0,33.0,8x8,3,3,6.149493078384111e-14,1.4208751963451505e-05,0.9999858140945435,6272.23600342667,6221.924536880293,30280.643073141575,31023.116734491537,663.9543165677374
688,1,Case2,8x8_089,18.0,-35.0,8x8,3,3,4.341663459279206e-15,3.8782746969445725e-07,0.9999996423721313,5926.064896432755,5821.046189028739,32857.00304399384,33752.202398499576,730.7966383947667
689,5,Case2,8x8_090,-65.0,24.0,8x8,2,2,1.0423524265945616e-09,0.9999998807907104,7.375508204177095e-08,5520.705433430067,5411.643261749482,31675.055410385132,31668.247950252942,110.32304758844771
692,1,Case2,8x8_093,-70.0,-78.0,8x8,2,2,0.0043146549724042416,0.995685338973999,9.37355859598199e-10,3789.3880033345195,3615.8826359436894,9741.074425697327,9385.904121608542,270.1426234527029
693,1,Case2,8x8_094,73.0,-55.0,8x8,1,1,0.9963066577911377,0.0036933228839188814,2.4199730760954274e-12,5910.468465200709,5659.57103147073,13649.615936279297,12682.586393683247,681.054435067275
695,4,Case2,8x8_096,84.0,-52.0,8x8,2,2,0.05872521921992302,0.9412747621536255,4.1139736062234533e-10,5332.55559180839,5283.181500823093,15335.855710029602,14947.348235883384,337.2029132412826
696,5,Case2,8x8_097,-46.0,-23.0,8x8,2,2,1.360814100292984e-10,0.9670006632804871,0.03299935162067413,6085.6091043387,6000.127304259043,29807.37343931198,29932.35549340001,207.4352162905871
697,1,Case2,8x8_098,-1.0,36.0,8x8,3,3,1.2224616663999294e-15,7.465224172165108e-08,0.9999998807907104,5552.336691623226,5338.273139260387,37612.23062610626,37824.369345286075,266.65775076540626
698,5,Case2,8x8_099,90.0,40.0,8x8,2,2,1.6502883681823732e-07,0.9999998807907104,6.022854992515647e-10,5091.160057513779,5072.102249888274,22187.8688814044,21969.405744220177,149.94381679996653
699,5,Case2,8x8_100,69.0,62.0,8x8,1,1,0.8377377390861511,0.16226229071617126,2.102250882055068e-12,5563.375616949014,5657.413793954342,11185.927089691162,11129.009988099746,94.27689383763294
701,2,Case2,8x8_102,76.0,-24.0,8x8,2,2,3.1676954392878542e-09,0.9999995231628418,4.524007124473428e-07,4976.262058518107,4886.906170548736,32142.42240768671,31450.64574890803,458.38487287448015
702,2,Case2,8x8_103,66.0,14.0,8x8,2,2,3.942984480587164e-11,0.9999990463256836,9.267689620173769e-07,5046.599201298715,4984.632044051785,36263.981833308935,36387.083346366344,277.58861656965
703,5,Case2,8x8_104,83.0,3.0,8x8,3,3,2.1490761947795534e-10,0.0004787632205989212,0.9995212554931641,3938.8282870176163,3900.924357314054,35530.58465951681,35908.806006924104,378.8645816793651
704,3,Case2,8x8_105,89.0,-77.0,8x8,1,1,0.9999865293502808,1.3516421859094407e-05,8.908484366854097e-11,2785.0264685963316,2784.6696804414587,8766.776408046484,8108.189884261444,426.9888530740456
705,4,Case2,8x8_106,-12.0,43.0,8x8,3,3,2.027686422630473e-13,0.0008155843243002892,0.9991844296455383,5756.247257568508,5655.306781529931,35672.294162750244,36781.86893343554,858.7093215035601
706,3,Case2,8x8_107,69.0,8.0,8x8,2,2,9.646480142455616e-11,0.9984610080718994,0.0015389954205602407,4574.056619399754,4470.051397584052,37459.932500094175,38485.982437985615,772.9010355470896
707,1,Case2,8x8_108,46.0,-72.0,8x8,2,2,0.00016853139095474035,0.9998314380645752,1.1004517297408256e-09,5896.19037767833,5639.550988694257,17644.952902793884,17475.939231845306,115.27435301764761
708,5,Case2,8x8_109,-69.0,17.0,8x8,2,2,1.1680148515047506e-10,0.9999991655349731,8.055188231992361e-07,4923.408038451381,4881.59084592581,35373.86673023552,35680.38659441716,238.8448175188036
713,5,Case2,8x8_114,-35.0,-78.0,8x8,2,2,3.4391142378353834e-08,1.0,3.804399018036975e-09,5223.919037000131,5130.814931096509,25189.569352686405,25058.521732941274,101.89220935073425
714,4,Case2,8x8_115,22.0,74.0,8x8,2,2,2.1894701329738808e-10,0.9999998807907104,1.1066417471283785e-07,4967.663079130816,5001.656120834302,33181.78823673725,33140.34349108184,176.201224886074
715,5,Case2,8x8_116,12.0,-85.0,8x8,2,3,1.711589092678878e-09,0.44108808040618896,0.558911919593811,4201.568511421046,3955.6812751116695,34983.37243539095,35622.02473629158,586.3126206934808
716,5,Case2,8x8_117,-87.0,33.0,8x8,2,2,1.6366268340561874e-08,1.0,2.247360741947091e-09,4882.6421052346805,4929.151197750642,26768.121022820473,26848.236326906437,177.31488666641437
717,1,Case2,8x8_118,54.0,-88.0,8x8,2,2,0.03657129779458046,0.9634286761283875,4.743829773445896e-10,5230.0459479491665,5362.654083714452,14539.802382469177,14858.624514119578,234.31980873911203
719,4,Case2,8x8_120,-58.0,-26.0,8x8,2,2,6.203902724877253e-09,0.9999992847442627,7.065740419420763e-07,5885.4709148117345,5735.779848572765,29511.036410331726,29501.98661996017,97.77440157582525
720,4,Case2,8x8_121,-50.0,14.0,8x8,2,2,4.5703777568073534e-11,0.9941157102584839,0.005884230602532625,5679.41895745901,5668.019199284183,35477.039702415466,35796.197113377624,232.99390529869206
721,2,Case2,8x8_122,20.0,-73.0,8x8,2,2,1.4603955544867375e-10,0.9999969005584717,3.0975131721788784e-06,4927.547212368724,4848.4057281276,34092.05478069186,34354.72924535042,234.15498682289694
722,1,Case2,8x8_123,76.0,4.0,8x8,3,3,2.32517512188668e-11,0.002952574985101819,0.997047483921051,4315.493301056991,3998.0140933361313,36390.36985719204,37149.59494887059,564.6423029569979
723,1,Case2,8x8_124,42.0,-66.0,8x8,2,2,1.0960626241285354e-05,0.9999890327453613,1.0002215056204022e-08,6158.471279575665,6008.319080343769,19311.95697402954,19432.89090587723,108.64924059516122
724,2,Case2,8x8_125,-3.0,72.0,8x8,2,2,3.5164881423410677e-11,0.9991260170936584,0.0008739953627809882,4337.723015412987,4196.501835363005,37287.32832241058,38191.72628103321,603.5476938615316
725,3,Case2,8x8_126,-8.0,18.0,8x8,3,3,2.39601268581008e-15,4.568926070813717e-10,1.0,5401.476436129227,5143.824490928545,37624.45603515208,37593.52171768772,248.64838990562063
726,2,Case2,8x8_127,-66.0,77.0,8x8,2,2,0.07991229742765427,0.9200876951217651,2.0751997342749462e-10,4341.862375597012,4053.0099842615964,10389.69221496582,9873.774880769419,478.5633598189327
727,5,Case2,8x8_128,59.0,-70.0,8x8,1,1,0.9993860721588135,0.0006139375036582351,7.632755105041467e-13,6146.200806157948,5700.153832008834,12463.085901260376,11549.601616757736,605.2025597960604
728,4,Case2,8x8_129,24.0,11.0,8x8,3,3,2.0762751123970004e-15,1.4790253466401282e-09,1.0,5616.151698089326,6506.600716289742,36719.135029792786,38334.68407887715,1194.3703776039226
733,4,Case2,8x8_134,-56.0,37.0,8x8,2,2,4.66966730527929e-06,0.9999951124191284,1.6627764409804513e-07,6595.143052200749,6575.40320577673,21017.621990203857,20196.499605780562,543.9070807860156
735,2,Case2,8x8_136,8.0,-68.0,8x8,2,2,1.4208728811582194e-11,0.9993332028388977,0.0006667461129836738,4753.636747515623,4547.435747783949,37726.24022564292,38344.030355532865,563.4297594892381
736,4,Case2,8x8_137,68.0,53.0,8x8,2,2,0.30718740820884705,0.6928125619888306,1.6069841290988762e-10,6255.139627078279,6121.322078219204,13950.363624572754,13460.913305732416,339.0234662093988
737,1,Case2,8x8_138,-28.0,-75.0,8x8,2,2,1.3803607146201102e-08,0.9999994039535522,6.294075660662202e-07,5135.269359186797,4935.361049171369,29637.61697164178,29971.256127512595,238.37654606146288
739,2,Case2,8x8_140,1.0,-3.0,8x8,3,3,1.3742600502399723e-14,3.581732480051336e-11,1.0,4583.033747370783,5626.211146379869,34734.89978814125,37614.68561599558,2348.427349533879
740,2,Case2,8x8_141,79.0,49.0,8x8,2,2,0.00037387985503301024,0.9996260404586792,1.7644906369351787e-10,5501.998946384676,5430.436401493736,16511.2956533432,16770.17178963497,202.92537668244458
741,5,Case2,8x8_142,56.0,10.0,8x8,2,2,4.946161882846134e-11,0.9912569522857666,0.008743015117943287,5381.495172553362,5244.809022293566,37190.55562019348,37424.43213995541,330.5067784990179
743,1,Case2,8x8_144,-86.0,-39.0,8x8,2,2,6.520897386508295e-07,0.9999992847442627,1.1478830330702294e-08,5092.526461682307,5086.064920266512,22895.517724335194,23398.373191691575,351.38113694902705
744,1,Case2,8x8_145,29.0,32.0,8x8,3,3,2.813762460876501e-12,0.001010491861961782,0.9989895224571228,6818.973927286509,6622.462450920878,27355.92408055067,27139.169254553577,181.78523183745637
745,5,Case2,8x8_146,-41.0,-28.0,8x8,2,2,6.023222476336798e-10,0.9445677399635315,0.055432189255952835,6498.918056289,6423.516894749591,25928.754863858223,26074.036809386773,161.33872587681037
746,5,Case2,8x8_147,47.0,23.0,8x8,2,2,1.1808073407948427e-09,0.9591740369796753,0.04082599654793739,6087.938731672308,6050.707108104434,29821.611676692963,29488.19837295075,260.85237465763123
748,5,Case2,8x8_149,24.0,-59.0,8x8,2,2,2.616545591305197e-10,0.9999212026596069,7.880880002630875e-05,5826.785428118063,5566.99164450004,31029.711255550385,31074.997046000783,61.83983521072201
750,3,Case2,8x8_151,-66.0,-82.0,8x8,2,2,0.00226080440916121,0.9977391958236694,2.4069815585114895e-10,4022.8190443347034,3994.5821632298675,10307.866649627686,9779.594780939724,364.112930023054
751,3,Case2,8x8_152,-23.0,-66.0,8x8,2,2,4.668980313482507e-09,0.9999983310699463,1.7148356619145488e-06,5334.59699260307,5215.933371573444,32177.71460850537,32816.5035204583,474.1070145496474
752,5,Case2,8x8_153,50.0,-62.0,8x8,2,1,0.7270845770835876,0.27291542291641235,9.602411921161291e-11,6768.342423421428,6603.946685814306,14634.828567504883,14281.794253522608,223.30134279149826
753,4,Case2,8x8_154,-65.0,-65.0,8x8,1,1,0.9853333830833435,0.014666631817817688,1.2890770048623601e-11,5429.065308218205,5534.8384239412935,10990.738075256348,10095.304282358251,671.3329369717324
754,1,Case2,8x8_155,11.0,-32.0,8x8,3,3,1.1733854244689625e-15,1.6882474085377908e-08,1.0,5750.285051577952,5541.506018007733,36046.03637123108,36519.15095906402,451.281591383191
755,1,Case2,8x8_156,70.0,-86.0,8x8,1,1,0.9997082352638245,0.0002917366800829768,1.66156477465762e-10,3437.6711552698616,3382.7356041586772,9605.29425239563,9595.075516377425,46.12948689019185
756,4,Case2,8x8_157,78.0,-26.0,8x8,2,2,8.422340602720624e-10,0.9999991655349731,8.25165670903516e-07,4937.500485691486,5031.099448846833,31060.8826649338,31611.155027291246,489.4920652586362
757,2,Case2,8x8_158,17.0,-43.0,8x8,3,3,1.0973216085785609e-10,0.18944206833839417,0.8105579018592834,5939.211483448766,5898.567779233208,33350.76573371887,33295.77707462086,72.29988286321067
758,4,Case2,8x8_159,-9.0,-4.0,8x8,3,3,9.394278940638625e-15,9.304600839810107e-11,1.0,4796.946624828062,4750.085647408431,35940.06597208977,37418.52482661554,1012.0350268024331
759,4,Case2,8x8_160,47.0,-13.0,8x8,3,2,3.687115196493451e-11,0.8007504940032959,0.1992494910955429,5687.811471804471,5730.970294929137,35577.09013080597,35493.625305180205,188.3498983289808
760,4,Case2,8x8_161,-43.0,-45.0,8x8,2,2,0.0007610669126734138,0.9992389678955078,2.3340215093980987e-08,7538.363805832825,7138.222150760848,17466.801191329956,16851.590202698255,445.14833382808587
762,2,Case2,8x8_163,-84.0,28.0,8x8,2,2,4.193937197527475e-09,0.9999992847442627,7.159680421864323e-07,4804.713776061654,4875.397176261849,29832.969073683023,30589.95485313172,572.802893514667
763,3,Case2,8x8_164,-16.0,-5.0,8x8,3,3,2.426013957527117e-15,4.683560206331094e-10,1.0,5070.676512261307,5062.639673014663,37544.52068141103,37712.53255818694,269.4507492827798
765,1,Case2,8x8_166,-61.0,-3.0,8x8,2,2,1.6365624133651835e-11,0.999828577041626,0.00017144840967375785,4946.219657772605,4819.490004619707,38689.37281256914,39239.18726148959,438.35582776474854
768,2,Case2,8x8_169,58.0,-70.0,8x8,1,1,0.9998880624771118,0.00011190163786523044,2.2416252610634596e-13,6148.203607929557,5859.9918886973255,12679.144262313843,11727.708189766043,694.3178764635699
769,1,Case2,8x8_170,-35.0,-50.0,8x8,2,2,2.1061831034785428e-07,0.9999983310699463,1.4500822089758003e-06,6725.129138554492,6512.198497673586,21400.226607322693,21880.997776859873,330.6775067391036
770,3,Case2,8x8_171,-6.0,-18.0,8x8,3,3,1.7607545983909447e-15,3.6017724913683935e-10,1.0,5181.711601922757,5095.300035454474,37443.27423483133,37830.07613129037,372.08472932032737
771,1,Case2,8x8_172,-68.0,5.0,8x8,2,2,8.162918951892806e-11,0.9204123616218567,0.0795876607298851,4678.2550882518635,4418.2992409502895,38070.420483112335,38721.49501086675,581.3223895759991
772,4,Case2,8x8_173,82.0,-55.0,8x8,1,1,0.8284721970558167,0.17152783274650574,8.030108522572021e-11,5395.142350876158,5248.833596082095,14039.932744979858,11983.607241525055,1492.075573264114
775,4,Case2,8x8_176,-36.0,30.0,8x8,3,3,4.753321070083416e-10,0.4700640141963959,0.5299360156059265,6826.949939587022,6726.453939157451,25479.800248861313,25234.866896712054,222.09629738392118
776,2,Case2,8x8_177,25.0,-81.0,8x8,2,2,1.585684472615867e-09,0.9999992847442627,6.830179586359009e-07,4748.69536107594,4771.324661519236,31598.31382536888,31589.369853043256,154.2643407201453
777,4,Case2,8x8_178,27.0,63.0,8x8,2,2,2.6413586873275108e-09,0.9999997615814209,2.4018513045120926e-07,5749.7652321896885,5650.312790085233,29522.46343421936,29750.66831539582,146.06626546820257
779,5,Case2,8x8_180,-14.0,88.0,8x8,2,2,1.7787595008034174e-10,0.9998047947883606,0.00019517718465067446,4084.422420677272,4082.6434730346305,34468.06954887509,35250.51080447034,538.6287420911074
782,3,Case2,8x8_183,37.0,63.0,8x8,2,2,7.111526883818442e-06,0.999992847442627,1.4134146297806183e-08,6161.853144610753,5937.975968199522,22246.27665233612,21841.48002827054,279.02359520437204
784,5,Case2,8x8_185,-18.0,49.0,8x8,2,2,3.83704491790926e-11,0.9820776581764221,0.017922285944223404,5804.1197308932815,5770.952333177,33387.21392726898,33021.05612472557,311.1678692766941
786,4,Case2,8x8_187,-47.0,-37.0,8x8,2,2,1.625326945031702e-06,0.9999980926513672,2.701839889596158e-07,6992.555135084752,6813.19175779695,19900.39458179474,19655.97302366511,217.84369149031025
788,3,Case2,8x8_189,34.0,0.0,8x8,3,3,3.1219506265513534e-15,2.94686799406918e-07,0.9999997615814209,5492.604699156051,5415.3463091920075,37504.0495223999,37897.98061233165,324.9223820743676
789,3,Case2,8x8_190,-80.0,40.0,8x8,2,2,5.98052906752855e-07,0.9999994039535522,2.21811591316623e-09,5346.784173342428,5139.268669850847,22004.405047938228,21267.904751658487,490.7585148292289
790,4,Case2,8x8_191,-75.0,6.0,8x8,3,3,2.0780452358870605e-10,0.40224891901016235,0.5977510809898376,4266.773991404063,4201.324490352445,36656.227723002434,36948.97024151677,348.2959696447772
792,3,Case2,8x8_193,48.0,41.0,8x8,2,2,0.00497244019061327,0.9950273633003235,1.9036755816159712e-07,7200.12163879943,6977.294483623389,17741.437240600586,17581.123854915957,128.295188411146
793,5,Case2,8x8_194,-11.0,-16.0,8x8,3,3,3.5167384954647163e-15,1.6011778708469038e-11,1.0,5417.307489245084,5387.882897290074,37159.8088978529,37531.181611594075,419.66277798461493
794,4,Case2,8x8_195,12.0,71.0,8x8,2,2,1.6838214850212196e-11,0.9999914169311523,8.529938895662781e-06,4718.298943371894,4650.580380571799,36873.198213756084,37554.06791471933,624.0395722723223
795,3,Case2,8x8_196,-32.0,84.0,8x8,2,2,4.566750533285813e-09,1.0,1.5495714933422278e-08,4952.792517887152,4869.246160619664,27396.95561477542,27185.343131832375,153.29756156504192
796,4,Case2,8x8_197,-80.0,-38.0,8x8,2,2,2.4428598521808453e-07,0.9999997615814209,8.955529651188954e-09,5289.3378367958985,5147.031189227958,23381.720662742853,22726.141694956328,436.78808742482465
797,1,Case2,8x8_198,-82.0,-53.0,8x8,2,2,0.09674399346113205,0.9032559990882874,8.504563164812851e-10,5385.412148727857,5224.7071523056875,14841.068548202515,13419.128974772162,1012.3494764420469
798,1,Case2,8x8_199,-45.0,82.0,8x8,2,2,8.126554348564241e-06,0.9999918937683105,2.5351629129310993e-10,5346.120273478756,5253.957514458258,18932.121433116496,18189.2613086405,516.9226131044878
799,4,Case2,8x8_200,88.0,-42.0,8x8,2,2,2.5664046461315593e-06,0.9999973773956299,1.0080112744503822e-08,5134.166864507925,5135.722579490737,20968.080992087722,21031.41311084413,145.26359847160035
800,5,Case2,8x8_201,-73.0,-27.0,8x8,2,2,4.255039431910745e-09,1.0,1.359432921788084e-08,5167.878011208202,5011.062025999865,30363.917664296925,29860.542965241708,378.2412014948571
801,2,Case2,8x8_202,-24.0,-76.0,8x8,2,2,2.8525048989536117e-09,0.9999995231628418,4.960804744769121e-07,4826.767305134777,4963.928385681858,31947.085749991238,31909.149573398703,115.19990038730948
802,4,Case2,8x8_203,33.0,58.0,8x8,2,2,2.617109373659332e-07,0.9999996423721313,1.2219534539781307e-07,6246.365760754372,6130.6187598717515,24316.21920824051,24171.355022228076,125.33626666697582
803,5,Case2,8x8_204,27.0,-22.0,8x8,3,3,1.1850681263939674e-14,3.767149081568277e-08,1.0,6231.774253439833,6167.592640953179,32651.950382232666,31852.673004434662,522.3544909661356
804,5,Case2,8x8_205,-58.0,-50.0,8x8,1,1,0.8990488648414612,0.10095113515853882,3.078504465237053e-11,7065.8323047382955,6872.567887754327,14388.943138122559,14152.15944735456,160.26003161937075
805,1,Case2,8x8_206,4.0,90.0,8x8,2,2,1.4681034166130758e-10,0.9998326301574707,0.0001673100341577083,3933.8161724117786,3887.389223947719,35249.76002073288,36596.52259625002,968.9259863670873
806,4,Case2,8x8_207,19.0,-83.0,8x8,2,2,4.2210523271135614e-11,0.9999579191207886,4.21029471908696e-05,4491.919844502155,4608.048923971981,34016.33739697933,34705.04400383115,569.5613856036616
807,4,Case2,8x8_208,-87.0,47.0,8x8,2,2,0.00011045106657547876,0.9998894929885864,1.2189127485129347e-09,5244.941132193344,5296.521570378898,17897.08074721694,17476.34963567529,291.0333836240792
808,3,Case2,8x8_209,58.0,-69.0,8x8,1,1,0.9998544454574585,0.00014551110507454723,4.2495702594867735e-13,6242.224416117302,6153.912903278926,12657.035480499268,11745.938616154024,669.8923139323487
809,3,Case2,8x8_210,-10.0,23.0,8x8,3,3,1.796544387390399e-15,1.2210021882452793e-09,1.0,5571.4009166578835,5261.335970290946,37256.043420791626,37583.52243980735,362.99906274223133
810,4,Case2,8x8_211,55.0,-59.0,8x8,1,1,0.9942500591278076,0.005749990697950125,7.923693819134048e-12,7210.855872175987,7067.592134541219,13308.920768737793,13299.627187200846,67.53811091356063
811,2,Case2,8x8_212,-63.0,54.0,8x8,1,1,0.9588716626167297,0.041128382086753845,8.155878750137902e-12,6774.947155644791,6702.3439127284155,13464.391128540039,13397.51681232694,42.73118466373156
812,3,Case2,8x8_213,67.0,-42.0,8x8,2,2,2.872551885957364e-05,0.9999712705612183,9.199346173716094e-09,6107.847737616461,5977.908204132667,19459.06462287903,19297.458652399524,132.9592361611256
813,2,Case2,8x8_214,63.0,-14.0,8x8,2,2,6.992133261274347e-11,0.999997615814209,2.424118065391667e-06,5195.729615681295,5155.704080671774,36393.384598106146,36178.13971101573,239.9626120114689
814,4,Case2,8x8_215,9.0,13.0,8x8,3,3,3.900448655735651e-15,1.0934866900846885e-10,1.0,5117.8334161280845,5514.945404887997,37294.78675761819,37915.138434961205,694.0781791376711
815,1,Case2,8x8_216,-10.0,59.0,8x8,2,2,2.912203117544365e-11,0.9999762773513794,2.3759197574690916e-05,5197.570871757705,4950.69892758705,37533.556243523955,37723.797236432096,183.7487232342978
816,2,Case2,8x8_217,21.0,56.0,8x8,2,2,1.9300624987117487e-10,0.9999532699584961,4.6682853280799463e-05,5735.005923478187,5737.768543713738,32518.60441303253,32433.96770685699,79.89525752003279
817,4,Case2,8x8_218,5.0,-15.0,8x8,3,3,4.852761445586556e-15,7.841508692374433e-11,1.0,5131.844732610055,4885.166313146738,37356.58763337135,38215.29249660726,796.1343736595119
818,5,Case2,8x8_219,-7.0,65.0,8x8,2,2,4.545929604971022e-12,0.9999752044677734,2.483354001014959e-05,4805.229795473385,4725.258143885509,38161.024693235755,37811.67730425357,229.6244671758516
819,2,Case2,8x8_220,14.0,-23.0,8x8,3,3,3.150628832804779e-15,1.1846389147418535e-10,1.0,5664.5335329217605,5556.515240096099,36432.721095085144,36526.211100981294,151.26504206711658
820,4,Case2,8x8_221,74.0,-56.0,8x8,1,1,0.9956953525543213,0.004304606467485428,3.015269674569443e-12,5848.237395568851,5624.760636488445,13376.278881072998,10807.237183340216,1850.1221989583833
821,1,Case2,8x8_222,7.0,-80.0,8x8,3,3,6.53363696478948e-10,0.3893715739250183,0.6106284260749817,4052.762693543157,3914.9907660592166,35826.07738685608,37041.986386638586,944.262915239489
823,5,Case2,8x8_224,-4.0,-43.0,8x8,3,3,2.3248707104427113e-13,0.0006090201786719263,0.9993909597396851,5455.9394697980915,5307.538567645784,37504.490572452545,38138.78946405434,493.7058696880441
824,5,Case2,8x8_225,2.0,-73.0,8x8,3,2,6.607726171781181e-11,0.8737578392028809,0.12624220550060272,4345.573584861094,4182.694689648791,36981.247066020966,38479.094878748496,1029.48411314152
825,1,Case2,8x8_226,-42.0,80.0,8x8,2,2,1.7602491197976633e-06,0.9999982118606567,3.714178131719592e-10,5336.888988663229,5294.026004823263,20701.8272177428,19854.128415249063,579.0506618911066
826,4,Case2,8x8_227,-42.0,-6.0,8x8,3,3,4.56439356796845e-14,0.0001893738517537713,0.9998106360435486,5608.435714844567,5395.76331491569,37270.40453052521,37796.08076867779,404.4792532652776
827,2,Case2,8x8_228,60.0,-31.0,8x8,2,2,1.1522839571398436e-08,0.9999997615814209,1.699529832421831e-07,6062.275072882737,6036.60706268285,26210.081033706665,25697.400498264164,356.4911015817793
829,3,Case2,8x8_230,-44.0,-30.0,8x8,2,2,1.024122897597124e-09,0.9999268054962158,7.317134441109374e-05,6612.614734192014,6634.060694645739,24512.59848034382,24369.956424879998,165.2294113254644
830,4,Case2,8x8_231,-69.0,24.0,8x8,2,2,2.8772467741688956e-10,1.0,5.930888491434416e-08,5239.257142425076,5177.813911212986,31939.60465206206,32011.617883059207,130.42619286389225
831,2,Case2,8x8_232,-8.0,-27.0,8x8,3,3,2.6228063927121294e-15,1.0957985630000167e-09,1.0,5477.599797969108,5432.151090480119,37003.61751937866,36960.928885739704,98.36507644300605
832,5,Case2,8x8_233,61.0,-20.0,8x8,2,2,2.877643123788687e-10,0.9999984502792358,1.5286416328308405e-06,5462.180381851,5365.446767407557,33637.87969493866,33263.84491885481,327.4202211712217
834,4,Case2,8x8_235,-62.0,7.0,8x8,2,2,7.665713550042419e-12,0.999997615814209,2.408425643807277e-06,5004.80052799166,5041.6193191319835,38217.27147808671,38415.72721319068,245.35023348567415
835,5,Case2,8x8_236,16.0,-57.0,8x8,2,2,3.913005683364723e-11,0.9997178912162781,0.00028213171754032373,5569.803563339273,5370.639928316901,35257.4640455246,35614.73694595185,257.4584631425476
836,5,Case2,8x8_237,-32.0,66.0,8x8,2,2,5.992036200552775e-09,1.0,1.6196405994151064e-08,5802.5472492833,5702.186205118891,26361.88226735592,26520.483414383427,182.24230231861688
837,1,Case2,8x8_238,64.0,-22.0,8x8,2,2,8.393523098781941e-10,0.9999992847442627,7.487526545446599e-07,5470.848334585136,5333.4877661161245,32780.91653442383,32289.84869643652,369.3403363432346
839,1,Case2,8x8_240,53.0,26.0,8x8,2,2,2.5253825697291177e-09,0.9999978542327881,2.148260591638973e-06,6081.371542335929,6110.400618904923,28581.85866546631,28745.849043885268,140.25366652198267
840,3,Case2,8x8_241,13.0,6.0,8x8,3,3,4.254767196253334e-15,2.1276518047397275e-10,1.0,4908.210612346571,5365.15532683534,36995.55731958151,36949.30826642409,426.1604581190134
841,4,Case2,8x8_242,-31.0,60.0,8x8,2,2,4.2907677411108125e-09,0.9999996423721313,2.9608284535243e-07,6069.184247772142,5895.164858592932,26199.32058906555,26615.986557836964,278.02401186857617
843,2,Case2,8x8_244,85.0,-58.0,8x8,1,1,0.9976287484169006,0.0023712420370429754,1.0829302732329182e-11,5270.727817794313,5111.6654370493325,13071.809690475464,10814.767806061365,1749.9575279674368
845,1,Case2,8x8_246,60.0,61.0,8x8,1,1,0.996566653251648,0.003433265956118703,2.9574712904351097e-12,6460.911454329404,6411.5797866713865,11875.910682678223,12286.496916308637,269.82508047230965
846,4,Case2,8x8_247,-83.0,78.0,8x8,1,1,0.9882906675338745,0.011709370650351048,1.6072030373237567e-09,2875.398207287695,2765.2420421298993,8814.845902323723,8522.193945873078,210.99496730355241
847,2,Case2,8x8_248,6.0,27.0,8x8,3,3,3.1676692298794043e-15,5.936575120379928e-10,1.0,5352.677503977403,5450.712023279188,37479.155230522156,37838.814158523266,294.08828683877726
849,3,Case2,8x8_250,-47.0,64.0,8x8,2,2,0.009943927638232708,0.990056037902832,3.7182065759644445e-10,6511.987736465442,6215.10461127951,16171.526365280151,15791.246721401343,270.34919154434226
851,2,Case2,8x8_252,-82.0,-45.0,8x8,2,2,3.0614279239671305e-05,0.9999693632125854,3.8605280083814364e-10,5347.235964959628,5246.922072857124,18963.709765791893,18513.513596590667,307.32333690472393
852,1,Case2,8x8_253,56.0,-34.0,8x8,2,2,8.253118011225524e-08,0.9999994039535522,4.6594087166340614e-07,6435.899569381483,6298.776471789951,23227.199095726013,22711.605204109346,353.51041682193454
853,1,Case2,8x8_254,-75.0,-17.0,8x8,2,2,5.6168542039714e-10,0.9986068606376648,0.0013931314460933208,4648.425634762444,4524.365242532716,35244.93027496338,36020.501646881305,681.3505231503101
854,1,Case2,8x8_255,32.0,-60.0,8x8,2,2,1.756247236528452e-08,0.9999966621398926,3.3455510219937423e-06,6098.8301124615955,5964.18429386059,25458.642995357513,25345.08425828769,86.64578421824189
855,4,Case2,8x8_256,-25.0,-11.0,8x8,3,3,4.23113624757436e-15,2.547778654715671e-09,1.0,5480.099212185348,5620.325222339221,36806.3732881546,37109.761345085484,229.83284439369191
856,3,Case2,8x8_257,65.0,80.0,8x8,2,2,0.0020690658129751682,0.9979308843612671,1.89712509590656e-10,4269.205915701089,4214.013603525511,10520.336594581604,9845.52875805935,475.24125340315055
857,1,Case2,8x8_258,54.0,-18.0,8x8,2,2,1.4455786567779683e-10,0.9994296431541443,0.0005703705828636885,5688.509143935604,5547.446057610949,33984.2711391449,34440.89104881909,322.0892631403037
858,2,Case2,8x8_259,-6.0,38.0,8x8,3,3,1.7715439981939515e-14,7.74506361267413e-07,0.9999992847442627,5641.6804343735685,5390.538728419147,37137.36263179779,37384.40934974621,234.46489288119085
859,3,Case2,8x8_260,-50.0,68.0,8x8,2,2,0.07974168658256531,0.9202582836151123,1.9881099544427627e-10,6250.116898670553,5991.883230902467,15214.128116607666,14670.078270567388,383.99829852049834
860,1,Case2,8x8_261,-14.0,-28.0,8x8,3,3,1.6735289454277097e-15,1.050756814890974e-08,1.0,5648.7774726385815,5589.093331531504,35388.06613230705,36423.96209593429,837.6605702818555
861,3,Case2,8x8_262,-57.0,76.0,8x8,2,2,0.02580581046640873,0.9741942286491394,5.057286533993732e-11,5691.792864079667,5469.292128881763,13153.533916473389,11729.055752853172,1104.0517959771503
862,3,Case2,8x8_263,-24.0,2.0,8x8,3,3,1.4398353081373268e-15,3.536585913010981e-09,1.0,5276.674226366347,5190.062801322842,37902.03987503052,38053.66281044616,219.9443306368114
863,5,Case2,8x8_264,87.0,-65.0,8x8,1,1,0.9999415874481201,5.837047501699999e-05,1.4963971728398917e-10,4010.895157254301,3720.26483533424,10474.230427742004,9748.960357780064,490.66124171203285
864,5,Case2,8x8_265,-25.0,-84.0,8x8,2,2,5.716238593578282e-10,0.9999994039535522,5.600127792604326e-07,4629.189620661804,4777.855931764214,31386.048790097237,31978.826023797137,464.0380121699469
866,2,Case2,8x8_267,-33.0,-46.0,8x8,2,2,2.7723679352220643e-08,0.9999781847000122,2.1732228560722433e-05,6732.529557148156,6794.290772739031,22423.51983821392,22739.28269299135,246.65564012460868
867,3,Case2,8x8_268,-59.0,29.0,8x8,2,2,2.606213023170767e-08,0.9999994039535522,5.17823934842454e-07,6044.578385543198,5893.536692025447,27515.08880853653,27020.02741612115,335.95598294304335
868,2,Case2,8x8_269,-60.0,60.0,8x8,1,1,0.9977288842201233,0.002271092962473631,7.245121928615983e-13,6610.578452186133,6719.380374443493,12032.294342041016,12224.214547938955,176.5013865568789
869,2,Case2,8x8_270,10.0,76.0,8x8,2,2,8.660782507829978e-11,0.9997568726539612,0.0002431830216664821,4299.298116929787,4214.973676588183,36243.20582532883,37022.953876568456,510.2807318256279
871,2,Case2,8x8_272,72.0,69.0,8x8,1,1,0.9805256724357605,0.019474327564239502,3.360378988959134e-11,4330.872447159195,4044.796632514998,10101.263580322266,9527.669683607437,412.0109345160976
872,2,Case2,8x8_273,81.0,62.0,8x8,2,2,0.1661626249551773,0.8338374495506287,2.5079097132341133e-10,4766.9648837146815,4612.307122893895,11179.299845695496,10677.102243813282,387.26540128036993
873,3,Case2,8x8_274,30.0,-25.0,8x8,3,3,5.366532413765557e-14,2.052553099929355e-06,0.9999979734420776,6527.149269553911,6169.14309019459,30168.119362175465,29491.003272677302,452.2520698175305
874,2,Case2,8x8_275,80.0,-20.0,8x8,2,2,4.731594227536107e-09,0.9999264478683472,7.359324081335217e-05,4528.532751947774,4610.4289376619645,33893.871938705444,33644.28951714844,162.42562637958983
875,3,Case2,8x8_276,-88.0,70.0,8x8,1,1,0.9979756474494934,0.002024361863732338,4.812534815101799e-10,3401.720433890821,3164.6930679225834,9566.468822479248,8658.96404652739,605.0232830666671
876,4,Case2,8x8_277,57.0,88.0,8x8,2,2,2.31691992667038e-05,0.9999768733978271,1.5604366410126858e-10,5213.351500878976,5095.94659787087,13423.194843292236,13242.107827428583,194.84012291900544
877,5,Case2,8x8_278,18.0,78.0,8x8,2,2,1.5896611804677718e-10,0.9999983310699463,1.6176188637473388e-06,4565.332054262552,4646.904517441367,34721.76327060163,34765.01595251622,113.13948425150807
879,1,Case2,8x8_280,-31.0,-12.0,8x8,3,3,2.283406431736199e-15,5.206520015121896e-08,1.0,5751.872812914011,5534.066075994215,35815.21242046356,36431.23288753673,503.73420404725545
880,1,Case2,8x8_281,-72.0,-17.0,8x8,2,2,2.569508217309391e-10,0.9999215602874756,7.847185770515352e-05,4789.082424571645,4639.480172005937,35370.56253147125,36170.05136899318,645.2907688444166
881,3,Case2,8x8_282,25.0,-74.0,8x8,2,2,1.390476178642075e-09,0.9999998807907104,1.1435127333925266e-07,5041.103961943974,5016.4937974031545,31564.810569554567,31785.809151489157,260.30734362995423
883,3,Case2,8x8_284,16.0,16.0,8x8,3,3,5.54242880025169e-15,3.670101167418949e-10,1.0,14282.37729710516,5420.79257038857,40229.876121520996,36095.23395295505,4712.593007060773
885,2,Case2,8x8_286,40.0,-87.0,8x8,2,2,4.2213571305182995e-07,0.9999995231628418,5.108470535475362e-09,5152.53057311735,5163.343078701747,22247.276424646378,22115.281297911082,65.86254324596695
886,2,Case2,8x8_287,-77.0,22.0,8x8,2,2,5.584958051585431e-10,0.9999967813491821,3.2032255603553494e-06,4856.326455075598,4778.139490305045,33078.90349173546,34174.37792073002,790.5046284814493
887,4,Case2,8x8_288,37.0,70.0,8x8,2,2,9.022983249451499e-07,0.9999990463256836,2.451691738514228e-09,5759.037487415036,5563.85648174949,23266.55814179778,22515.684643409695,509.24846222281934
888,5,Case2,8x8_289,-9.0,44.0,8x8,3,3,1.1700070166181797e-13,0.00041611705091781914,0.999583899974823,5675.419555525276,5487.781179386353,36729.49585914612,37280.52499202062,577.8766162879551
889,5,Case2,8x8_290,20.0,-82.0,8x8,2,2,1.0317075666010922e-10,0.9999817609786987,1.8179263861384243e-05,4535.949590047011,4540.325864545916,33789.72718453407,34729.66567885139,779.7895177708765
890,1,Case2,8x8_291,26.0,5.0,8x8,3,3,9.676040638894505e-16,8.20921775002148e-10,1.0,5246.189607094539,5663.568852899618,37458.81169509888,38518.174322072984,798.2094971986387
891,4,Case2,8x8_292,71.0,-88.0,8x8,1,1,0.9992080330848694,0.0007919970666989684,1.9140024287711555e-10,3297.8781462083393,3226.5104326389874,9447.757047653198,9167.027125704131,169.8513582095816
893,4,Case2,8x8_294,-71.0,-57.0,8x8,1,2,0.3434521555900574,0.6565478444099426,1.06283905287885e-10,6041.466865374043,5695.456293270922,12955.695524215698,11215.199240716927,1253.647495068274
894,3,Case2,8x8_295,-84.0,-9.0,8x8,3,3,2.713916424923468e-09,0.4115293025970459,0.5884706974029541,3973.690619497436,3962.349680363019,35351.92303621769,35330.12160560109,160.80488335521943
895,2,Case2,8x8_296,-48.0,82.0,8x8,2,2,1.505106411059387e-05,0.9999849796295166,5.6441403634144294e-11,5381.798718111826,5228.49104615126,17230.481617450714,16730.204895000676,349.4256654722268
896,2,Case2,8x8_297,-13.0,-4.0,8x8,3,3,8.022978338813064e-15,5.5982829483269825e-11,1.0,4949.984425209532,4876.402007219306,37157.81136727333,37540.92282691056,393.02887603301645
897,4,Case2,8x8_298,-19.0,-23.0,8x8,3,3,1.1410740821465263e-14,5.0551247632313334e-09,1.0,5844.303638956683,5974.681989442089,34803.788177490234,35188.50574183107,308.53569003947644
898,3,Case2,8x8_299,5.0,-32.0,8x8,3,3,1.4094624007146821e-15,2.4896152694964258e-08,1.0,5571.272337672921,5341.035119901435,37272.414216041565,37634.41345332261,331.432718830096
900,3,Case3,6x4_001,65.0,19.0,6x4,2,2,1.5139974607336626e-07,0.9999984502792358,1.3563113725467701e-06,20279.923491437014,21044.83069679119,37422.625661849976,38208.009714758795,604.0950113645878
901,5,Case3,6x4_002,40.0,-51.0,6x4,1,1,0.999206006526947,0.0007940768264234066,3.524344011074376e-11,15556.61473956806,16725.061487761533,20674.34828186035,20699.68010751022,505.4340263657188
905,3,Case3,6x4_006,-15.0,-74.0,6x4,2,2,6.569340484929853e-07,0.9999992847442627,3.759908828726566e-09,20879.436434672043,22564.15241237829,39542.791172623634,40674.352510538425,885.1823246985861
906,3,Case3,6x4_007,51.0,-83.0,6x4,1,1,0.9999939203262329,7.622278808128158e-09,6.030975328030763e-06,11082.310852104845,10305.18339398213,16137.60920715332,13933.211348668345,1650.7877053090451
907,2,Case3,6x4_008,86.0,9.0,6x4,2,2,1.5441163014884296e-08,1.0,1.091766410610262e-08,21509.70463796609,22681.780901276587,40498.062683820724,41659.8982442709,830.9028812401954
908,2,Case3,6x4_009,-63.0,21.0,6x4,2,2,2.7548994694370776e-06,0.9999963045120239,9.870882422546856e-07,19251.815448846046,19989.81955865323,36124.77734565735,36379.98473531861,259.8562336729744
909,5,Case3,6x4_010,-74.0,83.0,6x4,1,1,1.0,1.0500871283625202e-09,1.6131744828840056e-09,6481.632761335873,6119.304670001915,9516.103061676025,8676.785011462267,563.1523614490761
910,5,Case3,6x4_011,-39.0,-9.0,6x4,2,3,2.979852198325972e-10,0.0014563286677002907,0.9985437393188477,20502.16122153169,22442.773220629533,39593.43251514435,40505.58863831723,860.1410556023761
911,5,Case3,6x4_012,-56.0,9.0,6x4,2,2,4.867836800315217e-09,0.9999992847442627,7.646870585631405e-07,21551.135354916772,22260.39851939422,40781.320182561874,40854.05459184049,138.28440232526512
912,3,Case3,6x4_013,61.0,33.0,6x4,2,2,0.10004007816314697,0.8999598026275635,1.8655413214219152e-07,16557.71990006798,17915.69891246603,27247.412559509277,27609.752492979205,358.70218380988155
913,5,Case3,6x4_014,19.0,79.0,6x4,2,2,2.514227844585548e-06,0.9999974966049194,3.617795840682447e-08,20720.16069294209,21838.047751877137,37970.81121481955,39463.30001404289,1067.5222631123386
914,4,Case3,6x4_015,35.0,60.0,6x4,2,2,0.23098327219486237,0.769016683101654,3.0927107541600662e-09,16265.619753031,16800.214647218396,25641.560913085938,26566.287991241337,682.9709548826396
915,1,Case3,6x4_016,75.0,-61.0,6x4,1,1,1.0,5.163165539556758e-08,7.878421803830804e-10,9627.785438115676,10279.449658904108,12290.33390045166,12662.541899316902,275.6293163019966
918,2,Case3,6x4_019,-79.0,29.0,6x4,2,2,8.408449502894655e-06,0.9999915361404419,4.425854349676683e-09,18070.251752433138,18687.33190980603,32345.939556121826,32773.183506287074,367.17983283911553
919,1,Case3,6x4_020,-2.0,48.0,6x4,2,2,1.7820775610744022e-06,0.9999973773956299,8.68672600518039e-07,22366.159931756138,22840.704644890215,41520.1307888031,42313.95614975765,598.7484356708129
920,2,Case3,6x4_021,-49.0,-67.0,6x4,1,1,0.9999910593032837,8.894617167243268e-06,1.7521575824356456e-13,13319.084810233135,13126.332453478753,16955.240280151367,16776.478128924377,387.6573922028227
921,4,Case3,6x4_022,43.0,-33.0,6x4,1,1,0.598311185836792,0.40168333053588867,5.437545041786507e-06,15889.038536401165,16457.704823152035,24354.474700927734,25823.055361789277,1090.155927012557
922,2,Case3,6x4_023,62.0,-67.0,6x4,1,1,1.0,2.7890332265911866e-09,2.8136028934217655e-15,10932.381073716295,10651.286580789734,12634.481971740723,12180.025789641957,300.0888326925902
923,1,Case3,6x4_024,30.0,75.0,6x4,2,2,0.025302642956376076,0.9746059775352478,9.143359056906775e-05,17977.90860553779,18044.758354782418,31549.048610687256,31212.836608852194,251.97498173777143
925,2,Case3,6x4_026,-81.0,73.0,6x4,1,1,1.0,1.9510619508888993e-10,2.7563016227597804e-14,6744.9138728114285,7305.230667445958,9710.667488098145,9498.907079277533,214.58318683713244
929,3,Case3,6x4_030,15.0,-12.0,6x4,3,3,4.300194315215444e-12,1.3977128219266888e-06,0.9999985694885254,17744.380938128746,18072.55481046985,40376.06671333313,40659.98282830763,582.7529374673542
930,2,Case3,6x4_031,-55.0,-62.0,6x4,1,1,0.9999984502792358,1.4938345884729642e-06,7.39798847182449e-14,12596.629945386905,13026.356826913927,14665.389587402344,14739.455277211786,64.822083643187
931,5,Case3,6x4_032,-19.0,-7.0,6x4,3,3,1.236589904909588e-13,5.909900901990284e-10,1.0,18265.84956987515,19562.863864658684,40714.15295505524,40878.48312128139,431.1037478005719
933,4,Case3,6x4_034,-43.0,-15.0,6x4,2,2,2.4873623161170144e-08,0.974277138710022,0.025722835212945938,20219.92060986161,21468.9283485063,37196.032636642456,38775.87760438735,1168.0416751951134
934,1,Case3,6x4_035,70.0,81.0,6x4,1,1,1.0,8.64256488597448e-09,8.049209077043429e-10,7269.449927975162,6961.433480862297,10163.050888061523,9552.281972203447,410.06095596175305
935,3,Case3,6x4_036,8.0,25.0,6x4,3,3,8.713912404145763e-12,0.00010643312998581678,0.9998935461044312,19590.312251762076,21079.58998404732,40633.60528373718,40553.27300213439,368.2493695527581
936,4,Case3,6x4_037,-85.0,67.0,6x4,1,1,1.0,8.751860902656006e-10,3.4282148231312704e-09,7437.374438342424,8294.751076678396,10538.78508758545,10580.084945874936,175.2873349378432
937,4,Case3,6x4_038,-56.0,52.0,6x4,1,1,0.9999731779098511,2.6772677301778458e-05,6.797059443064413e-12,13793.36665248805,14483.795355093242,15560.548538208008,16368.989147344944,576.1472338188239
938,5,Case3,6x4_039,64.0,42.0,6x4,1,1,0.993990957736969,0.0060090189799666405,1.864764592740542e-11,15236.895707091195,15722.886251992557,21607.415046691895,21189.337363639675,292.39389406284533
941,4,Case3,6x4_042,84.0,51.0,6x4,1,1,0.9999988079071045,1.2005729104203056e-06,1.308069347283336e-10,11029.187226315635,11464.706016630578,16071.617630004883,15483.621955743023,369.89364706317264
942,1,Case3,6x4_043,79.0,-71.0,6x4,1,1,1.0,2.0042305592937737e-09,4.410165010959588e-10,7265.906238969385,7498.544690247273,10107.807083129883,10124.082889378331,131.5548255608361
944,3,Case3,6x4_045,-18.0,-35.0,6x4,2,2,0.00010286130418535322,0.8975403904914856,0.10235679894685745,20742.239262719024,20235.503250497426,35693.89655685425,35549.62375498195,150.0858079517476
945,1,Case3,6x4_046,-76.0,-77.0,6x4,1,1,1.0,1.0490466273438415e-08,1.0349315848756646e-09,6801.598728565306,6529.360604905036,9700.97885131836,9109.964474917364,397.03721853277995
946,1,Case3,6x4_047,42.0,27.0,6x4,2,2,0.00012925414193887264,0.9995667338371277,0.0003039542934857309,16670.4063688223,17591.8024993598,28720.93271636963,30246.33821583121,1145.635962367205
947,3,Case3,6x4_048,1.0,71.0,6x4,2,2,1.6871825891939807e-07,0.9999998807907104,3.584440244619458e-10,22351.737191512922,22482.01638382602,42091.08841216564,42594.03908571248,413.1251699510904
948,4,Case3,6x4_049,-37.0,22.0,6x4,2,2,4.422450388119614e-07,0.9703803062438965,0.029619215056300163,18986.188840685034,19664.4879603583,32748.98812675476,34683.038851579506,1438.3344896146807
949,4,Case3,6x4_050,-16.0,44.0,6x4,2,2,3.791924973484129e-05,0.9999610185623169,1.007719902190729e-06,20112.13068030207,21190.441585604178,36874.16790390015,37584.34577036298,635.4521465813154
950,2,Case3,6x4_051,28.0,57.0,6x4,2,2,0.0035741161555051804,0.9964259266853333,9.507756804083556e-10,17702.527798828363,18352.73595468224,30388.947158813477,31646.787133914342,855.5848688833593
951,3,Case3,6x4_052,-79.0,34.0,6x4,2,2,0.06458161771297455,0.9354183077812195,8.438363785501224e-09,16829.45536165559,17146.718458555646,28983.418991088867,28710.187004620744,184.07135771559493
952,2,Case3,6x4_053,3.0,87.0,6x4,2,2,1.7815333208659467e-08,1.0,8.328555900494194e-11,22220.532735999415,18013.9914994921,41105.154223680496,42199.26998546975,676.3459306632567
953,5,Case3,6x4_054,-17.0,-44.0,6x4,2,2,0.0002941924030892551,0.9957096576690674,0.003996175713837147,20540.564821381304,20917.9197541888,36245.92529678345,37067.081288332374,652.8259748797643
954,3,Case3,6x4_055,44.0,-49.0,6x4,1,1,0.9998316764831543,0.00016830768436193466,1.5584518051059426e-11,15997.367575066146,16428.611515228928,19112.665100097656,19050.104652834394,96.88365565623418
955,5,Case3,6x4_056,67.0,-19.0,6x4,2,2,3.346280550431402e-07,0.9999996423721313,1.1394024390654067e-08,20247.081969890616,20440.776618287706,37567.611417770386,37666.74231352626,132.77730455083298
956,4,Case3,6x4_057,2.0,74.0,6x4,2,2,3.669293135999396e-08,1.0,5.984300277539489e-10,22307.3810493151,23464.91394163366,41904.277087807655,43275.35631666289,953.0209585872997
957,3,Case3,6x4_058,82.0,19.0,6x4,2,2,5.105641776026459e-07,0.9999995231628418,1.2630088086496016e-08,19825.92013785666,21589.48941254535,37835.0983479023,39111.10104105568,964.3591029076704
958,4,Case3,6x4_059,14.0,3.0,6x4,3,3,8.250583376223641e-12,4.3450754674267955e-06,0.9999957084655762,17907.041420745703,19720.763776701424,40131.24034371122,40081.150636845,414.548858415431
959,2,Case3,6x4_060,44.0,-84.0,6x4,1,1,0.9999961853027344,3.858956915792078e-06,2.1814916816324456e-14,11896.605474082471,13125.63968421404,20217.372261047363,19521.95074262401,729.1907351075545
960,2,Case3,6x4_061,0.0,-52.0,6x4,2,2,0.00022882298799231648,0.9947417974472046,0.005029331427067518,22402.342271727717,22370.366721049046,41842.07814741135,42031.02082280486,126.6326149784373
961,3,Case3,6x4_062,33.0,26.0,6x4,2,2,6.642741482210113e-06,0.9911887645721436,0.00880459789186716,17685.15756520484,18825.696855552782,30842.858379364014,31999.597920361666,899.8346157890855
962,3,Case3,6x4_063,-75.0,38.0,6x4,2,1,0.8939760327339172,0.10602395981550217,2.945209187643627e-09,16012.548531386854,15962.530597874033,25902.093643188477,25301.299716073474,312.4007753555747
963,3,Case3,6x4_064,-20.0,55.0,6x4,2,2,4.704345701611601e-05,0.9999529123306274,1.7195630475086432e-09,19359.54785727134,19778.968981031918,35809.98430252075,36054.00479694106,325.9682903643981
964,5,Case3,6x4_065,72.0,31.0,6x4,2,2,0.00042794091859832406,0.9995719790458679,3.4368952128716046e-08,17499.697679404366,17488.58422402433,30475.296558380127,30398.53130252864,93.79684075716075
966,4,Case3,6x4_067,-83.0,68.0,6x4,1,1,1.0,6.868000057558277e-10,2.564741086175104e-09,7387.256006503648,8097.203049376915,10400.089736938477,10351.892698685235,162.17326082714033
967,4,Case3,6x4_068,-26.0,-1.0,6x4,3,3,3.462890391103812e-11,0.0005320851923897862,0.9994679093360901,19306.640859573567,20449.048207269916,41091.133419036865,41758.97263065889,655.0887381310546
968,5,Case3,6x4_069,-36.0,57.0,6x4,1,1,0.8884349465370178,0.11156507581472397,8.112598787191061e-11,15982.069252168067,16600.650428222587,24265.466011047363,24191.992013377276,533.0696376183008
969,1,Case3,6x4_070,-89.0,-51.0,6x4,1,1,0.9999349117279053,6.513199332403019e-05,5.626118682044989e-09,10878.994333085067,11602.479092221387,16122.313507080078,16770.87911997921,433.94869826000115
970,2,Case3,6x4_071,-45.0,-29.0,6x4,2,2,0.0051807016134262085,0.9947123527526855,0.00010695780656533316,16257.495189212224,17716.56074729462,27310.43235015869,29121.181059179104,1261.805216165369
971,4,Case3,6x4_072,-29.0,13.0,6x4,3,3,1.1904555119457427e-10,0.000726478174328804,0.9992734789848328,20882.91104651696,21101.65027908641,38875.468366622925,40338.29371322148,1180.530759108882
972,4,Case3,6x4_073,-22.0,46.0,6x4,2,2,0.0009199720807373524,0.9990799427032471,1.8425900805141282e-08,18371.96950636458,18991.927467895443,33080.89477157593,32766.348197315136,430.5045595477363
973,4,Case3,6x4_074,-1.0,-8.0,6x4,3,3,1.1047883961834426e-11,3.3037563298421446e-06,0.9999966621398926,16633.331228700798,19697.411283675847,38464.0998326838,39944.433637755865,1390.6015889023793
974,5,Case3,6x4_075,-22.0,82.0,6x4,2,2,2.271738821946201e-06,0.9999977350234985,4.984131773966283e-09,19756.321916457244,21356.595504113535,36566.12572145462,38157.14552576129,1139.8059679382638
975,4,Case3,6x4_076,50.0,5.0,6x4,2,2,2.8994471268362076e-09,0.9044031500816345,0.09559682756662369,21956.812747095355,22632.47889145917,41202.041227817535,41315.7171420883,201.3350291598261
978,4,Case3,6x4_079,-67.0,39.0,6x4,1,2,0.2610895335674286,0.738910436630249,2.7671427371700474e-09,15675.124287693527,15608.110767589393,24091.010040283203,23780.24433866349,148.2284192397867
979,4,Case3,6x4_080,-53.0,-64.0,6x4,1,1,0.9999998807907104,1.6871874208845838e-07,2.7438112545907778e-11,13188.68719536989,13041.52582260459,15239.640075683594,14978.311126713783,268.8223857829491
980,2,Case3,6x4_081,-38.0,-72.0,6x4,1,1,0.9875074028968811,0.012492571026086807,1.6689103224387658e-11,16101.966755035071,15583.42371212221,25615.441818237305,25348.93507033949,204.7027692505408
981,1,Case3,6x4_082,85.0,48.0,6x4,1,1,0.9997053742408752,0.0002946280292235315,1.9541821494328815e-09,11681.724205184206,11985.350751597876,17705.572463989258,17743.903004171505,176.4501199222506
982,5,Case3,6x4_083,-12.0,85.0,6x4,2,2,1.1649738240748775e-07,0.9999998807907104,6.347319336796886e-10,21318.504605026796,21348.710467459365,40094.91276025772,40911.89277306126,542.007910572857
983,4,Case3,6x4_084,77.0,-48.0,6x4,1,1,0.9996411800384521,0.00035883820964954793,1.3520537467393012e-10,12369.496645623376,13793.00381176675,17667.234535217285,18865.81449168235,802.9446825948073
984,1,Case3,6x4_085,45.0,75.0,6x4,1,1,0.9999933242797852,5.546616193896625e-06,1.0213960877081263e-06,12709.042168351167,12897.717722414303,19410.427352905273,18640.023442754497,831.8051322264544
985,2,Case3,6x4_086,-41.0,-54.0,6x4,1,1,0.9996708631515503,0.0003291464236099273,1.7528073176925618e-12,15448.245617651613,15959.225942334873,20476.673141479492,21130.892451026466,417.7153787357156
986,1,Case3,6x4_087,-38.0,89.0,6x4,1,2,0.307566374540329,0.6027606129646301,0.0896729975938797,16215.94096466197,14693.302045363922,26707.4246673584,23068.52440574023,2479.6855365630295
988,3,Case3,6x4_089,18.0,-35.0,6x4,2,2,0.00014692888362333179,0.9236004948616028,0.07625261694192886,20031.033295417208,20141.0754898107,35728.64016342163,35942.02069802393,238.76794212667866
989,4,Case3,6x4_090,-65.0,24.0,6x4,2,2,9.676701893113204e-07,0.999998927116394,9.248569199371559e-08,18567.623358161043,19951.0029881342,34478.24237060547,35459.43472829348,730.3611700025554
990,5,Case3,6x4_091,11.0,36.0,6x4,3,2,4.0911381802288815e-06,0.9875029921531677,0.012492883019149303,20529.061392558167,21867.897096556604,39056.2629776001,39118.83622897618,198.91724258180483
991,3,Case3,6x4_092,-38.0,-40.0,6x4,1,1,0.9111934304237366,0.08880661427974701,3.0301556819267716e-08,16184.331037269763,16869.56040018094,22498.24920654297,21286.584125712983,1062.9988973088218
992,4,Case3,6x4_093,-70.0,-78.0,6x4,1,1,1.0,7.511755661937514e-09,1.0898896896094357e-08,7602.417950602328,7026.756972636852,10353.585884094238,9497.13386911914,537.7784995111585
993,3,Case3,6x4_094,73.0,-55.0,6x4,1,1,0.9999997615814209,2.7127475732413586e-07,8.369172542488368e-12,11154.074047091275,12193.028606029486,14274.26976776123,14129.613780028969,308.38954962909537
994,3,Case3,6x4_095,68.0,-30.0,6x4,2,2,0.18864136934280396,0.8113585114479065,1.7032917298820394e-07,17598.910685998562,18094.46589739699,30702.8660736084,30775.501682281,136.98412148201052
995,5,Case3,6x4_096,84.0,-52.0,6x4,1,1,0.9999998807907104,1.4110710822023975e-07,6.718468004152101e-10,10698.233320148027,11112.689271694622,15612.355102539062,15093.251804216738,374.4157625623535
1000,3,Case3,6x4_101,48.0,15.0,6x4,2,2,2.4140957677332153e-08,0.9932293891906738,0.006770594045519829,20891.245745716828,20328.79614451508,37662.19671821594,38276.690540737676,509.87262298436895
1002,1,Case3,6x4_103,66.0,14.0,6x4,2,2,4.341611514746546e-09,0.9999998807907104,7.386699962808052e-08,21532.906827779134,21039.8560194721,39705.77760577202,39531.1988316494,148.95823481540694
1003,2,Case3,6x4_104,83.0,3.0,6x4,2,2,7.2518848703850836e-09,1.0,2.6252179097241424e-08,22607.115395730732,22905.04463737746,41168.72165155411,42668.733184960045,1041.9408474441318
1004,1,Case3,6x4_105,89.0,-77.0,6x4,1,1,1.0,1.264971238867929e-09,7.800519119527394e-10,5746.904316018119,6010.329537096403,8960.64404296875,8896.705786693416,103.16291186445834
1005,1,Case3,6x4_106,-12.0,43.0,6x4,2,2,6.039082109055016e-06,0.999970555305481,2.3366632376564667e-05,21143.621819788485,22056.310017691743,38799.57304954529,39979.193436517875,948.0296686734165
1010,2,Case3,6x4_111,7.0,87.0,6x4,2,2,3.1538988309876004e-08,1.0,7.403318930121472e-11,22731.6621763032,18687.657555548198,40832.36160326004,42020.12755369881,751.4749274995036
1011,5,Case3,6x4_112,21.0,-8.0,6x4,3,3,2.600844886679887e-13,1.7591285095264197e-09,1.0,18946.00444524986,19359.281892950552,40701.92778015137,40708.83967602856,372.71322225557464
1012,5,Case3,6x4_113,35.0,-2.0,6x4,3,3,1.346007159896967e-11,1.8760083548841067e-05,0.9999812841415405,21540.828092740405,21813.804428276668,40853.06104373932,40857.43613272271,211.68416732877577
1013,2,Case3,6x4_114,-35.0,-78.0,6x4,2,1,0.7292144894599915,0.27078545093536377,8.59221860327608e-11,16457.21199092562,16442.179092065995,28300.54103088379,28010.009665594855,203.18598063788696
1014,3,Case3,6x4_115,22.0,74.0,6x4,2,2,1.5288154827430844e-05,0.9999847412109375,1.0891104906818327e-08,19993.581323305487,20853.463534645674,36448.19676589966,37661.79640444013,934.1970953375603
1015,1,Case3,6x4_116,12.0,-85.0,6x4,2,2,2.4830233869010954e-08,1.0,3.391593494939116e-08,21298.765641703387,22014.58159392129,40110.06309199333,41320.23451591062,795.2644377495096
1016,3,Case3,6x4_117,-87.0,33.0,6x4,2,2,0.008242192678153515,0.9917578101158142,7.505708943256195e-09,16676.73551302453,17050.52562416529,29941.16683959961,29420.711720138843,320.65736431711645
1017,4,Case3,6x4_118,54.0,-88.0,6x4,1,1,0.9999686479568481,3.663071623805081e-09,3.129939068458043e-05,10226.84260858503,9849.126040124149,14693.859146118164,13511.83992510806,858.0334141305054
1018,4,Case3,6x4_119,31.0,-10.0,6x4,3,3,2.0840008538303145e-11,0.00016754900570958853,0.9998323917388916,21158.14945828343,21701.174794684488,39606.68015098572,41095.29295499171,1218.7873532190615
1019,2,Case3,6x4_120,-58.0,-26.0,6x4,2,2,0.0007219054386951029,0.9989386200904846,0.0003395122766960412,18123.611622573513,18766.31911907469,31961.63512802124,32538.928891973414,414.79709559345036
1021,2,Case3,6x4_122,20.0,-73.0,6x4,2,2,4.4776393224310596e-06,0.9999954700469971,4.126809657889474e-11,20533.187549933256,22055.79756538026,37463.032448768616,39684.676957498654,1616.88278438865
1022,5,Case3,6x4_123,76.0,4.0,6x4,2,2,2.4721344971112558e-09,1.0,3.1677573897326283e-09,22005.424993925648,22807.003141080582,41557.93491703272,42261.45095843944,480.0923888036468
1024,4,Case3,6x4_125,-3.0,72.0,6x4,2,2,7.999932449820335e-08,0.9999998807907104,7.021742076673831e-10,22291.73227272642,23303.475149272195,41964.81791947037,42898.799355728916,658.9168584992701
1025,4,Case3,6x4_126,-8.0,18.0,6x4,3,3,1.0565648182747633e-11,2.9116297810105607e-05,0.9999709129333496,17936.599686716796,19849.160783523945,40233.79939508438,41539.03124058293,915.0415100046555
1026,5,Case3,6x4_127,-66.0,77.0,6x4,1,1,1.0,2.1717614373528704e-09,2.322404046850579e-09,8438.8519584146,7902.880103971924,11102.557975769043,10092.038552350416,630.228243896801
1027,3,Case3,6x4_128,59.0,-70.0,6x4,1,1,1.0,7.082760600241045e-09,1.2643097679898574e-10,10901.946422125704,10387.678143804105,13090.227416992188,12260.348825272444,534.2176918661984
1028,3,Case3,6x4_129,24.0,11.0,6x4,3,3,4.311869871570506e-12,1.370137124467874e-05,0.9999862909317017,19215.557040940086,19965.88569121992,40062.92600822449,41011.76807515372,936.9708318510606
1030,4,Case3,6x4_131,41.0,53.0,6x4,1,1,0.9991317391395569,0.0008682846091687679,2.3030483770059007e-11,15463.574186148373,16103.7591164812,20357.25357055664,20566.631262748804,594.7039952621159
1031,2,Case3,6x4_132,38.0,35.0,6x4,1,2,0.16083113849163055,0.8391665816307068,2.278690317325527e-06,15853.528947769119,15887.458051613601,24144.331840515137,23924.11310443082,244.71881098625545
1032,2,Case3,6x4_133,-21.0,37.0,6x4,2,2,0.0002675361465662718,0.9988025426864624,0.0009299174416810274,18858.637339791876,19275.388590969404,33570.67789268494,33387.681221913146,228.4745284204016
1033,1,Case3,6x4_134,-56.0,37.0,6x4,1,1,0.875560462474823,0.12443955987691879,6.894009807467683e-10,15613.98066548602,15773.802035534243,23229.713844299316,22962.424960806573,171.5368338580782
1034,1,Case3,6x4_135,39.0,-76.0,6x4,1,1,0.9962051510810852,0.0024752365425229073,0.0013195903738960624,15970.020756198352,14392.555252244816,25436.251846313477,23436.332086323353,1289.6514517120202
1035,4,Case3,6x4_136,8.0,-68.0,6x4,2,2,1.8724158508121036e-06,0.9999980926513672,1.6889227794081307e-09,21942.21733271239,23162.43157686495,41499.52680230141,42012.3584998335,410.45539755578716
1036,2,Case3,6x4_137,68.0,53.0,6x4,1,1,0.9999924898147583,7.497296792280395e-06,3.91110416080552e-14,12350.068907289819,13044.50022317846,15050.175346374512,15261.308188321469,376.55414371672646
1037,2,Case3,6x4_138,-28.0,-75.0,6x4,2,2,0.0014701720792800188,0.9985297918319702,1.8390640399434943e-10,17983.163256646327,19033.554810796566,32856.86795043945,33495.96315649199,512.1853713915355
1039,4,Case3,6x4_140,1.0,-3.0,6x4,3,3,1.468245143521063e-11,1.7049814005076769e-06,0.9999983310699463,16479.08891848038,19524.622991937325,37629.38040417433,38219.291914319045,506.4918395247333
1043,5,Case3,6x4_144,-86.0,-39.0,6x4,1,2,0.3631134629249573,0.6368852257728577,1.3145983075446566e-06,15821.081223506479,15238.408381638372,25898.06160736084,25127.189193457438,345.156108663165
1044,1,Case3,6x4_145,29.0,32.0,6x4,2,2,0.0016610936727374792,0.9980535507202148,0.000285427930066362,17417.389883857024,17161.582650103897,29619.676483154297,29075.943076231924,446.488112615554
1047,5,Case3,6x4_148,46.0,-62.0,6x4,1,1,0.9999878406524658,1.2149439498898573e-05,5.042731857085592e-11,15172.3322432431,14677.641320601391,19241.628692626953,17742.90748964284,1032.0608604484594
1048,2,Case3,6x4_149,24.0,-59.0,6x4,2,2,0.04055890813469887,0.959441065788269,1.147792350053578e-08,18997.599674229477,19062.571791420945,33744.0302734375,34313.96610504721,434.77698624859613
1049,2,Case3,6x4_150,15.0,-47.0,6x4,2,2,0.0015214792219921947,0.9983583092689514,0.00012015448737656698,20405.900384903987,20610.950185617352,37694.778911590576,38238.243199727134,380.4214568541125
1050,1,Case3,6x4_151,-66.0,-82.0,6x4,1,1,1.0,3.889986999183748e-08,4.966788580418324e-08,7884.62066735183,7416.7539514213395,10878.75968170166,10149.702508922244,466.76500524971215
1051,3,Case3,6x4_152,-23.0,-66.0,6x4,2,2,0.004449295345693827,0.9955505132675171,1.5729121116692113e-07,19588.66220643706,19780.59779363148,35302.369079589844,35508.42506201382,145.5044658857014
1052,5,Case3,6x4_153,50.0,-62.0,6x4,1,1,0.9999988079071045,1.1505600241434877e-06,1.9939197862250957e-11,14290.840122513191,13717.099667741555,16503.672134399414,15511.253258930094,906.2172170445232
1053,2,Case3,6x4_154,-65.0,-65.0,6x4,1,1,1.0,5.0783693694711474e-08,2.688552031286824e-14,10694.434718737653,10594.063728454179,12363.599197387695,12077.946459668095,267.4192576956974
1054,4,Case3,6x4_155,11.0,-32.0,6x4,3,2,9.77788729983331e-08,0.6213808655738831,0.378618985414505,21032.456055075923,21548.09752818805,39333.652030944824,39431.06582463379,247.05675371510176
1055,5,Case3,6x4_156,70.0,-86.0,6x4,1,1,1.0,3.3347125061311544e-10,3.793153791065151e-09,6923.025836043321,6578.130116132802,9991.3129196167,9255.22212694546,478.97128303601954
1056,3,Case3,6x4_157,78.0,-26.0,6x4,2,2,0.00023689892259426415,0.9997630715370178,2.0501518704918453e-08,18668.95348620785,19836.730271487446,34175.028535842896,34578.97638194931,340.76351814852154
1057,4,Case3,6x4_158,17.0,-43.0,6x4,2,2,0.0002456418005749583,0.9993247985839844,0.0004295716353226453,19849.177278895735,20747.099970324412,36207.13248252869,36562.22267547282,310.97596174484187
1059,4,Case3,6x4_160,47.0,-13.0,6x4,2,2,2.5025862271377264e-08,0.9722855091094971,0.027714448049664497,20684.774715667143,21713.662431086042,38554.691517829895,39249.22356883975,553.3826931171775
1060,3,Case3,6x4_161,-43.0,-45.0,6x4,1,1,0.9988452196121216,0.0011548013426363468,1.1285661988269524e-10,15156.201961397343,16829.699859266726,19133.940338134766,19002.78043773582,622.3871102037525
1062,1,Case3,6x4_163,-84.0,28.0,6x4,2,2,2.195210129229963e-07,0.9999997615814209,4.732281788655257e-10,18266.868850108156,18681.34152023304,33120.64805984497,33729.3037197229,476.2339103692335
1064,4,Case3,6x4_165,-5.0,10.0,6x4,3,3,2.4731371464636887e-11,1.5069275832502171e-05,0.9999849796295166,16950.112781421787,19384.590548687098,39262.59055125713,40518.89319149744,1066.159427821316
1065,3,Case3,6x4_166,-61.0,-3.0,6x4,2,2,8.980775567657417e-10,0.9999829530715942,1.707194678601809e-05,22146.754272526483,23233.305452406104,41999.85085952282,42667.22729613329,558.3080698921594
1066,5,Case3,6x4_167,-4.0,-6.0,6x4,3,3,8.298114121839048e-14,6.310306444046176e-11,1.0,16754.90672422311,19086.294273692605,38295.836345911026,39500.33108132698,1101.0782955106918
1067,5,Case3,6x4_168,-5.0,-1.0,6x4,3,3,6.989845985003185e-14,5.064364899665108e-11,1.0,17139.61928521297,19069.862775196452,37908.13997143507,39497.386403608914,1259.0069047894788
1068,5,Case3,6x4_169,58.0,-70.0,6x4,1,1,1.0,4.212652005008977e-09,1.9364879144667668e-10,11099.265634864609,10759.92749602061,13372.781242370605,12866.440638605687,346.6323120577618
1070,1,Case3,6x4_171,-6.0,-18.0,6x4,3,3,1.3159782508501139e-12,8.798968337941915e-06,0.9999911785125732,17540.320712343866,20339.77460596967,40203.499713897705,42007.10282556918,1314.1189810565286
1072,4,Case3,6x4_173,82.0,-55.0,6x4,1,1,1.0,5.484923804033315e-08,1.4956257066156553e-10,10106.262755440353,11170.75348198884,14243.19287109375,14086.331091198712,155.22778916520943
1073,5,Case3,6x4_174,-76.0,51.0,6x4,1,1,0.9999552965164185,4.4751523091690615e-05,3.153392477694972e-11,11688.244810745935,13551.47327260088,16035.628219604492,16139.305173301203,403.18470665067196
1074,1,Case3,6x4_175,-73.0,85.0,6x4,1,1,1.0,1.391035953091091e-09,1.1684042622306379e-09,6493.408798879067,5982.744618484712,9566.293472290039,8846.484950922328,491.7371326453349
1075,1,Case3,6x4_176,-36.0,30.0,6x4,2,2,0.006205660756677389,0.9937356114387512,5.8742160035762936e-05,16861.418796414117,16798.931143241705,27426.308544158936,28093.33979818889,483.88114736204926
1076,5,Case3,6x4_177,25.0,-81.0,6x4,2,2,1.4542235476255883e-05,0.9999839067459106,1.5490518308070023e-06,19231.55483406084,20258.40465949804,34969.16928100586,36303.59656024102,898.2312006164481
1077,3,Case3,6x4_178,27.0,63.0,6x4,2,2,0.0010449258843436837,0.9989550113677979,1.2589636000370774e-08,18268.280616398955,18658.805768746235,32240.031280517578,32407.74380229058,260.29333729051694
1078,4,Case3,6x4_179,73.0,-44.0,6x4,1,1,0.9774554967880249,0.02254454232752323,7.556801850938655e-10,15100.34955432096,15056.44766620913,21838.350715637207,21658.31989570694,90.00974437180969
1079,2,Case3,6x4_180,-14.0,88.0,6x4,2,2,1.5008802733973425e-07,0.9999998807907104,2.7598616100799056e-11,20981.1283021967,20271.161005076352,39556.224086523056,40748.75969252129,817.1093123501458
1080,2,Case3,6x4_181,88.0,45.0,6x4,1,1,0.9990500807762146,0.0009499286534264684,6.134787122746843e-12,12618.453308520386,12579.678086187152,19524.275802612305,20141.773661806994,436.8611899664815
1081,3,Case3,6x4_182,-14.0,42.0,6x4,2,2,2.3069411327014677e-05,0.9990381002426147,0.0009388105827383697,20685.679771739804,21745.537887481645,37819.16490936279,39005.28860402789,971.9372367257373
1083,1,Case3,6x4_184,83.0,43.0,6x4,1,1,0.9818341135978699,0.018165871500968933,2.9049094241173634e-09,12057.478693098097,13631.30033501656,20777.539070129395,21383.16558005839,419.11668044811006
1084,2,Case3,6x4_185,-18.0,49.0,6x4,2,2,7.369407830992714e-05,0.9999262094497681,6.674579822174564e-08,20106.6583107552,20645.10526243672,36214.44086456299,37306.77794768263,803.8735533269538
1085,3,Case3,6x4_186,-54.0,1.0,6x4,2,2,7.486120612298919e-10,0.9983838796615601,0.001616072840988636,22192.93997980658,23245.87230186849,41827.7437735945,42787.125809188794,819.3682211340927
1086,3,Case3,6x4_187,-47.0,-37.0,6x4,1,1,0.8185568451881409,0.18144303560256958,8.156535358239125e-08,15469.306103976014,16939.059702591185,21882.617919921875,22261.062659303323,301.2615556107086
1087,3,Case3,6x4_188,-40.0,56.0,6x4,1,1,0.9986650943756104,0.0013348744250833988,5.5436630980176815e-11,15505.556137508522,16389.817393184007,21403.67987060547,20742.026268995123,715.1072921661616
1089,3,Case3,6x4_190,-80.0,40.0,6x4,2,1,0.9549696445465088,0.045030321925878525,2.166627321997794e-09,15660.035271325043,15210.8291626677,25004.57660675049,24141.53854716128,444.751489088891
1090,2,Case3,6x4_191,-75.0,6.0,6x4,2,2,1.6098741895120838e-08,1.0,3.8260861146000025e-08,21882.010175929852,23676.530138940198,41441.21379196644,42617.45847435412,884.3625394788141
1091,5,Case3,6x4_192,89.0,-86.0,6x4,1,1,1.0,3.928816716403105e-10,5.544336101337421e-10,4974.456344214698,4992.885861024684,8324.810726165771,7958.986317168418,253.37260426763325
1092,2,Case3,6x4_193,48.0,41.0,6x4,1,1,0.9973614811897278,0.002638544188812375,6.161904320123313e-11,15500.57236990941,15994.740339182237,19973.023391723633,20204.98328381268,285.5125710933923
1093,2,Case3,6x4_194,-11.0,-16.0,6x4,3,3,4.3596328803963136e-12,1.0034399338110234e-06,0.9999990463256836,18009.31869637085,19396.187414251868,40202.231090545654,41479.59957819663,947.8377242544711
1094,1,Case3,6x4_195,12.0,71.0,6x4,2,2,1.5437681213370524e-06,0.9999984502792358,1.3359312545091484e-09,21377.041338223076,22059.316556549307,40525.23951153457,40543.01613862229,103.35039116068204
1095,4,Case3,6x4_196,-32.0,84.0,6x4,2,2,0.21589712798595428,0.7837463021278381,0.00035658988053910434,17440.041142761896,18547.625764844597,30635.0838432312,31723.180670929745,844.9274757086451
1096,5,Case3,6x4_197,-80.0,-38.0,6x4,1,2,0.19091197848320007,0.809087336063385,6.409097750292858e-07,16056.639305761139,15955.461364101182,26291.074905395508,26163.069602712614,124.46894441539094
1097,5,Case3,6x4_198,-82.0,-53.0,6x4,1,1,0.9999992847442627,6.910460683684505e-07,1.1962435486623235e-09,10604.521694320127,11246.205331236679,15126.537368774414,14724.116152845754,339.3974884671125
1099,4,Case3,6x4_200,88.0,-42.0,6x4,1,2,0.43248018622398376,0.5675197243690491,2.210130212176864e-08,12008.926351299118,14989.241379487725,21528.413333892822,24229.018648879184,1722.6154167869825
1100,2,Case3,6x4_201,-73.0,-27.0,6x4,2,2,0.0005258340388536453,0.9994509816169739,2.3145907107391395e-05,18014.9650621937,18524.29438395005,33256.143882751465,32856.78024859871,279.0917748562801
1101,2,Case3,6x4_202,-24.0,-76.0,6x4,2,2,3.574811125872657e-05,0.9999642372131348,1.0339036571327398e-10,19495.640169757466,20725.198473132536,35379.7084236145,36978.142712981666,1188.6474637074532
1102,2,Case3,6x4_203,33.0,58.0,6x4,2,2,0.07301550358533859,0.9269844889640808,2.1027968255538099e-10,16482.04080712149,17639.70544466502,26712.24139404297,28693.903462499857,1344.0961678410308
1104,1,Case3,6x4_205,-58.0,-50.0,6x4,1,1,0.9999430179595947,5.700540714315139e-05,5.254005563948283e-12,15124.68535354721,14281.140557299497,17267.338439941406,16692.545943452176,226.34149212619533
1105,1,Case3,6x4_206,4.0,90.0,6x4,2,2,8.966060782711338e-09,1.0,6.752718384461787e-10,10038.600722349593,21923.859336358528,39183.069727897644,42029.59046306265,2210.1397954607824
1106,1,Case3,6x4_207,19.0,-83.0,6x4,2,2,1.4177287255279225e-07,0.9999996423721313,2.4381813545915065e-07,20564.91963223016,21689.538815254375,37949.672283649445,39946.90531125541,1371.547244190684
1108,4,Case3,6x4_209,58.0,-69.0,6x4,1,1,1.0,1.5415082543768222e-09,2.1578375197783828e-10,11282.766392551277,10963.07565290971,13418.060317993164,12791.925485120366,421.2561332444357
1109,3,Case3,6x4_210,-10.0,23.0,6x4,3,3,6.77562216402916e-12,4.811741746379994e-05,0.9999518394470215,18468.04259986061,20786.182378931575,40090.53999328613,40461.33810826942,403.83090783574585
1110,3,Case3,6x4_211,55.0,-59.0,6x4,1,1,0.9999992847442627,6.611998628613946e-07,2.6151557048353924e-12,13100.177711280565,13762.725987650309,14740.599578857422,14674.116944242392,114.26780553012615
1111,5,Case3,6x4_212,-63.0,54.0,6x4,1,1,0.9999954700469971,4.526153588813031e-06,2.8350776587471316e-12,13170.06214727101,13959.967909167768,14893.418167114258,14642.282041579836,341.5767036138616
1112,4,Case3,6x4_213,67.0,-42.0,6x4,1,1,0.9862141013145447,0.013785948976874352,7.066738860750377e-10,15292.9758923371,15542.267039508177,22148.292037963867,22108.651721692277,136.16803939147954
1113,1,Case3,6x4_214,63.0,-14.0,6x4,2,2,8.103466342390675e-09,0.9999998807907104,8.68903029527246e-08,20812.492840603652,21495.242745860443,39578.9530415535,39669.24185950722,181.51458288472932
1116,4,Case3,6x4_217,21.0,56.0,6x4,2,2,0.0002553506928961724,0.9997445940971375,2.5632658662289032e-08,19720.401500551343,19729.74350092002,35297.25032043457,35704.701519946015,372.66374823077376
1118,4,Case3,6x4_219,-7.0,65.0,6x4,2,2,3.55320821654459e-06,0.9999964237213135,2.580103908300657e-09,22867.58007996084,22596.847674159428,41684.48186695576,41217.91214609199,338.54263947966433
1119,5,Case3,6x4_220,14.0,-23.0,6x4,3,3,1.450041059447571e-10,6.13308438914828e-05,0.9999386072158813,18941.57052539226,21025.7754438463,39468.324993133545,39496.913556110194,222.9980841348384
1120,2,Case3,6x4_221,74.0,-56.0,6x4,1,1,1.0,5.1689891478190475e-08,3.6860586875549564e-15,10793.905735864098,11407.360044826846,13888.81356048584,13610.848658974835,330.61294992411837
1122,3,Case3,6x4_223,-78.0,-48.0,6x4,1,1,0.999983549118042,1.6461292034364305e-05,1.2688983197506332e-10,12260.421951534236,13360.413320008673,17681.606452941895,17818.366359393956,253.64266919791066
1123,1,Case3,6x4_224,-4.0,-43.0,6x4,3,2,1.6763698340582778e-06,0.999404788017273,0.0005935478839091957,21096.36439751405,22517.434814514123,40980.294503211975,41677.05640362944,545.5003377504438
1124,5,Case3,6x4_225,2.0,-73.0,6x4,2,2,2.996532444399236e-08,1.0,2.8873625712577677e-10,22999.862364438683,22995.826441382098,41968.421342909336,42563.9258974681,436.7189318650953
1125,5,Case3,6x4_226,-42.0,80.0,6x4,1,1,0.9989442229270935,0.0002631043898873031,0.0007927815895527601,12703.70335130492,14426.490298514924,21541.13759613037,21550.004771482014,744.7224745723818
1126,1,Case3,6x4_227,-42.0,-6.0,6x4,3,2,1.1502713226363426e-09,0.9924576282501221,0.007542435545474291,22070.71955774193,21813.36295790344,40465.71224403381,40918.29171377082,426.1420003569291
1127,1,Case3,6x4_228,60.0,-31.0,6x4,1,2,0.05680936947464943,0.9431905150413513,1.2435012308742444e-07,16921.061657142618,16873.07044488965,28580.81658935547,28246.081770531982,171.76063678121724
1128,5,Case3,6x4_229,42.0,86.0,6x4,1,1,0.966850996017456,0.0038645092863589525,0.029284551739692688,12216.487732381484,13251.73200533502,21525.879875183105,20712.02163148382,1172.722961976416
1130,2,Case3,6x4_231,-69.0,24.0,6x4,2,2,4.812938641407527e-06,0.9999951124191284,7.594921669351606e-08,18672.066403642337,19529.270252258175,34886.8862285614,35156.70557748638,281.6482515621491
1131,5,Case3,6x4_232,-8.0,-27.0,6x4,3,3,9.333545047951475e-10,0.0028148554265499115,0.9971851706504822,20370.07284750744,21715.747832733312,40508.553062438965,40391.77721965275,360.89603595969544
1132,4,Case3,6x4_233,61.0,-20.0,6x4,2,2,1.0943512052108417e-06,0.9999967813491821,2.069623860734282e-06,20089.811395422636,21505.547455429365,36489.54779243469,37631.04271508822,899.4080264878207
1133,3,Case3,6x4_234,-49.0,-40.0,6x4,1,1,0.9849900007247925,0.015010038390755653,1.99132754730158e-09,15399.378258803974,16987.88045188548,20398.454147338867,20773.128074469587,326.4049660755081
1134,2,Case3,6x4_235,-62.0,7.0,6x4,2,2,6.581637901348358e-09,0.9999994039535522,6.059422048565466e-07,21848.001063428106,23705.81771030909,41518.02455928922,42498.44430645511,713.5186914317256
1135,1,Case3,6x4_236,16.0,-57.0,6x4,2,2,0.00033954804530367255,0.9996604919433594,5.140395220593064e-09,21060.347674631616,20425.34429331894,38326.90448188782,38049.366065279384,193.36938393517715
1136,5,Case3,6x4_237,-32.0,66.0,6x4,1,2,0.06519429385662079,0.934805691242218,2.0248009491297125e-08,17257.4661116269,17918.59946532677,29053.475440979004,29919.93372615951,696.971927524932
1137,4,Case3,6x4_238,64.0,-22.0,6x4,2,2,4.475775767787127e-06,0.9999949932098389,5.064673587185098e-07,19603.9716603638,21176.866254941135,35627.2828578949,36829.52634963101,954.917018360969
1138,2,Case3,6x4_239,30.0,17.0,6x4,3,3,1.4153242466896643e-10,0.0004620938852895051,0.9995379447937012,19685.40104714372,21638.577308050837,36959.55843925476,38971.28439351034,1573.4155171830832
1139,1,Case3,6x4_240,53.0,26.0,6x4,2,2,1.1457853361207526e-05,0.9998756647109985,0.00011290294787613675,17367.955799762494,17770.292236168276,31025.218383789062,31697.68102129517,588.3525011967618
1140,1,Case3,6x4_241,13.0,6.0,6x4,3,3,2.425395821681331e-12,8.177920562957297e-07,0.9999991655349731,17775.53588470045,18802.168603056092,40049.98613855243,40204.93178819469,418.8737920791999
1141,1,Case3,6x4_242,-31.0,60.0,6x4,2,1,0.6233658194541931,0.3766342103481293,4.657024210708016e-10,17185.84743144669,17390.32802524995,28694.180694580078,29224.171072446537,420.0389301534853
1142,1,Case3,6x4_243,-63.0,-63.0,6x4,1,1,0.9999997615814209,2.3772376778197213e-07,1.446080616362977e-10,11571.045094294217,11037.69770802043,13211.640167236328,12529.800367235059,328.0069994253121
1143,3,Case3,6x4_244,85.0,-58.0,6x4,1,1,1.0,1.3368464557572679e-08,1.8833418158337167e-10,9248.263805205346,10202.813065305809,13054.657936096191,12884.256023450132,148.97096032575328
1145,5,Case3,6x4_246,60.0,61.0,6x4,1,1,0.9999997615814209,1.9159713815497526e-07,7.601564343262535e-12,12186.420540176798,12175.617236636952,13738.070739746094,13185.478615980164,236.15393695164653
1146,3,Case3,6x4_247,-83.0,78.0,6x4,1,1,1.0,2.0840222880735837e-09,1.3795133924077163e-09,5904.1324528991545,5965.431456705941,9049.45775604248,8585.738505859521,332.323552149801
1147,4,Case3,6x4_248,6.0,27.0,6x4,3,3,3.8826275527981124e-11,0.0005434797494672239,0.9994564652442932,19913.879655588986,21256.918440692076,40807.63076210022,41379.64922180391,378.6424497697795
1148,1,Case3,6x4_249,6.0,16.0,6x4,3,3,1.5835732248073442e-12,4.109274868824286e-06,0.9999959468841553,17617.310269223028,19315.83568742986,40035.808016486466,41814.86094596981,1265.7921493543624
1149,4,Case3,6x4_250,-47.0,64.0,6x4,1,1,0.9999992847442627,7.622137445650878e-07,3.9068349250159784e-11,15079.348337583882,13599.964392095413,19080.55908203125,16774.56262601815,1345.6645504824396
1150,3,Case3,6x4_251,-69.0,0.0,6x4,2,2,8.165861875575331e-10,0.9999994039535522,6.019972715876065e-07,22181.976651935638,23699.56036066359,42062.09203660488,43173.596493423356,873.9405705238601
1151,1,Case3,6x4_252,-82.0,-45.0,6x4,1,1,0.9989812970161438,0.001018697046674788,4.626396488127682e-10,12805.992993890331,13761.567768355828,19541.514533996582,20528.31559215803,607.4960531645149
1152,2,Case3,6x4_253,56.0,-34.0,6x4,1,1,0.9522806406021118,0.04771927744150162,1.3993277647728064e-08,16048.898978965943,16476.26727622535,25409.768951416016,24914.92155972229,320.48667359449854
1153,4,Case3,6x4_254,-75.0,-17.0,6x4,2,2,1.1487182760561154e-08,1.0,6.9098260446764925e-09,20295.581441903447,22702.490745194802,38675.09308671951,40671.638151658386,1480.237824088172
1154,5,Case3,6x4_255,32.0,-60.0,6x4,1,2,0.17801912128925323,0.8219808340072632,2.55814813776567e-09,16960.47444659435,17442.465513814852,27923.489051818848,28639.272314649355,558.8760814773931
1155,1,Case3,6x4_256,-25.0,-11.0,6x4,3,3,2.1226674931651424e-11,0.00030771640012972057,0.9996923208236694,19471.70339355408,21045.015793965245,39964.87413215637,42118.06558347639,1824.0381185598458
1156,2,Case3,6x4_257,65.0,80.0,6x4,1,1,1.0,1.2241174740523775e-09,1.3415500095092635e-14,8254.977994858447,8036.328488878579,11147.02173614502,10285.087018608263,602.2394106857565
1157,5,Case3,6x4_258,54.0,-18.0,6x4,2,2,1.0329357564842212e-06,0.9999945163726807,4.402170816319995e-06,19646.974082873447,20456.784042355903,36768.65112495422,37201.202579142926,368.98753154065594
1158,5,Case3,6x4_259,-6.0,38.0,6x4,3,2,1.8039070255326806e-06,0.9888538122177124,0.011144371703267097,21161.761987119058,22411.996737757025,40482.76174163818,40623.71952989638,201.60811812517716
1161,3,Case3,6x4_262,-57.0,76.0,6x4,1,1,1.0,1.1645601816212547e-08,8.280269803151441e-09,10344.068553316582,9748.64954687523,13554.630020141602,12086.703306507043,1029.4269833249525
1163,2,Case3,6x4_264,87.0,-65.0,6x4,1,1,1.0,4.834831424105346e-10,1.4912672333979027e-14,7725.825405550275,8598.168343555502,10958.162864685059,10990.957545792437,124.87845167687489
1164,5,Case3,6x4_265,-25.0,-84.0,6x4,2,2,6.105325155658647e-06,0.9999936819076538,2.272270336334259e-07,19275.03920096971,20145.872420503074,34975.148639678955,36355.80282678736,947.5481545810641
1165,3,Case3,6x4_266,-26.0,-39.0,6x4,2,2,0.0145722059533,0.9853524565696716,7.531305163865909e-05,17236.994143611984,17781.21014111794,29703.704746246338,28725.584247453007,702.4304382109362
1166,3,Case3,6x4_267,-33.0,-46.0,6x4,1,1,0.5582648515701294,0.44173505902290344,5.030447525200543e-08,15783.547365565131,17079.06139637234,24502.54744720459,23480.046756617427,903.501886849071
1169,1,Case3,6x4_270,10.0,76.0,6x4,2,2,1.230503414717532e-07,0.9999998807907104,8.398940987142112e-10,21637.279173263676,22679.04150656053,40869.86350476742,41568.63389632794,475.12122599968853
1170,5,Case3,6x4_271,-30.0,50.0,6x4,2,2,0.42030131816864014,0.5796986818313599,1.3418671729326093e-09,16433.395853451722,16865.527434621014,27386.645797729492,26796.831699853912,573.412203359627
1173,3,Case3,6x4_274,30.0,-25.0,6x4,2,2,4.1327930375700817e-05,0.9706532955169678,0.029305350035429,19119.897610543696,18579.078178733358,32603.662313461304,32966.53633829325,316.3450276908723
1174,5,Case3,6x4_275,80.0,-20.0,6x4,2,2,2.110331962512646e-07,0.9999997615814209,1.7685884978746458e-09,20363.18272349178,20670.27828609944,37404.778424322605,38100.229524225804,530.8750805820866
1175,2,Case3,6x4_276,-88.0,70.0,6x4,1,1,1.0,3.0146790619411945e-10,1.6748868662971005e-14,6795.8041052207645,7612.166460079943,9920.324508666992,9898.834898335532,139.254436504018
1176,3,Case3,6x4_277,57.0,88.0,6x4,1,1,0.9999997615814209,5.3086306905925085e-08,2.564931662618619e-07,9435.268850119559,8825.250005989375,13436.074676513672,11607.967228595982,1289.0261503022716
1177,2,Case3,6x4_278,18.0,78.0,6x4,2,2,9.406060712535691e-07,0.9999990463256836,4.7255747925856184e-11,20986.89993534419,22081.139861708223,38395.97978037596,39746.4789493899,986.1861868792399
1179,1,Case3,6x4_280,-31.0,-12.0,6x4,3,3,1.261298981924952e-10,0.008601220324635506,0.991398811340332,20774.18053463553,21276.21072360495,38936.22353363037,41121.89034049816,1725.5588209539076
1180,3,Case3,6x4_281,-72.0,-17.0,6x4,2,2,5.180733708698426e-08,0.9999997615814209,2.2104534025402245e-07,20711.036763829376,21281.121346623717,38652.7662832737,39312.238767417846,474.4032413558557
1181,4,Case3,6x4_282,25.0,-74.0,6x4,2,2,0.00020486616995185614,0.9997950196266174,1.033024688013029e-07,19272.65176735183,20706.36275133157,34735.819149017334,36665.46454553578,1363.7496713673186
1182,1,Case3,6x4_283,34.0,-21.0,6x4,2,2,1.1844833380791897e-07,0.7537049651145935,0.24629497528076172,19016.767768615802,19989.68335384469,33876.189390182495,35519.360038588966,1251.7530347184465
1183,5,Case3,6x4_284,16.0,16.0,6x4,3,3,1.0910543302156128e-12,1.6881088527043175e-08,1.0,18689.25204022269,19584.63129619447,40013.31519699097,40566.72582081256,582.3991191458148
1184,1,Case3,6x4_285,-21.0,55.0,6x4,2,2,0.00019934936426579952,0.9998006224632263,2.670544063665403e-10,19670.234272744197,18916.67217447634,35159.78921127319,35071.72194308624,159.33680233824745
1185,2,Case3,6x4_286,40.0,-87.0,6x4,3,1,0.9995586276054382,0.0004413006827235222,2.424955039288107e-13,11036.653496965433,14744.02327204392,14015.524353027344,23694.422561146857,7789.814981890315
1186,4,Case3,6x4_287,-77.0,22.0,6x4,2,2,2.9761805464545432e-08,1.0,1.6765306920518697e-09,19868.523250725088,20326.479823997983,36425.47486972809,37365.47297899879,696.6632774122538
1187,3,Case3,6x4_288,37.0,70.0,6x4,1,1,0.9572843313217163,0.04271523654460907,4.3172707364647067e-07,16300.188756217416,15948.946690451232,26060.21315765381,25669.463416725077,120.0856569301765
1188,3,Case3,6x4_289,-9.0,44.0,6x4,2,2,1.0842957635759376e-05,0.9957088232040405,0.004280366934835911,21717.376436376882,22891.32839534693,39961.837451934814,41249.41854853337,1028.4381041415133
1189,1,Case3,6x4_290,20.0,-82.0,6x4,2,2,2.1241098124846758e-07,0.9999994039535522,3.271416915140435e-07,20449.8820843123,21627.974927941003,37528.4433876276,39641.46350976179,1448.0888279357976
1191,2,Case3,6x4_292,71.0,-88.0,6x4,1,1,1.0,2.9390306854892856e-10,7.023524014986016e-14,6687.873343672521,6527.393307523822,9789.160976409912,9173.389589768347,432.98148415883804
1192,1,Case3,6x4_293,-28.0,11.0,6x4,3,3,8.056034138392842e-12,0.00012232987501192838,0.9998776912689209,19541.8698952902,20824.94549755437,39641.33066749573,41722.805345389745,1744.3781742446645
1194,2,Case3,6x4_295,-84.0,-9.0,6x4,2,2,1.1989638437626127e-07,0.9999998807907104,3.2796670268453454e-08,21530.979419450596,22445.69069003153,40561.31958556175,41394.183764413036,623.9769097531757
1195,5,Case3,6x4_296,-48.0,82.0,6x4,1,1,0.9999058246612549,1.1824057537523913e-06,9.301365935243666e-05,12059.051590994488,12377.657369807674,17790.885147094727,17176.839872134882,729.492917671459
1196,4,Case3,6x4_297,-13.0,-4.0,6x4,3,3,4.260977681802558e-11,3.11084404529538e-05,0.9999688863754272,17592.469012780097,19606.484021386095,39999.29505825043,40222.03922910816,468.9286382445319
1197,1,Case3,6x4_298,-19.0,-23.0,6x4,3,3,7.906493515452695e-11,0.0002974574745167047,0.999702513217926,20759.94345842013,20313.798909481513,38049.22520637512,37551.337759417496,288.36335218889934
1198,2,Case3,6x4_299,5.0,-32.0,6x4,3,3,7.008704727695658e-08,0.08487730473279953,0.9151225090026855,21929.104553035253,21462.70634950036,40736.26416969299,40965.61049328727,291.010223421328
1199,2,Case3,6x4_300,51.0,46.0,6x4,1,1,0.9999113082885742,8.868189615895972e-05,8.360004312077396e-13,15725.886817545963,15697.320712718003,18333.07551574707,18317.94010504273,262.1315448591025
1200,3,Case3,6x8_001,65.0,19.0,6x8,2,2,1.0615944789904574e-09,0.9999887943267822,1.1176097359566484e-05,7524.224038148656,7382.076185794379,33776.032391786575,34084.058696883745,260.68885187226454
1201,5,Case3,6x8_002,40.0,-51.0,6x8,1,1,0.984815239906311,0.015184791758656502,1.98203797124874e-11,9915.333132586313,10174.607265383995,18071.812156677246,17950.727436719724,336.63920578100317
1205,3,Case3,6x8_006,-15.0,-74.0,6x8,2,2,4.903278671974931e-09,1.0,3.106148116494012e-10,7008.388160707061,6716.761556233792,35363.48408406973,35898.24983986992,426.11456750077866
1206,3,Case3,6x8_007,51.0,-83.0,6x8,1,1,0.995201826095581,0.004798164591193199,1.6638428135262728e-10,8488.488042930307,7839.560823073225,14388.524192810059,13948.915781872314,477.6495581282216
1207,2,Case3,6x8_008,86.0,9.0,6x8,2,2,1.8774319876513346e-09,0.9999998807907104,1.4683988069918996e-07,6278.405559330977,6466.690689335707,35618.45208120346,36749.44076533453,773.0727617087495
1208,2,Case3,6x8_009,-63.0,21.0,6x8,2,2,6.219197379309094e-10,0.9999920129776001,7.955567525641527e-06,7795.507660502387,7535.99465958821,32629.113290786743,33122.15316361489,395.62409435748725
1209,5,Case3,6x8_010,-74.0,83.0,6x8,1,1,1.0,1.1368000762956854e-08,5.39057470536064e-12,4291.496303165601,3993.2209585129676,8427.660251617432,7707.500883700669,477.5821315397884
1210,5,Case3,6x8_011,-39.0,-9.0,6x8,3,3,3.8416795786200275e-12,0.0029302712064236403,0.9970697164535522,6767.43965099748,6417.86086854314,35850.71823883057,35737.25423152564,138.04432628067136
1211,5,Case3,6x8_012,-56.0,9.0,6x8,2,2,3.8117741602006205e-11,0.9998854398727417,0.00011459544475656003,7210.366591820945,6957.148718748992,36972.372891783714,36569.364441481,267.1197410702556
1212,3,Case3,6x8_013,61.0,33.0,6x8,2,2,4.688185526902089e-06,0.999995231628418,2.358345874142742e-08,8807.624154653906,8700.480499528836,24362.78973197937,24100.13793678952,169.3991334053434
1213,5,Case3,6x8_014,19.0,79.0,6x8,2,2,3.215613375573412e-08,1.0,9.913578291609326e-11,7084.47014887711,7232.471962757822,33844.269014418125,34038.93240002241,221.19814195157514
1214,4,Case3,6x8_015,35.0,60.0,6x8,2,2,0.0048299022018909454,0.9951700568199158,9.902383080184762e-11,9054.329212065408,8982.385509169268,22749.634941101074,22927.036544875198,218.0907742773707
1215,1,Case3,6x8_016,75.0,-61.0,6x8,1,1,0.9999994039535522,5.862120815436356e-07,1.3421263883248158e-12,6890.709439484805,6884.381833545285,10801.775253295898,10731.345849073048,180.37070791846634
1218,2,Case3,6x8_019,-79.0,29.0,6x8,2,2,4.2983292480869295e-09,1.0,9.527606259496224e-09,7800.312944908193,7916.588820900997,28823.66388696432,29129.976794426126,279.8641207511198
1219,1,Case3,6x8_020,-2.0,48.0,6x8,2,2,5.717620821243941e-10,0.999998927116394,1.075144496098801e-06,6911.159924844127,6480.356250505053,37567.49886202812,38045.573721864916,357.8022969519352
1220,2,Case3,6x8_021,-49.0,-67.0,6x8,1,1,0.9965118765830994,0.0034880766179412603,7.708158113531316e-13,9587.902988942242,9195.057778225097,15741.880012512207,15147.496316637036,394.52575043333167
1221,4,Case3,6x8_022,43.0,-33.0,6x8,2,2,7.683356670895591e-06,0.9999874830245972,4.861509751208359e-06,9082.27771426675,9016.940642081507,21935.41286087036,22718.94368886906,566.0151904235403
1222,2,Case3,6x8_023,62.0,-67.0,6x8,1,1,0.9999996423721313,4.039561360968946e-07,4.503108786058823e-15,7299.230124218186,7137.888470055538,11145.458297729492,10383.985576358113,496.7658577715904
1223,1,Case3,6x8_024,30.0,75.0,6x8,2,2,4.783944405062357e-07,0.9999995231628418,3.593034203497325e-11,8015.284047360245,7959.769487869524,28051.139772698283,28360.015676794148,246.1044006982866
1225,2,Case3,6x8_026,-81.0,73.0,6x8,1,1,1.0,1.1762577578622313e-08,2.7559021620218553e-14,4542.146692198235,4821.281471355821,8605.720348358154,8315.260281227247,191.81313076413554
1229,3,Case3,6x8_030,15.0,-12.0,6x8,3,3,3.9078208069920784e-15,3.8806971525140455e-10,1.0,5244.46613065066,5313.231074673694,36504.724475085735,36254.08846253221,53.75564587485593
1230,2,Case3,6x8_031,-55.0,-62.0,6x8,1,1,0.9999583959579468,4.1610546759329736e-05,9.159898317276371e-14,8800.720495346392,8763.230906634828,12615.7841796875,12653.194355041218,69.23130357463486
1231,5,Case3,6x8_032,-19.0,-7.0,6x8,3,3,6.016043037544196e-15,2.3239493662785549e-10,1.0,5181.719601493141,5050.13050377047,36802.607921898365,36915.718319722124,342.34679056895135
1233,4,Case3,6x8_034,-43.0,-15.0,6x8,2,3,3.405034587622424e-11,0.020701635628938675,0.9792983531951904,7322.088663289745,7005.354158965455,33762.03829574585,34623.67104262293,670.5590455908548
1234,1,Case3,6x8_035,70.0,81.0,6x8,1,1,0.9999998807907104,1.1278464029373936e-07,2.294962830884373e-12,4898.790939411711,4506.680127617465,8948.375633239746,8300.63275498278,456.631454978453
1235,3,Case3,6x8_036,8.0,25.0,6x8,3,3,3.422758157087778e-14,3.4312959087401396e-06,0.999996542930603,5722.520737528544,6008.6696173114215,36613.93920326233,36425.3366579152,311.0193801889472
1236,4,Case3,6x8_037,-85.0,67.0,6x8,1,1,0.9999997615814209,2.6622197424330807e-07,1.6022059980830283e-12,5061.911776993923,5536.49392633194,9331.517364501953,9220.917562563527,58.91729710383915
1237,4,Case3,6x8_038,-56.0,52.0,6x8,1,1,0.9997116923332214,0.0002883157576434314,1.6674261797688938e-12,9708.364401091494,9665.684531451745,13366.981964111328,13761.848879571617,288.5420666869484
1238,5,Case3,6x8_039,64.0,42.0,6x8,2,1,0.5375284552574158,0.46247148513793945,1.9388120275909415e-10,9354.945515556834,9504.831976178208,18853.009757995605,18426.068907423367,225.00219269054338
1241,4,Case3,6x8_042,84.0,51.0,6x8,1,1,0.9982542395591736,0.0017457229550927877,5.2645162534892265e-12,8418.101373652402,8482.689094606878,14383.835975646973,14159.233490596414,346.0757570001195
1242,1,Case3,6x8_043,79.0,-71.0,6x8,1,1,1.0,1.7143330310886995e-08,2.0200778983597845e-12,4955.136996827559,4977.582507010187,8927.211688995361,8776.1670226628,109.76258919181319
1244,3,Case3,6x8_045,-18.0,-35.0,6x8,3,2,5.314098050490657e-10,0.7389039993286133,0.2610960006713867,7104.411917835755,7305.12648236882,32258.847714424133,31645.42023160533,460.2556320305053
1245,1,Case3,6x8_046,-76.0,-77.0,6x8,1,1,0.9999998807907104,8.34033144769819e-08,1.1773506431930758e-12,4637.413712708471,4583.081652698731,8579.262161254883,8272.837395764955,206.65239168832565
1246,1,Case3,6x8_047,42.0,27.0,6x8,2,2,4.831241184888313e-09,0.9933393597602844,0.006660631857812405,8279.967262373988,8025.940113885192,26066.88731956482,27603.670537118134,1107.62800660358
1247,3,Case3,6x8_048,1.0,71.0,6x8,2,2,1.0644022330197345e-09,1.0,1.2604525756465534e-10,6563.468961879951,6544.392623656257,37520.93623316288,37714.544405234396,217.72845369688406
1248,4,Case3,6x8_049,-37.0,22.0,6x8,2,3,1.8838848536706365e-10,0.06254842877388,0.9374515414237976,7642.469373378412,7361.035519658056,29730.569416046143,31489.352655429033,1300.328816773903
1249,4,Case3,6x8_050,-16.0,44.0,6x8,2,2,3.4806748594462533e-09,0.9999983310699463,1.6713247532607056e-06,7429.534916811786,7384.4830140587055,33391.49010181427,34193.145120794914,584.144437514068
1250,2,Case3,6x8_051,28.0,57.0,6x8,2,2,9.038953430717811e-05,0.9999096393585205,5.551950565951813e-10,8469.189546572357,8324.079046615283,27317.886525154114,27074.353082150672,172.32303179956847
1251,3,Case3,6x8_052,-79.0,34.0,6x8,2,2,2.7822480319628085e-07,0.9999997615814209,1.2321324516229026e-10,8162.8014153166905,8538.611392768827,25674.852959632874,25424.90389414988,156.06577606251705
1252,2,Case3,6x8_053,3.0,87.0,6x8,2,2,1.825123274734608e-09,1.0,2.1452063736493443e-10,6097.274114105937,6340.55978911251,35786.184359550476,36679.98664073712,556.7252518923085
1253,5,Case3,6x8_054,-17.0,-44.0,6x8,2,2,6.372452787672955e-08,0.9910629987716675,0.008936915546655655,7415.760628275197,7216.998830809914,32829.24737453461,33194.9011451686,315.34573770839853
1254,3,Case3,6x8_055,44.0,-49.0,6x8,1,1,0.9923096895217896,0.0076903728768229485,3.2072790603909773e-12,10549.651234647934,10344.955288763993,16422.475189208984,16451.02287619694,76.63343166184181
1255,5,Case3,6x8_056,67.0,-19.0,6x8,2,2,3.8925351830698673e-10,0.9999997615814209,2.3642553514946485e-07,7575.267173406533,7393.3201901749,33866.84399306774,34100.91378894196,263.5121605507523
1256,4,Case3,6x8_057,2.0,74.0,6x8,2,2,1.1981939052052581e-10,1.0,1.2958982775757022e-09,6404.5765113421485,6476.437168264944,37143.717519164085,37515.6783417431,289.8498134259843
1257,3,Case3,6x8_058,82.0,19.0,6x8,2,2,2.4220219163595402e-09,1.0,1.2795339898730163e-08,6990.421326106947,7123.981277991913,33747.492173314095,34309.897277788994,427.3265997750798
1258,4,Case3,6x8_059,14.0,3.0,6x8,3,3,5.733742202817388e-15,1.8805598744897623e-10,1.0,4721.089115915396,5113.298355924917,36336.157368421555,37268.45274071594,1129.8052255185746
1259,2,Case3,6x8_060,44.0,-84.0,6x8,2,1,0.6553658246994019,0.34463417530059814,2.3450045724682234e-11,8518.496274441966,8802.696103675602,19655.73733139038,19186.241587165758,215.81892777128692
1260,2,Case3,6x8_061,0.0,-52.0,6x8,2,2,7.525308376443718e-08,0.998722493648529,0.0012774007627740502,6986.884563563323,6571.240041943784,37861.77801042795,38193.594678336754,207.7922118081751
1261,3,Case3,6x8_062,33.0,26.0,6x8,2,2,1.009674677199257e-09,0.8693063259124756,0.13069362938404083,7828.853848038589,7753.063489781972,27993.73330116272,29207.5616263609,824.4775419230784
1262,3,Case3,6x8_063,-75.0,38.0,6x8,2,2,2.0128252799622715e-05,0.9999798536300659,4.4987538000418326e-11,8564.10510985636,8911.376574778944,22802.475021362305,22872.833052579193,131.32347343448555
1263,3,Case3,6x8_064,-20.0,55.0,6x8,2,2,3.0735293421457754e-07,0.9999996423721313,5.954024495657961e-10,7891.335126607133,7606.769028902556,32376.72755739093,32318.454057961673,152.95339227924217
1264,5,Case3,6x8_065,72.0,31.0,6x8,2,2,3.473539607057319e-07,0.9999995231628418,1.6174918471278943e-07,8228.556080062759,8355.319992819293,27195.764330387115,26900.843664609827,159.36809759952004
1266,4,Case3,6x8_067,-83.0,68.0,6x8,1,1,0.9999998807907104,1.417783295210029e-07,1.5048952752352851e-12,5037.133195018236,5368.846880099764,9199.939998626709,9058.817127036307,78.45333850621341
1267,4,Case3,6x8_068,-26.0,-1.0,6x8,3,3,4.279345974800286e-15,4.531730102286247e-09,1.0,5677.412801135068,5102.498094711801,37100.69652557373,37096.00491118258,133.70195751806108
1268,5,Case3,6x8_069,-36.0,57.0,6x8,2,1,0.5859954357147217,0.4140045940876007,1.437982285329431e-11,9272.518168259172,9202.153422743191,21486.99746322632,20048.092730661923,948.8429688990327
1269,1,Case3,6x8_070,-89.0,-51.0,6x8,1,1,0.9764469861984253,0.023553060367703438,1.3105398710688831e-10,8249.701067765836,8195.395614192275,14458.86022567749,14679.013279744697,178.96246810112999
1270,2,Case3,6x8_071,-45.0,-29.0,6x8,2,2,4.170712770701357e-07,0.9988023042678833,0.0011973236687481403,8588.500874257914,8408.90135510524,24727.49139213562,25475.34995188344,560.5296238729196
1271,4,Case3,6x8_072,-29.0,13.0,6x8,3,3,4.7245149822515084e-14,5.239309643911838e-07,0.9999995231628418,6421.020342466547,6146.96513000182,35117.59205055237,35920.636451964594,643.2488348890978
1272,4,Case3,6x8_073,-22.0,46.0,6x8,2,2,1.3005646337660437e-07,0.9999998807907104,1.0490666113582847e-08,7991.318059068361,8006.681925651671,29961.142296791077,30009.145421219786,218.9984686877933
1273,4,Case3,6x8_074,-1.0,-8.0,6x8,3,3,6.551236993618563e-15,1.1995224258321002e-10,1.0,4458.615577910378,5427.021097533537,34581.82697916031,37221.4313963991,1936.4076972526534
1274,5,Case3,6x8_075,-22.0,82.0,6x8,2,2,3.660582947873081e-08,1.0,1.5622678498083964e-11,7138.576514473828,7175.886207656075,32541.30011790991,33026.0653848638,385.98108583860727
1275,4,Case3,6x8_076,50.0,5.0,6x8,2,2,3.316082131110676e-11,0.8554709553718567,0.14452901482582092,7036.320129332741,6880.388519862117,37377.317967653275,36921.28663188215,245.71557256341862
1278,4,Case3,6x8_079,-67.0,39.0,6x8,2,2,5.1634629926411435e-05,0.9999483823776245,7.572785454268427e-11,9028.989566253744,8944.227322050827,21204.891162872314,21037.62925537157,140.69422212623266
1279,4,Case3,6x8_080,-53.0,-64.0,6x8,1,1,0.9999722242355347,2.7787482395069674e-05,8.45580658444256e-13,10111.146711082843,8761.676978820293,14173.245239257812,12976.757927194656,690.1954432309929
1280,2,Case3,6x8_081,-38.0,-72.0,6x8,2,2,0.012922115623950958,0.9870778322219849,9.08238623198443e-11,8680.800592914631,8764.21670633631,22483.64617919922,23198.267787371096,514.8830591564882
1281,1,Case3,6x8_082,85.0,48.0,6x8,1,2,0.2643846869468689,0.7356152534484863,2.1363667779272788e-11,8578.513992319487,8715.340393203582,17553.98579788208,16766.267311023832,449.27022772508116
1282,5,Case3,6x8_083,-12.0,85.0,6x8,2,2,3.3567875146189863e-09,1.0,3.6275763642956704e-11,6463.958490693491,6499.59172584652,35424.888345718384,35650.00547609144,283.46117412556856
1283,4,Case3,6x8_084,77.0,-48.0,6x8,1,1,0.6529439091682434,0.347056120634079,5.2615471007877446e-11,8906.27660502941,8931.758522077125,17159.611248016357,16436.3351117109,381.45885408012776
1284,1,Case3,6x8_085,45.0,75.0,6x8,2,2,0.41410696506500244,0.5858930349349976,8.896601511043656e-11,8900.982015934325,8871.944647406428,18554.359394073486,17759.86665541939,483.0504254187802
1285,2,Case3,6x8_086,-41.0,-54.0,6x8,1,1,0.9556190967559814,0.04438084363937378,1.3959290320886275e-11,9852.83434575456,10019.445923893603,17830.686027526855,18304.54054941845,370.26997739597016
1286,1,Case3,6x8_087,-38.0,89.0,6x8,2,2,7.304132304852828e-05,0.9999269247055054,7.529214751667013e-11,8149.316952421689,8575.032693724674,23348.006154060364,23980.91850511978,490.33614679588004
1288,3,Case3,6x8_089,18.0,-35.0,6x8,3,2,3.695646011436793e-10,0.801308810710907,0.1986912190914154,7100.982621180198,7239.8028127054895,32288.256896018982,32249.354763716714,192.34083459779737
1289,4,Case3,6x8_090,-65.0,24.0,6x8,2,2,2.3791779657500456e-10,0.9999997615814209,1.8258715783758817e-07,7982.342931067636,7898.507362708217,31071.103372842073,31452.58461465492,335.40316919123484
1290,5,Case3,6x8_091,11.0,36.0,6x8,3,2,1.1175218528336472e-09,0.93030846118927,0.06969160586595535,6627.652973903583,6790.564379001557,35250.075733184814,35210.28558936931,215.55021796178917
1291,3,Case3,6x8_092,-38.0,-40.0,6x8,1,2,0.02088533341884613,0.9791146516799927,5.550000459209059e-09,9785.012728640324,9906.280516677627,19993.843063354492,18813.69712148974,828.540583727735
1292,4,Case3,6x8_093,-70.0,-78.0,6x8,1,1,0.9999998807907104,6.94696282721452e-08,1.61506528637001e-12,5159.2463290288115,4736.09966288745,9096.195659637451,8434.723494371161,443.09839846570134
1293,3,Case3,6x8_094,73.0,-55.0,6x8,1,1,0.9999768733978271,2.309910451003816e-05,1.220999484245061e-13,8508.131886261093,8672.84487068224,12606.26262664795,12723.905963629539,209.54033414024485
1294,3,Case3,6x8_095,68.0,-30.0,6x8,2,2,7.57760687974951e-07,0.9999991655349731,2.6176058653959444e-08,8333.378532982306,8278.069828620995,27488.70371723175,27666.97507627347,125.59394562888667
1295,5,Case3,6x8_096,84.0,-52.0,6x8,1,1,0.9993460774421692,0.0006539651658385992,6.276010527245246e-12,8166.172607527085,8389.22045760673,13970.095970153809,14516.712466081775,397.3891542038774
1300,3,Case3,6x8_101,48.0,15.0,6x8,2,2,2.0922184817973033e-10,0.9819668531417847,0.0180331040173769,7432.226229484006,7055.398137483422,34197.79351615906,35406.8871079268,870.3393170330451
1302,1,Case3,6x8_103,66.0,14.0,6x8,2,2,8.789347721860352e-11,0.9999945163726807,5.46665887668496e-06,7184.262851352114,7045.986251454057,35819.824682056904,35356.98109588609,278.98883648700127
1303,2,Case3,6x8_104,83.0,3.0,6x8,2,2,1.1807320676737731e-09,0.9999996423721313,3.518791515944031e-07,6092.318340201479,6309.694402323712,35993.04936885834,37440.458316152726,921.6290735328672
1304,1,Case3,6x8_105,89.0,-77.0,6x8,1,1,1.0,6.924827378185228e-09,8.234488611813529e-12,3805.380473736686,3859.5234844343872,8015.602584838867,7830.882362127322,111.59531984431386
1305,1,Case3,6x8_106,-12.0,43.0,6x8,2,2,4.97726970749568e-10,0.9999251365661621,7.484872912755236e-05,7094.357934988239,6850.63493594827,35105.361810684204,36309.15737408656,915.8301031517777
1310,2,Case3,6x8_111,7.0,87.0,6x8,2,2,2.9782800670119514e-09,1.0,1.545263778046646e-10,6249.152885527738,6453.168434570151,35699.10906779766,36474.04793313629,527.4521983237871
1311,5,Case3,6x8_112,21.0,-8.0,6x8,3,3,5.088017646906386e-15,4.695492328288253e-10,1.0,5371.162629558365,5288.3304181632775,36769.71540403366,36765.807697255615,304.66288748372665
1312,5,Case3,6x8_113,35.0,-2.0,6x8,3,3,6.574049030844131e-14,7.33033175492892e-06,0.9999927282333374,6318.030640230154,5787.948950906367,36915.87106132507,36951.03951615536,253.28838497718314
1313,2,Case3,6x8_114,-35.0,-78.0,6x8,2,2,0.0004487979458644986,0.9995512366294861,9.880857937405452e-11,8222.349213646074,8411.346719101244,24949.17180633545,25310.635228601353,315.55588620410936
1314,3,Case3,6x8_115,22.0,74.0,6x8,2,2,7.030821791431663e-08,0.9999998807907104,2.2624109183300156e-11,7445.467270484865,7410.132235263298,32591.521212637424,32125.792519721173,278.2317843572155
1315,1,Case3,6x8_116,12.0,-85.0,6x8,2,2,1.4879071308371294e-09,1.0,3.950949789555125e-09,6465.063323678779,6470.269075788677,35431.03103160858,35499.50830113712,147.53467817834405
1316,3,Case3,6x8_117,-87.0,33.0,6x8,2,2,1.4783485369207483e-07,0.9999998807907104,1.0156339658173863e-10,7847.524023385839,8300.149892166526,26501.251106262207,26087.146884215526,257.7278478657366
1317,4,Case3,6x8_118,54.0,-88.0,6x8,1,1,0.9999966621398926,3.3096089282480534e-06,2.6871321140431448e-11,7423.67117461338,6881.956033825481,13072.950675964355,11666.329030646084,989.443074970847
1318,4,Case3,6x8_119,31.0,-10.0,6x8,3,3,6.172068200494332e-15,5.780298550916996e-08,1.0,6210.350260559193,5888.449956248576,35777.01540184021,36524.91542266272,639.4600121647607
1319,2,Case3,6x8_120,-58.0,-26.0,6x8,2,2,3.572563045395327e-08,0.9986795783042908,0.0013203921262174845,8283.694255242888,7924.527117442307,28866.781861782074,29412.712530261582,408.15718670657003
1321,2,Case3,6x8_122,20.0,-73.0,6x8,2,2,3.104081827132177e-07,0.9999996423721313,4.6521655971965004e-10,7393.279409982616,7374.784084178556,33537.74735723436,33726.78130345779,210.11205678690996
1322,5,Case3,6x8_123,76.0,4.0,6x8,2,2,3.970246700846225e-11,1.0,3.146904603568146e-08,6354.458186437243,6506.43110605545,36811.26624801755,37173.81279230902,310.9972700277936
1324,4,Case3,6x8_125,-3.0,72.0,6x8,2,2,1.7012108388669844e-10,1.0,1.2377817659725565e-09,6524.992565918011,6613.416962518437,37366.78928772174,37376.625832458245,140.34378544243233
1325,4,Case3,6x8_126,-8.0,18.0,6x8,3,3,6.640026798798021e-15,3.834383477396841e-09,1.0,5232.978617811867,5362.797968027486,36770.634955149144,37194.277435791664,299.0436019052248
1326,5,Case3,6x8_127,-66.0,77.0,6x8,1,1,0.9999998807907104,9.093788833069993e-08,5.331916548903526e-13,5823.02316160585,5134.006510293977,9722.757888793945,8881.753600811593,566.9442101312154
1327,3,Case3,6x8_128,59.0,-70.0,6x8,1,1,0.9999921321868896,7.887434549047612e-06,2.5451597209999455e-13,7556.256506674854,7438.200317707162,11689.819610595703,11283.02006555772,228.2996952243907
1328,3,Case3,6x8_129,24.0,11.0,6x8,3,3,2.261905982677806e-15,4.57428228628487e-09,1.0,5787.35396635674,5432.312165046727,36175.08353614807,36905.73377293329,687.2962945935346
1330,4,Case3,6x8_131,41.0,53.0,6x8,1,1,0.9732308983802795,0.026769159361720085,2.3766372550526604e-11,9893.351128859907,10121.643121944828,17725.2247467041,17394.821425881808,356.9571041074623
1331,2,Case3,6x8_132,38.0,35.0,6x8,2,2,0.0012935377890244126,0.9987053871154785,1.032970544656564e-06,9260.239153875234,9156.575653594966,21754.505031585693,21352.77997887018,321.9980386217647
1332,2,Case3,6x8_133,-21.0,37.0,6x8,2,2,8.251883620857825e-09,0.9806649684906006,0.019335051998496056,7573.1538247700055,7633.967702925948,30381.42730998993,30092.377409451026,232.87028243534067
1333,1,Case3,6x8_134,-56.0,37.0,6x8,2,2,0.0015994133427739143,0.9984006285667419,1.1529684845745791e-10,9358.531050478816,9170.264787008138,20602.47836303711,20439.23506815682,88.75998552407965
1334,1,Case3,6x8_135,39.0,-76.0,6x8,2,2,0.0003616119211073965,0.9996383190155029,9.335894557427338e-11,8590.93301384347,8440.754239764163,22243.89108657837,22303.973644773236,123.70507183751592
1335,4,Case3,6x8_136,8.0,-68.0,6x8,2,2,2.373160779001182e-09,1.0,3.257086600427783e-09,6874.274104496997,6872.158601973598,37250.71263194084,36984.98629884644,199.70926834555715
1336,2,Case3,6x8_137,68.0,53.0,6x8,1,1,0.9985700845718384,0.0014298856258392334,4.637540351737357e-13,9757.606540082235,9245.875077549752,14443.67292022705,13543.224626318539,569.8070241712661
1337,2,Case3,6x8_138,-28.0,-75.0,6x8,2,2,1.9572626115405e-05,0.9999804496765137,4.259501640291319e-10,7885.83162693426,7958.856803048824,29272.32391630113,29429.081436514884,166.70507718960238
1339,4,Case3,6x8_140,1.0,-3.0,6x8,3,3,1.4122510025836327e-14,1.215320760694638e-10,1.0,11666.361419880124,5939.574611214352,38677.14109802246,37082.56112724998,1423.1515152114164
1343,5,Case3,6x8_144,-86.0,-39.0,6x8,2,2,3.854583701468073e-05,0.9999613761901855,2.983863822692001e-08,8245.2091005155,8428.763103144967,22677.733964920044,22662.56782144444,59.86521179502552
1344,1,Case3,6x8_145,29.0,32.0,6x8,2,2,5.6608161713711524e-08,0.9919474720954895,0.00805248599499464,8213.725370626771,8199.483797899438,26804.465641498566,26193.729897950914,419.80236555121854
1347,5,Case3,6x8_148,46.0,-62.0,6x8,1,1,0.9962111711502075,0.003788785543292761,3.623769687099987e-12,9783.137497338115,9449.51208998878,16456.991203308105,15702.680160864957,526.0112635467734
1348,2,Case3,6x8_149,24.0,-59.0,6x8,2,2,6.810597551520914e-05,0.9999319314956665,3.555817640332748e-09,8155.214235977045,7933.587238894342,30409.301865816116,30470.871910903035,97.83675140122114
1349,2,Case3,6x8_150,15.0,-47.0,6x8,2,2,4.977142111783905e-07,0.999919056892395,8.041703404160216e-05,7446.097303996584,7389.773667241197,34138.97739696503,34309.29218795154,164.65531117776018
1350,1,Case3,6x8_151,-66.0,-82.0,6x8,1,1,0.9999996423721313,3.814206479546556e-07,4.034165362876152e-12,5373.7745298167065,4915.824589801596,9582.351867675781,8641.07945815721,647.2698688321648
1351,3,Case3,6x8_152,-23.0,-66.0,6x8,2,2,5.269448138278676e-06,0.9999947547912598,3.285456906532147e-10,7800.064742828617,7584.202494020638,31717.45244203182,31748.23132617474,114.37339789852965
1352,5,Case3,6x8_153,50.0,-62.0,6x8,1,1,0.9997648596763611,0.00023518403759226203,8.984097103412192e-13,10092.907418373728,9246.96517803269,14907.856819152832,13706.04622089359,733.756020331695
1353,2,Case3,6x8_154,-65.0,-65.0,6x8,1,1,0.9999971389770508,2.802114750011242e-06,3.9755938612776737e-14,7118.58233050215,7237.161375041745,10910.121948242188,10570.782342045328,231.0331044486115
1354,4,Case3,6x8_155,11.0,-32.0,6x8,3,3,1.642429681841806e-12,0.0002467407030053437,0.9997532963752747,6456.77124940812,6607.308975828462,35461.84052848816,36044.68899541292,393.6961346499949
1355,5,Case3,6x8_156,70.0,-86.0,6x8,1,1,1.0,2.732220671930463e-09,7.187867488711586e-12,4628.682805172048,4081.838054003533,8830.880466461182,8031.375069244275,565.0212667955071
1356,3,Case3,6x8_157,78.0,-26.0,6x8,2,2,4.4057220094373406e-08,0.9999998807907104,2.384632047380819e-08,7605.588560620867,7728.834885905324,30528.765560388565,31564.4953146864,713.8242179493673
1357,4,Case3,6x8_158,17.0,-43.0,6x8,2,2,1.0520975202155114e-08,0.9992954730987549,0.0007045114180073142,7452.457229851058,7545.194597189845,32788.26205825806,32690.794418079804,185.68510751291157
1359,4,Case3,6x8_160,47.0,-13.0,6x8,2,2,4.5640470569541236e-11,0.5011513233184814,0.49884867668151855,7323.676722964833,7001.258338185042,35000.142886161804,35660.974666536364,537.3530932005058
1360,3,Case3,6x8_161,-43.0,-45.0,6x8,1,1,0.9736203551292419,0.026379579678177834,3.282784113989301e-11,10526.70491771137,10495.326014994318,17255.99666595459,16416.051252963985,612.9506876866875
1362,1,Case3,6x8_163,-84.0,28.0,6x8,2,2,1.484763201275996e-09,1.0,1.1594442073104005e-09,7573.259908729455,7737.52419285799,29475.75877714157,29903.347089296305,330.8622257187865
1364,4,Case3,6x8_165,-5.0,10.0,6x8,3,3,1.0763858371515365e-14,3.1026545221912727e-10,1.0,4616.933906948276,5274.190235572174,35385.63230009377,37018.33946968556,1271.3729950577513
1365,3,Case3,6x8_166,-61.0,-3.0,6x8,2,2,1.4123577307678659e-11,0.9997231364250183,0.0002768126723822206,6983.137187310844,6596.7673139649105,37977.43780386448,37939.681847569445,109.60125329251225
1366,5,Case3,6x8_167,-4.0,-6.0,6x8,3,3,6.9194324749111136e-15,2.3729546105855093e-11,1.0,4475.429064875118,5465.996148939332,34403.83818817139,36809.00171753096,1897.7838542748427
1367,5,Case3,6x8_168,-5.0,-1.0,6x8,3,3,6.4410638416856694e-15,2.329842221926448e-11,1.0,11596.198175792388,5457.692409299772,38294.377558231354,36835.3159127711,1776.217876734814
1368,5,Case3,6x8_169,58.0,-70.0,6x8,1,1,0.9999972581863403,2.6922812139673624e-06,3.0262283564480574e-13,7739.77926808732,7248.476812578588,11941.01375579834,11221.087472388146,450.9646147668586
1370,1,Case3,6x8_171,-6.0,-18.0,6x8,3,3,1.7305363803602923e-15,6.950587883025605e-10,1.0,5089.866871509018,5222.128507569722,36823.1075347662,37680.61058802323,660.4348823259261
1372,4,Case3,6x8_173,82.0,-55.0,6x8,1,1,0.9999812841415405,1.87558434845414e-05,1.7746084549769003e-12,7472.678202325305,8016.980691400847,12685.558261871338,12678.550767795881,158.88998453436824
1373,5,Case3,6x8_174,-76.0,51.0,6x8,1,1,0.995621383190155,0.0043785846792161465,1.1686237914865227e-12,9047.427144463363,9076.46443973254,15764.211769104004,14328.442641466161,901.346689278227
1374,1,Case3,6x8_175,-73.0,85.0,6x8,1,1,1.0,1.7715743538815332e-08,7.548137462287663e-12,4298.767565050063,3751.8681824429304,8476.20136642456,7762.767026080708,514.9945048439746
1375,1,Case3,6x8_176,-36.0,30.0,6x8,2,2,3.683791760522581e-08,0.9902660250663757,0.009733874350786209,8548.896667769483,8153.962229402626,24884.28039932251,25814.82656370129,677.1859618718001
1376,5,Case3,6x8_177,25.0,-81.0,6x8,2,2,4.666550879051101e-08,1.0,2.8815895850020645e-11,7423.009736441361,7467.791059340761,31113.929184675217,31341.58872006589,244.06306929472203
1377,3,Case3,6x8_178,27.0,63.0,6x8,2,2,6.726694209646666e-06,0.9999933242797852,1.186367670769073e-10,8265.42436139755,8067.3503868326325,28932.5890045166,28523.814189788016,266.58325332819135
1378,4,Case3,6x8_179,73.0,-44.0,6x8,1,2,0.0022503798827528954,0.9977496266365051,3.054503178168133e-11,8955.63071410123,8956.639623094654,18908.00440979004,18781.081270146722,106.92453365969375
1379,2,Case3,6x8_180,-14.0,88.0,6x8,2,2,7.459228790196448e-09,1.0,6.691047022000518e-11,6545.629000487574,6631.131486892878,34994.410708904266,35202.103246234205,301.3947131594403
1380,2,Case3,6x8_181,88.0,45.0,6x8,2,2,0.06938350945711136,0.9306164979934692,5.3255649890004975e-11,8451.107427438883,8862.990151107922,19176.272129058838,18820.66752665371,206.66500733069967
1381,3,Case3,6x8_182,-14.0,42.0,6x8,2,2,7.000586221828087e-10,0.9996451139450073,0.0003549190587364137,7194.064545145668,7086.289002443642,34222.03645515442,35009.491115559205,575.2677947530128
1383,1,Case3,6x8_184,83.0,43.0,6x8,2,2,0.00019814848201349378,0.9998018145561218,1.519009744377353e-11,8463.30543035326,8630.48330953982,20192.0601272583,19948.955774678536,176.93992832568117
1384,2,Case3,6x8_185,-18.0,49.0,6x8,2,2,3.2775222535974535e-08,1.0,2.2219165174419686e-08,7673.002966797708,7610.136134316628,32798.60225439072,32951.45542453665,238.8117369153794
1385,3,Case3,6x8_186,-54.0,1.0,6x8,2,2,1.3834333852102976e-11,0.9940065145492554,0.0059934137389063835,6935.904182205977,6595.87392842428,37927.22586289048,37961.15955839678,86.16321131510063
1386,3,Case3,6x8_187,-47.0,-37.0,6x8,2,2,0.0026018572971224785,0.9973981380462646,1.0243959458478002e-08,9606.501330315676,9637.167408744912,19459.410552978516,19662.67376018984,173.95245421500664
1387,3,Case3,6x8_188,-40.0,56.0,6x8,1,2,0.3557876944541931,0.6442123055458069,3.238644075143071e-11,9675.16863801265,9789.069333278047,18709.24757385254,18799.527340588324,171.14745331772232
1389,3,Case3,6x8_190,-80.0,40.0,6x8,2,2,0.00010257364920107648,0.9998973608016968,3.0311399223936775e-11,8422.872777840304,8857.647511826664,21871.981464385986,21828.422644546452,91.85833966265089
1390,2,Case3,6x8_191,-75.0,6.0,6x8,2,2,7.682333102998484e-10,0.9999994039535522,5.695558229490416e-07,6422.412645482792,6532.444901136218,36881.030034542084,37619.99570689681,601.1570376158558
1391,5,Case3,6x8_192,89.0,-86.0,6x8,1,1,1.0,1.941785177095312e-09,2.2239142818958335e-11,3263.2384852150544,3302.058324889257,7514.056431770325,7238.825147952301,183.96253570778995
1392,2,Case3,6x8_193,48.0,41.0,6x8,1,1,0.7160102128982544,0.283989816904068,1.4338376042033474e-09,10138.970888222835,9925.651487502719,17494.41123199463,17766.982583932917,186.66125531333958
1393,2,Case3,6x8_194,-11.0,-16.0,6x8,3,3,6.37523413509096e-15,3.9641118165789635e-10,1.0,5228.982367353595,5234.3718175352715,36571.86664223671,36510.68402129886,143.5298500925854
1394,1,Case3,6x8_195,12.0,71.0,6x8,2,2,2.981707547533574e-09,1.0,9.275964718558072e-11,6943.969177304097,6818.2918434688345,36307.831359386444,36432.096384178316,143.36989917521637
1395,4,Case3,6x8_196,-32.0,84.0,6x8,2,2,5.421384230430704e-07,0.9999994039535522,8.123292316586372e-11,7819.0313174857465,8041.16235505675,27077.732695817947,28192.151109521255,792.2459736428373
1396,5,Case3,6x8_197,-80.0,-38.0,6x8,2,2,5.3057767217978835e-05,0.9999468326568604,5.0233143866762475e-08,8318.639383663185,8566.129197772256,23104.887689590454,23070.986308197193,53.763469793135954
1397,5,Case3,6x8_198,-82.0,-53.0,6x8,1,1,0.999775230884552,0.00022472125419881195,4.103813643074883e-12,8013.239517912473,8580.663279318538,13509.727100372314,13379.328659471728,300.9322640026513
1399,4,Case3,6x8_200,88.0,-42.0,6x8,2,2,5.363777745515108e-05,0.9999463558197021,1.237162594591723e-10,8369.427687454398,8411.566668936806,20877.812116622925,20954.794818431124,104.2172071071215
1400,2,Case3,6x8_201,-73.0,-27.0,6x8,2,2,1.8142351621008856e-08,0.9999401569366455,5.9797472204081714e-05,7833.200873076521,7812.945414032183,29774.032919727266,30224.543034621187,355.6034615492717
1401,2,Case3,6x8_202,-24.0,-76.0,6x8,2,2,2.011724745898391e-06,0.9999979734420776,5.337083552880983e-10,7562.042931729598,7596.189469872351,31578.735417425632,31944.510963596047,336.8388859664903
1402,2,Case3,6x8_203,33.0,58.0,6x8,2,2,0.0033193593844771385,0.9966805577278137,1.215009620691987e-10,8922.736624749012,8824.837139688796,23818.8722114563,23917.08832603199,196.61979889359364
1404,1,Case3,6x8_205,-58.0,-50.0,6x8,1,1,0.9993177652359009,0.0006822082214057446,3.688933652903209e-13,10472.657888161299,9810.017656391035,14659.891571044922,14365.36989361971,170.9421018718493
1405,1,Case3,6x8_206,4.0,90.0,6x8,2,2,3.003275406143757e-10,1.0,1.972498414604118e-10,6074.178893100809,5954.0385727154935,35691.74726486206,36776.33639760662,684.1901575763567
1406,1,Case3,6x8_207,19.0,-83.0,6x8,2,2,7.1504393517329845e-09,1.0,1.1593469517734434e-09,6869.886997972456,7003.802114124161,33745.33498287201,33775.79921887293,120.99357018657525
1408,4,Case3,6x8_209,58.0,-69.0,6x8,1,1,0.9999984502792358,1.6039350612118142e-06,4.2720042997893004e-13,7789.59403319423,7267.266388204234,11928.541625976562,11273.851067828502,369.9714166650847
1409,3,Case3,6x8_210,-10.0,23.0,6x8,3,3,1.6535394337406292e-14,6.248126283026068e-07,0.9999994039535522,5824.119094159258,5938.0665032873985,36487.62014293671,36223.430005023234,316.8957977702971
1410,3,Case3,6x8_211,55.0,-59.0,6x8,1,1,0.9999679327011108,3.205478424206376e-05,1.0165961361564488e-13,8978.187506220806,9423.852338360688,12645.484909057617,12880.89092919798,201.9642528736776
1411,5,Case3,6x8_212,-63.0,54.0,6x8,1,1,0.9999011754989624,9.880869038170204e-05,3.599618975287655e-13,9101.960891233519,9375.211005790981,12869.153778076172,12939.927019660307,147.86973653296886
1412,4,Case3,6x8_213,67.0,-42.0,6x8,1,2,0.0014693904668092728,0.9985306262969971,4.887214244408966e-11,9206.72136326551,9142.901884440484,19318.765064239502,19202.896230712624,95.6268442269972
1413,1,Case3,6x8_214,63.0,-14.0,6x8,2,2,1.2689996276016302e-10,0.9999966621398926,3.3469104891992174e-06,7290.130246442609,7070.665841779659,35777.06127180159,35621.18102312298,105.10978224666067
1416,4,Case3,6x8_217,21.0,56.0,6x8,2,2,4.476826802601863e-07,0.9999995231628418,4.697274569309684e-09,7964.986209461052,7781.5510580338505,31890.01699630916,31919.20187454745,92.68125942483273
1418,4,Case3,6x8_219,-7.0,65.0,6x8,2,2,8.365033110635522e-10,1.0,1.1856228221418519e-09,6930.127787248348,6956.566460573884,37508.93577504158,36931.30862923328,399.24979759044913
1419,5,Case3,6x8_220,14.0,-23.0,6x8,3,3,6.995496711200908e-14,6.551696856149647e-07,0.9999994039535522,5959.955807120186,6496.213401654697,35741.71966743469,35674.54863218619,169.82557737907143
1420,2,Case3,6x8_221,74.0,-56.0,6x8,1,1,0.9999973773956299,2.681928435777081e-06,8.56767303994031e-15,8090.578951756315,8145.393529448511,12261.87915802002,11952.202070026366,412.1155071280929
1422,3,Case3,6x8_223,-78.0,-48.0,6x8,1,1,0.8829917311668396,0.11700824648141861,2.149267569473423e-11,8840.226574770282,9194.4880868773,17212.463150024414,16226.366742758957,599.297317589306
1423,1,Case3,6x8_224,-4.0,-43.0,6x8,3,2,5.845973150009343e-10,0.9993703961372375,0.0006296178908087313,6764.1115453021275,6419.875056387163,37047.11306476593,38129.384113164466,735.2116732569879
1424,5,Case3,6x8_225,2.0,-73.0,6x8,2,2,1.971480090290356e-09,1.0,6.211931524724434e-10,6553.010319310652,6652.593769524401,37281.19411754608,37838.35103195686,341.2435415086563
1425,5,Case3,6x8_226,-42.0,80.0,6x8,2,2,0.009543565101921558,0.9904564023017883,8.951601265794196e-11,8552.20040250302,8826.338931437436,20635.96471786499,20713.922020938462,165.23804371101872
1426,1,Case3,6x8_227,-42.0,-6.0,6x8,3,3,3.1212567253025014e-12,0.023096976801753044,0.9769030809402466,6693.42287489041,6368.3206912748665,36662.48963356018,37100.38730951906,484.26928708671744
1427,1,Case3,6x8_228,60.0,-31.0,6x8,2,2,1.0859946542041143e-06,0.999998927116394,4.626134852969699e-08,8738.366091642509,8457.13847741446,25650.132709503174,25674.702385633762,36.80831106807613
1428,5,Case3,6x8_229,42.0,86.0,6x8,2,2,0.0024551560636609793,0.9975448250770569,1.6243510703173314e-10,8381.00800029211,8644.301006077121,20871.077533721924,21067.65586144135,286.9909218782936
1430,2,Case3,6x8_231,-69.0,24.0,6x8,2,2,1.093065304935692e-09,0.9999994039535522,5.958918336546049e-07,7857.202257117829,7699.60647470382,31365.772940337658,31732.016811063288,297.6061320325701
1431,5,Case3,6x8_232,-8.0,-27.0,6x8,3,3,2.557343171862708e-13,2.7582498660194688e-05,0.9999724626541138,5850.978171923159,6144.909394702298,36499.58576965332,36738.76945370351,268.8807264964945
1432,4,Case3,6x8_233,61.0,-20.0,6x8,2,2,7.288298436991525e-11,0.9999971389770508,2.8877345812361455e-06,7748.886318284446,7601.042748493766,33002.07320702076,33237.64212861893,300.21832893204606
1433,3,Case3,6x8_234,-49.0,-40.0,6x8,1,2,0.2911301255226135,0.7088698744773865,1.601632271253095e-09,9970.38659431247,10121.833730392476,17933.274459838867,18038.57068883772,127.42133268718577
1434,2,Case3,6x8_235,-62.0,7.0,6x8,2,2,8.448522437198847e-11,0.9999982118606567,1.8393146774542402e-06,7078.423705696617,6857.744451395423,37531.34736967087,37438.720289098674,155.54339450348667
1435,1,Case3,6x8_236,16.0,-57.0,6x8,2,2,1.869195557446801e-06,0.9999980926513672,2.7053112527930523e-10,7628.289549770601,7407.578338550473,34648.86843544245,34091.30850225598,424.0451586037423
1436,5,Case3,6x8_237,-32.0,66.0,6x8,2,2,0.00023158371914178133,0.9997684359550476,3.1430223007555824e-11,8548.647654237193,8430.271568465452,25876.330978393555,26169.62028223118,245.60763694661304
1437,4,Case3,6x8_238,64.0,-22.0,6x8,2,2,1.6739794272968567e-10,0.9999995231628418,5.163663558960252e-07,7889.215706722138,7708.946998317158,32152.48348426819,32159.637518256113,224.42579950404559
1438,2,Case3,6x8_239,30.0,17.0,6x8,3,3,7.845908303475216e-14,3.961949914810248e-06,0.9999960660934448,6747.046115477801,6425.414136479865,33418.43165397644,35210.313663363726,1358.8577580729095
1439,1,Case3,6x8_240,53.0,26.0,6x8,2,2,2.0342731943401304e-09,0.999474823474884,0.0005251601687632501,8363.402857447778,7992.808283287978,28078.979966163635,28812.59833485844,545.2919762465583
1440,1,Case3,6x8_241,13.0,6.0,6x8,3,3,1.3378066321021679e-14,4.875640863266639e-11,1.0,4704.787468038525,5171.603768832848,36269.21293282509,36716.185087197104,878.9967374046214
1441,1,Case3,6x8_242,-31.0,60.0,6x8,2,2,0.00021422634017653763,0.999785840511322,3.2386068653245115e-12,8739.001060592402,8462.035942295031,25660.53000831604,26118.673267564736,322.71465141102834
1442,1,Case3,6x8_243,-63.0,-63.0,6x8,1,1,0.9999988079071045,1.217837052536197e-06,1.0044543322096366e-12,7559.22667347828,7395.157324171901,11283.315803527832,10694.83442115307,380.9848048464153
1443,3,Case3,6x8_244,85.0,-58.0,6x8,1,1,0.9999973773956299,2.5908138923114166e-06,6.594968711762239e-13,6607.7843090574115,7390.8844289278095,11607.80205154419,11743.104251184375,133.61276097653334
1445,5,Case3,6x8_246,60.0,61.0,6x8,1,1,0.999954342842102,4.5672873966395855e-05,1.1487708570859234e-12,8105.285428792315,8135.787498223502,11728.886848449707,11644.24861353857,67.6834228312046
1446,3,Case3,6x8_247,-83.0,78.0,6x8,1,1,1.0,4.176213508344517e-08,2.3018467340540916e-11,3927.089122401204,3965.307538355914,8077.906858444214,7799.948178124961,171.19453654112328
1447,4,Case3,6x8_248,6.0,27.0,6x8,3,3,6.97424702624655e-14,6.369705261022318e-06,0.9999936819076538,5791.7739625133845,6121.1929853237725,36765.45414066315,37167.90317241185,247.03709879908627
1448,1,Case3,6x8_249,6.0,16.0,6x8,3,3,2.8857254195398642e-15,2.2413365607931723e-10,1.0,5014.305032626578,4991.256717145587,36650.955443531275,37525.6264355961,705.1619489169848
1449,4,Case3,6x8_250,-47.0,64.0,6x8,1,1,0.995918333530426,0.0040817419067025185,3.1499945880864022e-12,9722.968671250654,9198.462450594934,16264.392684936523,15592.44146016241,418.8084779676706
1450,3,Case3,6x8_251,-69.0,0.0,6x8,2,2,7.064528649569635e-12,0.9999933242797852,6.658669008174911e-06,6711.061950537175,6411.496146997309,37716.01933825016,38679.268643665906,765.9497161674277
1451,1,Case3,6x8_252,-82.0,-45.0,6x8,2,2,0.3541390597820282,0.6458609104156494,4.511436710319394e-11,8573.790222531932,8671.771180559785,18991.271076202393,17828.102949020962,720.3826071381332
1452,2,Case3,6x8_253,56.0,-34.0,6x8,2,2,0.00022875341528560966,0.9997711777687073,4.057379143773687e-08,9076.25692555082,9043.71372808094,22711.182048797607,22436.897522883803,161.0215073017269
1453,4,Case3,6x8_254,-75.0,-17.0,6x8,2,2,2.565604152737766e-11,0.9999998807907104,8.009643437389968e-08,6985.666126218877,7194.502172979367,34658.53632116318,35176.674975425696,409.1262136561515
1454,5,Case3,6x8_255,32.0,-60.0,6x8,2,2,0.015707718208432198,0.9842922687530518,3.4948965943470967e-10,8800.27444921991,8620.526506557777,24929.107805252075,24815.540657176134,198.4248190084425
1455,1,Case3,6x8_256,-25.0,-11.0,6x8,3,3,3.351013534719097e-15,2.7290749660124902e-09,1.0,5843.190840480883,5225.7876987637355,36087.1326007843,36993.024013824775,940.5239474503926
1456,2,Case3,6x8_257,65.0,80.0,6x8,1,1,0.9999997615814209,1.9503443127177889e-07,2.4320699466384536e-14,5664.080186782016,5315.032119371537,9788.989952087402,8908.789668558564,626.8731817229557
1457,5,Case3,6x8_258,54.0,-18.0,6x8,2,2,1.0538331318699079e-10,0.9998154044151306,0.00018462236039340496,7728.867450559708,7431.744206808022,33358.00868475437,34079.16857783255,569.0993121084307
1458,5,Case3,6x8_259,-6.0,38.0,6x8,3,2,6.912084793420092e-10,0.9272502660751343,0.07274971902370453,6503.150773829434,6642.3822491691135,36540.38571357727,36772.677673057435,195.21188411306528
1461,3,Case3,6x8_262,-57.0,76.0,6x8,1,1,0.9999637603759766,3.621832365752198e-05,2.0639475371841964e-12,7558.61398659881,6658.479325053822,11929.749137878418,10923.208383940502,756.9950516829233
1463,2,Case3,6x8_264,87.0,-65.0,6x8,1,1,1.0,1.2074361954717006e-08,1.0260997780620063e-14,5305.039548140751,5998.17214044942,9715.960308074951,9562.207162584686,115.9808113826044
1464,5,Case3,6x8_265,-25.0,-84.0,6x8,2,2,5.6415430549350276e-08,1.0,1.6089454768497546e-10,7364.07269066722,7373.232723730085,31080.692709445953,32053.396629911545,763.1016681615575
1465,3,Case3,6x8_266,-26.0,-39.0,6x8,2,2,1.205663977543736e-07,0.9999938011169434,6.125394065747969e-06,8088.4267124801745,8328.751107242515,26895.88272190094,26204.47922725717,473.0599561195401
1466,3,Case3,6x8_267,-33.0,-46.0,6x8,2,2,0.013958585448563099,0.9860413670539856,3.2167655206194468e-09,9075.226822935181,9396.24241234309,21948.852729797363,20681.534648435198,861.7808745171383
1469,1,Case3,6x8_270,10.0,76.0,6x8,2,2,7.47145678658967e-10,1.0,8.584102872966071e-11,6608.6895829612595,6498.069976877393,36378.26493644714,36989.55663994979,492.38039094070206
1470,5,Case3,6x8_271,-30.0,50.0,6x8,2,2,0.004945699125528336,0.9950542449951172,1.8843070159757502e-10,8791.8371612224,9096.905395387917,24624.884134292603,23586.814842704414,698.0488831505587
1473,3,Case3,6x8_274,30.0,-25.0,6x8,3,3,1.9735792861075296e-11,0.003228679532185197,0.9967712759971619,7630.3017033136175,7405.00355258907,29556.07977771759,29896.422281920535,281.5849949847777
1474,5,Case3,6x8_275,80.0,-20.0,6x8,2,2,1.0596521438088757e-09,1.0,2.0483470919430147e-08,7032.5052651227315,7253.795476496498,33411.7796984911,33718.60071778653,270.7026957803754
1475,2,Case3,6x8_276,-88.0,70.0,6x8,1,1,1.0,2.6057673352397615e-08,1.7494174647325958e-14,4574.052525793893,5009.243141913965,8807.066261291504,8555.492565669078,161.96791234364662
1476,3,Case3,6x8_277,57.0,88.0,6x8,1,1,0.9999617338180542,3.820797064690851e-05,6.075437895824987e-12,6725.494631969182,6179.566146152896,11914.519344329834,10521.513197877372,1000.8248726068257
1477,2,Case3,6x8_278,18.0,78.0,6x8,2,2,8.610644641748877e-09,1.0,1.2493704681926232e-10,6994.610887125247,7063.569012669703,34242.59471428394,35194.14981124633,739.462293461222
1479,1,Case3,6x8_280,-31.0,-12.0,6x8,3,3,1.1419314488957371e-14,4.54300021601739e-07,0.9999995231628418,6447.859363591536,5881.7838582779805,35183.37922668457,36559.817224392005,1174.6576473040957
1480,3,Case3,6x8_281,-72.0,-17.0,6x8,2,2,9.060688310746912e-11,0.9999940395355225,5.991415036987746e-06,7202.390950658451,7140.018528090018,34721.428447917104,34785.72804467412,111.10866579436761
1481,4,Case3,6x8_282,25.0,-74.0,6x8,2,2,1.423785676024636e-07,0.9999998807907104,9.089942687445784e-11,7661.928819118145,7572.6751497855685,31027.632568597794,30992.185578605466,75.81821053227962
1482,1,Case3,6x8_283,34.0,-21.0,6x8,3,3,4.885620987632455e-12,0.002194190863519907,0.9978057742118835,7418.9342705987065,7150.400356403503,30713.59774684906,32048.91021453945,1014.0372783111321
1483,5,Case3,6x8_284,16.0,16.0,6x8,3,3,7.25712079405888e-15,1.7790127149197588e-09,1.0,5666.968376549154,5817.494437026453,36179.35737705231,36214.54049359869,218.04456730274416
1484,1,Case3,6x8_285,-21.0,55.0,6x8,2,2,8.889392120181583e-07,0.9999991655349731,1.9648508514658047e-11,7927.092649356544,7840.228522622807,31780.06294933334,31451.69251350902,247.0041130799843
1485,2,Case3,6x8_286,40.0,-87.0,6x8,2,2,0.02740754932165146,0.9725924730300903,3.6580367207550424e-11,8307.12792888511,8683.568304591865,22103.942890167236,22359.53681961012,266.96488560327515
1486,4,Case3,6x8_287,-77.0,22.0,6x8,2,2,5.190280497058275e-11,1.0,3.1541620426622785e-09,7289.995661164521,7524.662020644618,32600.262277796865,32588.505891067613,68.37490956191982
1487,3,Case3,6x8_288,37.0,70.0,6x8,2,2,0.00033743242966011167,0.9996625185012817,9.702951116186131e-12,8722.215526615664,8695.546226064153,22944.639335632324,23243.833496574287,257.76480235683704
1488,3,Case3,6x8_289,-9.0,44.0,6x8,2,2,9.284070179305104e-10,0.9984288811683655,0.001571100321598351,6906.853491022047,6798.479991008435,36149.827916145325,37086.271315612496,632.7688032802969
1489,1,Case3,6x8_290,20.0,-82.0,6x8,2,2,1.009362637915956e-08,1.0,7.912863142500726e-10,7056.508461354513,7089.840673219619,33394.8585934639,33388.082094005455,90.79400446948557
1491,2,Case3,6x8_292,71.0,-88.0,6x8,1,1,1.0,3.0914681925509058e-09,1.557306800875624e-13,4440.792589714523,3973.2332889626095,8665.215435028076,7772.538549806601,634.1748483123882
1492,1,Case3,6x8_293,-28.0,11.0,6x8,3,3,5.569238663581709e-15,3.852764152156851e-08,1.0,6153.353974245149,5609.057520533659,35796.95371437073,37336.58550871532,1322.074380086851
1494,2,Case3,6x8_295,-84.0,-9.0,6x8,2,2,6.315615141971875e-09,0.9999988079071045,1.2051361863996135e-06,6274.695035308122,6532.857142599879,35747.97952961922,36440.362595350845,527.7276945178965
1495,5,Case3,6x8_296,-48.0,82.0,6x8,1,1,0.8510763049125671,0.14892375469207764,2.1798310378962071e-10,8675.147398280957,8742.483837624324,17442.02188873291,16237.032810967492,678.1996961302708
1496,4,Case3,6x8_297,-13.0,-4.0,6x8,3,3,9.545930872482088e-15,2.985917346709499e-10,1.0,4763.426686540797,5216.308107124036,36202.91110479832,37087.08067900985,1090.3982823497674
1497,1,Case3,6x8_298,-19.0,-23.0,6x8,3,3,1.2609025965264892e-13,3.7614809116348624e-06,0.9999961853027344,6549.298616527987,6601.7499401368605,34338.11218833923,33537.403700355724,490.7263773298461
1498,2,Case3,6x8_299,5.0,-32.0,6x8,3,3,5.722752566966749e-12,0.0010993456235155463,0.9989006519317627,6169.698890063019,6286.701027738424,36711.27350616455,36736.81296180972,150.16687951328535
1499,2,Case3,6x8_300,51.0,46.0,6x8,1,1,0.9880942702293396,0.011905723251402378,1.7901532686770416e-11,10662.987299966431,10280.830631932884,15722.65591430664,16147.300738570357,321.8502576010543
1500,3,Case3,8x8_001,65.0,19.0,8x8,2,2,1.1951173384261438e-10,0.9995214939117432,0.0004784670891240239,5249.885931590668,5163.216656719722,34452.03413248062,34402.52190559474,142.95470374794664
1501,5,Case3,8x8_002,40.0,-51.0,8x8,2,2,9.351277549285442e-05,0.9999064207077026,2.266798659888991e-08,7021.8386147931415,6914.427033793054,18412.525003433228,18123.976033284944,227.42119054861334
1505,3,Case3,8x8_006,-15.0,-74.0,8x8,2,2,5.042466000304557e-09,0.9732040166854858,0.026795953512191772,4657.426772073546,4417.2022184876,35881.84691384435,36273.631115179785,456.1900918686459
1506,3,Case3,8x8_007,51.0,-83.0,8x8,2,1,0.7553651332855225,0.24463480710983276,4.493794503179771e-10,5358.561529995737,5234.015096047337,15783.713052749634,13539.15502984261,1527.3034167208464
1507,2,Case3,8x8_008,86.0,9.0,8x8,3,3,1.1768964691682982e-09,0.09510624408721924,0.9048938155174255,3983.205115277853,4450.498286628403,35154.51866543293,36740.601149787224,1071.994329269452
1508,2,Case3,8x8_009,-63.0,21.0,8x8,2,2,5.2851223397709646e-11,0.9998356103897095,0.00016436685109511018,5483.825365886914,5386.522214900322,33315.96741056442,33697.28896190205,308.2185205562715
1509,5,Case3,8x8_010,-74.0,83.0,8x8,1,1,0.9977536797523499,0.0022463654167950153,1.057392728931461e-09,3176.3702391040138,2775.434395704836,9171.731014251709,8605.662735257876,390.6373163430402
1510,5,Case3,8x8_011,-39.0,-9.0,8x8,3,3,2.34538023259677e-15,1.8747208230252e-08,1.0,5553.11723712837,5485.342055141588,36482.12752723694,37515.29362199405,970.6039769633277
1511,5,Case3,8x8_012,-56.0,9.0,8x8,2,3,7.41160084694048e-12,0.44720757007598877,0.552792489528656,5279.982570696419,5099.756933493752,37665.944999694824,37848.386077151845,304.75043644861734
1512,3,Case3,8x8_013,61.0,33.0,8x8,2,2,7.708754523605421e-09,0.999903678894043,9.624483936931938e-05,6095.091333950158,5966.441343366691,24898.351163864136,24288.095256749002,395.1112350532303
1513,5,Case3,8x8_014,19.0,79.0,8x8,2,2,4.4170365143259005e-09,1.0,2.130622434037832e-08,4626.262337022605,4499.254363752964,34300.86974918842,34336.50115058115,198.26074228427495
1514,4,Case3,8x8_015,35.0,60.0,8x8,2,2,5.177392449695617e-05,0.999948263168335,7.0075634184263436e-09,6236.716872559574,6134.591323517363,23225.473264217377,22270.70720505547,640.2268568293564
1515,1,Case3,8x8_016,75.0,-61.0,8x8,1,1,0.9999314546585083,6.855695392005146e-05,6.852223324339823e-13,5549.9100503634645,5247.1367497704505,5370.413635253906,11105.515907127152,4411.753668890227
1518,2,Case3,8x8_019,-79.0,29.0,8x8,2,2,5.057509411265926e-10,0.9999990463256836,9.107629921345506e-07,5027.526667669692,5111.359545999854,29322.26257455349,29079.635851575298,126.38599202717027
1519,1,Case3,8x8_020,-2.0,48.0,8x8,3,3,4.70205575864302e-11,0.08117738366127014,0.9188226461410522,5540.376296649255,5331.962265037841,38193.06614303589,38148.33684381022,82.67667606727912
1520,2,Case3,8x8_021,-49.0,-67.0,8x8,2,1,0.8164604902267456,0.1835395246744156,9.835372100086559e-11,6311.469582236376,6322.524273774897,15547.08102607727,15556.200870731378,79.9492696381786
1521,4,Case3,8x8_022,43.0,-33.0,8x8,2,2,3.239940982169287e-09,0.988667905330658,0.011332031339406967,6874.43643120363,6787.129059631647,22527.435329034925,23090.11397754242,402.43996483743564
1522,2,Case3,8x8_023,62.0,-67.0,8x8,1,1,0.999968409538269,3.1587042030878365e-05,9.937993624645897e-14,5740.128486120003,5467.707109557707,11286.691679000854,9740.505352424148,1354.9764539227501
1523,1,Case3,8x8_024,30.0,75.0,8x8,2,2,2.3611482902197167e-07,0.9999997615814209,5.385751400410754e-09,5191.835791314596,5070.616010897174,28549.890460073948,28540.466936967285,71.35565853750853
1525,2,Case3,8x8_026,-81.0,73.0,8x8,1,1,0.9938575625419617,0.006142419297248125,7.112219146954146e-11,3332.922459357667,3226.124877809552,9307.78972530365,9153.163929380675,102.37841178724668
1529,3,Case3,8x8_030,15.0,-12.0,8x8,3,3,2.2540421287954972e-15,9.009352985867025e-11,1.0,5420.938910714249,5356.6022482291555,37365.155726894736,36837.009984210046,145.75227880381348
1530,2,Case3,8x8_031,-55.0,-62.0,8x8,1,1,0.9984966516494751,0.0015033796662464738,2.4078326138488038e-12,6883.1918046711235,6611.875663182875,13209.253517150879,13207.598249617284,52.56606812876925
1531,5,Case3,8x8_032,-19.0,-7.0,8x8,3,3,2.371624066159787e-15,1.5451806500976772e-11,1.0,5371.942930876189,5277.479167493642,37647.8641153276,38064.777170749774,635.7436468064666
1533,4,Case3,8x8_034,-43.0,-15.0,8x8,3,3,3.661851502361965e-14,4.914052988169715e-05,0.9999508857727051,5831.730698019243,5728.384652599351,34387.77961349487,35827.21563596505,1175.9523641530557
1534,1,Case3,8x8_035,70.0,81.0,8x8,2,2,0.005984486546367407,0.9940154552459717,1.25486865343305e-09,3633.3851980297864,3321.7733012447898,9670.358058929443,9170.942598176856,377.09084778196507
1535,3,Case3,8x8_036,8.0,25.0,8x8,3,3,1.0200928956857866e-15,7.27778282083591e-09,1.0,5474.213299871946,5412.9853631586,37337.51970100403,37317.50093035859,240.78652100352875
1536,4,Case3,8x8_037,-85.0,67.0,8x8,1,1,0.9120588898658752,0.08794108778238297,4.4926180831073026e-11,3813.9161898024972,3955.240330887414,10084.442770957947,8854.413914600724,892.0976795698098
1537,4,Case3,8x8_038,-56.0,52.0,8x8,1,1,0.9862927198410034,0.013707266189157963,1.1471373330407264e-11,7397.043263639474,7014.298912464042,13993.282787322998,13646.233235634103,230.0214448313175
1538,5,Case3,8x8_039,64.0,42.0,8x8,2,2,1.0954418030451052e-05,0.9999890327453613,2.769063378593728e-08,6285.040829903519,6206.1579095251045,19027.24028301239,18778.62147208563,176.18589847999232
1541,4,Case3,8x8_042,84.0,51.0,8x8,2,2,0.0005276976153254509,0.9994723200798035,1.0798086869101553e-09,5348.180374441878,5456.020527910699,15812.822853565216,15535.835251933808,193.19536150230485
1542,1,Case3,8x8_043,79.0,-71.0,8x8,1,1,0.9990999698638916,0.0009000160498544574,2.4787416910698745e-11,3642.6658084653036,3471.056984380189,9602.93884563446,9375.585872165417,203.3222311708944
1544,3,Case3,8x8_045,-18.0,-35.0,8x8,3,3,1.5469814014859584e-12,0.001349507481791079,0.9986504912376404,5928.598590199871,5832.782547120871,32856.90267294645,32314.76942743315,421.01275773368565
1545,1,Case3,8x8_046,-76.0,-77.0,8x8,2,2,0.003454948076978326,0.9965450167655945,3.0689795149640986e-10,3347.7292768776624,3085.5495474425143,9243.324171066284,8934.354236385861,227.9746584458779
1546,1,Case3,8x8_047,42.0,27.0,8x8,2,3,5.115385545706452e-12,0.019387222826480865,0.9806128144264221,6450.379956556271,6329.821455918604,26675.51511862874,28608.410486978355,1403.5090587715285
1547,3,Case3,8x8_048,1.0,71.0,8x8,2,2,1.982299602243387e-10,0.9999860525131226,1.3970964573672973e-05,4553.660200435887,4290.992490205224,37461.26421266794,38701.58762877709,821.7711123493029
1548,4,Case3,8x8_049,-37.0,22.0,8x8,3,3,3.4135029330049915e-13,0.0006210603751242161,0.9993789196014404,6207.354961413228,6085.93375984368,30329.981103539467,32106.376796579516,1315.4744899559855
1549,4,Case3,8x8_050,-16.0,44.0,8x8,3,3,8.10710873433429e-12,0.020813943818211555,0.9791861176490784,5947.781685524517,5791.772797229141,33992.02436494827,34407.79351999258,404.4876603725358
1550,2,Case3,8x8_051,28.0,57.0,8x8,2,2,1.3881071403432088e-08,0.9999994039535522,5.568546725953638e-07,6126.628938420282,5913.990890026405,27947.16068172455,27860.576581162924,108.7364100326366
1551,3,Case3,8x8_052,-79.0,34.0,8x8,2,2,8.334982481983388e-09,0.9999997615814209,2.4815020083224226e-07,5220.891009173367,5247.557743570785,26073.660051018,25721.820144463523,219.48782253223487
1552,2,Case3,8x8_053,3.0,87.0,8x8,2,2,1.6331277441494763e-09,0.9999887943267822,1.120173965318827e-05,3943.115029893595,3834.799379667342,35311.39213657379,37011.552945555435,1193.220390153717
1553,5,Case3,8x8_054,-17.0,-44.0,8x8,3,3,2.8069565768951144e-11,0.0287032350897789,0.9712967276573181,5908.987445203608,5740.522007240701,33442.87475442886,34079.6683652854,468.3953910513247
1554,3,Case3,8x8_055,44.0,-49.0,8x8,2,2,0.0005192356184124947,0.9994807839393616,6.383563544432036e-08,7442.492046960056,7149.147054068337,16585.514389038086,16625.501612036198,95.6460921870636
1555,5,Case3,8x8_056,67.0,-19.0,8x8,2,2,6.233102922692524e-11,0.9999619722366333,3.796878445427865e-05,5132.090918845852,5141.112461734875,34542.23857961595,34711.627657910605,206.14226066540502
1556,4,Case3,8x8_057,2.0,74.0,8x8,2,2,4.85466944422086e-10,0.998823344707489,0.0011766544776037335,4344.4968603083435,4110.052379034506,36923.884520709515,38121.46752797632,738.0884199674662
1557,3,Case3,8x8_058,82.0,19.0,8x8,2,2,7.009777203137446e-10,0.9992559552192688,0.0007440857589244843,4489.293875571406,4693.920068414719,34094.537759148516,34771.534482611976,454.8010323448803
1558,4,Case3,8x8_059,14.0,3.0,8x8,3,3,2.582636066946831e-15,8.289047920273518e-11,1.0,4921.611228210336,4783.066832891755,37254.16969817877,37402.094942241274,568.0935333974049
1559,2,Case3,8x8_060,44.0,-84.0,8x8,2,2,0.0007952262531034648,0.9992048144340515,3.4212296884383875e-10,5283.577696641293,5469.988783430386,19657.016021072865,20347.371470123064,497.87984778305133
1560,2,Case3,8x8_061,0.0,-52.0,8x8,3,2,6.760180193410292e-10,0.8354054093360901,0.1645946055650711,5259.409566822118,5229.969644498245,38522.6861243248,38770.63729706175,198.47384847910897
1561,3,Case3,8x8_062,33.0,26.0,8x8,3,3,2.679750681338494e-13,0.0001628054742468521,0.9998371601104736,6530.413429655113,6128.840998296028,28590.272008255124,29113.786435049216,408.72732793674885
1562,3,Case3,8x8_063,-75.0,38.0,8x8,2,2,1.6260327129202778e-07,0.9999997615814209,7.721934736082403e-08,5538.664598345508,5500.813865073065,23101.30088479002,22393.97352981011,439.6813604407398
1563,3,Case3,8x8_064,-20.0,55.0,8x8,2,2,1.6570209648847367e-09,0.9999943971633911,5.642539235850563e-06,5779.840861607853,5587.42528595544,33048.32648563385,33076.716998886586,235.04675410970185
1564,5,Case3,8x8_065,72.0,31.0,8x8,2,2,3.962818517777578e-09,0.9999039173126221,9.608610707800835e-05,5388.663344614085,5527.790828202765,27711.084936166182,27884.71896490513,158.0251103602541
1566,4,Case3,8x8_067,-83.0,68.0,8x8,1,1,0.9110456705093384,0.08895432949066162,4.426091090858897e-11,3750.7804404152307,3789.3892290749736,9929.941216468811,8902.39360547156,751.5290374769796
1567,4,Case3,8x8_068,-26.0,-1.0,8x8,3,3,8.778265653539344e-16,7.635154175567038e-10,1.0,5350.398986052726,5024.670490179718,37865.17369174957,38605.57844306368,712.8250277643509
1568,5,Case3,8x8_069,-36.0,57.0,8x8,2,2,2.227078402938787e-05,0.999977707862854,2.0562847258265293e-10,6497.167422563909,6136.969017338019,21955.555240154266,21421.497898428177,391.8772955863587
1569,1,Case3,8x8_070,-89.0,-51.0,8x8,2,2,0.00038037067861296237,0.9996196031570435,9.239427556373414e-10,5274.035749725038,5242.541371378339,15877.536015510559,16400.756357952647,346.9412170202741
1570,2,Case3,8x8_071,-45.0,-29.0,8x8,2,2,1.2502806567837865e-09,0.6872520446777344,0.312747985124588,6502.998871865988,6465.073316626064,25363.053272992373,26455.366294264004,777.0625847641822
1571,4,Case3,8x8_072,-29.0,13.0,8x8,3,3,2.539009846756735e-15,1.82423338657145e-08,1.0,5647.739476774786,5590.041236511813,35803.52616024017,36941.32927540069,940.5602389549608
1572,4,Case3,8x8_073,-22.0,46.0,8x8,2,2,3.2410901740220766e-10,0.9670838117599487,0.032916124910116196,6119.742900706886,6002.834853377958,30582.436377763748,30342.739212479977,207.53067617665806
1573,4,Case3,8x8_074,-1.0,-8.0,8x8,3,3,2.357876297909376e-15,7.112739563996939e-11,1.0,4856.577143173642,4747.26868131175,35507.5942813158,37071.82595154297,1093.7861482212904
1574,5,Case3,8x8_075,-22.0,82.0,8x8,2,2,9.93679716287943e-09,1.0,4.51463089135018e-09,4608.206134035633,4499.705095213428,33021.91255390644,33599.59545621736,574.5755822683906
1575,4,Case3,8x8_076,50.0,5.0,8x8,3,3,4.4001447993026466e-13,0.008328414522111416,0.9916715025901794,5382.168414968588,5356.829904229893,38033.15480995178,38552.054593331,544.5927310112135
1578,4,Case3,8x8_079,-67.0,39.0,8x8,2,2,1.3927723330198205e-06,0.9999985694885254,7.286429593023058e-08,6044.526130261882,5926.756336223505,21509.75355052948,20968.00000924906,323.9269994871308
1579,4,Case3,8x8_080,-53.0,-64.0,8x8,1,1,0.8747591376304626,0.12524078786373138,3.07841876989734e-11,6644.6655795994875,6409.488732838281,13762.279037475586,13268.30205859938,344.72798599373675
1580,2,Case3,8x8_081,-38.0,-72.0,8x8,2,2,0.0009092850377783179,0.9990906715393066,1.7146428721304119e-09,5655.087621661269,5540.65107039649,22800.410252388567,22564.670631445722,181.8433679282789
1581,1,Case3,8x8_082,85.0,48.0,8x8,2,2,9.43535542319296e-06,0.9999905824661255,3.4561953299316883e-10,5286.125437731896,5282.575901320897,17366.951471805573,17425.249799292917,117.32530604615793
1582,5,Case3,8x8_083,-12.0,85.0,8x8,2,2,1.4406633663810453e-09,0.9999997615814209,2.8026923359902867e-07,4201.438323537264,3995.8756710446332,34981.966918326914,35970.53258898748,656.3908967295921
1583,4,Case3,8x8_084,77.0,-48.0,8x8,2,2,0.014502516947686672,0.9854975342750549,1.0922304838345553e-08,5623.585807680663,5687.357878774738,16997.38800096512,16673.95575509764,204.6948504593017
1584,1,Case3,8x8_085,45.0,75.0,8x8,2,2,0.001150372438132763,0.998849630355835,1.511439862156294e-10,5672.140705210102,5660.4588390156605,18537.99300956726,18096.08053150044,347.39771453139116
1585,2,Case3,8x8_086,-41.0,-54.0,8x8,2,2,0.0021644835360348225,0.9978355765342712,2.4063981918232002e-09,6930.272882243081,6579.692101828034,18110.54278564453,18113.416059516552,58.65320357204977
1586,1,Case3,8x8_087,-38.0,89.0,8x8,2,2,5.347097612684593e-06,0.9999946355819702,1.2093904766530272e-09,5040.058857679851,5043.047487450323,23587.148132503033,22961.41775471775,380.8397492965103
1588,3,Case3,8x8_089,18.0,-35.0,8x8,3,3,2.527921448558512e-12,0.0025268266908824444,0.9974731802940369,6098.592294911362,5782.675792605788,32880.70824846625,32895.47634263676,77.82116238969152
1589,4,Case3,8x8_090,-65.0,24.0,8x8,2,2,9.540328943513643e-11,0.9999793767929077,2.0568582840496674e-05,5520.991574004026,5443.821376912971,31734.275712013245,31519.15080533706,230.1126107139699
1590,5,Case3,8x8_091,11.0,36.0,8x8,3,3,1.916929288914293e-12,0.0016537003684788942,0.9983463287353516,5756.204223993358,5631.66282323515,35846.22623205185,35665.89537304088,265.6259394817261
1591,3,Case3,8x8_092,-38.0,-40.0,8x8,2,2,1.1413225564638196e-07,0.9997850060462952,0.0002148450876120478,7393.548918073455,7058.399892924853,20528.733144819736,19525.868117256476,695.3601712091779
1592,4,Case3,8x8_093,-70.0,-78.0,8x8,2,2,0.0006190192652866244,0.9993809461593628,3.58278212653218e-10,3790.5545394259084,3417.9474114147333,9775.115530014038,9329.111774204031,315.4941138158163
1593,3,Case3,8x8_094,73.0,-55.0,8x8,1,1,0.9951157569885254,0.004884251859039068,7.059484073701494e-12,5911.547476973112,5973.808356402265,13664.204362869263,12981.243577017574,498.5432368934791
1594,3,Case3,8x8_095,68.0,-30.0,8x8,2,2,1.3150193822752954e-08,0.9999144077301025,8.560782589484006e-05,5570.077008994459,5512.855529910519,28061.63241624832,27827.231247356118,131.42409342446152
1595,5,Case3,8x8_096,84.0,-52.0,8x8,1,2,0.17366786301136017,0.8263320922851562,1.1310694603139382e-09,5333.457020636271,5300.367493467474,15341.266901016235,14845.536500847222,379.7786133557214
1600,3,Case3,8x8_101,48.0,15.0,8x8,3,3,1.9424537932993813e-12,0.01402788981795311,0.9859720468521118,5707.6396820687,5507.703785712731,34836.17203330994,35347.55390223552,458.6165249548773
1602,1,Case3,8x8_103,66.0,14.0,8x8,2,2,3.1896475044534967e-11,0.9951367974281311,0.004863245878368616,5048.013179687234,5019.065022826206,36493.53687566519,37010.962105616316,442.06603116102997
1603,2,Case3,8x8_104,83.0,3.0,8x8,3,3,1.0488698104493821e-10,0.001956658437848091,0.9980432987213135,3947.690262640613,4411.225121529476,35629.24977374077,37254.463478491365,1212.0573956091541
1604,1,Case3,8x8_105,89.0,-77.0,8x8,1,1,0.9999555349349976,4.445178637979552e-05,1.186234582783996e-10,2807.0771366656504,2836.6088718570672,8777.520187541842,8690.939233996034,57.455245388917646
1605,1,Case3,8x8_106,-12.0,43.0,8x8,3,3,8.984023377664463e-13,0.0009428926277905703,0.9990571141242981,5757.3247083130245,5601.274120221445,35703.098172187805,36625.916445551506,705.7207685566575
1610,2,Case3,8x8_111,7.0,87.0,8x8,2,2,2.368958362808371e-09,0.9999958276748657,4.170381544099655e-06,3850.447344215616,3882.018369078716,35205.984220184386,36435.32503156312,858.7529559007231
1611,5,Case3,8x8_112,21.0,-8.0,8x8,3,3,3.176127277374212e-15,2.9361662406968136e-11,1.0,5391.9244752419545,5452.007940291436,37579.20257282257,37894.90058218486,513.9932547151627
1612,5,Case3,8x8_113,35.0,-2.0,8x8,3,3,1.5955468571387426e-15,9.83009562638415e-10,1.0,5381.040400223258,5388.668837407715,37568.754967689514,38282.25333367195,712.1515046102912
1613,2,Case3,8x8_114,-35.0,-78.0,8x8,2,2,0.00012803725257981569,0.9998719692230225,7.525822631748724e-09,5223.22926702861,5352.180211230623,25326.74476237595,24496.175456752433,558.9503233511003
1614,3,Case3,8x8_115,22.0,74.0,8x8,2,2,6.033654909032293e-09,1.0,6.297470989125031e-09,4962.814640314434,4783.52992823319,33171.169850587845,32985.068576161626,186.1997948256656
1615,1,Case3,8x8_116,12.0,-85.0,8x8,2,2,8.227127423765523e-09,0.9908889532089233,0.009111014194786549,4203.184483281064,4061.1700768886594,34982.29497691989,35708.55517803118,496.85573872892985
1616,3,Case3,8x8_117,-87.0,33.0,8x8,2,2,5.373458566992895e-09,0.9999997615814209,2.3945577254380623e-07,4879.189192698475,5074.722702207545,26881.77640904486,26597.429589966647,178.54364649579026
1617,4,Case3,8x8_118,54.0,-88.0,8x8,1,2,0.015948394313454628,0.9840515851974487,4.199167680241089e-09,5266.477018412107,5294.977126349462,14549.296549797058,13925.428127053598,410.05785172995434
1618,4,Case3,8x8_119,31.0,-10.0,8x8,3,3,1.2353958595045025e-15,5.376576961424462e-09,1.0,5527.860068546979,5439.227914968911,36448.9380569458,37572.95286836142,935.635860490938
1619,2,Case3,8x8_120,-58.0,-26.0,8x8,2,2,8.740100310156151e-10,0.9860261082649231,0.013973930850625038,5998.724240110403,6031.224594387258,29544.20613670349,29431.002703583086,60.85833532128257
1621,2,Case3,8x8_122,20.0,-73.0,8x8,2,2,1.2314015407355328e-07,0.9999942779541016,5.553464689000975e-06,4922.733945447431,4816.274321812871,34136.142651319504,34375.60506309614,175.04375642171385
1622,5,Case3,8x8_123,76.0,4.0,8x8,3,3,8.775802133598187e-12,0.0002368153800489381,0.9997631907463074,4320.21217350221,4059.0020129539234,36553.10387158394,37254.89625646333,555.4195094238044
1624,4,Case3,8x8_125,-3.0,72.0,8x8,2,2,5.715612427792394e-10,0.9991940855979919,0.0008058974053710699,4528.249823603524,4223.76517463337,37256.244676709175,38321.14407029039,599.192612662972
1625,4,Case3,8x8_126,-8.0,18.0,8x8,3,3,1.6318955820042664e-15,6.34085839390508e-10,1.0,5407.299045768533,5349.875638799028,37592.72018203139,37812.664963468495,226.23109222276247
1626,5,Case3,8x8_127,-66.0,77.0,8x8,2,2,0.4136303663253784,0.5863696336746216,2.0473274464638536e-10,4341.616095371216,3816.7530836672327,10391.44662284851,9961.579047499383,321.19731246474606
1627,3,Case3,8x8_128,59.0,-70.0,8x8,1,1,0.9987718462944031,0.0012280832743272185,6.349804796551561e-12,6171.577306306022,5582.885670637483,12474.834701538086,11086.780675934151,1217.0698756797126
1628,3,Case3,8x8_129,24.0,11.0,8x8,3,3,9.169657873246283e-16,2.893045802920824e-10,1.0,5607.855346922115,5277.763842098855,36924.69934082031,37317.215381403745,490.2332561108875
1630,4,Case3,8x8_131,41.0,53.0,8x8,2,2,0.0014434934128075838,0.9985565543174744,4.682442877879112e-09,6953.484298133568,6973.676661589657,17998.843620300293,17453.017019011404,370.40590224231556
1631,2,Case3,8x8_132,38.0,35.0,8x8,2,2,1.364090507216531e-09,0.9871542453765869,0.012845697812736034,7201.650528077289,6891.437657618113,22346.860164999962,22392.463270844863,120.72541554376528
1632,2,Case3,8x8_133,-21.0,37.0,8x8,3,3,1.0534260096173309e-11,0.01640661247074604,0.9835934042930603,6222.871446863896,6117.696776193992,30960.224705815315,31128.72225885208,156.1970802250897
1633,1,Case3,8x8_134,-56.0,37.0,8x8,2,2,1.1694176293985947e-07,0.9999971389770508,2.7460148430691333e-06,6592.751577507929,6549.136876105642,21046.521034240723,20901.995220971174,70.39278005561685
1634,1,Case3,8x8_135,39.0,-76.0,8x8,2,2,1.6475851225550286e-05,0.999983549118042,1.4291997585402783e-09,5528.130682211812,5294.4232154850115,22490.814384937286,23166.178181667332,435.90589258440025
1635,4,Case3,8x8_136,8.0,-68.0,8x8,2,2,2.248820907269078e-09,0.7959089875221252,0.20409096777439117,4763.886189528951,4662.518785315424,37831.80491554737,38237.483066129695,498.4995576890873
1636,2,Case3,8x8_137,68.0,53.0,8x8,2,2,0.48821738362312317,0.5117825865745544,1.0511062159546114e-10,6288.045847233345,6416.609688755409,14028.180269241333,13918.814539547151,72.97946591189398
1637,2,Case3,8x8_138,-28.0,-75.0,8x8,2,2,6.360950465023052e-06,0.9999935626983643,4.8173163236242544e-08,5143.737737882451,5096.298253625938,29817.38700258732,28862.06406052679,640.8751627582544
1639,4,Case3,8x8_140,1.0,-3.0,8x8,3,3,4.757775170881459e-15,7.399677398600701e-11,1.0,15115.76819325892,4760.149621562804,49075.25743578188,36094.54684187649,11898.325374868025
1643,5,Case3,8x8_144,-86.0,-39.0,8x8,2,2,3.5471802561914956e-07,0.9999955892562866,4.096408702025656e-06,5163.778739299267,5233.862723694467,22894.511475235224,23021.69526383299,150.6203071604316
1644,1,Case3,8x8_145,29.0,32.0,8x8,3,3,8.324896761530143e-13,0.0006383911822922528,0.9993615746498108,6818.732974453065,6495.383523156221,27395.850054502487,27441.31109989468,212.6783375614988
1647,5,Case3,8x8_148,46.0,-62.0,8x8,2,2,0.2681626081466675,0.7318373918533325,2.032160134612937e-10,6606.473821787559,6356.611928372899,16427.31901359558,16420.71259834121,94.37950077650648
1648,2,Case3,8x8_149,24.0,-59.0,8x8,2,2,1.320484876998762e-08,0.9999994039535522,5.635164939121751e-07,5827.379741392489,5576.106548160592,31077.613557338715,30741.52315276899,287.6849198441755
1649,2,Case3,8x8_150,15.0,-47.0,8x8,3,3,3.9641440130466776e-10,0.47121745347976685,0.5287826061248779,5720.393876130314,5603.561796033433,34766.721135139465,35235.98078012076,334.84010764567927
1650,1,Case3,8x8_151,-66.0,-82.0,8x8,2,2,0.0022048717364668846,0.9977951049804688,5.00878227782664e-10,4046.661424927777,3650.322904801535,10343.24330329895,9988.538142280295,284.120116139212
1651,3,Case3,8x8_152,-23.0,-66.0,8x8,2,2,5.8673951031096294e-08,0.9999254941940308,7.438868487952277e-05,5340.8502003192225,5190.168042963378,32376.21830677986,32156.29712168994,159.96324354788368
1652,5,Case3,8x8_153,50.0,-62.0,8x8,1,1,0.9235696792602539,0.07643033564090729,2.4890482036576955e-11,6766.683986551653,6572.254912188439,14654.877090454102,14523.009236286658,134.60312370250006
1653,2,Case3,8x8_154,-65.0,-65.0,8x8,1,1,0.9969292283058167,0.003070809179916978,2.684683421752543e-12,5451.491957366099,5416.636002399309,11043.120422363281,10118.017472427853,755.2151686349684
1654,4,Case3,8x8_155,11.0,-32.0,8x8,3,3,5.013500262184868e-14,6.8235663093219046e-06,0.9999932050704956,5754.902065569732,5690.716052911769,36103.71962308884,36598.99725010112,350.7692146297308
1655,5,Case3,8x8_156,70.0,-86.0,8x8,1,1,0.9998586177825928,0.00014142134750727564,2.3523386016854886e-10,3437.7435832611004,3007.518249026458,9607.4998254776,9045.195058350173,407.9595033209712
1656,3,Case3,8x8_157,78.0,-26.0,8x8,2,2,5.225453847401695e-09,0.9999550580978394,4.4916167098563164e-05,4936.949684400817,5055.19214242071,31075.81435775757,31115.40328581942,100.42131723538317
1657,4,Case3,8x8_158,17.0,-43.0,8x8,3,3,1.5050190260712526e-11,0.017752964049577713,0.9822470545768738,5946.100738257999,5906.319821340598,33390.24031829834,33599.54964258984,280.0680304315628
1659,4,Case3,8x8_160,47.0,-13.0,8x8,3,3,1.5397568203096013e-12,0.009040292352437973,0.9909597635269165,5683.696208764226,5685.723968463901,35639.37969779968,36698.39812455846,869.9823780570626
1660,3,Case3,8x8_161,-43.0,-45.0,8x8,2,2,9.551187395118177e-05,0.999902606010437,1.910724677145481e-06,7580.10665487782,7157.25398917476,17544.061140060425,16737.689860146103,547.6708073409163
1662,1,Case3,8x8_163,-84.0,28.0,8x8,2,2,3.6422617699649606e-10,0.9999979734420776,2.030672476394102e-06,4797.462136387985,4995.363087631806,29946.40360406041,30352.15919193319,336.79912975509785
1664,4,Case3,8x8_165,-5.0,10.0,8x8,3,3,3.662777139966725e-15,1.2559431272762822e-10,1.0,5090.810670592551,4911.36019192577,36302.99132877588,37358.61260561253,774.1965267875614
1665,3,Case3,8x8_166,-61.0,-3.0,8x8,2,2,6.6282621752344895e-12,0.9826306700706482,0.017369339242577553,4944.995286480741,4874.115132061961,38678.26850331575,38962.15514151768,321.6663309653123
1666,5,Case3,8x8_167,-4.0,-6.0,8x8,3,3,5.115614827360879e-15,6.933156306010435e-12,1.0,4873.765567150204,5694.098679760275,35330.09557723999,37842.685564954045,1977.0634831130876
1667,5,Case3,8x8_168,-5.0,-1.0,8x8,3,3,4.98488842096286e-15,6.396303191963382e-12,1.0,4920.797506811458,5674.638814179896,34969.51766073704,37844.31654867383,2204.3386545685703
1668,5,Case3,8x8_169,58.0,-70.0,8x8,1,1,0.9950679540634155,0.004932092037051916,2.6891381916388513e-12,6175.571353189595,5508.318244006993,12692.589544296265,11709.725821710215,771.1243731921962
1670,1,Case3,8x8_171,-6.0,-18.0,8x8,3,3,1.3125160917696384e-15,8.096645576216588e-11,1.0,5179.341492865561,5369.8988166856625,37661.93266826868,38544.81157062879,615.8546062133955
1672,4,Case3,8x8_173,82.0,-55.0,8x8,1,1,0.9973003268241882,0.0026996517553925514,5.933512015054987e-11,5397.111333146299,5532.166935478503,14044.774441719055,12830.805714446706,953.0099637332966
1673,5,Case3,8x8_174,-76.0,51.0,8x8,2,2,0.050606872886419296,0.9493931531906128,6.30740043527922e-11,5715.892696055978,5831.789109869123,15446.716616630554,14881.559873402046,373.0033355225787
1674,1,Case3,8x8_175,-73.0,85.0,8x8,1,1,0.9883762001991272,0.011623748578131199,8.07048650131037e-10,3184.7245720165924,2686.6892188774436,9240.645545482635,8589.421226782215,461.16856237196123
1675,1,Case3,8x8_176,-36.0,30.0,8x8,2,3,8.14886439576279e-12,0.00884933304041624,0.9911507368087769,6826.592638243861,6579.559125636053,25497.799449682236,25973.083579495695,407.0826102024698
1676,5,Case3,8x8_177,25.0,-81.0,8x8,2,2,2.3479922450775348e-09,1.0,2.8698166065765918e-09,4745.606668109516,4744.470300607448,31611.921134501696,31938.288677426757,380.32309848536937
1677,3,Case3,8x8_178,27.0,63.0,8x8,2,2,1.5774665484968864e-07,0.9999997615814209,5.7756022187049894e-08,5754.349317084124,5398.250598221646,29553.945811271667,28894.440385309026,450.0735046082996
1678,4,Case3,8x8_179,73.0,-44.0,8x8,2,2,0.00018050720973405987,0.9998194575309753,5.048799422979755e-08,5777.4189916049845,5848.977697008013,18959.606976032257,18765.16233243041,118.75222699270053
1679,2,Case3,8x8_180,-14.0,88.0,8x8,2,2,4.5589052533046015e-09,0.9999991655349731,8.444938544016622e-07,4081.4735048190696,4047.5750450385112,34601.36700582504,35477.73116935844,587.342389739609
1680,2,Case3,8x8_181,88.0,45.0,8x8,2,2,4.99069017223519e-07,0.9999995231628418,3.3481473149521435e-09,5202.068039744682,5257.950434547446,19129.70141340792,18899.314218990028,153.2168889454708
1681,3,Case3,8x8_182,-14.0,42.0,8x8,3,3,2.6434022071947227e-12,0.0030429705511778593,0.9969570636749268,5873.429434211921,5490.869114799803,34813.91478395462,35774.9209128446,721.3969746103265
1683,1,Case3,8x8_184,83.0,43.0,8x8,2,2,4.0927369582277606e-07,0.9999996423721313,6.189001311440734e-09,5291.445391873969,5257.397144884763,20245.634344644845,20319.32694418879,122.03034028866925
1684,2,Case3,8x8_185,-18.0,49.0,8x8,2,2,1.83044676638211e-10,0.9708841443061829,0.029115857556462288,5962.078097438884,5704.942235821728,33435.784481048584,33962.66748765659,414.9707931152413
1685,3,Case3,8x8_186,-54.0,1.0,8x8,3,2,5.079535316671047e-12,0.8883594870567322,0.11164052039384842,5232.132874777761,5046.179000526407,38615.17892789841,38789.698461425796,281.68073011385695
1686,3,Case3,8x8_187,-47.0,-37.0,8x8,2,2,1.2303272001190635e-07,0.9998452663421631,0.00015455026004929096,6994.009266043199,6928.975375736934,19954.798350334167,20250.082095674963,230.6038828065073
1687,3,Case3,8x8_188,-40.0,56.0,8x8,2,2,6.891484372317791e-05,0.9999310970306396,2.7254694057177176e-09,6770.638554625867,6440.861373747796,19019.528928756714,19302.41792611166,233.37693596409727
1689,3,Case3,8x8_190,-80.0,40.0,8x8,2,2,4.4810468580180896e-07,0.9999995231628418,2.146075139819459e-08,5349.8765703494455,5342.664894158584,22066.355809899047,21346.613353981786,454.452796130005
1690,2,Case3,8x8_191,-75.0,6.0,8x8,3,3,5.151234439004782e-10,0.06616661697626114,0.9338333010673523,4270.208134824356,4333.690285669465,36659.98568454385,37552.230123501795,672.669032159851
1691,5,Case3,8x8_192,89.0,-86.0,8x8,1,1,0.9999943971633911,5.553825758397579e-06,2.6376781314674247e-10,2388.867239563106,2400.547516234319,8301.899574637413,7755.975408594258,337.8525981793722
1692,2,Case3,8x8_193,48.0,41.0,8x8,2,2,3.206517646958673e-07,0.9999983310699463,1.3907625771025778e-06,7242.769970301273,7053.482932107044,17810.995653152466,17905.22268155234,150.11737507157366
1693,2,Case3,8x8_194,-11.0,-16.0,8x8,3,3,4.079441540567061e-15,6.144559860921106e-11,1.0,5421.525098284705,5260.832036727726,37408.816889464855,37325.60888662264,132.2965630685287
1694,1,Case3,8x8_195,12.0,71.0,8x8,2,2,4.685457577480179e-10,0.9999969005584717,3.117888354609022e-06,4706.9342716235105,4495.071092720559,36844.66521680541,37401.06753543226,503.5255199827484
1695,4,Case3,8x8_196,-32.0,84.0,8x8,2,2,5.1944077483767614e-08,0.9999998807907104,1.1594248228163906e-08,4958.6223892495045,5019.6925030325965,27490.047073483467,27583.81022380652,168.00151994402984
1696,5,Case3,8x8_197,-80.0,-38.0,8x8,2,2,3.781603368224751e-07,0.9999915361404419,8.045259164646268e-06,5282.9562133231275,5311.238980090417,23382.045663520694,23392.81561723208,68.76458953575852
1697,5,Case3,8x8_198,-82.0,-53.0,8x8,2,2,0.002946839202195406,0.9970531463623047,3.6110639478614814e-10,5387.821406485224,5483.021584698125,14838.171663284302,14447.944761298482,293.6217410612956
1699,4,Case3,8x8_200,88.0,-42.0,8x8,2,2,2.5513558284728788e-05,0.999974250793457,2.570534718415729e-07,5198.299041796948,5223.990788117067,20972.18330794573,21057.2237170864,79.2445243913573
1700,2,Case3,8x8_201,-73.0,-27.0,8x8,2,2,6.266432373003283e-10,0.999646782875061,0.0003531758557073772,5166.4215147847635,5353.570713962865,30359.658266343176,30386.02919442972,77.02546863214478
1701,2,Case3,8x8_202,-24.0,-76.0,8x8,2,2,1.4795072047490976e-06,0.9999979734420776,5.096682116345619e-07,4968.131794773383,4875.0941533018195,32147.84327158332,31460.69304893383,453.0514584493569
1702,2,Case3,8x8_203,33.0,58.0,8x8,2,2,4.3562883433878596e-07,0.9999995231628418,3.018247696218168e-08,6241.045062249921,6121.46968949515,24360.294213294983,24130.002733193793,163.84342466101583
1704,1,Case3,8x8_205,-58.0,-50.0,8x8,1,2,0.15483614802360535,0.845163881778717,2.3188787001693356e-10,7095.178509784934,6871.219558787056,14416.560455322266,14627.650367358072,178.58456026210237
1705,1,Case3,8x8_206,4.0,90.0,8x8,2,2,6.359753834672688e-10,0.9999886751174927,1.1286569133517332e-05,3933.4545736091645,3846.8241658152942,35222.0357170105,36029.357189168964,598.8551236974064
1706,1,Case3,8x8_207,19.0,-83.0,8x8,2,2,1.7046067668502474e-08,0.9997425675392151,0.00025743708829395473,4497.129943712244,4328.502891744778,34031.26275789738,34922.58206897328,777.5184089900998
1708,4,Case3,8x8_209,58.0,-69.0,8x8,1,1,0.9990069270133972,0.0009931570384651423,1.477944155947597e-11,6243.904793502636,5719.819709192452,12670.14143371582,11742.919071934848,742.1645770080603
1709,3,Case3,8x8_210,-10.0,23.0,8x8,3,3,1.069227582890114e-15,2.6786546314383486e-09,1.0,5559.610299271045,5411.3502034153325,37234.8157749176,37228.16988290726,193.11471815952711
1710,3,Case3,8x8_211,55.0,-59.0,8x8,1,1,0.9935956597328186,0.006404337007552385,7.954414904531859e-12,7212.33676000874,6975.314784350585,13317.324100494385,13442.35272289921,116.67299107270631
1711,5,Case3,8x8_212,-63.0,54.0,8x8,1,1,0.9731118083000183,0.026888176798820496,4.183857687384274e-12,6774.443910717802,6733.019509326753,13462.727996826172,12742.135158520365,472.8084411544048
1712,4,Case3,8x8_213,67.0,-42.0,8x8,2,2,2.7759719159803353e-05,0.9999721050262451,1.738514612270592e-07,6106.0732669513745,6178.907147712047,19489.55974817276,19457.673008641937,28.738508514535965
1713,1,Case3,8x8_214,63.0,-14.0,8x8,2,2,2.7039112268645304e-11,0.998857855796814,0.001142136170528829,5193.800020087588,5087.390837469473,36472.25288248062,37070.539297799056,469.930386942725
1716,4,Case3,8x8_217,21.0,56.0,8x8,2,2,8.985955091134201e-09,0.9999600648880005,3.989064498455264e-05,5737.265404756296,5739.010302619783,32552.618171691895,32891.38240471365,256.891771797295
1718,4,Case3,8x8_219,-7.0,65.0,8x8,2,2,1.035938890225907e-09,0.9998321533203125,0.00016783172031864524,4799.787472637127,4752.066553553333,38163.16721343994,38355.52989406689,288.20849494650054
1719,5,Case3,8x8_220,14.0,-23.0,8x8,3,3,2.7980187577417073e-15,1.8051128369833691e-09,1.0,5665.395858330512,5929.030316638884,36471.588790893555,36186.21513464578,294.0401623740639
1720,2,Case3,8x8_221,74.0,-56.0,8x8,1,1,0.9998904466629028,0.0001095024126698263,1.3549887123778803e-13,5846.085833740932,5931.053494089545,13388.711812973022,12531.790367977872,612.1304785406267
1722,3,Case3,8x8_223,-78.0,-48.0,8x8,2,2,0.00017929052410181612,0.9998206496238708,3.796042946646594e-08,5555.413104176416,5437.98480180121,17050.1347990036,17039.071384890933,83.52478670186873
1723,1,Case3,8x8_224,-4.0,-43.0,8x8,3,3,1.9988130074699573e-12,0.0009671514271758497,0.9990328550338745,5457.344525212982,5449.346022753084,37668.635001182556,37891.744143080214,144.1798797120388
1724,5,Case3,8x8_225,2.0,-73.0,8x8,3,2,7.26030138786804e-11,0.9999936819076538,6.267955996008823e-06,4356.822568308358,4384.73808804989,37116.33476319909,38849.46721047568,1009.945200191504
1725,5,Case3,8x8_226,-42.0,80.0,8x8,2,2,4.250689744367264e-05,0.9999574422836304,1.4611348242432598e-10,5397.785351249031,5282.218744163863,20746.07805214962,20329.302320580464,277.4989242386149
1726,1,Case3,8x8_227,-42.0,-6.0,8x8,3,3,1.1305534035460359e-15,6.152132669967614e-08,0.9999998807907104,5614.952409790191,5251.706980796381,37299.45906543732,38348.60135388651,931.6230101088762
1727,1,Case3,8x8_228,60.0,-31.0,8x8,2,2,8.127528650092586e-10,0.9998563528060913,0.0001435898884665221,6069.922138516716,6006.397397432958,26245.815669059753,26514.717166157665,225.57631563386977
1728,5,Case3,8x8_229,42.0,86.0,8x8,2,2,1.0916290193563327e-05,0.9999890327453613,3.412381488487881e-10,5177.462342928828,5201.329601916394,20952.93077376485,19743.814410189145,781.2247307529713
1730,2,Case3,8x8_231,-69.0,24.0,8x8,2,2,1.0518680371163214e-10,0.9999822378158569,1.7745300283422694e-05,5237.734076991936,5255.187110890771,32004.170913994312,32160.64579607613,140.2621256059451
1731,5,Case3,8x8_232,-8.0,-27.0,8x8,3,3,2.7530427905501616e-15,1.7086660974996448e-08,1.0,5481.867491010049,5498.519428788115,37213.749324798584,37513.06338958058,319.4456542168563
1732,4,Case3,8x8_233,61.0,-20.0,8x8,2,2,3.23366021459659e-11,0.9999600648880005,3.9911574276629835e-05,5462.1176414835345,5525.866126281965,33695.84735107422,33760.77527582256,125.40010113384265
1733,3,Case3,8x8_234,-49.0,-40.0,8x8,2,2,3.7895256355113816e-06,0.9999761581420898,2.0011368178529665e-05,7120.0896312514715,6960.044257171945,18298.289140701294,18451.638345589985,123.69292579178169
1734,2,Case3,8x8_235,-62.0,7.0,8x8,2,2,3.379704502370906e-11,0.9972585439682007,0.002741399221122265,4999.324310713121,4879.856683341532,38227.97145083547,37756.44743904985,354.488943575994
1735,1,Case3,8x8_236,16.0,-57.0,8x8,2,2,3.253017410997927e-09,0.9944869875907898,0.005513026844710112,5566.615641574086,5410.537936782703,35328.84413576126,35500.66988638714,210.51127864027154
1736,5,Case3,8x8_237,-32.0,66.0,8x8,2,2,1.5287612313841237e-06,0.9999984502792358,1.6314957718144285e-10,5807.467092097251,5574.747157963608,26409.683910131454,25419.219759124167,716.3477614063031
1737,4,Case3,8x8_238,64.0,-22.0,8x8,2,2,5.939457953241245e-11,0.9999843835830688,1.560515011078678e-05,5472.088403026538,5468.055775188864,32832.63784503937,32866.583051624395,141.18673369357538
1738,2,Case3,8x8_239,30.0,17.0,8x8,3,3,2.3681705010755944e-15,2.0357187047181924e-09,1.0,5880.429518866012,5501.248106869656,34060.47795462608,35756.923793250564,1315.3420970008535
1739,1,Case3,8x8_240,53.0,26.0,8x8,2,2,1.0737576106034652e-10,0.8228321671485901,0.17716778814792633,6082.4864290737705,6068.90545031671,28737.186310768127,30213.917253224634,1087.9696373790846
1740,1,Case3,8x8_241,13.0,6.0,8x8,3,3,6.468716502798207e-15,1.0784814881426019e-11,1.0,4905.690510197189,5212.662450380508,37184.66409897804,37480.39417009027,763.6603270494944
1741,1,Case3,8x8_242,-31.0,60.0,8x8,2,2,4.783552185472217e-07,0.9999995231628418,2.247093622287366e-09,6066.0867857631765,5817.427040650344,26246.58770799637,25313.6273151692,659.5292443635284
1742,1,Case3,8x8_243,-63.0,-63.0,8x8,1,1,0.9998340606689453,0.0001658652035985142,2.3190309264911613e-13,5913.621136216408,5737.822365808555,11418.224117279053,11086.089385224504,292.270333160535
1743,3,Case3,8x8_244,85.0,-58.0,8x8,1,1,0.9999639987945557,3.5980407119495794e-05,2.1247665085710743e-12,5269.352450921268,5267.080066399262,13069.730445861816,9517.698804032307,2729.400552170826
1745,5,Case3,8x8_246,60.0,61.0,8x8,1,1,0.9245599508285522,0.07544009387493134,6.609473818947054e-12,6485.1826145387195,6101.773311152378,11874.194355010986,11199.990297264558,539.4832660290548
1746,3,Case3,8x8_247,-83.0,78.0,8x8,1,1,0.9987254738807678,0.0012745133135467768,2.049296010664392e-10,2875.238860492064,2637.638023550208,8810.714976668358,8047.658276505088,490.30595551078625
1747,4,Case3,8x8_248,6.0,27.0,8x8,3,3,3.663503470718995e-15,6.247167050332791e-08,0.9999998807907104,5354.112101100512,5429.245793984746,37469.84407424927,37642.401371009495,241.74748729630156
1748,1,Case3,8x8_249,6.0,16.0,8x8,3,3,2.0745255658444466e-15,2.73011856177785e-11,1.0,5042.747269595202,5243.42922894747,37503.09897363186,38404.126327184604,665.936356451588
1749,4,Case3,8x8_250,-47.0,64.0,8x8,2,2,0.18269473314285278,0.8173052668571472,1.1816415901311217e-10,6512.934130064226,6316.272611885556,16177.629182815552,15966.900962777012,191.15475426815013
1750,3,Case3,8x8_251,-69.0,0.0,8x8,3,3,5.0636816788240946e-12,0.14318916201591492,0.8568108081817627,4553.5443822794305,4379.885906358128,37872.94665110111,39153.8193766644,1039.8363338720844
1751,1,Case3,8x8_252,-82.0,-45.0,8x8,2,2,1.498665278631961e-05,0.9999849796295166,9.27790466676015e-09,5347.023070769125,5274.340037025925,18965.01058895886,18947.331470822694,27.941614258386203
1752,2,Case3,8x8_253,56.0,-34.0,8x8,2,2,4.229636640928902e-09,0.9999819993972778,1.7942369595402852e-05,6436.434060848709,6392.994943107114,23253.410700798035,22891.518322974123,232.36459095023594
1753,4,Case3,8x8_254,-75.0,-17.0,8x8,2,2,4.330542174857399e-11,0.9995748400688171,0.0004251414502505213,4651.889045972212,4829.725112100817,35216.610562205315,35363.477300910985,200.6675003048783
1754,5,Case3,8x8_255,32.0,-60.0,8x8,2,2,4.421457560965791e-06,0.9999955892562866,1.6152156945281604e-08,6184.521144021543,5847.703551854743,25493.828986644745,25174.145379394096,261.899514881734
1755,1,Case3,8x8_256,-25.0,-11.0,8x8,3,3,1.233832236683871e-15,9.240154474898787e-11,1.0,5468.516814199878,5302.468346395611,36835.69642162323,37875.222456568576,957.5638246064364
1756,2,Case3,8x8_257,65.0,80.0,8x8,2,2,0.002512781647965312,0.9974871873855591,4.779907025742602e-10,4292.177977127072,3829.575878076089,10519.827226638794,10160.983417278445,278.877498081434
1757,5,Case3,8x8_258,54.0,-18.0,8x8,2,2,2.6674435230078508e-11,0.7207163572311401,0.27928367257118225,5687.607866439596,5548.678194775344,34041.80451774597,34455.43599601172,372.6170437759761
1758,5,Case3,8x8_259,-6.0,38.0,8x8,3,3,9.822123583219655e-13,0.0006190428975969553,0.9993809461593628,5657.783187473294,5471.191120588572,37146.64178562164,37312.2011942245,176.2795435365885
1761,3,Case3,8x8_262,-57.0,76.0,8x8,2,2,0.0021003687288612127,0.9978996515274048,5.724178075983133e-11,5690.6713193469495,5016.612604783207,13159.863752365112,12032.871034732534,869.3920291286432
1763,2,Case3,8x8_264,87.0,-65.0,8x8,1,1,0.9998865127563477,0.00011343311780365184,3.4618818228748793e-12,4035.5426996117335,4336.166753497445,10497.863772392273,8950.861212844175,1327.6784786192302
1764,5,Case3,8x8_265,-25.0,-84.0,8x8,2,2,2.81244822986082e-08,0.9999998807907104,5.354718624062116e-08,4630.568188365377,4781.689933735918,31562.356076478958,31757.082323335293,316.4535121349992
1765,3,Case3,8x8_266,-26.0,-39.0,8x8,3,2,9.028674474720333e-10,0.6972606778144836,0.30273935198783875,6446.9128453524845,6295.830190315431,27495.386883497238,27148.402556723806,289.2448651582937
1766,3,Case3,8x8_267,-33.0,-46.0,8x8,2,2,1.0673058881138786e-07,0.9996390342712402,0.0003608356637414545,6799.059504460685,6708.587355656938,22537.99858212471,21678.69153566462,580.9210769418214
1769,1,Case3,8x8_270,10.0,76.0,8x8,2,2,4.703190614741004e-10,0.9999902248382568,9.831070201471448e-06,4297.747765295715,4087.4450146770905,36203.116288110614,36954.97393153792,523.3984826921255
1770,5,Case3,8x8_271,-30.0,50.0,8x8,2,2,3.851814867061876e-08,0.9999996423721313,2.768991294033185e-07,6481.748375694178,6251.927398563654,25247.32079052925,24241.04483361169,686.4992086407436
1773,3,Case3,8x8_274,30.0,-25.0,8x8,3,3,5.1411545647864904e-14,4.291714503779076e-06,0.9999957084655762,6524.43345691036,6082.559629568944,30174.612033754587,30846.780386841667,498.74241166266796
1774,5,Case3,8x8_275,80.0,-20.0,8x8,2,2,4.092741701100522e-10,0.9998001456260681,0.00019983103265985847,4523.13290434335,4839.396702277379,33903.024252295494,34700.5717936305,570.2556691121692
1775,2,Case3,8x8_276,-88.0,70.0,8x8,1,1,0.9992989301681519,0.0007010734989307821,1.1974994780505899e-11,3401.517722204122,3579.204448888649,9563.800482273102,9606.988512679098,65.32337572066375
1776,3,Case3,8x8_277,57.0,88.0,8x8,2,2,0.0007468637195415795,0.9992530941963196,4.536538644739352e-10,5212.706653886073,4406.085554488362,13426.617642402649,11003.909688452006,1659.6920438415102
1777,2,Case3,8x8_278,18.0,78.0,8x8,2,2,6.197271140706562e-09,0.9999998807907104,1.0517979376345465e-07,4568.790407289279,4401.898839463155,34694.292286515236,34791.37785722525,218.50348383316623
1779,1,Case3,8x8_280,-31.0,-12.0,8x8,3,3,8.954270100253723e-16,7.275988700428115e-10,1.0,5746.12340597148,5454.228178769356,35855.45750951767,37439.246466464494,1326.581150025696
1780,3,Case3,8x8_281,-72.0,-17.0,8x8,2,2,5.5524626563219215e-11,0.9997925162315369,0.00020753691205754876,4794.036968247527,4848.1592841125075,35346.68734419346,35333.15900848099,121.291283858871
1781,4,Case3,8x8_282,25.0,-74.0,8x8,2,2,1.475818045548749e-08,0.9999991655349731,8.148663823703828e-07,5038.763186578957,4932.471329298426,31600.694993674755,31448.04719459314,193.7784401094567
1782,1,Case3,8x8_283,34.0,-21.0,8x8,3,3,3.522564599834168e-15,1.9686935104346048e-07,0.9999997615814209,6264.969018114951,5913.441925538962,31317.37016955018,33115.840019153125,1403.7278404541364
1783,5,Case3,8x8_284,16.0,16.0,8x8,3,3,1.9489256146014476e-15,4.403262129915042e-11,1.0,5553.548677453177,5633.36632817455,36964.394048690796,37358.22142774987,470.3563833888263
1784,1,Case3,8x8_285,-21.0,55.0,8x8,2,2,4.160984001799761e-09,0.9999940395355225,5.9223016251053195e-06,5845.705286279004,5766.60472764625,32451.39860534668,32205.831289841783,190.9118095956557
1785,2,Case3,8x8_286,40.0,-87.0,8x8,2,2,0.00018394201470073313,0.9998161196708679,5.455511598029261e-10,5149.985176296318,5320.441527770591,22264.509815454483,22539.129895769536,236.45148025587855
1786,4,Case3,8x8_287,-77.0,22.0,8x8,2,2,5.391964999490462e-11,0.9999828338623047,1.716446058708243e-05,4853.914392463762,5000.031975368117,33163.182190179825,33160.18663197356,235.25519764320376
1787,3,Case3,8x8_288,37.0,70.0,8x8,2,2,6.847235454188194e-06,0.9999932050704956,4.941256293022889e-10,5757.461667433211,5241.286478992943,23296.085282973945,22577.459733183703,483.69446373071366
1788,3,Case3,8x8_289,-9.0,44.0,8x8,3,3,3.3135620983171243e-12,0.0020906871650367975,0.9979092478752136,5676.253997762439,5345.159503019026,36754.53237247467,37277.08954948252,428.33122173406247
1789,1,Case3,8x8_290,20.0,-82.0,8x8,2,2,1.8962081682616372e-08,0.9998723268508911,0.00012767064617946744,4541.78602587344,4404.937660502547,33800.97462964058,34715.12369199117,806.4061903536978
1791,2,Case3,8x8_292,71.0,-88.0,8x8,1,1,0.9999773502349854,2.268476782774087e-05,4.866453420793171e-11,3297.6021150671536,2849.6173657186073,9449.338585853577,8710.059376572735,532.7247801365174
1792,1,Case3,8x8_293,-28.0,11.0,8x8,3,3,9.85740309839586e-16,2.5787735835614e-10,1.0,5569.869558665755,5387.800419586612,36504.97427082062,37866.086072356055,1189.9261952544828
1794,2,Case3,8x8_295,-84.0,-9.0,8x8,3,3,7.298448512216282e-09,0.2869013249874115,0.7130987048149109,3979.3376936816653,4396.050542301769,35311.889598190784,37102.3281157953,1223.6222887367019
1795,5,Case3,8x8_296,-48.0,82.0,8x8,2,2,0.0006482352036982775,0.9993517994880676,2.296130091616888e-10,5381.955964322032,5453.818928566645,17262.949614048004,17018.138673978596,180.5556742856607
1796,4,Case3,8x8_297,-13.0,-4.0,8x8,3,3,2.765579301685999e-15,1.2467708809804634e-10,1.0,4962.165396971114,4775.924297452599,37137.13344955444,37478.0126607885,684.4059653358458
1797,1,Case3,8x8_298,-19.0,-23.0,8x8,3,3,1.777986319032531e-15,1.8308168314717932e-09,1.0,6066.59636168633,5784.10909912748,35041.4200091362,34388.19020430307,396.3475542910849
1798,2,Case3,8x8_299,5.0,-32.0,8x8,3,3,1.0882043692799631e-13,5.760241037933156e-06,0.9999942779541016,5580.502181314948,5523.861460798724,37373.881885528564,37438.26189919369,210.10019222758834
1799,2,Case3,8x8_300,51.0,46.0,8x8,2,2,0.001633201027289033,0.9983667731285095,7.559258108358335e-09,7414.346946578003,7122.265749627051,15749.325908660889,15808.725751916625,107.80122736873814
1800,5,Case4,6x4_001,65.0,19.0,6x4,2,2,9.163326467387378e-06,0.9999908208847046,3.1638820452428718e-09,19701.10650899933,21169.111114855714,37350.569036483765,38449.354025486224,769.337121137209
1801,3,Case4,6x4_002,40.0,-51.0,6x4,1,1,0.9710871577262878,0.028912849724292755,5.819273951601645e-10,15564.192522589261,16329.97198244237,20673.4737701416,20059.762589770427,498.5142074262021
1802,3,Case4,6x4_003,-44.0,65.0,6x4,1,1,0.9974428415298462,0.0025571768637746572,8.297804804380249e-11,15263.321046334091,15432.91728141294,20740.22917175293,19688.71209646384,640.3820522134489
1804,1,Case4,6x4_005,-52.0,20.0,6x4,2,2,1.9727203834918328e-06,0.9999979734420776,3.646831281400864e-09,19521.12811538156,19172.7986043813,35214.2325592041,35004.02484661002,128.17852723189648
1806,3,Case4,6x4_007,51.0,-83.0,6x4,1,1,0.9999996423721313,6.840837585286863e-08,1.9208083301691659e-07,11044.194985803253,11265.662311472617,16095.619613647461,15044.689093385849,791.2972590960211
1807,2,Case4,6x4_008,86.0,9.0,6x4,2,2,8.984054744587411e-08,0.9999998807907104,7.801381207706015e-10,21499.399687200803,21794.08952773809,40478.00227152556,41502.50319250663,708.4556380563829
1808,4,Case4,6x4_009,-63.0,21.0,6x4,2,2,3.629818081662961e-07,0.9999996423721313,7.057617268380056e-10,19848.72024440584,19422.0864734908,36108.73595619202,35788.1003100735,206.59696339693167
1809,4,Case4,6x4_010,-74.0,83.0,6x4,1,1,1.0,9.051470684084961e-10,5.032447236708038e-10,6417.199673460506,6380.9652205019065,9515.437217712402,8919.53511371036,387.9447545054518
1810,2,Case4,6x4_011,-39.0,-9.0,6x4,2,2,1.8537510015903536e-07,0.9961864352226257,0.0038133482448756695,21782.93383721275,22433.793055833703,39491.98932170868,40526.06940946048,711.9730456232418
1811,4,Case4,6x4_012,-56.0,9.0,6x4,2,2,1.6083578913139718e-08,1.0,9.84139525428418e-09,21623.457561322022,22530.65006874502,40738.51266956329,41144.66955391072,272.7866376183389
1812,3,Case4,6x4_013,61.0,33.0,6x4,1,2,0.0020914666820317507,0.9979085922241211,6.623186998844233e-10,16488.202908673717,17321.48661268984,27184.160499572754,27040.71451090955,231.80621382374568
1813,2,Case4,6x4_014,19.0,79.0,6x4,2,2,3.894990996400338e-08,1.0,1.4684387039665125e-10,20609.78711097851,21362.35481072117,37917.93340614438,39023.26491022607,799.5742199331806
1814,4,Case4,6x4_015,35.0,60.0,6x4,2,2,0.07896620780229568,0.9210337996482849,3.4911449287022833e-09,16099.168102698402,16321.229842045674,25577.474166870117,25291.37832980096,194.91876899237485
1817,1,Case4,6x4_018,-53.0,31.0,6x4,2,2,0.02623165398836136,0.9737682938575745,4.4390227604829136e-10,16509.679046427784,15894.369897427687,27068.17584991455,26063.303393678198,694.8830326860507
1818,2,Case4,6x4_019,-79.0,29.0,6x4,2,2,8.932196351452149e-07,0.9999991655349731,4.686234386652721e-11,18071.218289483906,18965.689671793276,32330.65562057495,33218.42647036438,671.6510335891043
1819,3,Case4,6x4_020,-2.0,48.0,6x4,2,2,3.911373003262497e-09,0.9997802376747131,0.0002198244328610599,22328.79345310121,22890.952251145878,41459.19886684418,42468.29985950389,708.3208079330565
1821,3,Case4,6x4_022,43.0,-33.0,6x4,2,2,0.022207198664546013,0.9777926206588745,1.5301009170798352e-07,15643.776629233736,16800.874226351556,24355.487991333008,24052.20649638738,233.74556021600785
1822,2,Case4,6x4_023,62.0,-67.0,6x4,1,1,1.0,2.012232158676852e-09,5.49068186343803e-15,10919.917889467906,10867.876458699111,12632.890686035156,12275.108441309832,302.7115005787891
1823,1,Case4,6x4_024,30.0,75.0,6x4,2,2,8.727489330340177e-06,0.9999912977218628,5.978495476455237e-11,17431.666497748745,18241.831261962652,31495.8843460083,31913.102486356427,303.58140980209726
1824,2,Case4,6x4_025,80.0,-80.0,6x4,1,1,1.0,1.7696409615464148e-10,1.3587658016962767e-13,5974.146129044565,5831.220720967444,9094.801483154297,8476.317726947234,434.36972715247475
1825,3,Case4,6x4_026,-81.0,73.0,6x4,1,1,1.0,4.848177859173575e-09,1.2923068171133423e-09,6741.47187366278,6656.660365685092,9706.180961608887,9094.617207036152,410.6662987645154
1827,3,Case4,6x4_028,36.0,-31.0,6x4,2,2,0.0008843575487844646,0.9991111159324646,4.569007160171168e-06,16700.334618625035,17524.35649508759,26843.896026611328,27096.815147582263,274.6935008121822
1828,2,Case4,6x4_029,52.0,-41.0,6x4,1,1,0.9658506512641907,0.034149400889873505,3.479442775566888e-11,15305.02527292944,15929.884371150094,20152.315338134766,20702.83192345163,436.0539311061258
1829,4,Case4,6x4_030,15.0,-12.0,6x4,3,3,1.3487698069525322e-08,0.03091392293572426,0.9690861105918884,17924.24390293732,18887.562761795063,40373.207304000854,41163.59974323407,739.5788265695396
1830,4,Case4,6x4_031,-55.0,-62.0,6x4,1,1,0.9999938011169434,6.17060459262575e-06,3.602784086689792e-12,12458.905489669378,13715.552641357646,14601.530502319336,15084.987726043304,393.9592194668703
1831,3,Case4,6x4_032,-19.0,-7.0,6x4,3,3,3.850738339306048e-10,0.013308345340192318,0.9866917133331299,18193.504559718982,19362.012586205376,40640.38336849213,41289.55414979447,586.1691166063579
1832,1,Case4,6x4_033,-61.0,86.0,6x4,1,1,1.0,5.575633288401605e-09,5.225561849897531e-08,8603.9325816845,8977.591653428288,12078.867164611816,11810.541180292828,190.27565916513296
1833,4,Case4,6x4_034,-43.0,-15.0,6x4,2,2,9.432728376168598e-08,0.9999382495880127,6.161533383419737e-05,20448.84284785929,20944.249316441594,37089.08568954468,37578.12962006804,387.5638019419658
1834,2,Case4,6x4_035,70.0,81.0,6x4,1,1,1.0,1.4494173639079122e-09,2.258919640967319e-14,7229.269718547071,7684.689406552618,10126.80069732666,9838.320696568053,266.25307657836026
1835,1,Case4,6x4_036,8.0,25.0,6x4,3,3,2.6309085118803033e-12,0.00034833484096452594,0.9996516704559326,19860.29223620826,21083.891960897534,40534.4266204834,42154.635307459175,1244.4733217199916
1837,5,Case4,6x4_038,-56.0,52.0,6x4,1,1,0.9999617338180542,3.829256456810981e-05,3.7554473419909584e-12,13793.266474940921,14783.069891654948,15560.372680664062,15961.858904599136,260.72330083930217
1839,1,Case4,6x4_040,-27.0,-54.0,6x4,2,2,0.0001373732229694724,0.999862551689148,3.9120977568529725e-09,17787.812425229233,17414.458778204837,30433.128074645996,30092.33837717641,244.15951224242343
1840,4,Case4,6x4_041,-2.0,-68.0,6x4,2,2,1.7603335455973479e-09,1.0,6.432747667872718e-09,22358.117936279017,24066.686038874243,42109.17192720063,43617.85913548376,1028.8412470456874
1841,4,Case4,6x4_042,84.0,51.0,6x4,1,1,0.999977707862854,2.2312879082164727e-05,4.272215359257814e-10,10860.970880970019,11084.960587226175,15995.24104309082,15289.016270013217,365.4522979300154
1842,3,Case4,6x4_043,79.0,-71.0,6x4,1,1,1.0,8.750108415611635e-10,3.248516455833794e-10,7263.017948467875,6875.897719001855,10107.692413330078,9435.731878845372,451.144206296629
1843,3,Case4,6x4_044,59.0,-56.0,6x4,1,1,0.9999984502792358,1.497933226346504e-06,9.673327677067745e-13,13020.757742860987,13708.576927164111,14551.699737548828,14020.646923855225,289.74422726481
1844,2,Case4,6x4_045,-18.0,-35.0,6x4,2,2,1.4595575521525461e-06,0.9948545694351196,0.005143954884260893,19995.27729445088,20404.313725402626,35595.73935890198,35967.180763242206,232.90352292351642
1845,4,Case4,6x4_046,-76.0,-77.0,6x4,1,1,1.0,1.7121328799163393e-09,6.360941773309037e-10,6767.080412473619,6473.933713365257,9683.249488830566,9075.54951886107,414.53417038203617
1846,5,Case4,6x4_047,42.0,27.0,6x4,2,2,0.0017379903001710773,0.9982618689537048,2.0636100828141934e-07,16941.948790650924,17670.641331310602,28633.428565979004,28971.634912076246,349.41168787749257
1847,1,Case4,6x4_048,1.0,71.0,6x4,2,2,4.2808101508029495e-10,1.0,9.1210136665687e-11,22333.915636394122,22643.126164153895,42045.441725969315,42350.90789149226,263.77204395564416
1848,3,Case4,6x4_049,-37.0,22.0,6x4,2,2,1.5421455827890895e-05,0.9998143315315247,0.00017031173047143966,18894.133918603293,19442.124676485873,32743.136184692383,33492.97116071255,643.1535181502921
1849,4,Case4,6x4_050,-16.0,44.0,6x4,2,2,8.622739500196985e-08,0.9999765157699585,2.344339736737311e-05,20095.47310657902,21159.438048169315,36857.12417411804,38574.84885166452,1219.4446638751426
1851,1,Case4,6x4_052,-79.0,34.0,6x4,2,2,2.0717097868327983e-06,0.9999979734420776,2.2461037196830347e-10,16823.46663263932,17920.776170938072,28968.699157714844,29977.48287799768,721.8103895046646
1852,4,Case4,6x4_053,3.0,87.0,6x4,2,2,3.0370431169934875e-10,1.0,1.9281437557694403e-10,22215.838817931355,20817.73882883782,41099.454046964645,41691.27923505289,347.80356983795383
1853,3,Case4,6x4_054,-17.0,-44.0,6x4,2,2,1.3356341241888003e-06,0.9992846846580505,0.0007140141678974032,19802.670513986137,19609.382550357383,36139.97483062744,36231.68514495451,127.10237896898863
1855,1,Case4,6x4_056,67.0,-19.0,6x4,2,2,1.5032939870707196e-07,0.9999998807907104,3.090910513647849e-11,20518.220862411847,20276.24646083862,37544.964814186096,37350.39093319562,143.20228243994796
1856,3,Case4,6x4_057,2.0,74.0,6x4,2,2,6.383889528116526e-10,1.0,2.2923110076789044e-09,22293.436635106573,22476.673746396853,41863.14856123924,42627.83032768144,540.8216972252549
1857,4,Case4,6x4_058,82.0,19.0,6x4,2,2,4.929476062898175e-07,0.9999995231628418,4.465894876126697e-10,20273.166907762425,21665.074097126693,37789.81520932913,38958.29200449973,845.8360590385772
1858,5,Case4,6x4_059,14.0,3.0,6x4,3,3,9.194781166923377e-14,2.929812503715823e-10,1.0,17403.926771403785,19124.71534028818,39952.56978067383,40314.980073402214,320.62644028899734
1859,2,Case4,6x4_060,44.0,-84.0,6x4,1,1,0.9888416528701782,0.011158374138176441,4.7188745966320056e-12,13059.554858234635,13605.933312041023,20156.150016784668,21052.758680532177,592.1939684068824
1860,2,Case4,6x4_061,0.0,-52.0,6x4,2,2,6.667745822142024e-08,0.9999432563781738,5.662910916726105e-05,22390.338402721325,22807.763838661685,41764.64590930939,41876.70923352724,76.27559230460103
1861,5,Case4,6x4_062,33.0,26.0,6x4,2,2,0.00017897499492391944,0.9997559189796448,6.5095882746391e-05,17848.77388656686,18764.381764657956,30750.735805511475,30703.655143571217,167.21915418940497
1862,2,Case4,6x4_063,-75.0,38.0,6x4,2,2,0.0005656289868056774,0.9994342923164368,1.1701187761781195e-11,15942.54751799103,16398.816586141285,25891.064376831055,26605.242231678953,598.4659679343578
1863,4,Case4,6x4_064,-20.0,55.0,6x4,2,2,2.3772217616624403e-07,0.9999997615814209,2.969262524743499e-08,19917.952698060064,20383.903533612305,35796.84496116638,36702.76466959678,628.7717092107702
1864,5,Case4,6x4_065,72.0,31.0,6x4,2,2,0.007153807673603296,0.9928461909294128,5.630799382316809e-09,17410.69061531813,17495.243152688498,30421.14262008667,30314.75327409804,159.0595745978603
1866,2,Case4,6x4_067,-83.0,68.0,6x4,1,1,1.0,4.722679469715274e-10,9.5234531591608e-15,7376.135864080732,7672.696259556928,10388.116424560547,9873.151416486919,374.00196491811874
1867,3,Case4,6x4_068,-26.0,-1.0,6x4,3,3,3.244852303518897e-11,0.004133283160626888,0.9958667755126953,19576.793491775054,20815.705825325986,41025.13437271118,42013.22009116967,726.2158011194407
1872,4,Case4,6x4_073,-22.0,46.0,6x4,2,2,2.5648600967542734e-06,0.999995231628418,2.178180238843197e-06,18362.65095522395,19507.186532411295,33074.880352020264,34430.60688065167,952.9539560671393
1873,1,Case4,6x4_074,-1.0,-8.0,6x4,3,3,3.238143087003209e-10,0.0036684595979750156,0.996331512928009,16957.129742286947,19059.799221162088,38304.23893435509,38812.49703648093,656.351805496854
1874,3,Case4,6x4_075,-22.0,82.0,6x4,2,2,4.4102957730274284e-08,1.0,4.96753138623518e-10,19855.135779360873,20850.730228567543,36530.56619501114,37681.220533972504,799.6350728506721
1876,2,Case4,6x4_077,-64.0,20.0,6x4,2,2,1.6909615396798472e-07,0.9999998807907104,1.9479540203093393e-09,19512.41367375843,20324.839754321405,36788.09573173523,37382.077679274036,442.8226876694298
1877,1,Case4,6x4_078,29.0,-79.0,6x4,2,2,2.8289166493777884e-06,0.9999971389770508,1.7199400237366547e-10,18169.39831242523,19098.0355107732,32441.25168991089,33016.01883206383,436.8156103097042
1878,3,Case4,6x4_079,-67.0,39.0,6x4,2,2,0.017863990738987923,0.9821359515190125,1.7116959238894225e-10,15675.109831677206,16273.370658918466,24083.856620788574,24859.513622347222,622.689233304269
1880,5,Case4,6x4_081,-38.0,-72.0,6x4,2,2,0.07240236550569534,0.9275975823402405,2.2502437246885165e-08,16101.298190734396,15808.156525789967,25535.441902160645,25654.98085864511,199.85564996114286
1881,3,Case4,6x4_082,85.0,48.0,6x4,1,1,0.9578859806060791,0.04211386665701866,6.240245653543752e-08,11736.197462441638,11916.254874235141,17622.416023254395,18185.324103124873,453.65661153503663
1882,4,Case4,6x4_083,-12.0,85.0,6x4,2,2,9.082392060655309e-10,1.0,6.865887719476049e-11,21326.424718647988,22286.890595051293,40070.832342624664,40804.56763938208,468.952018220064
1883,3,Case4,6x4_084,77.0,-48.0,6x4,1,1,0.9999493360519409,5.068095197202638e-05,9.60207913180966e-10,12337.943110434046,12418.798037629578,17657.656860351562,16955.149420068803,462.30127084784453
1884,1,Case4,6x4_085,45.0,75.0,6x4,1,1,0.8972841501235962,0.10271590203046799,6.512998584895513e-09,12589.587008838233,13718.495582334563,19291.559448242188,19366.12076889247,416.86332266575687
1885,3,Case4,6x4_086,-41.0,-54.0,6x4,1,1,0.945120632648468,0.05487941578030586,2.9086694164348614e-10,15341.482645335416,16552.247850352633,20395.549438476562,19765.47749594318,530.7279979864486
1886,3,Case4,6x4_087,-38.0,89.0,6x4,2,2,0.11744754016399384,0.8825517892837524,7.017570737843926e-07,16189.267634561245,15885.654202519601,26659.70269012451,25971.755219741022,362.0944865823827
1887,1,Case4,6x4_088,23.0,33.0,6x4,2,2,4.389199261822796e-07,0.985798180103302,0.014201382175087929,18608.451507404636,18966.931677501394,32788.068967819214,33085.5147697899,312.30877754015887
1888,4,Case4,6x4_089,18.0,-35.0,6x4,2,2,1.8430755233111995e-07,0.995799720287323,0.004200104624032974,20032.379657876594,20874.978339889065,35718.26697349548,37307.469262848776,1111.5630467407423
1889,1,Case4,6x4_090,-65.0,24.0,6x4,2,2,6.431744168367004e-07,0.9999994039535522,2.0349312512824014e-11,18553.21629145018,18930.633098302886,34464.85930252075,34353.16125396673,121.7079259020762
1890,5,Case4,6x4_091,11.0,36.0,6x4,3,2,1.250696897159287e-07,0.7604502439498901,0.2395496368408203,21767.84320171658,22119.37864664656,38954.52271270752,39525.41917655982,538.7012201513438
1891,4,Case4,6x4_092,-38.0,-40.0,6x4,2,1,0.826587438583374,0.17341248691082,1.811043937038903e-08,16099.213392153637,15945.9643868766,22421.030807495117,21734.103769891182,559.4302353358061
1892,5,Case4,6x4_093,-70.0,-78.0,6x4,1,1,1.0,8.63832916309093e-09,1.4057877084638903e-10,7555.890633922434,7742.240296544591,10329.256454467773,10128.223033824286,154.81213960870653
1893,2,Case4,6x4_094,73.0,-55.0,6x4,1,1,1.0,1.5361115046630403e-08,4.227909475561795e-15,11135.612813237853,11015.088749097436,14270.253921508789,13518.006501572881,542.8926075024348
1894,4,Case4,6x4_095,68.0,-30.0,6x4,2,2,3.2514599297428504e-05,0.9999674558639526,6.254007534067796e-09,17661.643455896938,18435.93031622706,30685.306797027588,31605.790913441553,665.1245319628289
1895,1,Case4,6x4_096,84.0,-52.0,6x4,1,1,0.9999994039535522,4.901401098322822e-07,1.0126793625886421e-07,10662.045194364207,10710.250231181599,15596.21597290039,14954.455892812324,432.23101565047375
1897,5,Case4,6x4_098,-1.0,36.0,6x4,3,3,5.937023761504179e-09,0.16229800879955292,0.8377020359039307,21625.61055912366,22454.80426651307,40947.409863471985,41241.2351593278,306.08950805866937
1898,1,Case4,6x4_099,90.0,40.0,6x4,1,2,0.0009454676765017211,0.999054491519928,1.9052814881348468e-09,12361.552384112701,14967.892595208836,22734.604961395264,25234.111385386506,1546.529774258498
1899,2,Case4,6x4_100,69.0,62.0,6x4,1,1,1.0,5.6836757522660264e-08,1.1530590054271116e-14,10290.846377699652,10665.778919362761,12280.447204589844,12167.50662282872,173.11813561519241
1900,2,Case4,6x4_101,48.0,15.0,6x4,2,2,4.514027125424036e-07,0.9999749660491943,2.4605009457445703e-05,20115.567029852402,20582.774613852776,37571.81036758423,37858.9778923882,226.9471529329833
1901,5,Case4,6x4_102,76.0,-24.0,6x4,2,2,6.771439529984491e-06,0.9999932050704956,3.4976718743529034e-10,18748.451080897223,19740.83365502535,35256.70406913757,35446.40216556496,164.31454317148692
1902,4,Case4,6x4_103,66.0,14.0,6x4,2,2,2.3441808494339966e-08,1.0,1.068285016003756e-09,20779.429796308756,22872.222817919388,39634.29720568657,41498.59771626565,1332.7324534155057
1903,3,Case4,6x4_104,83.0,3.0,6x4,2,2,2.485862005130457e-08,1.0,1.7712422639704073e-09,22013.511892918705,22354.450143720605,41152.61290860176,42397.09224031791,910.1069114394655
1905,3,Case4,6x4_106,-12.0,43.0,6x4,2,2,2.317022484987774e-08,0.9992647767066956,0.0007351529784500599,21892.502054630153,21845.674855400535,38771.460247039795,39620.644158477255,689.1705332183976
1906,1,Case4,6x4_107,69.0,8.0,6x4,2,2,5.262477120737685e-09,1.0,4.929068958547944e-11,21693.39061803584,22861.265010794123,41295.13650110364,41993.537963344126,542.3717953900291
1908,3,Case4,6x4_109,-69.0,17.0,6x4,2,2,7.580785776895027e-09,1.0,2.562729750632542e-10,20635.671601532737,20963.2996376463,38599.600392341614,39087.05361195733,434.65302666314597
1910,5,Case4,6x4_111,7.0,87.0,6x4,2,2,2.381931096806511e-09,1.0,4.2297104707600397e-10,21920.621936815387,19909.367012502826,40819.52363777161,41041.52087312659,144.43813301175126
1911,4,Case4,6x4_112,21.0,-8.0,6x4,3,3,1.6965968629989447e-09,0.016761142760515213,0.9832388162612915,19054.511313868734,20048.734256087708,40676.33984565735,41655.354875489145,793.6758957969407
1912,5,Case4,6x4_113,35.0,-2.0,6x4,3,3,1.2059987453127974e-09,0.012935477308928967,0.9870644807815552,21509.802299412044,21905.970635024336,40786.28412055969,41093.45662799661,299.26320531112043
1913,3,Case4,6x4_114,-35.0,-78.0,6x4,2,2,0.00028281655977480114,0.9997171759605408,1.9728378930494728e-08,16760.714683028644,16997.34117480401,28226.175842285156,28322.8392942127,133.99231604855854
1914,2,Case4,6x4_115,22.0,74.0,6x4,2,2,2.6573192712930904e-07,0.9999997615814209,4.126420316552526e-10,19318.37365424374,20311.388044425723,36387.10043334961,37285.73423602967,665.0444016042544
1915,4,Case4,6x4_116,12.0,-85.0,6x4,2,2,3.3230820317697862e-09,1.0,3.6510822143398514e-10,21286.86687496217,22437.622115518447,40101.164637327194,41180.78664939001,745.6553525147666
1916,5,Case4,6x4_117,-87.0,33.0,6x4,2,2,1.7463660697103478e-05,0.999982476234436,9.532269418244255e-10,17047.571877581824,17282.34114152144,29917.262031555176,29665.560185582784,165.29535858041763
1917,5,Case4,6x4_118,54.0,-88.0,6x4,1,1,0.9999960660934448,1.1951189549108676e-07,3.856929652101826e-06,10093.622702080575,10858.65940773408,14646.298553466797,15114.214297910004,368.5161992782109
1918,4,Case4,6x4_119,31.0,-10.0,6x4,3,3,2.2116451725562314e-10,0.0021258338820189238,0.9978741407394409,21142.379614046542,22137.450592051737,39574.856536865234,40775.18849473028,932.0576536768232
1919,3,Case4,6x4_120,-58.0,-26.0,6x4,2,2,4.087925481144339e-05,0.9999591112136841,3.693043026942178e-08,17662.200542907973,18281.930385011485,31857.670223236084,31456.51206471334,294.6677864173479
1921,5,Case4,6x4_122,20.0,-73.0,6x4,2,2,1.2608269628344715e-07,0.9999998807907104,2.2549248579473158e-10,20516.942125553487,20650.024846588516,37450.48464870453,38284.229297730526,581.1402279512848
1922,4,Case4,6x4_123,76.0,4.0,6x4,2,2,2.204805005234789e-09,1.0,7.841272631203822e-10,21993.004758074017,24149.339350667473,41519.3317643404,43171.52067915651,1163.2933147982765
1924,1,Case4,6x4_125,-3.0,72.0,6x4,2,2,4.210713999697191e-10,1.0,6.66558336304135e-11,22280.06196581888,22530.072041000447,41928.42184317112,42082.879077359896,164.1320295023573
1925,5,Case4,6x4_126,-8.0,18.0,6x4,2,3,1.7243110693627994e-13,3.2043094844169673e-09,1.0,17930.849905103307,19505.68362766941,40213.41088247299,41329.23019022811,1016.4541680982605
1926,4,Case4,6x4_127,-66.0,77.0,6x4,1,1,1.0,5.47093870206794e-10,4.2964007351820044e-10,8433.232191979947,8406.746910719325,11101.270462036133,10695.235093639458,255.77751547424543
1927,2,Case4,6x4_128,59.0,-70.0,6x4,1,1,1.0,3.922693725399995e-09,5.0753591630261444e-15,10901.028508593796,10919.6378087002,13084.530738830566,12612.69158763429,381.805278565642
1929,2,Case4,6x4_130,-59.0,12.0,6x4,2,2,4.384220630981872e-08,1.0,7.598881524017997e-09,21543.467950390856,21632.863925661193,40032.09632444382,40354.5659916217,257.56577562326197
1930,1,Case4,6x4_131,41.0,53.0,6x4,1,1,0.9744700789451599,0.025529850274324417,1.1664200161298766e-10,15325.026379625706,15202.599031551681,20287.806716918945,20178.150947130278,99.40955443458046
1932,1,Case4,6x4_133,-21.0,37.0,6x4,2,2,3.8826394188617996e-07,0.9997473359107971,0.0002522705472074449,18849.98592227573,19359.903587128552,33564.10712432861,34103.281034198946,442.54286266287966
1933,1,Case4,6x4_134,-56.0,37.0,6x4,2,1,0.6970797777175903,0.30292025208473206,8.481779861790884e-11,15597.112008826294,15387.096107926975,23226.07704925537,22847.3521342089,320.00107847659876
1934,5,Case4,6x4_135,39.0,-76.0,6x4,2,1,0.7048419713973999,0.2951577603816986,2.49489175985218e-07,16006.88943855908,14996.548136794607,25424.63882446289,24649.603794283736,318.9364841298395
1935,2,Case4,6x4_136,8.0,-68.0,6x4,2,2,6.495367355086046e-09,1.0,4.000710429608034e-09,21932.581487616357,22842.96950852647,41471.975370168686,41744.48942431183,203.19247360954486
1936,3,Case4,6x4_137,68.0,53.0,6x4,1,1,0.9999868869781494,1.309840808971785e-05,1.023885945646008e-12,12230.661588968265,13143.176590263443,14948.632362365723,14396.394890953661,646.973142269569
1937,5,Case4,6x4_138,-28.0,-75.0,6x4,2,2,3.4618637982930522e-06,0.999996542930603,7.185451122992959e-10,18425.936762558722,18823.28471313958,32772.703540802,33570.6544708343,554.1420185394605
1938,1,Case4,6x4_139,-52.0,-36.0,6x4,2,1,0.6081135869026184,0.3918863832950592,4.0833089687275503e-10,15468.37737358641,15732.858609198933,23009.7333984375,22209.61252890082,590.0981542053642
1940,4,Case4,6x4_141,79.0,49.0,6x4,1,1,0.999650239944458,0.0003498034202493727,1.6403148284105384e-10,11693.184234639493,12005.195861035569,16991.50877380371,16718.567881427683,175.1219889420918
1941,2,Case4,6x4_142,56.0,10.0,6x4,2,2,6.435866595211337e-08,0.9999997615814209,1.33110290789773e-07,21319.723385365323,22162.23697616353,40413.98736286163,40923.96952795569,372.8437425098578
1942,1,Case4,6x4_143,39.0,-35.0,6x4,2,2,0.010799736715853214,0.989200234413147,2.934105047813773e-08,16036.190720089693,15968.1504368442,23861.256118774414,24082.82234357448,288.89026619974516
1943,1,Case4,6x4_144,-86.0,-39.0,6x4,2,2,0.04480763152241707,0.9551923274993896,6.925112217004425e-08,15835.30296171324,15287.97441335915,25841.501792907715,24722.800235564395,561.9595152342214
1944,5,Case4,6x4_145,29.0,32.0,6x4,2,2,0.0008606119081377983,0.999110758304596,2.8644524718401954e-05,17321.666898558327,18120.7455068039,29528.379280090332,28993.233511617127,452.03216652521115
1945,4,Case4,6x4_146,-41.0,-28.0,6x4,2,2,3.3161162718897685e-05,0.9999634027481079,3.409555574762635e-06,16422.268749824758,17768.94293370042,27870.418521881104,28945.856598741702,758.9549555275753
1946,3,Case4,6x4_147,47.0,23.0,6x4,2,2,2.235708052467089e-05,0.9999760389328003,1.6140477328008274e-06,18337.610171054326,18506.38595842227,32224.380252838135,31680.68935024668,309.4992851790202
1947,5,Case4,6x4_148,46.0,-62.0,6x4,1,1,0.9998290538787842,0.00017091335030272603,1.4161329227324604e-11,15167.89709263468,15221.463743987639,19239.020248413086,18071.525892333786,813.9071678802951
1949,3,Case4,6x4_150,15.0,-47.0,6x4,2,2,1.1266796491327113e-06,0.9999103546142578,8.855900523485616e-05,20401.415749413034,20245.430383758612,37669.0164604187,37722.23128591399,97.44950882231831
1950,5,Case4,6x4_151,-66.0,-82.0,6x4,1,1,1.0,1.4582639096261119e-08,1.0015167584143114e-09,7839.469686969595,8289.775604550283,10855.268058776855,10781.47342477643,143.20050133391368
1951,2,Case4,6x4_152,-23.0,-66.0,6x4,2,2,4.623220320354449e-06,0.999995231628418,1.0516345128053217e-07,19520.730767560206,19767.403960722302,35202.44256782532,35977.57059367785,543.6121084908721
1952,5,Case4,6x4_153,50.0,-62.0,6x4,1,1,0.9999946355819702,5.365671313484199e-06,5.909277841359417e-12,14286.851173680787,14356.589128513142,16499.066818237305,15770.698283517935,804.4213458513959
1954,1,Case4,6x4_155,11.0,-32.0,6x4,2,3,3.0510988700827024e-12,0.00042443847632966936,0.9995755553245544,21032.385995143206,21566.326006794512,39307.878494262695,40526.37588708489,989.0112437175515
1955,3,Case4,6x4_156,70.0,-86.0,6x4,1,1,1.0,1.008938710356233e-09,6.327403045958135e-09,6910.164352987085,7002.164853477883,9977.699333190918,9668.428955916888,227.0707386072086
1956,2,Case4,6x4_157,78.0,-26.0,6x4,2,2,2.841066634573508e-05,0.9999716281890869,4.683096688218313e-10,18751.314085346956,19510.8288430011,34143.060373306274,34524.64654408949,335.0797557213613
1958,4,Case4,6x4_159,-9.0,-4.0,6x4,3,3,1.4208994869591152e-08,0.028560062870383263,0.9714398980140686,17066.94834169127,18420.806014898586,38760.6311199218,39201.667920012915,340.8272078720048
1959,4,Case4,6x4_160,47.0,-13.0,6x4,2,2,1.2729098841646191e-07,0.9999798536300659,1.998834341065958e-05,20665.2862093019,21896.01741343933,38530.479687690735,39360.91805407288,666.1699756509508
1961,3,Case4,6x4_162,-71.0,-11.0,6x4,2,2,6.8589831592191786e-09,1.0,1.059243914802721e-09,21339.9828165025,22445.401832896543,40580.41236001253,41314.08805815867,558.2690553352717
1962,4,Case4,6x4_163,-84.0,28.0,6x4,2,2,3.052875570119795e-07,0.9999996423721313,1.4007285609185516e-10,18210.240977751277,19075.00954878173,33100.112186431885,33749.39754668525,492.40935435631275
1963,5,Case4,6x4_164,-16.0,-5.0,6x4,2,3,1.0226673295091887e-13,8.177291066502335e-10,1.0,17924.91288582107,19407.93054215784,40431.003135859966,40423.58803581352,220.31410757176127
1964,4,Case4,6x4_165,-5.0,10.0,6x4,3,3,1.455562070873384e-08,0.04366576299071312,0.9563342332839966,16755.293177064803,18575.68446024406,39227.18662965298,38814.36634374055,510.2859134909798
1965,2,Case4,6x4_166,-61.0,-3.0,6x4,2,2,8.758594738367265e-09,1.0,1.9905851189605528e-08,22131.98328592722,23033.834233940564,41922.423767507076,42473.34933048959,422.93572198243106
1967,5,Case4,6x4_168,-5.0,-1.0,6x4,3,3,6.241123069739007e-14,4.8629260340771197e-11,1.0,17139.540631082622,18782.180649317692,35472.77913182974,38752.15846166613,3443.0265663440255
1968,5,Case4,6x4_169,58.0,-70.0,6x4,1,1,1.0,7.011134339762748e-09,1.8858975492364038e-10,11097.69246060567,11326.452668766913,13366.241691589355,12902.988273426492,344.01162469496313
1969,4,Case4,6x4_170,-35.0,-50.0,6x4,2,2,0.1561371237039566,0.8438628911972046,1.577963004706362e-08,15763.79095797676,16258.11897190234,23481.918731689453,23401.798207736843,130.21896933875365
1970,4,Case4,6x4_171,-6.0,-18.0,6x4,3,3,3.0837801201499815e-09,0.026801537722349167,0.9731984734535217,17410.69431437889,19357.88226303714,40138.85045647621,41796.69076627026,1228.4223162883918
1971,2,Case4,6x4_172,-68.0,5.0,6x4,2,2,3.9686303132668854e-09,1.0,1.3077496863189708e-09,22001.661542988226,23320.804401997975,41786.77072298527,42643.65940682297,664.3418068597337
1972,5,Case4,6x4_173,82.0,-55.0,6x4,1,1,0.9999997615814209,5.97564806525952e-08,8.097845238808077e-08,10147.57003477745,10250.36674900378,14231.309196472168,13512.55630692561,513.7496715651225
1973,5,Case4,6x4_174,-76.0,51.0,6x4,1,1,0.9999985694885254,1.4553013443219243e-06,2.1833796992609678e-09,11586.020496456618,11671.229317804475,16010.045120239258,15450.695804956255,373.4200147687144
1974,5,Case4,6x4_175,-73.0,85.0,6x4,1,1,1.0,4.365126926586527e-09,2.9694144920711096e-09,6486.307386958716,6752.972131452629,9564.116756439209,9156.995368463326,280.1268435231074
1975,2,Case4,6x4_176,-36.0,30.0,6x4,2,2,0.0025222161784768105,0.9974588751792908,1.8902093870565295e-05,16882.71816026857,17000.460057753015,27425.878536224365,27055.386558145736,322.0123724109512
1976,5,Case4,6x4_177,25.0,-81.0,6x4,2,2,1.0202121529800934e-06,0.999998927116394,2.415223021579038e-10,19145.919367808307,19932.470311426037,34952.29942703247,35884.812482757974,659.2413314394266
1977,2,Case4,6x4_178,27.0,63.0,6x4,2,2,1.4081611880101264e-05,0.999985933303833,7.05617786422863e-09,17812.74790622233,18664.444719350744,32171.261039733887,33300.00027767993,803.5450040291646
1978,3,Case4,6x4_179,73.0,-44.0,6x4,1,1,0.6907509565353394,0.3092491030693054,7.816579383757016e-09,15042.643394652185,14544.648143842345,21821.834632873535,21162.92218794068,347.1844516506786
1980,4,Case4,6x4_181,88.0,45.0,6x4,2,1,0.9913486838340759,0.008651281706988811,2.047649694247866e-08,12392.318254241229,12301.487286301512,19440.69637298584,19650.790493344804,264.80929274418526
1983,2,Case4,6x4_184,83.0,43.0,6x4,2,1,0.6614533066749573,0.33854666352272034,1.1049960252362823e-10,11956.04729499557,13197.965060144044,20672.77809906006,22227.804291013264,1013.1956430345302
1984,1,Case4,6x4_185,-18.0,49.0,6x4,2,2,3.1792237109584676e-07,0.9999995231628418,2.176031586031968e-07,19624.96577963115,19877.894296864954,36200.83619117737,36557.423778989665,305.19841321508846
1985,5,Case4,6x4_186,-54.0,1.0,6x4,2,2,5.373644640371822e-09,1.0,3.033948559050259e-08,22179.04572113914,23313.64068907494,41754.846172749996,42661.37501995327,595.0319461290796
1986,1,Case4,6x4_187,-47.0,-37.0,6x4,1,2,0.4737069308757782,0.5262930989265442,1.4539447423800311e-09,15396.657748207082,15550.935564290789,21801.105545043945,21439.33238112534,237.37295941542303
1987,5,Case4,6x4_188,-40.0,56.0,6x4,1,1,0.946826696395874,0.053173284977674484,3.1177581349961514e-11,15513.92063728736,15943.225462543289,21403.307205200195,20961.737402561717,418.5956425090693
1988,1,Case4,6x4_189,34.0,0.0,6x4,3,3,3.5026920600089717e-12,0.00023483358381781727,0.9997652173042297,21657.906151661224,20907.39367439269,40842.209557533264,41066.00635477023,222.44612694768193
1989,4,Case4,6x4_190,-80.0,40.0,6x4,2,2,0.014551264233887196,0.9854487776756287,1.960669671063897e-08,15648.583910240095,15304.169836696245,24990.77540588379,24218.30208801345,309.874003959349
1990,1,Case4,6x4_191,-75.0,6.0,6x4,2,2,8.391384254125001e-10,1.0,1.061075463604233e-10,21874.91778887755,22686.173358614316,41424.22816514969,41898.01757168349,428.07394436857106
1991,3,Case4,6x4_192,89.0,-86.0,6x4,1,1,1.0,2.265099219300737e-09,7.351653175113881e-10,4973.9925900578555,4967.966408583728,8325.08712387085,8115.245793445478,161.08201238575208
1992,3,Case4,6x4_193,48.0,41.0,6x4,1,1,0.9953858256340027,0.004614133853465319,4.1583805843181665e-11,15388.243323403005,17094.905445155273,19897.840744018555,19118.681090857717,674.9797186575033
1993,5,Case4,6x4_194,-11.0,-16.0,6x4,3,3,3.9807217309777154e-13,4.014530485818568e-09,1.0,17756.135113982586,19344.06329527582,40126.27185535431,40538.91854479424,519.2510232752257
1994,3,Case4,6x4_195,12.0,71.0,6x4,2,2,2.0063954941917927e-09,1.0,3.0650766369433313e-09,21996.260955284524,22482.08942552205,40460.92272722721,41453.52385144004,739.911974861084
1996,5,Case4,6x4_197,-80.0,-38.0,6x4,2,2,0.015646981075406075,0.9843530058860779,4.073512371860488e-08,15893.15974336097,15640.580986101888,26222.593955993652,25831.457433915228,131.20826711576012
1997,1,Case4,6x4_198,-82.0,-53.0,6x4,1,1,0.9999961853027344,3.718860398294055e-06,1.2388896664106142e-07,10577.037843011174,10515.623337287921,15089.862396240234,14046.780385207272,733.7220801256987
1998,2,Case4,6x4_199,-45.0,82.0,6x4,1,1,0.9999428987503052,5.703966598957777e-05,2.905526974615949e-14,12884.544918881533,12791.749074999887,19586.481552124023,19321.566771517784,265.2369333077145
1999,5,Case4,6x4_200,88.0,-42.0,6x4,1,1,0.9605849981307983,0.039407018572092056,7.963145435496699e-06,11926.17822368546,13208.200621505832,21503.02456665039,22094.850905543586,368.2419186261127
2001,1,Case4,6x4_202,-24.0,-76.0,6x4,2,2,1.8634025877872773e-07,0.9999997615814209,6.948303044040927e-11,19533.891318677703,20367.869377249102,35297.19714355469,36073.94728195805,571.7345204361958
2002,1,Case4,6x4_203,33.0,58.0,6x4,2,2,0.007064464036375284,0.9929354786872864,3.1362173968929596e-10,16486.365230660547,16306.83618112457,26644.18016052246,26664.687171286663,265.42707984872715
2003,3,Case4,6x4_204,27.0,-22.0,6x4,3,2,7.238792250063852e-07,0.8273720741271973,0.17262721061706543,20176.706110514904,20561.211951541543,35379.805713653564,35946.61910167637,498.0032740543588
2005,4,Case4,6x4_206,4.0,90.0,6x4,2,2,3.790418257043626e-10,1.0,1.802431814912353e-10,10036.736432191612,19713.881310297722,39174.30488228798,41116.20788892532,1581.2371323878626
2006,3,Case4,6x4_207,19.0,-83.0,6x4,2,2,3.1335659400610893e-08,1.0,3.441801288417423e-10,19995.28621372993,20965.422870314025,37934.218438744545,38736.481553448706,644.0120451075844
2007,4,Case4,6x4_208,-87.0,47.0,6x4,1,1,0.9999346733093262,6.528833182528615e-05,3.633417833270869e-08,11851.482992077586,12304.090469529541,18244.729026794434,18338.699709624692,146.9264692858661
2008,4,Case4,6x4_209,58.0,-69.0,6x4,1,1,1.0,2.556501677020151e-09,5.2597624172756596e-11,11273.829196034098,11703.19417311376,13412.545066833496,13217.539334531608,197.92685414039488
2009,2,Case4,6x4_210,-10.0,23.0,6x4,3,3,5.27795229743333e-09,0.1550590544939041,0.8449410200119019,18809.799572454758,20101.75873190759,40067.85463523865,40883.560566221284,597.5215410170896
2010,4,Case4,6x4_211,55.0,-59.0,6x4,1,1,0.9999994039535522,6.351491492750938e-07,2.5909077400881886e-12,13099.915601604815,13791.545295993088,14740.223693847656,14758.450102460432,217.05664722102307
2011,3,Case4,6x4_212,-63.0,54.0,6x4,1,1,0.9999958276748657,4.227056251693284e-06,1.454016594626406e-12,13167.471008135466,13572.853650581957,14890.271011352539,14300.053766697678,481.53850100060816
2012,5,Case4,6x4_213,67.0,-42.0,6x4,2,1,0.9942236542701721,0.005776293110102415,1.1054566151358358e-09,15297.196516776994,15140.326076238667,22138.659698486328,21990.459508644442,145.58549634677505
2013,1,Case4,6x4_214,63.0,-14.0,6x4,2,2,3.599447850888282e-08,1.0,4.381505228079341e-11,21497.268914674736,21289.691271119307,39553.2885093689,39666.5783246871,123.53252958610729
2014,1,Case4,6x4_215,9.0,13.0,6x4,3,3,1.8506578214338987e-10,0.0031660664826631546,0.9968339800834656,17607.910295194793,18359.614168046875,39884.910847365856,40831.39823716768,893.7204626506617
2015,1,Case4,6x4_216,-10.0,59.0,6x4,2,2,2.34679231603252e-09,1.0,5.042401496346827e-10,21611.4483428287,22133.107671956885,40790.01819849014,41113.17359375496,308.1501096455847
2016,3,Case4,6x4_217,21.0,56.0,6x4,2,2,4.0355959640692163e-07,0.9999988079071045,7.728334026069206e-07,19024.884481113513,19541.986559545323,35216.01766204834,35516.63138437743,281.0858278330099
2017,1,Case4,6x4_218,5.0,-15.0,6x4,3,3,8.053854805289973e-10,0.057008206844329834,0.9429917931556702,17605.792968490783,18535.101404158173,39929.942858655006,40909.11418927256,933.549158085182
2019,1,Case4,6x4_220,14.0,-23.0,6x4,3,3,3.0520262966210465e-12,0.0003607968392316252,0.9996391534805298,19382.372791549784,20545.977503816193,39462.51999473572,41391.2617025629,1636.4766230035198
2020,1,Case4,6x4_221,74.0,-56.0,6x4,1,1,1.0,2.379502817007051e-08,2.8195046297696535e-09,10787.729413537414,10766.20418108904,13884.575492858887,13239.88766039828,430.9700338100715
2022,3,Case4,6x4_223,-78.0,-48.0,6x4,1,1,0.9999756813049316,2.43620561377611e-05,5.157699822788686e-10,12156.378780918145,12108.75094111067,17635.207153320312,16497.20978941202,792.3743952478522
2023,2,Case4,6x4_224,-4.0,-43.0,6x4,2,2,1.5362836336407781e-07,0.9883033037185669,0.011696563102304935,21078.173809356336,22339.77634213158,40888.068081855774,40763.07872581796,153.62256337478087
2024,4,Case4,6x4_225,2.0,-73.0,6x4,2,2,8.865452261197504e-10,1.0,1.449762976335478e-09,22317.9362294314,24260.882494166955,41939.1175006032,43738.90493739511,1224.2864868198992
2025,1,Case4,6x4_226,-42.0,80.0,6x4,1,1,0.9291236996650696,0.07087582349777222,4.870369139098329e-07,12651.832225226417,14390.261289262953,21526.792266845703,22210.942047489152,580.8986863531871
2026,2,Case4,6x4_227,-42.0,-6.0,6x4,2,2,1.218905367750267e-07,0.9985635876655579,0.0014362819492816925,22052.64681319117,22850.590885866834,40368.082856178284,41196.46304142581,562.442571406497
2028,4,Case4,6x4_229,42.0,86.0,6x4,1,1,0.89664626121521,0.10335296392440796,7.016028575890232e-07,12126.526532711148,13718.477718897631,21427.551780700684,21773.284150925032,354.91098415000323
2029,5,Case4,6x4_230,-44.0,-30.0,6x4,2,2,0.0014150310307741165,0.9985846281051636,3.1393517474498367e-07,16287.154204140936,16736.64871425819,26379.516693115234,26406.266139728323,226.7218679538615
2031,1,Case4,6x4_232,-8.0,-27.0,6x4,3,3,1.133283896413706e-12,0.00016991888696793467,0.9998300075531006,20104.036356437533,20985.312677891005,40418.499338150024,41598.599913017824,971.7200969411421
2033,3,Case4,6x4_234,-49.0,-40.0,6x4,1,1,0.9279240369796753,0.07207590341567993,6.17284223736192e-10,15308.929501320623,16713.48391713084,20318.814880371094,19676.57190945255,536.5242721990737
2035,2,Case4,6x4_236,16.0,-57.0,6x4,2,2,4.799090902452008e-07,0.9999990463256836,5.200989221521013e-07,21051.064603649524,21286.87932495262,38302.59153556824,38767.24429831397,320.9210370359506
2036,2,Case4,6x4_237,-32.0,66.0,6x4,2,2,0.00022168635041452944,0.9997783303260803,8.377000482173713e-11,16872.448392359238,17281.80605552614,29039.536193847656,29105.935043166613,147.75279682827983
2037,2,Case4,6x4_238,64.0,-22.0,6x4,2,2,6.028612006048206e-06,0.9999939203262329,3.6498779554250405e-09,19034.095052135843,19884.968384042822,35609.33871269226,36112.74823749178,359.6596481088291
2040,2,Case4,6x4_241,13.0,6.0,6x4,3,3,4.712387424721243e-11,0.00012330166646279395,0.9998767375946045,17461.919738302284,17697.23876615588,39844.10912939161,40847.49058384361,818.3360007711971
2042,5,Case4,6x4_243,-63.0,-63.0,6x4,1,1,1.0,3.3194410775649885e-08,8.347906567396368e-12,11471.812100818797,11386.641264716432,13156.117813110352,12475.155321135539,361.80674639126005
2043,5,Case4,6x4_244,85.0,-58.0,6x4,1,1,0.9999998807907104,2.0554384860815844e-08,7.859038220203729e-08,9219.000408770862,9424.059907122237,13041.403137207031,12473.532868250113,392.7222751159955
2044,5,Case4,6x4_245,-34.0,-14.0,6x4,2,2,4.602534886544163e-07,0.9948609471321106,0.005138621665537357,19881.196425051658,21179.5182171323,37702.959857940674,37752.36031538032,187.33405330049712
2045,4,Case4,6x4_246,60.0,61.0,6x4,1,1,0.9999994039535522,6.13343956956669e-07,1.2725334024368817e-12,12071.324130888881,12319.65619238673,13655.95573425293,13384.660252423131,193.64703953992702
2046,5,Case4,6x4_247,-83.0,78.0,6x4,1,1,1.0,5.916840795094913e-09,5.044450412938772e-10,5902.682443111473,5996.031490874902,9047.162437438965,8484.06964433377,382.773543972417
2047,4,Case4,6x4_248,6.0,27.0,6x4,3,3,4.5583196939258386e-11,0.0007458867621608078,0.999254047870636,19351.973849259746,20862.40032511695,40712.27438735962,40987.295288097375,316.08680452224866
2048,5,Case4,6x4_249,6.0,16.0,6x4,3,3,1.6459266404238865e-13,1.1081445761007558e-09,1.0,17597.91997942234,19159.411289461852,39949.529588878155,40839.582269783015,777.0006842870855
2049,5,Case4,6x4_250,-47.0,64.0,6x4,1,1,0.9999309778213501,6.906200724188238e-05,1.4323159845675004e-11,15084.932570751116,14490.482505526363,19076.27603149414,17376.702236781603,959.1559503121196
2051,2,Case4,6x4_252,-82.0,-45.0,6x4,1,1,0.9830113649368286,0.016988655552268028,2.9109353816281214e-12,12769.51346224902,13181.568811257814,19500.198013305664,20159.533543030782,502.1268213739387
2052,3,Case4,6x4_253,56.0,-34.0,6x4,2,2,0.07993663102388382,0.9200633764266968,4.391818908544565e-09,16106.740025738418,16358.229907619796,25408.312728881836,24391.690782632624,763.3386557791708
2053,3,Case4,6x4_254,-75.0,-17.0,6x4,2,2,3.2590641296792455e-08,1.0,6.780738748268789e-10,21039.167923651,21834.152765948907,38595.90729957819,39683.378297400974,780.4159134193612
2054,1,Case4,6x4_255,32.0,-60.0,6x4,2,2,0.0049408236518502235,0.9950592517852783,1.7775507454853567e-10,16913.702942077303,16806.13015893968,27915.70143890381,28237.001250039757,282.949030141905
2055,4,Case4,6x4_256,-25.0,-11.0,6x4,3,3,5.163156013843206e-10,0.009002632461488247,0.990997314453125,19397.504730784083,20687.13662267272,39872.809144973755,40286.87421619576,285.2886133429769
2056,2,Case4,6x4_257,65.0,80.0,6x4,1,1,1.0,3.313708196728271e-09,1.1923553202457856e-14,8200.740123507769,8624.530128491835,11099.058334350586,10779.034235845575,289.0765251857232
2057,1,Case4,6x4_258,54.0,-18.0,6x4,2,2,9.76963519860874e-07,0.9999990463256836,2.7679278868930624e-09,20314.08596558775,20199.970456209343,36753.55570793152,37335.80734072724,451.5311348319983
2060,1,Case4,6x4_261,-14.0,-28.0,6x4,2,3,7.929438355924745e-12,0.00064141332404688,0.999358594417572,21004.782456813682,21143.96921190611,38665.482971191406,39544.56634703814,728.2670390410663
2062,5,Case4,6x4_263,-24.0,2.0,6x4,3,3,6.903326109537755e-13,6.376265559993044e-07,0.9999994039535522,19691.9189183975,20407.041528629878,41033.24241924286,41620.7953887616,491.70872994662255
2063,1,Case4,6x4_264,87.0,-65.0,6x4,1,1,1.0,4.479540738344667e-09,2.9256385758458237e-08,7704.507732738949,7929.595100191235,10948.574035644531,10834.775560602982,54.57235009738678
2065,2,Case4,6x4_266,-26.0,-39.0,6x4,2,2,2.740168565651402e-05,0.9998728036880493,9.978417801903561e-05,17615.15288396271,18643.565010450904,29614.4393119812,30898.985839460198,872.1042509771648
2066,1,Case4,6x4_267,-33.0,-46.0,6x4,2,2,0.0021383222192525864,0.9978616833686829,9.602528550090028e-09,15968.063155630864,16036.955894514213,24417.041625976562,24742.773269828955,296.509982023655
2067,1,Case4,6x4_268,-59.0,29.0,6x4,2,2,0.0005639487062580884,0.99943608045578,6.031729976596623e-11,17341.88221619938,17014.537075374123,29907.205989837646,29096.689956609403,559.422951650772
2068,3,Case4,6x4_269,-60.0,60.0,6x4,1,1,0.9999994039535522,5.890864827051701e-07,1.2016295077021955e-12,12357.183283795895,12545.936153616523,13876.258666992188,13094.824639421506,426.2594257949746
2071,4,Case4,6x4_272,72.0,69.0,6x4,1,1,1.0,2.626303396979779e-09,1.567927732093466e-11,8556.787257813003,8312.276982707977,10881.313636779785,10331.994247648014,379.2579442011456
2072,1,Case4,6x4_273,81.0,62.0,6x4,1,1,1.0,9.898397657082114e-09,8.168312137790679e-10,8656.637987841574,8693.868346619694,11759.73550415039,11037.855236905954,476.5732765997251
2073,2,Case4,6x4_274,30.0,-25.0,6x4,2,2,1.9620469174697064e-05,0.9445331692695618,0.05544715374708176,19052.604303117045,19885.863869765355,32602.56338119507,33256.11243959055,467.72180895631226
2074,3,Case4,6x4_275,80.0,-20.0,6x4,2,2,9.56493408921233e-07,0.9999990463256836,1.086768119940018e-09,20254.760134148695,21341.949083457977,37373.2635281682,37998.12474015215,510.21064624292006
2075,2,Case4,6x4_276,-88.0,70.0,6x4,1,1,1.0,6.767663096596266e-10,1.518821892798443e-14,6779.553781179912,7188.868462820485,9903.611362457275,9600.96093678629,230.73926107461492
2076,1,Case4,6x4_277,57.0,88.0,6x4,1,1,0.9999995231628418,2.803686243169068e-07,2.4056055281107547e-07,9385.134860089873,10022.584337306127,13386.326713562012,13408.47518717897,99.56220153548787
2077,5,Case4,6x4_278,18.0,78.0,6x4,2,2,1.9328661338136044e-08,1.0,1.6222358178996643e-10,20206.486064621356,22646.036417268646,38341.35233968496,40247.01836148155,1365.3947532057373
2078,3,Case4,6x4_279,-88.0,-89.0,6x4,1,1,0.9999998807907104,9.210429396944164e-08,6.328509383202174e-10,4910.86792918435,4963.251504500956,8274.803367614746,7787.891096505789,365.56227786830954
2080,1,Case4,6x4_281,-72.0,-17.0,6x4,2,2,1.7816555342164975e-08,1.0,2.366328834269016e-11,21030.65079267539,21802.47203482427,38566.046637654305,39254.54668634503,527.4357480269305
2081,4,Case4,6x4_282,25.0,-74.0,6x4,2,2,6.627187758567743e-07,0.9999992847442627,6.651142414604294e-10,18957.25163945338,19949.910181883177,34723.058992385864,35588.52181827771,610.5367679105317
2083,3,Case4,6x4_284,16.0,16.0,6x4,3,3,3.884013596855418e-11,0.00028393801767379045,0.9997159838676453,18518.32541803028,18992.3207515131,39910.99075508118,40218.571549138884,385.66605805188277
2084,5,Case4,6x4_285,-21.0,55.0,6x4,2,2,6.559624239343975e-07,0.9999992847442627,2.5141304593745417e-09,19079.6016532544,19921.06306129465,35148.091022491455,35741.351971789256,361.19562356567394
2085,2,Case4,6x4_286,40.0,-87.0,6x4,1,2,0.1231512576341629,0.8768486976623535,8.571319348726902e-11,12552.935520450395,15544.82962603319,22815.928943634033,24897.170028402412,1271.5403304786862
2087,2,Case4,6x4_288,37.0,70.0,6x4,2,2,0.015453471802175045,0.9845464825630188,6.831006593710498e-11,16209.397827074268,16004.04585573528,26008.825035095215,26655.104297549995,497.9491232943928
2088,3,Case4,6x4_289,-9.0,44.0,6x4,2,2,9.460312533349224e-09,0.9987244009971619,0.0012755509233102202,21690.846366785077,22525.930514640386,39923.93608093262,40987.65254322596,801.7426704049464
2091,1,Case4,6x4_292,71.0,-88.0,6x4,1,1,1.0,1.2418255312951487e-09,2.2434814894722876e-08,6673.224529845868,7112.325234788346,9773.9221534729,9961.615286743792,141.6305789004254
2093,2,Case4,6x4_294,-71.0,-57.0,6x4,1,1,0.9999998807907104,8.15905494278013e-08,1.740484316457673e-14,10910.039753327488,11269.595032380534,13534.364639282227,13031.45480824972,475.4528019586581
2094,2,Case4,6x4_295,-84.0,-9.0,6x4,2,2,4.655829144439849e-08,1.0,1.125221804620935e-09,21533.987799605206,21931.85708452498,40530.658658742905,41614.87819215734,783.0340832859968
2095,4,Case4,6x4_296,-48.0,82.0,6x4,1,1,0.9999998807907104,1.619332152813513e-07,5.7438507283791296e-09,11897.097229080318,11961.179606658417,17774.949348449707,16499.555255595078,851.4939485014529
2096,2,Case4,6x4_297,-13.0,-4.0,6x4,3,3,2.64290056506411e-09,0.009559805504977703,0.9904402494430542,17587.509234222816,17537.432395977597,39752.30374979973,40708.946166884765,696.521093784558
2097,5,Case4,6x4_298,-19.0,-23.0,6x4,3,3,5.720438025491603e-07,0.2240581214427948,0.7759412527084351,19774.53180813125,20929.29384164792,37954.98165798187,36818.54238507624,843.9442702498335
2098,5,Case4,6x4_299,5.0,-32.0,6x4,3,2,1.5994796598306493e-08,0.5004299283027649,0.49957001209259033,21926.645819261597,22713.75267556281,40686.85452079773,40897.55352257328,208.78339483832698
2100,5,Case4,6x8_001,65.0,19.0,6x8,2,2,2.3765442946910298e-09,1.0,4.427842092979972e-09,7534.715071405816,7546.231940660748,33705.483895242214,33828.95628552181,123.32989271396754
2101,3,Case4,6x8_002,40.0,-51.0,6x8,2,2,0.02894018590450287,0.9710597991943359,3.089097866393331e-10,9914.920416991428,9818.294507084978,18070.49949645996,18031.186184720387,56.39932525690695
2102,3,Case4,6x8_003,-44.0,65.0,6x8,2,2,0.003877287032082677,0.9961226582527161,1.3672558744903807e-11,9432.477883311005,9408.028726995097,17878.788291931152,18125.688866154327,199.33021298784496
2104,1,Case4,6x8_005,-52.0,20.0,6x8,2,2,1.063217291985552e-09,1.0,3.658056257904718e-08,7813.979543973258,7619.196586360716,31957.366971969604,31666.091800836646,171.0786513029925
2106,3,Case4,6x8_007,51.0,-83.0,6x8,1,1,0.9294766783714294,0.07052326202392578,2.3649117386614904e-11,8428.041592901605,8315.842925357309,14345.992431640625,14413.015413124494,234.92207063786236
2107,2,Case4,6x8_008,86.0,9.0,6x8,2,2,6.316851486332098e-09,1.0,8.780306259836834e-09,6282.417083502739,6350.146971880986,35602.07823204994,35913.4348634587,284.8174656276066
2108,4,Case4,6x8_009,-63.0,21.0,6x8,2,2,7.258080803040912e-10,1.0,2.04382666346703e-09,7789.657812953683,7701.9056878807205,32614.913469433784,32601.75771942459,57.19263908133521
2109,4,Case4,6x8_010,-74.0,83.0,6x8,1,1,0.9999998807907104,8.738724943668785e-08,1.6809275325824213e-12,4291.269133329335,4182.243753475337,8428.703804016113,7864.830093602002,374.45004336030263
2110,2,Case4,6x8_011,-39.0,-9.0,6x8,3,3,9.450618759787588e-11,0.13982698321342468,0.8601729869842529,6617.1769490242,6629.167907059561,35756.648736953735,36168.86260198797,227.86329712410566
2111,4,Case4,6x8_012,-56.0,9.0,6x8,2,2,4.3048880432605685e-11,0.9999998807907104,1.0758106583352856e-07,7211.061770148175,7189.927805487795,36933.377395272255,36883.25426141053,139.0474193499404
2112,3,Case4,6x8_013,61.0,33.0,6x8,2,2,6.824145202699583e-06,0.9999932050704956,8.313279925564743e-11,8742.194851189088,8776.320113133379,24305.960605621338,23596.61181307389,453.89657470835084
2113,2,Case4,6x8_014,19.0,79.0,6x8,2,2,2.4812787935424296e-10,1.0,7.442058080897596e-10,6960.1225870275575,7044.143160196697,33789.76813340187,34500.72787747029,564.5044763395231
2114,4,Case4,6x8_015,35.0,60.0,6x8,2,2,4.957951659889659e-06,0.9999949932098389,1.176071323660821e-10,8937.893070147522,8866.179257153946,22693.695697784424,22225.358945546548,312.5717321394773
2117,1,Case4,6x8_018,-53.0,31.0,6x8,2,2,2.4482199023623252e-06,0.9999974966049194,2.2565196933221898e-10,8868.372983953357,8601.765049559493,24358.789821624756,23775.699764500238,396.6640150142193
2118,2,Case4,6x8_019,-79.0,29.0,6x8,2,2,9.333778194786646e-09,1.0,1.66648736477093e-10,7800.330377543276,7817.189347375159,28809.295796453953,29163.16710627021,288.53680808442664
2119,3,Case4,6x8_020,-2.0,48.0,6x8,2,2,3.874437923268026e-11,0.9970459342002869,0.0029540294781327248,6916.845392701806,6614.73609172773,37510.125083208084,37782.33513907749,274.5440057414235
2121,3,Case4,6x8_022,43.0,-33.0,6x8,2,2,1.2116830703234882e-06,0.9999988079071045,9.351426299986088e-09,9081.458872312436,9093.232490665312,21935.990325927734,21963.940623314928,98.44866087923306
2122,2,Case4,6x8_023,62.0,-67.0,6x8,1,1,0.9999998807907104,1.4268142933815398e-07,5.362732878074058e-15,7298.688867118204,7325.674881975941,11143.746047973633,10540.969556086258,415.59357812378414
2123,1,Case4,6x8_024,30.0,75.0,6x8,2,2,5.1682071955383435e-09,1.0,1.9713765342377343e-11,7933.859772224845,7943.6273751629105,27998.774030804634,28084.262046059983,80.30639624654432
2124,2,Case4,6x8_025,80.0,-80.0,6x8,1,1,1.0,2.1370396563469285e-09,4.715822459096242e-13,4242.450811588644,3835.8540883035917,8627.483963012695,7528.095491896432,742.6523870661572
2125,3,Case4,6x8_026,-81.0,73.0,6x8,1,1,0.9999994039535522,5.948896273366699e-07,9.947661618048276e-12,4542.812673731576,4292.645659889965,8600.80205154419,8136.201321418691,303.08805186517367
2127,3,Case4,6x8_028,36.0,-31.0,6x8,2,2,1.067891020056777e-08,0.9999967813491821,3.222058694518637e-06,8694.219410304984,8622.07097715958,24340.502279281616,24222.60037384672,173.44884026596057
2128,2,Case4,6x8_029,52.0,-41.0,6x8,2,2,0.0731770396232605,0.9268229603767395,4.059077518547838e-10,9981.447883419944,9997.93982260317,17637.919509887695,17917.669306047806,212.60830294844965
2129,4,Case4,6x8_030,15.0,-12.0,6x8,3,3,3.25994961548285e-14,1.761821577517253e-09,1.0,5254.507497881742,5243.5471973828935,36502.38508540392,36659.065012543484,327.58009763549427
2130,4,Case4,6x8_031,-55.0,-62.0,6x8,1,1,0.9982262253761292,0.0017737630987539887,2.2157722705251626e-12,8703.90252296249,9081.552059261288,12584.831481933594,12886.572026724953,230.84902735429563
2131,3,Case4,6x8_032,-19.0,-7.0,6x8,3,3,3.884634550610413e-15,9.755035002001478e-09,1.0,5185.704814453898,5203.523287223874,36738.573304884136,36814.571266284,161.0758028320719
2132,1,Case4,6x8_033,-61.0,86.0,6x8,1,1,0.9999856948852539,1.4319562978926115e-05,1.1076205057303223e-11,5970.411415920815,6084.728203871319,10685.583778381348,9979.80971682662,470.80498098394554
2133,4,Case4,6x8_034,-43.0,-15.0,6x8,2,2,9.679230750236911e-10,0.9605287909507751,0.03947122022509575,7190.763504882399,7273.769587948665,33661.93801498413,34117.10462706203,350.8776890784865
2134,2,Case4,6x8_035,70.0,81.0,6x8,1,1,0.9999998807907104,6.577678846042545e-08,1.755122401038943e-14,4865.016050006694,5040.545133382495,8915.887134552002,8568.011059280883,241.75294848402623
2135,1,Case4,6x8_036,8.0,25.0,6x8,3,3,3.4261383691187386e-15,1.4719573471211334e-07,0.9999998807907104,5720.320830925971,5637.751454603227,36522.732303619385,36964.84182173903,410.90069407858914
2137,5,Case4,6x8_038,-56.0,52.0,6x8,1,1,0.9885940551757812,0.01140590663999319,5.775874136609849e-12,9708.181842461105,9965.187927698917,13366.45329284668,13870.033938871255,344.6774469446539
2139,1,Case4,6x8_040,-27.0,-54.0,6x8,2,2,8.944592622128766e-08,0.9999998807907104,2.3860640130379807e-09,8424.713745640005,7923.24876589395,27420.580761909485,27079.939349340144,242.1931706467636
2140,4,Case4,6x8_041,-2.0,-68.0,6x8,2,2,2.0322096436209414e-11,0.9999998807907104,8.62894609099385e-08,6692.884215057182,6706.394152593071,37726.90247607231,38257.4400850943,360.88656132434426
2141,4,Case4,6x8_042,84.0,51.0,6x8,1,2,0.2599259912967682,0.7400740385055542,8.123086404909774e-12,8357.185167173264,8240.668570392392,14311.45567703247,14599.465756542364,276.4290548333144
2142,3,Case4,6x8_043,79.0,-71.0,6x8,1,1,1.0,1.548818140406638e-08,5.20413660082264e-12,4956.117892093866,4527.648368657007,8928.654529571533,8338.393214274867,405.6567057686054
2143,3,Case4,6x8_044,59.0,-56.0,6x8,1,1,0.9999415874481201,5.845063060405664e-05,3.019182126529074e-13,8837.212253399226,9277.57825208458,12458.33814239502,12317.148709711497,92.53738499164125
2144,2,Case4,6x8_045,-18.0,-35.0,6x8,3,3,4.270469533551591e-10,0.07311493158340454,0.9268850088119507,7103.081242022104,7115.216061796124,32167.812128067017,32204.025998923982,41.21330613635174
2145,4,Case4,6x8_046,-76.0,-77.0,6x8,1,1,1.0,1.968174956346047e-08,4.022393854628825e-13,4604.562149050341,4379.300798128311,8570.702350616455,8033.338564105078,359.8882501096629
2146,5,Case4,6x8_047,42.0,27.0,6x8,2,2,1.9342292034707498e-07,0.9999986886978149,1.1694735349010443e-06,8206.135290238222,8276.425023510214,25985.208335876465,26130.492052120448,167.4976031357905
2147,1,Case4,6x8_048,1.0,71.0,6x8,2,2,1.1198637503428976e-11,1.0,1.565443108475506e-09,6563.388039393604,6389.773447798144,37460.47254657745,37757.363506620946,234.70110688127036
2148,3,Case4,6x8_049,-37.0,22.0,6x8,2,2,7.232621446195964e-11,0.9956681728363037,0.004331756848841906,7640.056383316708,7618.166801635604,29725.13399028778,30114.505864663948,346.38694370807616
2149,4,Case4,6x8_050,-16.0,44.0,6x8,2,2,1.221560907982422e-10,0.9999544620513916,4.5539702114183456e-05,7421.293317093813,7391.781810383145,33374.84113883972,34221.97778617665,569.8997847651142
2151,1,Case4,6x8_052,-79.0,34.0,6x8,2,2,8.072105650569483e-09,1.0,1.3345541685638729e-11,8096.135686112949,7932.344998997638,25661.374096393585,25776.555534279585,105.83604638231449
2152,4,Case4,6x8_053,3.0,87.0,6x8,2,2,1.162317204289609e-11,1.0,3.710250107147317e-09,6096.586330399429,6129.443019547647,35784.17149066925,36426.99113014979,441.1353554808845
2153,3,Case4,6x8_054,-17.0,-44.0,6x8,2,2,2.4718965763170786e-10,0.9923500418663025,0.007649919483810663,7424.493099337768,7336.0651540338695,32731.11966228485,32928.72834716097,152.2741889156079
2155,1,Case4,6x8_056,67.0,-19.0,6x8,2,2,6.95686119822625e-10,1.0,4.325491631540501e-10,7464.384582603821,7359.933964498715,33847.39423036575,33614.64569420053,155.96607475432
2156,3,Case4,6x8_057,2.0,74.0,6x8,2,2,1.498280319256473e-11,1.0,4.027453925914415e-09,6406.265356381364,6511.072719301371,37083.127145290375,37308.447754909386,214.84299976054416
2157,4,Case4,6x8_058,82.0,19.0,6x8,2,2,1.998652354728847e-10,1.0,8.782462534995261e-10,6870.007684597509,6915.231486563353,33701.59477734566,34559.95940856473,625.7551116018908
2158,5,Case4,6x8_059,14.0,3.0,6x8,3,3,5.2229622773817316e-15,8.635684528579546e-11,1.0,4709.967384803875,4801.349365247759,36283.97216536105,36911.18163961781,610.6500785694178
2159,2,Case4,6x8_060,44.0,-84.0,6x8,2,2,0.004521565046161413,0.9954784512519836,3.092166453444456e-11,8477.213186269419,8501.875795715005,19641.73341369629,18667.925280987285,619.7955428843147
2160,2,Case4,6x8_061,0.0,-52.0,6x8,2,2,2.302331519876688e-10,0.9998438358306885,0.00015617837198078632,6987.518535161345,6707.038177521156,37791.60583847761,37604.21943474122,146.11230368606724
2161,5,Case4,6x8_062,33.0,26.0,6x8,2,2,1.6454933415843698e-08,0.9987432360649109,0.001256785006262362,7827.58928641721,7803.045759191513,27905.85082244873,28126.199863800903,205.3934213622176
2162,2,Case4,6x8_063,-75.0,38.0,6x8,2,2,2.1829796423844527e-06,0.9999978542327881,1.9103040330148424e-11,8508.498726557214,8396.8940363367,22792.95470237732,22679.146924258053,100.2238367789525
2163,4,Case4,6x8_064,-20.0,55.0,6x8,2,2,5.314198525674385e-10,1.0,2.0473313711022456e-08,7897.68401295813,7795.869695102061,32365.383768633008,32516.797127392703,110.99492821407335
2164,5,Case4,6x8_065,72.0,31.0,6x8,2,2,1.4807555714924092e-07,0.9999998807907104,8.585903515934135e-11,8148.871497925377,8190.754184549856,27144.148475646973,27137.862400680562,71.16777531452156
2166,2,Case4,6x8_067,-83.0,68.0,6x8,1,1,0.9999998807907104,1.0161489427673587e-07,1.8221411724850083e-14,5018.832270502839,5055.360055078389,9187.676223754883,8666.854933613206,354.9311757134719
2167,3,Case4,6x8_068,-26.0,-1.0,6x8,3,3,5.273371325655203e-15,2.3846445174058317e-07,0.9999997615814209,5685.7966610439935,5725.084624537014,37042.489168167114,37144.4950537587,229.21222611189606
2172,4,Case4,6x8_073,-22.0,46.0,6x8,2,2,1.942493277340418e-09,0.9999984502792358,1.4967008610256016e-06,7986.551751007632,7840.414828945139,29955.00981616974,30568.9565312596,440.75054553790216
2173,1,Case4,6x8_074,-1.0,-8.0,6x8,3,3,8.757099253099525e-15,8.224215752861141e-10,1.0,4454.939969781293,5191.500301017291,34572.73795604706,37366.87992964312,2164.287396023174
2174,3,Case4,6x8_075,-22.0,82.0,6x8,2,2,3.8693151460655884e-10,1.0,2.1449567122466817e-10,7143.206077416182,7210.090855658951,32508.79560136795,32888.751517775,366.3229562206201
2176,2,Case4,6x8_077,-64.0,20.0,6x8,2,2,1.0070237976833596e-09,1.0,2.488664385680295e-09,7737.312632660686,7520.176877626572,33218.64424107596,33208.72857916559,75.86148920239972
2177,1,Case4,6x8_078,29.0,-79.0,6x8,2,2,5.701632055377104e-09,1.0,2.1555616666613098e-11,7803.462007931789,7693.199893664677,28817.76700347662,28971.67514850125,137.73336499445176
2178,3,Case4,6x8_079,-67.0,39.0,6x8,2,2,0.00047504191752523184,0.9995249509811401,8.087749220342388e-12,8982.995305747301,9057.904652890309,21198.69228744507,20783.350816697362,276.09981364275546
2180,5,Case4,6x8_081,-38.0,-72.0,6x8,2,2,7.32971093384549e-05,0.9999266862869263,3.8365655097294393e-10,8627.018592297212,8614.760380498765,22412.53833580017,22928.609920600436,360.848596078543
2181,3,Case4,6x8_082,85.0,48.0,6x8,2,2,0.019063733518123627,0.9809362888336182,4.365708749370922e-12,8544.433939422363,8386.331253773162,17533.52880859375,16218.792116354443,797.2631950062498
2182,4,Case4,6x8_083,-12.0,85.0,6x8,2,2,1.977235909722541e-11,1.0,6.429665688756359e-10,6471.801341815617,6646.152675040955,35389.4536447525,35587.97954961883,224.38862850117212
2183,3,Case4,6x8_084,77.0,-48.0,6x8,2,2,0.2971518635749817,0.7028481364250183,8.433073683811187e-11,8872.342836870366,8829.875006130695,17141.75830078125,16535.49704347552,349.27791970790173
2184,1,Case4,6x8_085,45.0,75.0,6x8,2,2,0.0011711400002241135,0.9988288283348083,1.2408779516068225e-12,8820.118349899549,8843.164952374798,18522.13893890381,18170.35092201754,237.11142496785575
2185,3,Case4,6x8_086,-41.0,-54.0,6x8,2,2,0.15090328454971313,0.8490966558456421,9.194194711126258e-11,9785.106877733755,9937.683741324005,17765.097412109375,17375.704220308624,274.98364325918385
2186,3,Case4,6x8_087,-38.0,89.0,6x8,2,2,1.2377167024624214e-07,0.9999998807907104,2.8161528664583102e-11,8152.117779680076,8047.434221964701,23303.865891456604,23711.066736504763,301.67169282940205
2187,1,Case4,6x8_088,23.0,33.0,6x8,2,2,6.252484086033405e-10,0.5764359831809998,0.42356395721435547,7461.225603669868,7638.992745020542,29644.01386642456,29534.86054306551,129.63526900506983
2188,4,Case4,6x8_089,18.0,-35.0,6x8,3,3,5.003231769856731e-12,0.0015000492567196488,0.9984999895095825,7095.691677222553,7134.101737141607,32278.67674446106,32837.927752345786,463.89594642170636
2189,1,Case4,6x8_090,-65.0,24.0,6x8,2,2,4.541499620813738e-09,1.0,9.276531626190021e-11,7976.981791930181,7786.826026082606,31059.3299562037,30969.111423819075,56.63977428776099
2190,5,Case4,6x8_091,11.0,36.0,6x8,3,3,2.583323138738436e-11,0.021963490173220634,0.9780364632606506,6625.152210227835,6452.438134080423,35152.06474304199,35558.18229427999,355.39880953806255
2191,4,Case4,6x8_092,-38.0,-40.0,6x8,2,2,0.0004876281600445509,0.9995123147964478,8.947818486149117e-09,9702.760328515584,9614.965462984417,19931.329193115234,19106.477126010777,606.1851609742481
2192,5,Case4,6x8_093,-70.0,-78.0,6x8,1,1,0.9999998807907104,8.317042698990917e-08,7.341828154542457e-14,5125.362950803406,4908.946550467717,9084.25541305542,8689.32071037371,238.58136079661946
2193,2,Case4,6x8_094,73.0,-55.0,6x8,1,1,0.9999599456787109,4.009595431853086e-05,1.0840068466878676e-14,8508.594598327965,8317.906922092801,12607.300354003906,12488.892457616852,229.45928703803108
2194,4,Case4,6x8_095,68.0,-30.0,6x8,2,2,1.8825895509166912e-08,1.0,2.367490092858304e-10,8337.406838288463,8160.596288334706,27472.71853494644,27859.802953013124,272.8333737795596
2195,1,Case4,6x8_096,84.0,-52.0,6x8,1,1,0.9492990374565125,0.05070102959871292,1.033831215080383e-10,8107.180297654419,8113.446363486141,13964.109455108643,13647.131858601982,334.23765477554196
2197,5,Case4,6x8_098,-1.0,36.0,6x8,3,3,2.173736668095727e-12,0.003983416128903627,0.9960165619850159,6233.452447751497,6181.780181805035,36925.04207992554,37157.293567285924,257.5721529771008
2198,1,Case4,6x8_099,90.0,40.0,6x8,2,2,1.7742939917297917e-07,0.9999998807907104,8.027275025246361e-12,8219.557921999232,8287.183805253993,22097.97560119629,22259.04045376155,187.20164965826817
2199,2,Case4,6x8_100,69.0,62.0,6x8,1,1,0.9999878406524658,1.2138831152697094e-05,2.8043014552213766e-14,7030.441717237739,7333.097728470802,10978.130340576172,10658.368753493212,237.83492699850385
2200,2,Case4,6x8_101,48.0,15.0,6x8,2,2,1.8461968065430767e-10,0.9999164342880249,8.354732563020661e-05,7301.068736934463,7147.269481244006,34110.09099674225,34460.237082857675,293.40543855637105
2201,5,Case4,6x8_102,76.0,-24.0,6x8,2,2,7.241490518339333e-09,1.0,1.5289280952401896e-10,7559.699790121312,7528.892997373822,31557.619253396988,31929.248071956514,278.07958331564737
2202,4,Case4,6x8_103,66.0,14.0,6x8,2,2,4.0237486953476065e-11,1.0,7.3235120190418e-09,7188.988053844833,7104.640120189177,35749.72376251221,35945.25112037362,143.9861413906925
2203,3,Case4,6x8_104,83.0,3.0,6x8,2,2,1.2756337652852778e-10,1.0,4.375763751340855e-09,6097.975702163886,6012.348929791881,35949.53554010391,37515.724727234636,1088.5059502648485
2205,3,Case4,6x8_106,-12.0,43.0,6x8,2,2,2.918303446119985e-11,0.9899168610572815,0.01008310541510582,7095.8887279968985,6867.498233544054,35078.30541229248,36000.53414775023,696.994462049101
2206,1,Case4,6x8_107,69.0,8.0,6x8,2,2,4.320278509939435e-11,1.0,1.4723772201463703e-09,6732.279195085798,6701.42276179892,37105.37023180723,37051.70329811689,49.10569388284282
2208,3,Case4,6x8_109,-69.0,17.0,6x8,2,2,1.1987699721771605e-10,1.0,1.1920620046623753e-10,7278.778854284408,7085.022973385769,34754.555527091026,34913.11977940097,195.0599762960722
2210,5,Case4,6x8_111,7.0,87.0,6x8,2,2,4.4542744492837016e-11,1.0,1.6544753345115737e-09,6102.399929010011,6250.870241171019,35681.71909940243,35942.31495206551,194.1609108553472
2211,4,Case4,6x8_112,21.0,-8.0,6x8,3,3,5.280801075152044e-15,2.1835409036441433e-09,1.0,5365.207130041489,5101.117001992742,36747.76578569412,37195.5390418026,426.3596207138248
2212,5,Case4,6x8_113,35.0,-2.0,6x8,3,3,8.823437857088945e-13,0.0006631023716181517,0.9993368983268738,6319.804566328414,6173.334241064862,36853.53817367554,36699.77560778822,189.24445815374136
2213,3,Case4,6x8_114,-35.0,-78.0,6x8,2,2,6.363605393744365e-07,0.9999994039535522,6.531122170860826e-11,8154.096991937224,8253.55298302569,24880.792165756226,24421.066863635577,307.38028154644036
2214,2,Case4,6x8_115,22.0,74.0,6x8,2,2,5.218952492391793e-10,1.0,1.2243837055336826e-09,7451.756926284188,7441.215113388495,32529.516162991524,33061.96297710453,453.6787346587535
2215,4,Case4,6x8_116,12.0,-85.0,6x8,2,2,7.15410161666874e-11,1.0,4.131234909721115e-09,6463.706076030276,6476.824903468256,35406.35543906689,36272.27241437854,671.9045992918734
2216,5,Case4,6x8_117,-87.0,33.0,6x8,2,2,4.5627022160488195e-09,1.0,3.774976164994115e-11,7845.6568553549905,7776.380515218257,26478.1285238266,26768.89431197532,205.11780055588787
2217,5,Case4,6x8_118,54.0,-88.0,6x8,1,1,0.9999454021453857,5.46303708688356e-05,5.0932456169272555e-11,7396.543953430085,7941.150093478077,13026.606548309326,13347.069286608807,278.96163211335767
2218,4,Case4,6x8_119,31.0,-10.0,6x8,3,3,1.7724667558866904e-14,7.255228524627455e-07,0.9999992847442627,6212.083369363901,6270.2811903322945,35747.41060256958,36973.54075888252,896.0569896827558
2219,3,Case4,6x8_120,-58.0,-26.0,6x8,2,2,2.0006529766192216e-08,1.0,7.611181906952424e-09,8291.989442905944,8031.982438618947,28769.92271757126,28536.956516363884,161.65619980658377
2221,5,Case4,6x8_122,20.0,-73.0,6x8,2,2,1.393970716634385e-09,1.0,1.1127427868018458e-09,7388.882997730079,7334.067465472687,33526.60138350725,34089.30855715455,402.66317613938475
2222,4,Case4,6x8_123,76.0,4.0,6x8,2,2,1.0182015820758838e-11,1.0,9.053426452965141e-09,6353.228650931616,6367.9662868210025,36745.282670378685,37624.02265830545,609.7331769618685
2224,1,Case4,6x8_125,-3.0,72.0,6x8,2,2,1.3247066638077953e-11,1.0,9.424848679273623e-10,6528.593395970822,6323.161828560291,37317.469690322876,37696.75923057476,296.5375668146036
2225,5,Case4,6x8_126,-8.0,18.0,6x8,3,3,3.1010850286869278e-15,3.3213312655711036e-10,1.0,5230.918348215608,5089.537144860396,36754.269908726215,36782.68730477101,272.41685950364695
2226,4,Case4,6x8_127,-66.0,77.0,6x8,1,1,0.9999990463256836,9.856272527031251e-07,2.6337550304740553e-13,5823.231516011065,5569.298422924788,9724.064674377441,9274.270131648505,316.4176376823969
2227,2,Case4,6x8_128,59.0,-70.0,6x8,1,1,0.9999991655349731,8.061290373007068e-07,5.942434603878376e-15,7537.689137484869,7644.898350290181,11684.552711486816,11081.764643070952,401.405035257134
2229,2,Case4,6x8_130,-59.0,12.0,6x8,2,2,1.2361296708451874e-10,1.0,3.645845936262049e-08,7269.536334397416,7173.378374908585,36258.40586686134,36182.652014518215,72.85160331256856
2230,1,Case4,6x8_131,41.0,53.0,6x8,2,2,0.009444302879273891,0.9905557036399841,4.9700681070685704e-11,9829.567362078002,9586.40575039717,17669.67562866211,17960.12546370169,255.91522479075317
2232,1,Case4,6x8_133,-21.0,37.0,6x8,2,2,4.3973119590035026e-10,0.7633569836616516,0.2366430163383484,7463.232752412636,7537.0914819576155,30374.55472755432,30628.64006972381,261.3961315171923
2233,1,Case4,6x8_134,-56.0,37.0,6x8,2,2,0.00043150666169822216,0.999568521976471,2.6851517537229697e-11,9356.261202620251,9197.321373677134,20598.71053314209,19923.558325464393,462.05738867843957
2234,5,Case4,6x8_135,39.0,-76.0,6x8,2,2,1.0477834621269722e-05,0.9999895095825195,3.401016621107367e-11,8532.372438883216,8561.3640941218,22233.710041046143,22247.29633123242,81.47683880331486
2235,2,Case4,6x8_136,8.0,-68.0,6x8,2,2,8.758253150498163e-11,1.0,1.3451258773500285e-08,6876.527845280246,6697.779489287615,37225.65834212303,37133.77496139326,93.85375368763158
2236,3,Case4,6x8_137,68.0,53.0,6x8,1,1,0.9906993508338928,0.009300706908106804,4.2686953147588746e-13,9689.06781898347,9343.36297576973,14412.138404846191,13204.509534712373,736.8244668144201
2237,5,Case4,6x8_138,-28.0,-75.0,6x8,2,2,6.986321210433744e-08,0.9999998807907104,3.2289666496154723e-09,7787.798763569689,7783.835075368826,29193.327721953392,29662.51896801331,336.7402502712984
2238,1,Case4,6x8_139,-52.0,-36.0,6x8,2,2,7.549654401373118e-05,0.9999245405197144,7.952598302107816e-11,9305.793114337961,9057.064963866895,20490.91738128662,19868.540676120843,454.50621799341417
2240,4,Case4,6x8_141,79.0,49.0,6x8,2,2,0.05535971000790596,0.9446402788162231,2.6324441758374117e-12,8774.357101799495,8634.75704278985,16800.02375793457,15748.128594617216,622.4961954650219
2241,2,Case4,6x8_142,56.0,10.0,6x8,2,2,8.214597752020936e-11,0.9999994039535522,5.617046099359868e-07,7098.562548082026,6890.343820509352,36636.37007161975,37066.83736682788,313.19881228861226
2242,1,Case4,6x8_143,39.0,-35.0,6x8,2,2,1.226498898176942e-05,0.9999874830245972,2.021701703824874e-07,9348.751601905826,8897.790743740843,21474.658615112305,20696.590847125088,537.9156435182038
2243,1,Case4,6x8_144,-86.0,-39.0,6x8,2,2,2.352782075831783e-07,0.9999997615814209,2.227700662826848e-11,8188.0332908818,8181.234436059729,22624.78446006775,22649.187546379657,83.46374237623004
2244,5,Case4,6x8_145,29.0,32.0,6x8,2,2,5.624057308750707e-08,0.9997319579124451,0.0002680222096387297,8133.6579178682105,8020.174650974658,26719.665184259415,26585.464525848132,181.88938103847022
2245,4,Case4,6x8_146,-41.0,-28.0,6x8,2,2,2.4149429123099253e-07,0.9999921321868896,7.626100796187529e-06,8355.232193454245,8433.070600617317,25290.06001472473,25839.863233441763,372.11812659053703
2246,3,Case4,6x8_147,47.0,23.0,6x8,2,2,1.0228899505193567e-08,0.9999995231628418,4.565920903587539e-07,7994.233175780046,7999.877813178379,29256.78796672821,29359.56706375764,173.8177820141126
2247,5,Case4,6x8_148,46.0,-62.0,6x8,1,1,0.5009568929672241,0.4990431070327759,2.792072822943581e-11,9783.622353743329,9755.002271315574,16454.51943206787,16477.852546508413,121.24627450744723
2249,3,Case4,6x8_150,15.0,-47.0,6x8,2,2,1.1835082913691508e-10,0.9997356534004211,0.0002643343759700656,7448.043010883276,7218.372882487556,34115.008313179016,34319.33121198925,163.99534064932809
2250,5,Case4,6x8_151,-66.0,-82.0,6x8,1,1,0.9999998807907104,1.676717857890253e-07,1.0323348892306988e-13,5337.450907776226,5216.088283826575,9570.851428985596,9087.983053456262,292.4251992408573
2251,2,Case4,6x8_152,-23.0,-66.0,6x8,2,2,7.760928788513866e-09,1.0,4.452446589198189e-08,7805.297601571619,7550.703483232175,31623.97051203251,32421.358574394988,547.2150606265916
2252,5,Case4,6x8_153,50.0,-62.0,6x8,1,1,0.978425920009613,0.021574076265096664,3.744734123484195e-12,10093.466280529354,9853.879408411061,14906.41128540039,14540.497893325863,191.8877112334671
2254,1,Case4,6x8_155,11.0,-32.0,6x8,3,3,9.923226452243465e-15,1.787479732229258e-06,0.9999982118606567,6458.419722424503,6211.990251716278,35438.96967506409,36241.1285014809,675.6035352157999
2255,3,Case4,6x8_156,70.0,-86.0,6x8,1,1,1.0,1.616822586925082e-08,6.461700619020405e-11,4611.594982181081,4516.952921772725,8817.519039154053,8405.513543475028,271.93726482291254
2256,2,Case4,6x8_157,78.0,-26.0,6x8,2,2,3.411439664091631e-08,1.0,8.079818480943857e-10,7610.389501731962,7628.519527714602,30498.66189098358,30578.0101173409,118.92095378709861
2258,4,Case4,6x8_159,-9.0,-4.0,6x8,3,3,4.4392468217038794e-14,1.7397122631379602e-09,1.0,4267.542858404089,5353.869659152431,34946.44998884201,37027.283889937724,1497.7548725409167
2259,4,Case4,6x8_160,47.0,-13.0,6x8,2,2,7.2505702830572e-11,0.9998120665550232,0.00018800364341586828,7323.433927324804,7212.978283872448,34977.15957736969,35278.807872272155,231.31681068492253
2261,3,Case4,6x8_162,-71.0,-11.0,6x8,2,2,2.4484905422617054e-11,1.0,9.3219953978263e-10,6772.271893460154,6728.218575532852,36435.12523508072,36674.78941344739,241.82173515291294
2262,4,Case4,6x8_163,-84.0,28.0,6x8,2,2,3.6506035971939355e-09,1.0,2.9357363762194666e-10,7571.172369407428,7583.372372377203,29455.665850639343,29714.068069369667,210.24174671862696
2263,5,Case4,6x8_164,-16.0,-5.0,6x8,3,3,4.02346409769834e-15,1.8074029772829903e-10,1.0,5038.163977626102,4920.380949362789,36589.599919736385,36930.93940318336,413.34160971072185
2264,4,Case4,6x8_165,-5.0,10.0,6x8,3,3,6.614029663580892e-14,3.292865979886983e-09,1.0,4616.582490604712,5439.657591860522,35375.9841016531,36896.05342506992,1233.121056646223
2265,2,Case4,6x8_166,-61.0,-3.0,6x8,2,2,3.3030463780781005e-11,0.9999998807907104,1.4974833106862206e-07,6840.473835881717,6801.754114916639,37905.59092140198,38364.22001603891,345.18656406301324
2267,5,Case4,6x8_168,-5.0,-1.0,6x8,3,3,5.8078173516371446e-15,2.0490630026070988e-11,1.0,11591.474641550583,5216.2606112577005,38299.20504760742,36686.22787616073,1923.4877965115998
2268,5,Case4,6x8_169,58.0,-70.0,6x8,1,1,0.9999966621398926,3.359452421136666e-06,2.2739264898125056e-13,7739.8607075403825,7990.91629638998,11935.071678161621,11569.840406120999,225.25738809204486
2269,4,Case4,6x8_170,-35.0,-50.0,6x8,2,2,2.545127790654078e-05,0.9999744892120361,2.083837991051496e-09,9210.473663926265,9208.62667184099,20895.018173217773,20752.958012133444,143.11482654057056
2270,4,Case4,6x8_171,-6.0,-18.0,6x8,3,3,6.4646710734421204e-15,2.207224403250052e-09,1.0,5081.54076738477,5101.134667177987,36766.01670271158,37252.89143220557,418.67654275241745
2271,2,Case4,6x8_172,-68.0,5.0,6x8,2,2,2.200794581297405e-11,1.0,5.8196114594011306e-09,6756.282934545184,6695.675618008558,37562.398341178894,37966.22552438552,335.915450452838
2272,5,Case4,6x8_173,82.0,-55.0,6x8,1,1,0.9999988079071045,1.1456122592790052e-06,6.5208585059428614e-12,7446.86356777576,7054.758525315723,12681.97745513916,11239.182292993559,970.4694498064919
2273,5,Case4,6x8_174,-76.0,51.0,6x8,2,1,0.9432768225669861,0.0567232146859169,1.1293617950547397e-11,9017.341679504323,8677.152153190344,15759.008728027344,14159.276647863198,986.2152046773774
2274,5,Case4,6x8_175,-73.0,85.0,6x8,1,1,1.0,4.905376016495211e-08,3.705915782581393e-12,4298.531024147931,4206.251104445927,8476.607692718506,7812.1047510975895,425.5389191682635
2275,2,Case4,6x8_176,-36.0,30.0,6x8,2,2,1.7104208893670148e-07,0.9999750852584839,2.4753053367021494e-05,8548.73040465072,8566.241534893821,24883.935117721558,24795.774504602145,107.40189535297004
2276,5,Case4,6x8_177,25.0,-81.0,6x8,2,2,3.122740954708547e-09,1.0,1.4748526011576502e-10,7427.862084587249,7515.352499104225,31097.243665367365,31353.38758786777,201.67390807879858
2277,2,Case4,6x8_178,27.0,63.0,6x8,2,2,1.002008254147313e-08,1.0,7.522839240436952e-09,8186.938122022841,8071.5558555682455,28866.799626350403,29445.50067841016,454.22828886858645
2278,3,Case4,6x8_179,73.0,-44.0,6x8,2,2,0.007118981331586838,0.9928809404373169,8.227808712124585e-11,8956.674580669807,9005.890818684495,18892.421676635742,18957.24012131581,93.72768119112688
2280,4,Case4,6x8_181,88.0,45.0,6x8,2,2,5.416448402684182e-05,0.999945878982544,3.856746085689755e-12,8447.547484966599,8504.555183414828,19156.094997406006,19209.56491697803,125.40900618664556
2283,2,Case4,6x8_184,83.0,43.0,6x8,2,2,8.556132343073841e-06,0.9999914169311523,3.2346792345344655e-12,8465.3020747716,8498.739945920406,20165.294631958008,20734.565975900357,424.6624163358675
2284,1,Case4,6x8_185,-18.0,49.0,6x8,2,2,2.2679293165683845e-10,0.9999998807907104,9.765967234898199e-08,7665.455632397459,7418.093526826388,32785.84787464142,32864.789150258235,110.38160534295851
2285,5,Case4,6x8_186,-54.0,1.0,6x8,2,2,3.2409193384541624e-11,0.9999973773956299,2.6775533115142025e-06,6943.000399302032,6749.375146761491,37860.259395331144,38912.180711682784,753.1506328497921
2286,1,Case4,6x8_187,-47.0,-37.0,6x8,2,2,0.00010989668226102367,0.9998900890350342,2.635512086346381e-10,9521.431627939932,9200.330757644535,19392.940742492676,19105.748827608524,242.61390828805767
2287,5,Case4,6x8_188,-40.0,56.0,6x8,2,2,0.01108898501843214,0.9889110326766968,3.300450537868649e-11,9673.450888141793,9592.037578135407,18708.81195831299,18576.444316258097,104.3686530641491
2288,1,Case4,6x8_189,34.0,0.0,6x8,3,3,7.75123915790557e-14,7.368466322077438e-05,0.9999263286590576,6082.068388142859,6077.690572485111,36893.51391410828,37087.341208665996,143.05922561712873
2289,4,Case4,6x8_190,-80.0,40.0,6x8,2,2,5.252389200904872e-06,0.9999947547912598,2.5464753569681697e-11,8425.356405442357,8444.377749306519,21859.952493667603,21935.254308094736,57.10904052074891
2290,1,Case4,6x8_191,-75.0,6.0,6x8,2,2,2.206439198015886e-11,1.0,2.551309163933979e-09,6429.327393041925,6397.6675327802295,36861.98337638378,37332.063532292304,375.58511896952473
2291,3,Case4,6x8_192,89.0,-86.0,6x8,1,1,1.0,2.2816774247758076e-08,6.773741290100332e-11,3263.3188186067814,3443.60656469324,7514.614477157593,7474.4480330367605,75.7886304519879
2292,3,Case4,6x8_193,48.0,41.0,6x8,2,2,0.06215347722172737,0.9378465414047241,1.6759608978400564e-10,10046.174480990912,10078.432584188799,17432.919235229492,17233.07777410435,149.72336265551442
2293,5,Case4,6x8_194,-11.0,-16.0,6x8,3,3,5.732517393175658e-15,3.100329992733464e-10,1.0,5237.654919306807,5193.008001516435,36505.34897875786,36564.94792482494,268.65682078381667
2294,3,Case4,6x8_195,12.0,71.0,6x8,2,2,4.5036519652486007e-11,1.0,1.8490127207115847e-09,6946.349910892112,6826.489157280725,36242.2918664217,36333.22857078744,189.28104928265952
2296,5,Case4,6x8_197,-80.0,-38.0,6x8,2,2,4.946339799971611e-07,0.9999995231628418,1.1885334383343604e-10,8317.76013648186,8267.318343902489,23041.35165977478,24243.952887400737,830.490411330736
2297,1,Case4,6x8_198,-82.0,-53.0,6x8,1,1,0.9427984952926636,0.057201508432626724,7.321981909669262e-11,7928.287032672046,7874.616167241534,13490.037986755371,12810.385028922228,541.776480887534
2298,2,Case4,6x8_199,-45.0,82.0,6x8,2,2,0.0002606367925181985,0.9997393488883972,6.762472960081256e-12,8574.72791292092,8834.934665538394,18978.885009765625,18778.393161685945,138.7633007739146
2299,5,Case4,6x8_200,88.0,-42.0,6x8,2,2,1.8772861949400976e-05,0.9999812841415405,2.79621270582453e-10,8316.444040223607,8542.570668370583,20837.985919952393,21212.144006507173,295.223524475443
2301,1,Case4,6x8_202,-24.0,-76.0,6x8,2,2,7.91876675343417e-10,1.0,2.8351040959329055e-10,7462.219246770399,7420.579106459899,31500.960268735886,32212.738392882664,510.8465519552249
2302,1,Case4,6x8_203,33.0,58.0,6x8,2,2,2.995306431330391e-06,0.9999970197677612,4.2466717642408724e-11,8859.81603558297,8502.490599003,23758.408853530884,23675.094614078072,82.67369316412811
2303,3,Case4,6x8_204,27.0,-22.0,6x8,3,3,3.3555731977774617e-13,2.9942046239739284e-05,0.9999700784683228,7044.645326569065,7123.523912028815,32006.37156867981,31872.831440612455,92.34249085294365
2305,4,Case4,6x8_206,4.0,90.0,6x8,2,2,1.4656482624775258e-11,1.0,3.428829220553098e-09,6074.071427162674,6156.4148343972765,35682.755324840546,36162.08779860145,328.7243981035357
2306,3,Case4,6x8_207,19.0,-83.0,6x8,2,2,3.750404986568867e-10,1.0,8.100954629330914e-11,6877.81567878057,6854.7440166532615,33729.92104625702,34480.59378972978,569.5735830454772
2307,4,Case4,6x8_208,-87.0,47.0,6x8,2,2,0.010832337662577629,0.9891676902770996,5.666874955401191e-11,8521.277528450852,8538.528999757722,18084.98872756958,17360.418584500894,416.6676360334367
2308,4,Case4,6x8_209,58.0,-69.0,6x8,1,1,0.9999921321868896,7.893642759881914e-06,1.1601452491825232e-13,7790.152050882739,7886.843800367868,11923.441772460938,11497.952779001174,236.18724009368984
2309,2,Case4,6x8_210,-10.0,23.0,6x8,3,3,6.8002913616491655e-15,3.093433775802623e-08,1.0,5820.59639528756,5544.652086686056,36468.14674091339,37180.471079093775,559.6612106479381
2310,4,Case4,6x8_211,55.0,-59.0,6x8,1,1,0.9999595880508423,4.039935447508469e-05,2.980142445752759e-13,8977.951214951056,9188.936622582845,12644.674362182617,12674.669961336138,111.49234114010817
2311,3,Case4,6x8_212,-63.0,54.0,6x8,1,1,0.9936400055885315,0.006359956692904234,6.720404397905777e-13,9102.073316116324,9430.315296382521,12866.364707946777,12824.22370492004,85.19750641062872
2312,5,Case4,6x8_213,67.0,-42.0,6x8,2,2,0.0035091445315629244,0.9964907765388489,7.450048911117335e-11,9206.236256584609,9138.093947824913,19309.72088623047,19339.318107737432,98.69702741173825
2313,1,Case4,6x8_214,63.0,-14.0,6x8,2,2,1.8084099495663253e-10,1.0,1.4116593449742254e-09,7279.9161091390515,7074.916701106211,35755.06809189916,35741.92040696601,35.68153966545073
2314,1,Case4,6x8_215,9.0,13.0,6x8,3,3,8.575379345694429e-15,1.4703059880716296e-09,1.0,4849.314193866626,4719.875464282645,36314.05093002319,36788.73090326869,619.1293536999265
2315,1,Case4,6x8_216,-10.0,59.0,6x8,2,2,2.669771348440264e-11,1.0,5.825408599946513e-09,7242.66427212453,6827.76501604846,36850.64399167895,36815.78980267786,86.34724833114393
2316,3,Case4,6x8_217,21.0,56.0,6x8,2,2,2.0559860480773295e-09,0.9999997615814209,2.144842881079967e-07,7853.240550876927,7687.540417106859,31811.387053877115,32220.7851248039,346.45591113438405
2317,1,Case4,6x8_218,5.0,-15.0,6x8,3,3,3.4790969865634456e-15,1.5018754018214509e-09,1.0,4867.449820563283,4724.00187409166,36561.004885196686,37526.3270447433,929.8626683837948
2319,1,Case4,6x8_220,14.0,-23.0,6x8,3,3,1.4664869880644466e-15,1.4310271190254298e-08,1.0,5967.011292460819,5817.84136336429,35736.99559402466,36875.430014022895,990.2422593557185
2320,1,Case4,6x8_221,74.0,-56.0,6x8,1,1,0.9999786615371704,2.138413219654467e-05,7.988535505841499e-13,8068.908987704633,7811.911647223461,12262.692710876465,11565.434274536565,556.663749252272
2322,3,Case4,6x8_223,-78.0,-48.0,6x8,2,2,0.23614317178726196,0.7638567686080933,8.924840901036735e-12,8770.61738588107,8753.999560920265,17161.52939605713,16174.179636813047,622.4382082766207
2323,2,Case4,6x8_224,-4.0,-43.0,6x8,3,2,4.3419443040981776e-10,0.7281372547149658,0.2718627452850342,6756.134135417976,6665.613352446919,36963.22048473358,36839.71670248483,144.92088810487073
2324,4,Case4,6x8_225,2.0,-73.0,6x8,2,2,1.6274601458143856e-11,1.0,3.777401857973928e-08,6553.797028649301,6509.846857327508,37239.65524101257,38128.56253776246,562.2550974697582
2325,1,Case4,6x8_226,-42.0,80.0,6x8,2,2,1.6892367966647726e-06,0.9999983310699463,6.576196835347825e-13,8504.552723978,8431.45818617863,20609.39585876465,20560.02629374328,121.94528814656724
2326,2,Case4,6x8_227,-42.0,-6.0,6x8,3,2,1.8357400322077666e-10,0.7777441740036011,0.22225579619407654,6687.500769842818,6691.8273426498945,36572.19023132324,36846.6480855861,134.00107442072382
2328,4,Case4,6x8_229,42.0,86.0,6x8,2,2,6.763229976058938e-06,0.9999932050704956,5.811754289625215e-12,8332.300372542817,8512.420756997051,20845.13359451294,20708.124532539234,101.74388101527971
2329,5,Case4,6x8_230,-44.0,-30.0,6x8,2,2,5.282167876430321e-07,0.9999991655349731,3.1154479529504897e-07,8628.477266734028,8549.634401068575,23868.806844711304,23194.273472629044,476.9155075076878
2331,1,Case4,6x8_232,-8.0,-27.0,6x8,3,3,4.232718081603358e-15,1.0809011996570916e-07,0.9999998807907104,5854.452901889895,5860.416751214803,36419.698808670044,36913.78998248056,451.5464100203918
2333,3,Case4,6x8_234,-49.0,-40.0,6x8,2,2,0.014976481907069683,0.9850234985351562,1.605474087007508e-10,9870.65127412545,9889.306473314316,17869.689079284668,17602.166221635533,185.91205851247273
2335,2,Case4,6x8_236,16.0,-57.0,6x8,2,2,1.4748299248523722e-09,0.9999994039535522,5.556717042054515e-07,7618.114801552607,7280.240321597142,34626.86268143356,34503.99090589396,91.86313351032634
2336,2,Case4,6x8_237,-32.0,66.0,6x8,2,2,2.3115654812499997e-07,0.9999997615814209,2.6714735978927706e-10,8551.364840916036,8371.21742499447,25863.995517730713,26241.932235889282,285.92923589339154
2337,2,Case4,6x8_238,64.0,-22.0,6x8,2,2,1.738200694489933e-08,1.0,5.019192617083945e-09,7883.04153052559,7689.202999398277,32137.172632336617,31944.73897416902,143.33325063868273
2340,2,Case4,6x8_241,13.0,6.0,6x8,3,3,7.264322268176436e-15,5.83386727814883e-10,1.0,4712.504330772433,4614.573773820692,36207.494529008865,36732.04499929829,428.89321716770655
2342,5,Case4,6x8_243,-63.0,-63.0,6x8,1,1,0.9999988079071045,1.2148592531957547e-06,2.1895060363288227e-13,7489.867644310873,7451.563046281626,11255.203315734863,10611.90518062595,446.21728660904984
2343,5,Case4,6x8_244,85.0,-58.0,6x8,1,1,1.0,5.053449925185305e-08,2.4659626771117438e-11,6585.13957749185,6241.8824733182455,11602.975784301758,10233.314427963385,939.1318864958519
2344,5,Case4,6x8_245,-34.0,-14.0,6x8,3,3,4.018909770947543e-12,0.0008209602092392743,0.9991790652275085,6645.13716517518,6683.136498238053,34110.36566352844,35058.94509921722,709.8753312485028
2345,4,Case4,6x8_246,60.0,61.0,6x8,1,1,0.9999362230300903,6.372969801304862e-05,3.5778953584586493e-13,8016.524719105659,8264.19770101497,11652.463493347168,11511.086617009205,119.84117389648164
2346,5,Case4,6x8_247,-83.0,78.0,6x8,1,1,0.9999998807907104,8.464759559956292e-08,2.9085620630725506e-12,3910.3576392995824,3806.013735939376,8075.369565963745,7523.363451739585,356.18848009496224
2347,4,Case4,6x8_248,6.0,27.0,6x8,3,3,8.043539216574715e-15,1.0331259403528747e-07,0.9999998807907104,5791.436961737282,5636.208589884181,36677.64201450348,37214.08271875803,445.2068266075384
2348,5,Case4,6x8_249,6.0,16.0,6x8,3,3,4.982968197271434e-15,2.061624482241342e-10,1.0,5014.3416237022275,4907.011794338749,36580.70262796432,36873.2969855412,376.2242468979302
2349,5,Case4,6x8_250,-47.0,64.0,6x8,2,2,0.43271756172180176,0.5672823786735535,1.6898980478852188e-11,9693.143819672801,9764.146251818025,16260.291786193848,16283.121659509423,91.36455475368588
2351,2,Case4,6x8_252,-82.0,-45.0,6x8,2,2,0.00037722737761214375,0.9996227025985718,4.636776639727058e-12,8531.870916889393,8546.61985270161,18940.328830718994,18949.991407686226,85.4382760592742
2352,3,Case4,6x8_253,56.0,-34.0,6x8,2,2,4.769688530359417e-05,0.9999523162841797,1.666382448695103e-10,9073.869971416205,8899.63280876236,22709.830249786377,21805.44374095493,612.546132366648
2353,3,Case4,6x8_254,-75.0,-17.0,6x8,2,2,1.0126822991285422e-10,1.0,4.281675569650645e-10,6987.70638296544,6950.049890284195,34583.14906048775,34968.93074737462,320.8245419768994
2354,1,Case4,6x8_255,32.0,-60.0,6x8,2,2,1.5585012079100125e-05,0.9999843835830688,7.617344255361758e-11,8796.646424600342,8486.16403186532,24922.026947021484,24452.57648580183,324.3618724945848
2355,4,Case4,6x8_256,-25.0,-11.0,6x8,3,3,1.605634299562536e-14,3.938815140713814e-08,1.0,5836.440591966097,5922.146380629535,36003.197551727295,36322.576158886375,228.47835456625316
2356,2,Case4,6x8_257,65.0,80.0,6x8,1,1,0.9999997615814209,2.824399700784852e-07,6.773054170197256e-15,5628.329122277541,5788.045103438252,9745.61672592163,9431.642623275698,243.55233637865237
2357,1,Case4,6x8_258,54.0,-18.0,6x8,2,2,1.8244167288017366e-09,1.0,7.819815017739984e-09,7719.553151008214,7591.26225901087,33344.6894723773,33223.10317812886,89.21830687176902
2360,1,Case4,6x8_261,-14.0,-28.0,6x8,3,3,1.4392909200621265e-14,9.10698702227819e-07,0.9999990463256836,6248.642845926579,6270.116430610048,34847.64225959778,35260.44756500723,418.7077108517507
2362,5,Case4,6x8_263,-24.0,2.0,6x8,3,3,6.080831317130256e-15,2.6580130096931498e-08,1.0,5480.171510131111,5457.951306148638,37059.00299358368,37098.217805301996,226.6010026802767
2363,1,Case4,6x8_264,87.0,-65.0,6x8,1,1,1.0,2.7086134224418856e-08,1.0077226553217855e-10,5286.27500763011,5162.354624761041,9712.750240325928,9302.335537813577,278.5527028709359
2365,2,Case4,6x8_266,-26.0,-39.0,6x8,2,2,2.2123447962485443e-08,0.9994404911994934,0.0005594615358859301,7999.906321739766,8038.68935400813,26815.10499382019,27185.75250910104,270.19157578333045
2366,1,Case4,6x8_267,-33.0,-46.0,6x8,2,2,2.2175570393301314e-06,0.9999977350234985,3.1555569268704176e-09,9025.507685443468,8583.925566603764,21876.491802215576,21538.294491847177,272.63521726410187
2367,1,Case4,6x8_268,-59.0,29.0,6x8,2,2,2.2306197422494733e-07,0.9999997615814209,1.0340685946408357e-10,8528.921784722004,8287.538347969265,26922.92152786255,26784.472908236265,117.03220124063654
2368,3,Case4,6x8_269,-60.0,60.0,6x8,1,1,0.9996708631515503,0.00032911819289438426,2.310260544067383e-13,8248.923787334112,8516.463024357561,11859.778518676758,11388.57318450262,275.2263245722667
2371,4,Case4,6x8_272,72.0,69.0,6x8,1,1,0.9999997615814209,2.085930930206814e-07,1.2004313558813817e-13,5881.108702172178,5409.65796261744,9907.176811218262,8939.680033005723,604.306213410179
2372,1,Case4,6x8_273,81.0,62.0,6x8,1,1,0.9999997615814209,2.0155700042323588e-07,1.4554096859978327e-12,6032.558029957592,5907.621108226114,10386.012912750244,9729.829933054136,456.9981388951668
2373,2,Case4,6x8_274,30.0,-25.0,6x8,3,3,1.2202640287117816e-10,0.00757903466001153,0.9924209713935852,7629.616753920288,7638.706772625881,29554.85240316391,29735.40416749794,205.3443407380468
2374,3,Case4,6x8_275,80.0,-20.0,6x8,2,2,4.547645371388853e-09,1.0,6.640702432392231e-10,7028.847522719755,7165.663381986731,33382.14854872227,33705.7770089392,308.89781079914366
2375,2,Case4,6x8_276,-88.0,70.0,6x8,1,1,0.9999998807907104,6.690596876524069e-08,3.894488423699001e-14,4555.869102414041,4658.70119615321,8790.9680519104,8403.240137828843,250.50825532489768
2376,1,Case4,6x8_277,57.0,88.0,6x8,1,1,0.9999582767486572,4.171691034571268e-05,1.5175589951343937e-11,6677.546177430286,6976.133016152924,11867.329853057861,11322.71208894734,367.2179887526425
2377,5,Case4,6x8_278,18.0,78.0,6x8,2,2,1.2853224040654254e-10,1.0,2.72464717454568e-10,6986.401290238939,7116.775833050868,34186.36030507088,34709.87763543424,390.77966979636875
2378,3,Case4,6x8_279,-88.0,-89.0,6x8,1,1,0.9999988079071045,1.1404778206269839e-06,2.9671716472723375e-11,3213.761617080221,3505.049564469965,7474.643984794617,7473.287840398449,116.20206836796271
2380,1,Case4,6x8_281,-72.0,-17.0,6x8,2,2,7.886732239503758e-11,1.0,3.9756817282743384e-10,7200.763124621847,6984.090727078839,34638.86068856716,35317.22447917965,497.7188024541975
2381,4,Case4,6x8_282,25.0,-74.0,6x8,2,2,2.8658782014190365e-09,1.0,8.479634217017917e-10,7657.1672168572795,7577.733760305239,31015.85711956024,30858.026999935235,90.29117128422648
2383,3,Case4,6x8_284,16.0,16.0,6x8,3,3,5.0402056016491965e-15,8.320863109645416e-09,1.0,5663.779520126856,5387.588246348844,36058.39754009247,36090.6607638615,257.24444605803086
2384,5,Case4,6x8_285,-21.0,55.0,6x8,2,2,1.943675220772434e-09,1.0,3.712770313413216e-09,7933.874078893078,7774.055011191646,31769.998810999095,32041.461190823476,202.33338062099972
2385,2,Case4,6x8_286,40.0,-87.0,6x8,2,2,3.253690374549478e-05,0.9999674558639526,7.469942026050447e-11,8252.835828434652,8284.170542848511,22084.210639953613,21957.995587614918,109.03817714279627
2387,2,Case4,6x8_288,37.0,70.0,6x8,2,2,4.767844075104222e-06,0.999995231628418,3.7265052155177614e-11,8663.786558560198,8740.579813810433,22898.767457962036,22988.300675723392,132.8834435750028
2388,3,Case4,6x8_289,-9.0,44.0,6x8,2,2,3.544118123977036e-11,0.9644035696983337,0.03559644892811775,6906.107339208253,6692.269199773271,36113.73318004608,36945.835143391676,622.290123446622
2391,1,Case4,6x8_292,71.0,-88.0,6x8,1,1,1.0,4.5201025145047424e-09,7.995832468354891e-11,4440.815415954187,4597.23944055971,8650.598766326904,8578.501635852084,52.723769713118266
2393,2,Case4,6x8_294,-71.0,-57.0,6x8,1,1,0.9999459981918335,5.399522706284188e-05,3.551534270124744e-14,7786.067680964321,7852.374914507391,12198.166442871094,11679.549267610262,356.0814973318035
2394,2,Case4,6x8_295,-84.0,-9.0,6x8,2,2,1.9646557714025903e-09,1.0,2.4330104153591492e-08,6279.295256327633,6322.725101617068,35719.95810222626,36066.694037501045,378.49999793899144
2395,4,Case4,6x8_296,-48.0,82.0,6x8,2,2,0.044763822108507156,0.9552361965179443,8.903700693396743e-11,8642.350030281408,8686.374751753714,17417.97820663452,16440.32654753361,610.2881367133024
2396,2,Case4,6x8_297,-13.0,-4.0,6x8,3,3,1.316573548993576e-14,1.7167666177542174e-09,1.0,4755.711890487717,4568.609634916471,36161.53864415735,36891.752610471085,563.7484823476507
2397,5,Case4,6x8_298,-19.0,-23.0,6x8,3,3,6.605796638858852e-13,4.433664798852988e-06,0.9999955892562866,6383.194555592167,6632.008436588784,34251.41528892517,34381.98034779952,160.93353122420288
2398,5,Case4,6x8_299,5.0,-32.0,6x8,3,3,6.682293742866011e-14,6.680657861579675e-06,0.9999933242797852,6165.130861327447,5941.274323835466,36667.77972984314,36966.86355711261,275.51998726152175
2400,5,Case4,8x8_001,65.0,19.0,8x8,2,2,3.637854600890833e-11,0.9999988079071045,1.152839104179293e-06,5243.146533150198,5063.3639674130045,34368.95395588875,34153.28845998607,255.3843955420573
2401,3,Case4,8x8_002,40.0,-51.0,8x8,2,2,4.730816726805642e-06,0.9999951124191284,1.7745189495599334e-07,7021.620575402726,6869.987875307223,18411.45991706848,18439.630707145414,70.38264395780607
2402,3,Case4,8x8_003,-44.0,65.0,8x8,2,2,5.083347059553489e-05,0.9999492168426514,3.749406340958217e-10,6339.951506160524,6078.669469837092,17952.34709739685,18153.744247838746,148.19887897489937
2404,1,Case4,8x8_005,-52.0,20.0,8x8,2,2,2.084139527624984e-10,0.9996428489685059,0.0003570931439753622,5859.593453963796,5681.061917520664,32638.887106895447,32683.64848163908,58.16782416307042
2406,3,Case4,8x8_007,51.0,-83.0,8x8,2,2,0.00027083061286248267,0.9997290968894958,1.9444897081388746e-10,5358.196387701002,5216.637107050972,15771.6189661026,15165.01995206576,430.9900756079559
2407,2,Case4,8x8_008,86.0,9.0,8x8,3,3,1.6729684304550574e-09,0.03687795251607895,0.9631220102310181,3977.652908810087,3839.5248262531154,35124.225829675794,35730.62119943422,523.6843641760526
2408,4,Case4,8x8_009,-63.0,21.0,8x8,2,2,3.734400289001627e-10,0.9999996423721313,3.196467446286988e-07,5480.785455307892,5331.683297828651,33301.364924907684,33950.781431135074,440.42107212951555
2409,4,Case4,8x8_010,-74.0,83.0,8x8,2,2,0.0002736436726991087,0.9997263550758362,2.773269114353383e-10,3176.082725807057,3057.7108795003173,9173.703207015991,8723.243957111468,294.552505035593
2410,2,Case4,8x8_011,-39.0,-9.0,8x8,3,3,1.6578600471606197e-13,3.903107426594943e-05,0.9999610185623169,5546.763244744537,5511.714923414715,36390.95762729645,36680.641169127884,180.4320506035502
2411,4,Case4,8x8_012,-56.0,9.0,8x8,2,2,2.275227575787575e-11,0.9999878406524658,1.2155395779700484e-05,5273.534272909072,5173.584477718292,37629.07426786423,38305.41975581358,447.17094953025236
2412,3,Case4,8x8_013,61.0,33.0,8x8,2,2,8.949472629637967e-08,0.9999997615814209,1.879250106640029e-07,6008.2013620093485,5913.116711492614,24829.24469614029,23881.838214427466,612.8717786387979
2413,2,Case4,8x8_014,19.0,79.0,8x8,2,2,9.845466109048573e-11,0.9999988079071045,1.1548011116246926e-06,4634.824733294473,4592.104447505623,34225.59701573849,34948.64665018095,632.9251419826077
2414,4,Case4,8x8_015,35.0,60.0,8x8,2,2,1.0261111071940832e-07,0.9999998807907104,2.568369517064184e-08,6239.34877250512,6043.885241556709,23158.273713588715,21986.48127371088,776.9210009740601
2417,1,Case4,8x8_018,-53.0,31.0,8x8,2,2,1.2491368828193572e-08,0.999995231628418,4.720627202914329e-06,6396.058340830846,6359.773659380884,24980.107803821564,24567.382621684752,269.6729107539793
2418,2,Case4,8x8_019,-79.0,29.0,8x8,2,2,1.7755652503836927e-09,1.0,4.0414143143152614e-08,5030.325538034453,5033.9233729382,29301.969620743766,29520.90696317998,196.70867862415946
2419,3,Case4,8x8_020,-2.0,48.0,8x8,2,2,1.602287573454486e-11,0.7773572206497192,0.22264276444911957,5331.7997951298075,5186.663298491868,38126.3230509758,38212.22373366257,216.80226437463946
2421,3,Case4,8x8_022,43.0,-33.0,8x8,2,2,6.19617912533954e-09,0.9999513626098633,4.8652931582182646e-05,6874.125899147057,6770.548394849531,22526.868020817637,22416.352628419238,120.4705493759245
2422,2,Case4,8x8_023,62.0,-67.0,8x8,1,1,0.9999762773513794,2.3663205865886994e-05,1.224786602433553e-13,5717.628678366705,5612.7794264519125,11283.870931625366,10342.303187526017,775.6233840278012
2423,1,Case4,8x8_024,30.0,75.0,8x8,2,2,1.0928554727840378e-09,1.0,3.1908445663475504e-08,5187.809762973678,5102.758025390729,28483.715084969997,28537.060874669955,75.71586892600826
2424,2,Case4,8x8_025,80.0,-80.0,8x8,1,1,0.9996415376663208,0.00035845799720846117,3.1163569502723476e-09,2887.943609067684,2528.2652901015394,8823.332853078842,8208.617939966027,440.07618543356233
2425,3,Case4,8x8_026,-81.0,73.0,8x8,2,2,6.93197944201529e-05,0.9999306201934814,1.0602578814911112e-09,3332.197124562026,3189.6280906676247,9302.709329605103,9016.706022173657,181.88192186416106
2427,3,Case4,8x8_028,36.0,-31.0,8x8,2,2,5.361515120760885e-10,0.9745748043060303,0.025425158441066742,6907.5481421899485,6547.864942762432,24954.35393166542,24801.403605181174,215.68817829380203
2428,2,Case4,8x8_029,52.0,-41.0,8x8,2,2,2.0223918909323402e-05,0.9999797344207764,1.0552665408170014e-08,7031.156484932987,6826.642703906393,17925.71795272827,18028.031337191394,90.36978869002259
2429,4,Case4,8x8_030,15.0,-12.0,8x8,3,3,7.166228229587863e-15,7.256807377231667e-10,1.0,5441.57721996812,5302.785576561129,37362.41138628125,37775.44428187961,531.2993414799819
2430,4,Case4,8x8_031,-55.0,-62.0,8x8,1,1,0.9198958873748779,0.08010407537221909,2.6183865839413123e-11,6831.671181465092,6555.374362340311,13168.334457397461,12283.663585967352,561.3112377170112
2431,3,Case4,8x8_032,-19.0,-7.0,8x8,3,3,2.158540011025522e-15,1.0966557661973297e-09,1.0,5359.584771501703,5088.402525073876,37585.41097345948,37781.05012741241,287.67829680858154
2432,1,Case4,8x8_033,-61.0,86.0,8x8,2,2,0.0007928971899673343,0.999207079410553,1.6412271541810242e-10,4830.024157415195,4591.964672486776,11556.46583366394,10743.356898672988,592.9957101937648
2433,4,Case4,8x8_034,-43.0,-15.0,8x8,3,3,2.7349468176285363e-12,0.010655234567821026,0.9893447756767273,5827.978496269107,5710.324732717216,34290.74633693695,34956.48078432784,518.0349332220881
2434,2,Case4,8x8_035,70.0,81.0,8x8,2,2,0.0015494381077587605,0.998450517654419,7.206448771057694e-10,3610.3371868537433,3462.3390156517935,9638.760562896729,9432.961251534833,147.313698624471
2435,1,Case4,8x8_036,8.0,25.0,8x8,3,3,8.08475848676607e-16,4.4434176338370435e-09,1.0,5475.147959568679,5235.346864181749,37234.78681373596,38305.80746199472,819.8066077502364
2437,5,Case4,8x8_038,-56.0,52.0,8x8,1,1,0.7562418580055237,0.2437581866979599,3.8728794476972084e-11,7396.749389773339,7113.195584344491,13992.862014770508,13920.622678141872,32.85878121074696
2439,1,Case4,8x8_040,-27.0,-54.0,8x8,2,2,2.074075799995967e-09,0.9996142387390137,0.0003856850671581924,6052.790867714633,5988.036916779426,28086.379722118378,27796.743518145606,195.92578212024068
2440,4,Case4,8x8_041,-2.0,-68.0,8x8,2,2,2.3189578729487792e-11,0.9874338507652283,0.01256613153964281,4555.340433428779,4604.525136026257,38012.463999032974,39049.66365426428,712.6585893797895
2441,4,Case4,8x8_042,84.0,51.0,8x8,2,2,1.0578346518741455e-05,0.99998939037323,4.695110966679295e-10,5309.258463234165,5299.456064603442,15789.51280927658,15125.611304430367,487.7246568514455
2442,3,Case4,8x8_043,79.0,-71.0,8x8,1,1,0.9966772794723511,0.003322737291455269,2.3452698116877e-10,3642.8322741126576,3118.212609921479,9605.081888198853,8919.412669007474,515.3182161689551
2443,3,Case4,8x8_044,59.0,-56.0,8x8,1,1,0.9957550764083862,0.0042448933236300945,1.5482949991540984e-11,7238.789213154945,7025.919545003553,13186.219528198242,12696.860430390807,322.30482571507173
2444,2,Case4,8x8_045,-18.0,-35.0,8x8,3,3,1.4657880757686786e-13,8.521629752067383e-06,0.9999915361404419,5928.894179967925,5872.929837277493,32770.003299713135,33627.912135200684,606.2502599914274
2445,4,Case4,8x8_046,-76.0,-77.0,8x8,2,2,0.0001885393139673397,0.9998114705085754,1.9641419046756425e-10,3325.702933850627,2943.5480104983544,9239.269235610962,8578.017177558038,459.4963766178512
2446,5,Case4,8x8_047,42.0,27.0,8x8,2,2,9.295021974331519e-10,0.9579043388366699,0.042095672339200974,6447.413847677848,6298.5043002574375,26579.460785210133,26873.510014606385,242.25882419872838
2447,1,Case4,8x8_048,1.0,71.0,8x8,2,2,2.93780208493466e-11,0.999853253364563,0.0001467331894673407,4561.667684391576,4309.13289394674,37394.83870396018,38003.24336863717,301.947839746805
2448,3,Case4,8x8_049,-37.0,22.0,8x8,3,3,3.829368679791889e-12,0.03002389334142208,0.9699760675430298,6218.377756499581,6008.857537609232,30326.311512857676,31153.297603320378,654.2282832749131
2449,4,Case4,8x8_050,-16.0,44.0,8x8,2,2,1.0199278054068284e-11,0.9944709539413452,0.005529110319912434,5944.171053835692,5693.681504606504,33971.12632417679,35003.202473566096,666.7904136840527
2451,1,Case4,8x8_052,-79.0,34.0,8x8,2,2,5.788570067721821e-09,1.0,3.7664523944158645e-08,5211.287395855482,4981.593984132319,26054.84589961171,26482.31275962465,325.25925863276774
2452,4,Case4,8x8_053,3.0,87.0,8x8,2,2,1.7220606884915668e-10,0.9957908391952515,0.004209115635603666,3942.826924573259,3840.601774254383,35300.80510020256,35592.01881605703,272.11073075053724
2453,3,Case4,8x8_054,-17.0,-44.0,8x8,3,3,3.928931832652971e-12,0.01150921918451786,0.9884908199310303,5907.430626773915,5693.528006353212,33349.78262376785,33170.44009008456,128.31718809098209
2455,1,Case4,8x8_056,67.0,-19.0,8x8,2,2,1.5628766336650557e-10,0.9999961853027344,3.816727712546708e-06,5129.169267328459,5081.515423763774,34523.81034786999,34762.02225192706,219.2387211570663
2456,3,Case4,8x8_057,2.0,74.0,8x8,2,2,9.891365504444138e-12,0.9995465874671936,0.00045342076919041574,4353.320318499713,4179.109614272838,36867.15681934357,37488.80221404048,586.6440917200258
2457,4,Case4,8x8_058,82.0,19.0,8x8,2,2,3.629278821914994e-10,0.9992444515228271,0.0007556104683317244,4483.206267148011,4570.1356906989995,34023.60108137131,34341.30055745708,370.48293711723096
2458,5,Case4,8x8_059,14.0,3.0,8x8,3,3,3.1143387649708526e-15,1.7512461966684434e-11,1.0,4910.672094088812,5069.126724903786,37199.42845213413,38076.961846078804,923.9484020689483
2459,2,Case4,8x8_060,44.0,-84.0,8x8,2,2,1.7072950413421495e-06,0.9999983310699463,1.4424347272168347e-09,5287.38848041502,5107.716284309486,19637.798690631986,19240.43355718541,243.11819079235642
2460,2,Case4,8x8_061,0.0,-52.0,8x8,2,2,5.447108042400117e-11,0.9984287619590759,0.0015712155727669597,5258.231674033918,5253.368126137618,38457.771136283875,38059.17699596642,337.6826798495537
2461,5,Case4,8x8_062,33.0,26.0,8x8,3,3,2.8875350461393667e-12,0.001052456209436059,0.9989475607872009,6531.7067096171195,6235.304035484944,28488.842171669006,29125.080143712126,512.000901529418
2462,2,Case4,8x8_063,-75.0,38.0,8x8,2,2,1.5051416824007902e-07,0.9999998807907104,1.4269160297786243e-09,5539.777538259725,5373.377466255633,23088.54741895199,22957.482802996245,82.63318924903929
2463,4,Case4,8x8_064,-20.0,55.0,8x8,2,2,2.660558752476394e-11,0.999991774559021,8.242255717050284e-06,5777.092574565379,5624.843989659871,33034.910084724426,34175.9974931115,768.9975902886773
2464,5,Case4,8x8_065,72.0,31.0,8x8,2,2,3.2522011750302227e-09,1.0,1.131303850598897e-08,5385.415431575042,5258.706258890967,27647.056838810444,26794.049936150896,567.0468602666175
2466,2,Case4,8x8_067,-83.0,68.0,8x8,2,2,0.011273686774075031,0.9887263178825378,1.0940018890792658e-09,3750.214207800359,3586.897886654737,9917.712527275085,9382.384071802755,383.5295833837947
2467,3,Case4,8x8_068,-26.0,-1.0,8x8,3,3,1.253946198686727e-15,7.751356889684757e-09,1.0,5339.616235800141,5257.053197054926,37809.12155628204,38089.045023039725,240.2902554595095
2472,4,Case4,8x8_073,-22.0,46.0,8x8,2,2,4.1392680949492444e-11,0.9969071745872498,0.003092875238507986,6117.933401400916,5956.362451381752,30573.391775369644,31881.59109713454,879.2457354316992
2473,1,Case4,8x8_074,-1.0,-8.0,8x8,3,3,4.2009327467411664e-15,9.404481360331118e-11,1.0,4852.647906996622,4997.17813469657,35499.50668609142,37816.894352449264,1809.0591273219984
2474,3,Case4,8x8_075,-22.0,82.0,8x8,2,2,1.559826295904898e-10,0.9999995231628418,4.6139615506035625e-07,4601.165845380445,4610.621672679946,32993.25084012747,32907.351146561705,211.52465072441174
2476,2,Case4,8x8_077,-64.0,20.0,8x8,2,2,1.410692118675172e-10,0.9999998807907104,8.698183506794521e-08,5379.981001325868,5285.69110372126,33904.30020189285,33798.34949838919,111.68561573618769
2477,1,Case4,8x8_078,29.0,-79.0,8x8,2,2,8.825833952563755e-10,0.9999996423721313,3.132956862827996e-07,5029.137264612036,4910.683663718393,29296.080900266767,29405.17804162683,143.1918469039426
2478,3,Case4,8x8_079,-67.0,39.0,8x8,2,2,2.6699594855017494e-06,0.9999973773956299,1.2103282820419281e-09,6039.966685547486,5741.651609990466,21502.44856595993,21603.545300774436,112.66077878753411
2480,5,Case4,8x8_081,-38.0,-72.0,8x8,2,2,1.0959871588056558e-06,0.999998927116394,1.4484015098403802e-09,5654.696885076137,5460.350683452618,22732.52862921357,22213.14230666176,339.4700767561598
2481,3,Case4,8x8_082,85.0,48.0,8x8,2,2,3.2191437639994547e-06,0.9999967813491821,1.0206453460170906e-09,5285.141937458496,5134.652230479317,17340.985971689224,17069.50295113075,191.86343980965495
2482,4,Case4,8x8_083,-12.0,85.0,8x8,2,2,1.2391955517276898e-10,0.9997230172157288,0.00027695868629962206,4198.382432559146,4061.7871823509577,34967.61535900831,35410.08143207744,312.832720507314
2483,3,Case4,8x8_084,77.0,-48.0,8x8,2,2,9.529099042993039e-05,0.9999047517776489,3.749341725978184e-09,5628.180711447854,5347.475333335146,16980.53556203842,16973.446640751397,68.81187023632543
2484,1,Case4,8x8_085,45.0,75.0,8x8,2,2,8.474235983157996e-06,0.9999915361404419,7.258790096775769e-11,5669.4289757575825,5389.251403994379,18499.23530101776,17863.36260122469,431.50231471934495
2485,3,Case4,8x8_086,-41.0,-54.0,8x8,2,2,0.00010979203943861648,0.9998902082443237,1.992284737184491e-08,6841.532431490997,6643.920381144645,18052.78157234192,18196.208294510794,145.4895709001136
2486,3,Case4,8x8_087,-38.0,89.0,8x8,2,2,2.093720929963183e-08,1.0,1.0164606045748315e-08,5040.7985395543565,4951.628459624655,23544.523963958025,23318.88992602578,121.56174531499623
2487,1,Case4,8x8_088,23.0,33.0,8x8,3,3,3.0153322601398497e-14,1.0239502444164827e-05,0.9999897480010986,6275.406838615661,6065.3828428212455,30207.822803214192,31087.845183667207,678.1690818212647
2488,4,Case4,8x8_089,18.0,-35.0,8x8,3,3,2.1795336802715726e-14,1.8560631360742263e-05,0.9999814033508301,5925.446041446913,5899.618534503784,32873.479425281286,33644.57085259157,618.2341912543183
2489,1,Case4,8x8_090,-65.0,24.0,8x8,2,2,8.686252273015782e-10,0.9999997615814209,2.7831052307192294e-07,5517.707394730965,5256.642431426333,31721.447984218597,32122.51209092599,276.34667590754333
2490,5,Case4,8x8_091,11.0,36.0,8x8,3,3,1.5413458541186503e-13,0.00012625214003492147,0.9998737573623657,5551.947821633755,5495.186583050209,35733.01303386688,36158.471716673885,387.8894002351574
2491,4,Case4,8x8_092,-38.0,-40.0,8x8,2,2,7.334715945717107e-08,0.9999889135360718,1.1049643944716081e-05,7338.688659752844,7076.081450538756,20469.233841225505,19538.738991902625,649.3635507293008
2492,5,Case4,8x8_093,-70.0,-78.0,8x8,2,2,0.0006443278980441391,0.9993556141853333,2.632636608712602e-10,3767.8638945992357,3667.7064181205064,9769.728497505188,9331.017418150295,290.21775528089415
2493,2,Case4,8x8_094,73.0,-55.0,8x8,2,1,0.9927083849906921,0.007291627582162619,1.0444129285372417e-12,5911.174039522077,5885.362887012618,13656.953987121582,12981.232339427665,453.49125182139016
2494,4,Case4,8x8_095,68.0,-30.0,8x8,2,2,5.272172032277922e-09,1.0,4.30566728937265e-08,5567.214456656735,5455.994484969305,28046.489857673645,27929.36903743066,89.813134188958
2495,1,Case4,8x8_096,84.0,-52.0,8x8,2,2,0.00027647323440760374,0.999723494052887,5.657851964713245e-10,5332.283882503391,5252.062005317828,15319.519672393799,15108.687378286719,193.48104468321242
2497,5,Case4,8x8_098,-1.0,36.0,8x8,3,3,4.649075517463609e-14,5.620924275717698e-05,0.999943733215332,5556.815577206858,5256.4177520217545,37536.084285736084,38374.45089039255,640.9382619392924
2498,1,Case4,8x8_099,90.0,40.0,8x8,2,2,5.02861468021365e-08,1.0,6.373819250171664e-09,5090.936272818905,5077.433324862358,22255.811595350504,23162.900440563342,651.7670131530463
2499,2,Case4,8x8_100,69.0,62.0,8x8,2,1,0.6940835118293762,0.3059164881706238,3.54470272578844e-11,5541.392523080407,5442.550210404402,11123.933963775635,10847.189796327913,299.369412888486
2500,2,Case4,8x8_101,48.0,15.0,8x8,3,2,1.3858750258499697e-10,0.891930103302002,0.10806983709335327,5712.411234695455,5705.866006981351,34733.2903137207,34709.2426703159,30.973707822680872
2501,5,Case4,8x8_102,76.0,-24.0,8x8,2,2,5.417129522733433e-10,0.9999997615814209,1.9035084619645204e-07,4971.603958387639,4866.335512943905,32138.970479905605,31960.133100716692,144.05669013830277
2502,4,Case4,8x8_103,66.0,14.0,8x8,2,2,1.7964059059738524e-11,0.9999876022338867,1.2358099411358126e-05,5048.477384049053,5011.360794603073,36413.10548534617,36563.38023117758,224.8183926495347
2503,3,Case4,8x8_104,83.0,3.0,8x8,3,3,2.536825437216006e-11,0.000831807847134769,0.9991681575775146,3944.2451119482002,3892.815933085842,35606.55335319042,35924.41556300958,417.0793546378867
2505,3,Case4,8x8_106,-12.0,43.0,8x8,2,3,7.976527424680135e-12,0.27723759412765503,0.722762405872345,5751.923471731576,5458.455717917039,35670.6035194397,36440.00582170215,586.3964121386591
2506,1,Case4,8x8_107,69.0,8.0,8x8,2,2,3.375424245666281e-11,0.9975259900093079,0.002474060980603099,4563.510717066899,4606.846603006944,37587.24213898182,38118.831170095335,379.2274664988907
2508,3,Case4,8x8_109,-69.0,17.0,8x8,2,2,7.534577128875952e-11,0.9999998807907104,1.4369931022883975e-07,4929.5489664530605,4864.837114756774,35410.39058342576,35487.9272141539,230.88707159747833
2510,5,Case4,8x8_111,7.0,87.0,8x8,2,2,2.3129113901898535e-10,0.9977725148200989,0.0022274910006672144,3849.0300386143745,3916.2931612507914,35184.11937749386,35970.05009199214,592.354920949902
2511,4,Case4,8x8_112,21.0,-8.0,8x8,3,3,1.860202936783059e-15,7.400358104092675e-10,1.0,5386.785174280919,5249.4668675976945,37554.984080314636,38384.711927168326,693.6196603929984
2512,5,Case4,8x8_113,35.0,-2.0,8x8,3,3,9.672301411948851e-15,1.614316147424688e-06,0.9999983310699463,5384.739640654454,5333.871376522539,37499.255732536316,38025.97442699382,405.5001203248093
2513,3,Case4,8x8_114,-35.0,-78.0,8x8,2,2,6.164852806023191e-08,0.9999997615814209,1.7060156665138493e-07,5222.914055470661,5065.43829175525,25260.451993862167,25629.27237662491,332.00346770937597
2514,2,Case4,8x8_115,22.0,74.0,8x8,2,2,9.307368764588375e-11,0.9999998807907104,1.7586002343250584e-07,4965.063057742168,4926.6443801315545,33094.428084641695,33600.25878763591,417.5756501724051
2515,4,Case4,8x8_116,12.0,-85.0,8x8,2,2,4.258628449882451e-10,0.8975306749343872,0.102469302713871,4201.873786700601,3970.299439004021,34968.29138994217,35390.48241502443,337.15601691034135
2516,5,Case4,8x8_117,-87.0,33.0,8x8,2,2,2.804487087004759e-09,1.0,5.304944927786437e-09,4884.778796260707,4919.546764577956,26849.872207522392,27027.8814133753,181.25616077826282
2517,5,Case4,8x8_118,54.0,-88.0,8x8,2,2,0.006133419461548328,0.9938666224479675,1.6690177018219288e-10,5229.660739150098,5409.147271755966,14535.156603813171,14358.416040988857,135.2386753967513
2518,4,Case4,8x8_119,31.0,-10.0,8x8,3,3,1.6359467288327469e-15,6.280080810938671e-08,0.9999998807907104,5539.759207789687,5503.1175408935105,36415.57181930542,36803.20790775238,345.0162411659701
2519,3,Case4,8x8_120,-58.0,-26.0,8x8,2,2,4.409493215007387e-09,0.9999958276748657,4.198094757157378e-06,5878.255602479533,5759.90445920321,29450.95227432251,28913.337175484776,411.27243603376115
2521,5,Case4,8x8_122,20.0,-73.0,8x8,2,2,1.8000012591556924e-10,0.9999990463256836,9.11705797079776e-07,4920.210070410504,4876.425145337748,34120.70115053654,34948.12384691997,604.2189874926206
2522,4,Case4,8x8_123,76.0,4.0,8x8,3,3,2.8758068842948958e-11,0.039493948221206665,0.960506021976471,4324.6132507525035,4077.077579711941,36499.355161726475,36992.28260299574,434.08956699686735
2524,1,Case4,8x8_125,-3.0,72.0,8x8,2,2,3.954348307133593e-11,0.9998176693916321,0.00018235233437735587,4341.607088190484,4188.740453663707,37208.56110906601,37867.352164088436,373.13524875088984
2525,5,Case4,8x8_126,-8.0,18.0,8x8,3,3,1.7951605473128223e-15,4.150288793192125e-11,1.0,5406.434928622647,5164.941749712623,37573.716035336256,37963.38042294594,458.33376672824005
2526,4,Case4,8x8_127,-66.0,77.0,8x8,2,2,0.0008705428335815668,0.9991294741630554,3.0439158138495515e-11,4342.321180761343,4157.787403314607,10394.299449920654,9490.087250477018,684.752115295152
2527,2,Case4,8x8_128,59.0,-70.0,8x8,1,1,0.9998310804367065,0.0001688981574261561,2.4369726072184794e-13,6169.744815598298,5663.175287219845,12473.600393295288,11045.82094994034,1033.5296611008016
2529,2,Case4,8x8_130,-59.0,12.0,8x8,2,2,4.2051442189494637e-11,0.9999986886978149,1.278502963941719e-06,5383.20262964873,5176.955352272863,36959.38739824295,36989.730351549115,60.24719922762033
2530,1,Case4,8x8_131,41.0,53.0,8x8,2,2,7.270353307831101e-06,0.9999927282333374,3.869134346246028e-09,6908.643982115371,6733.724400752888,17938.696937561035,17729.21774918839,182.99077080629868
2532,1,Case4,8x8_133,-21.0,37.0,8x8,3,3,9.818110950979286e-13,0.008941072039306164,0.991058886051178,6221.646179193704,6043.560118650272,30951.054872393608,32142.249156483736,861.2385525638002
2533,1,Case4,8x8_134,-56.0,37.0,8x8,2,2,9.096301596400735e-07,0.9999990463256836,7.424789316701208e-08,6591.27454541036,6526.998121053204,21043.112740516663,20430.71359801755,394.15270159945516
2534,5,Case4,8x8_135,39.0,-76.0,8x8,2,2,1.7337413282803027e-07,0.9999998807907104,1.0486859158831408e-09,5522.12689960489,5213.220030798988,22476.613810777664,22045.298923655842,307.12744912911967
2535,2,Case4,8x8_136,8.0,-68.0,8x8,2,2,4.0103406706570865e-11,0.9999924898147583,7.56952840674785e-06,4757.9858468053535,4604.686496926494,37803.36699080467,37643.519064250795,123.67438506598769
2536,3,Case4,8x8_137,68.0,53.0,8x8,2,2,0.19559241831302643,0.80440753698349,2.0183432702935988e-10,6257.26568709228,6113.014860718109,13996.258895874023,13036.39693165053,637.5791552789617
2537,5,Case4,8x8_138,-28.0,-75.0,8x8,2,2,2.141356425511276e-09,0.9999998807907104,1.2574287211464252e-07,5135.016463880489,4998.90151604793,29740.988512887503,30507.853456990957,566.558307465901
2538,1,Case4,8x8_139,-52.0,-36.0,8x8,2,2,1.9281900165424304e-07,0.9999996423721313,1.1565846591565787e-07,6649.2554796134755,6408.893082516475,21004.8382730484,20769.149448018525,179.24626310740277
2540,4,Case4,8x8_141,79.0,49.0,8x8,2,2,7.584976629004814e-06,0.9999923706054688,2.709406310419382e-10,5501.692907303858,5405.802614717612,16570.952990055084,15995.605866506568,415.600119750178
2541,2,Case4,8x8_142,56.0,10.0,8x8,2,2,5.769557748225296e-11,0.9991224408149719,0.0008775911410339177,5378.158773666985,5300.300091421089,37307.92590045929,37552.854855548314,196.2775719788398
2542,1,Case4,8x8_143,39.0,-35.0,8x8,2,2,1.2692344064646477e-08,0.9998582601547241,0.00014171574730426073,7200.629831170267,6877.640324567352,22063.690896332264,21427.133801592714,448.3303133990955
2543,1,Case4,8x8_144,-86.0,-39.0,8x8,2,2,2.2116341824585106e-07,0.9999997615814209,1.235593227733034e-08,5092.2717418326865,5036.331346571701,22842.30921174586,22965.765899189963,113.02306889324697
2544,5,Case4,8x8_145,29.0,32.0,8x8,3,3,1.3220850629547254e-11,0.004911845549941063,0.9950881600379944,6818.416907123097,6434.749044517701,27298.378313302994,27494.52672550585,244.3334052652927
2545,4,Case4,8x8_146,-41.0,-28.0,8x8,2,2,1.011052241928212e-09,0.9504162073135376,0.049583856016397476,6497.607281512817,6465.436503380719,25914.316740572453,26209.390587558395,218.68162576559325
2546,3,Case4,8x8_147,47.0,23.0,8x8,2,2,4.5999110076522243e-10,0.9850026965141296,0.014997346326708794,6094.534426967528,5920.437130628591,29876.080837726593,29715.09389645591,163.099196569769
2547,5,Case4,8x8_148,46.0,-62.0,8x8,2,2,0.010726132430136204,0.9892738461494446,3.0608862666703374e-10,6610.444312614568,6297.0180945082075,16424.313093185425,16091.2969863062,221.05397708518547
2549,3,Case4,8x8_150,15.0,-47.0,8x8,2,2,3.7752505982480145e-11,0.6411254405975342,0.3588745594024658,5730.032278198862,5621.776690318293,34746.12608242035,35522.21520445206,562.3352310169795
2550,5,Case4,8x8_151,-66.0,-82.0,8x8,2,2,0.000683479942381382,0.9993165731430054,2.83512324728008e-10,4023.532078867632,4080.6980151745183,10338.514646530151,9948.55614568762,264.0525747858431
2551,2,Case4,8x8_152,-23.0,-66.0,8x8,2,2,4.5422970940123264e-10,0.9999986886978149,1.2866271390521433e-06,5343.757771973382,5222.871843862317,32286.7543861866,32842.22693175122,419.0188430139117
2552,5,Case4,8x8_153,50.0,-62.0,8x8,2,1,0.6403874754905701,0.35961252450942993,6.74914013565342e-11,6765.554546962981,6529.9817771819025,14653.02237701416,14153.263884884069,311.3476360638167
2554,1,Case4,8x8_155,11.0,-32.0,8x8,3,3,1.106447269383652e-15,1.3449017899347382e-07,0.9999998807907104,5747.826899139963,5515.851408811508,36084.32733488083,37228.48343023889,915.5333697753895
2555,3,Case4,8x8_156,70.0,-86.0,8x8,1,1,0.9967666864395142,0.003233337542042136,5.649646306338241e-10,3437.7405388736584,3223.669018265544,9593.92038822174,9012.746589582994,400.04174350919885
2556,2,Case4,8x8_157,78.0,-26.0,8x8,2,2,2.727970960236803e-09,0.9999996423721313,3.0228125069697853e-07,4944.276227952215,4942.247938701666,31047.539894774556,31163.5233786905,150.8369739216871
2558,4,Case4,8x8_159,-9.0,-4.0,8x8,3,3,1.1498656912159629e-14,4.986079882307592e-10,1.0,4612.8769843549635,4782.1849950303385,35896.16551328823,37137.561710588554,898.8277116758513
2559,4,Case4,8x8_160,47.0,-13.0,8x8,3,2,1.539109291404106e-11,0.9779012203216553,0.022098764777183533,5675.996402923296,5566.8360741129645,35612.007378578186,36338.5258404409,488.26526337412724
2561,3,Case4,8x8_162,-71.0,-11.0,8x8,2,2,7.732749163213981e-11,0.9999760389328003,2.3923441403894685e-05,4599.294178303902,4488.034035829112,36932.742673799396,37049.365876249154,268.25670658651654
2562,4,Case4,8x8_163,-84.0,28.0,8x8,2,2,7.872120733054544e-10,0.9999991655349731,7.908108727860963e-07,4797.410433362092,4842.247475219854,29918.11446774006,29638.864886319294,158.3675573067993
2563,5,Case4,8x8_164,-16.0,-5.0,8x8,3,3,2.4240435471335666e-15,2.2680498104610258e-11,1.0,5056.352614122,5045.897617506497,37481.04876220226,38103.914980508955,580.0957124474213
2564,4,Case4,8x8_165,-5.0,10.0,8x8,3,3,1.4459179364348547e-14,7.780978639182479e-10,1.0,5090.954793240228,4758.413558498694,36292.83956062794,36784.36623836556,474.20371781392055
2565,2,Case4,8x8_166,-61.0,-3.0,8x8,2,2,2.0379864462682917e-11,0.9999889135360718,1.111566052713897e-05,4948.3297103265295,4849.961817851385,38608.723622232676,38901.00895088013,212.87834489811553
2567,5,Case4,8x8_168,-5.0,-1.0,8x8,3,3,4.902178618278793e-15,7.580007801988309e-12,1.0,4920.81710064781,5411.0192406378965,34967.27252852917,37820.824403225706,2138.1621471046965
2568,5,Case4,8x8_169,58.0,-70.0,8x8,1,1,0.9942271709442139,0.005772772710770369,1.4516909809664247e-12,6147.733388037361,5839.89233990522,12691.076684951782,11888.327191204598,548.9832727014926
2569,4,Case4,8x8_170,-35.0,-50.0,8x8,2,2,5.949349812794935e-08,0.999998927116394,9.989379350372474e-07,6667.091255857744,6544.558542928211,21439.490132331848,21120.19519194266,258.2566137932339
2570,4,Case4,8x8_171,-6.0,-18.0,8x8,3,3,2.069301278384019e-15,6.01116101339727e-10,1.0,5183.317029035286,5101.051116165631,37609.14368468523,38432.67224287637,652.4775872319601
2571,2,Case4,8x8_172,-68.0,5.0,8x8,2,2,2.8231762413954975e-11,0.9999805688858032,1.937594970513601e-05,4680.854805367758,4543.741751610991,38014.34830626845,37922.83781687613,231.2163671475153
2572,5,Case4,8x8_173,82.0,-55.0,8x8,2,2,0.24462276697158813,0.7553772330284119,3.1439634229357694e-10,5396.066274877702,5277.745966266333,14028.51635837555,12967.25146305025,768.0309847169609
2573,5,Case4,8x8_174,-76.0,51.0,8x8,2,2,0.0017178350826725364,0.9982821941375732,1.405523007008691e-11,5716.346537682102,5588.999008393974,15440.200798034668,15016.727364926914,292.6164199761402
2574,5,Case4,8x8_175,-73.0,85.0,8x8,2,2,0.0010277731344103813,0.9989722967147827,1.131357008077316e-09,3184.584675773478,3176.178356224726,9242.469762802124,8879.248224219991,216.6152201469903
2575,2,Case4,8x8_176,-36.0,30.0,8x8,2,2,1.120937564991209e-09,0.8164440393447876,0.1835559606552124,6826.5865967205,6658.352919254479,25498.137719348073,25501.200873189217,91.7444170424049
2576,5,Case4,8x8_177,25.0,-81.0,8x8,2,2,4.249310348036772e-10,0.9999996423721313,3.794784220190195e-07,4740.583584099746,4848.501040451791,31586.89203774929,32066.9078374363,384.07994139870743
2577,2,Case4,8x8_178,27.0,63.0,8x8,2,2,3.2603963973087957e-10,0.9999996423721313,3.807998609772767e-07,5753.656861396799,5595.114355367965,29473.17245912552,30161.087405768943,493.674367726467
2578,3,Case4,8x8_179,73.0,-44.0,8x8,2,2,2.482009404047858e-05,0.9999752044677734,1.1046695114202976e-08,5779.634416145858,5554.339793360642,18944.997714996338,18897.124247722713,69.06051090749469
2580,4,Case4,8x8_181,88.0,45.0,8x8,2,2,7.774027039886278e-07,0.9999991655349731,3.1785825083119335e-09,5201.543614533061,5145.534662089391,19103.136747449636,18798.908444819244,223.5416756129026
2583,2,Case4,8x8_184,83.0,43.0,8x8,2,2,2.113731909503258e-07,0.9999997615814209,3.0485508561994834e-10,5226.493674878216,5175.629465657418,20211.045112907887,20942.180640112005,509.81773964346144
2584,1,Case4,8x8_185,-18.0,49.0,8x8,2,2,5.6404325654568765e-11,0.99918133020401,0.0008186728227883577,5804.797852690206,5661.817139542664,33419.45472717285,34001.69980333051,372.57455342311795
2585,5,Case4,8x8_186,-54.0,1.0,8x8,2,2,6.1920581509444794e-12,0.9975625276565552,0.002437501447275281,5219.328430638435,4986.570327700604,38551.14230155945,39459.67096531029,659.9391887370188
2586,1,Case4,8x8_187,-47.0,-37.0,8x8,2,2,1.4434617412462103e-07,0.9999995231628418,3.227447962217411e-07,6935.742758138661,6640.447468218709,19895.12066936493,19805.601337806213,116.38678490946913
2587,5,Case4,8x8_188,-40.0,56.0,8x8,2,2,5.823531682835892e-05,0.9999417066574097,4.5020689953823023e-10,6776.089686222022,6583.400243052936,19019.169551849365,18619.738403924926,272.6912930282097
2588,1,Case4,8x8_189,34.0,0.0,8x8,3,3,2.0377702651642408e-15,7.516853770539456e-07,0.9999992847442627,5507.412328101359,5306.778698183689,37547.135993003845,38114.10860771119,409.2883154916828
2589,4,Case4,8x8_190,-80.0,40.0,8x8,2,2,1.298969181107168e-07,0.9999998807907104,3.0496869474205823e-09,5347.303917829418,5148.308100820849,22049.81611788273,21770.825698260516,193.0226635132703
2590,1,Case4,8x8_191,-75.0,6.0,8x8,2,2,6.10381412080585e-10,0.6029267311096191,0.39707323908805847,4268.111521146384,4004.3878355660736,36645.338681817055,37453.50692921183,609.4320226595978
2591,3,Case4,8x8_192,89.0,-86.0,8x8,1,1,0.9994342923164368,0.0005656454595737159,1.7282040243316033e-09,2388.625959708781,2450.7784085213607,8302.60329863429,7742.542296932235,341.2242386672691
2592,3,Case4,8x8_193,48.0,41.0,8x8,2,2,2.406836392765399e-05,0.9999759197235107,6.665420926310617e-08,7161.006423146732,6951.321340174662,17745.825231552124,17647.698914332654,123.65102758862531
2593,5,Case4,8x8_194,-11.0,-16.0,8x8,3,3,2.643094949381238e-15,3.167385798086286e-11,1.0,5421.383928249801,5189.628678084103,37346.718326330185,37757.05688226574,453.12215988447684
2594,3,Case4,8x8_195,12.0,71.0,8x8,2,2,6.30939528054042e-12,0.9999934434890747,6.542202754644677e-06,4719.397713500662,4523.82390599374,36757.28127115965,36987.42741072173,441.9661600554276
2596,5,Case4,8x8_197,-80.0,-38.0,8x8,2,2,3.750616883735347e-07,0.9999996423721313,1.3288780076337048e-09,5286.694193507215,5117.353538136433,23319.70100042224,22454.118745851232,571.1711670344062
2597,1,Case4,8x8_198,-82.0,-53.0,8x8,2,2,0.0005524613079614937,0.9994475245475769,3.648946700351985e-10,5387.4441692054315,5398.418711545848,14802.022415161133,14348.04014915788,362.49553847491524
2598,2,Case4,8x8_199,-45.0,82.0,8x8,2,2,1.8707863773670397e-06,0.9999980926513672,4.430501243657403e-10,5346.55003683039,5256.998023060058,18947.28888221085,18876.289374863052,53.25524721036424
2599,5,Case4,8x8_200,88.0,-42.0,8x8,2,2,5.163618652659352e-07,0.9999995231628418,1.0274081585492922e-09,5128.971330250995,5284.232895163492,20933.190840512514,20824.09924241786,87.51600557337201
2601,1,Case4,8x8_202,-24.0,-76.0,8x8,2,2,4.5804957049533357e-10,0.9999960660934448,3.954279691242846e-06,4828.2039051447055,4836.751861327074,32072.64054274559,33111.08811712898,790.2339693996526
2602,1,Case4,8x8_203,33.0,58.0,8x8,2,2,1.3039294977090776e-08,0.9999998807907104,1.2821705297483277e-07,6244.372750498665,6102.103329392348,24287.292871952057,24136.759287159188,122.1515156153812
2603,3,Case4,8x8_204,27.0,-22.0,8x8,3,3,6.42636231433665e-15,6.477517189296123e-08,0.9999998807907104,6226.403684229021,5924.725441920091,32660.257042054087,32378.912174531586,202.8086157381628
2605,4,Case4,8x8_206,4.0,90.0,8x8,2,2,1.6585109674505105e-10,0.9982744455337524,0.0017256020801141858,3933.435720827932,3870.753039073779,35216.689435720444,35421.011768632365,211.51197755524183
2606,3,Case4,8x8_207,19.0,-83.0,8x8,2,2,5.970577504621488e-11,0.9999916553497314,8.402943421970122e-06,4493.641383878025,4370.222120890716,34004.47443044186,34450.6038661404,448.2334281805618
2607,4,Case4,8x8_208,-87.0,47.0,8x8,2,2,5.3547364586847834e-06,0.9999946355819702,1.3623580041866035e-09,5243.310154702068,5141.974032190568,17940.525859355927,17570.913280773104,265.089488040222
2608,4,Case4,8x8_209,58.0,-69.0,8x8,1,1,0.9909793138504028,0.009020761586725712,8.455320645028852e-12,6242.166811589561,5895.888602731417,12668.854997634888,11720.356731297717,674.7640822949039
2609,2,Case4,8x8_210,-10.0,23.0,8x8,3,3,2.0729354732442135e-15,1.3311971525098443e-09,1.0,5577.351555250903,5324.142871136456,37212.07727050781,37761.432337549086,456.72163005099037
2610,4,Case4,8x8_211,55.0,-59.0,8x8,1,1,0.9814997911453247,0.01850021816790104,1.926877060687282e-11,7212.237586505177,6868.66646618468,13317.006591796875,12793.9002573959,321.2699935255975
2611,3,Case4,8x8_212,-63.0,54.0,8x8,2,1,0.9550043344497681,0.04499563202261925,1.8414266639288357e-11,6775.949680996342,6717.338875516257,13461.585933685303,12916.202167009027,361.6479232999602
2612,5,Case4,8x8_213,67.0,-42.0,8x8,2,2,3.258528158767149e-05,0.9999674558639526,4.575422818398067e-10,6103.323487775923,5783.911423257581,19481.315861701965,19264.873194295516,175.91417989816867
2613,1,Case4,8x8_214,63.0,-14.0,8x8,2,2,3.857957009412161e-11,0.9999656677246094,3.4327527828281745e-05,5204.1017927191015,5011.984425021882,36450.09357562661,36751.40833256969,256.23543126865115
2614,1,Case4,8x8_215,9.0,13.0,8x8,3,3,3.570361610256544e-15,1.4637520362459355e-10,1.0,5128.430687855934,5021.329966901544,37176.81573855877,37848.049904649866,668.6951028737487
2615,1,Case4,8x8_216,-10.0,59.0,8x8,2,2,2.7274807412602797e-11,0.9999698400497437,3.0125811463221908e-05,5190.278468825795,5016.514893813622,37524.65800189972,37171.82483185604,252.39770404317522
2616,3,Case4,8x8_217,21.0,56.0,8x8,2,2,1.5812309794860369e-10,0.9996669292449951,0.0003331107145640999,5728.5584674049005,5689.657649555069,32457.191237449646,33183.02046538751,571.7985559337022
2617,1,Case4,8x8_218,5.0,-15.0,8x8,3,3,2.0558232901273085e-15,1.6205904673771698e-10,1.0,5131.379349583795,4939.564195154149,37439.65592825413,38253.487436445335,857.2673492900923
2619,1,Case4,8x8_220,14.0,-23.0,8x8,3,3,1.284138052816896e-15,2.124242559631284e-09,1.0,5663.074141097864,5536.230937706988,36468.60534763336,37519.769277123945,896.5853573193195
2620,1,Case4,8x8_221,74.0,-56.0,8x8,1,2,0.012649410404264927,0.9873506426811218,6.899990995234973e-11,5848.450496615078,5628.049928775559,13381.223178863525,13105.971528194092,261.96642469392225
2622,3,Case4,8x8_223,-78.0,-48.0,8x8,2,2,4.688071203418076e-05,0.9999531507492065,1.5062572300550414e-09,5552.409673831452,5310.892736791092,17002.470581531525,17151.65537693166,125.14932920952612
2623,2,Case4,8x8_224,-4.0,-43.0,8x8,3,3,9.566363326496408e-12,0.029552921652793884,0.9704471230506897,5449.875206149635,5406.839756959416,37590.511200904846,37842.04383112328,158.62002544409847
2624,4,Case4,8x8_225,2.0,-73.0,8x8,2,3,6.69849106738063e-11,0.3745012581348419,0.6254987716674805,4350.04428528579,4233.298273823734,37087.68264877796,37805.5943589963,461.0553617447588
2625,1,Case4,8x8_226,-42.0,80.0,8x8,2,2,3.777398660531617e-07,0.9999996423721313,6.005096975236768e-10,5402.61428433205,5132.1208163816445,20721.01615357399,20451.517954060408,189.67403444658228
2626,2,Case4,8x8_227,-42.0,-6.0,8x8,3,3,8.818457032308546e-13,0.001109119039028883,0.9988909363746643,5609.594139622134,5440.722462782063,37212.33675956726,37457.444042200725,140.9912023023431
2628,4,Case4,8x8_229,42.0,86.0,8x8,2,2,5.398405278356222e-08,1.0,1.5448637924464492e-09,5174.879164897978,5177.980459437056,20918.56074231863,20397.304493684936,338.08455662095554
2629,5,Case4,8x8_230,-44.0,-30.0,8x8,2,2,1.1004425148897212e-09,0.999704897403717,0.0002950201160274446,6609.274191783107,6511.159599384522,24499.39865154028,24149.097995107837,308.74628877793725
2631,1,Case4,8x8_232,-8.0,-27.0,8x8,3,3,9.095869656837409e-16,4.908958572968913e-09,1.0,5473.562249097838,5350.249684240626,37138.79301071167,37912.847084464185,668.2945691386647
2633,3,Case4,8x8_234,-49.0,-40.0,8x8,2,2,1.32252962430357e-05,0.9999867677688599,5.2055472821166404e-08,7073.029794926691,6984.351142579651,18243.015209197998,18132.894801651342,112.96494837451186
2635,2,Case4,8x8_236,16.0,-57.0,8x8,2,2,1.2290107820334129e-10,0.9999845027923584,1.548205727885943e-05,5576.126242207978,5463.743688391598,35308.36425971985,35309.26344845575,35.17305092623422
2636,2,Case4,8x8_237,-32.0,66.0,8x8,2,2,6.583863676468127e-09,1.0,4.40643432852994e-09,5803.6489955198285,5726.898104385671,26398.599876642227,26838.401430793347,316.8525976074288
2637,2,Case4,8x8_238,64.0,-22.0,8x8,2,2,7.506092969400413e-10,0.9999997615814209,2.5335751274724316e-07,5469.22873025311,5476.140102434176,32817.53378891945,32435.948900828113,313.4651779681793
2640,2,Case4,8x8_241,13.0,6.0,8x8,3,3,5.559093326455971e-15,1.0542226813736733e-10,1.0,4912.369171550609,4893.783636762312,37119.77460980415,37542.327550069545,422.10425040419113
2642,5,Case4,8x8_243,-63.0,-63.0,8x8,1,1,0.977057695388794,0.022942284122109413,3.783996119915978e-12,5845.489505495841,5868.119637850314,11404.1676902771,11106.5747557616,239.61820912095365
2643,5,Case4,8x8_244,85.0,-58.0,8x8,1,1,0.886420726776123,0.11357925832271576,4.236347384001249e-10,5269.388426168064,4976.290378247149,13053.426951408386,11705.833547613023,986.0973973181813
2644,5,Case4,8x8_245,-34.0,-14.0,8x8,3,3,1.0476316096910947e-14,2.3811789162664354e-07,0.9999997615814209,5722.014366647285,5576.036854205517,34749.44816851616,35664.63288700564,701.2542892862788
2645,4,Case4,8x8_246,60.0,61.0,8x8,1,1,0.5777484178543091,0.4222516119480133,2.8041246408205822e-11,6414.926868742866,6350.384451275686,11793.771648406982,11684.072284304599,184.65603299942836
2646,5,Case4,8x8_247,-83.0,78.0,8x8,2,2,0.003003097604960203,0.9969968795776367,2.2810979771747952e-09,2875.365408486812,2781.330713758157,8808.048295617104,8424.632185100194,232.07537400435922
2647,4,Case4,8x8_248,6.0,27.0,8x8,3,3,1.1698501207053598e-15,6.689547582539035e-09,1.0,5337.155050735757,5355.375975195608,37370.73360443115,37963.889674355894,484.3394512013374
2648,5,Case4,8x8_249,6.0,16.0,8x8,3,3,2.5923485702365225e-15,3.222620087450778e-11,1.0,5033.920258561974,5032.902103634511,37425.926933050156,37995.55720986252,613.5668154400144
2649,5,Case4,8x8_250,-47.0,64.0,8x8,2,2,0.005390832666307688,0.9946091175079346,1.9417906518826022e-11,6510.1726382970855,6250.241798479152,16174.261264801025,15583.703491606846,405.97489359155156
2651,2,Case4,8x8_252,-82.0,-45.0,8x8,2,2,1.1137954061268829e-05,0.9999889135360718,7.108988397952487e-10,5345.709180904387,5185.852464561145,18916.02695654705,19308.42697436503,258.934985096007
2652,3,Case4,8x8_253,56.0,-34.0,8x8,2,2,2.5062982444978843e-07,0.9999995231628418,2.409407784398354e-07,6435.373547005507,6256.221705463671,23251.43856525421,22749.850807901475,351.1722315893371
2653,3,Case4,8x8_254,-75.0,-17.0,8x8,2,2,2.744304783419693e-10,0.9999903440475464,9.661722288001329e-06,4647.53528096619,4592.428903430995,35137.64240026474,35357.85276403271,315.01793930489356
2654,1,Case4,8x8_255,32.0,-60.0,8x8,2,2,1.6531268798303245e-08,0.9999908208847046,9.183368092635646e-06,6182.533474493076,5919.963481853504,25486.385642051697,25584.259228818297,103.37857768566724
2655,4,Case4,8x8_256,-25.0,-11.0,8x8,3,3,1.6585936369852483e-15,5.052839924246655e-09,1.0,5465.96567042454,5479.468441167747,36753.837794303894,37433.30850703796,464.5770462364272
2656,2,Case4,8x8_257,65.0,80.0,8x8,2,2,0.0008966026362031698,0.9991033673286438,1.8228286935428883e-10,4244.860282077907,4218.285817184439,10477.690231323242,10351.926477699944,131.12390722812864
2657,1,Case4,8x8_258,54.0,-18.0,8x8,2,2,6.043522626786313e-11,0.9950005412101746,0.0049994708970189095,5697.6644276066045,5561.471738601485,34025.866788864136,34656.38243292113,506.3301513200133
2660,1,Case4,8x8_261,-14.0,-28.0,8x8,3,3,1.2017797688059395e-15,7.648568001172862e-09,1.0,5641.098317175473,5534.916234329471,35527.624478816986,36364.55009448495,750.1986961599916
2662,5,Case4,8x8_263,-24.0,2.0,8x8,3,3,1.1402902590329608e-15,2.8668606377735273e-10,1.0,5280.665195874081,5065.834000809377,37851.54274082184,38193.36871982993,315.21242934297106
2663,1,Case4,8x8_264,87.0,-65.0,8x8,1,1,0.9995889067649841,0.000411045562941581,5.389401702693419e-10,4010.9472648991655,3805.955232673425,10497.50957775116,10056.475946521905,308.0122767793253
2665,2,Case4,8x8_266,-26.0,-39.0,8x8,3,3,1.591206749695928e-10,0.10235237330198288,0.8976476788520813,6448.349927870425,6258.669880824631,27417.101002454758,28093.903097266782,479.1897000283371
2666,1,Case4,8x8_267,-33.0,-46.0,8x8,2,2,1.2020985096228287e-08,0.9999450445175171,5.4944575822446495e-05,6734.943532373052,6438.682453233354,22470.044870972633,22687.686354423946,168.03858278784426
2667,1,Case4,8x8_268,-59.0,29.0,8x8,2,2,8.330128586919727e-09,0.999998927116394,1.0167126447413466e-06,6046.986618471814,5868.2470071875,27558.133433818817,27202.17816137358,235.50574767712396
2668,3,Case4,8x8_269,-60.0,60.0,8x8,1,1,0.9959047436714172,0.004095227923244238,3.0935247852942327e-12,6610.134475080261,6433.384573333864,12020.371646881104,11902.591757634775,199.53137635137867
2671,4,Case4,8x8_272,72.0,69.0,8x8,2,2,0.004608754068613052,0.9953912496566772,3.311727975185974e-11,4309.3744405898005,4134.098258328051,10057.052396774292,9241.010691712883,626.0887705494739
2672,1,Case4,8x8_273,81.0,62.0,8x8,2,2,0.0002673882117960602,0.9997325539588928,2.823726807932303e-10,4742.611978977223,4612.965648004238,11137.279244422913,10488.92217718359,501.2757771148827
2673,2,Case4,8x8_274,30.0,-25.0,8x8,3,3,2.1645229011935108e-13,6.467797447839985e-06,0.9999935626983643,6523.920232007052,6238.019968146104,30172.77317211032,30382.106727734656,203.29980104948092
2674,3,Case4,8x8_275,80.0,-20.0,8x8,2,2,1.0906687775147361e-09,0.9998644590377808,0.00013555037730839103,4520.0351556959895,4587.341873307824,33875.49804353714,34222.14023226792,408.3620766121754
2675,2,Case4,8x8_276,-88.0,70.0,8x8,2,2,0.039412956684827805,0.9605870842933655,3.199582820911928e-09,3401.7317264621424,3298.0938050016102,9548.030936717987,9055.734203016298,330.6538146386865
2676,1,Case4,8x8_277,57.0,88.0,8x8,2,2,0.00023272831458598375,0.9997672438621521,2.433221402142749e-10,5213.697149798556,5135.926284442443,13411.59644317627,12554.206601680089,628.4336228014558
2677,5,Case4,8x8_278,18.0,78.0,8x8,2,2,4.671307785031331e-11,0.9999979734420776,2.0091306396352593e-06,4565.811842110341,4600.125228438523,34615.27819728851,34659.07858614694,130.21644965894603
2678,3,Case4,8x8_279,-88.0,-89.0,8x8,2,2,0.0018544578924775124,0.998145580291748,2.735882098647835e-08,2344.943979526629,2519.8569545603023,8266.440940499306,7785.861202083006,253.0565253005396
2680,1,Case4,8x8_281,-72.0,-17.0,8x8,2,2,1.537002192186776e-10,0.9999951124191284,4.913601969747106e-06,4787.612249160009,4781.4816752840015,35263.95238664746,36045.25111397421,595.7648494246279
2681,4,Case4,8x8_282,25.0,-74.0,8x8,2,2,2.935925391689409e-10,0.9999995231628418,4.849563310926897e-07,5035.503067616418,5020.569415140573,31583.84233444929,31486.814861095856,145.76056591086052
2683,3,Case4,8x8_284,16.0,16.0,8x8,3,3,1.5017391229006313e-15,4.898629835103918e-10,1.0,5555.589859873759,5276.768778592725,36863.655093193054,36637.93826003408,164.8895439681431
2684,5,Case4,8x8_285,-21.0,55.0,8x8,2,2,4.213309909295582e-11,0.9999873638153076,1.26239692690433e-05,5843.114011190877,5645.359136488917,32439.419779777527,32445.829084622503,69.14719723170558
2685,2,Case4,8x8_286,40.0,-87.0,8x8,2,2,9.0702990007685e-08,0.9999998807907104,3.382372826266078e-09,5145.964977049403,5067.466304740672,22237.160434752703,22314.64606433986,116.44541372287844
2687,2,Case4,8x8_288,37.0,70.0,8x8,2,2,3.010573834671959e-08,1.0,1.1754452966528106e-09,5751.779431391062,5651.020562952532,23239.50598409772,23793.898759862663,424.3483749467795
2688,3,Case4,8x8_289,-9.0,44.0,8x8,2,3,6.885493043784496e-12,0.22507362067699432,0.7749264240264893,5685.163983814196,5346.258328326163,36711.87814903259,37320.87992285182,477.04474778662967
2691,1,Case4,8x8_292,71.0,-88.0,8x8,1,1,0.9994915723800659,0.0005083776195533574,8.989041733187264e-10,3297.3904128750733,3245.539132983851,9434.592494010925,9247.735670755937,127.58086618031257
2693,2,Case4,8x8_294,-71.0,-57.0,8x8,2,1,0.9154672622680664,0.08453266322612762,2.595839862506999e-11,6039.465721970441,5744.68688492981,12919.866918563843,12129.731219257308,619.5004913686298
2694,2,Case4,8x8_295,-84.0,-9.0,8x8,2,3,1.4365964418061594e-08,0.2270321398973465,0.7729678153991699,3975.29723894365,3878.600430712611,35286.54403823614,35451.08698718006,199.43934494842492
2695,4,Case4,8x8_296,-48.0,82.0,8x8,2,2,3.6891569834551774e-06,0.9999963045120239,2.425122880289621e-10,5381.438025484839,5288.207575658858,17240.31763267517,16355.44448974079,615.1404877424577
2696,2,Case4,8x8_297,-13.0,-4.0,8x8,3,3,7.353092168081634e-15,1.8262227841070455e-10,1.0,4957.21357458884,4841.373358644378,37098.99595475197,37705.54050372484,584.2141142204943
2697,5,Case4,8x8_298,-19.0,-23.0,8x8,3,3,4.83432153832483e-15,1.7068312319068468e-09,1.0,5847.20507938656,5774.0294880464935,34958.99359154701,35316.88623073709,376.6586547953026
2698,5,Case4,8x8_299,5.0,-32.0,8x8,3,3,1.658840335331136e-15,2.0300433334341506e-08,1.0,5586.388062633913,5307.93062765888,37334.86614704132,38375.684000993264,807.647021604586
