dataset_index,fold,case,test_id,theta1,theta2,geometry,actual_type,predicted_type,probability_type1,probability_type2,probability_type3,actual_pt,predicted_pt,actual_max_force,predicted_max_force,curve_force_rmse
2,0,Case2,6x4_003,-44.0,65.0,6x4,1,1,0.9764280139126412,0.02356633585784879,5.650229509977023e-06,15283.103421466823,15162.520773173894,20760.087203979492,20327.437188126925,234.11408210039005
7,0,Case2,6x4_008,86.0,9.0,6x4,2,2,0.00017534493662057338,0.9997769649691879,4.769009419164396e-05,21473.947435573413,21869.16263587306,40338.21101093292,40803.41690585666,318.06304645518406
10,0,Case2,6x4_011,-39.0,-9.0,6x4,2,2,0.0003214045280959534,0.9108082193437576,0.08887037612814636,20453.97685275137,21939.47743697096,39574.37623500824,40593.17588292529,687.9507465050796
14,0,Case2,6x4_015,35.0,60.0,6x4,2,1,0.535427859024181,0.46447624675563304,9.589422018596821e-05,15944.291849701582,16745.568366864725,25584.4847946167,24930.821031545485,447.9950842923467
17,0,Case2,6x4_018,-53.0,31.0,6x4,2,2,0.2781345763551672,0.7216624445105996,0.00020297913423337018,16200.86354226923,16715.891911017392,27076.126289367676,26605.960951915862,373.78069035342224
25,0,Case2,6x4_026,-81.0,73.0,6x4,1,1,0.9999539320213428,1.706830256753925e-05,2.8999676089702673e-05,6739.4461962730475,6366.356260459473,9710.628128051758,8925.94450826527,510.8112609255025
36,0,Case2,6x4_037,-85.0,67.0,6x4,1,1,0.9999384125320171,2.030527716054857e-05,4.1282190822349725e-05,7423.061614736801,7388.119869261228,10532.988014221191,10012.573827205902,326.7199349038284
49,0,Case2,6x4_050,-16.0,44.0,6x4,2,2,0.003981410078596187,0.982569691568194,0.013448898353209823,20756.070138869356,20522.911012775483,36865.61903381348,37200.974747713466,237.06926101634255
51,0,Case2,6x4_052,-79.0,34.0,6x4,2,2,0.002863168265281224,0.9970926303297347,4.4201404983876965e-05,16870.336402522025,17828.471863588355,28930.105113983154,29493.209067749536,386.4365454548063
55,0,Case2,6x4_056,67.0,-19.0,6x4,2,2,0.0007156289634611824,0.9991655861689732,0.00011878486756557372,19769.131113534422,20907.776679442773,37428.92671871185,38006.459630713805,389.56534480968156
69,0,Case2,6x4_070,-89.0,-51.0,6x4,1,1,0.9987604340997968,0.001149182805017059,9.038309518607904e-05,10759.603122866465,10774.408430540934,16073.89323425293,14951.678977941203,748.636944640837
74,0,Case2,6x4_075,-22.0,82.0,6x4,2,2,0.0001393359929687732,0.9998487383207739,1.1925686257394304e-05,20009.09898157673,21375.255841190625,36500.63963794708,38202.54409016174,1102.7013699984493
78,0,Case2,6x4_079,-67.0,39.0,6x4,2,2,0.48888781796954356,0.5110643997640306,4.778226642576594e-05,15713.299234921931,15587.759988897296,24094.936096191406,23965.254570019402,69.28691410092378
80,0,Case2,6x4_081,-38.0,-72.0,6x4,2,2,0.16762869596891952,0.8321832733083964,0.00018803072268417238,16048.612139956382,16351.813016600016,25471.119705200195,26342.250792298444,614.4740335245734
84,0,Case2,6x4_085,45.0,75.0,6x4,1,1,0.9652508146453781,0.034689505253889585,5.9680100732145415e-05,12644.76230239052,14043.384535563786,19395.411262512207,19791.849499876425,332.6976539383535
90,0,Case2,6x4_091,11.0,36.0,6x4,2,3,0.0004843936709524024,0.11933417899225351,0.880181427336794,21814.638817993655,21229.71417620537,39022.60404396057,38994.68981277094,128.008415387704
91,0,Case2,6x4_092,-38.0,-40.0,6x4,1,1,0.9884831088599331,0.011495346319139392,2.1544820927567172e-05,16069.93561325196,16288.863713347118,22385.280807495117,20953.103983064837,1338.7139681808603
94,0,Case2,6x4_095,68.0,-30.0,6x4,2,2,0.01673647076851843,0.9832114268296825,5.210240179894891e-05,17574.428229042365,18124.066998034203,30593.08582687378,30827.902975128276,170.52799908088267
100,0,Case2,6x4_101,48.0,15.0,6x4,2,2,0.0018500452511953937,0.9947537704230957,0.003396184325708982,20117.588072242153,21053.705067580016,37422.40893363953,38515.91505664945,741.4883102585255
109,0,Case2,6x4_110,-51.0,1.0,6x4,2,2,0.00012999525861343076,0.9986578717694727,0.0012121329719138754,22174.53314878391,23154.126658088288,41674.814531087875,42583.54078740784,619.2987150818316
110,0,Case2,6x4_111,7.0,87.0,6x4,2,2,3.9647889988837715e-05,0.9999410616113621,1.9290498648971435e-05,21974.814743022594,20237.087703776342,40873.539714574814,41729.6126547924,525.924240460086
111,0,Case2,6x4_112,21.0,-8.0,6x4,3,3,2.856459859600936e-06,0.000730390579893944,0.9992667529602464,18812.197482628868,19758.875950870326,40626.20595264435,41916.84600394225,970.5953738679191
112,0,Case2,6x4_113,35.0,-2.0,6x4,3,3,3.4076734755157735e-05,0.051243239844127875,0.948722683421117,21502.654428246453,22033.045072781086,40706.40828704834,41570.680872853554,664.1805154526843
118,0,Case2,6x4_119,31.0,-10.0,6x4,3,3,2.386259508916627e-05,0.016836532588157878,0.9831396048167529,21139.901650976884,22027.822975631243,39530.98643684387,40778.61430307374,958.4193737300537
129,0,Case2,6x4_130,-59.0,12.0,6x4,2,2,0.00023022596664128993,0.9996515695315843,0.00011820450177435466,21120.917328111533,22210.21342522812,40090.62219238281,40518.04217117876,288.9397719261316
130,0,Case2,6x4_131,41.0,53.0,6x4,1,1,0.9884312713857317,0.011559928463632218,8.80015063611846e-06,15387.775916572398,15959.991796991893,20299.045333862305,19434.705585052918,708.7308430807929
131,0,Case2,6x4_132,38.0,35.0,6x4,2,1,0.8842319576803963,0.11539102311930506,0.0003770192002985021,15773.538665372627,16427.707196543102,24027.956230163574,23982.451707510816,412.1136587295114
132,0,Case2,6x4_133,-21.0,37.0,6x4,2,2,0.0335260179885622,0.8610496318335612,0.1054243501778765,18855.466306479895,18985.02708117426,33559.22101974487,34085.52584685911,366.2201569535457
134,0,Case2,6x4_135,39.0,-76.0,6x4,2,1,0.5907537464820416,0.4088975600358045,0.0003486934821539573,15966.862495721263,15372.326044612608,25354.599250793457,25006.525507312588,77.5532523491787
138,0,Case2,6x4_139,-52.0,-36.0,6x4,1,1,0.9423134586714549,0.05767090204989294,1.563927865217615e-05,15511.808244009047,16230.432999979592,23050.63249206543,22396.795880820027,586.4822820587501
142,0,Case2,6x4_143,39.0,-35.0,6x4,2,2,0.25559973158328064,0.74288843895808,0.0015118294586393068,15779.242510477306,16296.433295770332,23843.98260498047,24324.71271992801,360.48596366944014
147,0,Case2,6x4_148,46.0,-62.0,6x4,1,1,0.995020071912504,0.004976549866321913,3.3782211741198336e-06,15105.283301093265,15269.431086667402,19185.444869995117,18000.98943111005,783.2384513434794
149,0,Case2,6x4_150,15.0,-47.0,6x4,2,2,0.0029281913313249125,0.9894781621230629,0.007593646545612279,20352.354050625985,21178.023188158604,37585.84859085083,37846.35952581769,193.87357995460013
161,0,Case2,6x4_162,-71.0,-11.0,6x4,2,2,7.477948764201128e-05,0.9998925460938707,3.267441848728466e-05,21359.741658313826,22796.221715289033,40722.5802038908,41399.31817094334,464.39838308637684
164,0,Case2,6x4_165,-5.0,10.0,6x4,3,3,5.761280111204406e-06,0.0006624650094810934,0.9993317737104076,17074.09801002604,18339.038753274035,39235.9662604332,40293.785620610266,969.9092113626652
166,0,Case2,6x4_167,-4.0,-6.0,6x4,3,3,4.065883529702945e-06,0.00027737311846406893,0.9997185609980063,34578.323502431216,18108.795889327488,38318.25442069769,39869.2050909925,1218.6845443152724
167,0,Case2,6x4_168,-5.0,-1.0,6x4,3,3,3.9688938470033674e-06,0.00033103620988175834,0.9996649948962714,16752.135414763357,18214.102304515247,33202.57151687145,39650.44889875193,5936.2018924138665
173,0,Case2,6x4_174,-76.0,51.0,6x4,1,1,0.9993557898233487,0.0006332775054880144,1.0932671163442551e-05,11659.888567397536,11380.909702931234,16014.06713104248,14870.726391638942,781.7181280363149
174,0,Case2,6x4_175,-73.0,85.0,6x4,1,1,0.9999338883186685,1.5533949635423962e-05,5.057773169616275e-05,6422.7368016769005,6316.002289426988,9557.068145751953,8899.782311716186,438.9777321035535
178,0,Case2,6x4_179,73.0,-44.0,6x4,1,1,0.9696440676998903,0.030340823375550708,1.5108924558952501e-05,15034.989451880107,13900.581398002745,21776.3722076416,20383.64270421423,647.7212031197439
180,0,Case2,6x4_181,88.0,45.0,6x4,1,1,0.9882595889514394,0.011590105783583543,0.00015030526497701057,12554.388123116472,12353.830602931637,19472.401725769043,19344.168243061016,199.03250908802676
181,0,Case2,6x4_182,-14.0,42.0,6x4,2,2,0.003089203825233966,0.9511707503295576,0.045740045845208535,21339.96697323502,21052.422639627253,37814.139123916626,38293.28334317396,344.99761857811825
183,0,Case2,6x4_184,83.0,43.0,6x4,1,1,0.9445224281671848,0.05531459039767076,0.00016298143514441145,11967.243096667527,13420.939088223395,20717.62857055664,21353.290788983566,489.03235873628034
185,0,Case2,6x4_186,-54.0,1.0,6x4,2,2,9.82160328313899e-05,0.9994907201497769,0.0004110638173916524,22178.47555914894,23290.02549794467,41872.76620411873,42887.059711083966,684.8849398569247
187,0,Case2,6x4_188,-40.0,56.0,6x4,1,1,0.7945241278268457,0.2054623815589226,1.3490614231723328e-05,15530.04730188103,16094.201927855935,21416.237991333008,21375.455095102934,73.8322030797737
191,0,Case2,6x4_192,89.0,-86.0,6x4,1,1,0.9999256087228078,2.5347786869249835e-05,4.904349032287212e-05,4916.256448855694,4803.252024869431,8324.169456481934,8015.207844442781,206.38377226859677
222,0,Case2,6x4_223,-78.0,-48.0,6x4,1,1,0.9958479445653539,0.004132677942666486,1.9377491979635875e-05,12092.550507205471,11917.175220724768,17615.179878234863,16630.669630730477,715.1639598421438
228,0,Case2,6x4_229,42.0,86.0,6x4,1,1,0.8300522454738941,0.16886505453170506,0.0010826999944009053,12147.201106459304,13721.87896707879,21508.509674072266,22444.87022631633,580.4738830704847
233,0,Case2,6x4_234,-49.0,-40.0,6x4,1,1,0.9920144699346997,0.00798096003053751,4.570034762732199e-06,15305.524143283565,16213.404501841816,20345.436965942383,19953.792627602525,452.81324452837623
238,0,Case2,6x4_239,30.0,17.0,6x4,3,3,0.000716967683635102,0.0780744405617234,0.9212085917546414,19618.045851961564,20819.694360002297,36735.201471328735,37075.527707512934,364.0586310184287
242,0,Case2,6x4_243,-63.0,-63.0,6x4,1,1,0.9998250424879538,0.00017194181934512845,3.0156927012510363e-06,11513.413895177378,11236.93737304518,13160.900939941406,12166.082301857079,603.127304757797
244,0,Case2,6x4_245,-34.0,-14.0,6x4,3,2,0.0003805213067161921,0.5733661819258208,0.42625329676746315,19856.71831950007,21279.63603717637,37756.68535614014,39073.47672814718,960.1276102008385
248,0,Case2,6x4_249,6.0,16.0,6x4,3,3,3.6837726689117346e-06,0.0007506996946013713,0.9992456165327297,17514.902048012034,18018.40841123838,39829.492876946926,41544.63578758333,1330.3016062746915
250,0,Case2,6x4_251,-69.0,0.0,6x4,2,2,3.799687880720692e-05,0.9999240341385968,3.796898259577219e-05,22201.525456809683,23123.759271895626,42141.20088338852,42321.36227712403,144.8344877451662
265,0,Case2,6x4_266,-26.0,-39.0,6x4,2,2,0.06000277339373658,0.9292044625794215,0.010792764026841862,17127.531263806726,18235.49553465392,29537.979358673096,30657.30136863247,773.2074781767774
270,0,Case2,6x4_271,-30.0,50.0,6x4,2,2,0.04422875490694491,0.9555031248209346,0.000268120272120372,16716.32705618474,17597.927726323378,27381.242713928223,27842.93441040951,312.2030358798187
278,0,Case2,6x4_279,-88.0,-89.0,6x4,1,1,0.999865509145804,9.425632198804781e-05,4.0234532207985596e-05,4911.513135183643,4748.6045301942595,8274.618545532227,7619.229080246625,446.21978245439755
282,0,Case2,6x4_283,34.0,-21.0,6x4,2,2,0.005178311754138224,0.5940701370635962,0.40075155118226546,19004.433446355994,19827.940549673338,33846.608629226685,34852.621464815216,705.8541490595959
284,0,Case2,6x4_285,-21.0,55.0,6x4,2,2,0.0020103252196279047,0.9976221138161588,0.0003675609642131324,19091.416500846422,19934.398229023012,35153.71208572388,35215.7766274149,71.50108810894385
292,0,Case2,6x4_293,-28.0,11.0,6x4,3,3,8.41044926101851e-06,0.00982320387588529,0.9901683856748538,19614.779213469814,21176.788698753488,39650.33387374878,40925.622796945485,1012.3756042783625
299,0,Case2,6x4_300,51.0,46.0,6x4,1,1,0.9968436091441133,0.0031522792790065965,4.1115768799925695e-06,15619.052271961038,15328.505071162757,18238.787048339844,16899.352672633595,818.2304350538932
302,0,Case2,6x8_003,-44.0,65.0,6x8,2,1,0.6530383480200356,0.3469563542133713,5.297766593016983e-06,9433.471421825043,9671.824406587733,17899.111610412598,17040.140739386123,572.4050130671546
307,0,Case2,6x8_008,86.0,9.0,6x8,2,2,3.260177857826553e-05,0.9998757234936956,9.167472772615934e-05,6280.1689619866,6393.7581988258735,35506.269343853,36404.61290254253,548.2690489857017
310,0,Case2,6x8_011,-39.0,-9.0,6x8,3,3,3.475275866143731e-06,0.07567412893083657,0.9243223957932973,6612.7033842657875,6586.542986714456,35831.15201950073,36067.43660244086,218.5637412678127
314,0,Case2,6x8_015,35.0,60.0,6x8,2,2,0.01218835097835002,0.9877920197320005,1.9629289649496768e-05,8997.773506824675,8858.349313123097,22704.378246307373,22753.116754496576,109.59789386583323
317,0,Case2,6x8_018,-53.0,31.0,6x8,2,2,0.0027117506435776345,0.997230844749919,5.740460650324291e-05,8869.432595235507,8887.702355073056,24355.50992012024,23761.335339813184,441.1323826380184
325,0,Case2,6x8_026,-81.0,73.0,6x8,1,1,0.9998754388279556,0.00011918220787489755,5.3789641695352516e-06,4541.779297238318,4250.595959999271,8608.967399597168,8081.318107338536,343.29428615795575
336,0,Case2,6x8_037,-85.0,67.0,6x8,1,1,0.9997826259901543,0.0002126101899013219,4.7638199444256e-06,5061.708373461187,4859.963298350324,9331.836544036865,8812.225875408933,329.80983223342076
349,0,Case2,6x8_050,-16.0,44.0,6x8,2,2,2.1215348699870942e-05,0.986672971971246,0.013305812680054294,7424.497940941248,7352.058677381157,33371.70227813721,33786.973986872974,277.84928220585965
351,0,Case2,6x8_052,-79.0,34.0,6x8,2,2,0.000308452156917528,0.9996805976154947,1.0950227587798988e-05,8089.623952166233,8167.090775723759,25623.90929365158,25719.476600717004,56.831364803842696
355,0,Case2,6x8_056,67.0,-19.0,6x8,2,2,4.8258145879766564e-05,0.999861318075825,9.042377829526032e-05,7457.372539385561,7403.1447863181775,33770.59947490692,33547.576121641025,167.2583304682768
369,0,Case2,6x8_070,-89.0,-51.0,6x8,1,1,0.8317944751857728,0.16819717597097325,8.348843253836353e-06,8218.407374803135,7896.568547970639,14410.772441864014,13934.003318493738,407.6021149540031
374,0,Case2,6x8_075,-22.0,82.0,6x8,2,2,2.6921869343296456e-05,0.9999552149673879,1.7863163268857027e-05,7140.0069826958015,7165.563972641057,32479.96785092354,33128.51120164566,452.4917301770806
378,0,Case2,6x8_079,-67.0,39.0,6x8,2,2,0.030118408435262443,0.9698732445857419,8.346978995676997e-06,9031.897191912816,8994.725700846704,21205.154655456543,21266.54166028516,87.58786644535986
380,0,Case2,6x8_081,-38.0,-72.0,6x8,2,2,0.01645243525028529,0.983532519059667,1.5045690047653755e-05,8623.329098569639,8453.246819566564,22366.969032287598,22612.1094455054,134.92381074620522
384,0,Case2,6x8_085,45.0,75.0,6x8,2,2,0.22957646704825638,0.7704025991248142,2.0933826929435074e-05,8820.673524178555,8756.277437701583,18524.96186065674,18105.773683317653,266.80052650983487
390,0,Case2,6x8_091,11.0,36.0,6x8,3,3,3.579192516197945e-06,0.014179304653865962,0.9858171161536179,6623.763100136949,6632.467188130847,35226.54167175293,35351.5760753272,118.44069398835431
391,0,Case2,6x8_092,-38.0,-40.0,6x8,1,2,0.11513260695138183,0.8847328316719516,0.00013456137666647647,9705.169197923227,9520.743198556087,19902.2342376709,18562.172450695907,966.3140152905784
394,0,Case2,6x8_095,68.0,-30.0,6x8,2,2,0.0006728539502663169,0.9992815680848944,4.557796483923641e-05,8254.737719482788,8165.137790977386,27413.374192237854,27676.908966899315,137.04164915350256
400,0,Case2,6x8_101,48.0,15.0,6x8,2,2,3.522399072268743e-05,0.991090721701773,0.00887405430750414,7429.178405854709,7239.800671594565,33999.31466150284,34925.34715072685,595.9780305946568
409,0,Case2,6x8_110,-51.0,1.0,6x8,2,2,5.940569005496547e-06,0.9929863083863738,0.007007751044620746,7005.36621778317,6875.651884706622,37787.026941783726,37752.42885884458,136.84581310198442
410,0,Case2,6x8_111,7.0,87.0,6x8,2,2,1.0226221581661544e-05,0.9999508689422703,3.890483614823482e-05,6103.14862576846,6104.65082410536,35703.825221538544,36685.341859402906,576.207028809317
411,0,Case2,6x8_112,21.0,-8.0,6x8,3,3,1.8801562360167235e-06,3.9417893102465394e-05,0.9999587019506616,5363.467522077733,5317.236779215496,36705.98860692978,37684.50899528381,708.563658425422
412,0,Case2,6x8_113,35.0,-2.0,6x8,3,3,1.8758882923308093e-06,0.012257038167866928,0.9877410859438408,6309.8617823436425,6215.952691331578,36795.56608772278,36966.83816157061,125.09561272155265
418,0,Case2,6x8_119,31.0,-10.0,6x8,3,3,1.874629997355217e-06,0.002980984999399963,0.9970171403706026,6211.292233677788,6258.695044190883,35716.47192764282,36124.70416218968,253.01111279129188
429,0,Case2,6x8_130,-59.0,12.0,6x8,2,2,1.022960871878289e-05,0.9997815035303522,0.0002082668609288582,7267.683202843837,7163.176124153122,36296.186784267426,36030.180451178945,249.56461844057625
430,0,Case2,6x8_131,41.0,53.0,6x8,1,1,0.7795127697282034,0.22047028309734337,1.694717445328935e-05,9827.464421406341,10074.92428666068,17680.947845458984,17210.021418382836,310.9878264658608
431,0,Case2,6x8_132,38.0,35.0,6x8,2,2,0.023413698441270083,0.9760162438304937,0.0005700577282360936,9204.975311628454,9176.506878663367,21658.98876953125,21128.6595119195,418.7179522117725
432,0,Case2,6x8_133,-21.0,37.0,6x8,2,2,4.4860991884685146e-05,0.7402090188729231,0.2597461201351922,7462.520355505316,7496.94676147622,30363.345078468323,30959.59784772261,421.4549812667269
434,0,Case2,6x8_135,39.0,-76.0,6x8,2,2,0.0063153283386028864,0.9936776868006622,6.984860734905728e-06,8533.707957072267,8578.838992319359,22181.49531364441,22161.30850759354,70.37120086456252
438,0,Case2,6x8_139,-52.0,-36.0,6x8,2,2,0.07359771323054486,0.9263798011832658,2.248558618923499e-05,9303.082804276617,9269.159084525338,20526.23406600952,19964.778126346275,415.93820967323984
442,0,Case2,6x8_143,39.0,-35.0,6x8,2,2,0.013477746368822055,0.9859946707581339,0.0005275828730440871,9303.816029788943,9171.472419495794,21464.288284301758,20690.87054300431,541.4016985276107
447,0,Case2,6x8_148,46.0,-62.0,6x8,1,1,0.9209206607997467,0.07907760284591452,1.7363543387951259e-06,9753.191144833758,10022.969698941644,16407.230155944824,15978.46663627032,283.34086745778086
449,0,Case2,6x8_150,15.0,-47.0,6x8,2,2,1.9332890675387526e-05,0.9887434486173166,0.011237218492008033,7450.379497600241,7371.281143435918,34059.78612470627,34185.37226219029,132.61052577292102
461,0,Case2,6x8_162,-71.0,-11.0,6x8,2,2,7.611984441067538e-06,0.9999398663384841,5.252167707491838e-05,6776.0381295866655,6729.734050674154,36564.99447107315,37150.82180740227,342.1239232426945
464,0,Case2,6x8_165,-5.0,10.0,6x8,3,3,1.880203914884437e-06,1.4059900294408206e-05,0.9999840598957908,4615.417633628161,5023.0482938309615,35412.825343608856,37189.764378329666,1533.618439153524
466,0,Case2,6x8_167,-4.0,-6.0,6x8,3,3,1.8802101631357812e-06,1.0736769519196077e-05,0.9999873830203176,4483.969980956597,5086.7767303256405,34264.45270228386,36574.46286874037,1754.2770778415443
467,0,Case2,6x8_168,-5.0,-1.0,6x8,3,3,1.8802090915656432e-06,1.130668380368376e-05,0.9999868131071048,11588.63193082034,5141.914515143361,38287.37233686447,36827.75028510694,1692.6039452651023
473,0,Case2,6x8_174,-76.0,51.0,6x8,1,1,0.8596890405838088,0.14030504960475124,5.909811440045521e-06,9016.56679739327,8678.411928526955,15757.849349975586,14570.237756602495,775.0065843457121
474,0,Case2,6x8_175,-73.0,85.0,6x8,1,1,0.999874694785556,0.00011860528544268572,6.699929001447415e-06,4298.546627302681,4133.871075618684,8468.258792877197,7923.572416338432,348.4540660995711
478,0,Case2,6x8_179,73.0,-44.0,6x8,2,2,0.21432186906093545,0.7856743025319305,3.828407134222154e-06,8910.85584955233,8935.685550307613,18858.839347839355,18666.03560241428,165.08323184642782
480,0,Case2,6x8_181,88.0,45.0,6x8,2,2,0.34172031126297436,0.6582346829214041,4.50058156215261e-05,8402.686332020308,8604.343564337834,19094.757194519043,18476.700207878937,347.9337416013455
481,0,Case2,6x8_182,-14.0,42.0,6x8,2,2,2.0806036721777946e-05,0.92177141796475,0.0782077759985281,7189.420068139018,7195.7836617554785,34206.04117965698,34395.03571996266,154.06098966188884
483,0,Case2,6x8_184,83.0,43.0,6x8,2,2,0.10160729862308386,0.8983665444901292,2.6156886787007095e-05,8414.410153673603,8705.482442850005,20085.380950927734,20074.235758310497,76.69402523718209
485,0,Case2,6x8_186,-54.0,1.0,6x8,2,2,5.220334237031402e-06,0.9983690820170124,0.0016256976487507128,6946.8752878813075,6865.811527383154,37953.30374896526,37954.77270478627,110.76723572361962
487,0,Case2,6x8_188,-40.0,56.0,6x8,2,2,0.28874229507455146,0.711247569918949,1.0135006499556939e-05,9672.880328985164,9723.132163052202,18717.45729827881,18164.04221752866,352.8577870943445
491,0,Case2,6x8_192,89.0,-86.0,6x8,1,1,0.999913949740304,7.563432698229136e-05,1.0415932713593715e-05,3263.124877292651,3276.683424947717,7513.094252586365,7401.218306935566,68.54891457345008
522,0,Case2,6x8_223,-78.0,-48.0,6x8,2,1,0.6354178781471298,0.3645765170178386,5.6048350314034424e-06,8805.191022285495,8807.97345861299,17210.7859916687,16091.457508278458,660.2300669165982
528,0,Case2,6x8_229,42.0,86.0,6x8,2,2,0.022630181360591015,0.9773460670898564,2.375154955261798e-05,8333.647586458595,8583.275648527328,20842.47996711731,20831.706650052613,69.96418387907006
533,0,Case2,6x8_234,-49.0,-40.0,6x8,1,1,0.7660749493835683,0.2339174639941546,7.58662227700726e-06,9902.179436097,10086.730533405764,17890.878791809082,17158.88918379042,520.9555401357625
538,0,Case2,6x8_239,30.0,17.0,6x8,3,3,4.785448247551951e-06,0.006722142115511308,0.9932730724362412,6746.491261343217,7058.071154923002,33232.671129226685,33609.421899140434,234.5948361563318
542,0,Case2,6x8_243,-63.0,-63.0,6x8,1,1,0.9993235339394541,0.0006745870983604919,1.878962185351729e-06,7524.314508676943,7571.032236024665,11232.461227416992,10665.899748720742,499.256291200169
544,0,Case2,6x8_245,-34.0,-14.0,6x8,3,3,3.3875181905716883e-06,0.03379790688883611,0.9661987055929734,6643.369394053985,6743.116535090167,34166.84895133972,34460.829973217595,255.76996707974854
548,0,Case2,6x8_249,6.0,16.0,6x8,3,3,1.880186946145738e-06,2.308471935159957e-05,0.9999750350937022,5013.545602392656,5230.412006767156,36681.003519415855,37907.03510800263,1199.8979626978028
550,0,Case2,6x8_251,-69.0,0.0,6x8,2,2,4.300760106431678e-06,0.9999305246403022,6.517459959144107e-05,6563.6650688922755,6635.283111395245,37773.334542393684,38003.91743936118,90.79663072657587
565,0,Case2,6x8_266,-26.0,-39.0,6x8,2,2,7.528897533921282e-05,0.9795660645980283,0.020358646426632498,8083.301867235183,7956.176416578467,26755.080532073975,28015.043267531135,886.8952817924225
570,0,Case2,6x8_271,-30.0,50.0,6x8,2,2,0.0012557462635417972,0.9986157336550835,0.0001285200813748558,8796.702087737242,8716.432668183266,24609.551181793213,24245.065600160397,265.93132888684175
578,0,Case2,6x8_279,-88.0,-89.0,6x8,1,1,0.9991835464440031,0.0008044033019719076,1.2050254024886105e-05,3213.6378290081702,3189.628840663292,7472.057421684265,7012.511301071689,291.4243965966071
582,0,Case2,6x8_283,34.0,-21.0,6x8,3,3,1.0163607782489151e-05,0.12454944820071198,0.8754403881915056,7300.873461401293,7315.631557084933,30694.904911994934,31943.1183212923,874.4124605654077
584,0,Case2,6x8_285,-21.0,55.0,6x8,2,2,6.973246777694102e-05,0.9997023122908277,0.00022795524139519608,7924.035897102099,7701.923966534394,31761.612588122487,32045.216548993023,189.5686335700864
592,0,Case2,6x8_293,-28.0,11.0,6x8,3,3,1.875004939123312e-06,0.0027812324745797776,0.9972168925204812,6157.102921295528,6303.366809214536,35799.713289260864,36191.14713866097,284.34694184291146
599,0,Case2,6x8_300,51.0,46.0,6x8,1,1,0.9781927152661882,0.021803238980034844,4.045753776918925e-06,10587.348986527171,10603.051710994845,15647.04653930664,14996.805279281773,430.6783806952811
602,0,Case2,8x8_003,-44.0,65.0,8x8,2,2,0.0048223077561453265,0.9951457571424579,3.193510139681133e-05,6340.934290963928,5982.003139374917,17943.757222175598,17844.146800208615,108.05162494299759
607,0,Case2,8x8_008,86.0,9.0,8x8,3,3,1.5243226475157985e-05,0.06128887806792167,0.9386958787056032,3971.12592521655,3919.528690403037,35014.245439216495,35641.436534941065,465.47519699252126
610,0,Case2,8x8_011,-39.0,-9.0,8x8,3,3,1.8743458928832589e-06,0.0031323690290324226,0.9968657566250747,5545.9774662356685,5572.539564904614,36445.82937049866,36545.09072036828,99.0215059988812
614,0,Case2,8x8_015,35.0,60.0,8x8,2,2,0.0014401148883566664,0.9982779557709606,0.0002819293406828179,6232.269763655698,5949.157358827486,23183.004113674164,22880.615037633142,236.49198803545215
617,0,Case2,8x8_018,-53.0,31.0,8x8,2,2,0.0001378090116968885,0.9974855772882646,0.002376613700038392,6390.174985571255,6323.035264330384,24940.04356098175,24942.852762308023,70.62822016843553
625,0,Case2,8x8_026,-81.0,73.0,8x8,1,1,0.9582246959590959,0.041739523987893976,3.578005301032022e-05,3332.8052915034446,3025.840027693782,9313.798823356628,8740.050873338661,405.7093174964602
636,0,Case2,8x8_037,-85.0,67.0,8x8,1,1,0.9556932680793545,0.0442917520503775,1.4979870268080276e-05,3789.6988880614354,3532.2148772058326,10089.318930625916,9199.565966686368,635.1624730544663
649,0,Case2,8x8_050,-16.0,44.0,8x8,3,3,3.094704990881212e-06,0.11846005891110015,0.8815368463839091,5782.42296970098,5693.351979557069,33951.439804553986,34367.449546533,321.41930384440855
651,0,Case2,8x8_052,-79.0,34.0,8x8,2,2,0.00016853679355077972,0.9997411791406715,9.028406577768757e-05,5218.475982441628,5043.019206262757,25995.512132287025,26052.24569522742,54.38584670788388
655,0,Case2,8x8_056,67.0,-19.0,8x8,2,2,1.8130557496554967e-05,0.9986310666727195,0.0013508027697839919,5133.812984365671,5159.953772241639,34487.14907243848,34432.595885423056,143.37522049037855
669,0,Case2,8x8_070,-89.0,-51.0,8x8,2,2,0.014803835914348784,0.985154457425907,4.170665974401449e-05,5228.957314727552,5088.757030640351,15877.862300395966,15631.269657715071,214.17390070495543
674,0,Case2,8x8_075,-22.0,82.0,8x8,2,2,1.8877752867226734e-05,0.9990775455141255,0.0009035767330073318,4607.7273268511535,4742.036005736016,32921.84916764498,33677.86438335437,569.8385479899971
678,0,Case2,8x8_079,-67.0,39.0,8x8,2,2,0.0029241732246082118,0.9970343885127662,4.143826262551232e-05,5975.169734540399,5731.988827785902,21476.57758998871,21099.066398854688,277.22482836133565
680,0,Case2,8x8_081,-38.0,-72.0,8x8,2,2,0.0017356378840162356,0.9981676178045573,9.674431142648564e-05,5658.21080270886,5498.679086215414,22680.740908384323,22073.551766181,455.27805156358716
684,0,Case2,8x8_085,45.0,75.0,8x8,2,2,0.00565876437747447,0.9943103867609331,3.084886159247175e-05,5674.907944961527,5538.814319916934,18515.37443780899,18387.77545803567,94.35023996288092
690,0,Case2,8x8_091,11.0,36.0,8x8,3,3,1.8789809197141854e-06,0.000664623233923408,0.9993334977851569,5551.691611531231,5659.5785356551505,35827.67864561081,36526.1580492348,509.94166788458114
691,0,Case2,8x8_092,-38.0,-40.0,8x8,2,2,0.00025490739724022484,0.9948422720759814,0.004902820526778425,7392.826189776673,6984.944114559783,20429.926789523102,19748.8444414786,542.2864382983687
694,0,Case2,8x8_095,68.0,-30.0,8x8,2,2,0.00012951570424471012,0.9993206733628011,0.0005498109329541785,5564.943577045639,5439.525223822415,28025.16966319084,27920.7936617235,129.793706300936
700,0,Case2,8x8_101,48.0,15.0,8x8,3,3,7.435710684483092e-06,0.4140947076143569,0.5858978566749585,5708.609697971082,5638.863096048313,34654.038621902466,35433.291052541485,568.1978892871475
709,0,Case2,8x8_110,-51.0,1.0,8x8,3,2,3.85171025279972e-06,0.7339762655455896,0.2660198827441577,5274.184506593638,5309.408241346893,38428.257620573044,39200.74299982555,560.2298502014819
710,0,Case2,8x8_111,7.0,87.0,8x8,2,2,1.8576596315211317e-05,0.9581325346063383,0.04184888879734665,3862.4930191416047,3945.858978117426,35255.67720532417,36168.85678751938,657.3174567539186
711,0,Case2,8x8_112,21.0,-8.0,8x8,3,3,1.8802118371742737e-06,9.846432601401877e-06,0.9999882733555614,5384.844460113308,5274.050906052288,37516.59881925583,38555.204951890686,742.3342210517532
712,0,Case2,8x8_113,35.0,-2.0,8x8,3,3,1.8793804950509635e-06,0.00045205236926559807,0.9995460682502394,5388.353778146293,5348.81524824619,37462.2135925293,37761.2487368264,152.71256112520672
718,0,Case2,8x8_119,31.0,-10.0,8x8,3,3,1.8800154243056504e-06,0.00011430856328930844,0.9998838114212862,5539.918097002486,5469.57790022524,36399.234146118164,37312.98134785054,606.3122078693478
729,0,Case2,8x8_130,-59.0,12.0,8x8,2,2,3.7831179193204276e-06,0.9979061674842595,0.002090049397821119,5375.351429730151,5270.178999831118,36954.688395380974,37393.670802983994,242.09841483876932
730,0,Case2,8x8_131,41.0,53.0,8x8,2,2,0.05935841602941668,0.9403638177380659,0.000277766232517414,6912.032831790356,6747.320467073478,17958.71329689026,17476.319718976614,307.30369521036044
731,0,Case2,8x8_132,38.0,35.0,8x8,2,2,0.00026869703928421654,0.9681562437048074,0.0315750592559086,7197.249448758964,6947.367212676514,22249.677031442523,21942.70842084897,265.30916250292285
732,0,Case2,8x8_133,-21.0,37.0,8x8,3,3,1.8580349949713087e-06,0.011849000151039296,0.9881491418139656,6220.51691614624,6014.7114812988475,30930.104908645153,30887.5219410983,66.83638538911144
734,0,Case2,8x8_135,39.0,-76.0,8x8,2,2,0.000318714265605156,0.9995619198194678,0.00011936591492704655,5450.459886603215,5221.903168649397,22458.998064100742,22612.63717723456,110.82510245409546
738,0,Case2,8x8_139,-52.0,-36.0,8x8,2,2,0.0016407868093613535,0.9980048432710334,0.000354369919605122,6652.703034459756,6530.757151532742,21021.483988761902,20556.60037619701,331.6712479267854
742,0,Case2,8x8_143,39.0,-35.0,8x8,2,2,7.234549203427588e-05,0.8887072486325712,0.11122040587539438,7203.165992142128,6887.174199250387,22060.79376399517,21471.97506858874,419.5471496978312
747,0,Case2,8x8_148,46.0,-62.0,8x8,2,2,0.02184382807888714,0.9781166965468419,3.947537427098074e-05,6605.992769009551,6401.993540655593,16402.27493095398,16010.223082280954,269.4301907516627
749,0,Case2,8x8_150,15.0,-47.0,8x8,3,3,4.846213350530625e-06,0.40091419056372174,0.5990809632229278,5727.255233728309,5613.733447084194,34709.49970245361,34848.909880758765,91.23726017304118
761,0,Case2,8x8_162,-71.0,-11.0,8x8,2,2,6.3047543968712025e-06,0.9854835057136667,0.014510189531936526,4598.811461692567,4559.045016898177,37048.269050598145,38281.92522852251,834.7718144553874
764,0,Case2,8x8_165,-5.0,10.0,8x8,3,3,1.8802219215583444e-06,4.48305567935321e-06,0.9999936367223992,5088.129185042229,5193.844553999874,36331.85501462221,38139.405302002415,1527.1589915337865
766,0,Case2,8x8_167,-4.0,-6.0,8x8,3,3,1.8802229246571402e-06,3.949557859650892e-06,0.9999941702192157,4876.812472349739,5093.008599829702,35350.722806453705,37651.291558877005,1698.3961408091125
767,0,Case2,8x8_168,-5.0,-1.0,8x8,3,3,1.8802225274550383e-06,4.16080968907741e-06,0.9999939589677834,4919.616921132867,5051.941531018086,35004.712979733944,37832.899620447664,2030.0911754942103
773,0,Case2,8x8_174,-76.0,51.0,8x8,2,2,0.107872386604524,0.8921187991229398,8.81427253628095e-06,5715.2778637345145,5627.757867871405,15427.841446876526,14702.243537452372,552.4332854020893
774,0,Case2,8x8_175,-73.0,85.0,8x8,1,1,0.9264177648849486,0.0735069632339709,7.527188108039841e-05,3184.429099864086,2956.8389875629146,9234.273977279663,8723.20194230018,328.6682481503044
778,0,Case2,8x8_179,73.0,-44.0,8x8,2,2,0.004537384839628598,0.9954007945130664,6.182064730511294e-05,5779.68081657179,5539.3222268424815,18934.129741191864,18447.497734871413,346.2194690157586
780,0,Case2,8x8_181,88.0,45.0,8x8,2,2,0.0017026578874141558,0.9981923244036371,0.00010501770894876226,5195.6691560416475,5070.010305476733,19044.996004268527,18946.18847803973,87.7068201654528
781,0,Case2,8x8_182,-14.0,42.0,8x8,3,3,1.8524919007843232e-06,0.014823918427007216,0.9851742290810921,5871.585809613483,5620.361680273563,34780.29693889618,35442.20890674981,506.3526938738434
783,0,Case2,8x8_184,83.0,43.0,8x8,2,2,0.0014578797753161947,0.9984519506168396,9.016960784443505e-05,5227.683138878819,5092.649530902116,20140.53394204378,20146.751959359746,41.32050996905551
785,0,Case2,8x8_186,-54.0,1.0,8x8,2,2,2.944028968270748e-06,0.9590970798061351,0.0408999761648966,5232.883509148011,5218.935529296685,38606.09290169645,39450.643564743455,580.1471006132059
787,0,Case2,8x8_188,-40.0,56.0,8x8,2,2,0.0022829665222417876,0.9975563530929352,0.0001606803848230809,6725.237747245391,6684.385733603158,18998.9737033844,18833.595748165964,125.24652002960472
791,0,Case2,8x8_192,89.0,-86.0,8x8,1,1,0.9971293880034778,0.0027979337780310344,7.267821849108819e-05,2388.6068077760133,2393.6917516754093,8299.649158120155,8017.222013081346,168.00656651757825
822,0,Case2,8x8_223,-78.0,-48.0,8x8,2,2,0.0266793158709069,0.9732997062554246,2.0977873668490952e-05,5555.158945370477,5293.321303624728,17047.551785945892,16421.27447357168,450.1908698267939
828,0,Case2,8x8_229,42.0,86.0,8x8,2,2,0.0007655278122696242,0.9991717360335242,6.27361542063013e-05,5176.169475095314,5099.133515358597,20938.226522922516,20725.446957138676,138.02428097371714
833,0,Case2,8x8_234,-49.0,-40.0,8x8,2,2,0.005704915337002885,0.9940516496099222,0.00024343505307493465,7074.595391620944,6759.717193206032,18248.255573272705,17820.729746596357,310.33658180107784
838,0,Case2,8x8_239,30.0,17.0,8x8,3,3,1.879738215787949e-06,0.00026174183793727,0.999736378423847,5877.424747761911,5951.045568054101,33873.885659612715,35036.385846009245,811.2273261644176
842,0,Case2,8x8_243,-63.0,-63.0,8x8,1,1,0.9948277848128502,0.0051703446636616295,1.8705234881290145e-06,5867.660247728416,5819.886313844105,11361.413845062256,10598.90962529911,592.5712465056308
844,0,Case2,8x8_245,-34.0,-14.0,8x8,3,3,1.8785675814106195e-06,0.000884513903298292,0.9991136075291204,5722.606546948112,5705.449290190259,34793.426725149155,35440.29351927149,453.7075732155936
848,0,Case2,8x8_249,6.0,16.0,8x8,3,3,1.8802184524460597e-06,6.328102104457457e-06,0.9999917916794431,5022.917602728103,5517.411946980496,37540.67776584625,38648.38564407754,1099.8033820839526
850,0,Case2,8x8_251,-69.0,0.0,8x8,3,2,4.881486570359453e-06,0.8714207241741327,0.12857439433929688,4560.283812387573,4452.352872987699,37894.759762465954,39528.51637887695,1044.8131429407572
865,0,Case2,8x8_266,-26.0,-39.0,8x8,3,3,1.4603136338630434e-05,0.4179338827493286,0.5820515141143329,6445.563038416168,6312.798737218737,27339.651977688074,27693.056836933523,242.90103102768683
870,0,Case2,8x8_271,-30.0,50.0,8x8,2,2,8.138055452637219e-05,0.989132726333974,0.010785893111499655,6488.5713978113945,6483.250684081829,25203.073623895645,25072.350325184398,100.01455710250248
878,0,Case2,8x8_279,-88.0,-89.0,8x8,1,2,0.0909620507155504,0.9087687239425841,0.00026922534186560207,2344.9556896146173,2340.4874831903044,8264.47785615921,7800.265916764604,273.867618805371
882,0,Case2,8x8_283,34.0,-21.0,8x8,3,3,1.8745366133274574e-06,0.0030307078560524894,0.9969674176073341,6259.778870106225,6048.12185530133,31310.57858003676,32119.600563595643,598.4818476584694
884,0,Case2,8x8_285,-21.0,55.0,8x8,2,2,1.9719733483971638e-05,0.9932938862527719,0.006686394013744209,5840.215227663228,5813.022092425203,32398.05576992035,32286.20554374138,128.13370472782063
892,0,Case2,8x8_293,-28.0,11.0,8x8,3,3,1.880089795805163e-06,7.475410152869133e-05,0.9999233658086754,5563.350340319536,5531.644458972387,36499.69587993622,37411.67887739383,655.4370855702355
899,0,Case2,8x8_300,51.0,46.0,8x8,1,1,0.6648498809968872,0.33508789190682375,6.222709628880539e-05,7380.856082040267,7196.392277703633,15688.217483520508,14799.787163631423,605.4889591208929
902,0,Case3,6x4_003,-44.0,65.0,6x4,1,1,0.9978954071554079,0.002092284867175868,1.2307977416174326e-05,15269.17077320444,14079.214426005527,20746.71841430664,18462.00166216168,1452.3761941087532
903,0,Case3,6x4_004,49.0,48.0,6x4,1,1,0.9956271015656787,0.004371026412284802,1.8720220364685531e-06,14761.544948240946,15155.734194323923,17056.45460510254,16452.682315856673,664.5514672572843
904,0,Case3,6x4_005,-52.0,20.0,6x4,2,2,0.0016640833239020254,0.9841260411748478,0.014209875501250243,19591.464258347456,19531.506982325016,35231.77793884277,35541.78632613207,227.76099767617123
916,0,Case3,6x4_017,-30.0,66.0,6x4,2,1,0.582959014958584,0.4165179506775568,0.0005230343638592301,17728.921577513524,17681.729411871616,30528.12272644043,30679.914844500894,247.07468607197444
917,0,Case3,6x4_018,-53.0,31.0,6x4,2,2,0.371922886278097,0.6275407682987573,0.0005363454231456143,16497.2567466334,17186.35249728323,27073.85147857666,26294.86709912812,510.29743948990034
924,0,Case3,6x4_025,80.0,-80.0,6x4,1,1,0.9999570982852859,1.977455276158578e-05,2.312716195256703e-05,5974.146129044565,5741.114363576655,9094.801483154297,8442.698615810394,436.02950328801444
926,0,Case3,6x4_027,54.0,-38.0,6x4,1,1,0.9617911313921026,0.03818866973411825,2.019887377924918e-05,15446.130281350363,16344.546184109768,22165.518180847168,22168.62768331246,149.70295774377442
927,0,Case3,6x4_028,36.0,-31.0,6x4,2,2,0.2898798692370657,0.704314556079698,0.0058055746832362575,16682.210319863058,16871.948365878332,26843.94125366211,27425.690933777303,413.87419854771895
928,0,Case3,6x4_029,52.0,-41.0,6x4,1,1,0.9822999774278286,0.017691546936588143,8.475635583228962e-06,15313.712162579053,16275.67009863654,20151.48843383789,20328.25656041236,143.2432776014558
932,0,Case3,6x4_033,-61.0,86.0,6x4,1,1,0.9997249049049917,2.29252906220063e-05,0.00025216980438637826,8682.978801978961,8386.154445249622,12091.220352172852,10984.399740992812,729.087607781602
939,0,Case3,6x4_040,-27.0,-54.0,6x4,2,2,0.19927374071722415,0.800557626683402,0.0001686325993739402,17847.394344086144,18333.66800957144,30534.236545562744,31168.679539147022,339.6805022444902
940,0,Case3,6x4_041,-2.0,-68.0,6x4,2,2,0.00046691715111985607,0.9994087781224613,0.00012430472641870223,22366.10987565245,23091.11277590569,42165.74519276619,42173.9886182429,150.17412956982537
943,0,Case3,6x4_044,59.0,-56.0,6x4,1,1,0.9993357988894039,0.0006623221253496845,1.8789852463288567e-06,13023.83583202239,13615.648608719752,14551.612045288086,14121.51349050625,223.51834657132022
965,0,Case3,6x4_066,75.0,72.0,6x4,1,1,0.9999480229647422,3.8466610550897065e-05,1.351042470689162e-05,7625.839698244229,7295.336465225869,10272.681114196777,9548.706656427918,473.67659632175537
976,0,Case3,6x4_077,-64.0,20.0,6x4,2,2,0.0009984867868316595,0.9978897338218883,0.0011117793912799997,19525.691414505887,20207.777398657596,36804.679346084595,36734.311996895434,98.15281626960027
977,0,Case3,6x4_078,29.0,-79.0,6x4,2,2,0.021659890566570215,0.958123450228702,0.020216659204727698,18247.13242932,19583.06198258336,32456.875591278076,32773.89335099387,357.02325458002485
987,0,Case3,6x4_088,23.0,33.0,6x4,2,2,0.0032677437514808043,0.929680492976884,0.06705176327163519,18694.66851299173,19411.734312097353,32885.176458358765,32814.65083485479,222.345083261961
996,0,Case3,6x4_097,-46.0,-23.0,6x4,2,2,0.0021518208660893084,0.9744142287226001,0.023433950411310717,18350.670366569502,19237.524975418564,32165.11036682129,33858.21524957005,1177.4733221204021
997,0,Case3,6x4_098,-1.0,36.0,6x4,3,3,8.203818500983836e-05,0.045319340284590476,0.9545986215303996,21662.009884847586,21637.182129608824,41019.103058815,41500.496621347425,374.4798770095511
998,0,Case3,6x4_099,90.0,40.0,6x4,1,1,0.8393963999274265,0.16053229705495922,7.130301761422505e-05,12441.102931116799,14218.365493858664,22825.075492858887,23033.206910869932,263.0211839020255
999,0,Case3,6x4_100,69.0,62.0,6x4,1,1,0.9997573944600242,0.00023854236537218892,4.063174603470899e-06,10387.087862504186,10899.701242840405,12355.062850952148,12031.192516730587,256.71627021780114
1001,0,Case3,6x4_102,76.0,-24.0,6x4,2,2,0.001832424374129982,0.997956299252082,0.0002112763737881509,19346.702310993776,20224.264345924796,35286.01131820679,36138.745210528796,590.3209414595576
1006,0,Case3,6x4_107,69.0,8.0,6x4,2,2,5.039320316726162e-05,0.9997272196481133,0.00022238714871951925,21723.817042202932,22829.207870573577,41356.54560136795,42067.10967389245,486.83280844942425
1007,0,Case3,6x4_108,46.0,-72.0,6x4,1,1,0.9995695592824939,0.00037565464896247664,5.478606854378647e-05,13024.505182488352,13018.805354121738,18752.634727478027,17986.97724190474,817.7907491289947
1008,0,Case3,6x4_109,-69.0,17.0,6x4,2,2,0.00015753344648372262,0.9995979466818579,0.00024451987165838784,20908.730421593857,21048.70456574602,38615.3913025856,38704.301400875585,108.05451500907733
1009,0,Case3,6x4_110,-51.0,1.0,6x4,2,2,3.786914381144465e-05,0.9074126201254248,0.09254951073076362,22195.57094591244,22865.747848193845,41638.194556474686,42535.664602445715,753.803676343372
1020,0,Case3,6x4_121,-50.0,14.0,6x4,2,2,0.0002670306734353446,0.9642699443142855,0.035463025012279305,20659.04923228132,21043.182533181025,38391.68213844299,38612.2614130758,211.01344465994447
1023,0,Case3,6x4_124,42.0,-66.0,6x4,1,1,0.9973220850717182,0.002667630480554712,1.028444772709782e-05,15480.572352599325,14546.719315438884,22086.533332824707,20591.356839762004,950.4294286508498
1029,0,Case3,6x4_130,-59.0,12.0,6x4,2,2,0.00012610918120823454,0.9975330318061795,0.0023408590126122713,21115.77460837521,21968.064770502417,40064.35822248459,40343.31767557212,255.31819134510638
1038,0,Case3,6x4_139,-52.0,-36.0,6x4,1,1,0.8308200058649012,0.16910540601317842,7.458812192040453e-05,15579.427626523031,16205.49014654028,23096.56308746338,23415.319257101204,306.524609758144
1040,0,Case3,6x4_141,79.0,49.0,6x4,1,1,0.9937374588574384,0.0062557483891476475,6.792753414060444e-06,11867.74493785736,12334.554690142453,17086.602752685547,17023.08214815699,172.14811380415819
1041,0,Case3,6x4_142,56.0,10.0,6x4,2,2,0.00013769236883288063,0.9963329557873835,0.0035293518437837248,21373.8847428938,21843.356789605354,40493.84724712372,40247.75168413982,197.60051627427944
1042,0,Case3,6x4_143,39.0,-35.0,6x4,1,1,0.8594768750153493,0.14023322862985435,0.0002898963547963793,15800.848549025524,16332.3634819128,23861.016708374023,23761.43256441797,275.01509822475333
1045,0,Case3,6x4_146,-41.0,-28.0,6x4,2,2,0.014785095090370867,0.9754448036987556,0.009770101210873568,16838.211827879044,17613.81346983856,27958.650745391846,29493.21957014685,1075.1212644321615
1046,0,Case3,6x4_147,47.0,23.0,6x4,2,2,0.0016241761047800997,0.9783831827466947,0.019992641148525264,18292.090571211687,19198.715711319423,32311.425693511963,33778.45780171591,998.5991265043095
1058,0,Case3,6x4_159,-9.0,-4.0,6x4,3,3,4.492327225114582e-06,0.0005103559801651358,0.9994851516926098,32036.752553927407,18432.387382635112,38934.184963688254,39670.4750066518,726.7552878085651
1061,0,Case3,6x4_162,-71.0,-11.0,6x4,2,2,5.411463930429312e-05,0.999713831288198,0.0002320540724977771,22022.413863544887,22439.992887100565,40657.69434583187,41341.88027564003,509.20719646632153
1063,0,Case3,6x4_164,-16.0,-5.0,6x4,3,3,4.684767576907667e-06,0.0011527839178858714,0.9988425313145372,18183.706992387233,18953.93356861552,40489.68942898512,41377.05472454004,868.4878391778965
1069,0,Case3,6x4_170,-35.0,-50.0,6x4,2,1,0.9324567724389475,0.06753146347509724,1.1764085955378518e-05,15614.023224339771,16389.94992064583,23568.449966430664,23294.236193122964,536.4983658949178
1071,0,Case3,6x4_172,-68.0,5.0,6x4,2,2,2.2762450158011727e-05,0.9997715945010195,0.00020564304882250573,22011.918442106205,23036.24696946394,41822.25303399563,42448.90495058971,459.7935864725771
1082,0,Case3,6x4_183,37.0,63.0,6x4,2,2,0.41568926798325984,0.5842647935305597,4.593848618040414e-05,16022.617298437033,17422.1949000547,24820.702560424805,26159.197328929273,1016.758435164073
1088,0,Case3,6x4_189,34.0,0.0,6x4,2,3,5.515014951708171e-06,0.012106288693969701,0.9878881962910785,21690.79835324644,21197.79803807428,40917.22706031799,41855.13814848583,721.0614522921417
1098,0,Case3,6x4_199,-45.0,82.0,6x4,1,1,0.9902269498863869,0.0006617769285958238,0.009111273185017274,12785.334725510631,13024.514790638637,19603.201110839844,19264.91783972508,489.8017597256737
1103,0,Case3,6x4_204,27.0,-22.0,6x4,3,3,0.0003722370482767513,0.2067013854477481,0.7929263775039751,20179.030442597563,20375.902248623355,35381.59557723999,35459.34132509816,173.04660997080887
1107,0,Case3,6x4_208,-87.0,47.0,6x4,1,1,0.9468581012420226,0.05311577064182343,2.612811615386463e-05,11906.234435663253,12203.929127310545,18307.734268188477,18698.318916286218,334.5977059095106
1114,0,Case3,6x4_215,9.0,13.0,6x4,3,3,3.451462789750396e-06,0.00045127759793509324,0.999545270939275,17439.106265007424,18301.114473405753,39975.1802316308,41344.02287699173,1075.5215163320552
1115,0,Case3,6x4_216,-10.0,59.0,6x4,2,2,0.0029885920191297876,0.9968346610645408,0.00017674691632938396,22290.258824537737,22618.471079659685,40823.329621315,41012.37410083512,130.17404112976948
1117,0,Case3,6x4_218,5.0,-15.0,6x4,3,3,2.025367368127241e-06,0.0005185408756495081,0.9994794337569824,17063.771872042933,18555.75874531577,39941.132167607546,42008.55198381258,1459.434987511378
1121,0,Case3,6x4_222,7.0,-80.0,6x4,2,2,0.00013093417907930854,0.9997934389552738,7.56268656467502e-05,22708.164994086703,23048.942760542246,41159.254960775375,42262.65441916553,708.1725750279452
1129,0,Case3,6x4_230,-44.0,-30.0,6x4,1,2,0.06072210265392481,0.9353876910952682,0.0038902062508070294,16392.611358614835,16902.962059932037,26467.590301513672,27478.83246846077,730.1713089972783
1144,0,Case3,6x4_245,-34.0,-14.0,6x4,2,3,5.537604564847965e-05,0.3240995863362499,0.6758450376181017,21169.51855098021,21755.4455370462,37803.49417114258,39801.62519260116,1433.85355103187
1159,0,Case3,6x4_260,-50.0,68.0,6x4,1,1,0.9995162828549561,0.0004640965537369694,1.9620591306948862e-05,12950.945634514916,12659.209875363467,16486.296310424805,15709.118285079081,736.9818587452432
1160,0,Case3,6x4_261,-14.0,-28.0,6x4,3,3,0.0001257300716429273,0.23801342153037897,0.7618608483979782,21027.60738804005,21105.593182012995,38762.07406044006,38661.32764328786,303.90855929456757
1162,0,Case3,6x4_263,-24.0,2.0,6x4,3,3,3.4757338941720904e-06,0.003167693016070014,0.9968288312500359,19639.621734054886,20014.772545842694,41082.02308368683,42259.46175554585,981.1681148149895
1167,0,Case3,6x4_268,-59.0,29.0,6x4,2,2,0.0923834318254871,0.9068313508342457,0.0007852173402672902,17461.72884297697,17922.53360623411,29916.687969207764,29194.058573467362,481.0157354529049
1168,0,Case3,6x4_269,-60.0,60.0,6x4,1,1,0.9994989247554951,0.0004987982252597595,2.2770192451935235e-06,12357.183283795895,12616.585375891893,13876.258666992188,13056.179900232511,414.590190914364
1171,0,Case3,6x4_272,72.0,69.0,6x4,1,1,0.9999320371036304,5.672734123895277e-05,1.1235555130593278e-05,8582.788953184589,8100.7173382875435,10936.400047302246,10197.712009272887,479.4933877287999
1172,0,Case3,6x4_273,81.0,62.0,6x4,1,1,0.9998147122340556,0.00017237717956705578,1.2910586377382072e-05,8668.509358412743,9290.511420151546,11812.417854309082,11655.19076289485,169.67134346552064
1178,0,Case3,6x4_279,-88.0,-89.0,6x4,1,1,0.9998513069296053,6.381675418447658e-05,8.487631621026214e-05,4911.324790713473,4788.494089766251,8274.54581451416,7671.169311388793,404.7512308859769
1190,0,Case3,6x4_291,26.0,5.0,6x4,3,3,3.2945537480001966e-06,0.0019531023509355397,0.9980436030953165,19250.933509499788,20060.984932283853,40848.086585998535,41865.7926193239,802.8950255465276
1193,0,Case3,6x4_294,-71.0,-57.0,6x4,1,1,0.999428390671346,0.0005686266300065477,2.9826986472246248e-06,11009.283649709707,11893.663079875418,13586.606468200684,13537.914693996645,245.15699550665406
1202,0,Case3,6x8_003,-44.0,65.0,6x8,1,1,0.8255960446923757,0.17439836713273676,5.588174887567516e-06,9469.274963665786,9439.942098796826,17884.816650390625,17330.80293050914,381.2168805631337
1203,0,Case3,6x8_004,49.0,48.0,6x8,1,1,0.9880081473604372,0.011989994867568639,1.8577719941325351e-06,10489.289558668295,10509.809945046358,14796.995628356934,14689.13707486973,299.19131716242964
1204,0,Case3,6x8_005,-52.0,20.0,6x8,2,2,2.9514743523183972e-05,0.9651306727527,0.03483981250377683,7923.44227699512,7423.749251030614,31973.68735408783,32337.465035490528,245.91746805382897
1216,0,Case3,6x8_017,-30.0,66.0,6x8,2,2,0.006020722654454596,0.9939648149703615,1.4462375183839523e-05,8420.446789265701,8246.854504536757,27268.486790657043,26470.33962406612,553.4338135244938
1217,0,Case3,6x8_018,-53.0,31.0,6x8,2,2,0.0003775438701990301,0.9993140979627533,0.0003083581670476239,8870.709970794984,8515.736624518717,24364.301071166992,24287.960078330274,159.8997124135504
1224,0,Case3,6x8_025,80.0,-80.0,6x8,1,1,0.999908701776778,8.717409050889267e-05,4.124132713086058e-06,4242.450811588644,3752.4049332555733,8627.483963012695,7720.139927417994,587.0321232818129
1226,0,Case3,6x8_027,54.0,-38.0,6x8,1,2,0.33740802745839166,0.6625624474965194,2.952504508892714e-05,9566.487532844087,9457.81919441514,19604.45467376709,18992.26209897714,388.3544733985519
1227,0,Case3,6x8_028,36.0,-31.0,6x8,2,2,0.00021687433974842024,0.9518246169826053,0.04795850867764621,8694.655884221893,8540.801497645587,24340.75421524048,24654.45082353477,207.508434647403
1228,0,Case3,6x8_029,52.0,-41.0,6x8,1,1,0.8507333582109636,0.14925894874610604,7.693042930271635e-06,9981.916982656023,9946.957899256915,17637.217582702637,17325.12934208367,194.34201763202086
1232,0,Case3,6x8_033,-61.0,86.0,6x8,1,1,0.999710459379478,0.00028028525234484014,9.255368177098244e-06,5991.575442878556,5617.140639879694,10690.049320220947,9613.481317354901,727.9898697607375
1239,0,Case3,6x8_040,-27.0,-54.0,6x8,2,2,0.014929954252216628,0.9850085972162657,6.144853151762383e-05,8417.011511067643,8423.236607607094,27512.403447151184,26806.758752818732,492.7845574075198
1240,0,Case3,6x8_041,-2.0,-68.0,6x8,2,2,6.35082744146388e-05,0.9998001052596925,0.0001363864658927768,6699.98573717735,6659.733992203515,37784.56441164017,37743.69064843856,124.01632867269214
1243,0,Case3,6x8_044,59.0,-56.0,6x8,1,1,0.9972302836619118,0.002767841307970472,1.8750301176541923e-06,8837.319762667043,9243.035695688859,12457.933113098145,12356.9242070653,85.74224345510999
1265,0,Case3,6x8_066,75.0,72.0,6x8,1,1,0.9994977076118876,0.0005004130985467568,1.8792895657348137e-06,5369.6245566530315,4985.612348743371,9476.226577758789,8658.646182289169,509.82746230822823
1276,0,Case3,6x8_077,-64.0,20.0,6x8,2,2,2.2220155993826364e-05,0.9983072225162742,0.0016705573277318118,7730.400520896431,7405.24953725967,33233.2405193001,33421.09197564594,132.8735876800115
1277,0,Case3,6x8_078,29.0,-79.0,6x8,2,2,0.0002388841198877799,0.9997374921085613,2.362377155080829e-05,7810.785798508536,7541.814068904965,28832.875918984413,29778.36189661793,618.3768998965422
1287,0,Case3,6x8_088,23.0,33.0,6x8,3,2,8.634833699240963e-05,0.8508044812360949,0.14910917042691266,7564.757786761533,7693.143061105911,29737.17578601837,28908.340244483297,657.3501209942405
1296,0,Case3,6x8_097,-46.0,-23.0,6x8,2,2,3.553121948079752e-05,0.8653057337003104,0.1346587350802088,7992.970352737475,7690.8000010818405,29215.25081539154,30521.53075400376,904.5646683343523
1297,0,Case3,6x8_098,-1.0,36.0,6x8,3,3,9.148703178030263e-06,0.06312583619628045,0.9368650151005415,6410.375303854675,6238.892168926448,36992.35785675049,37656.769376429125,429.2845335842967
1298,0,Case3,6x8_099,90.0,40.0,6x8,2,2,0.002872939759801872,0.9971081730200843,1.8887220113928353e-05,8274.295847250927,8138.727604720266,22120.160305023193,22052.177656501543,148.49930345412466
1299,0,Case3,6x8_100,69.0,62.0,6x8,1,1,0.994702048106197,0.005296081605986322,1.8702878165640405e-06,7118.9463313999,7160.731748876945,11038.727088928223,10743.869767912349,179.77170352576593
1301,0,Case3,6x8_102,76.0,-24.0,6x8,2,2,6.125463087734739e-05,0.9997389335751521,0.00019981179397054278,7564.618010245786,7496.696184137238,31584.746515750885,31894.25910074549,218.74108784864225
1306,0,Case3,6x8_107,69.0,8.0,6x8,2,2,8.910357023719702e-06,0.9995862744049467,0.0004048152380294966,6730.974926442521,6766.271458114993,37168.93218135834,37004.771902787616,131.7397832339495
1307,0,Case3,6x8_108,46.0,-72.0,6x8,1,1,0.6856256137730693,0.31436384968459136,1.0536542339445365e-05,9122.564574484604,9142.057238947054,17728.438934326172,17465.860387747845,139.19043254770415
1308,0,Case3,6x8_109,-69.0,17.0,6x8,2,2,1.0872487875023602e-05,0.9996655708658179,0.00032355664630696093,7271.130594758279,7204.257032914714,34767.93302690983,34883.86005547948,92.5837390501908
1309,0,Case3,6x8_110,-51.0,1.0,6x8,2,2,6.378520515781024e-06,0.9269453737684813,0.07304824771100295,6995.620333105884,6754.645709351134,37768.4889370203,37965.59177826278,111.02175981804966
1320,0,Case3,6x8_121,-50.0,14.0,6x8,2,2,1.8135960854315907e-05,0.9438803431756165,0.05610152086352916,7345.364184301592,7146.176224852305,34855.19799232483,34553.287626873614,263.90987955554175
1323,0,Case3,6x8_124,42.0,-66.0,6x8,1,1,0.628527732074398,0.3714647344534241,7.533472177872392e-06,9281.094673504855,9182.83812033106,19177.04468536377,19372.417356641054,171.6132474612396
1329,0,Case3,6x8_130,-59.0,12.0,6x8,2,2,8.90961740253227e-06,0.9974151668808556,0.0025759235017418862,7265.771721117012,7119.325847954322,36287.46225345135,35635.69254975196,501.80870176051104
1338,0,Case3,6x8_139,-52.0,-36.0,6x8,2,2,0.030890644547619486,0.9690407273742208,6.862807815971214e-05,9395.251857996369,9273.36002940055,20563.966758728027,20333.444178801023,163.04353742226505
1340,0,Case3,6x8_141,79.0,49.0,6x8,1,1,0.8399530041305252,0.16004467062176428,2.3252477106370093e-06,8807.6106030903,8866.697900214549,16824.539741516113,15395.56145291291,878.7423953826373
1341,0,Case3,6x8_142,56.0,10.0,6x8,2,2,1.2543640205281739e-05,0.9948394104091848,0.005148045950609991,7242.904118561144,7133.698451322714,36712.741798877716,36363.997214088704,301.29570592442053
1342,0,Case3,6x8_143,39.0,-35.0,6x8,2,2,0.005795998448802713,0.9934465330185,0.0007574685326973765,9348.97346229211,9077.580162546532,21474.533126831055,20999.86621113842,382.602306615717
1345,0,Case3,6x8_146,-41.0,-28.0,6x8,2,2,9.794406913016995e-05,0.9320052285829797,0.06789682734789013,8429.968634122459,8238.537536873342,25368.87992668152,26377.92835624573,708.9250190365847
1346,0,Case3,6x8_147,47.0,23.0,6x8,2,2,5.707715409701456e-05,0.9492714280332677,0.050671494812635255,7997.955129695263,7690.050278981899,29339.98888683319,30762.158319806655,953.0042181447852
1358,0,Case3,6x8_159,-9.0,-4.0,6x8,3,3,1.8802038449749542e-06,1.4097081634133985e-05,0.9999840227145208,4267.5360078672375,5264.186619382681,34972.794655412436,36407.0899993088,1115.4626077940811
1361,0,Case3,6x8_162,-71.0,-11.0,6x8,2,2,7.829290765304746e-06,0.9995930961465049,0.0003990745627297253,6913.468759873402,6889.948692252813,36508.38504362106,36510.02528697608,74.00965026578893
1363,0,Case3,6x8_164,-16.0,-5.0,6x8,3,3,1.8801936175639497e-06,1.9536527390780865e-05,0.9999785832789916,5049.757238613182,4989.564095784213,36639.02815236151,36815.982762342166,454.8728658674847
1369,0,Case3,6x8_170,-35.0,-50.0,6x8,2,2,0.4016101643915463,0.5983682841348742,2.1551473579473e-05,9307.513992774922,9400.954900877081,20967.52848815918,21064.14452443525,178.21613665051825
1371,0,Case3,6x8_172,-68.0,5.0,6x8,2,2,4.442770242622022e-06,0.9997620103489758,0.00023354688078151205,6753.878220615981,6720.555737857671,37595.5486587286,37339.77937197309,235.15208945281628
1382,0,Case3,6x8_183,37.0,63.0,6x8,2,2,0.04223002752246972,0.9577633121762681,6.660301262080276e-06,9058.052443052731,8893.322556771293,21894.375423431396,22542.79736767975,451.5084696218733
1388,0,Case3,6x8_189,34.0,0.0,6x8,3,3,1.8786481243544828e-06,0.0008416771678477778,0.9991564441840279,6261.329657585698,5793.649908599415,36963.37371444702,37359.41619818981,407.69284807699154
1398,0,Case3,6x8_199,-45.0,82.0,6x8,2,2,0.3558505880239986,0.6440924241839607,5.6987792040772834e-05,8572.529269237422,8787.867280355058,19005.78229522705,18677.449978405944,151.7432162677679
1403,0,Case3,6x8_204,27.0,-22.0,6x8,3,3,1.8740763044454328e-06,0.003275975952779288,0.9967221499709163,7045.469380476001,7110.266862708472,32008.17771434784,31911.97277735339,70.21174997922442
1407,0,Case3,6x8_208,-87.0,47.0,6x8,2,2,0.42657676962498614,0.5734173020592014,5.92831581246596e-06,8524.988985182688,8360.303835044064,18099.10502243042,16830.5534965095,789.9516366087731
1414,0,Case3,6x8_215,9.0,13.0,6x8,3,3,1.8801946757234225e-06,1.8973745564079312e-05,0.9999791460597602,4852.8217401138245,5062.638597350035,36387.65269064903,36660.28277387069,336.47536339908913
1415,0,Case3,6x8_216,-10.0,59.0,6x8,2,2,0.00012258955241665443,0.9997691245649232,0.00010828588266007908,7240.702476578327,7104.423992646577,36880.05199372396,36372.6053124276,402.99452434318056
1417,0,Case3,6x8_218,5.0,-15.0,6x8,3,3,1.8801975785604907e-06,1.7429872458490854e-05,0.9999806899299629,4859.4613298703125,5022.185333058942,36570.7950963974,37615.687130813865,709.8614960083454
1421,0,Case3,6x8_222,7.0,-80.0,6x8,2,2,4.529415245302648e-05,0.9999233428661927,3.136298135443019e-05,6389.277002597616,6338.444821052656,36267.24049818516,37044.13265808331,468.2868416682059
1429,0,Case3,6x8_230,-44.0,-30.0,6x8,2,2,0.00023709069795486664,0.9913482584293872,0.0084146508726579,8694.96562573713,8554.465691484798,23945.92106628418,24812.971042342644,609.3215938356645
1444,0,Case3,6x8_245,-34.0,-14.0,6x8,3,3,1.8556851653619155e-06,0.013109310886448625,0.986888833428386,6785.684103409566,6494.970348562456,34204.09784889221,35618.144183403594,1029.2696571742442
1459,0,Case3,6x8_260,-50.0,68.0,6x8,1,1,0.9523169053540819,0.04767843946166675,4.6551842514892755e-06,9567.899370040805,8976.866513928293,15470.936134338379,14059.170703221438,892.5484152919729
1460,0,Case3,6x8_261,-14.0,-28.0,6x8,3,3,2.1692943722485826e-06,0.012601689962589972,0.9873961407430377,6418.458738778324,6554.963047138069,34935.93342590332,35089.173143889,127.49973833618793
1462,0,Case3,6x8_263,-24.0,2.0,6x8,3,3,1.8801246982247562e-06,5.619125917284277e-05,0.999941928616129,5479.198870742019,5030.854588570581,37101.37361097336,37689.76245449518,499.12192178931946
1467,0,Case3,6x8_268,-59.0,29.0,6x8,2,2,0.00016903896126448516,0.9993791840042074,0.00045177703452806297,8601.747044051053,8210.929265570538,26931.5073223114,26955.620506331776,124.72009150348674
1468,0,Case3,6x8_269,-60.0,60.0,6x8,1,1,0.9960697335067487,0.0039283936409829035,1.872852268515737e-06,8248.923787334112,8325.65697229478,11859.778518676758,11327.603096920755,340.8451034840611
1471,0,Case3,6x8_272,72.0,69.0,6x8,1,1,0.9989273164910023,0.0010708052914732732,1.8782175242966668e-06,5931.320371074177,5424.650583686871,9950.804023742676,9125.689701920284,524.859632522723
1472,0,Case3,6x8_273,81.0,62.0,6x8,1,1,0.9942231662529953,0.005774964356521655,1.8693904829860226e-06,6071.882410835587,6304.936867103355,10434.430339813232,10440.627514665657,67.51762878965978
1478,0,Case3,6x8_279,-88.0,-89.0,6x8,1,1,0.9996096254348751,0.00038172887517052726,8.645689954363229e-06,3214.1430085500515,3160.4879270621723,7474.123553276062,6916.977515659519,348.56173774391027
1490,0,Case3,6x8_291,26.0,5.0,6x8,3,3,1.8801142668242913e-06,6.173919666965863e-05,0.9999363806890635,5777.273059932448,5231.827683497322,36879.83259677887,37377.01360311425,457.4605857934454
1493,0,Case3,6x8_294,-71.0,-57.0,6x8,1,1,0.996569282545299,0.0034288436651842493,1.8737895165792213e-06,7888.013873499853,8274.81755236721,12224.245475769043,11902.4871415183,257.754138212123
1502,0,Case3,8x8_003,-44.0,65.0,8x8,2,2,0.02543089915856459,0.9745594986798568,9.602161578588087e-06,6337.011177400955,6136.568770751421,17957.480937957764,17948.710854795725,127.39361726210372
1503,0,Case3,8x8_004,49.0,48.0,8x8,1,2,0.15445957993400256,0.8454930157936519,4.7404272345471616e-05,7678.519114548306,7366.022619228525,15591.901821136475,14619.589452265158,671.7190580224254
1504,0,Case3,8x8_005,-52.0,20.0,8x8,2,2,8.972459683010059e-06,0.6753751313198961,0.32461589622042103,5862.340206577789,5789.859009890278,32653.18706226349,32860.259804564725,153.8842159396954
1516,0,Case3,8x8_017,-30.0,66.0,8x8,2,2,0.0005245292486103346,0.9994268463236984,4.862442769115332e-05,5772.640630477044,5632.865235029516,27843.087203145027,27457.412184044224,309.3626087150391
1517,0,Case3,8x8_018,-53.0,31.0,8x8,2,2,4.853449801236943e-05,0.9654672130933213,0.03448425240866619,6397.461983353669,6422.750397868412,24984.42482805252,24800.47967138111,139.25719537049585
1524,0,Case3,8x8_025,80.0,-80.0,8x8,1,1,0.9930665335883627,0.006908570869529312,2.4895542107736256e-05,2887.943609067684,2737.5918163308324,8823.332853078842,8718.655149089172,80.82795853353731
1526,0,Case3,8x8_027,54.0,-38.0,8x8,2,2,0.00029250303095251686,0.9959439360691446,0.0037635608999028376,6729.771320782916,6793.546211557037,20018.46256351471,19913.775437291228,97.72825530834353
1527,0,Case3,8x8_028,36.0,-31.0,8x8,2,3,1.6854498727420976e-05,0.4515812353575842,0.5484019101436884,6907.795287186744,6609.781126628273,24955.209678411484,25216.21060226592,179.35818175403867
1528,0,Case3,8x8_029,52.0,-41.0,8x8,2,2,0.0011147104271754707,0.9977267563653837,0.001158533207440719,7031.28408118499,7035.674635999127,17925.203788757324,17896.55370335815,72.32623034579191
1532,0,Case3,8x8_033,-61.0,86.0,8x8,2,2,0.2908077169111839,0.7089935197618635,0.0001987633269525904,4858.970079266146,4343.140156543469,11555.959428787231,11048.367924265232,368.03198424012396
1539,0,Case3,8x8_040,-27.0,-54.0,8x8,2,2,0.00023506621964433042,0.9929512954058715,0.006813638374484094,6156.542507679392,5975.6226397446535,28173.26127052307,28238.11506089965,167.38441827653054
1540,0,Case3,8x8_041,-2.0,-68.0,8x8,2,2,2.8912953035790527e-05,0.6832386254584387,0.31673246158852547,4551.971485095972,4529.168534482149,38092.448898762465,38923.53178329687,522.3652517535656
1543,0,Case3,8x8_044,59.0,-56.0,8x8,1,1,0.9803764876163333,0.019621668804373032,1.8435792936409877e-06,7238.748159575772,7087.387326798828,13186.217964172363,12679.529166529997,365.4002626396945
1565,0,Case3,8x8_066,75.0,72.0,8x8,1,2,0.07606514761757506,0.9239065465596608,2.8305822763980323e-05,3802.3864164487636,3554.349578609701,9646.479466438293,9245.544807469676,316.5802479116037
1576,0,Case3,8x8_077,-64.0,20.0,8x8,2,2,9.637120741980578e-06,0.9878586669668499,0.01213169591240813,5383.046213220997,5263.709521015315,33919.52107524872,34336.66868689466,262.9336489049981
1577,0,Case3,8x8_078,29.0,-79.0,8x8,2,2,0.00012421682073813887,0.999614924439492,0.00026085873976986314,5034.664813950381,5007.137105488865,29318.309135496616,30731.9141955348,1016.9922328989772
1587,0,Case3,8x8_088,23.0,33.0,8x8,3,3,1.8312231900533313e-06,0.026304350473885713,0.9736938183029242,6274.172863489964,6071.331439276354,30316.11236537993,30997.715784780183,465.26719773262187
1596,0,Case3,8x8_097,-46.0,-23.0,8x8,2,3,5.295831533112553e-06,0.34326257182863107,0.6567321323398357,6211.92405868589,6028.204314896417,29863.035150527954,31057.069768452926,830.1923440576631
1597,0,Case3,8x8_098,-1.0,36.0,8x8,3,3,1.861963697290274e-06,0.009744518295853844,0.9902536197404489,5551.859482867292,5494.6922055655905,37613.16266345978,38128.17220179245,273.2638562421315
1598,0,Case3,8x8_099,90.0,40.0,8x8,2,2,0.0004193958634487387,0.9990280680800581,0.0005525360564931935,5092.943313465015,5104.985526663426,22285.820430457592,22136.352547315193,89.32463804277657
1599,0,Case3,8x8_100,69.0,62.0,8x8,1,1,0.64098447866537,0.35900947669074623,6.044643883707742e-06,5587.376125470646,5712.3394715234035,11188.145685195923,10538.489768962376,533.004345850896
1601,0,Case3,8x8_102,76.0,-24.0,8x8,2,2,2.9261241201958712e-05,0.9965082233522434,0.003462515406554641,4975.0575921877125,5043.015900945816,32164.09083802998,32685.06159498319,334.5777583910425
1606,0,Case3,8x8_107,69.0,8.0,8x8,2,2,5.3010237366019874e-06,0.617129383253573,0.38286531572269034,4767.3215442507935,4633.077733224167,37681.772822499275,38385.518755680096,590.8263236598162
1607,0,Case3,8x8_108,46.0,-72.0,8x8,2,2,0.11685254123512787,0.8831296949531001,1.776381177205101e-05,5894.562599061555,5717.9830964159455,17675.988748550415,17306.296369577165,299.6511017715024
1608,0,Case3,8x8_109,-69.0,17.0,8x8,2,2,6.3982003796469856e-06,0.9950783248240521,0.004915276975568179,4932.410175987654,4914.19879348164,35425.568538069725,36307.075314196205,549.4022099263583
1609,0,Case3,8x8_110,-51.0,1.0,8x8,3,3,1.8054350513482395e-06,0.0403781559607339,0.9596200386042149,5273.388532391041,5157.955429959765,38442.834015369415,39270.39191695237,727.5500569047073
1620,0,Case3,8x8_121,-50.0,14.0,8x8,2,3,2.70331363746961e-06,0.21210154804141063,0.7878957486449519,5679.631119045203,5564.192640946194,35520.826152801514,36386.826435680785,634.5852524923215
1623,0,Case3,8x8_124,42.0,-66.0,8x8,2,2,0.04476680960616903,0.9552059058265912,2.728456723982858e-05,6212.547389660108,6017.211268249738,19344.97352027893,19507.612935733905,137.7137616507439
1629,0,Case3,8x8_130,-59.0,12.0,8x8,2,2,4.037102609053491e-06,0.9691920969732377,0.030803865924153014,5387.960247755236,5205.553264568395,36987.187782764435,37855.1349848596,519.4318314627837
1638,0,Case3,8x8_139,-52.0,-36.0,8x8,2,2,0.0001296151712552486,0.990068566962984,0.009801817865760743,6711.082886921032,6678.152643572006,21071.09661102295,21134.853762525472,93.40336911262031
1640,0,Case3,8x8_141,79.0,49.0,8x8,2,2,0.006836738833992048,0.9931198049638277,4.3456202180393994e-05,5505.314129107697,5440.191437650479,16600.381242752075,16456.156999467257,132.22951156234433
1641,0,Case3,8x8_142,56.0,10.0,8x8,2,2,3.331529360714557e-06,0.5603844193555374,0.4396122491151018,5377.513188781139,5221.4251758106175,37395.50156164169,38284.258453537,685.5454258209376
1642,0,Case3,8x8_143,39.0,-35.0,8x8,2,2,4.26308364049706e-05,0.9211033083534165,0.07885406081017858,7200.719787992477,6938.564142919453,22064.017192065716,21772.46665388543,265.3025410482021
1645,0,Case3,8x8_146,-41.0,-28.0,8x8,2,3,9.9291158241498e-06,0.4990268266089872,0.5009632442751886,6594.977481166135,6414.864330970928,25990.700934290886,27203.919600666137,819.9491348220224
1646,0,Case3,8x8_147,47.0,23.0,8x8,2,2,7.531145535112037e-06,0.6686479524606868,0.3313445163937782,6086.069174026869,5949.588318413736,29975.44226026535,31227.188989511167,880.9467038084616
1658,0,Case3,8x8_159,-9.0,-4.0,8x8,3,3,1.8802223173455373e-06,4.272556369191533e-06,0.9999938472213136,4784.071618648622,5235.809173551525,35920.61468595266,37587.321728628514,1334.4852465238425
1661,0,Case3,8x8_162,-71.0,-11.0,8x8,2,2,8.677773836945172e-06,0.7020229939451235,0.2979683282810396,4599.47291254433,4565.421962735431,37024.23967695236,38413.486889473665,1031.2690037710306
1663,0,Case3,8x8_164,-16.0,-5.0,8x8,3,3,1.880221142121116e-06,4.8975991583266075e-06,0.9999932221796995,5064.298756250096,5054.98414574126,37529.08621877432,37815.225350874316,649.5255902588311
1669,0,Case3,8x8_170,-35.0,-50.0,8x8,2,2,0.0006101979276897055,0.997998317478478,0.0013914845938321691,6729.539033237823,6623.054299246223,21506.17272567749,21512.09606873914,177.19516047851312
1671,0,Case3,8x8_172,-68.0,5.0,8x8,2,3,3.469502981005542e-06,0.19064183008928984,0.8093547004077292,4685.899680162475,4458.653814571219,38062.803205251694,38840.759389650775,708.8191870068699
1682,0,Case3,8x8_183,37.0,63.0,8x8,2,2,0.005233923895961863,0.9947212792355296,4.47968685086703e-05,6157.0559242177715,5964.608931808409,22285.64648246765,22245.219594513605,117.36064360672819
1688,0,Case3,8x8_189,34.0,0.0,8x8,3,3,1.8801703211419716e-06,3.192672307402131e-05,0.9999661931066048,5508.600371518995,5187.391859151259,37624.85564517975,38503.754732340865,752.0537565602124
1698,0,Case3,8x8_199,-45.0,82.0,8x8,2,2,0.005671738422857783,0.9942844598617003,4.380171544163916e-05,5351.904110029425,5246.570929057885,18972.75307801366,18377.500085306692,402.04910126725673
1703,0,Case3,8x8_204,27.0,-22.0,8x8,3,3,1.880000235152039e-06,0.00012238691050298477,0.9998757330892619,6227.089851817885,5981.553590801743,32662.727853626013,33036.358169591695,354.5934290974388
1707,0,Case3,8x8_208,-87.0,47.0,8x8,2,2,0.009846518341779383,0.9901190839872175,3.43976710031313e-05,5241.285540709097,5274.004158346999,17959.255588173866,18085.745380844757,116.01301570714148
1714,0,Case3,8x8_215,9.0,13.0,8x8,3,3,1.8802214853833554e-06,4.71503522752452e-06,0.999993404743287,5137.830275241911,5243.0588952112985,37257.1520203352,37750.98217359261,532.2957901889536
1715,0,Case3,8x8_216,-10.0,59.0,8x8,2,2,2.3296220869124177e-05,0.9783321753946191,0.021644528384511714,5195.54750756793,5156.097059374523,37556.780430316925,37920.244053679664,337.902857276899
1717,0,Case3,8x8_218,5.0,-15.0,8x8,3,3,1.8802195899593102e-06,5.7231159912639266e-06,0.9999923966644187,5135.380989152261,5236.884534981877,37447.23813354969,38405.237380235965,776.1701546360605
1721,0,Case3,8x8_222,7.0,-80.0,8x8,3,2,4.617461076915274e-05,0.8052831334613146,0.1946706919279161,4040.516102851325,3929.8369727648933,35875.66543221474,37538.54501096289,1161.4954562513217
1729,0,Case3,8x8_230,-44.0,-30.0,8x8,2,2,1.8737949870836822e-05,0.8352573280236991,0.16472393402642987,6612.669125424975,6557.378301697057,24572.994671732187,25373.045095169095,539.6131376379898
1744,0,Case3,8x8_245,-34.0,-14.0,8x8,3,3,1.8800843676600463e-06,7.764105902924807e-05,0.9999204788566031,5717.613982442492,5528.146256222999,34840.69558274746,36787.785067296034,1496.816038078848
1759,0,Case3,8x8_260,-50.0,68.0,8x8,2,2,0.09324944712533571,0.9067408516197452,9.701254919017326e-06,6285.180715353422,6065.900413863527,15217.245170593262,15020.223008840694,221.4911880774474
1760,0,Case3,8x8_261,-14.0,-28.0,8x8,3,3,1.8798040795404537e-06,0.00022671221910368166,0.9997714079768169,5641.870263550833,5593.826118605607,35611.23389029503,35758.983039671046,160.20921833618067
1762,0,Case3,8x8_263,-24.0,2.0,8x8,3,3,1.8802148205732499e-06,8.259712669761492e-06,0.9999898600725098,5287.498657999055,4979.285120426551,37891.93917179108,38404.96386481156,550.1647183239843
1767,0,Case3,8x8_268,-59.0,29.0,8x8,2,2,4.165822293585337e-05,0.9765902723107136,0.023368069466350706,6049.489032525358,5991.141255839804,27566.338032245636,26871.396235412907,442.3591006028339
1768,0,Case3,8x8_269,-60.0,60.0,8x8,1,1,0.9632179261917625,0.0367802618119344,1.811996303152969e-06,6610.134475080261,6499.258334231251,12020.371646881104,11841.491564451686,278.540595737068
1771,0,Case3,8x8_272,72.0,69.0,8x8,1,2,0.13378812121622313,0.866195982194881,1.5896588895783773e-05,4354.133201568878,4045.6556789509727,10103.812602996826,9730.865864417687,338.69742969066664
1772,0,Case3,8x8_273,81.0,62.0,8x8,2,2,0.17381379735141297,0.8261655152464775,2.068740210969858e-05,4794.198050892342,5241.587339431489,11183.37955570221,9991.32802018315,886.9619518316373
1778,0,Case3,8x8_279,-88.0,-89.0,8x8,1,2,0.061933095210105295,0.9379192783058983,0.00014762648399664692,2345.1859644138412,2355.1746933358268,8265.7601801157,7867.000534399025,229.35963155067017
1790,0,Case3,8x8_291,26.0,5.0,8x8,3,3,1.8802126133568356e-06,9.43362011846808e-06,0.9999886861672682,5514.936620367583,5083.445416938213,37628.213329315186,38225.92020688102,533.7437322656907
1793,0,Case3,8x8_294,-71.0,-57.0,8x8,1,1,0.7991412464218067,0.20085295965162564,5.793926567461632e-06,6067.17917881581,5734.146708088424,12956.714796066284,11866.515829946236,761.7389870725367
1803,0,Case4,6x4_004,49.0,48.0,6x4,1,1,0.9878680567580248,0.012128969070416438,2.9741715587130156e-06,14605.531869322482,15554.393896304235,16929.045028686523,16513.038272904167,684.2255318366404
1805,0,Case4,6x4_006,-15.0,-74.0,6x4,2,2,0.00017023530180152512,0.9997286027859924,0.00010116191220599369,21416.816488874498,22238.744062050006,39465.2301094532,40084.11057745022,400.6848748320797
1815,0,Case4,6x4_016,75.0,-61.0,6x4,1,1,0.9999510469157976,3.8551713096533934e-05,1.040137110594208e-05,9606.218223163476,9364.554920329638,12287.863578796387,11755.96821982499,321.87138659368026
1816,0,Case4,6x4_017,-30.0,66.0,6x4,2,2,0.003141756129412969,0.9968149091245148,4.33347460721992e-05,17744.618846286707,18506.379108643523,30512.97803878784,31210.27516770462,456.70190552092095
1820,0,Case4,6x4_021,-49.0,-67.0,6x4,1,1,0.9864160912383907,0.013578303109653333,5.605651955938825e-06,13167.318747343248,14114.196197888674,16887.499229431152,16797.612198356306,468.11739404907127
1826,0,Case4,6x4_027,54.0,-38.0,6x4,1,1,0.6227191070474756,0.3772514750162848,2.9417936239817586e-05,15434.554916393454,15975.442953183901,22165.987327575684,21392.070201054954,625.8650597279993
1836,0,Case4,6x4_037,-85.0,67.0,6x4,1,1,0.9999355279177803,2.8386268992879134e-05,3.60858132269942e-05,7472.906084422283,7445.839209752189,10522.489624023438,10009.194145870188,338.03118561868297
1838,0,Case4,6x4_039,64.0,42.0,6x4,1,1,0.8681356863468297,0.13185615973759146,8.153915578980365e-06,15153.472420711814,15621.684166746196,21554.439155578613,20431.489875587715,871.8167284149021
1850,0,Case4,6x4_051,28.0,57.0,6x4,2,2,0.0067363425652531145,0.9930129826939648,0.0002506747407821461,17211.139894556734,18148.723971614996,30315.12269592285,31351.207793825113,723.3793481202412
1854,0,Case4,6x4_055,44.0,-49.0,6x4,1,1,0.9818339647539513,0.01816198039282692,4.054853221694165e-06,16003.53308045265,16273.741188419956,19112.50762939453,18331.526747435983,514.3619066511006
1865,0,Case4,6x4_066,75.0,72.0,6x4,1,1,0.9999491752250736,4.0282856170323255e-05,1.0541918756060112e-05,7574.793974005972,7289.189572676246,10228.909744262695,9527.125926624281,463.8304691423218
1868,0,Case4,6x4_069,-36.0,57.0,6x4,2,2,0.3563037539020466,0.6436576854184318,3.8560679521630876e-05,15953.533601743304,16406.340539116074,24263.719841003418,23271.665948712223,714.7270863849794
1869,0,Case4,6x4_070,-89.0,-51.0,6x4,1,1,0.9983917251971502,0.0015421243146891896,6.615048816053296e-05,10741.93579880972,10611.051776588592,16095.344825744629,14553.920451414031,1047.9797283725347
1870,0,Case4,6x4_071,-45.0,-29.0,6x4,2,2,0.01025440005500817,0.9887691884046566,0.0009764115403353802,16187.949974005638,17315.483982617745,27219.65446472168,27687.65332173695,377.7771381101871
1871,0,Case4,6x4_072,-29.0,13.0,6x4,3,3,2.2907958015698875e-05,0.14911617782576653,0.8508609142162178,20883.60514859316,20523.879378448863,38859.38718223572,39634.390996562215,614.3962923757886
1875,0,Case4,6x4_076,50.0,5.0,6x4,2,2,0.00010555679216590602,0.998081467860178,0.0018129753476558803,21909.575475465925,22935.680696450396,41123.982788562775,41982.84435294106,647.4437654660196
1879,0,Case4,6x4_080,-53.0,-64.0,6x4,1,1,0.9964526301094822,0.003545154916805396,2.2149737123121523e-06,13084.614568148081,13573.817783482955,15165.633514404297,14835.046951041615,425.6640240931208
1896,0,Case4,6x4_097,-46.0,-23.0,6x4,2,2,0.002315278988521779,0.9955529060884246,0.0021318149230536063,17833.473577146986,19031.92396123961,32063.492713928223,32426.544093520268,308.4625240690657
1904,0,Case4,6x4_105,89.0,-77.0,6x4,1,1,0.9999543293933776,2.0925487825302736e-05,2.4745118797101836e-05,5739.6752127169875,5634.738012768784,8958.086605072021,8408.750155461074,363.3323752422085
1907,0,Case4,6x4_108,46.0,-72.0,6x4,1,1,0.9805307640379356,0.019447194135892246,2.2041826172195538e-05,13003.628983356539,14036.94946196068,18727.46742248535,18979.289542716066,287.86475962205355
1909,0,Case4,6x4_110,-51.0,1.0,6x4,2,2,7.677903232259769e-05,0.9984329719933077,0.0014902489743696217,22182.1381511646,22962.200842727874,41563.2114109993,42395.830880504924,565.1487689431274
1920,0,Case4,6x4_121,-50.0,14.0,6x4,2,2,0.00045634956890058435,0.9983012413555857,0.001242409075513571,20916.586085929557,21687.02257569116,38361.68171977997,39181.62371564595,554.8771518837256
1923,0,Case4,6x4_124,42.0,-66.0,6x4,1,1,0.8067541658825931,0.19322273193792092,2.3102179486110236e-05,15459.117617288746,15818.269731645381,22080.854751586914,21580.92818062589,301.0657128953858
1928,0,Case4,6x4_129,24.0,11.0,6x4,3,3,6.3603934948548515e-06,0.011381108560719316,0.9886125310457858,19751.16392023655,20013.813210616634,39960.5693359375,40801.637606466706,596.0567400808368
1931,0,Case4,6x4_132,38.0,35.0,6x4,2,2,0.21815551006888978,0.7812996621247004,0.0005448278064097392,15742.111371218838,16481.868507280295,24059.537071228027,23460.086444386143,477.82537728494214
1939,0,Case4,6x4_140,1.0,-3.0,6x4,3,3,1.562280188086507e-05,0.00869809984268932,0.9912862773554297,16760.952958425063,18069.751839346332,37636.417872577906,38422.84429906041,405.3168165177477
1948,0,Case4,6x4_149,24.0,-59.0,6x4,2,2,0.003417103739998518,0.9961516060678751,0.00043129019212634914,18488.535927105037,19513.498406767274,33730.73690032959,34116.20586682486,278.34279517090744
1953,0,Case4,6x4_154,-65.0,-65.0,6x4,1,1,0.9998309830100403,0.0001669296358443514,2.0873541152761203e-06,10599.394286375713,10508.03422261807,12310.45386505127,11505.653930930883,605.6824890636972
1957,0,Case4,6x4_158,17.0,-43.0,6x4,2,2,0.0015357661924723393,0.9843323851860624,0.01413184862146546,20408.53420979199,20425.556487044025,36188.637437820435,36857.45763346397,431.9601276269731
1960,0,Case4,6x4_161,-43.0,-45.0,6x4,1,1,0.9730383564756127,0.02695544362307254,6.199901314881438e-06,15352.175073884922,16149.140382731208,19067.69985961914,18149.288121987913,981.176226138933
1966,0,Case4,6x4_167,-4.0,-6.0,6x4,3,3,2.365232470635651e-05,0.015720537097047512,0.9842558105782462,16689.115446080476,18121.83534234418,38138.52266561985,38826.2832613116,623.7894102767054
1979,0,Case4,6x4_180,-14.0,88.0,6x4,2,2,5.000433041734382e-05,0.9999364757947331,1.3519874849387378e-05,21811.848537109374,21365.622019720267,39525.35929477215,40240.235851178666,419.91364002254386
1981,0,Case4,6x4_182,-14.0,42.0,6x4,2,2,0.0004396673652606135,0.9870314569753272,0.012528875659412169,20666.746430570336,21215.25950900074,37796.9808177948,38573.21133205838,528.2361382467236
1982,0,Case4,6x4_183,37.0,63.0,6x4,2,2,0.12300754160120413,0.8769621821824847,3.027621631110915e-05,15989.98335424239,16878.88079247471,24761.68881225586,25529.28182688923,601.5497154353309
1995,0,Case4,6x4_196,-32.0,84.0,6x4,2,2,0.0017693169236789993,0.9981968388547384,3.384422158258789e-05,17519.585877242494,19180.22626700112,30593.83186340332,31865.33190219351,917.9018490202274
2000,0,Case4,6x4_201,-73.0,-27.0,6x4,2,2,0.0023250713617304513,0.9975840317951696,9.089684309991573e-05,18501.122888261427,19751.285866136404,33167.381256103516,33728.507925727645,370.762870018509
2004,0,Case4,6x4_205,-58.0,-50.0,6x4,1,1,0.9892337146156815,0.010763512788680936,2.772595637655944e-06,15043.964088905863,14870.423067141057,17203.33462524414,16414.53750870063,283.8854575031456
2018,0,Case4,6x4_219,-7.0,65.0,6x4,2,2,3.126792180796687e-05,0.9999111064091527,5.7625669039417025e-05,22026.789682494044,23420.337812593363,41646.88544821739,42247.15639823468,425.9650990890011
2021,0,Case4,6x4_222,7.0,-80.0,6x4,2,2,3.434318626038094e-05,0.9999373206186475,2.8336195092093577e-05,21951.63874377695,22990.249598443537,41153.453169465065,42460.60611666638,867.7058932233267
2027,0,Case4,6x4_228,60.0,-31.0,6x4,2,2,0.017079954864889127,0.9828341587569767,8.588637813405945e-05,16621.60805151021,17183.3300481095,28574.11528778076,29303.076412497285,430.2370775569513
2030,0,Case4,6x4_231,-69.0,24.0,6x4,2,2,0.00044034775360856504,0.9995252044755614,3.444777082989895e-05,19224.879870378172,19705.303528133703,34874.073947906494,35522.071500354235,423.23942418514804
2032,0,Case4,6x4_233,61.0,-20.0,6x4,2,2,0.0016464501647761353,0.9982356600494737,0.00011788978575015547,19915.969943875163,19588.30968338394,36472.38287734985,35845.242973714194,491.79093749657835
2034,0,Case4,6x4_235,-62.0,7.0,6x4,2,2,5.8288202981986994e-05,0.9998892374032757,5.247439374219795e-05,21835.9882752521,22266.82216272663,41476.297364115715,41449.78682996461,129.96394262374866
2038,0,Case4,6x4_239,30.0,17.0,6x4,3,3,0.0001032696543746411,0.31335663758295396,0.6865400927626715,19618.95197201205,20786.7780507478,36857.32393074036,37589.409780137095,620.261412425808
2039,0,Case4,6x4_240,53.0,26.0,6x4,2,2,0.026174037410895048,0.9735505312960869,0.000275431293018136,17734.917223634024,18518.683079485323,30946.93249130249,30726.039793151525,206.80754807710258
2041,0,Case4,6x4_242,-31.0,60.0,6x4,2,2,0.012303579360163231,0.9876393652319724,5.705540786431291e-05,17180.947617492322,17994.506853185325,28687.202659606934,29104.330816731228,282.91986907952185
2050,0,Case4,6x4_251,-69.0,0.0,6x4,2,2,2.6052594358533572e-05,0.9999460009665729,2.7946439068562425e-05,22172.860475327252,22875.448414703435,42014.18187355995,42264.53910683663,258.95522047803865
2058,0,Case4,6x4_259,-6.0,38.0,6x4,2,3,3.5238427191256474e-05,0.23872827902532678,0.761236482547482,22505.43002054607,22518.77986608172,40432.08909416199,41625.33293505088,883.2078562379489
2059,0,Case4,6x4_260,-50.0,68.0,6x4,1,1,0.9986699165849522,0.0013263751217448153,3.7082933028152156e-06,12955.989049221287,13285.146533148127,16483.54901123047,15591.286543118258,869.9095376421159
2061,0,Case4,6x4_262,-57.0,76.0,6x4,1,1,0.9999208020231706,6.576227396820985e-05,1.3435702861215824e-05,10329.062946712249,10402.36413564641,13549.177612304688,12948.776996273882,412.8113306740399
2064,0,Case4,6x4_265,-25.0,-84.0,6x4,2,2,0.0007699268207093954,0.9990889997203174,0.00014107345897323764,19292.212069492394,19996.354601629413,34910.310574531555,35276.535634623564,236.66842583456824
2069,0,Case4,6x4_270,10.0,76.0,6x4,2,2,3.93127714727252e-05,0.9999402747084758,2.0412520051582212e-05,21611.960588256665,23877.772885519254,40818.75449132919,42174.087966944615,914.4855715542337
2070,0,Case4,6x4_271,-30.0,50.0,6x4,2,2,0.02435181842382643,0.9755096809613233,0.00013850061485039207,16678.592083709733,17634.321174395212,27386.615921020508,27630.975296085235,237.8507740240013
2079,0,Case4,6x4_280,-31.0,-12.0,6x4,3,2,8.26298767095088e-05,0.7178277167845436,0.28208965333874686,20750.043732987455,20861.36484051447,38838.11024284363,39129.59482722466,273.6470590115696
2082,0,Case4,6x4_283,34.0,-21.0,6x4,2,2,0.0012225296617176626,0.9618501240267108,0.036927346311571754,19009.848796371974,19935.00911518025,33870.53034210205,34929.47924592783,719.6759719462871
2086,0,Case4,6x4_287,-77.0,22.0,6x4,2,2,0.000138298932328011,0.9998444041984144,1.7296869257534166e-05,19849.465707642335,20857.966899029823,36412.44595813751,37320.636401247815,624.8879837573058
2089,0,Case4,6x4_290,20.0,-82.0,6x4,2,2,0.00019796880739761773,0.9997281634009489,7.386779165347716e-05,20429.775187642066,21613.48718649881,37513.2105971165,38662.33264803508,759.8084290584361
2090,0,Case4,6x4_291,26.0,5.0,6x4,3,3,3.4603826873018507e-06,0.010536555759558234,0.9894599838577545,19104.838989224707,20121.754808300208,40756.90829086304,41241.56524403137,327.6690003601655
2092,0,Case4,6x4_293,-28.0,11.0,6x4,3,3,1.0199782302795992e-05,0.07842731635618469,0.9215624838615125,19825.369609052064,20347.331890198562,39620.838079452515,40500.91624256995,645.8039147374633
2099,0,Case4,6x4_300,51.0,46.0,6x4,1,1,0.9823187270860965,0.017678051455505803,3.2214583976703806e-06,15617.486585595781,15812.088687329298,18262.02685546875,17201.16510379264,703.4329270574876
2103,0,Case4,6x8_004,49.0,48.0,6x8,1,1,0.6463307476325734,0.35366301453224397,6.23783518266888e-06,10345.814402965785,10428.824540984564,14679.040092468262,14726.860068511312,236.0196378954478
2105,0,Case4,6x8_006,-15.0,-74.0,6x8,2,2,9.8322639623071e-06,0.9999407315719913,4.943616404640237e-05,6880.468260381428,6891.780764462494,35291.513306736946,35857.88966517708,380.601366222502
2115,0,Case4,6x8_016,75.0,-61.0,6x8,1,1,0.9996866706190889,0.00031144973615781943,1.8796447534890489e-06,6871.359299724581,6270.891245632283,10802.95866394043,10025.16524823676,577.6074694209517
2116,0,Case4,6x8_017,-30.0,66.0,6x8,2,2,0.0002653687548396059,0.999710291870508,2.4339374652474932e-05,8414.677848720406,8200.314732552511,27255.210341453552,26840.74458448768,305.345030026496
2120,0,Case4,6x8_021,-49.0,-67.0,6x8,1,1,0.7959521260078463,0.20404358934387395,4.284648279757503e-06,9503.869878837782,9520.972578912113,15686.264122009277,14979.620468229463,474.5696704573942
2126,0,Case4,6x8_027,54.0,-38.0,6x8,2,2,0.028602497560303423,0.9713665626744828,3.093976521360878e-05,9565.27168420092,9564.56982192373,19604.77409362793,19458.97735525914,124.49033088620223
2136,0,Case4,6x8_037,-85.0,67.0,6x8,1,1,0.9992372490225134,0.0007595178250196295,3.233152466980198e-06,5062.2037207287,4898.1851475724,9315.302597045898,8692.083179589741,401.72730838330557
2138,0,Case4,6x8_039,64.0,42.0,6x8,2,2,0.08154082419522501,0.9184550296736825,4.146131092306735e-06,9278.336349474816,9419.828537081909,18809.815963745117,18483.160480200044,245.57238139178997
2150,0,Case4,6x8_051,28.0,57.0,6x8,2,2,0.00035291696308716665,0.9995105985036292,0.00013648453328369488,8468.996858937608,8310.006808843775,27249.059370040894,27027.33960773989,168.66447603327904
2154,0,Case4,6x8_055,44.0,-49.0,6x8,1,2,0.41748135361646743,0.5825037212452293,1.4925138303283038e-05,10549.665211453328,10270.20057107741,16422.09864807129,16169.034966545634,197.22105108213776
2165,0,Case4,6x8_066,75.0,72.0,6x8,1,1,0.9997673867629823,0.00023073344049906257,1.8797965187179397e-06,5336.3009277028705,4922.218628342793,9442.000442504883,8586.675972545789,545.2034180669739
2168,0,Case4,6x8_069,-36.0,57.0,6x8,2,2,0.00441358996014793,0.9955704386793731,1.5971360479072804e-05,9269.875387253875,9066.479124896061,21485.407569885254,21078.586197668577,296.29957466092907
2169,0,Case4,6x8_070,-89.0,-51.0,6x8,1,1,0.5536071512824883,0.4463877441476669,5.104569844962567e-06,8186.885156503056,7729.546166084183,14445.537746429443,13675.432302845624,601.4675515930467
2170,0,Case4,6x8_071,-45.0,-29.0,6x8,2,2,0.0002640784579343913,0.9993585357398325,0.0003773858022330516,8522.70335144116,8571.204083034225,24647.155527114868,25039.09338809255,255.75083661102624
2171,0,Case4,6x8_072,-29.0,13.0,6x8,3,3,1.8650387018250004e-06,0.008099591137011123,0.991898543824287,6416.567888444309,6536.83402285123,35103.31316757202,35254.19247624841,164.93604157674238
2175,0,Case4,6x8_076,50.0,5.0,6x8,2,2,5.0029004316575605e-06,0.9897523074155161,0.010242689684052191,6882.240635812853,6794.743278256288,37303.386585474014,37867.838327818405,357.12264563785993
2179,0,Case4,6x8_080,-53.0,-64.0,6x8,1,1,0.9700433992661327,0.029954776230742056,1.8245031252610766e-06,10024.140841406297,9457.061259751794,14122.489807128906,13123.866806185308,611.9432395813286
2196,0,Case4,6x8_097,-46.0,-23.0,6x8,2,2,6.338958075601728e-05,0.9982276304428939,0.0017089799763501676,7984.983347223492,7913.8337957800295,29121.380992889404,29376.415559449004,170.6090737986352
2204,0,Case4,6x8_105,89.0,-77.0,6x8,1,1,0.9999479098154408,4.844463933967777e-05,3.645545219372897e-06,3788.9218588223316,3601.1450442217465,8015.466123580933,7431.79011606616,378.7445958019778
2207,0,Case4,6x8_108,46.0,-72.0,6x8,2,2,0.24968420532665464,0.7503122499497044,3.544723641012793e-06,9086.16488647708,9086.818426412387,17722.85117340088,17105.410302496817,398.4148896197689
2209,0,Case4,6x8_110,-51.0,1.0,6x8,2,2,3.0811856882112936e-06,0.9932086031955105,0.006788315618801412,6852.670701511454,6778.93359870554,37699.48854830861,38314.397620184056,420.5682554574521
2220,0,Case4,6x8_121,-50.0,14.0,6x8,2,2,8.1179669047461e-06,0.9981266926555082,0.0018651893775870974,7349.083490589079,7283.557017408046,34827.34382390976,34899.360316327904,143.6476739744779
2223,0,Case4,6x8_124,42.0,-66.0,6x8,2,2,0.1531784384859781,0.8468143551774063,7.206336615524879e-06,9239.133954507131,9190.03552830551,19172.13052368164,18747.850511377233,306.25152274308226
2228,0,Case4,6x8_129,24.0,11.0,6x8,3,3,1.8794841014318244e-06,0.0003969493469570383,0.9996011711689416,5785.386087532803,5855.133895940901,36080.30643081665,36739.99152911164,490.8318937217454
2231,0,Case4,6x8_132,38.0,35.0,6x8,2,2,0.0034843126047048533,0.9962188962838759,0.0002967911114191057,9210.012389276973,8951.678203735713,21680.69285583496,20750.58970367442,679.0390460489322
2239,0,Case4,6x8_140,1.0,-3.0,6x8,3,3,1.8801793355679995e-06,2.7132403047802832e-05,0.9999709874176167,11665.921143637339,5260.409624789099,38683.265884399414,36567.57587161664,1873.8078748265932
2248,0,Case4,6x8_149,24.0,-59.0,6x8,2,2,0.00020842642045483542,0.9995117197011065,0.0002798538784387143,8161.766026699633,7978.339792721597,30397.26117360592,30557.473338739183,97.22374975064487
2253,0,Case4,6x8_154,-65.0,-65.0,6x8,1,1,0.9993498811504838,0.000648239837791887,1.8790117242763435e-06,7049.5342982797365,6875.918508610477,10884.495803833008,10199.988991666636,457.31562005302607
2257,0,Case4,6x8_158,17.0,-43.0,6x8,2,2,1.8567732074984902e-05,0.9520346877065545,0.0479467445613705,7455.810587404853,7381.637595862756,32770.88709640503,33399.439083621284,432.317659826781
2260,0,Case4,6x8_161,-43.0,-45.0,6x8,1,2,0.11763512227948505,0.8823422359854517,2.2641735063065035e-05,10437.139162342337,10175.937620589577,17196.649085998535,16548.76076864303,504.1647530960419
2266,0,Case4,6x8_167,-4.0,-6.0,6x8,3,3,1.880174420408684e-06,2.9746529190758362e-05,0.9999683732963888,4488.450351485556,4950.019048525607,34392.039455890656,36654.535240574,1703.324389160979
2279,0,Case4,6x8_180,-14.0,88.0,6x8,2,2,9.775114954632258e-06,0.9999668865879769,2.3338297068527017e-05,6540.939492371669,6651.280490498575,34962.84610271454,35470.572245193354,307.16222031674477
2281,0,Case4,6x8_182,-14.0,42.0,6x8,2,2,6.270122435204587e-06,0.9665822141976159,0.03341151567994901,7184.729909020651,7177.770749383025,34200.44633579254,34502.223193204445,218.56652107594567
2282,0,Case4,6x8_183,37.0,63.0,6x8,2,2,0.005547090993834929,0.9944396730426007,1.3235963564329159e-05,9004.373983872552,8969.000657931518,21843.580421447754,21919.45999900805,58.822978608041815
2295,0,Case4,6x8_196,-32.0,84.0,6x8,2,2,6.808462127309915e-05,0.9999159410588556,1.597431987141051e-05,7821.786440860429,7895.0519190123505,27039.011424632743,28155.954709908656,738.2660425182662
2300,0,Case4,6x8_201,-73.0,-27.0,6x8,2,2,6.736460843994854e-05,0.9998959838132827,3.6651578277346864e-05,7831.371908690561,7743.417073850355,29689.18793940544,29790.57605384166,50.43416236495931
2304,0,Case4,6x8_205,-58.0,-50.0,6x8,1,1,0.8934207837700263,0.10657616519354414,3.051036429505893e-06,10405.310858162955,10053.911918269283,14604.891159057617,14255.450925848329,226.51207291018028
2318,0,Case4,6x8_219,-7.0,65.0,6x8,2,2,3.4781824773728934e-06,0.9998997482650788,9.677355244388299e-05,6932.388083725194,6779.20620496329,37474.292912602425,37263.30513835443,176.84053205640163
2321,0,Case4,6x8_222,7.0,-80.0,6x8,2,2,5.827999562567531e-06,0.9999600791582038,3.409284223352438e-05,6386.412938996282,6410.04603354133,36240.229226112366,37062.40894158168,492.47187825802234
2327,0,Case4,6x8_228,60.0,-31.0,6x8,2,2,0.0016405635370226545,0.9982941205805189,6.531588245844697e-05,8734.503444664257,8617.866714836096,25644.253595352173,25430.250204460048,188.73753498859102
2330,0,Case4,6x8_231,-69.0,24.0,6x8,2,2,2.7760407429682584e-05,0.999949774980092,2.2464612478217022e-05,7851.701228449493,7642.86516723326,31354.561149835587,31567.689139970535,123.48844775963796
2332,0,Case4,6x8_233,61.0,-20.0,6x8,2,2,6.620459632725046e-05,0.9998460101062135,8.778529745909986e-05,7754.9070704342,7597.754156044906,32987.587532281876,32698.139239986496,251.81865700301574
2334,0,Case4,6x8_235,-62.0,7.0,6x8,2,2,4.2511231220139655e-06,0.999916509314651,7.923956222679517e-05,6933.2492408652315,6840.105998724034,37493.894362062216,37626.069435871235,57.337351516705496
2338,0,Case4,6x8_239,30.0,17.0,6x8,3,3,2.2390373305155015e-06,0.03809811528792889,0.9618996456747405,6745.651579757251,6849.897440700386,33319.42469787598,33397.858221856455,175.98629075059375
2339,0,Case4,6x8_240,53.0,26.0,6x8,2,2,0.00022849176309296042,0.9996059439757231,0.00016556426118388554,8282.711023932668,8317.86491725441,28005.28789806366,27594.38586010244,305.4362893611163
2341,0,Case4,6x8_242,-31.0,60.0,6x8,2,2,0.0006342414393656394,0.9993373778072059,2.838075342833733e-05,8734.78748660295,8505.411855128577,25654.566709518433,25257.05412738956,284.7197846980036
2350,0,Case4,6x8_251,-69.0,0.0,6x8,2,2,3.0302266681097903e-06,0.999935002117662,6.196765566996446e-05,6560.822273593419,6628.441651790086,37665.77717542648,37976.41601613408,171.6429604280351
2358,0,Case4,6x8_259,-6.0,38.0,6x8,3,3,1.779789382245861e-06,0.05456205683928075,0.9454361633713371,6513.434386820206,6408.126207698453,36492.4520740509,36668.117297491044,162.6340035195872
2359,0,Case4,6x8_260,-50.0,68.0,6x8,1,2,0.45219433946651066,0.5478005879533437,5.07258014555387e-06,9565.940024932668,9378.600333584533,15464.685592651367,15036.647057639284,258.37746255433007
2361,0,Case4,6x8_262,-57.0,76.0,6x8,1,1,0.9781756020248492,0.021820479877981476,3.918097169259399e-06,7558.521585328418,7668.5813931801495,11929.814750671387,11619.314878702615,269.1261925200564
2364,0,Case4,6x8_265,-25.0,-84.0,6x8,2,2,5.296400300184217e-05,0.999912606034324,3.442996267422017e-05,7362.834359831665,7393.83119770713,31019.5062789917,31262.830427138448,170.60926867952145
2369,0,Case4,6x8_270,10.0,76.0,6x8,2,2,5.410835190631182e-06,0.999965793753619,2.8795411190182724e-05,6605.337987169939,6601.447267712573,36321.2296936512,36438.370360212124,97.75936748241696
2370,0,Case4,6x8_271,-30.0,50.0,6x8,2,2,0.0006199568303403341,0.9992888636160975,9.11795535621726e-05,8798.518890412499,8732.513320475775,24624.598400115967,24620.880717413373,94.01700317102751
2379,0,Case4,6x8_280,-31.0,-12.0,6x8,3,3,1.870522590720032e-06,0.005170821946664819,0.9948273075307444,6444.851030607163,6358.972052917363,35092.53685760498,35428.27641281883,242.92172285800737
2382,0,Case4,6x8_283,34.0,-21.0,6x8,3,3,4.587094735857878e-06,0.1319610342421716,0.8680343786630925,7306.768838299252,7241.018507613689,30707.633045196533,31710.97657445897,760.6994879702851
2386,0,Case4,6x8_287,-77.0,22.0,6x8,2,2,1.170535648679754e-05,0.9999740304351292,1.4264208383947035e-05,7284.815639990839,7219.604277101208,32588.550181150436,33393.092303320445,564.7802523386644
2389,0,Case4,6x8_290,20.0,-82.0,6x8,2,2,2.25198470394598e-05,0.9999555685549126,2.1911598047932066e-05,7052.750141698297,7139.7643731440485,33379.82444143295,33862.108860490276,316.01346944711025
2390,0,Case4,6x8_291,26.0,5.0,6x8,3,3,1.8793192364000245e-06,0.00048463276423309736,0.9995134879165305,5775.2654415921625,5721.001974744948,36797.170598983765,37343.37674045013,368.9357232724806
2392,0,Case4,6x8_293,-28.0,11.0,6x8,3,3,1.8739854172752426e-06,0.0033244275100264985,0.9966736985045563,6159.111269899296,6275.9032589438775,35778.83739280701,35940.993506083985,175.64739851489415
2399,0,Case4,6x8_300,51.0,46.0,6x8,1,2,0.43366163473968844,0.5663309262506013,7.439009710289067e-06,10588.056327098047,10367.846295021449,15666.182998657227,15391.789983475042,193.8688656819825
2403,0,Case4,8x8_004,49.0,48.0,8x8,2,2,0.17070314884215482,0.8292056394918242,9.121166602088253e-05,7585.780562375417,7318.795387163922,15535.198421478271,14488.0550722314,726.7756553338755
2405,0,Case4,8x8_006,-15.0,-74.0,8x8,2,2,1.3817729040054486e-05,0.9944943392279803,0.005491843042979853,4661.925220386595,4569.37300464125,35804.23664557934,35948.88996703088,127.00186109658804
2415,0,Case4,8x8_016,75.0,-61.0,8x8,1,1,0.9390739238052401,0.06092113457909201,4.94161566789994e-06,5653.168995551615,5024.735924092278,11439.384811401367,9853.646414077319,1213.2631757644172
2416,0,Case4,8x8_017,-30.0,66.0,8x8,2,2,7.8985285298025e-05,0.9995829307271533,0.0003380839875485312,5780.0412960457825,5678.815670436303,27831.09952187538,28288.604218259243,283.47046002748493
2420,0,Case4,8x8_021,-49.0,-67.0,8x8,2,2,0.2517978596864697,0.7481844611198973,1.7679193632969276e-05,6275.321839830937,6175.649511362533,15497.813451766968,14958.82520984983,383.4192873413825
2426,0,Case4,8x8_027,54.0,-38.0,8x8,2,2,0.002308478539857159,0.9972158614107524,0.0004756600493906077,6729.300388056959,6579.2977630234955,20018.408618927002,19539.239042161622,334.8236759008148
2436,0,Case4,8x8_037,-85.0,67.0,8x8,2,2,0.023858944199696978,0.9761068058319716,3.424996833123863e-05,3789.0757723193256,3652.0230680326126,10068.479219436646,9371.21488664958,494.545798800863
2438,0,Case4,8x8_039,64.0,42.0,8x8,2,2,0.0070136151143848705,0.9929366833965445,4.970148907063188e-05,6239.621226951554,5912.299188612694,18977.29539871216,18421.519688658092,387.116864621066
2450,0,Case4,8x8_051,28.0,57.0,8x8,2,2,6.352510701831061e-05,0.9955717555980882,0.00436471929489356,6019.939102686109,6010.477132079679,27863.035181045532,27824.07625217917,64.69231112188281
2454,0,Case4,8x8_055,44.0,-49.0,8x8,2,2,0.021082763933967828,0.9787354856734557,0.0001817503925764163,7442.50186389317,7137.706556008775,16585.179080963135,16385.793940734187,156.74590732873912
2465,0,Case4,8x8_066,75.0,72.0,8x8,2,2,0.012858706303097473,0.9871165513711607,2.4742325741834915e-05,3780.185669310454,3535.2267068311953,9609.372769355774,9138.57323941205,347.4893577410088
2468,0,Case4,8x8_069,-36.0,57.0,8x8,2,2,0.0005799065910694637,0.9991561109589377,0.00026398244999295095,6495.6425497558785,6378.743711613555,21953.933883666992,22378.250906191242,291.9077891931547
2469,0,Case4,8x8_070,-89.0,-51.0,8x8,2,2,0.009095303311773049,0.9908668965796144,3.780010861267848e-05,5229.645843196665,5263.267455024826,15845.932404518127,15454.615907024905,318.37318475373
2470,0,Case4,8x8_071,-45.0,-29.0,8x8,2,2,3.827108598103887e-05,0.9870237846165637,0.012937944297455272,6505.364641964248,6484.1851473689185,25286.295560635626,24644.624419007694,475.9472731692851
2471,0,Case4,8x8_072,-29.0,13.0,8x8,3,3,1.8798490129389353e-06,0.00020281440335792546,0.9997953057476291,5645.817635348862,5593.235358383586,35791.22953367233,36605.71657103502,554.347584244128
2475,0,Case4,8x8_076,50.0,5.0,8x8,3,2,3.8292779369616114e-06,0.5289584730733781,0.47103769764868486,5390.371569169298,5444.148805279723,37948.82919025421,37962.134122568,53.390596342504
2479,0,Case4,8x8_080,-53.0,-64.0,8x8,2,1,0.8211978692315808,0.17879540716293107,6.723605488182304e-06,6614.375037607424,6535.220300187308,13719.039024353027,13216.018229255267,369.4375456463198
2496,0,Case4,8x8_097,-46.0,-23.0,8x8,2,2,1.2293418525351258e-05,0.9209035812895826,0.07908412529189192,6078.684849307933,6018.26263801289,29772.42515850067,29635.987028853495,189.30265632284966
2504,0,Case4,8x8_105,89.0,-77.0,8x8,1,1,0.99401697512991,0.005953440117224632,2.9584752865108946e-05,2784.9680615988336,2701.8978692060336,8778.335271779913,8405.802170987989,251.80270949305736
2507,0,Case4,8x8_108,46.0,-72.0,8x8,2,2,0.0057753105856475735,0.9941954601426807,2.9229271671729063e-05,5896.010147592838,5776.588208697005,17668.776880264282,17251.004656576075,282.4754621191593
2509,0,Case4,8x8_110,-51.0,1.0,8x8,2,2,3.0295001990947618e-06,0.924226444676463,0.07577052582333793,5278.809007153863,5193.130703525244,38377.04738283157,39500.42457043308,766.4197661619017
2520,0,Case4,8x8_121,-50.0,14.0,8x8,2,2,5.9471287996125126e-06,0.9552066201582204,0.04478743271297993,5675.068779697288,5483.604380299802,35495.68284320831,36030.08767979305,333.88846969576423
2523,0,Case4,8x8_124,42.0,-66.0,8x8,2,2,0.0036904775669617507,0.9962181503770642,9.137205597406783e-05,6209.79206527621,6080.170666203896,19338.96273803711,18814.10434813139,349.18448761054907
2528,0,Case4,8x8_129,24.0,11.0,8x8,3,3,1.880157213850484e-06,3.8897832484425616e-05,0.9999592220103017,5614.648460624056,5419.418883141543,36820.06451702118,37699.187275417506,626.0808550808897
2531,0,Case4,8x8_132,38.0,35.0,8x8,2,2,7.753791099805641e-05,0.9663013567111599,0.03362110537784206,7129.9730925313115,6885.678365154923,22264.91788724065,22010.383196989344,218.18290085400508
2539,0,Case4,8x8_140,1.0,-3.0,8x8,3,3,1.8802119572188747e-06,9.782586913913226e-06,0.9999883372011288,9812.454612273514,5119.968048580111,34721.97467160225,37424.24776187723,2096.978014505132
2548,0,Case4,8x8_149,24.0,-59.0,8x8,2,2,3.511468081427277e-05,0.9947475919416614,0.005217293377524434,5824.555485630541,5728.715982939293,31065.63400554657,31500.07563007859,244.47808955040782
2553,0,Case4,8x8_154,-65.0,-65.0,8x8,1,1,0.8687807417378475,0.13121720252277963,2.055739372900881e-06,5406.456849993554,5415.690427700716,11030.649911880493,10164.650074117413,655.6122320891149
2557,0,Case4,8x8_158,17.0,-43.0,8x8,3,3,4.751137365678803e-06,0.43868110535186616,0.5613141435107681,5941.112348025299,5667.652822818497,33375.96100664139,33703.18910557824,225.48840240844112
2560,0,Case4,8x8_161,-43.0,-45.0,8x8,2,2,0.0074067197397434965,0.9924284837445188,0.00016479651573772308,7497.737139846917,7314.003532431584,17491.734899520874,16615.93201490943,619.6342525275905
2566,0,Case4,8x8_167,-4.0,-6.0,8x8,3,3,1.880211433553382e-06,1.0061098262667564e-05,0.9999880586903038,4869.091735251847,4998.623534826341,35319.418528586626,37356.34732747347,1481.5226346321667
2579,0,Case4,8x8_180,-14.0,88.0,8x8,2,2,1.9410938034676168e-05,0.9932519823199073,0.006728606742057898,4076.011142698581,4200.303287227829,34579.684314489365,35438.26174899341,541.4149535570225
2581,0,Case4,8x8_182,-14.0,42.0,8x8,2,2,3.465220605450622e-06,0.760327019241818,0.23966951553757648,5869.110792774039,5647.371012647524,34787.594068050385,35287.2562938887,296.6286502411626
2582,0,Case4,8x8_183,37.0,63.0,8x8,2,2,0.000797899047680745,0.9990286721924659,0.00017342875985315443,6160.717090160206,5972.985214422738,22224.76228952408,22275.69483706666,77.82135637617682
2595,0,Case4,8x8_196,-32.0,84.0,8x8,2,2,5.347526434819934e-05,0.9997304280133864,0.00021609672226537914,4956.708120759162,5024.520920826499,27453.56538492441,27818.582783527272,276.1011932919741
2600,0,Case4,8x8_201,-73.0,-27.0,8x8,2,2,8.467508710403588e-05,0.9996628577832155,0.00025246712968055284,5163.593736433832,5195.831986844973,30276.049669504166,30185.10946096843,138.84331400903804
2604,0,Case4,8x8_205,-58.0,-50.0,8x8,2,1,0.7612730837314747,0.2387131866868695,1.3729581655612786e-05,7034.755052451984,6993.369166256314,14370.762516021729,13737.693166649773,458.6263220299141
2618,0,Case4,8x8_219,-7.0,65.0,8x8,2,2,4.621743661383957e-06,0.9960462993297452,0.003949078926593449,4811.664253499946,4765.011085621594,38127.46133360267,37729.13559251028,267.93907115621687
2621,0,Case4,8x8_222,7.0,-80.0,8x8,2,2,1.2804373032461769e-05,0.8739898563840309,0.1259973392429366,4039.3082312870124,4029.9233207990615,35871.16446173191,36715.19078726564,554.4712846821682
2627,0,Case4,8x8_228,60.0,-31.0,8x8,2,2,0.00022073939311303956,0.9990152863134344,0.0007639742934524082,6068.103851150263,5952.529926379734,26239.618679523468,25712.332538908908,385.5016264055233
2630,0,Case4,8x8_231,-69.0,24.0,8x8,2,2,3.1152292630869165e-05,0.9997374114133961,0.0002314362939729056,5233.993220634925,5158.528398934721,31990.690835146233,31831.925324750868,167.30010240827116
2632,0,Case4,8x8_233,61.0,-20.0,8x8,2,2,1.2784797876283314e-05,0.9982207897498151,0.0017664254523087682,5473.220378226021,5322.50789701949,33680.73484945297,33877.10316483797,149.1819200597794
2634,0,Case4,8x8_235,-62.0,7.0,8x8,2,2,4.893133404657859e-06,0.9988967987181923,0.0010983081484032499,4993.168496667936,4888.40989166438,38191.67038267851,38254.03611427712,91.50222048521243
2638,0,Case4,8x8_239,30.0,17.0,8x8,3,3,1.8792558708550967e-06,0.0005183337101291055,0.999479787034,5881.637334703694,5677.13306572303,33948.00286991894,34971.877942561034,731.146091610805
2639,0,Case4,8x8_240,53.0,26.0,8x8,2,2,3.301522233907678e-05,0.9916840965453588,0.008282888232302107,6087.884381825626,5962.863064276824,28647.999208450317,27882.69961209062,529.2444581534378
2641,0,Case4,8x8_242,-31.0,60.0,8x8,2,2,0.00011646380140249944,0.9993228857315032,0.0005606504670941395,6063.706905404642,6041.754941870906,26240.81101846695,26983.392139308125,492.2595202838834
2650,0,Case4,8x8_251,-69.0,0.0,8x8,2,2,5.11244279247183e-06,0.9930377073641842,0.006957180193023454,4562.032906539219,4501.053643637812,37811.6507178545,38858.69582618699,542.9700585236687
2658,0,Case4,8x8_259,-6.0,38.0,8x8,3,3,1.8185386295404274e-06,0.03320460462627833,0.966793576835092,5648.668518304816,5429.740915300142,37091.18014907837,37658.14540234924,433.88573844526485
2659,0,Case4,8x8_260,-50.0,68.0,8x8,2,2,0.049068319330292556,0.9509232754465211,8.405223186240009e-06,6246.27831093878,6036.86978980946,15211.815746307373,15084.8162585917,130.02685361798692
2661,0,Case4,8x8_262,-57.0,76.0,8x8,2,2,0.05931275454823023,0.9406781585924536,9.086859315963193e-06,5690.678885708298,5615.043782570532,13151.554279327393,11847.930270478166,961.4516231773961
2664,0,Case4,8x8_265,-25.0,-84.0,8x8,2,2,3.520062854320831e-05,0.9980158184759572,0.001948980895499604,4633.241149601219,4738.240037210788,31503.218928709626,32028.17900680877,381.7810429219832
2669,0,Case4,8x8_270,10.0,76.0,8x8,2,2,7.244202446762824e-06,0.9889916618375797,0.011001093959973507,4302.494741084586,4288.599059799294,36121.338998794556,36984.792648561335,497.31711162103727
2670,0,Case4,8x8_271,-30.0,50.0,8x8,2,2,5.705869534277635e-05,0.9950141535769542,0.00492878772770305,6489.578080217858,6344.806117607654,25245.60496544838,26035.059514015185,545.3719206800533
2679,0,Case4,8x8_280,-31.0,-12.0,8x8,3,3,1.8797265551286006e-06,0.00026794355643673597,0.9997301767170081,5752.023719295672,5554.702286561254,35766.99856042862,36476.84790253934,471.7916319501334
2682,0,Case4,8x8_283,34.0,-21.0,8x8,3,3,1.8671485715680383e-06,0.006972057382053948,0.9930260754693745,6262.835277893677,5878.531104202775,31309.62019264698,32561.548326878416,884.8463726928471
2686,0,Case4,8x8_287,-77.0,22.0,8x8,2,2,2.1171040064056027e-05,0.9992836973735861,0.0006951315863497325,4848.888679969314,4840.584061177607,33146.467319086194,33194.03308794823,58.2119153604267
2689,0,Case4,8x8_290,20.0,-82.0,8x8,2,2,1.3082936961818893e-05,0.9968920511666498,0.0030948658963884166,4538.223029766521,4654.349658200969,33776.2974858284,34313.13306185678,374.7359576588298
2690,0,Case4,8x8_291,26.0,5.0,8x8,3,3,1.8801418976388518e-06,4.7043755470640523e-05,0.9999510761026318,5242.999440383236,5286.029812423847,37537.48162937164,38295.117947520004,504.2130825549203
2692,0,Case4,8x8_293,-28.0,11.0,8x8,3,3,1.879985208050223e-06,0.0001303790705101476,0.9998677409442818,5567.338181357731,5469.285999645894,36488.90571784973,37309.34602858435,562.0988843279271
2699,0,Case4,8x8_300,51.0,46.0,8x8,2,2,0.08091195870093003,0.9189936853251025,9.435597396734596e-05,7348.444315920919,7103.771275408872,15693.145656585693,15138.95022983428,384.5231281693123
