model,fold,case,u3_folder,test_id,pt_true,pt_pred,abs_error
extra_trees,1,Case2,2-2,011,7744.72,8063.71892857142,318.99892857142004
extra_trees,1,Case2,2-2,041,8712.09,8716.958771428568,4.868771428567925
extra_trees,1,Case2,2-2,045,8854.74,8447.751685714324,406.9883142856761
extra_trees,1,Case2,2-2,052,9034.28,9131.759928571386,97.47992857138524
extra_trees,1,Case2,2-2,058,8585.22,8660.472585714257,75.2525857142573
extra_trees,1,Case2,2-2,064,9213.87,9225.021385714237,11.151385714236312
extra_trees,1,Case2,2-2,073,9232.53,9455.23014285717,222.70014285716934
extra_trees,1,Case2,2-2,075,9367.34,9313.422085714274,53.91791428572651
extra_trees,1,Case2,2-2,087,11639.6,11148.084214285647,491.5157857143531
extra_trees,1,Case2,2-2,097,8747.88,8817.537585714363,69.65758571436345
extra_trees,1,Case2,2-2,104,8064.82,8061.473914285707,3.3460857142927125
extra_trees,1,Case2,2-2,111,8024.11,8245.106971428573,220.9969714285735
extra_trees,1,Case2,2-2,120,8876.83,8953.23030000006,76.40030000005936
extra_trees,1,Case2,2-2,132,11718.6,11726.745742857107,8.145742857106598
extra_trees,1,Case2,2-2,136,8842.46,8853.448314285699,10.988314285699744
extra_trees,1,Case2,2-2,138,9373.89,9426.220085714216,52.33008571421669
extra_trees,1,Case2,2-2,162,8347.5,8320.715042857139,26.784957142861458
extra_trees,1,Case2,2-2,191,8182.2,8196.724728571406,14.52472857140583
extra_trees,1,Case2,2-2,202,9328.45,9352.49228571425,24.042285714249374
extra_trees,1,Case2,2-2,203,10452.2,10307.93078571432,144.2692142856813
extra_trees,1,Case2,2-2,227,7772.28,7971.972714285709,199.69271428570937
extra_trees,1,Case2,2-2,228,9009.52,9174.328671428526,164.80867142852549
extra_trees,1,Case2,2-2,231,8906.39,8854.453914285696,51.93608571430377
extra_trees,1,Case2,2-2,235,8307.34,8295.421914285698,11.918085714301924
extra_trees,1,Case2,2-2,237,9413.17,9531.8317285714,118.66172857140009
extra_trees,1,Case2,2-2,283,8694.18,8524.567400000018,169.6125999999822
extra_trees,1,Case2,2-3,030,6271.66,6300.5947714285485,28.93477142854863
extra_trees,1,Case2,2-3,088,9582.35,9472.959785714287,109.39021428571323
extra_trees,1,Case2,2-3,126,6540.67,6449.884885714295,90.78511428570528
extra_trees,1,Case2,2-3,159,5114.45,5049.284942857167,65.16505714283267
extra_trees,1,Case2,2-3,167,4929.14,4915.901585714298,13.238414285702675
extra_trees,1,Case2,2-3,210,7169.93,7812.949171428518,643.0191714285174
extra_trees,1,Case2,2-3,215,5826.76,5798.692600000001,28.067399999998997
extra_trees,1,Case2,2-3,239,8001.3,8274.241785714263,272.94178571426255
extra_trees,1,Case2,2-3,248,7687.01,7781.3854714286,94.37547142859967
extra_trees,1,Case2,2-3,256,7025.17,7150.462799999975,125.2927999999747
extra_trees,1,Case2,2-3,291,6712.27,6784.669200000003,72.39920000000257
extra_trees,1,Case2,2-3,298,8637.42,8104.763857142811,532.6561428571895
extra_trees,1,Case2,2-3,299,7867.89,7879.929728571456,12.03972857145527
extra_trees,1,Case3,3-2,011,7792.35,8085.244114285725,292.89411428572475
extra_trees,1,Case3,3-2,041,8761.44,8725.440285714321,35.99971428567915
extra_trees,1,Case3,3-2,045,8910.16,8455.721228571467,454.4387714285331
extra_trees,1,Case3,3-2,052,9044.2,9143.260757142802,99.06075714280087
extra_trees,1,Case3,3-2,058,8639.59,8658.283199999989,18.693199999988792
extra_trees,1,Case3,3-2,064,9261.27,9232.975171428498,28.294828571502876
extra_trees,1,Case3,3-2,073,9251.96,9470.410985714323,218.4509857143239
extra_trees,1,Case3,3-2,075,9364.49,9318.985714285694,45.5042857143053
extra_trees,1,Case3,3-2,088,9648.35,9497.51575714288,150.83424285711953
extra_trees,1,Case3,3-2,097,8785.64,8841.889428571523,56.24942857152382
extra_trees,1,Case3,3-2,104,8078.29,8053.792628571417,24.497371428583392
extra_trees,1,Case3,3-2,111,8053.2,8318.561928571427,265.3619285714276
extra_trees,1,Case3,3-2,120,8940.13,8952.850500000079,12.720500000079483
extra_trees,1,Case3,3-2,136,8867.91,8852.772571428548,15.137428571451892
extra_trees,1,Case3,3-2,138,9435.7,9429.535142857081,6.164857142919573
extra_trees,1,Case3,3-2,162,8405.27,8349.023485714295,56.246514285705416
extra_trees,1,Case3,3-2,191,8216.35,8211.708885714294,4.641114285706863
extra_trees,1,Case3,3-2,202,9359.41,9358.133357142826,1.2766428571740107
extra_trees,1,Case3,3-2,203,10533.7,10311.105685714323,222.59431428567768
extra_trees,1,Case3,3-2,231,8918.4,8868.432299999979,49.96770000002107
extra_trees,1,Case3,3-2,235,8335.92,8314.932171428565,20.987828571434875
extra_trees,1,Case3,3-2,283,8705.14,8539.503142857178,165.6368571428211
extra_trees,1,Case3,3-3,030,5275.29,6301.786771428547,1026.4967714285467
extra_trees,1,Case3,3-3,126,6544.8,6449.434257142875,95.36574285712504
extra_trees,1,Case3,3-3,159,5126.49,5129.046757142901,2.556757142901006
extra_trees,1,Case3,3-3,167,4936.89,4925.653742857159,11.236257142841168
extra_trees,1,Case3,3-3,215,5850.45,5835.6317714285715,14.818228571428335
extra_trees,1,Case3,3-3,227,7813.14,8044.72188571429,231.58188571428946
extra_trees,1,Case3,3-3,239,8051.72,8244.378528571417,192.65852857141635
extra_trees,1,Case3,3-3,248,7728.94,7786.458500000024,57.51850000002469
extra_trees,1,Case3,3-3,256,7065.09,7179.610671428547,114.52067142854685
extra_trees,1,Case3,3-3,291,6740.72,6777.236157142859,36.5161571428589
extra_trees,1,Case3,3-3,298,8687.94,8099.651557142832,588.2884428571688
extra_trees,1,Case3,3-3,299,7887.16,7878.100600000031,9.059399999969173
extra_trees,1,Case4,4-2,011,7736.55,8069.5905428571305,333.0405428571303
extra_trees,1,Case4,4-2,041,8722.7,8715.15591428571,7.544085714291214
extra_trees,1,Case4,4-2,045,8835.17,8314.138914285744,521.0310857142558
extra_trees,1,Case4,4-2,052,9036.4,9140.168128571371,103.76812857137156
extra_trees,1,Case4,4-2,058,8625.62,8640.297528571431,14.67752857143023
extra_trees,1,Case4,4-2,064,9241.54,9227.330771428507,14.20922857149344
extra_trees,1,Case4,4-2,073,9240.82,9432.092357142885,191.27235714288508
extra_trees,1,Case4,4-2,075,9362.12,9310.534557142839,51.58544285716198
extra_trees,1,Case4,4-2,087,11685.5,11166.83229999993,518.6677000000709
extra_trees,1,Case4,4-2,088,9569.85,9430.123199999996,139.726800000004
extra_trees,1,Case4,4-2,097,8715.93,8781.78408571425,65.85408571424887
extra_trees,1,Case4,4-2,104,8074.1,8049.6098142856945,24.49018571430588
extra_trees,1,Case4,4-2,111,8036.41,8285.229757142855,248.81975714285545
extra_trees,1,Case4,4-2,120,8877.22,8954.77055714293,77.55055714293121
extra_trees,1,Case4,4-2,126,6539.82,6447.670700000007,92.14929999999276
extra_trees,1,Case4,4-2,132,11688.4,11729.963314285673,41.56331428567319
extra_trees,1,Case4,4-2,134,10817.1,10926.195771428613,109.09577142861235
extra_trees,1,Case4,4-2,136,8850.5,8847.064371428549,3.4356285714511614
extra_trees,1,Case4,4-2,138,9382.58,9421.89207142849,39.312071428490526
extra_trees,1,Case4,4-2,148,12684.8,12051.325585714185,633.4744142858144
extra_trees,1,Case4,4-2,162,8379.19,8335.971942857142,43.218057142858015
extra_trees,1,Case4,4-2,191,8208.02,8208.282499999974,0.26249999997344275
extra_trees,1,Case4,4-2,202,9337.74,9332.334157142821,5.405842857178868
extra_trees,1,Case4,4-2,203,10441.9,10306.898642857177,135.0013571428226
extra_trees,1,Case4,4-2,227,7765.88,7995.890799999996,230.01079999999547
extra_trees,1,Case4,4-2,228,9018.71,9185.674699999958,166.9646999999586
extra_trees,1,Case4,4-2,231,8913.59,8874.706714285692,38.88328571430793
extra_trees,1,Case4,4-2,235,8315.67,8296.782757142842,18.887242857157617
extra_trees,1,Case4,4-2,237,9420.0,9540.744999999983,120.74499999998261
extra_trees,1,Case4,4-2,283,8701.52,8496.626385714288,204.89361428571283
extra_trees,1,Case4,4-3,030,6274.73,6301.432128571405,26.70212857140541
extra_trees,1,Case4,4-3,159,5120.11,5206.772057142897,86.66205714289754
extra_trees,1,Case4,4-3,167,4933.23,4948.789357142891,15.559357142891713
extra_trees,1,Case4,4-3,210,7171.42,7815.584599999958,644.1645999999582
extra_trees,1,Case4,4-3,215,5827.83,5813.638771428577,14.19122857142338
extra_trees,1,Case4,4-3,239,7989.15,8228.446599999987,239.29659999998694
extra_trees,1,Case4,4-3,248,7688.39,7784.159185714316,95.76918571431543
extra_trees,1,Case4,4-3,256,7023.06,7133.414042857116,110.35404285711593
extra_trees,1,Case4,4-3,291,6707.27,6764.826742857146,57.556742857145764
extra_trees,1,Case4,4-3,298,8636.61,8077.658399999961,558.9516000000394
extra_trees,1,Case4,4-3,299,7862.29,7853.132942857167,9.157057142832855
extra_trees,2,Case2,2-2,009,8330.47,8637.198928571395,306.72892857139595
extra_trees,2,Case2,2-2,017,9424.95,9494.158114285645,69.20811428564411
extra_trees,2,Case2,2-2,028,10597.82,10336.480271428649,261.33972857135086
extra_trees,2,Case2,2-2,040,9308.02,9487.906042857132,179.88604285713154
extra_trees,2,Case2,2-2,047,9107.6,9286.078828571455,178.47882857145487
extra_trees,2,Case2,2-2,051,9336.15,9540.298942857127,204.14894285712762
extra_trees,2,Case2,2-2,057,8677.45,8664.99710000005,12.452899999951114
extra_trees,2,Case2,2-2,063,10920.8,11034.982142857045,114.18214285704562
extra_trees,2,Case2,2-2,069,10912.0,10688.86500000009,223.13499999990927
extra_trees,2,Case2,2-2,078,9466.57,9449.940885714248,16.62911428575171
extra_trees,2,Case2,2-2,083,9169.83,9016.867585714243,152.9624142857574
extra_trees,2,Case2,2-2,095,9000.84,8974.423585714312,26.416414285688006
extra_trees,2,Case2,2-2,102,8859.91,8699.76162857139,160.1483714286096
extra_trees,2,Case2,2-2,103,8505.85,8058.413628571417,447.4363714285837
extra_trees,2,Case2,2-2,110,8039.72,8076.402085714327,36.682085714326604
extra_trees,2,Case2,2-2,125,8701.62,8716.92145714293,15.301457142928484
extra_trees,2,Case2,2-2,144,11805.8,11469.839857142806,335.9601428571932
extra_trees,2,Case2,2-2,147,8733.58,8806.687514285662,73.10751428566255
extra_trees,2,Case2,2-2,166,8202.09,8239.782042857134,37.692042857133856
extra_trees,2,Case2,2-2,182,8713.56,8775.257271428578,61.69727142857846
extra_trees,2,Case2,2-2,190,11761.0,11415.008957142883,345.99104285711655
extra_trees,2,Case2,2-2,201,8916.75,8911.658257142886,5.091742857113786
extra_trees,2,Case2,2-2,214,8549.55,8226.058214285697,323.49178571430275
extra_trees,2,Case2,2-2,219,8827.59,8817.532928571447,10.057071428553172
extra_trees,2,Case2,2-2,225,8689.59,8722.68717142861,33.09717142860973
extra_trees,2,Case2,2-2,233,8783.48,8500.84581428566,282.63418571433976
extra_trees,2,Case2,2-2,271,10256.9,10074.322142857223,182.57785714277634
extra_trees,2,Case2,2-2,285,9252.88,9237.343942857102,15.536057142897334
extra_trees,2,Case2,2-2,287,8772.37,8560.268842857105,212.10115714289532
extra_trees,2,Case2,2-3,072,7542.06,7776.509371428589,234.44937142858817
extra_trees,2,Case2,2-3,119,7399.44,7739.630828571448,340.19082857144804
extra_trees,2,Case2,2-3,155,8194.83,8181.934085714289,12.895914285711115
extra_trees,2,Case2,2-3,204,8795.31,8534.895999999999,260.41400000000067
extra_trees,2,Case2,2-3,232,7789.35,7628.586228571404,160.76377142859656
extra_trees,2,Case2,2-3,245,7852.4,8155.332214285742,302.9322142857427
extra_trees,2,Case2,2-3,259,8168.05,8099.585585714303,68.46441428569688
extra_trees,2,Case2,2-3,293,7286.09,7669.716428571426,383.626428571426
extra_trees,2,Case3,3-2,009,8861.12,8502.328442857095,358.79155714290573
extra_trees,2,Case3,3-2,017,9436.03,9520.953271428529,84.9232714285281
extra_trees,2,Case3,3-2,028,10604.84,10341.03001428579,263.8099857142097
extra_trees,2,Case3,3-2,040,9402.13,9505.44272857145,103.31272857145086
extra_trees,2,Case3,3-2,047,9170.59,9302.098257142894,131.50825714289385
extra_trees,2,Case3,3-2,051,9400.18,9556.779442857165,156.59944285716483
extra_trees,2,Case3,3-2,057,8713.41,8708.116200000059,5.293799999941257
extra_trees,2,Case3,3-2,063,10926.7,11037.389857142758,110.68985714275732
extra_trees,2,Case3,3-2,078,9469.55,9477.063214285778,7.513214285778304
extra_trees,2,Case3,3-2,083,9146.8,9014.808885714296,131.9911142857036
extra_trees,2,Case3,3-2,095,9043.4,8999.181714285836,44.21828571416336
extra_trees,2,Case3,3-2,102,8869.34,8616.19144285709,253.14855714290934
extra_trees,2,Case3,3-2,103,8564.86,8428.173042857119,136.6869571428815
extra_trees,2,Case3,3-2,110,8076.74,8083.818100000041,7.078100000041559
extra_trees,2,Case3,3-2,125,8744.04,8738.348800000069,5.691199999931996
extra_trees,2,Case3,3-2,147,8800.48,8800.073514285654,0.40648571434576297
extra_trees,2,Case3,3-2,166,8255.97,8265.072714285723,9.102714285723778
extra_trees,2,Case3,3-2,170,10975.3,11005.266571428572,29.966571428572934
extra_trees,2,Case3,3-2,182,8747.62,8788.578357142895,40.958357142893874
extra_trees,2,Case3,3-2,183,10931.7,10854.421999999928,77.278000000073
extra_trees,2,Case3,3-2,190,11737.4,11411.427242857168,325.97275714283205
extra_trees,2,Case3,3-2,201,8975.94,8920.708757142906,55.23124285709491
extra_trees,2,Case3,3-2,214,8583.16,8270.962657142834,312.1973428571655
extra_trees,2,Case3,3-2,219,8860.89,8848.569071428637,12.320928571361947
extra_trees,2,Case3,3-2,225,8717.82,8722.173242857201,4.3532428572016215
extra_trees,2,Case3,3-2,233,8803.36,8391.002585714205,412.35741428579604
extra_trees,2,Case3,3-2,245,7898.81,8152.1518285714565,253.34182857145606
extra_trees,2,Case3,3-2,271,10286.4,10088.85621428579,197.54378571420966
extra_trees,2,Case3,3-2,285,9287.2,9283.16454285705,4.0354571429506905
extra_trees,2,Case3,3-2,287,8809.84,8493.567714285673,316.27228571432715
extra_trees,2,Case3,3-3,072,7553.53,7793.120642857161,239.59064285716158
extra_trees,2,Case3,3-3,119,7414.86,7742.029785714302,327.16978571430263
extra_trees,2,Case3,3-3,155,8209.51,8220.336628571418,10.826628571418041
extra_trees,2,Case3,3-3,232,7827.7,7657.299571428558,170.4004285714418
extra_trees,2,Case3,3-3,259,8197.8,8147.989200000021,49.81079999997837
extra_trees,2,Case3,3-3,293,7297.97,7700.983514285709,403.0135142857089
extra_trees,2,Case4,4-2,009,8840.09,8715.407942857142,124.68205714285796
extra_trees,2,Case4,4-2,017,9433.28,9514.504814285663,81.22481428566243
extra_trees,2,Case4,4-2,028,10604.54,10338.705600000078,265.83439999992333
extra_trees,2,Case4,4-2,040,9305.13,9497.66112857144,192.5311285714415
extra_trees,2,Case4,4-2,047,9103.12,9286.5481714286,183.42817142859894
extra_trees,2,Case4,4-2,051,9338.59,9550.548642857157,211.95864285715652
extra_trees,2,Case4,4-2,057,8697.52,8701.570142857197,4.050142857196988
extra_trees,2,Case4,4-2,063,10932.6,11042.582571428471,109.98257142847069
extra_trees,2,Case4,4-2,069,10936.3,10688.627428571523,247.67257142847666
extra_trees,2,Case4,4-2,078,9467.42,9448.806499999973,18.61350000002676
extra_trees,2,Case4,4-2,083,9146.78,9018.568728571392,128.2112714286086
extra_trees,2,Case4,4-2,095,9040.08,8974.34602857149,65.7339714285099
extra_trees,2,Case4,4-2,102,8864.8,8721.221114285669,143.57888571433068
extra_trees,2,Case4,4-2,103,8517.72,8445.115485714286,72.60451428571287
extra_trees,2,Case4,4-2,110,8041.65,8075.608657142895,33.95865714289539
extra_trees,2,Case4,4-2,125,8718.13,8731.748671428628,13.618671428628659
extra_trees,2,Case4,4-2,144,11873.3,11467.721999999952,405.5780000000468
extra_trees,2,Case4,4-2,147,8729.84,8773.567671428542,43.727671428541726
extra_trees,2,Case4,4-2,155,8194.12,8173.720885714297,20.399114285703945
extra_trees,2,Case4,4-2,166,8208.83,8254.422528571407,45.592528571407456
extra_trees,2,Case4,4-2,170,10869.2,10890.532057142935,21.33205714293399
extra_trees,2,Case4,4-2,182,8724.97,8772.432814285716,47.46281428571638
extra_trees,2,Case4,4-2,183,10845.2,10823.964571428538,21.235428571462762
extra_trees,2,Case4,4-2,190,11777.6,11417.22395714288,360.3760428571204
extra_trees,2,Case4,4-2,201,8923.11,8911.171342857177,11.938657142824013
extra_trees,2,Case4,4-2,213,11543.1,11827.37139999993,284.2713999999305
extra_trees,2,Case4,4-2,214,8560.65,8170.1368142857,390.51318571429965
extra_trees,2,Case4,4-2,219,8841.61,8829.477314285725,12.132685714275794
extra_trees,2,Case4,4-2,225,8700.96,8715.75327142862,14.793271428621665
extra_trees,2,Case4,4-2,233,8795.54,8605.460257142822,190.07974285717864
extra_trees,2,Case4,4-2,245,7842.49,8149.547828571446,307.0578285714464
extra_trees,2,Case4,4-2,259,8171.67,8107.66802857145,64.00197142854995
extra_trees,2,Case4,4-2,271,10282.7,10085.242700000079,197.45729999992182
extra_trees,2,Case4,4-2,285,9279.79,9249.488657142818,30.301342857183045
extra_trees,2,Case4,4-2,287,8805.29,8621.889342857132,183.40065714286902
extra_trees,2,Case4,4-3,072,7545.12,7791.243600000014,246.12360000001445
extra_trees,2,Case4,4-3,119,7400.95,7736.044857142875,335.0948571428753
extra_trees,2,Case4,4-3,204,8802.13,8534.036142857143,268.093857142856
extra_trees,2,Case4,4-3,232,7777.07,7590.766842857126,186.30315714287372
extra_trees,2,Case4,4-3,293,7288.72,7711.762314285709,423.0423142857089
extra_trees,3,Case2,2-2,008,8202.0,8170.635028571424,31.3649714285757
extra_trees,3,Case2,2-2,015,10652.0,10761.55875714288,109.5587571428805
extra_trees,3,Case2,2-2,024,9413.52,9409.614514285731,3.9054857142691617
extra_trees,3,Case2,2-2,048,8691.37,8689.22455714284,2.14544285716147
extra_trees,3,Case2,2-2,050,8877.12,8736.732828571441,140.38717142855967
extra_trees,3,Case2,2-2,056,8144.72,8714.263700000076,569.5437000000757
extra_trees,3,Case2,2-2,062,9522.37,9265.733614285737,256.6363857142642
extra_trees,3,Case2,2-2,071,9138.12,9852.669600000048,714.5496000000476
extra_trees,3,Case2,2-2,077,8790.51,8725.126428571495,65.38357142850509
extra_trees,3,Case2,2-2,081,10977.1,10955.526857142882,21.573142857118
extra_trees,3,Case2,2-2,091,8293.19,7977.756328571428,315.4336714285728
extra_trees,3,Case2,2-2,109,8642.92,8600.262114285684,42.65788571431585
extra_trees,3,Case2,2-2,114,10572.9,10184.325471428641,388.5745285713583
extra_trees,3,Case2,2-2,115,9258.09,9296.649285714298,38.55928571429831
extra_trees,3,Case2,2-2,116,9174.09,9152.586671428573,21.50332857142712
extra_trees,3,Case2,2-2,123,8125.45,8293.177685714285,167.72768571428514
extra_trees,3,Case2,2-2,133,9249.03,9223.574214285749,25.45578571425176
extra_trees,3,Case2,2-2,146,9272.74,9742.918014285697,470.1780142856969
extra_trees,3,Case2,2-2,152,9294.17,9364.571000000078,70.40100000007806
extra_trees,3,Case2,2-2,172,8239.94,8217.353628571398,22.586371428602433
extra_trees,3,Case2,2-2,177,9424.77,9546.910871428649,122.1408714286481
extra_trees,3,Case2,2-2,180,8143.85,9125.36037142861,981.5103714286088
extra_trees,3,Case2,2-2,196,10254.4,9424.046728571462,830.3532714285375
extra_trees,3,Case2,2-2,238,8866.98,8676.894971428555,190.08502857144413
extra_trees,3,Case2,2-2,242,9396.1,9635.111328571473,239.0113285714724
extra_trees,3,Case2,2-2,258,8643.84,8707.229500000058,63.389500000057524
extra_trees,3,Case2,2-2,266,9711.57,9466.464314285702,245.10568571429758
extra_trees,3,Case2,2-2,270,8830.99,8808.077971428555,22.912028571445262
extra_trees,3,Case2,2-2,275,8694.42,8621.072342857153,73.34765714284731
extra_trees,3,Case2,2-2,278,9139.56,8573.799371428626,565.7606285713737
extra_trees,3,Case2,2-2,282,9371.54,9404.125500000055,32.5855000000538
extra_trees,3,Case2,2-2,295,8196.05,8114.594799999982,81.45520000001761
extra_trees,3,Case2,2-3,036,7754.89,7336.242557142816,418.6474428571846
extra_trees,3,Case2,2-3,165,5276.65,5148.165471428574,128.48452857142547
extra_trees,3,Case2,2-3,189,7217.93,7249.353857142828,31.42385714282773
extra_trees,3,Case2,2-3,218,5864.28,5869.178914285734,4.898914285734463
extra_trees,3,Case2,2-3,220,8311.51,7686.446657142847,625.0633428571537
extra_trees,3,Case2,2-3,280,7520.07,7760.67259999999,240.60259999999016
extra_trees,3,Case3,3-2,008,8213.98,8027.6043571428645,186.37564285713506
extra_trees,3,Case3,3-2,015,10732.5,10805.628685714339,73.12868571433864
extra_trees,3,Case3,3-2,024,9440.06,9432.436157142927,7.6238428570723045
extra_trees,3,Case3,3-2,048,8730.41,8719.879257142877,10.530742857123187
extra_trees,3,Case3,3-2,050,8901.81,8734.826714285793,166.98328571420643
extra_trees,3,Case3,3-2,056,8762.19,8744.295014285799,17.89498571420154
extra_trees,3,Case3,3-2,062,9575.86,9276.646085714305,299.21391428569586
extra_trees,3,Case3,3-2,071,9195.52,9897.48965714292,701.9696571429195
extra_trees,3,Case3,3-2,077,8307.05,8773.558171428609,466.5081714286098
extra_trees,3,Case3,3-2,109,8682.53,8650.697914285693,31.83208571430805
extra_trees,3,Case3,3-2,114,10635.3,10200.7389285715,434.5610714284994
extra_trees,3,Case3,3-2,115,9323.93,9311.828071428574,12.10192857142647
extra_trees,3,Case3,3-2,116,9150.74,9142.945399999919,7.794600000081118
extra_trees,3,Case3,3-2,123,8156.32,8280.660385714293,124.340385714293
extra_trees,3,Case3,3-2,133,9265.39,9237.24785714289,28.14214285711023
extra_trees,3,Case3,3-2,146,9361.04,9821.79801428571,460.7580142857096
extra_trees,3,Case3,3-2,152,9363.76,9387.217571428648,23.457571428647498
extra_trees,3,Case3,3-2,172,8266.19,8239.663942857122,26.526057142878926
extra_trees,3,Case3,3-2,176,10315.16,10295.092900000061,20.067099999938364
extra_trees,3,Case3,3-2,177,9462.03,9570.676542857223,108.64654285722281
extra_trees,3,Case3,3-2,180,8152.2,9128.068900000038,975.8689000000386
extra_trees,3,Case3,3-2,189,7246.19,7274.541242857118,28.35124285711845
extra_trees,3,Case3,3-2,238,8384.56,8757.026957142869,372.46695714286943
extra_trees,3,Case3,3-2,242,9437.64,9699.292600000059,261.65260000005946
extra_trees,3,Case3,3-2,258,8666.11,8732.88344285721,66.77344285720937
extra_trees,3,Case3,3-2,266,9777.29,9493.895185714262,283.3948142857389
extra_trees,3,Case3,3-2,270,8876.44,8810.948099999989,65.49190000001181
extra_trees,3,Case3,3-2,275,8701.13,8646.74327142858,54.386728571418644
extra_trees,3,Case3,3-2,278,9198.17,8837.73400000003,360.4359999999706
extra_trees,3,Case3,3-2,282,9411.36,9425.695414285776,14.335414285775187
extra_trees,3,Case3,3-2,295,8201.15,8275.18798571427,74.03798571427069
extra_trees,3,Case3,3-3,036,7794.38,7464.010442857099,330.3695571429007
extra_trees,3,Case3,3-3,091,8342.49,7971.374885714282,371.11511428571794
extra_trees,3,Case3,3-3,165,5278.12,5160.36234285716,117.75765714283989
extra_trees,3,Case3,3-3,280,7564.28,7786.851499999992,222.57149999999183
extra_trees,3,Case4,4-2,008,8209.52,8005.797285714292,203.7227142857082
extra_trees,3,Case4,4-2,015,10642.8,10761.238685714308,118.43868571430903
extra_trees,3,Case4,4-2,024,9426.01,9414.112128571442,11.897871428558574
extra_trees,3,Case4,4-2,048,8710.39,8701.753242857108,8.636757142890929
extra_trees,3,Case4,4-2,050,8890.25,8741.413385714317,148.83661428568303
extra_trees,3,Case4,4-2,056,8754.9,8714.306042857226,40.593957142773434
extra_trees,3,Case4,4-2,062,9494.73,9258.215157142879,236.51484285712104
extra_trees,3,Case4,4-2,071,9135.7,9836.633528571474,700.9335285714733
extra_trees,3,Case4,4-2,077,8799.82,8769.081671428603,30.738328571396778
extra_trees,3,Case4,4-2,081,10995.6,10949.30942857145,46.29057142854981
extra_trees,3,Case4,4-2,092,13258.17,11805.808214285598,1452.3617857144018
extra_trees,3,Case4,4-2,109,8674.95,8622.730699999971,52.21930000002976
extra_trees,3,Case4,4-2,114,10594.3,10173.687700000064,420.6122999999352
extra_trees,3,Case4,4-2,115,9272.93,9298.769771428593,25.83977142859294
extra_trees,3,Case4,4-2,116,9154.84,9143.80914285707,11.030857142930472
extra_trees,3,Case4,4-2,123,8142.56,8273.83274285714,131.27274285713884
extra_trees,3,Case4,4-2,133,9261.06,9210.0347714286,51.025228571399566
extra_trees,3,Case4,4-2,146,9268.35,9702.41735714284,434.0673571428397
extra_trees,3,Case4,4-2,152,9298.31,9335.05732857151,36.74732857151139
extra_trees,3,Case4,4-2,172,8249.43,8229.071285714257,20.35871428574319
extra_trees,3,Case4,4-2,176,10314.83,10294.656985714346,20.173014285654062
extra_trees,3,Case4,4-2,177,9461.26,9590.552414285794,129.2924142857937
extra_trees,3,Case4,4-2,180,8141.71,9126.554657142895,984.8446571428949
extra_trees,3,Case4,4-2,196,10261.7,9419.268500000033,842.4314999999679
extra_trees,3,Case4,4-2,238,8878.28,8724.4684142857,153.81158571430024
extra_trees,3,Case4,4-2,242,9435.72,9679.0325571429,243.3125571429009
extra_trees,3,Case4,4-2,258,8656.22,8697.038500000055,40.81850000005579
extra_trees,3,Case4,4-2,266,9697.14,9373.177314285707,323.9626857142921
extra_trees,3,Case4,4-2,270,8851.35,8808.110357142845,43.23964285715556
extra_trees,3,Case4,4-2,275,8696.95,8619.04760000001,77.90239999998994
extra_trees,3,Case4,4-2,278,9157.06,8609.025000000052,548.0349999999471
extra_trees,3,Case4,4-2,282,9407.51,9407.955828571496,0.44582857149544
extra_trees,3,Case4,4-2,295,8201.92,8322.76484285712,120.84484285711915
extra_trees,3,Case4,4-3,036,7763.61,7364.106857142813,399.5031428571865
extra_trees,3,Case4,4-3,091,8285.91,7981.95391428571,303.95608571428966
extra_trees,3,Case4,4-3,165,5276.65,5165.958642857145,110.69135714285494
extra_trees,3,Case4,4-3,189,7213.02,7254.74945714283,41.72945714282923
extra_trees,3,Case4,4-3,218,5870.83,5862.977228571451,7.852771428549204
extra_trees,3,Case4,4-3,220,8320.82,7678.893085714277,641.9269142857229
extra_trees,3,Case4,4-3,280,7512.03,7712.577714285707,200.54771428570712
extra_trees,4,Case2,2-2,006,9021.54,8849.92871428574,171.6112857142616
extra_trees,4,Case2,2-2,014,9183.61,9169.157185714277,14.452814285723434
extra_trees,4,Case2,2-2,020,8489.01,8551.606857142879,62.596857142878434
extra_trees,4,Case2,2-2,034,8225.8,8650.580485714314,424.78048571431464
extra_trees,4,Case2,2-2,049,8796.44,8991.529757142842,195.08975714284134
extra_trees,4,Case2,2-2,054,8871.95,8970.496014285683,98.54601428568276
extra_trees,4,Case2,2-2,061,8597.57,8671.114042857147,73.54404285714736
extra_trees,4,Case2,2-2,076,8048.66,8185.856785714315,137.1967857143154
extra_trees,4,Case2,2-2,079,10970.8,11129.271428571368,158.47142857136896
extra_trees,4,Case2,2-2,090,8927.66,8904.427285714264,23.23271428573571
extra_trees,4,Case2,2-2,101,8350.83,8565.158428571478,214.32842857147807
extra_trees,4,Case2,2-2,107,8266.96,8323.234614285691,56.27461428569222
extra_trees,4,Case2,2-2,117,9017.6,9122.847000000053,105.24700000005214
extra_trees,4,Case2,2-2,122,9253.62,9238.867757142847,14.75224285715376
extra_trees,4,Case2,2-2,130,8463.5,8489.774614285754,26.27461428575407
extra_trees,4,Case2,2-2,135,11366.2,11252.74912857137,113.45087142863122
extra_trees,4,Case2,2-2,142,8320.34,8459.591814285734,139.25181428573342
extra_trees,4,Case2,2-2,143,11650.0,11491.925899999946,158.0741000000544
extra_trees,4,Case2,2-2,150,8885.36,8947.16402857146,61.80402857145964
extra_trees,4,Case2,2-2,157,8887.81,8899.352000000015,11.542000000015832
extra_trees,4,Case2,2-2,160,8262.23,8536.722928571478,274.49292857147884
extra_trees,4,Case2,2-2,186,8104.49,8109.770385714338,5.280385714338081
extra_trees,4,Case2,2-2,195,8921.21,8922.382814285706,1.1728142857064086
extra_trees,4,Case2,2-2,197,11041.5,10784.041685714245,257.4583142857555
extra_trees,4,Case2,2-2,207,9311.22,9179.000300000002,132.21969999999783
extra_trees,4,Case2,2-2,217,9206.22,9250.242099999952,44.02209999995284
extra_trees,4,Case2,2-2,222,8793.92,8615.383300000025,178.5366999999751
extra_trees,4,Case2,2-2,251,8173.63,8117.497885714348,56.13211428565228
extra_trees,4,Case2,2-2,254,8557.27,8588.065757142927,30.79575714292696
extra_trees,4,Case2,2-2,265,9776.91,9451.924199999938,324.9858000000622
extra_trees,4,Case2,2-2,289,8529.16,8458.85045714285,70.30954285715052
extra_trees,4,Case2,2-3,068,6619.6,6639.520199999967,19.920199999966826
extra_trees,4,Case2,2-3,113,7300.42,7298.557171428608,1.8628285713921287
extra_trees,4,Case2,2-3,164,5778.96,5943.832585714298,164.8725857142981
extra_trees,4,Case2,2-3,241,5537.34,5523.813742857161,13.526257142839313
extra_trees,4,Case2,2-3,261,8316.38,8308.492500000015,7.887499999984357
extra_trees,4,Case2,2-3,284,6867.36,6626.082571428563,241.27742857143676
extra_trees,4,Case2,2-3,297,5445.15,5425.8383857143035,19.311614285696123
extra_trees,4,Case3,3-2,006,9061.0,8838.877771428593,222.1222285714066
extra_trees,4,Case3,3-2,014,9241.26,9176.512771428568,64.74722857143206
extra_trees,4,Case3,3-2,020,8531.82,8603.641528571468,71.82152857146866
extra_trees,4,Case3,3-2,034,8279.16,8683.521471428603,404.3614714286032
extra_trees,4,Case3,3-2,049,8827.47,9002.412928571399,174.94292857139953
extra_trees,4,Case3,3-2,054,8935.62,8972.988528571444,37.368528571443676
extra_trees,4,Case3,3-2,061,8639.92,8688.906142857197,48.98614285719668
extra_trees,4,Case3,3-2,076,8092.14,8186.545457142892,94.40545714289146
extra_trees,4,Case3,3-2,090,8941.44,8914.169842857204,27.27015714279696
extra_trees,4,Case3,3-2,101,8407.21,8554.774342857198,147.56434285719843
extra_trees,4,Case3,3-2,107,8328.72,8319.690142857127,9.02985714287206
extra_trees,4,Case3,3-2,117,9032.8,9116.446942857221,83.6469428572218
extra_trees,4,Case3,3-2,122,9264.56,9242.908114285703,21.65188571429644
extra_trees,4,Case3,3-2,130,8438.46,8496.335685714328,57.87568571432894
extra_trees,4,Case3,3-2,142,8368.03,8455.18120000001,87.15120000000934
extra_trees,4,Case3,3-2,150,8923.98,8951.560614285769,27.580614285769116
extra_trees,4,Case3,3-2,157,8927.15,8908.175500000056,18.974499999943873
extra_trees,4,Case3,3-2,160,8304.78,8535.745400000049,230.96540000004825
extra_trees,4,Case3,3-2,186,8153.43,8149.743657142887,3.6863428571132317
extra_trees,4,Case3,3-2,195,8967.38,8900.79450000002,66.58549999997922
extra_trees,4,Case3,3-2,207,9301.84,9178.452585714287,123.38741428571302
extra_trees,4,Case3,3-2,217,9277.55,9257.926799999945,19.623200000054567
extra_trees,4,Case3,3-2,222,8802.55,8484.628057142896,317.9219428571032
extra_trees,4,Case3,3-2,251,8205.18,8148.051957142904,57.12804285709626
extra_trees,4,Case3,3-2,254,8614.23,8604.906171428609,9.32382857139055
extra_trees,4,Case3,3-2,265,9798.4,9451.117685714235,347.2823142857651
extra_trees,4,Case3,3-2,289,8561.59,8519.31242857145,42.2775714285508
extra_trees,4,Case3,3-3,068,6643.69,6651.431142857131,7.741142857131308
extra_trees,4,Case3,3-3,113,7327.34,7307.06634285718,20.27365714282041
extra_trees,4,Case3,3-3,164,5800.36,5892.427785714329,92.06778571432915
extra_trees,4,Case3,3-3,241,5555.97,5531.192728571394,24.777271428606582
extra_trees,4,Case3,3-3,261,8359.52,8276.051028571448,83.46897142855232
extra_trees,4,Case3,3-3,284,6903.6,6632.506757142847,271.0932428571532
extra_trees,4,Case3,3-3,297,5465.9,5451.130671428567,14.769328571432197
extra_trees,4,Case4,4-2,006,9033.2,8836.333385714304,196.86661428569641
extra_trees,4,Case4,4-2,014,9200.57,9174.140957142848,26.429042857151217
extra_trees,4,Case4,4-2,020,8493.42,8579.867842857171,86.44784285717105
extra_trees,4,Case4,4-2,034,8217.77,8675.532714285751,457.7627142857509
extra_trees,4,Case4,4-2,049,8324.09,8995.811371428556,671.7213714285554
extra_trees,4,Case4,4-2,054,3858.23,8967.985614285682,5109.755614285683
extra_trees,4,Case4,4-2,061,8594.79,8668.238842857158,73.4488428571567
extra_trees,4,Case4,4-2,076,8047.75,8147.518500000061,99.76850000006107
extra_trees,4,Case4,4-2,079,10986.1,11134.843571428499,148.7435714284984
extra_trees,4,Case4,4-2,090,8936.35,8908.16117142855,28.188828571450358
extra_trees,4,Case4,4-2,101,8345.89,8538.663928571501,192.77392857150153
extra_trees,4,Case4,4-2,107,8282.85,8310.44664285713,27.596642857130064
extra_trees,4,Case4,4-2,117,9020.0,9135.151885714355,115.15188571435465
extra_trees,4,Case4,4-2,122,9259.09,9238.758542857135,20.331457142865474
extra_trees,4,Case4,4-2,130,8472.59,8496.408657142896,23.818657142895972
extra_trees,4,Case4,4-2,135,11379.8,11246.536414285654,133.26358571434503
extra_trees,4,Case4,4-2,139,10651.2,10962.332785714198,311.13278571419687
extra_trees,4,Case4,4-2,142,8323.03,8407.578757142868,84.54875714286754
extra_trees,4,Case4,4-2,143,11661.3,11490.396185714237,170.90381428576256
extra_trees,4,Case4,4-2,150,8393.31,8947.460214285747,554.150214285748
extra_trees,4,Case4,4-2,157,8922.35,8900.935900000006,21.414099999994505
extra_trees,4,Case4,4-2,160,8271.05,8536.518471428619,265.4684714286195
extra_trees,4,Case4,4-2,164,5783.69,5928.705457142874,145.01545714287477
extra_trees,4,Case4,4-2,186,8108.06,8127.200600000044,19.140600000043378
extra_trees,4,Case4,4-2,195,8939.36,8902.972128571426,36.38787142857473
extra_trees,4,Case4,4-2,197,11075.8,10834.446157142811,241.35384285718828
extra_trees,4,Case4,4-2,207,9303.37,9172.691285714287,130.6787142857138
extra_trees,4,Case4,4-2,217,9207.39,9251.929914285674,44.53991428567497
extra_trees,4,Case4,4-2,222,8797.77,8427.962642857174,369.80735714282673
extra_trees,4,Case4,4-2,251,8184.93,8136.746228571481,48.18377142851932
extra_trees,4,Case4,4-2,254,8567.25,8595.437385714338,28.187385714338234
extra_trees,4,Case4,4-2,255,10433.7,10275.84077142859,157.85922857141122
extra_trees,4,Case4,4-2,261,8297.85,8264.78801428573,33.06198571427012
extra_trees,4,Case4,4-2,265,9524.98,9444.585999999948,80.39400000005116
extra_trees,4,Case4,4-2,267,10699.2,10719.182871428662,19.982871428661383
extra_trees,4,Case4,4-2,289,8537.58,8469.15922857143,68.42077142856942
extra_trees,4,Case4,4-3,068,6618.99,6639.115642857114,20.125642857114144
extra_trees,4,Case4,4-3,113,7296.78,7293.205342857176,3.5746571428235256
extra_trees,4,Case4,4-3,241,5539.4,5572.5144142856725,33.114414285672865
extra_trees,4,Case4,4-3,284,6862.44,6614.503542857135,247.93645714286504
extra_trees,4,Case4,4-3,297,5450.35,5492.237371428541,41.88737142854097
extra_trees,5,Case2,2-2,001,8697.15,8357.062785714308,340.0872142856915
extra_trees,5,Case2,2-2,005,8715.42,8746.497442857162,31.07744285716217
extra_trees,5,Case2,2-2,012,8310.0,8333.010399999981,23.01039999998102
extra_trees,5,Case2,2-2,018,10022.7,10213.201057142898,190.50105714289748
extra_trees,5,Case2,2-2,019,8975.8,8915.30111428574,60.49888571425981
extra_trees,5,Case2,2-2,022,10640.2,11083.865428571466,443.6654285714649
extra_trees,5,Case2,2-2,053,7984.69,8059.43320000004,74.74320000004082
extra_trees,5,Case2,2-2,065,8961.57,9025.078185714265,63.50818571426498
extra_trees,5,Case2,2-2,089,8920.29,8802.69955714292,117.59044285708114
extra_trees,5,Case2,2-2,106,8634.92,8654.20039999996,19.280399999959627
extra_trees,5,Case2,2-2,121,8402.24,8405.696199999971,3.4561999999714317
extra_trees,5,Case2,2-2,149,9353.49,9321.817785714251,31.67221428574885
extra_trees,5,Case2,2-2,158,8920.42,8306.248514285748,614.1714857142524
extra_trees,5,Case2,2-2,163,8922.57,8917.096928571433,5.473071428566982
extra_trees,5,Case2,2-2,178,9368.01,9377.973028571423,9.96302857142291
extra_trees,5,Case2,2-2,185,9058.71,9071.316200000023,12.606200000023819
extra_trees,5,Case2,2-2,216,8903.35,8784.03202857142,119.31797142857977
extra_trees,5,Case2,2-2,224,8314.63,8263.41517142853,51.21482857146839
extra_trees,5,Case2,2-2,236,9098.7,9005.375099999997,93.32490000000325
extra_trees,5,Case2,2-2,240,8845.76,8997.303057142833,151.54305714283328
extra_trees,5,Case2,2-2,253,10363.9,10652.4787428571,288.5787428571002
extra_trees,5,Case2,2-2,268,8977.42,9015.05979999991,37.63979999990988
extra_trees,5,Case2,2-2,281,8586.12,8594.130185714266,8.01018571426539
extra_trees,5,Case2,2-2,288,10817.0,10786.450085714298,30.54991428570247
extra_trees,5,Case2,2-2,290,9332.03,9167.76551428567,164.26448571433139
extra_trees,5,Case2,2-3,032,6180.54,6135.442971428549,45.09702857145112
extra_trees,5,Case2,2-3,059,5507.95,5497.715142857116,10.234857142883811
extra_trees,5,Case2,2-3,074,4993.36,5038.8763428571765,45.516342857176824
extra_trees,5,Case2,2-3,098,7968.86,7703.762314285729,265.0976857142705
extra_trees,5,Case2,2-3,112,6465.49,6586.229814285708,120.73981428570823
extra_trees,5,Case2,2-3,129,6945.84,7003.387528571415,57.54752857141466
extra_trees,5,Case2,2-3,140,4741.28,5189.511128571458,448.2311285714586
extra_trees,5,Case2,2-3,168,4807.71,5140.151800000033,332.44180000003325
extra_trees,5,Case2,2-3,171,6380.88,6105.616642857152,275.2633571428478
extra_trees,5,Case2,2-3,194,6403.58,6301.752485714273,101.82751428572737
extra_trees,5,Case2,2-3,249,6042.45,5900.393128571415,142.0568714285846
extra_trees,5,Case2,2-3,263,6464.17,6566.853757142882,102.68375714288231
extra_trees,5,Case2,2-3,274,9485.0,9464.005214285688,20.994785714312457
extra_trees,5,Case3,3-2,001,8768.69,8404.646085714321,364.0439142856794
extra_trees,5,Case3,3-2,005,8734.73,8766.55764285714,31.827642857140745
extra_trees,5,Case3,3-2,012,8354.82,8343.344485714266,11.47551428573388
extra_trees,5,Case3,3-2,013,10196.5,10349.191714285662,152.69171428566187
extra_trees,5,Case3,3-2,018,10050.5,10310.407042857196,259.90704285719585
extra_trees,5,Case3,3-2,019,8984.98,8974.80228571435,10.177714285649927
extra_trees,5,Case3,3-2,053,7996.97,8064.9276000000455,67.9576000000452
extra_trees,5,Case3,3-2,065,9023.73,9044.702428571502,20.97242857150195
extra_trees,5,Case3,3-2,089,8934.33,8816.543028571483,117.78697142851706
extra_trees,5,Case3,3-2,106,8663.29,8664.388428571403,1.0984285714021098
extra_trees,5,Case3,3-2,121,8426.2,8433.746785714266,7.546785714264843
extra_trees,5,Case3,3-2,145,11377.85,9765.86335714286,1611.9866428571404
extra_trees,5,Case3,3-2,149,9398.75,9357.537399999957,41.212600000042585
extra_trees,5,Case3,3-2,158,8940.4,8323.152228571453,617.2477714285469
extra_trees,5,Case3,3-2,163,8933.41,8943.50358571432,10.093585714319488
extra_trees,5,Case3,3-2,178,9434.99,9408.070814285698,26.91918571430142
extra_trees,5,Case3,3-2,185,9103.53,9099.788099999952,3.74190000004819
extra_trees,5,Case3,3-2,216,8948.98,8804.5249,144.45509999999922
extra_trees,5,Case3,3-2,236,9133.57,9007.122428571414,126.44757142858543
extra_trees,5,Case3,3-2,240,8911.41,9024.506499999963,113.09649999996327
extra_trees,5,Case3,3-2,268,9018.86,9035.595685714257,16.73568571425676
extra_trees,5,Case3,3-2,274,9496.66,9465.135071428547,31.52492857145262
extra_trees,5,Case3,3-2,281,8646.6,8603.76980000001,42.83019999999124
extra_trees,5,Case3,3-2,290,9327.12,9137.94927142851,189.17072857149105
extra_trees,5,Case3,3-3,032,6208.82,5911.181514285702,297.63848571429753
extra_trees,5,Case3,3-3,059,5522.86,5500.527928571433,22.33207142856645
extra_trees,5,Case3,3-3,074,5000.25,4968.5735285714445,31.676471428555487
extra_trees,5,Case3,3-3,098,8001.33,7739.403700000009,261.926299999991
extra_trees,5,Case3,3-3,112,6473.95,6578.921499999996,104.97149999999601
extra_trees,5,Case3,3-3,129,6982.28,7008.295599999981,26.015599999981532
extra_trees,5,Case3,3-3,140,4741.93,5197.351114285747,455.4211142857466
extra_trees,5,Case3,3-3,168,4804.88,5034.334342857174,229.4543428571742
extra_trees,5,Case3,3-3,194,6436.39,6222.563499999989,213.82650000001104
extra_trees,5,Case3,3-3,249,6069.85,5786.68188571428,283.16811428572055
extra_trees,5,Case3,3-3,263,6481.85,6557.651400000026,75.80140000002575
extra_trees,5,Case4,4-2,001,8706.62,8486.120628571502,220.49937142849922
extra_trees,5,Case4,4-2,005,8727.04,8716.408599999988,10.631400000012945
extra_trees,5,Case4,4-2,012,8317.72,8333.147228571419,15.427228571419619
extra_trees,5,Case4,4-2,018,10046.6,10306.413657142914,259.81365714291314
extra_trees,5,Case4,4-2,019,8979.49,8917.2527714286,62.2372285713991
extra_trees,5,Case4,4-2,022,10657.4,11064.714857142906,407.3148571429065
extra_trees,5,Case4,4-2,053,7985.48,8062.847285714329,77.36728571432923
extra_trees,5,Case4,4-2,065,8972.73,9040.819642857185,68.08964285718503
extra_trees,5,Case4,4-2,089,8926.04,8803.275085714338,122.7649142856626
extra_trees,5,Case4,4-2,106,8645.4,8656.576385714245,11.176385714245043
extra_trees,5,Case4,4-2,121,8411.86,8410.174342857134,1.6856571428670577
extra_trees,5,Case4,4-2,145,11283.35,9754.480771428565,1528.869228571435
extra_trees,5,Case4,4-2,149,9364.37,9321.701699999967,42.66830000003392
extra_trees,5,Case4,4-2,158,8928.6,8207.66315714289,720.9368428571106
extra_trees,5,Case4,4-2,163,8926.04,8916.912985714289,9.127014285711994
extra_trees,5,Case4,4-2,178,9373.68,9381.791485714233,8.111485714232913
extra_trees,5,Case4,4-2,185,9093.44,9061.916271428541,31.523728571459287
extra_trees,5,Case4,4-2,216,8916.43,8796.96452857143,119.4654714285698
extra_trees,5,Case4,4-2,224,8303.52,8268.51347142853,35.00652857146997
extra_trees,5,Case4,4-2,230,9913.11,10405.776400000062,492.6664000000619
extra_trees,5,Case4,4-2,236,9108.33,8998.287442857134,110.04255714286592
extra_trees,5,Case4,4-2,240,8846.73,8984.190214285692,137.46021428569293
extra_trees,5,Case4,4-2,253,10393.1,10657.162628571385,264.06262857138427
extra_trees,5,Case4,4-2,268,9016.19,9031.593942857116,15.403942857115908
extra_trees,5,Case4,4-2,274,9495.92,9442.3015285714,53.61847142860097
extra_trees,5,Case4,4-2,281,8595.56,8617.325542857172,21.765542857172477
extra_trees,5,Case4,4-2,288,10824.8,10797.659200000016,27.140799999982846
extra_trees,5,Case4,4-2,290,9327.11,9114.840014285659,212.2699857143416
extra_trees,5,Case4,4-3,032,6183.72,6114.2506714285555,69.46932857144475
extra_trees,5,Case4,4-3,059,5509.38,5520.858171428588,11.478171428588212
extra_trees,5,Case4,4-3,074,4996.97,5005.389885714295,8.41988571429465
extra_trees,5,Case4,4-3,098,7968.58,7725.959757142873,242.62024285712687
extra_trees,5,Case4,4-3,112,6466.69,6585.452399999996,118.76239999999598
extra_trees,5,Case4,4-3,129,6939.89,6997.9730428571265,58.0830428571262
extra_trees,5,Case4,4-3,140,4741.89,5195.575142857172,453.68514285717174
extra_trees,5,Case4,4-3,168,4803.74,4952.72644285717,148.98644285717
extra_trees,5,Case4,4-3,171,6386.73,6210.068100000019,176.66189999998096
extra_trees,5,Case4,4-3,194,6409.51,6255.582371428581,153.92762857141952
extra_trees,5,Case4,4-3,249,6046.94,5945.274128571422,101.6658714285777
extra_trees,5,Case4,4-3,263,6464.78,6570.902842857168,106.12284285716851
random_forest,1,Case2,2-2,011,7744.72,8181.759899999992,437.0398999999916
random_forest,1,Case2,2-2,041,8712.09,8717.310180000004,5.220180000003893
random_forest,1,Case2,2-2,045,8854.74,8596.276780000027,258.46321999997235
random_forest,1,Case2,2-2,052,9034.28,9112.203179999993,77.9231799999925
random_forest,1,Case2,2-2,058,8585.22,8645.769219999996,60.54921999999715
random_forest,1,Case2,2-2,064,9213.87,9245.746899999971,31.876899999970192
random_forest,1,Case2,2-2,073,9232.53,9361.858020000001,129.32802000000083
random_forest,1,Case2,2-2,075,9367.34,9314.9822,52.35779999999977
random_forest,1,Case2,2-2,087,11639.6,11144.251939999966,495.3480600000348
random_forest,1,Case2,2-2,097,8747.88,8806.89378,59.013780000001134
random_forest,1,Case2,2-2,104,8064.82,7689.671359999981,375.14864000001853
random_forest,1,Case2,2-2,111,8024.11,8411.198860000013,387.0888600000135
random_forest,1,Case2,2-2,120,8876.83,8946.233799999993,69.40379999999277
random_forest,1,Case2,2-2,132,11718.6,11623.820079999963,94.77992000003724
random_forest,1,Case2,2-2,136,8842.46,8838.57292,3.8870799999986048
random_forest,1,Case2,2-2,138,9373.89,9424.845919999956,50.95591999995668
random_forest,1,Case2,2-2,162,8347.5,8326.86491999998,20.635080000020025
random_forest,1,Case2,2-2,191,8182.2,8153.838740000006,28.361259999994218
random_forest,1,Case2,2-2,202,9328.45,9324.465819999985,3.98418000001584
random_forest,1,Case2,2-2,203,10452.2,10443.653799999995,8.546200000006138
random_forest,1,Case2,2-2,227,7772.28,7930.865739999986,158.5857399999859
random_forest,1,Case2,2-2,228,9009.52,9105.330800000003,95.81080000000293
random_forest,1,Case2,2-2,231,8906.39,8847.575980000029,58.8140199999707
random_forest,1,Case2,2-2,235,8307.34,8287.274180000017,20.065819999983432
random_forest,1,Case2,2-2,237,9413.17,9604.234200000015,191.06420000001526
random_forest,1,Case2,2-2,283,8694.18,7924.82373999998,769.3562600000205
random_forest,1,Case2,2-3,030,6271.66,6296.8729399999875,25.21293999998761
random_forest,1,Case2,2-3,088,9582.35,9382.176179999988,200.1738200000127
random_forest,1,Case2,2-3,126,6540.67,6433.089940000006,107.58005999999386
random_forest,1,Case2,2-3,159,5114.45,5048.128460000001,66.321539999999
random_forest,1,Case2,2-3,167,4929.14,4939.334540000003,10.194540000002235
random_forest,1,Case2,2-3,210,7169.93,7737.461139999964,567.5311399999637
random_forest,1,Case2,2-3,215,5826.76,5828.572219999996,1.8122199999961595
random_forest,1,Case2,2-3,239,8001.3,8394.783200000003,393.4832000000033
random_forest,1,Case2,2-3,248,7687.01,7689.88571999998,2.8757199999799923
random_forest,1,Case2,2-3,256,7025.17,7225.557499999972,200.38749999997162
random_forest,1,Case2,2-3,291,6712.27,6866.872699999997,154.60269999999673
random_forest,1,Case2,2-3,298,8637.42,8329.885959999976,307.5340400000241
random_forest,1,Case2,2-3,299,7867.89,7886.736140000008,18.846140000007836
random_forest,1,Case3,3-2,011,7792.35,8191.316619999997,398.9666199999965
random_forest,1,Case3,3-2,041,8761.44,8719.812720000009,41.627279999991515
random_forest,1,Case3,3-2,045,8910.16,8604.085680000031,306.0743199999688
random_forest,1,Case3,3-2,052,9044.2,9116.419519999985,72.21951999998419
random_forest,1,Case3,3-2,058,8639.59,8664.068160000004,24.47816000000421
random_forest,1,Case3,3-2,064,9261.27,9250.674319999975,10.595680000025823
random_forest,1,Case3,3-2,073,9251.96,9372.45038,120.4903800000011
random_forest,1,Case3,3-2,075,9364.49,9315.601140000006,48.888859999993656
random_forest,1,Case3,3-2,088,9648.35,9386.232039999992,262.1179600000087
random_forest,1,Case3,3-2,097,8785.64,8810.87994000001,25.239940000010392
random_forest,1,Case3,3-2,104,8078.29,7677.8335199999765,400.4564800000235
random_forest,1,Case3,3-2,111,8053.2,8413.709220000008,360.5092200000081
random_forest,1,Case3,3-2,120,8940.13,8946.861139999994,6.7311399999944115
random_forest,1,Case3,3-2,136,8867.91,8831.796899999998,36.113100000002305
random_forest,1,Case3,3-2,138,9435.7,9425.399459999957,10.300540000043839
random_forest,1,Case3,3-2,162,8405.27,8338.48215999996,66.78784000004089
random_forest,1,Case3,3-2,191,8216.35,8171.1605599999975,45.18944000000283
random_forest,1,Case3,3-2,202,9359.41,9323.620159999982,35.78984000001765
random_forest,1,Case3,3-2,203,10533.7,10447.020999999997,86.67900000000373
random_forest,1,Case3,3-2,231,8918.4,8862.825740000018,55.57425999998122
random_forest,1,Case3,3-2,235,8335.92,8293.446780000006,42.4732199999944
random_forest,1,Case3,3-2,283,8705.14,7940.796259999984,764.3437400000157
random_forest,1,Case3,3-3,030,5275.29,6301.319099999989,1026.0290999999888
random_forest,1,Case3,3-3,126,6544.8,6429.670880000006,115.12911999999415
random_forest,1,Case3,3-3,159,5126.49,5188.9953600000035,62.50536000000375
random_forest,1,Case3,3-3,167,4936.89,4959.89756,23.007560000000012
random_forest,1,Case3,3-3,215,5850.45,5839.952739999996,10.497260000003735
random_forest,1,Case3,3-3,227,7813.14,8184.775019999999,371.6350199999988
random_forest,1,Case3,3-3,239,8051.72,8391.516200000002,339.7962000000016
random_forest,1,Case3,3-3,248,7728.94,7695.404779999981,33.53522000001885
random_forest,1,Case3,3-3,256,7065.09,7270.808379999973,205.71837999997297
random_forest,1,Case3,3-3,291,6740.72,6873.794520000001,133.07452000000103
random_forest,1,Case3,3-3,298,8687.94,8352.898659999992,335.04134000000886
random_forest,1,Case3,3-3,299,7887.16,7888.23488000001,1.0748800000101255
random_forest,1,Case4,4-2,011,7736.55,8194.63113999999,458.0811399999902
random_forest,1,Case4,4-2,041,8722.7,8712.992840000006,9.707159999994474
random_forest,1,Case4,4-2,045,8835.17,8522.911960000025,312.25803999997515
random_forest,1,Case4,4-2,052,9036.4,9121.94469999999,85.54469999998946
random_forest,1,Case4,4-2,058,8625.62,8649.749200000007,24.129200000006676
random_forest,1,Case4,4-2,064,9241.54,9248.974559999977,7.434559999976045
random_forest,1,Case4,4-2,073,9240.82,9362.141760000002,121.32176000000254
random_forest,1,Case4,4-2,075,9362.12,9316.58002,45.53998000000138
random_forest,1,Case4,4-2,087,11685.5,11151.015539999964,534.484460000036
random_forest,1,Case4,4-2,088,9569.85,9344.454319999993,225.3956800000069
random_forest,1,Case4,4-2,097,8715.93,8798.646019999991,82.71601999999075
random_forest,1,Case4,4-2,104,8074.1,7678.997779999977,395.1022200000234
random_forest,1,Case4,4-2,111,8036.41,8418.792600000012,382.38260000001173
random_forest,1,Case4,4-2,120,8877.22,8946.395139999995,69.17513999999574
random_forest,1,Case4,4-2,126,6539.82,6429.206540000006,110.61345999999412
random_forest,1,Case4,4-2,132,11688.4,11632.992939999958,55.40706000004138
random_forest,1,Case4,4-2,134,10817.1,10864.636740000022,47.53674000002138
random_forest,1,Case4,4-2,136,8850.5,8827.041039999996,23.45896000000357
random_forest,1,Case4,4-2,138,9382.58,9419.080759999953,36.500759999953516
random_forest,1,Case4,4-2,148,12684.8,11775.16933999998,909.6306600000189
random_forest,1,Case4,4-2,162,8379.19,8340.734039999963,38.45596000003752
random_forest,1,Case4,4-2,191,8208.02,8169.900459999997,38.119540000003326
random_forest,1,Case4,4-2,202,9337.74,9317.708299999986,20.031700000014098
random_forest,1,Case4,4-2,203,10441.9,10444.346199999998,2.4461999999984982
random_forest,1,Case4,4-2,227,7765.88,7937.201799999986,171.32179999998607
random_forest,1,Case4,4-2,228,9018.71,9110.819280000003,92.10928000000422
random_forest,1,Case4,4-2,231,8913.59,8860.354400000024,53.23559999997633
random_forest,1,Case4,4-2,235,8315.67,8290.847060000007,24.82293999999274
random_forest,1,Case4,4-2,237,9420.0,9609.863200000022,189.8632000000216
random_forest,1,Case4,4-2,283,8701.52,7937.150179999988,764.3698200000126
random_forest,1,Case4,4-3,030,6274.73,6298.676919999988,23.946919999988495
random_forest,1,Case4,4-3,159,5120.11,5253.705680000005,133.5956800000049
random_forest,1,Case4,4-3,167,4933.23,5000.508540000005,67.2785400000057
random_forest,1,Case4,4-3,210,7171.42,7750.983819999965,579.5638199999648
random_forest,1,Case4,4-3,215,5827.83,5835.121219999996,7.291219999996429
random_forest,1,Case4,4-3,239,7989.15,8383.448700000003,394.298700000003
random_forest,1,Case4,4-3,248,7688.39,7694.87301999998,6.4830199999796605
random_forest,1,Case4,4-3,256,7023.06,7216.042719999969,192.98271999996905
random_forest,1,Case4,4-3,291,6707.27,6860.652100000001,153.38210000000072
random_forest,1,Case4,4-3,298,8636.61,8329.479819999979,307.13018000002194
random_forest,1,Case4,4-3,299,7862.29,7879.592660000006,17.302660000005744
random_forest,2,Case2,2-2,009,8330.47,8639.465399999975,308.99539999997614
random_forest,2,Case2,2-2,017,9424.95,9424.22233999997,0.727660000031392
random_forest,2,Case2,2-2,028,10597.82,10879.695380000016,281.87538000001587
random_forest,2,Case2,2-2,040,9308.02,9499.61694000003,191.59694000003037
random_forest,2,Case2,2-2,047,9107.6,9168.938800000029,61.33880000002864
random_forest,2,Case2,2-2,051,9336.15,9503.519820000027,167.36982000002718
random_forest,2,Case2,2-2,057,8677.45,8461.73962000002,215.71037999998043
random_forest,2,Case2,2-2,063,10920.8,11024.979739999953,104.17973999995411
random_forest,2,Case2,2-2,069,10912.0,10763.107400000035,148.89259999996466
random_forest,2,Case2,2-2,078,9466.57,9433.99497999999,32.57502000000932
random_forest,2,Case2,2-2,083,9169.83,8902.658519999997,267.1714800000027
random_forest,2,Case2,2-2,095,9000.84,8974.49489999998,26.345100000020466
random_forest,2,Case2,2-2,102,8859.91,8767.570680000003,92.33931999999731
random_forest,2,Case2,2-2,103,8505.85,8456.909080000007,48.94091999999364
random_forest,2,Case2,2-2,110,8039.72,8050.066660000027,10.346660000026532
random_forest,2,Case2,2-2,125,8701.62,8654.488120000036,47.13187999996444
random_forest,2,Case2,2-2,144,11805.8,11369.964019999976,435.8359800000235
random_forest,2,Case2,2-2,147,8733.58,8782.321899999997,48.74189999999726
random_forest,2,Case2,2-2,166,8202.09,8235.615800000007,33.52580000000671
random_forest,2,Case2,2-2,182,8713.56,8728.614980000024,15.054980000024443
random_forest,2,Case2,2-2,190,11761.0,11351.224999999986,409.7750000000142
random_forest,2,Case2,2-2,201,8916.75,8905.35830000002,11.39169999998012
random_forest,2,Case2,2-2,214,8549.55,8451.213560000007,98.33643999999185
random_forest,2,Case2,2-2,219,8827.59,8785.628000000006,41.96199999999408
random_forest,2,Case2,2-2,225,8689.59,8647.78478000002,41.80521999998018
random_forest,2,Case2,2-2,233,8783.48,8604.984379999953,178.49562000004698
random_forest,2,Case2,2-2,271,10256.9,10317.00274000003,60.10274000003119
random_forest,2,Case2,2-2,285,9252.88,9231.021500000003,21.85849999999664
random_forest,2,Case2,2-2,287,8772.37,8573.17833999995,199.19166000005134
random_forest,2,Case2,2-3,072,7542.06,7792.56817999998,250.5081799999798
random_forest,2,Case2,2-3,119,7399.44,7783.003379999992,383.5633799999923
random_forest,2,Case2,2-3,155,8194.83,8108.472580000001,86.35741999999937
random_forest,2,Case2,2-3,204,8795.31,8683.652440000003,111.65755999999601
random_forest,2,Case2,2-3,232,7789.35,7580.460859999975,208.8891400000257
random_forest,2,Case2,2-3,245,7852.4,8195.04639999999,342.64639999999054
random_forest,2,Case2,2-3,259,8168.05,8061.125660000004,106.92433999999594
random_forest,2,Case2,2-3,293,7286.09,7665.444659999998,379.35465999999815
random_forest,2,Case3,3-2,009,8861.12,8625.289039999974,235.8309600000266
random_forest,2,Case3,3-2,017,9436.03,9431.368499999986,4.661500000014712
random_forest,2,Case3,3-2,028,10604.84,10879.175240000013,274.3352400000131
random_forest,2,Case3,3-2,040,9402.13,9504.93090000004,102.8009000000402
random_forest,2,Case3,3-2,047,9170.59,9174.381020000033,3.7910200000333134
random_forest,2,Case3,3-2,051,9400.18,9514.228000000036,114.04800000003524
random_forest,2,Case3,3-2,057,8713.41,8575.730400000024,137.67959999997584
random_forest,2,Case3,3-2,063,10926.7,11013.349259999955,86.64925999995467
random_forest,2,Case3,3-2,078,9469.55,9439.14438000001,30.40561999998863
random_forest,2,Case3,3-2,083,9146.8,8913.172420000014,233.62757999998576
random_forest,2,Case3,3-2,095,9043.4,8974.606139999982,68.79386000001796
random_forest,2,Case3,3-2,102,8869.34,8766.300079999992,103.03992000000835
random_forest,2,Case3,3-2,103,8564.86,8455.341760000008,109.51823999999215
random_forest,2,Case3,3-2,110,8076.74,8083.008520000038,6.2685200000378245
random_forest,2,Case3,3-2,125,8744.04,8708.29250000003,35.74749999997039
random_forest,2,Case3,3-2,147,8800.48,8784.943599999995,15.536400000004505
random_forest,2,Case3,3-2,166,8255.97,8257.278460000001,1.3084600000020146
random_forest,2,Case3,3-2,170,10975.3,10884.27930000004,91.0206999999591
random_forest,2,Case3,3-2,182,8747.62,8733.248460000019,14.371539999981906
random_forest,2,Case3,3-2,183,10931.7,10857.86739999999,73.83260000001064
random_forest,2,Case3,3-2,190,11737.4,11349.944899999986,387.4551000000138
random_forest,2,Case3,3-2,201,8975.94,8911.812200000026,64.12779999997474
random_forest,2,Case3,3-2,214,8583.16,8462.800540000007,120.3594599999924
random_forest,2,Case3,3-2,219,8860.89,8797.199480000007,63.69051999999283
random_forest,2,Case3,3-2,225,8717.82,8678.547400000016,39.27259999998387
random_forest,2,Case3,3-2,233,8803.36,8612.392079999954,190.96792000004643
random_forest,2,Case3,3-2,245,7898.81,8190.731799999994,291.9217999999937
random_forest,2,Case3,3-2,271,10286.4,10330.82078000003,44.42078000002948
random_forest,2,Case3,3-2,285,9287.2,9243.609899999981,43.59010000001945
random_forest,2,Case3,3-2,287,8809.84,8535.413799999951,274.426200000049
random_forest,2,Case3,3-3,072,7553.53,7822.607839999989,269.077839999989
random_forest,2,Case3,3-3,119,7414.86,7794.285899999988,379.42589999998836
random_forest,2,Case3,3-3,155,8209.51,8115.2946400000055,94.21535999999469
random_forest,2,Case3,3-3,232,7827.7,7592.4982999999675,235.20170000003236
random_forest,2,Case3,3-3,259,8197.8,8075.797120000007,122.00287999999182
random_forest,2,Case3,3-3,293,7297.97,7674.700039999995,376.7300399999949
random_forest,2,Case4,4-2,009,8840.09,8630.809639999976,209.2803600000243
random_forest,2,Case4,4-2,017,9433.28,9428.136179999974,5.143820000026608
random_forest,2,Case4,4-2,028,10604.54,10879.945280000014,275.4052800000136
random_forest,2,Case4,4-2,040,9305.13,9505.093920000036,199.96392000003652
random_forest,2,Case4,4-2,047,9103.12,9165.499000000034,62.37900000003356
random_forest,2,Case4,4-2,051,9338.59,9510.958880000031,172.3688800000309
random_forest,2,Case4,4-2,057,8697.52,8553.46626000003,144.05373999997028
random_forest,2,Case4,4-2,063,10932.6,11045.99373999995,113.39373999995041
random_forest,2,Case4,4-2,069,10936.3,10771.968600000042,164.33139999995728
random_forest,2,Case4,4-2,078,9467.42,9436.824519999995,30.59548000000541
random_forest,2,Case4,4-2,083,9146.78,8912.72140000001,234.0585999999912
random_forest,2,Case4,4-2,095,9040.08,8974.501239999985,65.57876000001488
random_forest,2,Case4,4-2,102,8864.8,8773.531919999996,91.26808000000347
random_forest,2,Case4,4-2,103,8517.72,8443.534840000008,74.18515999999181
random_forest,2,Case4,4-2,110,8041.65,8080.634760000036,38.98476000003666
random_forest,2,Case4,4-2,125,8718.13,8703.010880000034,15.119119999964823
random_forest,2,Case4,4-2,144,11873.3,11375.65979999997,497.6402000000289
random_forest,2,Case4,4-2,147,8729.84,8754.387939999999,24.54793999999856
random_forest,2,Case4,4-2,155,8194.12,8107.457500000005,86.66249999999582
random_forest,2,Case4,4-2,166,8208.83,8258.683340000003,49.8533400000033
random_forest,2,Case4,4-2,170,10869.2,10843.917300000056,25.28269999994518
random_forest,2,Case4,4-2,182,8724.97,8731.540360000025,6.570360000025175
random_forest,2,Case4,4-2,183,10845.2,10849.672999999988,4.472999999987223
random_forest,2,Case4,4-2,190,11777.6,11352.330799999985,425.2692000000152
random_forest,2,Case4,4-2,201,8923.11,8908.58982000002,14.520179999981337
random_forest,2,Case4,4-2,213,11543.1,11571.659399999951,28.559399999950983
random_forest,2,Case4,4-2,214,8560.65,8469.455400000006,91.19459999999344
random_forest,2,Case4,4-2,219,8841.61,8794.644080000004,46.96591999999691
random_forest,2,Case4,4-2,225,8700.96,8610.12828000002,90.8317199999783
random_forest,2,Case4,4-2,233,8795.54,8613.108159999952,182.4318400000484
random_forest,2,Case4,4-2,245,7842.49,8192.111279999986,349.62127999998665
random_forest,2,Case4,4-2,259,8171.67,8062.198080000004,109.47191999999632
random_forest,2,Case4,4-2,271,10282.7,10326.755900000031,44.055900000030306
random_forest,2,Case4,4-2,285,9279.79,9235.38238,44.40762000000177
random_forest,2,Case4,4-2,287,8805.29,8537.123719999952,268.1662800000486
random_forest,2,Case4,4-3,072,7545.12,7817.319619999987,272.1996199999867
random_forest,2,Case4,4-3,119,7400.95,7789.822959999986,388.87295999998605
random_forest,2,Case4,4-3,204,8802.13,8683.653140000002,118.47685999999703
random_forest,2,Case4,4-3,232,7777.07,7563.864179999974,213.2058200000256
random_forest,2,Case4,4-3,293,7288.72,7668.672319999995,379.95231999999487
random_forest,3,Case2,2-2,008,8202.0,8095.119800000022,106.88019999997778
random_forest,3,Case2,2-2,015,10652.0,10843.4436,191.44360000000052
random_forest,3,Case2,2-2,024,9413.52,9432.033460000011,18.513460000011037
random_forest,3,Case2,2-2,048,8691.37,8667.277160000007,24.092839999993885
random_forest,3,Case2,2-2,050,8877.12,8839.49538,37.624620000000505
random_forest,3,Case2,2-2,056,8144.72,8721.867860000018,577.1478600000182
random_forest,3,Case2,2-2,062,9522.37,9485.82322000001,36.546779999991486
random_forest,3,Case2,2-2,071,9138.12,9961.429920000044,823.3099200000433
random_forest,3,Case2,2-2,077,8790.51,8727.97244000002,62.53755999998066
random_forest,3,Case2,2-2,081,10977.1,10925.13118000002,51.96881999998004
random_forest,3,Case2,2-2,091,8293.19,8031.939319999995,261.25068000000556
random_forest,3,Case2,2-2,109,8642.92,8632.80066000002,10.119339999979275
random_forest,3,Case2,2-2,114,10572.9,10301.94522000003,270.9547799999691
random_forest,3,Case2,2-2,115,9258.09,9293.435440000041,35.34544000004098
random_forest,3,Case2,2-2,116,9174.09,9118.56485999997,55.52514000003066
random_forest,3,Case2,2-2,123,8125.45,8138.846200000029,13.39620000002924
random_forest,3,Case2,2-2,133,9249.03,9148.689400000003,100.34059999999772
random_forest,3,Case2,2-2,146,9272.74,9706.115620000013,433.37562000001344
random_forest,3,Case2,2-2,152,9294.17,9351.851540000074,57.681540000074165
random_forest,3,Case2,2-2,172,8239.94,8195.639020000028,44.3009799999727
random_forest,3,Case2,2-2,177,9424.77,9417.558080000055,7.211919999945167
random_forest,3,Case2,2-2,180,8143.85,9112.208580000002,968.3585800000019
random_forest,3,Case2,2-2,196,10254.4,9485.868639999986,768.5313600000136
random_forest,3,Case2,2-2,238,8866.98,8663.367780000028,203.61221999997179
random_forest,3,Case2,2-2,242,9396.1,9727.086760000018,330.98676000001797
random_forest,3,Case2,2-2,258,8643.84,8712.624860000002,68.78486000000157
random_forest,3,Case2,2-2,266,9711.57,9565.398680000006,146.171319999994
random_forest,3,Case2,2-2,270,8830.99,8845.77885999998,14.78885999998056
random_forest,3,Case2,2-2,275,8694.42,8698.89596000001,4.475960000010673
random_forest,3,Case2,2-2,278,9139.56,8962.880340000018,176.6796599999816
random_forest,3,Case2,2-2,282,9371.54,9380.80516000006,9.26516000005904
random_forest,3,Case2,2-2,295,8196.05,8054.88084000003,141.16915999996945
random_forest,3,Case2,2-3,036,7754.89,7234.245699999982,520.6443000000181
random_forest,3,Case2,2-3,165,5276.65,5118.592120000007,158.05787999999302
random_forest,3,Case2,2-3,189,7217.93,7287.285139999972,69.35513999997147
random_forest,3,Case2,2-3,218,5864.28,5599.397800000012,264.8821999999882
random_forest,3,Case2,2-3,220,8311.51,7831.307600000021,480.2023999999792
random_forest,3,Case2,2-3,280,7520.07,7775.593920000007,255.5239200000069
random_forest,3,Case3,3-2,008,8213.98,8060.11622000003,153.86377999996967
random_forest,3,Case3,3-2,015,10732.5,10872.040500000006,139.54050000000643
random_forest,3,Case3,3-2,024,9440.06,9436.152240000003,3.907759999996415
random_forest,3,Case3,3-2,048,8730.41,8710.742639999977,19.66736000002311
random_forest,3,Case3,3-2,050,8901.81,8827.813880000007,73.99611999999252
random_forest,3,Case3,3-2,056,8762.19,8727.914380000017,34.275619999983974
random_forest,3,Case3,3-2,062,9575.86,9489.684180000011,86.17581999998947
random_forest,3,Case3,3-2,071,9195.52,9969.60324000004,774.08324000004
random_forest,3,Case3,3-2,077,8307.05,8755.715140000011,448.6651400000119
random_forest,3,Case3,3-2,109,8682.53,8632.962900000015,49.56709999998566
random_forest,3,Case3,3-2,114,10635.3,10305.000400000032,330.29959999996754
random_forest,3,Case3,3-2,115,9323.93,9300.614100000026,23.315899999974135
random_forest,3,Case3,3-2,116,9150.74,9110.388959999955,40.35104000004503
random_forest,3,Case3,3-2,123,8156.32,8129.744080000036,26.575919999963844
random_forest,3,Case3,3-2,133,9265.39,9150.641680000006,114.74831999999333
random_forest,3,Case3,3-2,146,9361.04,9735.68984000002,374.64984000001823
random_forest,3,Case3,3-2,152,9363.76,9360.454660000063,3.3053399999371322
random_forest,3,Case3,3-2,172,8266.19,8225.107320000025,41.08267999997588
random_forest,3,Case3,3-2,176,10315.16,10597.776460000016,282.61646000001565
random_forest,3,Case3,3-2,177,9462.03,9459.335700000056,2.694299999944633
random_forest,3,Case3,3-2,180,8152.2,9107.722200000006,955.5222000000058
random_forest,3,Case3,3-2,189,7246.19,7306.545579999975,60.35557999997582
random_forest,3,Case3,3-2,238,8384.56,8659.700520000028,275.1405200000281
random_forest,3,Case3,3-2,242,9437.64,9864.880920000034,427.24092000003475
random_forest,3,Case3,3-2,258,8666.11,8720.920440000002,54.81044000000111
random_forest,3,Case3,3-2,266,9777.29,9571.380880000004,205.90911999999662
random_forest,3,Case3,3-2,270,8876.44,8846.646079999988,29.793920000012804
random_forest,3,Case3,3-2,275,8701.13,8706.455800000009,5.325800000009622
random_forest,3,Case3,3-2,278,9198.17,8960.081360000006,238.08863999999448
random_forest,3,Case3,3-2,282,9411.36,9388.810340000056,22.549659999944197
random_forest,3,Case3,3-2,295,8201.15,8113.088700000023,88.06129999997665
random_forest,3,Case3,3-3,036,7794.38,7309.834759999986,484.545240000014
random_forest,3,Case3,3-3,091,8342.49,8029.215399999997,313.27460000000247
random_forest,3,Case3,3-3,165,5278.12,5125.228200000009,152.89179999999124
random_forest,3,Case3,3-3,280,7564.28,7760.549440000003,196.26944000000367
random_forest,3,Case4,4-2,008,8209.52,8049.813060000031,159.7069399999691
random_forest,3,Case4,4-2,015,10642.8,10837.927600000003,195.12760000000344
random_forest,3,Case4,4-2,024,9426.01,9433.324700000003,7.314700000002631
random_forest,3,Case4,4-2,048,8710.39,8702.279679999985,8.110320000014326
random_forest,3,Case4,4-2,050,8890.25,8834.587560000007,55.662439999992785
random_forest,3,Case4,4-2,056,8754.9,8717.23926000003,37.66073999997025
random_forest,3,Case4,4-2,062,9494.73,9482.737960000011,11.992039999988265
random_forest,3,Case4,4-2,071,9135.7,9953.521300000044,817.8213000000433
random_forest,3,Case4,4-2,077,8799.82,8749.69406000002,50.12593999997989
random_forest,3,Case4,4-2,081,10995.6,10922.829880000027,72.77011999997376
random_forest,3,Case4,4-2,092,13258.17,11754.204299999936,1503.9657000000643
random_forest,3,Case4,4-2,109,8674.95,8635.871800000024,39.07819999997628
random_forest,3,Case4,4-2,114,10594.3,10301.179960000025,293.1200399999743
random_forest,3,Case4,4-2,115,9272.93,9293.509640000033,20.57964000003267
random_forest,3,Case4,4-2,116,9154.84,9109.422399999958,45.41760000004251
random_forest,3,Case4,4-2,123,8142.56,8133.318360000026,9.241639999974723
random_forest,3,Case4,4-2,133,9261.06,9148.933080000003,112.12691999999697
random_forest,3,Case4,4-2,146,9268.35,9581.108700000013,312.75870000001305
random_forest,3,Case4,4-2,152,9298.31,9347.038220000077,48.72822000007727
random_forest,3,Case4,4-2,172,8249.43,8220.826880000022,28.603119999977935
random_forest,3,Case4,4-2,176,10314.83,10597.330320000014,282.50032000001374
random_forest,3,Case4,4-2,177,9461.26,9471.394040000057,10.134040000057212
random_forest,3,Case4,4-2,180,8141.71,9104.582060000004,962.8720600000042
random_forest,3,Case4,4-2,196,10261.7,9485.548959999984,776.151040000017
random_forest,3,Case4,4-2,238,8878.28,8654.486240000027,223.7937599999732
random_forest,3,Case4,4-2,242,9435.72,9859.976260000032,424.25626000003285
random_forest,3,Case4,4-2,258,8656.22,8706.193880000013,49.973880000014105
random_forest,3,Case4,4-2,266,9697.14,9515.90644,181.23355999999876
random_forest,3,Case4,4-2,270,8851.35,8844.472639999985,6.87736000001496
random_forest,3,Case4,4-2,275,8696.95,8696.132920000018,0.8170799999825249
random_forest,3,Case4,4-2,278,9157.06,8966.27176000001,190.78823999998895
random_forest,3,Case4,4-2,282,9407.51,9380.101720000062,27.408279999937804
random_forest,3,Case4,4-2,295,8201.92,8115.48174000002,86.43825999997989
random_forest,3,Case4,4-3,036,7763.61,7267.703399999981,495.90660000001844
random_forest,3,Case4,4-3,091,8285.91,8036.000039999996,249.9099600000036
random_forest,3,Case4,4-3,165,5276.65,5123.611140000005,153.0388599999942
random_forest,3,Case4,4-3,189,7213.02,7302.563679999976,89.54367999997521
random_forest,3,Case4,4-3,218,5870.83,5596.0066400000105,274.8233599999894
random_forest,3,Case4,4-3,220,8320.82,7832.839400000019,487.98059999998077
random_forest,3,Case4,4-3,280,7512.03,7761.154499999999,249.124499999999
random_forest,4,Case2,2-2,006,9021.54,8865.59940000002,155.9405999999817
random_forest,4,Case2,2-2,014,9183.61,9171.157099999988,12.45290000001296
random_forest,4,Case2,2-2,020,8489.01,8551.445160000012,62.43516000001182
random_forest,4,Case2,2-2,034,8225.8,8496.873260000024,271.0732600000247
random_forest,4,Case2,2-2,049,8796.44,9012.885419999991,216.44541999999092
random_forest,4,Case2,2-2,054,8871.95,8957.347640000005,85.39764000000469
random_forest,4,Case2,2-2,061,8597.57,8644.796100000007,47.226100000007136
random_forest,4,Case2,2-2,076,8048.66,8256.848440000002,208.18844000000172
random_forest,4,Case2,2-2,079,10970.8,11143.810499999974,173.01049999997485
random_forest,4,Case2,2-2,090,8927.66,8883.135159999973,44.524840000027325
random_forest,4,Case2,2-2,101,8350.83,8575.996280000021,225.1662800000213
random_forest,4,Case2,2-2,107,8266.96,8334.824839999981,67.864839999982
random_forest,4,Case2,2-2,117,9017.6,9184.759860000002,167.15986000000157
random_forest,4,Case2,2-2,122,9253.62,9196.906540000005,56.71345999999539
random_forest,4,Case2,2-2,130,8463.5,8440.27236000005,23.227639999950043
random_forest,4,Case2,2-2,135,11366.2,11106.11097999998,260.08902000002126
random_forest,4,Case2,2-2,142,8320.34,8445.503400000027,125.16340000002674
random_forest,4,Case2,2-2,143,11650.0,11537.334019999991,112.66598000000886
random_forest,4,Case2,2-2,150,8885.36,8961.103320000017,75.74332000001596
random_forest,4,Case2,2-2,157,8887.81,8885.169679999986,2.640320000013162
random_forest,4,Case2,2-2,160,8262.23,8448.631820000039,186.40182000003915
random_forest,4,Case2,2-2,186,8104.49,8138.206020000021,33.71602000002167
random_forest,4,Case2,2-2,195,8921.21,8898.46616000001,22.743839999988268
random_forest,4,Case2,2-2,197,11041.5,10967.761339999974,73.73866000002636
random_forest,4,Case2,2-2,207,9311.22,9114.700159999988,196.51984000001175
random_forest,4,Case2,2-2,217,9206.22,9252.37185999998,46.15185999997993
random_forest,4,Case2,2-2,222,8793.92,8498.179360000011,295.74063999998907
random_forest,4,Case2,2-2,251,8173.63,8098.818600000035,74.81139999996503
random_forest,4,Case2,2-2,254,8557.27,8583.780920000052,26.510920000051556
random_forest,4,Case2,2-2,265,9776.91,9505.812259999955,271.0977400000447
random_forest,4,Case2,2-2,289,8529.16,8464.221040000002,64.93895999999768
random_forest,4,Case2,2-3,068,6619.6,6675.55968000002,55.959680000019944
random_forest,4,Case2,2-3,113,7300.42,7298.74946,1.6705400000000736
random_forest,4,Case2,2-3,164,5778.96,5803.731260000002,24.771260000002258
random_forest,4,Case2,2-3,241,5537.34,5489.462899999999,47.87710000000152
random_forest,4,Case2,2-3,261,8316.38,8303.416059999992,12.963940000006914
random_forest,4,Case2,2-3,284,6867.36,6610.398560000015,256.9614399999846
random_forest,4,Case2,2-3,297,5445.15,5476.000159999999,30.85015999999905
random_forest,4,Case3,3-2,006,9061.0,8851.614980000015,209.38501999998516
random_forest,4,Case3,3-2,014,9241.26,9170.783599999982,70.47640000001775
random_forest,4,Case3,3-2,020,8531.82,8582.492180000012,50.672180000012304
random_forest,4,Case3,3-2,034,8279.16,8535.207380000025,256.04738000002544
random_forest,4,Case3,3-2,049,8827.47,9016.057939999992,188.58793999999216
random_forest,4,Case3,3-2,054,8935.62,8960.658920000002,25.03892000000087
random_forest,4,Case3,3-2,061,8639.92,8643.053100000003,3.1331000000027416
random_forest,4,Case3,3-2,076,8092.14,8234.88788000001,142.747880000009
random_forest,4,Case3,3-2,090,8941.44,8886.928779999973,54.511220000027606
random_forest,4,Case3,3-2,101,8407.21,8545.505080000035,138.29508000003625
random_forest,4,Case3,3-2,107,8328.72,8320.56127999998,8.158720000019457
random_forest,4,Case3,3-2,117,9032.8,9186.642980000004,153.8429800000049
random_forest,4,Case3,3-2,122,9264.56,9201.692200000005,62.86779999999453
random_forest,4,Case3,3-2,130,8438.46,8444.69676000004,6.236760000041613
random_forest,4,Case3,3-2,142,8368.03,8443.524660000023,75.49466000002212
random_forest,4,Case3,3-2,150,8923.98,8964.645820000022,40.665820000021995
random_forest,4,Case3,3-2,157,8927.15,8889.593439999982,37.55656000001727
random_forest,4,Case3,3-2,160,8304.78,8461.818040000036,157.03804000003583
random_forest,4,Case3,3-2,186,8153.43,8227.156400000005,73.72640000000501
random_forest,4,Case3,3-2,195,8967.38,8899.13768000002,68.24231999997937
random_forest,4,Case3,3-2,207,9301.84,9122.719739999991,179.12026000000878
random_forest,4,Case3,3-2,217,9277.55,9260.558719999977,16.991280000022016
random_forest,4,Case3,3-2,222,8802.55,8500.322060000013,302.2279399999861
random_forest,4,Case3,3-2,251,8205.18,8184.051800000026,21.12819999997464
random_forest,4,Case3,3-2,254,8614.23,8603.138360000052,11.091639999947802
random_forest,4,Case3,3-2,265,9798.4,9509.094379999953,289.3056200000465
random_forest,4,Case3,3-2,289,8561.59,8476.221260000006,85.36873999999443
random_forest,4,Case3,3-3,068,6643.69,6692.110180000026,48.42018000002645
random_forest,4,Case3,3-3,113,7327.34,7326.5190600000005,0.8209399999996094
random_forest,4,Case3,3-3,164,5800.36,5800.014020000005,0.34597999999459716
random_forest,4,Case3,3-3,241,5555.97,5504.3435199999785,51.62648000002173
random_forest,4,Case3,3-3,261,8359.52,8290.451899999993,69.06810000000769
random_forest,4,Case3,3-3,284,6903.6,6611.590240000016,292.00975999998445
random_forest,4,Case3,3-3,297,5465.9,5473.27352,7.373520000000099
random_forest,4,Case4,4-2,006,9033.2,8854.462880000021,178.73711999997977
random_forest,4,Case4,4-2,014,9200.57,9165.067039999984,35.502960000016174
random_forest,4,Case4,4-2,020,8493.42,8562.959940000013,69.5399400000133
random_forest,4,Case4,4-2,034,8217.77,8533.065540000021,315.295540000021
random_forest,4,Case4,4-2,049,8324.09,9014.280719999993,690.1907199999932
random_forest,4,Case4,4-2,054,3858.23,8960.85338000001,5102.62338000001
random_forest,4,Case4,4-2,061,8594.79,8650.098000000009,55.30800000000818
random_forest,4,Case4,4-2,076,8047.75,8208.061080000021,160.31108000002132
random_forest,4,Case4,4-2,079,10986.1,11159.969499999976,173.86949999997523
random_forest,4,Case4,4-2,090,8936.35,8886.61779999997,49.73220000002948
random_forest,4,Case4,4-2,101,8345.89,8542.00664000003,196.1166400000311
random_forest,4,Case4,4-2,107,8282.85,8312.398459999988,29.548459999987244
random_forest,4,Case4,4-2,117,9020.0,9187.735740000004,167.73574000000372
random_forest,4,Case4,4-2,122,9259.09,9200.39882,58.691179999999804
random_forest,4,Case4,4-2,130,8472.59,8447.783240000039,24.806759999961287
random_forest,4,Case4,4-2,135,11379.8,11086.63949999999,293.16050000000905
random_forest,4,Case4,4-2,139,10651.2,10987.043779999956,335.8437799999556
random_forest,4,Case4,4-2,142,8323.03,8404.522139999995,81.49213999999483
random_forest,4,Case4,4-2,143,11661.3,11538.508019999988,122.79198000001088
random_forest,4,Case4,4-2,150,8393.31,8960.445360000018,567.1353600000184
random_forest,4,Case4,4-2,157,8922.35,8887.183799999983,35.16620000001785
random_forest,4,Case4,4-2,160,8271.05,8452.942440000035,181.892440000036
random_forest,4,Case4,4-2,164,5783.69,5784.305320000005,0.6153200000053403
random_forest,4,Case4,4-2,186,8108.06,8210.73610000001,102.67610000000877
random_forest,4,Case4,4-2,195,8939.36,8895.83716000002,43.52283999998144
random_forest,4,Case4,4-2,197,11075.8,10980.726419999977,95.07358000002205
random_forest,4,Case4,4-2,207,9303.37,9120.866939999993,182.5030600000082
random_forest,4,Case4,4-2,217,9207.39,9253.082779999977,45.692779999977574
random_forest,4,Case4,4-2,222,8797.77,8495.753660000013,302.0163399999874
random_forest,4,Case4,4-2,251,8184.93,8169.8531800000255,15.07681999997476
random_forest,4,Case4,4-2,254,8567.25,8597.577720000054,30.327720000053887
random_forest,4,Case4,4-2,255,10433.7,10319.466380000007,114.2336199999936
random_forest,4,Case4,4-2,261,8297.85,8287.154719999991,10.695280000009006
random_forest,4,Case4,4-2,265,9524.98,9506.002659999953,18.977340000046752
random_forest,4,Case4,4-2,267,10699.2,10756.831700000024,57.63170000002356
random_forest,4,Case4,4-2,289,8537.58,8465.918020000001,71.66197999999895
random_forest,4,Case4,4-3,068,6618.99,6685.560700000022,66.57070000002204
random_forest,4,Case4,4-3,113,7296.78,7305.230039999999,8.450039999998808
random_forest,4,Case4,4-3,241,5539.4,5530.882999999972,8.51700000002802
random_forest,4,Case4,4-3,284,6862.44,6601.216540000015,261.2234599999847
random_forest,4,Case4,4-3,297,5450.35,5524.21093999999,73.86093999998957
random_forest,5,Case2,2-2,001,8697.15,8337.431760000009,359.71823999999106
random_forest,5,Case2,2-2,005,8715.42,8746.46001999999,31.040019999989454
random_forest,5,Case2,2-2,012,8310.0,8326.634779999957,16.634779999956663
random_forest,5,Case2,2-2,018,10022.7,10213.072280000031,190.3722800000305
random_forest,5,Case2,2-2,019,8975.8,8924.754959999995,51.04504000000452
random_forest,5,Case2,2-2,022,10640.2,11236.677440000021,596.4774400000206
random_forest,5,Case2,2-2,053,7984.69,8260.867560000015,276.17756000001555
random_forest,5,Case2,2-2,065,8961.57,9032.915319999996,71.34531999999672
random_forest,5,Case2,2-2,089,8920.29,8617.551320000042,302.73867999995855
random_forest,5,Case2,2-2,106,8634.92,8686.113080000014,51.19308000001365
random_forest,5,Case2,2-2,121,8402.24,8405.761320000003,3.5213200000034703
random_forest,5,Case2,2-2,149,9353.49,9327.865059999995,25.624940000005154
random_forest,5,Case2,2-2,158,8920.42,8062.871640000035,857.5483599999652
random_forest,5,Case2,2-2,163,8922.57,8924.490879999998,1.920879999997851
random_forest,5,Case2,2-2,178,9368.01,9360.96785999997,7.042140000030486
random_forest,5,Case2,2-2,185,9058.71,9135.089060000006,76.37906000000658
random_forest,5,Case2,2-2,216,8903.35,8858.222659999985,45.127340000015465
random_forest,5,Case2,2-2,224,8314.63,8243.350359999986,71.27964000001339
random_forest,5,Case2,2-2,236,9098.7,8963.09362,135.60638000000108
random_forest,5,Case2,2-2,240,8845.76,8939.511640000008,93.75164000000768
random_forest,5,Case2,2-2,253,10363.9,10690.002919999966,326.1029199999666
random_forest,5,Case2,2-2,268,8977.42,9021.438079999969,44.018079999968904
random_forest,5,Case2,2-2,281,8586.12,8540.896340000008,45.22365999999238
random_forest,5,Case2,2-2,288,10817.0,10827.162479999986,10.162479999986317
random_forest,5,Case2,2-2,290,9332.03,9251.812679999994,80.21732000000702
random_forest,5,Case2,2-3,032,6180.54,6208.431599999984,27.891599999984464
random_forest,5,Case2,2-3,059,5507.95,5484.052239999986,23.897760000013477
random_forest,5,Case2,2-3,074,4993.36,5704.504500000004,711.144500000004
random_forest,5,Case2,2-3,098,7968.86,7611.469099999996,357.39090000000397
random_forest,5,Case2,2-3,112,6465.49,6578.917679999989,113.42767999998887
random_forest,5,Case2,2-3,129,6945.84,7040.213480000001,94.37348000000111
random_forest,5,Case2,2-3,140,4741.28,5797.535700000005,1056.2557000000052
random_forest,5,Case2,2-3,168,4807.71,5742.319320000002,934.6093200000023
random_forest,5,Case2,2-3,171,6380.88,6085.156359999991,295.72364000000925
random_forest,5,Case2,2-3,194,6403.58,6420.798619999977,17.21861999997691
random_forest,5,Case2,2-3,249,6042.45,5837.631859999993,204.81814000000668
random_forest,5,Case2,2-3,263,6464.17,6595.719000000033,131.54900000003272
random_forest,5,Case2,2-3,274,9485.0,9264.691620000012,220.30837999998766
random_forest,5,Case3,3-2,001,8768.69,8336.091060000008,432.5989399999926
random_forest,5,Case3,3-2,005,8734.73,8758.925039999986,24.195039999985966
random_forest,5,Case3,3-2,012,8354.82,8331.056479999941,23.763520000058634
random_forest,5,Case3,3-2,013,10196.5,10226.928559999978,30.42855999997846
random_forest,5,Case3,3-2,018,10050.5,10303.309780000034,252.80978000003415
random_forest,5,Case3,3-2,019,8984.98,8929.16803999999,55.811960000010004
random_forest,5,Case3,3-2,053,7996.97,8262.728860000016,265.7588600000154
random_forest,5,Case3,3-2,065,9023.73,9035.91686,12.186859999999797
random_forest,5,Case3,3-2,089,8934.33,8650.49746000004,283.8325399999594
random_forest,5,Case3,3-2,106,8663.29,8694.841960000012,31.551960000011604
random_forest,5,Case3,3-2,121,8426.2,8422.827440000001,3.372559999999794
random_forest,5,Case3,3-2,145,11377.85,9371.045360000027,2006.804639999973
random_forest,5,Case3,3-2,149,9398.75,9342.723059999988,56.02694000001247
random_forest,5,Case3,3-2,158,8940.4,8113.082620000034,827.3173799999659
random_forest,5,Case3,3-2,163,8933.41,8927.774559999993,5.635440000007293
random_forest,5,Case3,3-2,178,9434.99,9373.874699999966,61.11530000003404
random_forest,5,Case3,3-2,185,9103.53,9153.83234,50.302340000000186
random_forest,5,Case3,3-2,216,8948.98,8854.512519999995,94.4674800000048
random_forest,5,Case3,3-2,236,9133.57,8970.346079999996,163.223920000004
random_forest,5,Case3,3-2,240,8911.41,8951.522079999995,40.11207999999533
random_forest,5,Case3,3-2,268,9018.86,9024.419739999967,5.559739999966041
random_forest,5,Case3,3-2,274,9496.66,9268.467160000011,228.1928399999888
random_forest,5,Case3,3-2,281,8646.6,8624.163540000007,22.43645999999353
random_forest,5,Case3,3-2,290,9327.12,9255.273739999999,71.84626000000208
random_forest,5,Case3,3-3,032,6208.82,6205.394699999985,3.425300000014431
random_forest,5,Case3,3-3,059,5522.86,5503.896760000002,18.963239999997313
random_forest,5,Case3,3-3,074,5000.25,4967.880039999984,32.36996000001636
random_forest,5,Case3,3-3,098,8001.33,7628.952519999994,372.37748000000556
random_forest,5,Case3,3-3,112,6473.95,6579.973379999992,106.02337999999236
random_forest,5,Case3,3-3,129,6982.28,7037.632519999999,55.35251999999946
random_forest,5,Case3,3-3,140,4741.93,5801.944360000005,1060.0143600000047
random_forest,5,Case3,3-3,168,4804.88,5681.063160000004,876.1831600000041
random_forest,5,Case3,3-3,194,6436.39,6397.03587999998,39.354120000019975
random_forest,5,Case3,3-3,249,6069.85,5850.049459999993,219.80054000000746
random_forest,5,Case3,3-3,263,6481.85,6605.785120000036,123.93512000003557
random_forest,5,Case4,4-2,001,8706.62,8336.205039999997,370.4149600000037
random_forest,5,Case4,4-2,005,8727.04,8749.807099999984,22.767099999982747
random_forest,5,Case4,4-2,012,8317.72,8329.603539999942,11.883539999942514
random_forest,5,Case4,4-2,018,10046.6,10298.240560000038,251.64056000003802
random_forest,5,Case4,4-2,019,8979.49,8926.7971,52.69290000000001
random_forest,5,Case4,4-2,022,10657.4,11237.931640000026,580.5316400000265
random_forest,5,Case4,4-2,053,7985.48,8262.215920000015,276.73592000001554
random_forest,5,Case4,4-2,065,8972.73,9031.529739999998,58.799739999998565
random_forest,5,Case4,4-2,089,8926.04,8633.13928000004,292.90071999996144
random_forest,5,Case4,4-2,106,8645.4,8688.384380000014,42.984380000014426
random_forest,5,Case4,4-2,121,8411.86,8410.01862000001,1.8413799999907496
random_forest,5,Case4,4-2,145,11283.35,9337.021080000026,1946.3289199999745
random_forest,5,Case4,4-2,149,9364.37,9326.830779999995,37.539220000006026
random_forest,5,Case4,4-2,158,8928.6,8067.839800000033,860.760199999967
random_forest,5,Case4,4-2,163,8926.04,8925.56552,0.4744800000007672
random_forest,5,Case4,4-2,178,9373.68,9361.366519999967,12.31348000003345
random_forest,5,Case4,4-2,185,9093.44,9151.05864,57.61863999999878
random_forest,5,Case4,4-2,216,8916.43,8852.347499999994,64.0825000000059
random_forest,5,Case4,4-2,224,8303.52,8225.748899999986,77.77110000001448
random_forest,5,Case4,4-2,230,9913.11,10367.124880000023,454.01488000002246
random_forest,5,Case4,4-2,236,9108.33,8965.243199999999,143.08680000000095
random_forest,5,Case4,4-2,240,8846.73,8926.189060000002,79.45906000000286
random_forest,5,Case4,4-2,253,10393.1,10689.451719999972,296.35171999997146
random_forest,5,Case4,4-2,268,9016.19,9023.125499999973,6.935499999972308
random_forest,5,Case4,4-2,274,9495.92,9263.66452000001,232.2554799999907
random_forest,5,Case4,4-2,281,8595.56,8623.97904000001,28.419040000009772
random_forest,5,Case4,4-2,288,10824.8,10834.88468,10.084679999999935
random_forest,5,Case4,4-2,290,9327.11,9255.260799999996,71.8492000000042
random_forest,5,Case4,4-3,032,6183.72,6157.716819999985,26.003180000015163
random_forest,5,Case4,4-3,059,5509.38,5529.67733999999,20.297339999990072
random_forest,5,Case4,4-3,074,4996.97,5085.363140000002,88.39314000000195
random_forest,5,Case4,4-3,098,7968.58,7612.955699999996,355.62430000000404
random_forest,5,Case4,4-3,112,6466.69,6570.694519999987,104.00451999998768
random_forest,5,Case4,4-3,129,6939.89,7025.3759800000025,85.4859800000022
random_forest,5,Case4,4-3,140,4741.89,5801.026020000005,1059.1360200000045
random_forest,5,Case4,4-3,168,4803.74,4969.872959999986,166.13295999998627
random_forest,5,Case4,4-3,171,6386.73,6063.459899999996,323.27010000000337
random_forest,5,Case4,4-3,194,6409.51,6295.802159999991,113.70784000000913
random_forest,5,Case4,4-3,249,6046.94,5850.354459999992,196.5855400000073
random_forest,5,Case4,4-3,263,6464.78,6603.310140000036,138.53014000003623
hist_gradient_boosting,1,Case2,2-2,011,7744.72,7985.629781938377,240.9097819383769
hist_gradient_boosting,1,Case2,2-2,041,8712.09,8696.743030003168,15.346969996831831
hist_gradient_boosting,1,Case2,2-2,045,8854.74,8666.106126792554,188.6338732074455
hist_gradient_boosting,1,Case2,2-2,052,9034.28,9437.695390174105,403.4153901741047
hist_gradient_boosting,1,Case2,2-2,058,8585.22,8718.08488275169,132.86488275168995
hist_gradient_boosting,1,Case2,2-2,064,9213.87,9209.259879005675,4.61012099432628
hist_gradient_boosting,1,Case2,2-2,073,9232.53,9339.98836748357,107.45836748356851
hist_gradient_boosting,1,Case2,2-2,075,9367.34,9294.812870603175,72.52712939682533
hist_gradient_boosting,1,Case2,2-2,087,11639.6,11423.583704994133,216.0162950058675
hist_gradient_boosting,1,Case2,2-2,097,8747.88,8758.272998322005,10.392998322005951
hist_gradient_boosting,1,Case2,2-2,104,8064.82,8075.0609671847205,10.24096718472083
hist_gradient_boosting,1,Case2,2-2,111,8024.11,8392.747292317992,368.63729231799243
hist_gradient_boosting,1,Case2,2-2,120,8876.83,8884.530921064694,7.70092106469383
hist_gradient_boosting,1,Case2,2-2,132,11718.6,11822.395404638855,103.79540463885496
hist_gradient_boosting,1,Case2,2-2,136,8842.46,8768.328716305248,74.13128369475089
hist_gradient_boosting,1,Case2,2-2,138,9373.89,9480.48025210043,106.59025210043
hist_gradient_boosting,1,Case2,2-2,162,8347.5,8294.608310862188,52.891689137812136
hist_gradient_boosting,1,Case2,2-2,191,8182.2,8219.344743693457,37.1447436934568
hist_gradient_boosting,1,Case2,2-2,202,9328.45,9347.567267643086,19.117267643085142
hist_gradient_boosting,1,Case2,2-2,203,10452.2,10432.124114547158,20.075885452843067
hist_gradient_boosting,1,Case2,2-2,227,7772.28,7957.8542503029275,185.5742503029278
hist_gradient_boosting,1,Case2,2-2,228,9009.52,9335.292321725781,325.7723217257808
hist_gradient_boosting,1,Case2,2-2,231,8906.39,8877.277713256752,29.11228674324775
hist_gradient_boosting,1,Case2,2-2,235,8307.34,8321.697022100849,14.357022100848553
hist_gradient_boosting,1,Case2,2-2,237,9413.17,9599.292581860576,186.12258186057625
hist_gradient_boosting,1,Case2,2-2,283,8694.18,8949.803448178616,255.62344817861594
hist_gradient_boosting,1,Case2,2-3,030,6271.66,6371.741222664628,100.08122266462851
hist_gradient_boosting,1,Case2,2-3,088,9582.35,9496.666781709184,85.68321829081651
hist_gradient_boosting,1,Case2,2-3,126,6540.67,6534.980849912928,5.6891500870724485
hist_gradient_boosting,1,Case2,2-3,159,5114.45,5011.499415238013,102.95058476198665
hist_gradient_boosting,1,Case2,2-3,167,4929.14,4954.363710852138,25.22371085213763
hist_gradient_boosting,1,Case2,2-3,210,7169.93,7752.603273557517,582.673273557517
hist_gradient_boosting,1,Case2,2-3,215,5826.76,5802.087045808838,24.672954191161807
hist_gradient_boosting,1,Case2,2-3,239,8001.3,8376.547757056269,375.2477570562687
hist_gradient_boosting,1,Case2,2-3,248,7687.01,7748.670166188833,61.66016618883259
hist_gradient_boosting,1,Case2,2-3,256,7025.17,7261.496706103763,236.32670610376317
hist_gradient_boosting,1,Case2,2-3,291,6712.27,6917.499701914552,205.2297019145517
hist_gradient_boosting,1,Case2,2-3,298,8637.42,8236.404513149173,401.0154868508271
hist_gradient_boosting,1,Case2,2-3,299,7867.89,7729.430924634245,138.45907536575578
hist_gradient_boosting,1,Case3,3-2,011,7792.35,8022.081456948091,229.73145694809045
hist_gradient_boosting,1,Case3,3-2,041,8761.44,8708.192903654537,53.24709634546343
hist_gradient_boosting,1,Case3,3-2,045,8910.16,8655.312185128252,254.8478148717477
hist_gradient_boosting,1,Case3,3-2,052,9044.2,9448.735856312422,404.53585631242095
hist_gradient_boosting,1,Case3,3-2,058,8639.59,8735.724679633222,96.13467963322182
hist_gradient_boosting,1,Case3,3-2,064,9261.27,9214.851733989524,46.418266010476145
hist_gradient_boosting,1,Case3,3-2,073,9251.96,8952.171246704303,299.78875329569564
hist_gradient_boosting,1,Case3,3-2,075,9364.49,9299.317068959106,65.17293104089367
hist_gradient_boosting,1,Case3,3-2,088,9648.35,9496.666781709184,151.6832182908165
hist_gradient_boosting,1,Case3,3-2,097,8785.64,8824.805951704771,39.16595170477194
hist_gradient_boosting,1,Case3,3-2,104,8078.29,8080.850861318385,2.560861318384923
hist_gradient_boosting,1,Case3,3-2,111,8053.2,8566.293906623992,513.0939066239926
hist_gradient_boosting,1,Case3,3-2,120,8940.13,8924.171087415325,15.95891258467418
hist_gradient_boosting,1,Case3,3-2,136,8867.91,8776.318265552261,91.59173444773842
hist_gradient_boosting,1,Case3,3-2,138,9435.7,9497.961667055131,62.2616670551306
hist_gradient_boosting,1,Case3,3-2,162,8405.27,8322.201205125988,83.06879487401238
hist_gradient_boosting,1,Case3,3-2,191,8216.35,8210.43897754111,5.911022458891239
hist_gradient_boosting,1,Case3,3-2,202,9359.41,9388.537766928011,29.127766928011624
hist_gradient_boosting,1,Case3,3-2,203,10533.7,10412.891007614342,120.80899238565871
hist_gradient_boosting,1,Case3,3-2,231,8918.4,8881.553781202225,36.84621879777478
hist_gradient_boosting,1,Case3,3-2,235,8335.92,8332.823406661033,3.096593338967068
hist_gradient_boosting,1,Case3,3-2,283,8705.14,8953.056400922558,247.91640092255875
hist_gradient_boosting,1,Case3,3-3,030,5275.29,6378.95289845544,1103.66289845544
hist_gradient_boosting,1,Case3,3-3,126,6544.8,6542.421849199304,2.3781508006959484
hist_gradient_boosting,1,Case3,3-3,159,5126.49,5215.832194550847,89.34219455084713
hist_gradient_boosting,1,Case3,3-3,167,4936.89,4980.497425122331,43.607425122330824
hist_gradient_boosting,1,Case3,3-3,215,5850.45,6028.194526691087,177.74452669108723
hist_gradient_boosting,1,Case3,3-3,227,7813.14,7981.202639263709,168.06263926370866
hist_gradient_boosting,1,Case3,3-3,239,8051.72,8365.149761393533,313.4297613935332
hist_gradient_boosting,1,Case3,3-3,248,7728.94,7755.669503866742,26.72950386674256
hist_gradient_boosting,1,Case3,3-3,256,7065.09,7270.203649254035,205.1136492540345
hist_gradient_boosting,1,Case3,3-3,291,6740.72,6929.566513953248,188.84651395324818
hist_gradient_boosting,1,Case3,3-3,298,8687.94,8298.086577250902,389.8534227490982
hist_gradient_boosting,1,Case3,3-3,299,7887.16,7694.351159368574,192.80884063142548
hist_gradient_boosting,1,Case4,4-2,011,7736.55,7988.183139075378,251.63313907537758
hist_gradient_boosting,1,Case4,4-2,041,8722.7,8665.996621962611,56.703378037389484
hist_gradient_boosting,1,Case4,4-2,045,8835.17,8556.778079549438,278.3919204505619
hist_gradient_boosting,1,Case4,4-2,052,9036.4,9455.998216025326,419.5982160253261
hist_gradient_boosting,1,Case4,4-2,058,8625.62,8728.017722970655,102.39772297065429
hist_gradient_boosting,1,Case4,4-2,064,9241.54,9212.516117598967,29.023882401033916
hist_gradient_boosting,1,Case4,4-2,073,9240.82,8871.584574321863,369.2354256781364
hist_gradient_boosting,1,Case4,4-2,075,9362.12,9299.465706947534,62.65429305246653
hist_gradient_boosting,1,Case4,4-2,087,11685.5,11446.643492044399,238.85650795560105
hist_gradient_boosting,1,Case4,4-2,088,9569.85,9479.042853244142,90.80714675585841
hist_gradient_boosting,1,Case4,4-2,097,8715.93,8783.1082980608,67.17829806080044
hist_gradient_boosting,1,Case4,4-2,104,8074.1,8076.295696026374,2.195696026373298
hist_gradient_boosting,1,Case4,4-2,111,8036.41,8551.562176391813,515.1521763918136
hist_gradient_boosting,1,Case4,4-2,120,8877.22,8888.067747300438,10.847747300438641
hist_gradient_boosting,1,Case4,4-2,126,6539.82,6539.817579124718,0.0024208752820413793
hist_gradient_boosting,1,Case4,4-2,132,11688.4,11794.561207178143,106.16120717814374
hist_gradient_boosting,1,Case4,4-2,134,10817.1,11083.178160886931,266.0781608869311
hist_gradient_boosting,1,Case4,4-2,136,8850.5,8743.542132209383,106.95786779061746
hist_gradient_boosting,1,Case4,4-2,138,9382.58,9454.38971141936,71.80971141936061
hist_gradient_boosting,1,Case4,4-2,148,12684.8,11278.322630140965,1406.4773698590343
hist_gradient_boosting,1,Case4,4-2,162,8379.19,8296.570472794729,82.61952720527188
hist_gradient_boosting,1,Case4,4-2,191,8208.02,8198.729102971593,9.290897028407926
hist_gradient_boosting,1,Case4,4-2,202,9337.74,9330.352473667852,7.3875263321479
hist_gradient_boosting,1,Case4,4-2,203,10441.9,10443.268270012264,1.3682700122644746
hist_gradient_boosting,1,Case4,4-2,227,7765.88,7952.634885453414,186.75488545341432
hist_gradient_boosting,1,Case4,4-2,228,9018.71,9391.962554359836,373.2525543598367
hist_gradient_boosting,1,Case4,4-2,231,8913.59,8887.008641741397,26.58135825860336
hist_gradient_boosting,1,Case4,4-2,235,8315.67,8318.990219262387,3.320219262386672
hist_gradient_boosting,1,Case4,4-2,237,9420.0,9622.162476103284,202.16247610328355
hist_gradient_boosting,1,Case4,4-2,283,8701.52,8868.248652407496,166.72865240749525
hist_gradient_boosting,1,Case4,4-3,030,6274.73,6380.544326044579,105.8143260445795
hist_gradient_boosting,1,Case4,4-3,159,5120.11,5246.306804340192,126.1968043401921
hist_gradient_boosting,1,Case4,4-3,167,4933.23,4970.861554695486,37.63155469548656
hist_gradient_boosting,1,Case4,4-3,210,7171.42,7792.657998881471,621.237998881471
hist_gradient_boosting,1,Case4,4-3,215,5827.83,5787.245303874982,40.58469612501813
hist_gradient_boosting,1,Case4,4-3,239,7989.15,8333.559676071385,344.40967607138555
hist_gradient_boosting,1,Case4,4-3,248,7688.39,7786.348921986647,97.9589219866466
hist_gradient_boosting,1,Case4,4-3,256,7023.06,7297.0809346081105,274.0209346081101
hist_gradient_boosting,1,Case4,4-3,291,6707.27,6924.109661443828,216.83966144382794
hist_gradient_boosting,1,Case4,4-3,298,8636.61,8223.069584292762,413.54041570723894
hist_gradient_boosting,1,Case4,4-3,299,7862.29,7681.899084547866,180.39091545213432
hist_gradient_boosting,2,Case2,2-2,009,8330.47,8672.87160592537,342.40160592536995
hist_gradient_boosting,2,Case2,2-2,017,9424.95,9302.681956635524,122.2680433644764
hist_gradient_boosting,2,Case2,2-2,028,10597.82,11144.511636762083,546.6916367620834
hist_gradient_boosting,2,Case2,2-2,040,9308.02,9523.873028249853,215.8530282498523
hist_gradient_boosting,2,Case2,2-2,047,9107.6,8824.502940123182,283.0970598768181
hist_gradient_boosting,2,Case2,2-2,051,9336.15,9840.008573727959,503.8585737279591
hist_gradient_boosting,2,Case2,2-2,057,8677.45,8461.968124721043,215.4818752789579
hist_gradient_boosting,2,Case2,2-2,063,10920.8,10903.466652340767,17.33334765923246
hist_gradient_boosting,2,Case2,2-2,069,10912.0,11239.618810963151,327.6188109631512
hist_gradient_boosting,2,Case2,2-2,078,9466.57,9571.680763028564,105.11076302856418
hist_gradient_boosting,2,Case2,2-2,083,9169.83,8803.584303886355,366.24569611364495
hist_gradient_boosting,2,Case2,2-2,095,9000.84,8841.745966236338,159.09403376366208
hist_gradient_boosting,2,Case2,2-2,102,8859.91,8781.108193805965,78.80180619403473
hist_gradient_boosting,2,Case2,2-2,103,8505.85,8074.144446017905,431.7055539820958
hist_gradient_boosting,2,Case2,2-2,110,8039.72,8061.630983956471,21.910983956470773
hist_gradient_boosting,2,Case2,2-2,125,8701.62,8697.501904901485,4.118095098516278
hist_gradient_boosting,2,Case2,2-2,144,11805.8,11362.205196313973,443.59480368602635
hist_gradient_boosting,2,Case2,2-2,147,8733.58,8715.05082250203,18.529177497970522
hist_gradient_boosting,2,Case2,2-2,166,8202.09,8198.396736556775,3.693263443225078
hist_gradient_boosting,2,Case2,2-2,182,8713.56,8799.302235502848,85.74223550284842
hist_gradient_boosting,2,Case2,2-2,190,11761.0,11572.230828326823,188.76917167317697
hist_gradient_boosting,2,Case2,2-2,201,8916.75,8925.085653006212,8.335653006211942
hist_gradient_boosting,2,Case2,2-2,214,8549.55,8216.757332775816,332.7926672241829
hist_gradient_boosting,2,Case2,2-2,219,8827.59,8755.409801758267,72.1801982417328
hist_gradient_boosting,2,Case2,2-2,225,8689.59,8745.801405638611,56.21140563861081
hist_gradient_boosting,2,Case2,2-2,233,8783.48,8489.367614349121,294.1123856508784
hist_gradient_boosting,2,Case2,2-2,271,10256.9,10290.879026547824,33.979026547824105
hist_gradient_boosting,2,Case2,2-2,285,9252.88,9055.194609161572,197.68539083842734
hist_gradient_boosting,2,Case2,2-2,287,8772.37,8601.327643176433,171.0423568235674
hist_gradient_boosting,2,Case2,2-3,072,7542.06,7619.047055773558,76.98705577355759
hist_gradient_boosting,2,Case2,2-3,119,7399.44,7585.635928413585,186.19592841358553
hist_gradient_boosting,2,Case2,2-3,155,8194.83,7818.132379636349,376.69762036365137
hist_gradient_boosting,2,Case2,2-3,204,8795.31,8482.884310476124,312.4256895238759
hist_gradient_boosting,2,Case2,2-3,232,7789.35,7715.871376699048,73.47862330095268
hist_gradient_boosting,2,Case2,2-3,245,7852.4,8065.664080618323,213.26408061832353
hist_gradient_boosting,2,Case2,2-3,259,8168.05,8109.996529541558,58.05347045844246
hist_gradient_boosting,2,Case2,2-3,293,7286.09,7554.963071736179,268.87307173617864
hist_gradient_boosting,2,Case3,3-2,009,8861.12,8539.36217979994,321.75782020006045
hist_gradient_boosting,2,Case3,3-2,017,9436.03,9342.581062696043,93.44893730395779
hist_gradient_boosting,2,Case3,3-2,028,10604.84,11144.511636762083,539.6716367620829
hist_gradient_boosting,2,Case3,3-2,040,9402.13,9527.56759551503,125.4375955150299
hist_gradient_boosting,2,Case3,3-2,047,9170.59,8824.502940123182,346.0870598768179
hist_gradient_boosting,2,Case3,3-2,051,9400.18,9816.08737536357,415.9073753635694
hist_gradient_boosting,2,Case3,3-2,057,8713.41,8686.782892025758,26.62710797424188
hist_gradient_boosting,2,Case3,3-2,063,10926.7,10907.561366437485,19.13863356251568
hist_gradient_boosting,2,Case3,3-2,078,9469.55,9570.067083275135,100.51708327513552
hist_gradient_boosting,2,Case3,3-2,083,9146.8,8847.998668490567,298.8013315094322
hist_gradient_boosting,2,Case3,3-2,095,9043.4,8844.413722410702,198.98627758929797
hist_gradient_boosting,2,Case3,3-2,102,8869.34,8777.864277124789,91.47572287521143
hist_gradient_boosting,2,Case3,3-2,103,8564.86,8415.656788271732,149.2032117282688
hist_gradient_boosting,2,Case3,3-2,110,8076.74,8093.094774310024,16.354774310024368
hist_gradient_boosting,2,Case3,3-2,125,8744.04,8757.776767018877,13.73676701887598
hist_gradient_boosting,2,Case3,3-2,147,8800.48,8786.242671571625,14.237328428374894
hist_gradient_boosting,2,Case3,3-2,166,8255.97,8223.576194425903,32.393805574096405
hist_gradient_boosting,2,Case3,3-2,170,10975.3,11180.273531981775,204.97353198177552
hist_gradient_boosting,2,Case3,3-2,182,8747.62,8801.820036029465,54.20003602946417
hist_gradient_boosting,2,Case3,3-2,183,10931.7,11063.580818199078,131.8808181990771
hist_gradient_boosting,2,Case3,3-2,190,11737.4,11572.601390116995,164.79860988300425
hist_gradient_boosting,2,Case3,3-2,201,8975.94,8934.895648095297,41.044351904703944
hist_gradient_boosting,2,Case3,3-2,214,8583.16,8349.551404856365,233.60859514363437
hist_gradient_boosting,2,Case3,3-2,219,8860.89,8777.783001780153,83.10699821984599
hist_gradient_boosting,2,Case3,3-2,225,8717.82,8830.305668366294,112.4856683662947
hist_gradient_boosting,2,Case3,3-2,233,8803.36,8478.152576913468,325.2074230865328
hist_gradient_boosting,2,Case3,3-2,245,7898.81,8085.277179193774,186.46717919377352
hist_gradient_boosting,2,Case3,3-2,271,10286.4,10306.168489289943,19.768489289943318
hist_gradient_boosting,2,Case3,3-2,285,9287.2,9130.21468585331,156.98531414669014
hist_gradient_boosting,2,Case3,3-2,287,8809.84,8602.982021159303,206.8579788406969
hist_gradient_boosting,2,Case3,3-3,072,7553.53,7634.472199209049,80.94219920904925
hist_gradient_boosting,2,Case3,3-3,119,7414.86,7600.605502878985,185.74550287898546
hist_gradient_boosting,2,Case3,3-3,155,8209.51,7962.1946190066965,247.31538099330373
hist_gradient_boosting,2,Case3,3-3,232,7827.7,7766.719207850717,60.980792149282934
hist_gradient_boosting,2,Case3,3-3,259,8197.8,8123.954716157578,73.84528384242094
hist_gradient_boosting,2,Case3,3-3,293,7297.97,7553.934648946454,255.96464894645396
hist_gradient_boosting,2,Case4,4-2,009,8840.09,8546.48154011234,293.6084598876605
hist_gradient_boosting,2,Case4,4-2,017,9433.28,9335.006239144443,98.27376085555807
hist_gradient_boosting,2,Case4,4-2,028,10604.54,11073.23690610134,468.69690610133875
hist_gradient_boosting,2,Case4,4-2,040,9305.13,9428.33315586043,123.20315586043034
hist_gradient_boosting,2,Case4,4-2,047,9103.12,8735.382991451317,367.73700854868366
hist_gradient_boosting,2,Case4,4-2,051,9338.59,9752.261581061006,413.6715810610058
hist_gradient_boosting,2,Case4,4-2,057,8697.52,8632.943850083007,64.57614991699302
hist_gradient_boosting,2,Case4,4-2,063,10932.6,10971.111648174947,38.51164817494646
hist_gradient_boosting,2,Case4,4-2,069,10936.3,11232.40916196444,296.1091619644412
hist_gradient_boosting,2,Case4,4-2,078,9467.42,9558.518786795956,91.09878679595568
hist_gradient_boosting,2,Case4,4-2,083,9146.78,8845.902101612464,300.87789838753633
hist_gradient_boosting,2,Case4,4-2,095,9040.08,8846.122224157773,193.95777584222742
hist_gradient_boosting,2,Case4,4-2,102,8864.8,8792.331973106406,72.46802689359356
hist_gradient_boosting,2,Case4,4-2,103,8517.72,8426.090062228606,91.62993777139309
hist_gradient_boosting,2,Case4,4-2,110,8041.65,8077.222031412229,35.57203141222908
hist_gradient_boosting,2,Case4,4-2,125,8718.13,8751.223248236394,33.093248236395084
hist_gradient_boosting,2,Case4,4-2,144,11873.3,11296.037970914402,577.2620290855975
hist_gradient_boosting,2,Case4,4-2,147,8729.84,8721.07957388332,8.76042611667981
hist_gradient_boosting,2,Case4,4-2,155,8194.12,7752.320303577512,441.7996964224885
hist_gradient_boosting,2,Case4,4-2,166,8208.83,8204.574610365575,4.255389634425228
hist_gradient_boosting,2,Case4,4-2,170,10869.2,11094.368424971633,225.1684249716327
hist_gradient_boosting,2,Case4,4-2,182,8724.97,8697.970778802995,26.999221197003862
hist_gradient_boosting,2,Case4,4-2,183,10845.2,11062.61432001295,217.41432001294925
hist_gradient_boosting,2,Case4,4-2,190,11777.6,11572.922260067393,204.67773993260744
hist_gradient_boosting,2,Case4,4-2,201,8923.11,8935.187903388725,12.077903388724735
hist_gradient_boosting,2,Case4,4-2,213,11543.1,11609.325350275454,66.22535027545382
hist_gradient_boosting,2,Case4,4-2,214,8560.65,8307.93164850457,252.7183514954304
hist_gradient_boosting,2,Case4,4-2,219,8841.61,8766.556950766886,75.0530492331145
hist_gradient_boosting,2,Case4,4-2,225,8700.96,8730.117280411021,29.15728041102193
hist_gradient_boosting,2,Case4,4-2,233,8795.54,8486.018120456978,309.5218795430228
hist_gradient_boosting,2,Case4,4-2,245,7842.49,8082.626915559061,240.13691555906098
hist_gradient_boosting,2,Case4,4-2,259,8171.67,8102.999666389623,68.67033361037738
hist_gradient_boosting,2,Case4,4-2,271,10282.7,10204.10500948156,78.59499051844068
hist_gradient_boosting,2,Case4,4-2,285,9279.79,9092.41882170381,187.37117829619092
hist_gradient_boosting,2,Case4,4-2,287,8805.29,8609.346691483217,195.94330851678387
hist_gradient_boosting,2,Case4,4-3,072,7545.12,7632.24061495906,87.12061495905982
hist_gradient_boosting,2,Case4,4-3,119,7400.95,7622.0124296380045,221.0624296380047
hist_gradient_boosting,2,Case4,4-3,204,8802.13,8458.274865224903,343.8551347750963
hist_gradient_boosting,2,Case4,4-3,232,7777.07,7750.114947379936,26.955052620063725
hist_gradient_boosting,2,Case4,4-3,293,7288.72,7556.922118032076,268.2021180320753
hist_gradient_boosting,3,Case2,2-2,008,8202.0,8078.842684828911,123.15731517108907
hist_gradient_boosting,3,Case2,2-2,015,10652.0,10468.300936376803,183.6990636231967
hist_gradient_boosting,3,Case2,2-2,024,9413.52,9429.792097901467,16.272097901466623
hist_gradient_boosting,3,Case2,2-2,048,8691.37,8697.400474291337,6.03047429133585
hist_gradient_boosting,3,Case2,2-2,050,8877.12,8525.880769240131,351.2392307598693
hist_gradient_boosting,3,Case2,2-2,056,8144.72,8709.688311066346,564.9683110663454
hist_gradient_boosting,3,Case2,2-2,062,9522.37,8984.162930006903,538.2070699930973
hist_gradient_boosting,3,Case2,2-2,071,9138.12,10000.969003418386,862.8490034183851
hist_gradient_boosting,3,Case2,2-2,077,8790.51,8627.447560874283,163.062439125717
hist_gradient_boosting,3,Case2,2-2,081,10977.1,10983.816831650225,6.716831650224776
hist_gradient_boosting,3,Case2,2-2,091,8293.19,8130.988541896044,162.2014581039566
hist_gradient_boosting,3,Case2,2-2,109,8642.92,8710.083924628034,67.16392462803378
hist_gradient_boosting,3,Case2,2-2,114,10572.9,10126.672956379893,446.227043620107
hist_gradient_boosting,3,Case2,2-2,115,9258.09,9252.159024691638,5.930975308361667
hist_gradient_boosting,3,Case2,2-2,116,9174.09,9007.998919298836,166.09108070116417
hist_gradient_boosting,3,Case2,2-2,123,8125.45,8216.204786323075,90.75478632307477
hist_gradient_boosting,3,Case2,2-2,133,9249.03,9247.912855369714,1.11714463028693
hist_gradient_boosting,3,Case2,2-2,146,9272.74,9330.422053165965,57.682053165965044
hist_gradient_boosting,3,Case2,2-2,152,9294.17,9302.033710447877,7.863710447876656
hist_gradient_boosting,3,Case2,2-2,172,8239.94,8184.173216730801,55.76678326919955
hist_gradient_boosting,3,Case2,2-2,177,9424.77,9477.98984784723,53.219847847229175
hist_gradient_boosting,3,Case2,2-2,180,8143.85,9127.848820220719,983.9988202207187
hist_gradient_boosting,3,Case2,2-2,196,10254.4,9445.46213357508,808.9378664249198
hist_gradient_boosting,3,Case2,2-2,238,8866.98,8793.716198614156,73.26380138584318
hist_gradient_boosting,3,Case2,2-2,242,9396.1,10051.106649837246,655.0066498372453
hist_gradient_boosting,3,Case2,2-2,258,8643.84,8732.999886033396,89.1598860333961
hist_gradient_boosting,3,Case2,2-2,266,9711.57,10052.017458475346,340.44745847534614
hist_gradient_boosting,3,Case2,2-2,270,8830.99,8806.81250872269,24.177491277308945
hist_gradient_boosting,3,Case2,2-2,275,8694.42,8737.100066143881,42.68006614388105
hist_gradient_boosting,3,Case2,2-2,278,9139.56,8889.912352392646,249.64764760735306
hist_gradient_boosting,3,Case2,2-2,282,9371.54,9429.759242655267,58.2192426552665
hist_gradient_boosting,3,Case2,2-2,295,8196.05,8040.569161391084,155.4808386089153
hist_gradient_boosting,3,Case2,2-3,036,7754.89,7341.76694981052,413.12305018948064
hist_gradient_boosting,3,Case2,2-3,165,5276.65,5112.930668262814,163.7193317371857
hist_gradient_boosting,3,Case2,2-3,189,7217.93,7287.155954781073,69.22595478107269
hist_gradient_boosting,3,Case2,2-3,218,5864.28,5782.828992782288,81.45100721771178
hist_gradient_boosting,3,Case2,2-3,220,8311.51,8236.603833413104,74.90616658689578
hist_gradient_boosting,3,Case2,2-3,280,7520.07,7644.201003863708,124.13100386370843
hist_gradient_boosting,3,Case3,3-2,008,8213.98,8083.067603935133,130.9123960648667
hist_gradient_boosting,3,Case3,3-2,015,10732.5,10707.157942232103,25.34205776789713
hist_gradient_boosting,3,Case3,3-2,024,9440.06,9474.079540806542,34.019540806542864
hist_gradient_boosting,3,Case3,3-2,048,8730.41,8729.343822263745,1.0661777362547582
hist_gradient_boosting,3,Case3,3-2,050,8901.81,8406.45673487086,495.3532651291389
hist_gradient_boosting,3,Case3,3-2,056,8762.19,8758.669933430305,3.5200665696957003
hist_gradient_boosting,3,Case3,3-2,062,9575.86,8991.446043635664,584.4139563643366
hist_gradient_boosting,3,Case3,3-2,071,9195.52,10036.3702506831,840.8502506830991
hist_gradient_boosting,3,Case3,3-2,077,8307.05,8679.516155596853,372.46615559685415
hist_gradient_boosting,3,Case3,3-2,109,8682.53,8755.50232039744,72.97232039743903
hist_gradient_boosting,3,Case3,3-2,114,10635.3,10148.898369033108,486.4016309668914
hist_gradient_boosting,3,Case3,3-2,115,9323.93,9282.859771460247,41.07022853975286
hist_gradient_boosting,3,Case3,3-2,116,9150.74,8971.031513982693,179.70848601730722
hist_gradient_boosting,3,Case3,3-2,123,8156.32,8219.881165434808,63.56116543480857
hist_gradient_boosting,3,Case3,3-2,133,9265.39,9253.242681254496,12.147318745503071
hist_gradient_boosting,3,Case3,3-2,146,9361.04,9578.978881508554,217.9388815085531
hist_gradient_boosting,3,Case3,3-2,152,9363.76,9332.218842138956,31.541157861043757
hist_gradient_boosting,3,Case3,3-2,172,8266.19,8205.584436938445,60.605563061555586
hist_gradient_boosting,3,Case3,3-2,176,10315.16,10728.294785148631,413.13478514863164
hist_gradient_boosting,3,Case3,3-2,177,9462.03,9498.758427960205,36.7284279602045
hist_gradient_boosting,3,Case3,3-2,180,8152.2,9150.807426896614,998.607426896614
hist_gradient_boosting,3,Case3,3-2,189,7246.19,7301.883389361488,55.6933893614887
hist_gradient_boosting,3,Case3,3-2,238,8384.56,8835.79911281128,451.2391128112813
hist_gradient_boosting,3,Case3,3-2,242,9437.64,10132.143572481546,694.5035724815461
hist_gradient_boosting,3,Case3,3-2,258,8666.11,8772.927997142206,106.81799714220506
hist_gradient_boosting,3,Case3,3-2,266,9777.29,10059.308408439172,282.01840843917125
hist_gradient_boosting,3,Case3,3-2,270,8876.44,8840.749244755278,35.69075524472282
hist_gradient_boosting,3,Case3,3-2,275,8701.13,8798.16539097895,97.03539097895009
hist_gradient_boosting,3,Case3,3-2,278,9198.17,8903.53909251296,294.63090748704053
hist_gradient_boosting,3,Case3,3-2,282,9411.36,9439.689850489149,28.329850489148157
hist_gradient_boosting,3,Case3,3-2,295,8201.15,8185.151805815366,15.998194184633576
hist_gradient_boosting,3,Case3,3-3,036,7794.38,7341.157034361659,453.2229656383415
hist_gradient_boosting,3,Case3,3-3,091,8342.49,8102.55148943552,239.93851056447966
hist_gradient_boosting,3,Case3,3-3,165,5278.12,5107.919041927705,170.20095807229518
hist_gradient_boosting,3,Case3,3-3,280,7564.28,7616.623074432264,52.343074432264075
hist_gradient_boosting,3,Case4,4-2,008,8209.52,8045.630907895778,163.88909210422207
hist_gradient_boosting,3,Case4,4-2,015,10642.8,10460.640899227541,182.15910077245826
hist_gradient_boosting,3,Case4,4-2,024,9426.01,9444.417189427644,18.40718942764397
hist_gradient_boosting,3,Case4,4-2,048,8710.39,8706.9936422495,3.3963577505001012
hist_gradient_boosting,3,Case4,4-2,050,8890.25,8391.119989752522,499.1300102474779
hist_gradient_boosting,3,Case4,4-2,056,8754.9,8735.466775332714,19.433224667285685
hist_gradient_boosting,3,Case4,4-2,062,9494.73,8924.347684974617,570.3823150253829
hist_gradient_boosting,3,Case4,4-2,071,9135.7,9963.629572420534,827.9295724205331
hist_gradient_boosting,3,Case4,4-2,077,8799.82,8646.943367760794,152.87663223920572
hist_gradient_boosting,3,Case4,4-2,081,10995.6,10947.796093571442,47.80390642855855
hist_gradient_boosting,3,Case4,4-2,092,13258.17,11286.226725850554,1971.9432741494456
hist_gradient_boosting,3,Case4,4-2,109,8674.95,8733.437803502005,58.48780350200468
hist_gradient_boosting,3,Case4,4-2,114,10594.3,10104.794741670417,489.5052583295819
hist_gradient_boosting,3,Case4,4-2,115,9272.93,9262.612397516394,10.317602483606606
hist_gradient_boosting,3,Case4,4-2,116,9154.84,8900.680481979276,254.15951802072414
hist_gradient_boosting,3,Case4,4-2,123,8142.56,8209.348234020415,66.78823402041508
hist_gradient_boosting,3,Case4,4-2,133,9261.06,9194.267774089494,66.7922259105053
hist_gradient_boosting,3,Case4,4-2,146,9268.35,9268.488806310923,0.1388063109225186
hist_gradient_boosting,3,Case4,4-2,152,9298.31,9270.612462736437,27.69753726356248
hist_gradient_boosting,3,Case4,4-2,172,8249.43,8201.40435043003,48.02564956997048
hist_gradient_boosting,3,Case4,4-2,176,10314.83,10670.1420508581,355.3120508580996
hist_gradient_boosting,3,Case4,4-2,177,9461.26,9472.86091197629,11.600911976289353
hist_gradient_boosting,3,Case4,4-2,180,8141.71,9125.367762788199,983.6577627881989
hist_gradient_boosting,3,Case4,4-2,196,10261.7,9460.126445310494,801.5735546895066
hist_gradient_boosting,3,Case4,4-2,238,8878.28,8808.646776644866,69.63322335513476
hist_gradient_boosting,3,Case4,4-2,242,9435.72,10130.156987261294,694.4369872612951
hist_gradient_boosting,3,Case4,4-2,258,8656.22,8740.679897915397,84.45989791539796
hist_gradient_boosting,3,Case4,4-2,266,9697.14,9990.084211620304,292.9442116203045
hist_gradient_boosting,3,Case4,4-2,270,8851.35,8837.881659666971,13.468340333029118
hist_gradient_boosting,3,Case4,4-2,275,8696.95,8763.430722862415,66.48072286241404
hist_gradient_boosting,3,Case4,4-2,278,9157.06,8875.454421145592,281.6055788544072
hist_gradient_boosting,3,Case4,4-2,282,9407.51,9412.337932184862,4.82793218486222
hist_gradient_boosting,3,Case4,4-2,295,8201.92,8188.436897420772,13.483102579228216
hist_gradient_boosting,3,Case4,4-3,036,7763.61,7332.770639236719,430.83936076328064
hist_gradient_boosting,3,Case4,4-3,091,8285.91,8098.420671506034,187.48932849396624
hist_gradient_boosting,3,Case4,4-3,165,5276.65,5075.932535900224,200.7174640997755
hist_gradient_boosting,3,Case4,4-3,189,7213.02,7264.026306204978,51.00630620497759
hist_gradient_boosting,3,Case4,4-3,218,5870.83,5781.309705228958,89.52029477104224
hist_gradient_boosting,3,Case4,4-3,220,8320.82,8238.92337397556,81.89662602443968
hist_gradient_boosting,3,Case4,4-3,280,7512.03,7604.99695775801,92.96695775800981
hist_gradient_boosting,4,Case2,2-2,006,9021.54,8776.452498139317,245.08750186068391
hist_gradient_boosting,4,Case2,2-2,014,9183.61,9176.27545034688,7.334549653120121
hist_gradient_boosting,4,Case2,2-2,020,8489.01,8546.203837514418,57.19383751441819
hist_gradient_boosting,4,Case2,2-2,034,8225.8,8431.051304953751,205.25130495375197
hist_gradient_boosting,4,Case2,2-2,049,8796.44,8928.836102943194,132.3961029431939
hist_gradient_boosting,4,Case2,2-2,054,8871.95,8935.036268183643,63.08626818364246
hist_gradient_boosting,4,Case2,2-2,061,8597.57,8621.105124028312,23.535124028312566
hist_gradient_boosting,4,Case2,2-2,076,8048.66,8284.312126379147,235.65212637914738
hist_gradient_boosting,4,Case2,2-2,079,10970.8,11021.013705637637,50.21370563763776
hist_gradient_boosting,4,Case2,2-2,090,8927.66,8849.757187286068,77.90281271393178
hist_gradient_boosting,4,Case2,2-2,101,8350.83,8513.74259002841,162.9125900284107
hist_gradient_boosting,4,Case2,2-2,107,8266.96,8308.434396737253,41.47439673725421
hist_gradient_boosting,4,Case2,2-2,117,9017.6,9184.832328513583,167.23232851358262
hist_gradient_boosting,4,Case2,2-2,122,9253.62,9117.260606109245,136.3593938907561
hist_gradient_boosting,4,Case2,2-2,130,8463.5,8467.63303545299,4.133035452989134
hist_gradient_boosting,4,Case2,2-2,135,11366.2,11517.523542839757,151.32354283975656
hist_gradient_boosting,4,Case2,2-2,142,8320.34,8447.700276676176,127.360276676176
hist_gradient_boosting,4,Case2,2-2,143,11650.0,11330.761137377365,319.23886262263477
hist_gradient_boosting,4,Case2,2-2,150,8885.36,9005.724072085088,120.36407208508717
hist_gradient_boosting,4,Case2,2-2,157,8887.81,8892.943716214377,5.133716214377273
hist_gradient_boosting,4,Case2,2-2,160,8262.23,8432.979521436955,170.74952143695555
hist_gradient_boosting,4,Case2,2-2,186,8104.49,8121.19815694107,16.70815694107023
hist_gradient_boosting,4,Case2,2-2,195,8921.21,8874.880046894867,46.32995310513252
hist_gradient_boosting,4,Case2,2-2,197,11041.5,10614.094430272422,427.40556972757804
hist_gradient_boosting,4,Case2,2-2,207,9311.22,9238.201199891035,73.01880010896457
hist_gradient_boosting,4,Case2,2-2,217,9206.22,9229.877003560998,23.65700356099842
hist_gradient_boosting,4,Case2,2-2,222,8793.92,8622.174522659301,171.74547734069893
hist_gradient_boosting,4,Case2,2-2,251,8173.63,8097.27634124618,76.35365875382013
hist_gradient_boosting,4,Case2,2-2,254,8557.27,8571.77366908204,14.503669082039778
hist_gradient_boosting,4,Case2,2-2,265,9776.91,9465.652777421594,311.2572225784061
hist_gradient_boosting,4,Case2,2-2,289,8529.16,8541.487759605043,12.327759605042957
hist_gradient_boosting,4,Case2,2-3,068,6619.6,6627.832524932771,8.232524932770502
hist_gradient_boosting,4,Case2,2-3,113,7300.42,7125.350670275859,175.06932972414143
hist_gradient_boosting,4,Case2,2-3,164,5778.96,6009.895356752623,230.9353567526232
hist_gradient_boosting,4,Case2,2-3,241,5537.34,5511.194884157109,26.145115842890846
hist_gradient_boosting,4,Case2,2-3,261,8316.38,8277.012850206187,39.36714979381213
hist_gradient_boosting,4,Case2,2-3,284,6867.36,6521.021525007145,346.3384749928546
hist_gradient_boosting,4,Case2,2-3,297,5445.15,5316.316446772143,128.833553227857
hist_gradient_boosting,4,Case3,3-2,006,9061.0,8788.877730094959,272.1222699050413
hist_gradient_boosting,4,Case3,3-2,014,9241.26,9194.408180786782,46.85181921321782
hist_gradient_boosting,4,Case3,3-2,020,8531.82,8583.109387522476,51.28938752247632
hist_gradient_boosting,4,Case3,3-2,034,8279.16,8465.762693575021,186.60269357502148
hist_gradient_boosting,4,Case3,3-2,049,8827.47,8954.072151810009,126.60215181000967
hist_gradient_boosting,4,Case3,3-2,054,8935.62,8976.688527900264,41.06852790026278
hist_gradient_boosting,4,Case3,3-2,061,8639.92,8653.354524691214,13.434524691214392
hist_gradient_boosting,4,Case3,3-2,076,8092.14,8244.438872212862,152.29887221286208
hist_gradient_boosting,4,Case3,3-2,090,8941.44,8872.009941549182,69.43005845081825
hist_gradient_boosting,4,Case3,3-2,101,8407.21,8548.363450631203,141.15345063120367
hist_gradient_boosting,4,Case3,3-2,107,8328.72,8333.31811458094,4.598114580940091
hist_gradient_boosting,4,Case3,3-2,117,9032.8,9193.126400679988,160.3264006799891
hist_gradient_boosting,4,Case3,3-2,122,9264.56,9141.09241681431,123.46758318568936
hist_gradient_boosting,4,Case3,3-2,130,8438.46,8480.479147542033,42.01914754203426
hist_gradient_boosting,4,Case3,3-2,142,8368.03,8459.65966890795,91.62966890794996
hist_gradient_boosting,4,Case3,3-2,150,8923.98,9028.981094070205,105.001094070205
hist_gradient_boosting,4,Case3,3-2,157,8927.15,8909.793219493708,17.356780506292125
hist_gradient_boosting,4,Case3,3-2,160,8304.78,8484.386161665238,179.60616166523687
hist_gradient_boosting,4,Case3,3-2,186,8153.43,8223.474808374622,70.04480837462143
hist_gradient_boosting,4,Case3,3-2,195,8967.38,8872.927860108242,94.45213989175681
hist_gradient_boosting,4,Case3,3-2,207,9301.84,9281.325604727032,20.514395272968613
hist_gradient_boosting,4,Case3,3-2,217,9277.55,9282.858167334716,5.308167334716927
hist_gradient_boosting,4,Case3,3-2,222,8802.55,8609.592871659905,192.95712834009464
hist_gradient_boosting,4,Case3,3-2,251,8205.18,8215.9160834629,10.736083462899842
hist_gradient_boosting,4,Case3,3-2,254,8614.23,8564.506402751813,49.72359724818671
hist_gradient_boosting,4,Case3,3-2,265,9798.4,9497.001900946176,301.3980990538239
hist_gradient_boosting,4,Case3,3-2,289,8561.59,8556.727014016322,4.8629859836783
hist_gradient_boosting,4,Case3,3-3,068,6643.69,6670.977715347439,27.28771534743919
hist_gradient_boosting,4,Case3,3-3,113,7327.34,7153.101475884126,174.2385241158745
hist_gradient_boosting,4,Case3,3-3,164,5800.36,6009.860806064597,209.50080606459778
hist_gradient_boosting,4,Case3,3-3,241,5555.97,5494.017960583229,61.952039416771186
hist_gradient_boosting,4,Case3,3-3,261,8359.52,8285.737217463866,73.78278253613462
hist_gradient_boosting,4,Case3,3-3,284,6903.6,6513.164336444997,390.435663555003
hist_gradient_boosting,4,Case3,3-3,297,5465.9,5311.377210686803,154.52278931319688
hist_gradient_boosting,4,Case4,4-2,006,9033.2,8760.427448097827,272.7725519021733
hist_gradient_boosting,4,Case4,4-2,014,9200.57,9168.553692649277,32.016307350722855
hist_gradient_boosting,4,Case4,4-2,020,8493.42,8567.909727516988,74.48972751698784
hist_gradient_boosting,4,Case4,4-2,034,8217.77,8426.334424108945,208.56442410894488
hist_gradient_boosting,4,Case4,4-2,049,8324.09,8932.329337540961,608.2393375409611
hist_gradient_boosting,4,Case4,4-2,054,3858.23,8936.739015674328,5078.509015674328
hist_gradient_boosting,4,Case4,4-2,061,8594.79,8650.386311439412,55.59631143941078
hist_gradient_boosting,4,Case4,4-2,076,8047.75,8231.865359816564,184.1153598165638
hist_gradient_boosting,4,Case4,4-2,079,10986.1,11030.303180404662,44.20318040466191
hist_gradient_boosting,4,Case4,4-2,090,8936.35,8887.788273954906,48.561726045094474
hist_gradient_boosting,4,Case4,4-2,101,8345.89,8504.778080944241,158.88808094424166
hist_gradient_boosting,4,Case4,4-2,107,8282.85,8331.804589701786,48.95458970178515
hist_gradient_boosting,4,Case4,4-2,117,9020.0,9201.313111029454,181.31311102945438
hist_gradient_boosting,4,Case4,4-2,122,9259.09,9134.835240938854,124.25475906114661
hist_gradient_boosting,4,Case4,4-2,130,8472.59,8468.847272965713,3.7427270342868724
hist_gradient_boosting,4,Case4,4-2,135,11379.8,11522.899444933113,143.09944493311377
hist_gradient_boosting,4,Case4,4-2,139,10651.2,11201.15898468837,549.95898468837
hist_gradient_boosting,4,Case4,4-2,142,8323.03,8416.572201189501,93.5422011895007
hist_gradient_boosting,4,Case4,4-2,143,11661.3,11330.761137377365,330.53886262263404
hist_gradient_boosting,4,Case4,4-2,150,8393.31,9009.880909036397,616.570909036398
hist_gradient_boosting,4,Case4,4-2,157,8922.35,8922.590703983862,0.2407039838617493
hist_gradient_boosting,4,Case4,4-2,160,8271.05,8467.813348144147,196.76334814414804
hist_gradient_boosting,4,Case4,4-2,164,5783.69,5985.510803967934,201.8208039679348
hist_gradient_boosting,4,Case4,4-2,186,8108.06,8105.90581846367,2.154181536330725
hist_gradient_boosting,4,Case4,4-2,195,8939.36,8842.034695597065,97.32530440293522
hist_gradient_boosting,4,Case4,4-2,197,11075.8,10674.109903123928,401.69009687607104
hist_gradient_boosting,4,Case4,4-2,207,9303.37,9283.958950863203,19.411049136797374
hist_gradient_boosting,4,Case4,4-2,217,9207.39,9218.61801521434,11.228015214341212
hist_gradient_boosting,4,Case4,4-2,222,8797.77,8604.963287091443,192.80671290855753
hist_gradient_boosting,4,Case4,4-2,251,8184.93,8133.621810433418,51.30818956658186
hist_gradient_boosting,4,Case4,4-2,254,8567.25,8587.058791249408,19.808791249408387
hist_gradient_boosting,4,Case4,4-2,255,10433.7,10173.556815214484,260.1431847855165
hist_gradient_boosting,4,Case4,4-2,261,8297.85,8280.068454043962,17.781545956038826
hist_gradient_boosting,4,Case4,4-2,265,9524.98,9484.46515943948,40.51484056051959
hist_gradient_boosting,4,Case4,4-2,267,10699.2,10935.487379938066,236.287379938065
hist_gradient_boosting,4,Case4,4-2,289,8537.58,8547.78003253314,10.200032533139165
hist_gradient_boosting,4,Case4,4-3,068,6618.99,6600.139125849796,18.85087415020371
hist_gradient_boosting,4,Case4,4-3,113,7296.78,7183.249041191667,113.5309588083328
hist_gradient_boosting,4,Case4,4-3,241,5539.4,5519.600532203665,19.799467796334284
hist_gradient_boosting,4,Case4,4-3,284,6862.44,6511.600344842894,350.8396551571059
hist_gradient_boosting,4,Case4,4-3,297,5450.35,5545.676872658742,95.3268726587412
hist_gradient_boosting,5,Case2,2-2,001,8697.15,8599.19508314229,97.95491685771049
hist_gradient_boosting,5,Case2,2-2,005,8715.42,8679.897320257573,35.5226797424275
hist_gradient_boosting,5,Case2,2-2,012,8310.0,8330.880384307608,20.880384307607528
hist_gradient_boosting,5,Case2,2-2,018,10022.7,10345.439507034396,322.7395070343955
hist_gradient_boosting,5,Case2,2-2,019,8975.8,8868.881487988574,106.91851201142526
hist_gradient_boosting,5,Case2,2-2,022,10640.2,11408.761601602204,768.5616016022032
hist_gradient_boosting,5,Case2,2-2,053,7984.69,8148.29345378002,163.60345378002057
hist_gradient_boosting,5,Case2,2-2,065,8961.57,9013.675670252094,52.10567025209457
hist_gradient_boosting,5,Case2,2-2,089,8920.29,8860.103855707448,60.186144292552854
hist_gradient_boosting,5,Case2,2-2,106,8634.92,8633.927503492716,0.9924965072841587
hist_gradient_boosting,5,Case2,2-2,121,8402.24,8558.922274641927,156.6822746419275
hist_gradient_boosting,5,Case2,2-2,149,9353.49,9213.822520785554,139.66747921444585
hist_gradient_boosting,5,Case2,2-2,158,8920.42,8486.946352552679,433.4736474473211
hist_gradient_boosting,5,Case2,2-2,163,8922.57,8932.784045303613,10.214045303613602
hist_gradient_boosting,5,Case2,2-2,178,9368.01,9237.432876881587,130.5771231184135
hist_gradient_boosting,5,Case2,2-2,185,9058.71,9320.754883645282,262.04488364528333
hist_gradient_boosting,5,Case2,2-2,216,8903.35,8769.622320381255,133.72767961874524
hist_gradient_boosting,5,Case2,2-2,224,8314.63,8160.938664617401,153.69133538259848
hist_gradient_boosting,5,Case2,2-2,236,9098.7,9078.35357166991,20.34642833009093
hist_gradient_boosting,5,Case2,2-2,240,8845.76,8924.71169634842,78.95169634842023
hist_gradient_boosting,5,Case2,2-2,253,10363.9,10891.223253999677,527.323253999677
hist_gradient_boosting,5,Case2,2-2,268,8977.42,9038.997667237625,61.577667237625064
hist_gradient_boosting,5,Case2,2-2,281,8586.12,8605.288324213643,19.168324213642336
hist_gradient_boosting,5,Case2,2-2,288,10817.0,10762.30705141819,54.692948581809105
hist_gradient_boosting,5,Case2,2-2,290,9332.03,9210.943471132881,121.08652886711934
hist_gradient_boosting,5,Case2,2-3,032,6180.54,6017.796266907469,162.74373309253133
hist_gradient_boosting,5,Case2,2-3,059,5507.95,5551.568798125474,43.618798125474314
hist_gradient_boosting,5,Case2,2-3,074,4993.36,5981.618661789315,988.2586617893157
hist_gradient_boosting,5,Case2,2-3,098,7968.86,7790.175186978222,178.6848130217777
hist_gradient_boosting,5,Case2,2-3,112,6465.49,6615.327075586232,149.83707558623246
hist_gradient_boosting,5,Case2,2-3,129,6945.84,7027.127810628927,81.28781062892722
hist_gradient_boosting,5,Case2,2-3,140,4741.28,6147.122414381409,1405.842414381409
hist_gradient_boosting,5,Case2,2-3,168,4807.71,6074.299463524043,1266.589463524043
hist_gradient_boosting,5,Case2,2-3,171,6380.88,5667.998999658378,712.881000341622
hist_gradient_boosting,5,Case2,2-3,194,6403.58,6381.186797513915,22.3932024860851
hist_gradient_boosting,5,Case2,2-3,249,6042.45,5888.0956506075,154.3543493924999
hist_gradient_boosting,5,Case2,2-3,263,6464.17,6619.252501711,155.08250171100008
hist_gradient_boosting,5,Case2,2-3,274,9485.0,9463.391003013008,21.60899698699177
hist_gradient_boosting,5,Case3,3-2,001,8768.69,8601.668459770483,167.021540229518
hist_gradient_boosting,5,Case3,3-2,005,8734.73,8701.422495111732,33.30750488826743
hist_gradient_boosting,5,Case3,3-2,012,8354.82,8345.978986811602,8.841013188397483
hist_gradient_boosting,5,Case3,3-2,013,10196.5,10660.856768582453,464.3567685824528
hist_gradient_boosting,5,Case3,3-2,018,10050.5,10355.226659210079,304.72665921007865
hist_gradient_boosting,5,Case3,3-2,019,8984.98,8882.102287766615,102.87771223338495
hist_gradient_boosting,5,Case3,3-2,053,7996.97,8132.75552788128,135.78552788127945
hist_gradient_boosting,5,Case3,3-2,065,9023.73,9031.276418449743,7.546418449743214
hist_gradient_boosting,5,Case3,3-2,089,8934.33,8861.102572074882,73.22742792511781
hist_gradient_boosting,5,Case3,3-2,106,8663.29,8657.823804127403,5.466195872597382
hist_gradient_boosting,5,Case3,3-2,121,8426.2,8584.20815583022,158.00815583021904
hist_gradient_boosting,5,Case3,3-2,145,11377.85,9879.63146593415,1498.2185340658507
hist_gradient_boosting,5,Case3,3-2,149,9398.75,9217.733259519,181.01674048099994
hist_gradient_boosting,5,Case3,3-2,158,8940.4,8497.63201231125,442.7679876887505
hist_gradient_boosting,5,Case3,3-2,163,8933.41,8949.675902148358,16.26590214835778
hist_gradient_boosting,5,Case3,3-2,178,9434.99,9254.346815042678,180.64318495732186
hist_gradient_boosting,5,Case3,3-2,185,9103.53,9228.248966526065,124.71896652606483
hist_gradient_boosting,5,Case3,3-2,216,8948.98,8815.900357762524,133.07964223747513
hist_gradient_boosting,5,Case3,3-2,236,9133.57,9099.995393554509,33.574606445490645
hist_gradient_boosting,5,Case3,3-2,240,8911.41,8936.699927916407,25.28992791640667
hist_gradient_boosting,5,Case3,3-2,268,9018.86,9040.476849467565,21.616849467563952
hist_gradient_boosting,5,Case3,3-2,274,9496.66,9466.516594064873,30.143405935126793
hist_gradient_boosting,5,Case3,3-2,281,8646.6,8627.395820277667,19.20417972233372
hist_gradient_boosting,5,Case3,3-2,290,9327.12,9212.39299015655,114.72700984345101
hist_gradient_boosting,5,Case3,3-3,032,6208.82,6019.784691044117,189.035308955883
hist_gradient_boosting,5,Case3,3-3,059,5522.86,5550.552197947556,27.69219794755645
hist_gradient_boosting,5,Case3,3-3,074,5000.25,4991.605874974864,8.644125025136418
hist_gradient_boosting,5,Case3,3-3,098,8001.33,7799.759607670485,201.57039232951502
hist_gradient_boosting,5,Case3,3-3,112,6473.95,6613.963067213411,140.01306721341098
hist_gradient_boosting,5,Case3,3-3,129,6982.28,7030.8724905512645,48.592490551264746
hist_gradient_boosting,5,Case3,3-3,140,4741.93,6147.122414381409,1405.1924143814085
hist_gradient_boosting,5,Case3,3-3,168,4804.88,5981.618661789315,1176.7386617893153
hist_gradient_boosting,5,Case3,3-3,194,6436.39,6393.135143172252,43.25485682774797
hist_gradient_boosting,5,Case3,3-3,249,6069.85,5725.657963805939,344.1920361940611
hist_gradient_boosting,5,Case3,3-3,263,6481.85,6618.810578027469,136.96057802746873
hist_gradient_boosting,5,Case4,4-2,001,8706.62,8693.067709566356,13.552290433644885
hist_gradient_boosting,5,Case4,4-2,005,8727.04,8694.759021933369,32.28097806663209
hist_gradient_boosting,5,Case4,4-2,012,8317.72,8326.32846557302,8.608465573021022
hist_gradient_boosting,5,Case4,4-2,018,10046.6,10359.619133607448,313.01913360744766
hist_gradient_boosting,5,Case4,4-2,019,8979.49,8887.040557658844,92.4494423411561
hist_gradient_boosting,5,Case4,4-2,022,10657.4,11360.673254875544,703.2732548755448
hist_gradient_boosting,5,Case4,4-2,053,7985.48,8132.921838566206,147.44183856620657
hist_gradient_boosting,5,Case4,4-2,065,8972.73,9041.187567781753,68.45756778175382
hist_gradient_boosting,5,Case4,4-2,089,8926.04,8776.624077707544,149.41592229245725
hist_gradient_boosting,5,Case4,4-2,106,8645.4,8641.483474200224,3.916525799775627
hist_gradient_boosting,5,Case4,4-2,121,8411.86,8547.891043448353,136.03104344835265
hist_gradient_boosting,5,Case4,4-2,145,11283.35,9848.513356686748,1434.8366433132524
hist_gradient_boosting,5,Case4,4-2,149,9364.37,9197.678517854918,166.69148214508277
hist_gradient_boosting,5,Case4,4-2,158,8928.6,8338.927066092296,589.6729339077046
hist_gradient_boosting,5,Case4,4-2,163,8926.04,8959.27104378039,33.23104378038988
hist_gradient_boosting,5,Case4,4-2,178,9373.68,9240.329260071307,133.35073992869366
hist_gradient_boosting,5,Case4,4-2,185,9093.44,9297.327195571675,203.88719557167497
hist_gradient_boosting,5,Case4,4-2,216,8916.43,8794.547980722018,121.88201927798218
hist_gradient_boosting,5,Case4,4-2,224,8303.52,8128.724645834224,174.7953541657762
hist_gradient_boosting,5,Case4,4-2,230,9913.11,10272.336912966717,359.22691296671655
hist_gradient_boosting,5,Case4,4-2,236,9108.33,9060.569320480543,47.76067951945697
hist_gradient_boosting,5,Case4,4-2,240,8846.73,8905.436334857615,58.70633485761573
hist_gradient_boosting,5,Case4,4-2,253,10393.1,10907.655718122236,514.5557181222357
hist_gradient_boosting,5,Case4,4-2,268,9016.19,9069.092241978418,52.902241978417806
hist_gradient_boosting,5,Case4,4-2,274,9495.92,9418.192637622024,77.72736237797653
hist_gradient_boosting,5,Case4,4-2,281,8595.56,8703.334821994755,107.77482199475526
hist_gradient_boosting,5,Case4,4-2,288,10824.8,10715.574728181575,109.22527181842452
hist_gradient_boosting,5,Case4,4-2,290,9327.11,9180.559022050295,146.55097794970607
hist_gradient_boosting,5,Case4,4-3,032,6183.72,5867.264926695374,316.45507330462624
hist_gradient_boosting,5,Case4,4-3,059,5509.38,5543.682430498613,34.30243049861292
hist_gradient_boosting,5,Case4,4-3,074,4996.97,5119.946159091664,122.97615909166416
hist_gradient_boosting,5,Case4,4-3,098,7968.58,7784.297234760418,184.28276523958175
hist_gradient_boosting,5,Case4,4-3,112,6466.69,6620.6506007079315,153.96060070793192
hist_gradient_boosting,5,Case4,4-3,129,6939.89,7039.612429462411,99.72242946241022
hist_gradient_boosting,5,Case4,4-3,140,4741.89,6147.122414381409,1405.2324143814085
hist_gradient_boosting,5,Case4,4-3,168,4803.74,4991.605874974864,187.8658749748638
hist_gradient_boosting,5,Case4,4-3,171,6386.73,5694.296577326736,692.4334226732635
hist_gradient_boosting,5,Case4,4-3,194,6409.51,6282.810206465894,126.69979353410599
hist_gradient_boosting,5,Case4,4-3,249,6046.94,5751.202170906215,295.73782909378497
hist_gradient_boosting,5,Case4,4-3,263,6464.78,6625.341040134502,160.56104013450204
sklearn_mlp,1,Case2,2-2,011,7744.72,9422.21641532722,1677.4964153272203
sklearn_mlp,1,Case2,2-2,041,8712.09,7725.890683839901,986.1993161600994
sklearn_mlp,1,Case2,2-2,045,8854.74,8519.260950919162,335.4790490808373
sklearn_mlp,1,Case2,2-2,052,9034.28,9512.820415689375,478.54041568937464
sklearn_mlp,1,Case2,2-2,058,8585.22,9484.909848578747,899.6898485787478
sklearn_mlp,1,Case2,2-2,064,9213.87,7597.995911767502,1615.8740882324992
sklearn_mlp,1,Case2,2-2,073,9232.53,9475.398756138717,242.86875613871598
sklearn_mlp,1,Case2,2-2,075,9367.34,9461.818329594933,94.4783295949328
sklearn_mlp,1,Case2,2-2,087,11639.6,13747.002259898527,2107.4022598985266
sklearn_mlp,1,Case2,2-2,097,8747.88,8991.081965989606,243.20196598960683
sklearn_mlp,1,Case2,2-2,104,8064.82,10638.707263942626,2573.8872639426263
sklearn_mlp,1,Case2,2-2,111,8024.11,11114.699691906435,3090.5896919064353
sklearn_mlp,1,Case2,2-2,120,8876.83,7484.1646674846015,1392.6653325153984
sklearn_mlp,1,Case2,2-2,132,11718.6,12839.100247216576,1120.500247216576
sklearn_mlp,1,Case2,2-2,136,8842.46,7692.355835704557,1150.1041642954424
sklearn_mlp,1,Case2,2-2,138,9373.89,8810.313534226685,563.5764657733143
sklearn_mlp,1,Case2,2-2,162,8347.5,8110.481921240583,237.01807875941722
sklearn_mlp,1,Case2,2-2,191,8182.2,8908.533684843891,726.3336848438912
sklearn_mlp,1,Case2,2-2,202,9328.45,8420.3072394565,908.1427605435001
sklearn_mlp,1,Case2,2-2,203,10452.2,9542.27599255937,909.9240074406316
sklearn_mlp,1,Case2,2-2,227,7772.28,9203.617748421575,1431.3377484215753
sklearn_mlp,1,Case2,2-2,228,9009.52,8530.194134943844,479.32586505615654
sklearn_mlp,1,Case2,2-2,231,8906.39,7636.46119264071,1269.9288073592897
sklearn_mlp,1,Case2,2-2,235,8307.34,7737.346521895816,569.9934781041839
sklearn_mlp,1,Case2,2-2,237,9413.17,9102.927579702706,310.2424202972943
sklearn_mlp,1,Case2,2-2,283,8694.18,10728.659022562795,2034.4790225627949
sklearn_mlp,1,Case2,2-3,030,6271.66,6383.303263027086,111.6432630270865
sklearn_mlp,1,Case2,2-3,088,9582.35,7725.156874886073,1857.1931251139276
sklearn_mlp,1,Case2,2-3,126,6540.67,6350.3189921696785,190.35100783032158
sklearn_mlp,1,Case2,2-3,159,5114.45,5413.327690461349,298.87769046134963
sklearn_mlp,1,Case2,2-3,167,4929.14,5197.127004054176,267.9870040541755
sklearn_mlp,1,Case2,2-3,210,7169.93,6235.769679032987,934.1603209670129
sklearn_mlp,1,Case2,2-3,215,5826.76,6000.057364130093,173.29736413009323
sklearn_mlp,1,Case2,2-3,239,8001.3,8148.9925861014335,147.69258610143333
sklearn_mlp,1,Case2,2-3,248,7687.01,6903.878201550052,783.1317984499483
sklearn_mlp,1,Case2,2-3,256,7025.17,7151.3561939694855,126.18619396948543
sklearn_mlp,1,Case2,2-3,291,6712.27,7323.271652051676,611.0016520516756
sklearn_mlp,1,Case2,2-3,298,8637.42,5494.3549999094175,3143.0650000905825
sklearn_mlp,1,Case2,2-3,299,7867.89,7282.359516842868,585.530483157132
sklearn_mlp,1,Case3,3-2,011,7792.35,9218.203237016638,1425.8532370166376
sklearn_mlp,1,Case3,3-2,041,8761.44,7814.051210838993,947.3887891610075
sklearn_mlp,1,Case3,3-2,045,8910.16,8699.145942057008,211.0140579429917
sklearn_mlp,1,Case3,3-2,052,9044.2,9677.056259454404,632.8562594544037
sklearn_mlp,1,Case3,3-2,058,8639.59,9820.433921226811,1180.8439212268113
sklearn_mlp,1,Case3,3-2,064,9261.27,7752.827724745371,1508.4422752546297
sklearn_mlp,1,Case3,3-2,073,9251.96,9647.81500969027,395.8550096902709
sklearn_mlp,1,Case3,3-2,075,9364.49,9588.012292873678,223.52229287367845
sklearn_mlp,1,Case3,3-2,088,9648.35,8801.203821958576,847.1461780414247
sklearn_mlp,1,Case3,3-2,097,8785.64,8998.631147622278,212.99114762227873
sklearn_mlp,1,Case3,3-2,104,8078.29,10730.098576248822,2651.8085762488217
sklearn_mlp,1,Case3,3-2,111,8053.2,11080.2098976512,3027.009897651201
sklearn_mlp,1,Case3,3-2,120,8940.13,7562.327687964513,1377.8023120354865
sklearn_mlp,1,Case3,3-2,136,8867.91,7794.546244850269,1073.3637551497304
sklearn_mlp,1,Case3,3-2,138,9435.7,8890.560764934553,545.1392350654478
sklearn_mlp,1,Case3,3-2,162,8405.27,7957.0001349686745,448.26986503132593
sklearn_mlp,1,Case3,3-2,191,8216.35,8863.449648382864,647.099648382864
sklearn_mlp,1,Case3,3-2,202,9359.41,8517.131701299599,842.2782987004011
sklearn_mlp,1,Case3,3-2,203,10533.7,9753.195060385526,780.504939614475
sklearn_mlp,1,Case3,3-2,231,8918.4,7844.4439867050305,1073.9560132949691
sklearn_mlp,1,Case3,3-2,235,8335.92,7612.884804208786,723.0351957912144
sklearn_mlp,1,Case3,3-2,283,8705.14,10854.220555404541,2149.080555404542
sklearn_mlp,1,Case3,3-3,030,5275.29,6366.748921205552,1091.4589212055516
sklearn_mlp,1,Case3,3-3,126,6544.8,6346.791477726622,198.00852227337782
sklearn_mlp,1,Case3,3-3,159,5126.49,5654.7322941766715,528.2422941766717
sklearn_mlp,1,Case3,3-3,167,4936.89,5310.6636732219495,373.77367322194914
sklearn_mlp,1,Case3,3-3,215,5850.45,6050.12854283716,199.67854283716042
sklearn_mlp,1,Case3,3-3,227,7813.14,8522.530564185188,709.3905641851879
sklearn_mlp,1,Case3,3-3,239,8051.72,8343.63532097318,291.9153209731803
sklearn_mlp,1,Case3,3-3,248,7728.94,6816.675565627259,912.2644343727407
sklearn_mlp,1,Case3,3-3,256,7065.09,7035.870390827253,29.21960917274737
sklearn_mlp,1,Case3,3-3,291,6740.72,7365.269765414431,624.549765414431
sklearn_mlp,1,Case3,3-3,298,8687.94,5357.778378455453,3330.1616215445474
sklearn_mlp,1,Case3,3-3,299,7887.16,7257.2545241355865,629.9054758644133
sklearn_mlp,1,Case4,4-2,011,7736.55,8942.418646812703,1205.8686468127025
sklearn_mlp,1,Case4,4-2,041,8722.7,7615.720427857946,1106.979572142055
sklearn_mlp,1,Case4,4-2,045,8835.17,8159.358719371917,675.8112806280833
sklearn_mlp,1,Case4,4-2,052,9036.4,9465.276648156865,428.8766481568655
sklearn_mlp,1,Case4,4-2,058,8625.62,9482.190698523018,856.5706985230172
sklearn_mlp,1,Case4,4-2,064,9241.54,7441.004944987867,1800.5350550121339
sklearn_mlp,1,Case4,4-2,073,9240.82,9356.283609954999,115.4636099549989
sklearn_mlp,1,Case4,4-2,075,9362.12,9144.94235386014,217.17764613986037
sklearn_mlp,1,Case4,4-2,087,11685.5,13654.664166312645,1969.1641663126447
sklearn_mlp,1,Case4,4-2,088,9569.85,8493.657944134839,1076.1920558651618
sklearn_mlp,1,Case4,4-2,097,8715.93,8465.09581929719,250.83418070281004
sklearn_mlp,1,Case4,4-2,104,8074.1,10564.32013634727,2490.2201363472705
sklearn_mlp,1,Case4,4-2,111,8036.41,10878.340203075355,2841.930203075355
sklearn_mlp,1,Case4,4-2,120,8877.22,7078.981342917257,1798.238657082742
sklearn_mlp,1,Case4,4-2,126,6539.82,6396.705020617321,143.11497938267894
sklearn_mlp,1,Case4,4-2,132,11688.4,12706.384656494216,1017.9846564942163
sklearn_mlp,1,Case4,4-2,134,10817.1,10424.473486561505,392.62651343849575
sklearn_mlp,1,Case4,4-2,136,8850.5,7633.262536759864,1217.237463240136
sklearn_mlp,1,Case4,4-2,138,9382.58,8433.627585678356,948.952414321644
sklearn_mlp,1,Case4,4-2,148,12684.8,9757.312208746049,2927.4877912539505
sklearn_mlp,1,Case4,4-2,162,8379.19,7631.728843452968,747.4611565470323
sklearn_mlp,1,Case4,4-2,191,8208.02,8726.886246261556,518.8662462615557
sklearn_mlp,1,Case4,4-2,202,9337.74,8015.76630025179,1321.9736997482096
sklearn_mlp,1,Case4,4-2,203,10441.9,9470.771262055736,971.1287379442638
sklearn_mlp,1,Case4,4-2,227,7765.88,8714.886269238332,949.0062692383317
sklearn_mlp,1,Case4,4-2,228,9018.71,8335.7438609064,682.9661390935998
sklearn_mlp,1,Case4,4-2,231,8913.59,7564.6298906429865,1348.9601093570136
sklearn_mlp,1,Case4,4-2,235,8315.67,7434.671122673209,880.9988773267914
sklearn_mlp,1,Case4,4-2,237,9420.0,9004.74794182549,415.25205817451024
sklearn_mlp,1,Case4,4-2,283,8701.52,10537.861384225625,1836.341384225625
sklearn_mlp,1,Case4,4-3,030,6274.73,6354.604496802144,79.87449680214468
sklearn_mlp,1,Case4,4-3,159,5120.11,5858.203995706508,738.0939957065084
sklearn_mlp,1,Case4,4-3,167,4933.23,5605.016059890516,671.7860598905163
sklearn_mlp,1,Case4,4-3,210,7171.42,6230.050751813559,941.3692481864409
sklearn_mlp,1,Case4,4-3,215,5827.83,5993.252518945038,165.42251894503806
sklearn_mlp,1,Case4,4-3,239,7989.15,8312.006782824565,322.856782824565
sklearn_mlp,1,Case4,4-3,248,7688.39,6808.529052622164,879.860947377836
sklearn_mlp,1,Case4,4-3,256,7023.06,7005.434179754394,17.62582024560652
sklearn_mlp,1,Case4,4-3,291,6707.27,7347.394422608958,640.1244226089575
sklearn_mlp,1,Case4,4-3,298,8636.61,5357.627001267471,3278.9829987325293
sklearn_mlp,1,Case4,4-3,299,7862.29,7223.302453766494,638.9875462335058
sklearn_mlp,2,Case2,2-2,009,8330.47,7285.5529600808495,1044.9170399191498
sklearn_mlp,2,Case2,2-2,017,9424.95,9039.831184819417,385.1188151805836
sklearn_mlp,2,Case2,2-2,028,10597.82,11777.104369561315,1179.2843695613155
sklearn_mlp,2,Case2,2-2,040,9308.02,8896.196874860834,411.8231251391662
sklearn_mlp,2,Case2,2-2,047,9107.6,10451.285149281828,1343.6851492818278
sklearn_mlp,2,Case2,2-2,051,9336.15,8673.971307161144,662.1786928388556
sklearn_mlp,2,Case2,2-2,057,8677.45,8142.188352290301,535.2616477096999
sklearn_mlp,2,Case2,2-2,063,10920.8,10935.417719600138,14.617719600139026
sklearn_mlp,2,Case2,2-2,069,10912.0,10969.179132572299,57.17913257229884
sklearn_mlp,2,Case2,2-2,078,9466.57,9836.059572982213,369.48957298221285
sklearn_mlp,2,Case2,2-2,083,9169.83,9859.788680791018,689.9586807910182
sklearn_mlp,2,Case2,2-2,095,9000.84,8787.697106353811,213.1428936461889
sklearn_mlp,2,Case2,2-2,102,8859.91,8444.71316835759,415.19683164240996
sklearn_mlp,2,Case2,2-2,103,8505.85,7526.400137178446,979.4498628215542
sklearn_mlp,2,Case2,2-2,110,8039.72,7729.858130299443,309.8618697005577
sklearn_mlp,2,Case2,2-2,125,8701.62,7843.477995729859,858.142004270142
sklearn_mlp,2,Case2,2-2,144,11805.8,14332.998726881353,2527.1987268813537
sklearn_mlp,2,Case2,2-2,147,8733.58,8638.140434634779,95.43956536522091
sklearn_mlp,2,Case2,2-2,166,8202.09,7364.323549332436,837.7664506675637
sklearn_mlp,2,Case2,2-2,182,8713.56,8744.86429991354,31.3042999135414
sklearn_mlp,2,Case2,2-2,190,11761.0,13661.307391183393,1900.3073911833926
sklearn_mlp,2,Case2,2-2,201,8916.75,8130.259874426433,786.4901255735667
sklearn_mlp,2,Case2,2-2,214,8549.55,7693.0632399320975,856.4867600679017
sklearn_mlp,2,Case2,2-2,219,8827.59,7121.6829620987855,1705.9070379012146
sklearn_mlp,2,Case2,2-2,225,8689.59,8041.744558020655,647.8454419793452
sklearn_mlp,2,Case2,2-2,233,8783.48,7347.669624721427,1435.8103752785728
sklearn_mlp,2,Case2,2-2,271,10256.9,10199.049078693093,57.85092130690646
sklearn_mlp,2,Case2,2-2,285,9252.88,7813.91861539945,1438.9613846005495
sklearn_mlp,2,Case2,2-2,287,8772.37,8159.3161081308,613.0538918692009
sklearn_mlp,2,Case2,2-3,072,7542.06,7779.905349233727,237.84534923372667
sklearn_mlp,2,Case2,2-3,119,7399.44,8053.543283769652,654.1032837696521
sklearn_mlp,2,Case2,2-3,155,8194.83,7665.276047765642,529.5539522343579
sklearn_mlp,2,Case2,2-3,204,8795.31,7150.90630400156,1644.4036959984396
sklearn_mlp,2,Case2,2-3,232,7789.35,6836.736204102729,952.6137958972713
sklearn_mlp,2,Case2,2-3,245,7852.4,8476.667264452499,624.2672644524991
sklearn_mlp,2,Case2,2-3,259,8168.05,8125.398353502728,42.65164649727194
sklearn_mlp,2,Case2,2-3,293,7286.09,7494.375286681668,208.28528668166746
sklearn_mlp,2,Case3,3-2,009,8861.12,7606.138635666764,1254.9813643332373
sklearn_mlp,2,Case3,3-2,017,9436.03,9334.75993109429,101.27006890571101
sklearn_mlp,2,Case3,3-2,028,10604.84,12008.920947846997,1404.0809478469964
sklearn_mlp,2,Case3,3-2,040,9402.13,9142.497445633435,259.63255436656436
sklearn_mlp,2,Case3,3-2,047,9170.59,10870.846574415253,1700.2565744152525
sklearn_mlp,2,Case3,3-2,051,9400.18,9034.967254391362,365.2127456086382
sklearn_mlp,2,Case3,3-2,057,8713.41,8141.403081408661,572.006918591339
sklearn_mlp,2,Case3,3-2,063,10926.7,11136.229311893287,209.52931189328592
sklearn_mlp,2,Case3,3-2,078,9469.55,10120.263590463252,650.7135904632523
sklearn_mlp,2,Case3,3-2,083,9146.8,10154.680004553113,1007.8800045531134
sklearn_mlp,2,Case3,3-2,095,9043.4,8991.883639265776,51.51636073422378
sklearn_mlp,2,Case3,3-2,102,8869.34,8685.140367111082,184.19963288891813
sklearn_mlp,2,Case3,3-2,103,8564.86,8047.045333027222,517.8146669727785
sklearn_mlp,2,Case3,3-2,110,8076.74,7652.205453657501,424.5345463424992
sklearn_mlp,2,Case3,3-2,125,8744.04,7867.499398586894,876.5406014131067
sklearn_mlp,2,Case3,3-2,147,8800.48,9116.177575288391,315.6975752883918
sklearn_mlp,2,Case3,3-2,166,8255.97,7296.515334987747,959.454665012252
sklearn_mlp,2,Case3,3-2,170,10975.3,12013.135416469398,1037.8354164693992
sklearn_mlp,2,Case3,3-2,182,8747.62,9009.842894752335,262.22289475233447
sklearn_mlp,2,Case3,3-2,183,10931.7,10662.95173252646,268.7482674735402
sklearn_mlp,2,Case3,3-2,190,11737.4,13683.32039269598,1945.92039269598
sklearn_mlp,2,Case3,3-2,201,8975.94,8357.127333313452,618.8126666865483
sklearn_mlp,2,Case3,3-2,214,8583.16,8044.342034920196,538.8179650798038
sklearn_mlp,2,Case3,3-2,219,8860.89,7279.948668909109,1580.9413310908903
sklearn_mlp,2,Case3,3-2,225,8717.82,8274.275020533161,443.5449794668384
sklearn_mlp,2,Case3,3-2,233,8803.36,7646.0350867133575,1157.324913286643
sklearn_mlp,2,Case3,3-2,245,7898.81,8857.13241517168,958.3224151716795
sklearn_mlp,2,Case3,3-2,271,10286.4,10493.186294375728,206.78629437572818
sklearn_mlp,2,Case3,3-2,285,9287.2,8129.67884343439,1157.521156565611
sklearn_mlp,2,Case3,3-2,287,8809.84,8545.783548121493,264.0564518785068
sklearn_mlp,2,Case3,3-3,072,7553.53,7741.755377242928,188.22537724292852
sklearn_mlp,2,Case3,3-3,119,7414.86,8145.599430470256,730.7394304702566
sklearn_mlp,2,Case3,3-3,155,8209.51,7705.640968669363,503.869031330637
sklearn_mlp,2,Case3,3-3,232,7827.7,6901.40563454749,926.2943654525097
sklearn_mlp,2,Case3,3-3,259,8197.8,8096.14909079781,101.65090920218972
sklearn_mlp,2,Case3,3-3,293,7297.97,7450.817942788299,152.8479427882985
sklearn_mlp,2,Case4,4-2,009,8840.09,7335.653156199899,1504.436843800101
sklearn_mlp,2,Case4,4-2,017,9433.28,9067.508991403269,365.7710085967319
sklearn_mlp,2,Case4,4-2,028,10604.54,11743.88669530562,1139.3466953056195
sklearn_mlp,2,Case4,4-2,040,9305.13,8705.36978548551,599.7602145144883
sklearn_mlp,2,Case4,4-2,047,9103.12,10609.862714472863,1506.7427144728626
sklearn_mlp,2,Case4,4-2,051,9338.59,8753.61077799157,584.979222008431
sklearn_mlp,2,Case4,4-2,057,8697.52,7993.551194066664,703.9688059333366
sklearn_mlp,2,Case4,4-2,063,10932.6,10978.962706537066,46.362706537065606
sklearn_mlp,2,Case4,4-2,069,10936.3,11021.915241178634,85.61524117863519
sklearn_mlp,2,Case4,4-2,078,9467.42,9897.061881788308,429.6418817883077
sklearn_mlp,2,Case4,4-2,083,9146.78,9803.953872292648,657.1738722926475
sklearn_mlp,2,Case4,4-2,095,9040.08,8723.271664001924,316.80833599807556
sklearn_mlp,2,Case4,4-2,102,8864.8,8367.162475543832,497.63752445616774
sklearn_mlp,2,Case4,4-2,103,8517.72,7750.125871595855,767.5941284041446
sklearn_mlp,2,Case4,4-2,110,8041.65,7427.060653874402,614.5893461255973
sklearn_mlp,2,Case4,4-2,125,8718.13,7719.042884102188,999.0871158978116
sklearn_mlp,2,Case4,4-2,144,11873.3,14554.641315941863,2681.3413159418633
sklearn_mlp,2,Case4,4-2,147,8729.84,8835.927551508761,106.08755150876095
sklearn_mlp,2,Case4,4-2,155,8194.12,7890.343268575806,303.7767314241946
sklearn_mlp,2,Case4,4-2,166,8208.83,7060.382098047946,1148.447901952054
sklearn_mlp,2,Case4,4-2,170,10869.2,11715.683304178765,846.4833041787642
sklearn_mlp,2,Case4,4-2,182,8724.97,8743.914459386744,18.94445938674471
sklearn_mlp,2,Case4,4-2,183,10845.2,10433.26838490053,411.93161509947095
sklearn_mlp,2,Case4,4-2,190,11777.6,13690.64921327963,1913.0492132796298
sklearn_mlp,2,Case4,4-2,201,8923.11,7962.145272981908,960.9647270180922
sklearn_mlp,2,Case4,4-2,213,11543.1,10900.076382015106,643.0236179848944
sklearn_mlp,2,Case4,4-2,214,8560.65,7746.677330181639,813.9726698183604
sklearn_mlp,2,Case4,4-2,219,8841.61,7039.937548859613,1801.6724511403872
sklearn_mlp,2,Case4,4-2,225,8700.96,8104.602205069176,596.3577949308228
sklearn_mlp,2,Case4,4-2,233,8795.54,7356.661610903587,1438.8783890964141
sklearn_mlp,2,Case4,4-2,245,7842.49,8584.971339342774,742.4813393427739
sklearn_mlp,2,Case4,4-2,259,8171.67,8396.11505486301,224.44505486301023
sklearn_mlp,2,Case4,4-2,271,10282.7,10246.778776383293,35.92122361670772
sklearn_mlp,2,Case4,4-2,285,9279.79,7858.831189735288,1420.958810264713
sklearn_mlp,2,Case4,4-2,287,8805.29,8297.76753087894,507.52246912106057
sklearn_mlp,2,Case4,4-3,072,7545.12,7647.13146743941,102.0114674394099
sklearn_mlp,2,Case4,4-3,119,7400.95,8079.281206929977,678.3312069299773
sklearn_mlp,2,Case4,4-3,204,8802.13,7086.835838581157,1715.2941614188421
sklearn_mlp,2,Case4,4-3,232,7777.07,6847.623179790943,929.4468202090566
sklearn_mlp,2,Case4,4-3,293,7288.72,7371.398695011062,82.67869501106179
sklearn_mlp,3,Case2,2-2,008,8202.0,9024.65663501964,822.6566350196408
sklearn_mlp,3,Case2,2-2,015,10652.0,10208.900212092218,443.09978790778223
sklearn_mlp,3,Case2,2-2,024,9413.52,9828.851178043256,415.33117804325593
sklearn_mlp,3,Case2,2-2,048,8691.37,8026.794185090496,664.5758149095045
sklearn_mlp,3,Case2,2-2,050,8877.12,9098.252952370176,221.1329523701752
sklearn_mlp,3,Case2,2-2,056,8144.72,8242.585362027314,97.8653620273135
sklearn_mlp,3,Case2,2-2,062,9522.37,10529.59023030305,1007.2202303030499
sklearn_mlp,3,Case2,2-2,071,9138.12,9999.614667942926,861.4946679429249
sklearn_mlp,3,Case2,2-2,077,8790.51,8011.5861364923185,778.9238635076817
sklearn_mlp,3,Case2,2-2,081,10977.1,10627.703929875419,349.39607012458146
sklearn_mlp,3,Case2,2-2,091,8293.19,8822.533476943066,529.343476943066
sklearn_mlp,3,Case2,2-2,109,8642.92,8401.82711515718,241.09288484281933
sklearn_mlp,3,Case2,2-2,114,10572.9,10119.763566517557,453.13643348244295
sklearn_mlp,3,Case2,2-2,115,9258.09,9060.04990328929,198.0400967107107
sklearn_mlp,3,Case2,2-2,116,9174.09,9253.030877035084,78.94087703508376
sklearn_mlp,3,Case2,2-2,123,8125.45,8125.313482832668,0.13651716733147623
sklearn_mlp,3,Case2,2-2,133,9249.03,9978.415852974354,729.3858529743538
sklearn_mlp,3,Case2,2-2,146,9272.74,10620.383234193954,1347.6432341939544
sklearn_mlp,3,Case2,2-2,152,9294.17,8397.49138755945,896.6786124405498
sklearn_mlp,3,Case2,2-2,172,8239.94,8016.053528456874,223.8864715431264
sklearn_mlp,3,Case2,2-2,177,9424.77,9644.34058524665,219.570585246649
sklearn_mlp,3,Case2,2-2,180,8143.85,9274.56697916856,1130.7169791685592
sklearn_mlp,3,Case2,2-2,196,10254.4,10585.438191380834,331.0381913808342
sklearn_mlp,3,Case2,2-2,238,8866.98,8156.878058202004,710.101941797996
sklearn_mlp,3,Case2,2-2,242,9396.1,9161.611259222438,234.48874077756227
sklearn_mlp,3,Case2,2-2,258,8643.84,7991.971957962208,651.8680420377923
sklearn_mlp,3,Case2,2-2,266,9711.57,10890.962307770234,1179.3923077702348
sklearn_mlp,3,Case2,2-2,270,8830.99,8586.27816686288,244.71183313712027
sklearn_mlp,3,Case2,2-2,275,8694.42,9171.082809956537,476.6628099565369
sklearn_mlp,3,Case2,2-2,278,9139.56,9280.09788937967,140.53788937966965
sklearn_mlp,3,Case2,2-2,282,9371.54,9266.484427894111,105.05557210588995
sklearn_mlp,3,Case2,2-2,295,8196.05,9052.531354324226,856.4813543242271
sklearn_mlp,3,Case2,2-3,036,7754.89,7319.543950667637,435.3460493323637
sklearn_mlp,3,Case2,2-3,165,5276.65,5333.899007689085,57.249007689085374
sklearn_mlp,3,Case2,2-3,189,7217.93,7649.904930923237,431.97493092323657
sklearn_mlp,3,Case2,2-3,218,5864.28,6047.136684618655,182.85668461865498
sklearn_mlp,3,Case2,2-3,220,8311.51,7386.423052443355,925.0869475566451
sklearn_mlp,3,Case2,2-3,280,7520.07,7894.680039225911,374.61003922591135
sklearn_mlp,3,Case3,3-2,008,8213.98,9211.213673132732,997.2336731327323
sklearn_mlp,3,Case3,3-2,015,10732.5,10307.703428308561,424.79657169143866
sklearn_mlp,3,Case3,3-2,024,9440.06,9973.662412673828,533.6024126738284
sklearn_mlp,3,Case3,3-2,048,8730.41,7925.227338993121,805.1826610068792
sklearn_mlp,3,Case3,3-2,050,8901.81,9153.513153135389,251.70315313538958
sklearn_mlp,3,Case3,3-2,056,8762.19,8356.174739245658,406.0152607543423
sklearn_mlp,3,Case3,3-2,062,9575.86,10864.096975024191,1288.2369750241905
sklearn_mlp,3,Case3,3-2,071,9195.52,10020.670402670765,825.1504026707644
sklearn_mlp,3,Case3,3-2,077,8307.05,8116.914435179995,190.13556482000422
sklearn_mlp,3,Case3,3-2,109,8682.53,8504.191857257674,178.33814274232645
sklearn_mlp,3,Case3,3-2,114,10635.3,10149.438085898555,485.8619141014442
sklearn_mlp,3,Case3,3-2,115,9323.93,9194.643506872513,129.28649312748712
sklearn_mlp,3,Case3,3-2,116,9150.74,9450.802387034344,300.0623870343443
sklearn_mlp,3,Case3,3-2,123,8156.32,8322.767708011106,166.44770801110644
sklearn_mlp,3,Case3,3-2,133,9265.39,10096.316885461618,830.9268854616184
sklearn_mlp,3,Case3,3-2,146,9361.04,10643.373827183488,1282.3338271834873
sklearn_mlp,3,Case3,3-2,152,9363.76,8491.09920452492,872.6607954750798
sklearn_mlp,3,Case3,3-2,172,8266.19,7934.704939495725,331.4850605042757
sklearn_mlp,3,Case3,3-2,176,10315.16,11821.12667224406,1505.9666722440597
sklearn_mlp,3,Case3,3-2,177,9462.03,9805.3189596185,343.2889596184996
sklearn_mlp,3,Case3,3-2,180,8152.2,9485.982644447533,1333.7826444475331
sklearn_mlp,3,Case3,3-2,189,7246.19,8137.3769733329345,891.1869733329349
sklearn_mlp,3,Case3,3-2,238,8384.56,8251.169204848362,133.39079515163758
sklearn_mlp,3,Case3,3-2,242,9437.64,9264.161175395026,173.47882460497385
sklearn_mlp,3,Case3,3-2,258,8666.11,8140.62768730065,525.4823126993506
sklearn_mlp,3,Case3,3-2,266,9777.29,11009.487878553335,1232.1978785533338
sklearn_mlp,3,Case3,3-2,270,8876.44,8580.235100305288,296.20489969471237
sklearn_mlp,3,Case3,3-2,275,8701.13,9238.440484921892,537.3104849218926
sklearn_mlp,3,Case3,3-2,278,9198.17,9367.429217674608,169.2592176746075
sklearn_mlp,3,Case3,3-2,282,9411.36,9408.233155276486,3.1268447235142958
sklearn_mlp,3,Case3,3-2,295,8201.15,8968.721169025152,767.5711690251519
sklearn_mlp,3,Case3,3-3,036,7794.38,7249.459541391462,544.920458608538
sklearn_mlp,3,Case3,3-3,091,8342.49,8267.994127499509,74.4958725004908
sklearn_mlp,3,Case3,3-3,165,5278.12,5305.712215138165,27.592215138165557
sklearn_mlp,3,Case3,3-3,280,7564.28,7690.115208278603,125.8352082786032
sklearn_mlp,3,Case4,4-2,008,8209.52,9181.902129808057,972.3821298080566
sklearn_mlp,3,Case4,4-2,015,10642.8,10181.522153319862,461.2778466801374
sklearn_mlp,3,Case4,4-2,024,9426.01,9897.224256121151,471.21425612115127
sklearn_mlp,3,Case4,4-2,048,8710.39,7924.44135929672,785.9486407032791
sklearn_mlp,3,Case4,4-2,050,8890.25,9106.421511481634,216.1715114816343
sklearn_mlp,3,Case4,4-2,056,8754.9,8256.5740357592,498.3259642407993
sklearn_mlp,3,Case4,4-2,062,9494.73,10772.719248303127,1277.9892483031272
sklearn_mlp,3,Case4,4-2,071,9135.7,9802.939365339398,667.2393653393974
sklearn_mlp,3,Case4,4-2,077,8799.82,8054.245996702323,745.5740032976764
sklearn_mlp,3,Case4,4-2,081,10995.6,10538.96018744947,456.63981255053113
sklearn_mlp,3,Case4,4-2,092,13258.17,10687.057746729504,2571.112253270496
sklearn_mlp,3,Case4,4-2,109,8674.95,8448.185095084524,226.76490491547702
sklearn_mlp,3,Case4,4-2,114,10594.3,10012.983510161308,581.3164898386913
sklearn_mlp,3,Case4,4-2,115,9272.93,9126.821070497137,146.10892950286325
sklearn_mlp,3,Case4,4-2,116,9154.84,9438.363249956727,283.52324995672643
sklearn_mlp,3,Case4,4-2,123,8142.56,8296.194147960483,153.63414796048255
sklearn_mlp,3,Case4,4-2,133,9261.06,10033.642600973251,772.5826009732518
sklearn_mlp,3,Case4,4-2,146,9268.35,10408.575553246557,1140.225553246557
sklearn_mlp,3,Case4,4-2,152,9298.31,8222.640985504937,1075.6690144950626
sklearn_mlp,3,Case4,4-2,172,8249.43,7907.997231339336,341.4327686606639
sklearn_mlp,3,Case4,4-2,176,10314.83,11732.85198664817,1418.0219866481693
sklearn_mlp,3,Case4,4-2,177,9461.26,9773.062506709204,311.80250670920395
sklearn_mlp,3,Case4,4-2,180,8141.71,9310.991218173902,1169.2812181739018
sklearn_mlp,3,Case4,4-2,196,10261.7,10496.596708494633,234.89670849463255
sklearn_mlp,3,Case4,4-2,238,8878.28,8161.849683415859,716.430316584142
sklearn_mlp,3,Case4,4-2,242,9435.72,9167.618681937309,268.10131806269055
sklearn_mlp,3,Case4,4-2,258,8656.22,8078.997535346937,577.2224646530622
sklearn_mlp,3,Case4,4-2,266,9697.14,10743.216200585275,1046.0762005852757
sklearn_mlp,3,Case4,4-2,270,8851.35,8496.330301990938,355.01969800906227
sklearn_mlp,3,Case4,4-2,275,8696.95,9082.940646770729,385.99064677072784
sklearn_mlp,3,Case4,4-2,278,9157.06,9291.870182676543,134.81018267654326
sklearn_mlp,3,Case4,4-2,282,9407.51,9370.71119339535,36.79880660465096
sklearn_mlp,3,Case4,4-2,295,8201.92,8857.65317617787,655.7331761778696
sklearn_mlp,3,Case4,4-3,036,7763.61,7260.057427930139,503.5525720698606
sklearn_mlp,3,Case4,4-3,091,8285.91,8320.904230375287,34.99423037528686
sklearn_mlp,3,Case4,4-3,165,5276.65,5242.653720659228,33.99627934077125
sklearn_mlp,3,Case4,4-3,189,7213.02,7712.703848416928,499.6838484169275
sklearn_mlp,3,Case4,4-3,218,5870.83,6030.062878932172,159.23287893217184
sklearn_mlp,3,Case4,4-3,220,8320.82,7347.478075659504,973.341924340496
sklearn_mlp,3,Case4,4-3,280,7512.03,7624.065056275963,112.03505627596314
sklearn_mlp,4,Case2,2-2,006,9021.54,8396.078615187447,625.4613848125537
sklearn_mlp,4,Case2,2-2,014,9183.61,8965.04792870756,218.56207129244103
sklearn_mlp,4,Case2,2-2,020,8489.01,7998.11817576591,490.89182423409056
sklearn_mlp,4,Case2,2-2,034,8225.8,9136.916463612602,911.1164636126032
sklearn_mlp,4,Case2,2-2,049,8796.44,10731.794563268088,1935.354563268087
sklearn_mlp,4,Case2,2-2,054,8871.95,8800.931222454548,71.0187775454524
sklearn_mlp,4,Case2,2-2,061,8597.57,7518.330935358176,1079.2390646418235
sklearn_mlp,4,Case2,2-2,076,8048.66,7923.229377121182,125.43062287881821
sklearn_mlp,4,Case2,2-2,079,10970.8,10121.097885947269,849.7021140527304
sklearn_mlp,4,Case2,2-2,090,8927.66,7861.116863575492,1066.5431364245078
sklearn_mlp,4,Case2,2-2,101,8350.83,8132.004120656772,218.82587934322783
sklearn_mlp,4,Case2,2-2,107,8266.96,7764.948767092187,502.011232907812
sklearn_mlp,4,Case2,2-2,117,9017.6,10364.319743344773,1346.7197433447727
sklearn_mlp,4,Case2,2-2,122,9253.62,8797.376998246522,456.2430017534789
sklearn_mlp,4,Case2,2-2,130,8463.5,7528.839611884939,934.6603881150613
sklearn_mlp,4,Case2,2-2,135,11366.2,11730.274838359468,364.0748383594673
sklearn_mlp,4,Case2,2-2,142,8320.34,7184.414224056759,1135.9257759432412
sklearn_mlp,4,Case2,2-2,143,11650.0,13228.901670717836,1578.9016707178362
sklearn_mlp,4,Case2,2-2,150,8885.36,8554.91578662189,330.44421337811036
sklearn_mlp,4,Case2,2-2,157,8887.81,9000.676469509224,112.86646950922477
sklearn_mlp,4,Case2,2-2,160,8262.23,8435.405992797865,173.17599279786555
sklearn_mlp,4,Case2,2-2,186,8104.49,7914.643358638724,189.84664136127594
sklearn_mlp,4,Case2,2-2,195,8921.21,7806.348083101194,1114.8619168988052
sklearn_mlp,4,Case2,2-2,197,11041.5,10974.618173613002,66.881826386998
sklearn_mlp,4,Case2,2-2,207,9311.22,10026.272861599684,715.0528615996845
sklearn_mlp,4,Case2,2-2,217,9206.22,7607.022612509166,1599.1973874908335
sklearn_mlp,4,Case2,2-2,222,8793.92,9170.008125466089,376.08812546608897
sklearn_mlp,4,Case2,2-2,251,8173.63,8153.10899300794,20.521006992060393
sklearn_mlp,4,Case2,2-2,254,8557.27,8655.137733718982,97.86773371898198
sklearn_mlp,4,Case2,2-2,265,9776.91,9429.532046726703,347.37795327329695
sklearn_mlp,4,Case2,2-2,289,8529.16,8351.32690753441,177.8330924655893
sklearn_mlp,4,Case2,2-3,068,6619.6,7349.904896011766,730.3048960117658
sklearn_mlp,4,Case2,2-3,113,7300.42,8399.890673488682,1099.4706734886822
sklearn_mlp,4,Case2,2-3,164,5778.96,6091.651944615199,312.69194461519874
sklearn_mlp,4,Case2,2-3,241,5537.34,5664.292368880949,126.9523688809486
sklearn_mlp,4,Case2,2-3,261,8316.38,6833.170807707857,1483.2091922921418
sklearn_mlp,4,Case2,2-3,284,6867.36,6414.09602267556,453.26397732444
sklearn_mlp,4,Case2,2-3,297,5445.15,5645.119390953765,199.96939095376547
sklearn_mlp,4,Case3,3-2,006,9061.0,8558.61384364108,502.38615635891983
sklearn_mlp,4,Case3,3-2,014,9241.26,9110.198838054097,131.06116194590322
sklearn_mlp,4,Case3,3-2,020,8531.82,7970.2584759080555,561.5615240919442
sklearn_mlp,4,Case3,3-2,034,8279.16,9024.821503308422,745.6615033084217
sklearn_mlp,4,Case3,3-2,049,8827.47,10791.064649408387,1963.5946494083873
sklearn_mlp,4,Case3,3-2,054,8935.62,8938.067925977843,2.4479259778418054
sklearn_mlp,4,Case3,3-2,061,8639.92,7616.848669405731,1023.071330594269
sklearn_mlp,4,Case3,3-2,076,8092.14,8163.599338112807,71.45933811280702
sklearn_mlp,4,Case3,3-2,090,8941.44,7998.209822320244,943.2301776797567
sklearn_mlp,4,Case3,3-2,101,8407.21,8535.724230967517,128.5142309675175
sklearn_mlp,4,Case3,3-2,107,8328.72,8001.112351504945,327.6076484950545
sklearn_mlp,4,Case3,3-2,117,9032.8,10450.909198959283,1418.1091989592842
sklearn_mlp,4,Case3,3-2,122,9264.56,8971.0772293453,293.4827706547003
sklearn_mlp,4,Case3,3-2,130,8438.46,7539.193123599164,899.2668764008349
sklearn_mlp,4,Case3,3-2,142,8368.03,7472.597445172992,895.432554827009
sklearn_mlp,4,Case3,3-2,150,8923.98,8660.219440782968,263.7605592170312
sklearn_mlp,4,Case3,3-2,157,8927.15,9013.778107666034,86.62810766603434
sklearn_mlp,4,Case3,3-2,160,8304.78,8650.359554604007,345.57955460400626
sklearn_mlp,4,Case3,3-2,186,8153.43,7776.656300071172,376.77369992882814
sklearn_mlp,4,Case3,3-2,195,8967.38,7878.8577748336575,1088.5222251663417
sklearn_mlp,4,Case3,3-2,207,9301.84,10239.683232801633,937.8432328016333
sklearn_mlp,4,Case3,3-2,217,9277.55,7774.682538743417,1502.867461256582
sklearn_mlp,4,Case3,3-2,222,8802.55,9349.106065283557,546.5560652835575
sklearn_mlp,4,Case3,3-2,251,8205.18,8055.539149381552,149.64085061844798
sklearn_mlp,4,Case3,3-2,254,8614.23,8599.898619369016,14.331380630983404
sklearn_mlp,4,Case3,3-2,265,9798.4,9471.572669270403,326.8273307295967
sklearn_mlp,4,Case3,3-2,289,8561.59,8345.822293300045,215.76770669995494
sklearn_mlp,4,Case3,3-3,068,6643.69,7276.098252871196,632.408252871196
sklearn_mlp,4,Case3,3-3,113,7327.34,8486.54457413946,1159.2045741394595
sklearn_mlp,4,Case3,3-3,164,5800.36,6062.019740859608,261.65974085960806
sklearn_mlp,4,Case3,3-3,241,5555.97,5750.532038294168,194.5620382941679
sklearn_mlp,4,Case3,3-3,261,8359.52,6874.593977205992,1484.9260227940085
sklearn_mlp,4,Case3,3-3,284,6903.6,6490.183276992836,413.41672300716436
sklearn_mlp,4,Case3,3-3,297,5465.9,5665.487507852528,199.5875078525287
sklearn_mlp,4,Case4,4-2,006,9033.2,8202.264665560435,830.9353344395658
sklearn_mlp,4,Case4,4-2,014,9200.57,8957.647029853417,242.92297014658288
sklearn_mlp,4,Case4,4-2,020,8493.42,7916.951847766342,576.4681522336577
sklearn_mlp,4,Case4,4-2,034,8217.77,8618.138502103391,400.3685021033907
sklearn_mlp,4,Case4,4-2,049,8324.09,10621.221164157267,2297.1311641572665
sklearn_mlp,4,Case4,4-2,054,3858.23,8534.435132868812,4676.205132868812
sklearn_mlp,4,Case4,4-2,061,8594.79,7449.567648117754,1145.2223518822466
sklearn_mlp,4,Case4,4-2,076,8047.75,8111.874341058023,64.12434105802276
sklearn_mlp,4,Case4,4-2,079,10986.1,10118.7851112431,867.3148887569005
sklearn_mlp,4,Case4,4-2,090,8936.35,7894.734796230754,1041.6152037692464
sklearn_mlp,4,Case4,4-2,101,8345.89,8387.12270638139,41.23270638139002
sklearn_mlp,4,Case4,4-2,107,8282.85,7912.222893216523,370.62710678347776
sklearn_mlp,4,Case4,4-2,117,9020.0,10409.198231735367,1389.1982317353668
sklearn_mlp,4,Case4,4-2,122,9259.09,8850.288337339238,408.8016626607623
sklearn_mlp,4,Case4,4-2,130,8472.59,7348.612089109513,1123.9779108904868
sklearn_mlp,4,Case4,4-2,135,11379.8,11638.621617580318,258.82161758031907
sklearn_mlp,4,Case4,4-2,139,10651.2,10809.115359128775,157.91535912877407
sklearn_mlp,4,Case4,4-2,142,8323.03,7402.4975420882365,920.5324579117641
sklearn_mlp,4,Case4,4-2,143,11661.3,13160.365030569441,1499.0650305694417
sklearn_mlp,4,Case4,4-2,150,8393.31,8433.325829478532,40.015829478532396
sklearn_mlp,4,Case4,4-2,157,8922.35,8836.3661436267,85.98385637330102
sklearn_mlp,4,Case4,4-2,160,8271.05,8512.552461589623,241.50246158962364
sklearn_mlp,4,Case4,4-2,164,5783.69,6072.563721401225,288.87372140122534
sklearn_mlp,4,Case4,4-2,186,8108.06,7624.69401834023,483.3659816597701
sklearn_mlp,4,Case4,4-2,195,8939.36,7709.4545536202195,1229.905446379781
sklearn_mlp,4,Case4,4-2,197,11075.8,10995.278638208632,80.52136179136687
sklearn_mlp,4,Case4,4-2,207,9303.37,10117.526183831453,814.1561838314519
sklearn_mlp,4,Case4,4-2,217,9207.39,7649.351912816624,1558.0380871833759
sklearn_mlp,4,Case4,4-2,222,8797.77,9291.723945859669,493.95394585966824
sklearn_mlp,4,Case4,4-2,251,8184.93,7936.674724815463,248.2552751845369
sklearn_mlp,4,Case4,4-2,254,8567.25,8258.968680740174,308.281319259826
sklearn_mlp,4,Case4,4-2,255,10433.7,9399.869709650573,1033.8302903494277
sklearn_mlp,4,Case4,4-2,261,8297.85,7013.465863625203,1284.384136374797
sklearn_mlp,4,Case4,4-2,265,9524.98,9198.915460577327,326.06453942267217
sklearn_mlp,4,Case4,4-2,267,10699.2,11682.641427858269,983.4414278582681
sklearn_mlp,4,Case4,4-2,289,8537.58,8296.700501908308,240.87949809169186
sklearn_mlp,4,Case4,4-3,068,6618.99,7221.775758670742,602.7857586707423
sklearn_mlp,4,Case4,4-3,113,7296.78,8440.431945156226,1143.6519451562262
sklearn_mlp,4,Case4,4-3,241,5539.4,5805.424870511467,266.02487051146727
sklearn_mlp,4,Case4,4-3,284,6862.44,6450.874630417959,411.56536958204015
sklearn_mlp,4,Case4,4-3,297,5450.35,5870.936397047174,420.5863970471737
sklearn_mlp,5,Case2,2-2,001,8697.15,7120.043031753927,1577.106968246073
sklearn_mlp,5,Case2,2-2,005,8715.42,7446.9888022779,1268.4311977221005
sklearn_mlp,5,Case2,2-2,012,8310.0,7365.190684000409,944.8093159995906
sklearn_mlp,5,Case2,2-2,018,10022.7,9031.023760349557,991.6762396504437
sklearn_mlp,5,Case2,2-2,019,8975.8,9154.539979445775,178.73997944577604
sklearn_mlp,5,Case2,2-2,022,10640.2,11936.611252881032,1296.411252881031
sklearn_mlp,5,Case2,2-2,053,7984.69,11203.798321758464,3219.1083217584646
sklearn_mlp,5,Case2,2-2,065,8961.57,8402.925427748023,558.6445722519766
sklearn_mlp,5,Case2,2-2,089,8920.29,8374.237379560855,546.0526204391463
sklearn_mlp,5,Case2,2-2,106,8634.92,8257.406107893215,377.5138921067846
sklearn_mlp,5,Case2,2-2,121,8402.24,7838.096247174668,564.1437528253318
sklearn_mlp,5,Case2,2-2,149,9353.49,8282.463792852772,1071.026207147228
sklearn_mlp,5,Case2,2-2,158,8920.42,8855.14848926435,65.27151073565074
sklearn_mlp,5,Case2,2-2,163,8922.57,9398.465395650004,475.8953956500045
sklearn_mlp,5,Case2,2-2,178,9368.01,8126.298551650654,1241.711448349346
sklearn_mlp,5,Case2,2-2,185,9058.71,7819.122744674958,1239.587255325041
sklearn_mlp,5,Case2,2-2,216,8903.35,6966.131423714591,1937.2185762854097
sklearn_mlp,5,Case2,2-2,224,8314.63,8134.739767314964,179.8902326850348
sklearn_mlp,5,Case2,2-2,236,9098.7,7247.710788973212,1850.9892110267883
sklearn_mlp,5,Case2,2-2,240,8845.76,8040.303444782221,805.4565552177792
sklearn_mlp,5,Case2,2-2,253,10363.9,9785.735163804588,578.1648361954121
sklearn_mlp,5,Case2,2-2,268,8977.42,8133.779527882653,843.6404721173467
sklearn_mlp,5,Case2,2-2,281,8586.12,8057.731722287423,528.3882777125782
sklearn_mlp,5,Case2,2-2,288,10817.0,9921.425132366347,895.5748676336534
sklearn_mlp,5,Case2,2-2,290,9332.03,9780.930271810186,448.9002718101856
sklearn_mlp,5,Case2,2-3,032,6180.54,6726.699295692231,546.1592956922314
sklearn_mlp,5,Case2,2-3,059,5507.95,5693.610449975181,185.6604499751811
sklearn_mlp,5,Case2,2-3,074,4993.36,4381.098059593731,612.2619404062689
sklearn_mlp,5,Case2,2-3,098,7968.86,7879.346454455004,89.5135455449954
sklearn_mlp,5,Case2,2-3,112,6465.49,7001.339000926739,535.8490009267389
sklearn_mlp,5,Case2,2-3,129,6945.84,7169.890770811806,224.0507708118057
sklearn_mlp,5,Case2,2-3,140,4741.28,2900.2686868195074,1841.0113131804924
sklearn_mlp,5,Case2,2-3,168,4807.71,3462.7822092245983,1344.9277907754017
sklearn_mlp,5,Case2,2-3,171,6380.88,6615.249467345799,234.3694673457985
sklearn_mlp,5,Case2,2-3,194,6403.58,6558.89711354164,155.31711354163963
sklearn_mlp,5,Case2,2-3,249,6042.45,6267.0088780460155,224.5588780460157
sklearn_mlp,5,Case2,2-3,263,6464.17,7295.993178428649,831.823178428649
sklearn_mlp,5,Case2,2-3,274,9485.0,6821.146269816145,2663.853730183855
sklearn_mlp,5,Case3,3-2,001,8768.69,7493.036115766179,1275.6538842338214
sklearn_mlp,5,Case3,3-2,005,8734.73,7487.709595156448,1247.0204048435517
sklearn_mlp,5,Case3,3-2,012,8354.82,7327.6164393545605,1027.2035606454392
sklearn_mlp,5,Case3,3-2,013,10196.5,8577.367476612255,1619.132523387745
sklearn_mlp,5,Case3,3-2,018,10050.5,9074.883303865301,975.6166961346989
sklearn_mlp,5,Case3,3-2,019,8984.98,9287.367366023327,302.38736602332756
sklearn_mlp,5,Case3,3-2,053,7996.97,11200.351262156206,3203.3812621562056
sklearn_mlp,5,Case3,3-2,065,9023.73,8510.293935860105,513.4360641398944
sklearn_mlp,5,Case3,3-2,089,8934.33,8469.073151420956,465.25684857904344
sklearn_mlp,5,Case3,3-2,106,8663.29,8321.068891850106,342.2211081498954
sklearn_mlp,5,Case3,3-2,121,8426.2,7817.729018769594,608.4709812304063
sklearn_mlp,5,Case3,3-2,145,11377.85,2144.8506833659144,9232.999316634086
sklearn_mlp,5,Case3,3-2,149,9398.75,8312.25729066497,1086.4927093350307
sklearn_mlp,5,Case3,3-2,158,8940.4,8948.401863980418,8.00186398041842
sklearn_mlp,5,Case3,3-2,163,8933.41,9537.75778810385,604.3477881038507
sklearn_mlp,5,Case3,3-2,178,9434.99,8260.299849629377,1174.690150370623
sklearn_mlp,5,Case3,3-2,185,9103.53,7914.1795841115,1189.3504158885007
sklearn_mlp,5,Case3,3-2,216,8948.98,7003.410431082933,1945.5695689170661
sklearn_mlp,5,Case3,3-2,236,9133.57,7384.988436577262,1748.5815634227374
sklearn_mlp,5,Case3,3-2,240,8911.41,8245.185680068402,666.2243199315981
sklearn_mlp,5,Case3,3-2,268,9018.86,8212.77919314769,806.0808068523111
sklearn_mlp,5,Case3,3-2,274,9496.66,7859.916520454693,1636.7434795453064
sklearn_mlp,5,Case3,3-2,281,8646.6,7963.786497118279,682.8135028817214
sklearn_mlp,5,Case3,3-2,290,9327.12,10012.041724431452,684.9217244314514
sklearn_mlp,5,Case3,3-3,032,6208.82,6732.52354409553,523.7035440955306
sklearn_mlp,5,Case3,3-3,059,5522.86,5830.22255366685,307.36255366685054
sklearn_mlp,5,Case3,3-3,074,5000.25,5107.175609771546,106.92560977154608
sklearn_mlp,5,Case3,3-3,098,8001.33,7852.359720375738,148.97027962426182
sklearn_mlp,5,Case3,3-3,112,6473.95,7068.908014413509,594.9580144135089
sklearn_mlp,5,Case3,3-3,129,6982.28,7304.709940009133,322.42994000913313
sklearn_mlp,5,Case3,3-3,140,4741.93,2861.4987016129116,1880.4312983870886
sklearn_mlp,5,Case3,3-3,168,4804.88,4284.955898771145,519.9241012288549
sklearn_mlp,5,Case3,3-3,194,6436.39,6567.435885928234,131.04588592823347
sklearn_mlp,5,Case3,3-3,249,6069.85,6372.193048480371,302.34304848037027
sklearn_mlp,5,Case3,3-3,263,6481.85,7287.778646640547,805.9286466405465
sklearn_mlp,5,Case4,4-2,001,8706.62,7388.580867968818,1318.0391320311828
sklearn_mlp,5,Case4,4-2,005,8727.04,7320.67493832861,1406.3650616713912
sklearn_mlp,5,Case4,4-2,012,8317.72,7239.434594251234,1078.2854057487657
sklearn_mlp,5,Case4,4-2,018,10046.6,8954.279652448784,1092.3203475512164
sklearn_mlp,5,Case4,4-2,019,8979.49,9198.924984616713,219.43498461671334
sklearn_mlp,5,Case4,4-2,022,10657.4,11790.803538477967,1133.4035384779672
sklearn_mlp,5,Case4,4-2,053,7985.48,11151.328042833358,3165.8480428333587
sklearn_mlp,5,Case4,4-2,065,8972.73,8382.943653009,589.7863469909989
sklearn_mlp,5,Case4,4-2,089,8926.04,8314.498059440873,611.5419405591274
sklearn_mlp,5,Case4,4-2,106,8645.4,8314.919551763682,330.4804482363179
sklearn_mlp,5,Case4,4-2,121,8411.86,7612.5723121530245,799.287687846976
sklearn_mlp,5,Case4,4-2,145,11283.35,2065.135054725898,9218.214945274103
sklearn_mlp,5,Case4,4-2,149,9364.37,8175.320206070831,1189.04979392917
sklearn_mlp,5,Case4,4-2,158,8928.6,8747.246221642376,181.35377835762483
sklearn_mlp,5,Case4,4-2,163,8926.04,9454.25781537949,528.2178153794885
sklearn_mlp,5,Case4,4-2,178,9373.68,8120.853533581345,1252.8264664186554
sklearn_mlp,5,Case4,4-2,185,9093.44,7809.072917636278,1284.3670823637221
sklearn_mlp,5,Case4,4-2,216,8916.43,6984.475102815826,1931.9548971841741
sklearn_mlp,5,Case4,4-2,224,8303.52,8145.904933592173,157.61506640782773
sklearn_mlp,5,Case4,4-2,230,9913.11,9947.479427203756,34.36942720375555
sklearn_mlp,5,Case4,4-2,236,9108.33,7211.968723687045,1896.361276312955
sklearn_mlp,5,Case4,4-2,240,8846.73,8099.174193730217,747.5558062697828
sklearn_mlp,5,Case4,4-2,253,10393.1,9612.684592381911,780.4154076180894
sklearn_mlp,5,Case4,4-2,268,9016.19,8081.678208421676,934.5117915783248
sklearn_mlp,5,Case4,4-2,274,9495.92,7729.940436707293,1765.979563292707
sklearn_mlp,5,Case4,4-2,281,8595.56,7619.116071723201,976.4439282767989
sklearn_mlp,5,Case4,4-2,288,10824.8,9859.673469731983,965.1265302680167
sklearn_mlp,5,Case4,4-2,290,9327.11,9919.307151196952,592.1971511969514
sklearn_mlp,5,Case4,4-3,032,6183.72,6703.223779520694,519.5037795206936
sklearn_mlp,5,Case4,4-3,059,5509.38,5858.346140674833,348.9661406748328
sklearn_mlp,5,Case4,4-3,074,4996.97,5489.207140628367,492.23714062836643
sklearn_mlp,5,Case4,4-3,098,7968.58,7865.539828252819,103.04017174718138
sklearn_mlp,5,Case4,4-3,112,6466.69,7069.288690513591,602.5986905135915
sklearn_mlp,5,Case4,4-3,129,6939.89,7300.771684856151,360.88168485615097
sklearn_mlp,5,Case4,4-3,140,4741.89,2885.2743899649167,1856.6156100350836
sklearn_mlp,5,Case4,4-3,168,4803.74,4935.848371158244,132.10837115824415
sklearn_mlp,5,Case4,4-3,171,6386.73,6592.821626626868,206.09162662686867
sklearn_mlp,5,Case4,4-3,194,6409.51,6542.614006789622,133.10400678962196
sklearn_mlp,5,Case4,4-3,249,6046.94,6330.3740096340225,283.4340096340229
sklearn_mlp,5,Case4,4-3,263,6464.78,7274.206907117397,809.4269071173976
