case,geometry,test_id,label,source,confidence,bilinear_r2,tail_curvature,break_fraction,independent
Case2,6x4,6x4_001,2,curated_human_review,1.0,0.9968052040391823,0.18188102541294712,0.1878121878121878,2
Case2,6x4,6x4_002,1,curated_human_review,1.0,0.9995540449810385,0.08437824121728087,0.48151848151848153,1
Case2,6x4,6x4_003,1,curated_human_review,1.0,0.9993847231433051,0.09796587262548873,0.46653346653346656,1
Case2,6x4,6x4_004,1,curated_human_review,1.0,0.9999834432250474,0.014121222083978579,0.6843156843156843,1
Case2,6x4,6x4_005,2,curated_human_review,1.0,0.997004762987186,0.17632637074025642,0.1928071928071928,2
Case2,6x4,6x4_006,2,curated_human_review,1.0,0.9960280139977258,0.20034666946078716,0.1798201798201798,2
Case2,6x4,6x4_007,1,curated_human_review,1.0,0.9997687128171103,0.05060390675163502,0.3946053946053946,1
Case2,6x4,6x4_008,2,curated_human_review,1.0,0.995139844595886,0.20443512277062967,0.21178821178821178,2
Case2,6x4,6x4_009,2,curated_human_review,1.0,0.9971740292201733,0.17299625770230392,0.1928071928071928,2
Case2,6x4,6x4_010,1,curated_human_review,1.0,0.9999837525733685,0.018689779821940793,0.4225774225774226,1
Case2,6x4,6x4_011,2,curated_human_review,1.0,0.9945634030953832,0.19434754570623863,0.23376623376623376,2
Case2,6x4,6x4_012,2,curated_human_review,1.0,0.9957076413978244,0.19555517454033905,0.1978021978021978,2
Case2,6x4,6x4_013,2,curated_human_review,1.0,0.9987159023366892,0.12157039870745175,0.2787212787212787,2
Case2,6x4,6x4_014,2,curated_human_review,1.0,0.9965580938682095,0.19144110896580802,0.17882117882117882,2
Case2,6x4,6x4_015,2,curated_human_review,1.0,0.9989806860371742,0.11027949535903823,0.3126873126873127,2
Case2,6x4,6x4_016,1,curated_human_review,1.0,0.9999032510794214,0.04130761692569627,0.5484515484515484,1
Case2,6x4,6x4_017,2,curated_human_review,1.0,0.9983941006393844,0.1348770897813667,0.23676323676323677,2
Case2,6x4,6x4_018,2,curated_human_review,1.0,0.9986897748226344,0.12212785023306216,0.27672327672327673,2
Case2,6x4,6x4_019,2,curated_human_review,1.0,0.9979812010828993,0.15001133261587019,0.2137862137862138,2
Case2,6x4,6x4_020,2,curated_human_review,1.0,0.9949406921255485,0.19785522753445262,0.21178821178821178,2
Case2,6x4,6x4_021,1,curated_human_review,1.0,0.9997081203713436,0.03572811253970353,0.5554445554445554,1
Case2,6x4,6x4_022,2,curated_human_review,1.0,0.999032013239377,0.11172275946164294,0.3166833166833167,2
Case2,6x4,6x4_023,1,curated_human_review,1.0,0.9999844223100091,0.011636615035712448,0.6953046953046953,1
Case2,6x4,6x4_024,2,curated_human_review,1.0,0.9982108244778709,0.14238116553279578,0.2217782217782218,2
Case2,6x4,6x4_025,1,curated_human_review,1.0,0.9999613151462697,0.027146262776124187,0.3946053946053946,1
Case2,6x4,6x4_026,1,curated_human_review,1.0,0.999943174718137,0.031949194519589205,0.43956043956043955,1
Case2,6x4,6x4_027,1,curated_human_review,1.0,0.9992839723210362,0.09832843165080908,0.4025974025974026,1
Case2,6x4,6x4_028,2,curated_human_review,1.0,0.998592360662726,0.13481592594704264,0.24975024975024976,2
Case2,6x4,6x4_029,1,curated_human_review,1.0,0.9995489122711143,0.08651372136565341,0.4985014985014985,1
Case2,6x4,6x4_030,3,curated_human_review,1.0,0.9939043152580564,0.19287656364954867,0.32867132867132864,2
Case2,6x4,6x4_031,1,curated_human_review,1.0,0.9999874346086555,0.012439327224380752,0.7222777222777222,1
Case2,6x4,6x4_032,3,curated_human_review,1.0,0.9940353511454204,0.19121977032386347,0.3256743256743257,2
Case2,6x4,6x4_033,1,curated_human_review,1.0,0.9999038461988553,0.03895878057447927,0.45054945054945056,1
Case2,6x4,6x4_034,2,curated_human_review,1.0,0.995516158711082,0.20115964554348445,0.1938061938061938,2
Case2,6x4,6x4_035,1,curated_human_review,1.0,0.9999754276846315,0.022667776143001663,0.46353646353646355,1
Case2,6x4,6x4_036,3,curated_human_review,1.0,0.9937520440622933,0.1818144042608269,0.3076923076923077,2
Case2,6x4,6x4_037,1,curated_human_review,1.0,0.9999002933051915,0.04026983245241941,0.4485514485514486,1
Case2,6x4,6x4_038,1,curated_human_review,1.0,0.9999880409048589,0.008846003101573666,0.7582417582417582,1
Case2,6x4,6x4_039,1,curated_human_review,1.0,0.9992516056210068,0.10217196886146653,0.42157842157842157,1
Case2,6x4,6x4_040,2,curated_human_review,1.0,0.9982177266617124,0.14077312722161664,0.22777222777222778,2
Case2,6x4,6x4_041,2,curated_human_review,1.0,0.9951948119530949,0.2021160857101317,0.20279720279720279,2
Case2,6x4,6x4_042,1,curated_human_review,1.0,0.99969087539407,0.057337426730860154,0.3886113886113886,1
Case2,6x4,6x4_043,1,curated_human_review,1.0,0.9999443137946451,0.03212200506860331,0.47152847152847155,1
Case2,6x4,6x4_044,1,curated_human_review,1.0,0.9999823043389842,0.013785701495282908,0.7732267732267732,1
Case2,6x4,6x4_045,2,curated_human_review,1.0,0.994600556234453,0.22202877695466025,0.1838161838161838,3
Case2,6x4,6x4_046,1,curated_human_review,1.0,0.9999728638572514,0.023927315867399872,0.44955044955044954,1
Case2,6x4,6x4_047,2,curated_human_review,1.0,0.997991475813186,0.15057065666875305,0.22877122877122877,2
Case2,6x4,6x4_048,2,curated_human_review,1.0,0.9951832130591076,0.2006863688197389,0.2077922077922078,2
Case2,6x4,6x4_049,2,curated_human_review,1.0,0.9962507441092228,0.1971632666612668,0.1878121878121878,2
Case2,6x4,6x4_050,2,curated_human_review,1.0,0.995744084063137,0.2020205060276502,0.1838161838161838,2
Case2,6x4,6x4_051,2,curated_human_review,1.0,0.9983312624679288,0.13647845718895246,0.23376623376623376,2
Case2,6x4,6x4_052,2,curated_human_review,1.0,0.9984741568073903,0.1305961731342973,0.2517482517482518,2
Case2,6x4,6x4_053,2,curated_human_review,1.0,0.994585449028446,0.20470183411757556,0.22777222777222778,2
Case2,6x4,6x4_054,2,curated_human_review,1.0,0.9958839039989049,0.20052638093518196,0.18281718281718282,2
Case2,6x4,6x4_055,1,curated_human_review,1.0,0.9998508090982967,0.05953584703619118,0.6283716283716284,1
Case2,6x4,6x4_056,2,curated_human_review,1.0,0.9968063656931582,0.1826067762353516,0.18681318681318682,2
Case2,6x4,6x4_057,2,curated_human_review,1.0,0.9950911722467719,0.20156299897732602,0.21078921078921078,2
Case2,6x4,6x4_058,2,curated_human_review,1.0,0.99649197581484,0.1916847988163811,0.18281718281718282,2
Case2,6x4,6x4_059,3,curated_human_review,1.0,0.9937539901018532,0.20831639717065864,0.33766233766233766,2
Case2,6x4,6x4_060,1,curated_human_review,1.0,0.9995858552547287,0.060688563967860265,0.3226773226773227,1
Case2,6x4,6x4_061,2,curated_human_review,1.0,0.9950724868336405,0.1999730189985169,0.2047952047952048,2
Case2,6x4,6x4_062,2,curated_human_review,1.0,0.9967618652014603,0.19061068873957845,0.1888111888111888,2
Case2,6x4,6x4_063,2,curated_human_review,1.0,0.9987968090203283,0.11758336197774011,0.3036963036963037,2
Case2,6x4,6x4_064,2,curated_human_review,1.0,0.9970823492697864,0.17553167227163674,0.1888111888111888,2
Case2,6x4,6x4_065,2,curated_human_review,1.0,0.9982950498535433,0.13793028013248554,0.23476523476523475,2
Case2,6x4,6x4_066,1,curated_human_review,1.0,0.9999667818068857,0.025826183862125707,0.5034965034965035,1
Case2,6x4,6x4_067,1,curated_human_review,1.0,0.9999130619160486,0.038525874225272705,0.45554445554445555,1
Case2,6x4,6x4_068,3,curated_human_review,1.0,0.9942233034585999,0.18085219824542692,0.3116883116883117,2
Case2,6x4,6x4_069,2,curated_human_review,1.0,0.9991289793605924,0.10433936359063475,0.34565434565434566,1
Case2,6x4,6x4_070,1,curated_human_review,1.0,0.9996790712448512,0.05913350620983177,0.37662337662337664,1
Case2,6x4,6x4_071,2,curated_human_review,1.0,0.9984466189168172,0.1334965903629586,0.25574425574425574,2
Case2,6x4,6x4_072,3,curated_human_review,1.0,0.9937285934344657,0.18900359438068728,0.2707292707292707,2
Case2,6x4,6x4_073,2,curated_human_review,1.0,0.9972028261920941,0.17288779437307875,0.1958041958041958,2
Case2,6x4,6x4_074,3,curated_human_review,1.0,0.9933708190457305,0.22406075390478222,0.35064935064935066,3
Case2,6x4,6x4_075,2,curated_human_review,1.0,0.9969920148998804,0.18190004475230578,0.18081918081918083,2
Case2,6x4,6x4_076,2,curated_human_review,1.0,0.9952301514606572,0.19491262440236937,0.2127872127872128,2
Case2,6x4,6x4_077,2,curated_human_review,1.0,0.9970122565629913,0.17744894583252616,0.18981018981018982,2
Case2,6x4,6x4_078,2,curated_human_review,1.0,0.9980445744402626,0.14876167725009445,0.21078921078921078,2
Case2,6x4,6x4_079,2,curated_human_review,1.0,0.9990213554500269,0.10989896548106372,0.34765234765234765,2
Case2,6x4,6x4_080,1,curated_human_review,1.0,0.9999047106462914,0.03500592852450221,0.6833166833166833,1
Case2,6x4,6x4_081,2,curated_human_review,1.0,0.9989050297486066,0.11347867552788658,0.3106893106893107,2
Case2,6x4,6x4_082,1,curated_human_review,1.0,0.9996181155755073,0.06086761528781442,0.35664335664335667,1
Case2,6x4,6x4_083,2,curated_human_review,1.0,0.9953504740615522,0.21119125810610379,0.1878121878121878,3
Case2,6x4,6x4_084,1,curated_human_review,1.0,0.9996568852068278,0.05188268526821162,0.40559440559440557,1
Case2,6x4,6x4_085,1,curated_human_review,1.0,0.9996273334027621,0.04232275369860884,0.3866133866133866,1
Case2,6x4,6x4_086,1,curated_human_review,1.0,0.9995303747556945,0.08655002132851589,0.4855144855144855,1
Case2,6x4,6x4_087,2,curated_human_review,1.0,0.9987010974073035,0.1204038177618451,0.2827172827172827,2
Case2,6x4,6x4_088,3,curated_human_review,1.0,0.995751892543489,0.21287409814462196,0.17482517482517482,3
Case2,6x4,6x4_089,2,curated_human_review,1.0,0.9946618311573063,0.2211655470395532,0.1838161838161838,3
Case2,6x4,6x4_090,2,curated_human_review,1.0,0.9975819681316253,0.1618493989064047,0.2017982017982018,2
Case2,6x4,6x4_091,2,curated_human_review,1.0,0.9940128309678521,0.20044622743703033,0.23176823176823177,2
Case2,6x4,6x4_092,1,curated_human_review,1.0,0.9997308797994097,0.07040818118734335,0.4075924075924076,1
Case2,6x4,6x4_093,1,curated_human_review,1.0,0.9999837598479153,0.018507710757062756,0.4915084915084915,1
Case2,6x4,6x4_094,1,curated_human_review,1.0,0.999834018516222,0.046941137856701405,0.5364635364635365,1
Case2,6x4,6x4_095,2,curated_human_review,1.0,0.9982885108991444,0.13820894930361105,0.23376623376623376,2
Case2,6x4,6x4_096,1,curated_human_review,1.0,0.9997124767218156,0.0559963432402417,0.3996003996003996,1
Case2,6x4,6x4_097,2,curated_human_review,1.0,0.9973508838862599,0.16751416569284971,0.2037962037962038,2
Case2,6x4,6x4_098,3,curated_human_review,1.0,0.9940994808439602,0.1846447739208697,0.26573426573426573,2
Case2,6x4,6x4_099,1,curated_human_review,1.0,0.9993029250870459,0.07192895652271883,0.2857142857142857,1
Case2,6x4,6x4_100,1,curated_human_review,1.0,0.9999538072526175,0.03204338132621257,0.6433566433566433,1
Case2,6x4,6x4_101,2,curated_human_review,1.0,0.99592726566825,0.1959581049728842,0.18981018981018982,2
Case2,6x4,6x4_102,2,curated_human_review,1.0,0.9973727358302592,0.16887142500276037,0.1938061938061938,2
Case2,6x4,6x4_103,2,curated_human_review,1.0,0.9961246744261015,0.19461273085705436,0.1878121878121878,2
Case2,6x4,6x4_104,2,curated_human_review,1.0,0.9949085883501547,0.1977663383149528,0.23276723276723277,2
Case2,6x4,6x4_105,1,curated_human_review,1.0,0.9999364118762532,0.03257521387734489,0.37462537462537465,1
Case2,6x4,6x4_106,2,curated_human_review,1.0,0.9950073195435938,0.20596143479792542,0.1958041958041958,2
Case2,6x4,6x4_107,2,curated_human_review,1.0,0.9955522590846977,0.19843984845236415,0.2017982017982018,2
Case2,6x4,6x4_108,1,curated_human_review,1.0,0.9996250629310093,0.037039746773924395,0.43356643356643354,1
Case2,6x4,6x4_109,2,curated_human_review,1.0,0.9965089408762038,0.1884238349147666,0.18681318681318682,2
Case2,6x4,6x4_110,2,curated_human_review,1.0,0.9952814135111223,0.1928157675178962,0.21578421578421578,2
Case2,6x4,6x4_111,2,curated_human_review,1.0,0.9947933760546908,0.20947411409620584,0.21178821178821178,2
Case2,6x4,6x4_112,3,curated_human_review,1.0,0.9940223629817526,0.18611856855363135,0.3206793206793207,2
Case2,6x4,6x4_113,3,curated_human_review,1.0,0.9943077829609186,0.18183303971204198,0.27472527472527475,2
Case2,6x4,6x4_114,2,curated_human_review,1.0,0.9986178997091318,0.1256436642975427,0.2597402597402597,2
Case2,6x4,6x4_115,2,curated_human_review,1.0,0.9971360460368375,0.17635033715847093,0.18581418581418582,2
Case2,6x4,6x4_116,2,curated_human_review,1.0,0.9953485604788231,0.2113236369069785,0.1878121878121878,3
Case2,6x4,6x4_117,2,curated_human_review,1.0,0.9983231809191467,0.1368684140272181,0.23576423576423577,2
Case2,6x4,6x4_118,1,curated_human_review,1.0,0.999808520140304,0.048835038065900054,0.4045954045954046,1
Case2,6x4,6x4_119,3,curated_human_review,1.0,0.9939419302890075,0.18576630677245562,0.27472527472527475,2
Case2,6x4,6x4_120,2,curated_human_review,1.0,0.9979729846510599,0.14900315509079107,0.2177822177822178,2
Case2,6x4,6x4_121,2,curated_human_review,1.0,0.9959729755495667,0.1943728198044956,0.19080919080919082,2
Case2,6x4,6x4_122,2,curated_human_review,1.0,0.9968471758785704,0.18421072929445959,0.18081918081918083,2
Case2,6x4,6x4_123,2,curated_human_review,1.0,0.9951857935109065,0.1974929464762167,0.21978021978021978,2
Case2,6x4,6x4_124,1,curated_human_review,1.0,0.9992545850715334,0.10098759372479804,0.4125874125874126,1
Case2,6x4,6x4_125,2,curated_human_review,1.0,0.9951793513748569,0.20154046131025075,0.20679320679320679,2
Case2,6x4,6x4_126,3,curated_human_review,1.0,0.9938850465517867,0.19086524038603556,0.32967032967032966,2
Case2,6x4,6x4_127,1,curated_human_review,1.0,0.9999711250681993,0.024020349729700807,0.5264735264735265,1
Case2,6x4,6x4_128,1,curated_human_review,1.0,0.9999574652471912,0.028788729018113874,0.6283716283716284,1
Case2,6x4,6x4_129,3,curated_human_review,1.0,0.9938341788192043,0.18281486962674628,0.30569430569430567,2
Case2,6x4,6x4_130,2,curated_human_review,1.0,0.9960021779878258,0.19384590676289093,0.1918081918081918,2
Case2,6x4,6x4_131,1,curated_human_review,1.0,0.9995628971993838,0.08456358730694179,0.4945054945054945,1
Case2,6x4,6x4_132,2,curated_human_review,1.0,0.9993173733106523,0.1005120600046258,0.32367632367632365,1
Case2,6x4,6x4_133,2,curated_human_review,1.0,0.9959551686865848,0.204668464461112,0.18081918081918083,2
Case2,6x4,6x4_134,1,curated_human_review,1.0,0.9991660676694787,0.10308207639470711,0.3696303696303696,1
Case2,6x4,6x4_135,2,curated_human_review,1.0,0.9988909956189511,0.11370911725067558,0.31368631368631367,2
Case2,6x4,6x4_136,2,curated_human_review,1.0,0.995457397006526,0.20349161034579324,0.1918081918081918,2
Case2,6x4,6x4_137,1,curated_human_review,1.0,0.9998229988467064,0.04577853864608028,0.5954045954045954,1
Case2,6x4,6x4_138,2,curated_human_review,1.0,0.9979602265601226,0.15160337674614477,0.2077922077922078,2
Case2,6x4,6x4_139,1,curated_human_review,1.0,0.9991746585252089,0.10266577230665719,0.36563436563436563,1
Case2,6x4,6x4_140,3,curated_human_review,1.0,0.9926821409217378,0.2444729484837358,0.3559322033898305,3
Case2,6x4,6x4_141,1,curated_human_review,1.0,0.9996715829031192,0.0541677673505027,0.3986013986013986,1
Case2,6x4,6x4_142,2,curated_human_review,1.0,0.995711643837311,0.19636423747578272,0.1958041958041958,2
Case2,6x4,6x4_143,2,curated_human_review,1.0,0.9993272802164721,0.09951668448664779,0.33466533466533466,1
Case2,6x4,6x4_144,2,curated_human_review,1.0,0.9986997377665456,0.11818432785385596,0.2987012987012987,2
Case2,6x4,6x4_145,1,curated_human_review,1.0,0.9977011573623522,0.16914252811072203,0.1998001998001998,2
Case2,6x4,6x4_146,2,curated_human_review,1.0,0.9981705571720967,0.14570213055618153,0.23676323676323677,2
Case2,6x4,6x4_147,2,curated_human_review,1.0,0.9973710841572123,0.16681744325971049,0.2037962037962038,2
Case2,6x4,6x4_148,1,curated_human_review,1.0,0.9995863734632282,0.08877710829660121,0.5494505494505495,1
Case2,6x4,6x4_149,2,curated_human_review,1.0,0.9977293656497119,0.1575882576077552,0.20279720279720279,2
Case2,6x4,6x4_150,2,curated_human_review,1.0,0.9958334158816854,0.1996186575777689,0.1838161838161838,2
Case2,6x4,6x4_151,1,curated_human_review,1.0,0.9999536561809821,0.029386976067821875,0.47352647352647353,1
Case2,6x4,6x4_152,2,curated_human_review,1.0,0.997427674543204,0.16727822969911085,0.1928071928071928,2
Case2,6x4,6x4_153,1,curated_human_review,1.0,0.9997256104062916,0.04787201986301088,0.6843156843156843,1
Case2,6x4,6x4_154,1,curated_human_review,1.0,0.999982422271677,0.012255484822382662,0.6963036963036963,1
Case2,6x4,6x4_155,3,curated_human_review,1.0,0.9936040047218192,0.1934696051497262,0.25774225774225773,2
Case2,6x4,6x4_156,1,curated_human_review,1.0,0.9999657567758428,0.025828666423701487,0.43456543456543456,1
Case2,6x4,6x4_157,2,curated_human_review,1.0,0.9976203130552918,0.16161443197738606,0.1998001998001998,2
Case2,6x4,6x4_158,2,curated_human_review,1.0,0.9958074105403084,0.20215416120685506,0.18281718281718282,2
Case2,6x4,6x4_159,3,curated_human_review,1.0,0.9936269758109199,0.216490074635888,0.3444782168186423,3
Case2,6x4,6x4_160,2,curated_human_review,1.0,0.9956093598514296,0.19910703378516742,0.1938061938061938,2
Case2,6x4,6x4_161,1,curated_human_review,1.0,0.9999821395515703,0.0161629680102899,0.5664335664335665,1
Case2,6x4,6x4_162,2,curated_human_review,1.0,0.9957958464203688,0.19702621074314694,0.1968031968031968,2
Case2,6x4,6x4_163,2,curated_human_review,1.0,0.9978052352678436,0.15638583220306196,0.2047952047952048,2
Case2,6x4,6x4_164,3,curated_human_review,1.0,0.9939329444021389,0.19993867163537285,0.3336663336663337,2
Case2,6x4,6x4_165,3,curated_human_review,1.0,0.9936418971493598,0.21443465751570834,0.34565434565434566,3
Case2,6x4,6x4_166,2,curated_human_review,1.0,0.9955206688512611,0.19400023224399912,0.2087912087912088,2
Case2,6x4,6x4_167,3,curated_human_review,1.0,0.9935698602764205,0.2193978958818507,0.3479591836734694,3
Case2,6x4,6x4_168,3,curated_human_review,1.0,0.9951888702271635,0.1591422045226288,0.34234234234234234,2
Case2,6x4,6x4_169,1,curated_human_review,1.0,0.9999478948594775,0.03101670585473174,0.6213786213786214,1
Case2,6x4,6x4_170,1,curated_human_review,1.0,0.9991892171495924,0.10156140575463313,0.35364635364635366,1
Case2,6x4,6x4_171,3,curated_human_review,1.0,0.9939387316477009,0.1920100115673518,0.33266733266733267,2
Case2,6x4,6x4_172,2,curated_human_review,1.0,0.9955106985439846,0.19564169298345327,0.2087912087912088,2
Case2,6x4,6x4_173,1,curated_human_review,1.0,0.9997764489789179,0.052120881371155066,0.43756243756243757,1
Case2,6x4,6x4_174,1,curated_human_review,1.0,0.9997366808558369,0.049861687857738424,0.45054945054945056,1
Case2,6x4,6x4_175,1,curated_human_review,1.0,0.9999783729639231,0.021388202516709576,0.41858141858141856,1
Case2,6x4,6x4_176,1,curated_human_review,1.0,0.9983617897092788,0.14298672082795288,0.23876123876123875,2
Case2,6x4,6x4_177,2,curated_human_review,1.0,0.9974778081237616,0.16797623943953052,0.18981018981018982,2
Case2,6x4,6x4_178,2,curated_human_review,1.0,0.9980866952123836,0.14633252755970033,0.21678321678321677,2
Case2,6x4,6x4_179,1,curated_human_review,1.0,0.9990481153349238,0.10949525349674791,0.4095904095904096,1
Case2,6x4,6x4_180,2,curated_human_review,1.0,0.9955871507066267,0.21052348606946844,0.18081918081918083,3
Case2,6x4,6x4_181,1,curated_human_review,1.0,0.9995238124173679,0.06609476201271075,0.32367632367632365,1
Case2,6x4,6x4_182,2,curated_human_review,1.0,0.9951427348603871,0.2079480125247147,0.18981018981018982,2
Case2,6x4,6x4_183,1,curated_human_review,1.0,0.999050868002381,0.10747651626534456,0.33266733266733267,1
Case2,6x4,6x4_184,1,curated_human_review,1.0,0.9994703492247468,0.06393236682478473,0.31868131868131866,1
Case2,6x4,6x4_185,2,curated_human_review,1.0,0.9965435772275563,0.18739251497352752,0.1848151848151848,2
Case2,6x4,6x4_186,2,curated_human_review,1.0,0.995389215806303,0.19285062996762933,0.2127872127872128,2
Case2,6x4,6x4_187,1,curated_human_review,1.0,0.9993714867034013,0.09477294872404524,0.40559440559440557,1
Case2,6x4,6x4_188,1,curated_human_review,1.0,0.9994227542298222,0.09194193093611176,0.44455544455544455,1
Case2,6x4,6x4_189,3,curated_human_review,1.0,0.9942818787582431,0.1805414807449526,0.2807192807192807,2
Case2,6x4,6x4_190,2,curated_human_review,1.0,0.9987921966169683,0.11593655811599646,0.3196803196803197,2
Case2,6x4,6x4_191,2,curated_human_review,1.0,0.995358656553985,0.1980439329358213,0.2127872127872128,2
Case2,6x4,6x4_192,1,curated_human_review,1.0,0.9999492484643351,0.029251078790374873,0.3256743256743257,1
Case2,6x4,6x4_193,1,curated_human_review,1.0,0.9996550701339483,0.07845911567425926,0.5174825174825175,1
Case2,6x4,6x4_194,3,curated_human_review,1.0,0.9938813610958629,0.19171275506346044,0.32967032967032966,2
Case2,6x4,6x4_195,2,curated_human_review,1.0,0.9957911245335926,0.20144662269528124,0.18581418581418582,2
Case2,6x4,6x4_196,2,curated_human_review,1.0,0.9983106435421385,0.13844537249374986,0.22777222777222778,2
Case2,6x4,6x4_197,2,curated_human_review,1.0,0.9987216362497573,0.11929294435544495,0.29270729270729273,2
Case2,6x4,6x4_198,1,curated_human_review,1.0,0.999741795469962,0.054006180014598976,0.41858141858141856,1
Case2,6x4,6x4_199,1,curated_human_review,1.0,0.9996331202991551,0.056447030519667304,0.3386613386613387,1
Case2,6x4,6x4_200,1,curated_human_review,1.0,0.9994114233977165,0.07003105885961453,0.3006993006993007,1
Case2,6x4,6x4_201,2,curated_human_review,1.0,0.9978282041214169,0.1544644326847084,0.2087912087912088,2
Case2,6x4,6x4_202,2,curated_human_review,1.0,0.997381108380887,0.1701695408783664,0.1888111888111888,2
Case2,6x4,6x4_203,2,curated_human_review,1.0,0.998860611367268,0.11515992213277601,0.2897102897102897,2
Case2,6x4,6x4_204,3,curated_human_review,1.0,0.9937686732202328,0.23094546005776043,0.18981018981018982,3
Case2,6x4,6x4_205,1,curated_human_review,1.0,0.9998811332895213,0.06199084376196747,0.7102897102897103,1
Case2,6x4,6x4_206,2,curated_human_review,1.0,0.9958486849233238,0.2135837879257765,0.12887112887112886,3
Case2,6x4,6x4_207,2,curated_human_review,1.0,0.9964833786931112,0.19412703226470687,0.17682317682317683,2
Case2,6x4,6x4_208,1,curated_human_review,1.0,0.9995870850377299,0.06312996660789126,0.34265734265734266,1
Case2,6x4,6x4_209,1,curated_human_review,1.0,0.9999540522147377,0.02981908277577539,0.6403596403596403,1
Case2,6x4,6x4_210,3,curated_human_review,1.0,0.9935497920677179,0.18377077772848632,0.3096903096903097,2
Case2,6x4,6x4_211,1,curated_human_review,1.0,0.9999812417949919,0.01500362283412758,0.7592407592407593,1
Case2,6x4,6x4_212,1,curated_human_review,1.0,0.9999082935160372,0.04237038940879074,0.7162837162837162,1
Case2,6x4,6x4_213,1,curated_human_review,1.0,0.9991736626835347,0.10450361311236737,0.4035964035964036,1
Case2,6x4,6x4_214,2,curated_human_review,1.0,0.9961833589231259,0.19317181013575738,0.1878121878121878,2
Case2,6x4,6x4_215,3,curated_human_review,1.0,0.9938064387922524,0.20157730256495104,0.3386613386613387,2
Case2,6x4,6x4_216,2,curated_human_review,1.0,0.9957315679302342,0.199927091832678,0.18681318681318682,2
Case2,6x4,6x4_217,2,curated_human_review,1.0,0.9972491791787682,0.17092532047013198,0.1918081918081918,2
Case2,6x4,6x4_218,3,curated_human_review,1.0,0.9938969426939277,0.20014651606022896,0.33966033966033965,2
Case2,6x4,6x4_219,2,curated_human_review,1.0,0.9954988941393901,0.2012308839755922,0.1938061938061938,2
Case2,6x4,6x4_220,3,curated_human_review,1.0,0.9932631046285426,0.1857497490817136,0.2957042957042957,2
Case2,6x4,6x4_221,1,curated_human_review,1.0,0.9998441960242183,0.04673808873555076,0.5314685314685315,1
Case2,6x4,6x4_222,2,curated_human_review,1.0,0.9949863619795493,0.20809005763969848,0.2047952047952048,2
Case2,6x4,6x4_223,1,curated_human_review,1.0,0.9996567113008527,0.05303171701440564,0.3956043956043956,1
Case2,6x4,6x4_224,2,curated_human_review,1.0,0.9945257541162837,0.1963747705468148,0.22577422577422576,2
Case2,6x4,6x4_225,2,curated_human_review,1.0,0.9950546581936449,0.20329629659362264,0.2077922077922078,2
Case2,6x4,6x4_226,1,curated_human_review,1.0,0.9995157767631753,0.05499171486682558,0.32167832167832167,1
Case2,6x4,6x4_227,2,curated_human_review,1.0,0.9947793226349861,0.19154430175560488,0.23276723276723277,2
Case2,6x4,6x4_228,2,curated_human_review,1.0,0.998562157549269,0.12748267599082708,0.25874125874125875,2
Case2,6x4,6x4_229,1,curated_human_review,1.0,0.9995021788102894,0.06546458749692903,0.3006993006993007,1
Case2,6x4,6x4_230,1,curated_human_review,1.0,0.9985952858721892,0.12885571145176267,0.2677322677322677,2
Case2,6x4,6x4_231,2,curated_human_review,1.0,0.9975059181914995,0.16451524715835167,0.19880119880119881,2
Case2,6x4,6x4_232,3,curated_human_review,1.0,0.9936732115851437,0.18210849566073276,0.2997002997002997,2
Case2,6x4,6x4_233,2,curated_human_review,1.0,0.9970317996656892,0.17613194896108456,0.19080919080919082,2
Case2,6x4,6x4_234,1,curated_human_review,1.0,0.9995589534600823,0.0850081405532583,0.4835164835164835,1
Case2,6x4,6x4_235,2,curated_human_review,1.0,0.995650536274209,0.1954951167736914,0.2017982017982018,2
Case2,6x4,6x4_236,2,curated_human_review,1.0,0.9964191492685215,0.19024486831393578,0.18181818181818182,2
Case2,6x4,6x4_237,2,curated_human_review,1.0,0.9985980373311443,0.12684173962126977,0.25574425574425574,2
Case2,6x4,6x4_238,2,curated_human_review,1.0,0.9972990238980507,0.17021987044006157,0.1938061938061938,2
Case2,6x4,6x4_239,3,curated_human_review,1.0,0.9936432115269246,0.20958784053415372,0.22777222777222778,2
Case2,6x4,6x4_240,2,curated_human_review,1.0,0.9979993002441643,0.147835564145731,0.2217782217782218,2
Case2,6x4,6x4_241,3,curated_human_review,1.0,0.9937420712733301,0.20763940873278833,0.3386613386613387,2
Case2,6x4,6x4_242,2,curated_human_review,1.0,0.9986315369282138,0.12494227487961702,0.2597402597402597,2
Case2,6x4,6x4_243,1,curated_human_review,1.0,0.9999753917776424,0.020685689308305184,0.7342657342657343,1
Case2,6x4,6x4_244,1,curated_human_review,1.0,0.9998099393882287,0.050616931989386466,0.4405594405594406,1
Case2,6x4,6x4_245,3,curated_human_review,1.0,0.9941309770019903,0.20297592066193898,0.22877122877122877,2
Case2,6x4,6x4_246,1,curated_human_review,1.0,0.9999746663219884,0.017998029952694384,0.7562437562437563,1
Case2,6x4,6x4_247,1,curated_human_review,1.0,0.9999490229232767,0.030288213200491163,0.3876123876123876,1
Case2,6x4,6x4_248,3,curated_human_review,1.0,0.9938307339580249,0.18058783450484003,0.3036963036963037,2
Case2,6x4,6x4_249,3,curated_human_review,1.0,0.9938709075312977,0.19783281206786205,0.33666333666333664,2
Case2,6x4,6x4_250,1,curated_human_review,1.0,0.9995662835919049,0.09262580706089113,0.5534465534465535,1
Case2,6x4,6x4_251,2,curated_human_review,1.0,0.9954153072833576,0.19393623805995033,0.21578421578421578,2
Case2,6x4,6x4_252,1,curated_human_review,1.0,0.9995518900816084,0.06058825710856595,0.34065934065934067,1
Case2,6x4,6x4_253,2,curated_human_review,1.0,0.9989283774063257,0.11255629956218405,0.3116883116883117,2
Case2,6x4,6x4_254,2,curated_human_review,1.0,0.9963784716451567,0.1921864937585905,0.18581418581418582,2
Case2,6x4,6x4_255,1,curated_human_review,1.0,0.9987335939948979,0.12045982148964138,0.2707292707292707,2
Case2,6x4,6x4_256,3,curated_human_review,1.0,0.9938748105086914,0.18198855620680637,0.3016983016983017,2
Case2,6x4,6x4_257,1,curated_human_review,1.0,0.9999537619044551,0.02940942217197271,0.4935064935064935,1
Case2,6x4,6x4_258,2,curated_human_review,1.0,0.9966917258193858,0.183159539671905,0.1888111888111888,2
Case2,6x4,6x4_259,3,curated_human_review,1.0,0.9941843033137403,0.19185914873256346,0.24475524475524477,2
Case2,6x4,6x4_260,1,curated_human_review,1.0,0.9997841581544977,0.03530429424502509,0.5564435564435565,1
Case2,6x4,6x4_261,3,curated_human_review,1.0,0.9932082125516458,0.19303807438511836,0.2677322677322677,2
Case2,6x4,6x4_262,1,curated_human_review,1.0,0.9999000342732846,0.0384073756999309,0.5154845154845155,1
Case2,6x4,6x4_263,3,curated_human_review,1.0,0.9941959315580633,0.18361938421850113,0.3166833166833167,2
Case2,6x4,6x4_264,1,curated_human_review,1.0,0.9998806734752983,0.04358072884123434,0.44555444555444557,1
Case2,6x4,6x4_265,2,curated_human_review,1.0,0.9974248430015835,0.1698652379803172,0.1878121878121878,2
Case2,6x4,6x4_266,2,curated_human_review,1.0,0.9976560014444497,0.1642042355810457,0.2097902097902098,2
Case2,6x4,6x4_267,1,curated_human_review,1.0,0.9990604717299898,0.10870033092624422,0.3196803196803197,1
Case2,6x4,6x4_268,2,curated_human_review,1.0,0.9983581627262683,0.1351603330262899,0.24175824175824176,2
Case2,6x4,6x4_269,1,curated_human_review,1.0,0.9999748642543085,0.017097924568394388,0.7672327672327672,1
Case2,6x4,6x4_270,2,curated_human_review,1.0,0.9954333210686706,0.20542330043222382,0.1928071928071928,2
Case2,6x4,6x4_271,2,curated_human_review,1.0,0.9986779749876058,0.1238993973576882,0.2677322677322677,2
Case2,6x4,6x4_272,1,curated_human_review,1.0,0.9999711738840473,0.024115951329212227,0.5654345654345654,1
Case2,6x4,6x4_273,1,curated_human_review,1.0,0.9998742013944429,0.04462669319422455,0.47952047952047955,1
Case2,6x4,6x4_274,3,curated_human_review,1.0,0.9957163765901338,0.21435131979853034,0.17482517482517482,3
Case2,6x4,6x4_275,2,curated_human_review,1.0,0.9967064048589269,0.18693158913625457,0.1838161838161838,2
Case2,6x4,6x4_276,1,curated_human_review,1.0,0.9999119589868359,0.03804362475899083,0.42357642357642356,1
Case2,6x4,6x4_277,1,curated_human_review,1.0,0.9998532451531392,0.044851882963506964,0.42657342657342656,1
Case2,6x4,6x4_278,2,curated_human_review,1.0,0.9964213909426843,0.19406894736616048,0.17882117882117882,2
Case2,6x4,6x4_279,1,curated_human_review,1.0,0.9999506920209769,0.028804037402248753,0.32167832167832167,1
Case2,6x4,6x4_280,3,curated_human_review,1.0,0.9938797842074375,0.1895599293022592,0.2647352647352647,2
Case2,6x4,6x4_281,2,curated_human_review,1.0,0.9964450628845652,0.18993150119546212,0.18681318681318682,2
Case2,6x4,6x4_282,2,curated_human_review,1.0,0.9975945701694918,0.16341571108635883,0.19480519480519481,2
Case2,6x4,6x4_283,2,curated_human_review,1.0,0.9953617398183502,0.21453666699912494,0.18181818181818182,3
Case2,6x4,6x4_284,3,curated_human_review,1.0,0.9937088958419128,0.18654323038403925,0.31868131868131866,2
Case2,6x4,6x4_285,2,curated_human_review,1.0,0.9972563899976087,0.1711953728827883,0.1918081918081918,2
Case2,6x4,6x4_286,1,curated_human_review,1.0,0.9993910626377718,0.06938323188395817,0.28471528471528473,1
Case2,6x4,6x4_287,2,curated_human_review,1.0,0.9970632340075255,0.17797092958318128,0.1878121878121878,2
Case2,6x4,6x4_288,2,curated_human_review,1.0,0.9988957336853099,0.11435557361336934,0.3036963036963037,2
Case2,6x4,6x4_289,2,curated_human_review,1.0,0.9948573872171738,0.20215193029231812,0.2057942057942058,2
Case2,6x4,6x4_290,2,curated_human_review,1.0,0.9966662931092852,0.18984129360509575,0.17782217782217782,2
Case2,6x4,6x4_291,3,curated_human_review,1.0,0.9941099534308181,0.18114767718470579,0.3096903096903097,2
Case2,6x4,6x4_292,1,curated_human_review,1.0,0.9999678493401662,0.02514426455023468,0.4225774225774226,1
Case2,6x4,6x4_293,3,curated_human_review,1.0,0.9938515424361885,0.1837300713686721,0.2867132867132867,2
Case2,6x4,6x4_294,1,curated_human_review,1.0,0.9998854811612299,0.04279279073582719,0.5864135864135864,1
Case2,6x4,6x4_295,2,curated_human_review,1.0,0.9952362582822265,0.20326754944220385,0.21078921078921078,2
Case2,6x4,6x4_296,1,curated_human_review,1.0,0.9997122612970453,0.05291955106281021,0.36863136863136864,1
Case2,6x4,6x4_297,3,curated_human_review,1.0,0.9937561972918659,0.20904573989432063,0.33966033966033965,2
Case2,6x4,6x4_298,3,curated_human_review,1.0,0.9929095856898873,0.19848334454299416,0.2627372627372627,2
Case2,6x4,6x4_299,3,curated_human_review,1.0,0.9938489562114634,0.18305908336784277,0.2817182817182817,2
Case2,6x4,6x4_300,1,curated_human_review,1.0,0.9998652712746717,0.059805622111836605,0.6713286713286714,1
Case2,6x8,6x8_001,2,curve_classifier_pseudo_label,0.7016666666666667,0.9958247940952032,0.17294154326661507,0.21978021978021978,2
Case2,6x8,6x8_002,1,curve_classifier_pseudo_label,0.5383333333333333,0.9990916552446737,0.10501559800680328,0.31368631368631367,1
Case2,6x8,6x8_003,2,curve_classifier_pseudo_label,0.5383333333333333,0.9989472280022746,0.11100738127989204,0.3016983016983017,2
Case2,6x8,6x8_004,1,curve_classifier_pseudo_label,0.985,0.9999530869488055,0.031188454925870957,0.4435564435564436,1
Case2,6x8,6x8_005,2,curve_classifier_pseudo_label,0.7233333333333334,0.9957253487913172,0.1833182088679036,0.1998001998001998,2
Case2,6x8,6x8_006,2,curve_classifier_pseudo_label,0.7316666666666667,0.9959505668593176,0.15474894442540144,0.2647352647352647,2
Case2,6x8,6x8_007,1,curve_classifier_pseudo_label,0.8683333333333333,0.9995463234238423,0.064789261770548,0.2777222777222777,1
Case2,6x8,6x8_008,2,curve_classifier_pseudo_label,0.6283333333333333,0.996113536462315,0.14718957690568468,0.3096903096903097,2
Case2,6x8,6x8_009,2,curve_classifier_pseudo_label,0.7566666666666667,0.9959434744953746,0.17870607937573,0.20279720279720279,2
Case2,6x8,6x8_010,1,curve_classifier_pseudo_label,0.6716666666666666,0.9998144069616047,0.054606184452696514,0.26573426573426573,1
Case2,6x8,6x8_011,3,curve_classifier_pseudo_label,0.5733333333333334,0.9953097502752867,0.1612630781914534,0.27472527472527475,2
Case2,6x8,6x8_012,2,curve_classifier_pseudo_label,0.68,0.9958178461620932,0.15895365166393857,0.25774225774225773,2
Case2,6x8,6x8_013,2,curve_classifier_pseudo_label,0.6516666666666666,0.9977494220571688,0.1529245437472057,0.19880119880119881,2
Case2,6x8,6x8_014,2,curve_classifier_pseudo_label,0.81,0.9959184523624577,0.15971357712920667,0.2517482517482518,2
Case2,6x8,6x8_015,2,curve_classifier_pseudo_label,0.6133333333333333,0.9981207064097805,0.1412821316700428,0.21578421578421578,2
Case2,6x8,6x8_016,1,curve_classifier_pseudo_label,0.9533333333333334,0.9998548177593154,0.04598716725050814,0.36163836163836166,1
Case2,6x8,6x8_017,2,curve_classifier_pseudo_label,0.7616666666666667,0.9970616784797198,0.17087306836321609,0.18281718281718282,2
Case2,6x8,6x8_018,2,curve_classifier_pseudo_label,0.6866666666666666,0.9976578760791428,0.1553830918519535,0.1998001998001998,2
Case2,6x8,6x8_019,2,curve_classifier_pseudo_label,0.7483333333333333,0.9964869884438048,0.18127092192511193,0.18181818181818182,2
Case2,6x8,6x8_020,2,curve_classifier_pseudo_label,0.6116666666666667,0.9957114166566947,0.15832791013174707,0.26973026973026976,2
Case2,6x8,6x8_021,1,curve_classifier_pseudo_label,0.6316666666666667,0.9992041661218313,0.10098559769845228,0.3646353646353646,1
Case2,6x8,6x8_022,2,curve_classifier_pseudo_label,0.5583333333333333,0.9981032430201334,0.14616111240400556,0.21978021978021978,2
Case2,6x8,6x8_023,1,curve_classifier_pseudo_label,0.94,0.9998717953897484,0.053126176724774564,0.42957042957042957,1
Case2,6x8,6x8_024,2,curve_classifier_pseudo_label,0.7466666666666667,0.9967467885296648,0.1778495142375964,0.1798201798201798,2
Case2,6x8,6x8_025,1,curve_classifier_pseudo_label,0.6883333333333334,0.9998212740654164,0.05381137885309966,0.24975024975024976,1
Case2,6x8,6x8_026,1,curve_classifier_pseudo_label,0.715,0.9998334780260733,0.05247556122808886,0.27972027972027974,1
Case2,6x8,6x8_027,2,curve_classifier_pseudo_label,0.49833333333333335,0.9987650933274751,0.11819296068694794,0.26873126873126874,2
Case2,6x8,6x8_028,2,curve_classifier_pseudo_label,0.5666666666666667,0.9970571683879234,0.18116023451446847,0.18081918081918083,2
Case2,6x8,6x8_029,1,curve_classifier_pseudo_label,0.55,0.9991658410402156,0.10123742377763471,0.3276723276723277,1
Case2,6x8,6x8_030,3,curve_classifier_pseudo_label,0.88,0.994842151984468,0.17972209527007382,0.3046953046953047,2
Case2,6x8,6x8_031,1,curve_classifier_pseudo_label,0.9933333333333333,0.9999407817736952,0.03463279973171598,0.45054945054945056,1
Case2,6x8,6x8_032,3,curve_classifier_pseudo_label,0.8633333333333333,0.9949107864020981,0.17963423043850885,0.3026973026973027,2
Case2,6x8,6x8_033,1,curve_classifier_pseudo_label,0.7566666666666667,0.9997296668095798,0.06150525908674537,0.2957042957042957,1
Case2,6x8,6x8_034,2,curve_classifier_pseudo_label,0.5,0.9951736017913028,0.17066127444343734,0.24475524475524477,2
Case2,6x8,6x8_035,1,curve_classifier_pseudo_label,0.6933333333333334,0.9998311274673767,0.052613958138216815,0.2937062937062937,1
Case2,6x8,6x8_036,3,curve_classifier_pseudo_label,0.84,0.9950995260889021,0.16928120513054493,0.2957042957042957,2
Case2,6x8,6x8_037,1,curve_classifier_pseudo_label,0.72,0.9997862321349947,0.05735127546067084,0.2897102897102897,1
Case2,6x8,6x8_038,1,curve_classifier_pseudo_label,0.9966666666666667,0.9999668127444025,0.02535105930533586,0.4775224775224775,1
Case2,6x8,6x8_039,2,curve_classifier_pseudo_label,0.5283333333333333,0.9988059457852408,0.11620346806403203,0.27672327672327673,2
Case2,6x8,6x8_040,2,curve_classifier_pseudo_label,0.6683333333333333,0.9967890709460062,0.17588326426753473,0.18281718281718282,2
Case2,6x8,6x8_041,2,curve_classifier_pseudo_label,0.7,0.9961061776445435,0.1504923872665652,0.2837162837162837,2
Case2,6x8,6x8_042,1,curve_classifier_pseudo_label,0.7166666666666667,0.9995320937124366,0.0667050982564273,0.27372627372627373,1
Case2,6x8,6x8_043,1,curve_classifier_pseudo_label,0.8133333333333334,0.9998567462557939,0.0492626718883423,0.3016983016983017,1
Case2,6x8,6x8_044,1,curve_classifier_pseudo_label,0.995,0.9999489912578692,0.03453915608548303,0.4805194805194805,1
Case2,6x8,6x8_045,3,curve_classifier_pseudo_label,0.585,0.99451944004271,0.17644291741257584,0.24875124875124874,2
Case2,6x8,6x8_046,1,curve_classifier_pseudo_label,0.73,0.9998751809271081,0.04684077620294866,0.28471528471528473,1
Case2,6x8,6x8_047,2,curve_classifier_pseudo_label,0.6066666666666667,0.9964119262110127,0.18795812774016696,0.18081918081918083,2
Case2,6x8,6x8_048,2,curve_classifier_pseudo_label,0.7816666666666666,0.9961471772205939,0.1507999399646098,0.2897102897102897,2
Case2,6x8,6x8_049,2,curve_classifier_pseudo_label,0.5116666666666667,0.9947136028517491,0.199177563732572,0.2007992007992008,2
Case2,6x8,6x8_050,2,curve_classifier_pseudo_label,0.615,0.9951834816714711,0.1741138585047916,0.23576423576423577,2
Case2,6x8,6x8_051,2,curve_classifier_pseudo_label,0.6933333333333334,0.9969714289282989,0.17275523232856757,0.18281718281718282,2
Case2,6x8,6x8_052,2,curve_classifier_pseudo_label,0.7233333333333334,0.9972692096078676,0.16746100977769754,0.18281718281718282,2
Case2,6x8,6x8_053,2,curve_classifier_pseudo_label,0.68,0.9961221814334069,0.14980996623321644,0.32167832167832167,2
Case2,6x8,6x8_054,2,curve_classifier_pseudo_label,0.5233333333333333,0.9951343610077741,0.17805528628963552,0.22877122877122877,2
Case2,6x8,6x8_055,1,curve_classifier_pseudo_label,0.79,0.9995637155347166,0.07999310381079125,0.39760239760239763,1
Case2,6x8,6x8_056,2,curve_classifier_pseudo_label,0.71,0.9958518681018719,0.17089974614432862,0.22377622377622378,2
Case2,6x8,6x8_057,2,curve_classifier_pseudo_label,0.7616666666666667,0.996124101927659,0.15190518278214296,0.2967032967032967,2
Case2,6x8,6x8_058,2,curve_classifier_pseudo_label,0.7016666666666667,0.9958804753258973,0.15792185683358556,0.25774225774225773,2
Case2,6x8,6x8_059,3,curve_classifier_pseudo_label,0.8833333333333333,0.9945703629276474,0.19307499118838298,0.3086913086913087,2
Case2,6x8,6x8_060,2,curve_classifier_pseudo_label,0.49,0.9984492201873136,0.13002863889657046,0.23676323676323677,2
Case2,6x8,6x8_061,2,curve_classifier_pseudo_label,0.6066666666666667,0.9957920374652712,0.15729810925662824,0.26873126873126874,2
Case2,6x8,6x8_062,3,curve_classifier_pseudo_label,0.445,0.994708372092156,0.21647667421983488,0.17482517482517482,3
Case2,6x8,6x8_063,2,curve_classifier_pseudo_label,0.6383333333333333,0.9979798997782378,0.14723051384010236,0.2047952047952048,2
Case2,6x8,6x8_064,2,curve_classifier_pseudo_label,0.7916666666666666,0.9958013590085066,0.18173486086964863,0.2007992007992008,2
Case2,6x8,6x8_065,2,curve_classifier_pseudo_label,0.695,0.9969842505007898,0.17352712831762496,0.1798201798201798,2
Case2,6x8,6x8_066,1,curve_classifier_pseudo_label,0.6966666666666667,0.9997032028690744,0.07257036046122545,0.33666333666333664,1
Case2,6x8,6x8_067,1,curve_classifier_pseudo_label,0.735,0.9998071923817194,0.05514592034537357,0.2937062937062937,1
Case2,6x8,6x8_068,3,curve_classifier_pseudo_label,0.8433333333333334,0.9951901710237676,0.1700737673257121,0.2967032967032967,2
Case2,6x8,6x8_069,2,curve_classifier_pseudo_label,0.59,0.9983897453294608,0.13189581310459755,0.23476523476523475,2
Case2,6x8,6x8_070,1,curve_classifier_pseudo_label,0.7083333333333334,0.9995008285349334,0.07121227089867974,0.26573426573426573,1
Case2,6x8,6x8_071,2,curve_classifier_pseudo_label,0.635,0.9971496619473443,0.17080539476343093,0.19080919080919082,2
Case2,6x8,6x8_072,3,curve_classifier_pseudo_label,0.81,0.99492610655686,0.16323238640872034,0.2867132867132867,2
Case2,6x8,6x8_073,2,curve_classifier_pseudo_label,0.7116666666666667,0.9956466265925347,0.19044227726518473,0.19080919080919082,2
Case2,6x8,6x8_074,3,curve_classifier_pseudo_label,0.89,0.9929096289257408,0.24114827138890707,0.32867132867132864,3
Case2,6x8,6x8_075,2,curve_classifier_pseudo_label,0.8333333333333334,0.9958593710787808,0.1685405620253015,0.23176823176823177,2
Case2,6x8,6x8_076,2,curve_classifier_pseudo_label,0.5583333333333333,0.9957008670713992,0.15871649619389872,0.26673326673326675,2
Case2,6x8,6x8_077,2,curve_classifier_pseudo_label,0.7533333333333333,0.9958909835117565,0.1758338977553139,0.21078921078921078,2
Case2,6x8,6x8_078,2,curve_classifier_pseudo_label,0.745,0.9964820573630775,0.1813880458185267,0.18181818181818182,2
Case2,6x8,6x8_079,2,curve_classifier_pseudo_label,0.59,0.9983913406599986,0.1326874417072596,0.23176823176823177,2
Case2,6x8,6x8_080,1,curve_classifier_pseudo_label,0.9916666666666667,0.9995224684958521,0.08522974032625379,0.46653346653346656,1
Case2,6x8,6x8_081,2,curve_classifier_pseudo_label,0.62,0.9980595031576743,0.14407408862222149,0.2097902097902098,2
Case2,6x8,6x8_082,1,curve_classifier_pseudo_label,0.485,0.998719514341494,0.11849676221601191,0.27472527472527475,2
Case2,6x8,6x8_083,2,curve_classifier_pseudo_label,0.805,0.9960953718521408,0.14632007404334285,0.2987012987012987,2
Case2,6x8,6x8_084,1,curve_classifier_pseudo_label,0.5183333333333333,0.998866813217276,0.11301916694783534,0.2957042957042957,2
Case2,6x8,6x8_085,2,curve_classifier_pseudo_label,0.49833333333333335,0.9987034508395184,0.12029057003353263,0.26673326673326675,2
Case2,6x8,6x8_086,1,curve_classifier_pseudo_label,0.5233333333333333,0.9990808013541203,0.10460173597052994,0.3166833166833167,1
Case2,6x8,6x8_087,2,curve_classifier_pseudo_label,0.6733333333333333,0.9977056951979979,0.1558930088189301,0.1928071928071928,2
Case2,6x8,6x8_088,3,curve_classifier_pseudo_label,0.505,0.9942534749189732,0.2006249220533053,0.2077922077922078,2
Case2,6x8,6x8_089,3,curve_classifier_pseudo_label,0.5533333333333333,0.9945320310743875,0.17609386809650995,0.24875124875124874,2
Case2,6x8,6x8_090,2,curve_classifier_pseudo_label,0.755,0.9961953187974173,0.18181154782909834,0.1888111888111888,2
Case2,6x8,6x8_091,3,curve_classifier_pseudo_label,0.68,0.9951298765927529,0.16238164840055466,0.27672327672327673,2
Case2,6x8,6x8_092,1,curve_classifier_pseudo_label,0.47333333333333333,0.9990561039292797,0.1134613185482458,0.26373626373626374,2
Case2,6x8,6x8_093,1,curve_classifier_pseudo_label,0.7833333333333333,0.9998674476953937,0.04764494723171419,0.3116883116883117,1
Case2,6x8,6x8_094,1,curve_classifier_pseudo_label,0.98,0.9997936979308295,0.04254924036452424,0.3646353646353646,1
Case2,6x8,6x8_095,2,curve_classifier_pseudo_label,0.72,0.9969883440979488,0.17282662734194346,0.18081918081918083,2
Case2,6x8,6x8_096,1,curve_classifier_pseudo_label,0.8433333333333334,0.9995686038621906,0.06663134921731412,0.2787212787212787,1
Case2,6x8,6x8_097,2,curve_classifier_pseudo_label,0.6233333333333333,0.9958083069918562,0.19029718578976365,0.18681318681318682,2
Case2,6x8,6x8_098,3,curve_classifier_pseudo_label,0.75,0.995425086426324,0.16059157499658475,0.2857142857142857,2
Case2,6x8,6x8_099,2,curve_classifier_pseudo_label,0.51,0.9979749125713709,0.1471141143047791,0.2037962037962038,2
Case2,6x8,6x8_100,1,curve_classifier_pseudo_label,0.8883333333333333,0.9998564103319293,0.0552304844535228,0.4095904095904096,1
Case2,6x8,6x8_101,2,curve_classifier_pseudo_label,0.58,0.9953756197115304,0.1719085178605362,0.23576423576423577,2
Case2,6x8,6x8_102,2,curve_classifier_pseudo_label,0.74,0.9959968763376998,0.17802419382275259,0.2047952047952048,2
Case2,6x8,6x8_103,2,curve_classifier_pseudo_label,0.68,0.9958778530185879,0.15931387434174485,0.25274725274725274,2
Case2,6x8,6x8_104,2,curve_classifier_pseudo_label,0.525,0.9960536524465287,0.1525400102390944,0.3176823176823177,2
Case2,6x8,6x8_105,1,curve_classifier_pseudo_label,0.655,0.9997724751508461,0.05893531532316206,0.23776223776223776,1
Case2,6x8,6x8_106,2,curve_classifier_pseudo_label,0.5466666666666666,0.995285291929887,0.16534495237471422,0.25774225774225773,2
Case2,6x8,6x8_107,2,curve_classifier_pseudo_label,0.6666666666666666,0.9960698817455085,0.15095143505132796,0.2777222777222777,2
Case2,6x8,6x8_108,1,curve_classifier_pseudo_label,0.505,0.9988694685713287,0.11394126468465456,0.2907092907092907,2
Case2,6x8,6x8_109,2,curve_classifier_pseudo_label,0.7433333333333333,0.9958867934176062,0.16368709640815748,0.24075924075924077,2
Case2,6x8,6x8_110,2,curve_classifier_pseudo_label,0.5983333333333334,0.9958043228657888,0.15704816233767538,0.26873126873126874,2
Case2,6x8,6x8_111,2,curve_classifier_pseudo_label,0.7133333333333334,0.9961000958201399,0.14945473144144011,0.3166833166833167,2
Case2,6x8,6x8_112,3,curve_classifier_pseudo_label,0.8616666666666667,0.9949803981031257,0.17550576851462213,0.2997002997002997,2
Case2,6x8,6x8_113,3,curve_classifier_pseudo_label,0.7883333333333333,0.9953790394962859,0.16087619856211438,0.28771228771228774,2
Case2,6x8,6x8_114,2,curve_classifier_pseudo_label,0.69,0.9974307461998921,0.16339179518511823,0.18581418581418582,2
Case2,6x8,6x8_115,2,curve_classifier_pseudo_label,0.8083333333333333,0.9959417368363471,0.17268612108286907,0.2177822177822178,2
Case2,6x8,6x8_116,2,curve_classifier_pseudo_label,0.7233333333333334,0.9961009336399353,0.1463618444960072,0.2987012987012987,2
Case2,6x8,6x8_117,2,curve_classifier_pseudo_label,0.735,0.9969535602816871,0.17476961491707146,0.17882117882117882,2
Case2,6x8,6x8_118,1,curve_classifier_pseudo_label,0.8166666666666667,0.9995928914900931,0.06928821161062164,0.27672327672327673,1
Case2,6x8,6x8_119,3,curve_classifier_pseudo_label,0.8233333333333334,0.9951016488773485,0.1626002543197773,0.28771228771228774,2
Case2,6x8,6x8_120,2,curve_classifier_pseudo_label,0.6916666666666667,0.9965953159752979,0.17872696250578332,0.18181818181818182,2
Case2,6x8,6x8_121,2,curve_classifier_pseudo_label,0.6516666666666666,0.9955126870649641,0.16885482092548076,0.23876123876123875,2
Case2,6x8,6x8_122,2,curve_classifier_pseudo_label,0.7616666666666667,0.9958708446707629,0.16846188324942177,0.22977022977022976,2
Case2,6x8,6x8_123,2,curve_classifier_pseudo_label,0.6066666666666667,0.9960792872062773,0.1521514847482001,0.3006993006993007,2
Case2,6x8,6x8_124,2,curve_classifier_pseudo_label,0.49833333333333335,0.9987442906170659,0.1190636658400315,0.2677322677322677,2
Case2,6x8,6x8_125,2,curve_classifier_pseudo_label,0.79,0.9961430401258344,0.15072002677064253,0.2907092907092907,2
Case2,6x8,6x8_126,3,curve_classifier_pseudo_label,0.8,0.9948857882791258,0.18052389154762793,0.3026973026973027,2
Case2,6x8,6x8_127,1,curve_classifier_pseudo_label,0.8633333333333333,0.9998680401432088,0.04684767053959776,0.33666333666333664,1
Case2,6x8,6x8_128,1,curve_classifier_pseudo_label,0.9016666666666666,0.9998655571484492,0.05162459015389286,0.39760239760239763,1
Case2,6x8,6x8_129,3,curve_classifier_pseudo_label,0.8633333333333333,0.994989601745158,0.1684581730767746,0.2957042957042957,2
Case2,6x8,6x8_130,2,curve_classifier_pseudo_label,0.6966666666666667,0.9958208178569576,0.16119270224415477,0.24975024975024976,2
Case2,6x8,6x8_131,1,curve_classifier_pseudo_label,0.5,0.9991196499898873,0.1034718956323984,0.32167832167832167,1
Case2,6x8,6x8_132,2,curve_classifier_pseudo_label,0.485,0.9983721346780433,0.14202132411779692,0.21878121878121878,2
Case2,6x8,6x8_133,2,curve_classifier_pseudo_label,0.495,0.994635755329666,0.19366031289887137,0.21178821178821178,2
Case2,6x8,6x8_134,2,curve_classifier_pseudo_label,0.555,0.9985689500106064,0.12573055693882346,0.24875124875124874,2
Case2,6x8,6x8_135,2,curve_classifier_pseudo_label,0.5983333333333334,0.9980803530521787,0.14349037748901675,0.2097902097902098,2
Case2,6x8,6x8_136,2,curve_classifier_pseudo_label,0.735,0.9960559279581551,0.1513951905010965,0.2757242757242757,2
Case2,6x8,6x8_137,1,curve_classifier_pseudo_label,0.9383333333333334,0.9993603749206276,0.0936236136499031,0.42657342657342656,1
Case2,6x8,6x8_138,2,curve_classifier_pseudo_label,0.7183333333333334,0.9964192588897584,0.1822997384541311,0.18181818181818182,2
Case2,6x8,6x8_139,2,curve_classifier_pseudo_label,0.5516666666666666,0.9985441399296563,0.12694277601384754,0.24775224775224775,2
Case2,6x8,6x8_140,3,curve_classifier_pseudo_label,0.915,0.9860434741143199,0.3476934929476837,0.08091908091908091,3
Case2,6x8,6x8_141,1,curve_classifier_pseudo_label,0.49166666666666664,0.9988626322463866,0.11303457801676417,0.2997002997002997,2
Case2,6x8,6x8_142,2,curve_classifier_pseudo_label,0.6333333333333333,0.9957587116309748,0.16026206677082622,0.25574425574425574,2
Case2,6x8,6x8_143,2,curve_classifier_pseudo_label,0.505,0.9984553240836972,0.1382677323010292,0.22577422577422576,2
Case2,6x8,6x8_144,2,curve_classifier_pseudo_label,0.6133333333333333,0.9978711158068029,0.15083207285384398,0.19880119880119881,2
Case2,6x8,6x8_145,2,curve_classifier_pseudo_label,0.43,0.9954374656829856,0.2153400602201819,0.16283716283716285,3
Case2,6x8,6x8_146,2,curve_classifier_pseudo_label,0.5966666666666667,0.99663756348256,0.18503122757560347,0.18181818181818182,2
Case2,6x8,6x8_147,2,curve_classifier_pseudo_label,0.6416666666666667,0.9958350829814888,0.1903134859513627,0.18581418581418582,2
Case2,6x8,6x8_148,1,curve_classifier_pseudo_label,0.5866666666666667,0.9992093748788066,0.10004622387737941,0.35364635364635366,1
Case2,6x8,6x8_149,2,curve_classifier_pseudo_label,0.73,0.9962517107877473,0.18273410832186016,0.1848151848151848,2
Case2,6x8,6x8_150,2,curve_classifier_pseudo_label,0.6066666666666667,0.9953353281775162,0.17199640585256212,0.23676323676323677,2
Case2,6x8,6x8_151,1,curve_classifier_pseudo_label,0.7466666666666667,0.9998069880326943,0.054835883832852934,0.3036963036963037,1
Case2,6x8,6x8_152,2,curve_classifier_pseudo_label,0.715,0.9960325637651941,0.18153604547975866,0.19480519480519481,2
Case2,6x8,6x8_153,1,curve_classifier_pseudo_label,0.955,0.9994625701142855,0.0886717587660194,0.4305694305694306,1
Case2,6x8,6x8_154,1,curve_classifier_pseudo_label,0.91,0.9998597036273076,0.0556638538067926,0.4305694305694306,1
Case2,6x8,6x8_155,3,curve_classifier_pseudo_label,0.7766666666666666,0.9950449083712585,0.16244425343646973,0.28471528471528473,2
Case2,6x8,6x8_156,1,curve_classifier_pseudo_label,0.74,0.9997920323988605,0.05691841939753094,0.2757242757242757,1
Case2,6x8,6x8_157,2,curve_classifier_pseudo_label,0.7283333333333334,0.9961331790597754,0.18134967735439364,0.1938061938061938,2
Case2,6x8,6x8_158,2,curve_classifier_pseudo_label,0.5516666666666666,0.9950851142944509,0.1777509688188849,0.23076923076923078,2
Case2,6x8,6x8_159,3,curve_classifier_pseudo_label,0.885,0.9934995031110766,0.2284498157053471,0.3230309072781655,3
Case2,6x8,6x8_160,2,curve_classifier_pseudo_label,0.5666666666666667,0.9953927204039623,0.1672013417070791,0.24775224775224775,2
Case2,6x8,6x8_161,1,curve_classifier_pseudo_label,0.7733333333333333,0.9996268526819118,0.07694780545426665,0.3676323676323676,1
Case2,6x8,6x8_162,2,curve_classifier_pseudo_label,0.695,0.9960780234281104,0.15124366525349336,0.27372627372627373,2
Case2,6x8,6x8_163,2,curve_classifier_pseudo_label,0.7533333333333333,0.9962476958457704,0.18330141468879727,0.18681318681318682,2
Case2,6x8,6x8_164,3,curve_classifier_pseudo_label,0.8633333333333333,0.9947512913612809,0.1872545504133033,0.30569430569430567,2
Case2,6x8,6x8_165,3,curve_classifier_pseudo_label,0.8883333333333333,0.994030349463114,0.21156792960065493,0.3166833166833167,3
Case2,6x8,6x8_166,2,curve_classifier_pseudo_label,0.6633333333333333,0.9960393212857809,0.15294110749443962,0.27172827172827174,2
Case2,6x8,6x8_167,3,curve_classifier_pseudo_label,0.8883333333333333,0.9929004219202243,0.2410222247071171,0.32967032967032966,3
Case2,6x8,6x8_168,3,curve_classifier_pseudo_label,0.9166666666666666,0.9843368785602211,0.367142456579423,0.08691308691308691,3
Case2,6x8,6x8_169,1,curve_classifier_pseudo_label,0.9016666666666666,0.9998687791503666,0.05007942824296372,0.3926073926073926,1
Case2,6x8,6x8_170,2,curve_classifier_pseudo_label,0.5216666666666666,0.9984244287245894,0.13197442728848588,0.23976023976023977,2
Case2,6x8,6x8_171,3,curve_classifier_pseudo_label,0.87,0.9948234525683651,0.1830275473266048,0.3036963036963037,2
Case2,6x8,6x8_172,2,curve_classifier_pseudo_label,0.6933333333333334,0.9961264166089152,0.1506008295394101,0.27972027972027974,2
Case2,6x8,6x8_173,1,curve_classifier_pseudo_label,0.8666666666666667,0.9996682485275531,0.062448482485540344,0.2977022977022977,1
Case2,6x8,6x8_174,1,curve_classifier_pseudo_label,0.5083333333333333,0.9990157812880285,0.10628574615817046,0.34165834165834164,1
Case2,6x8,6x8_175,1,curve_classifier_pseudo_label,0.6683333333333333,0.9998006380419189,0.05588643725562718,0.2647352647352647,1
Case2,6x8,6x8_176,2,curve_classifier_pseudo_label,0.5633333333333334,0.9967120057629073,0.1886639227969288,0.17682317682317683,2
Case2,6x8,6x8_177,2,curve_classifier_pseudo_label,0.7716666666666666,0.9959930321277668,0.1785380580880815,0.2047952047952048,2
Case2,6x8,6x8_178,2,curve_classifier_pseudo_label,0.725,0.9966513391837027,0.17853466707251092,0.18081918081918083,2
Case2,6x8,6x8_179,2,curve_classifier_pseudo_label,0.4716666666666667,0.998692348082845,0.1206438250477816,0.2627372627372627,2
Case2,6x8,6x8_180,2,curve_classifier_pseudo_label,0.8283333333333334,0.9960575029029852,0.1467405330650816,0.29270729270729273,2
Case2,6x8,6x8_181,2,curve_classifier_pseudo_label,0.48333333333333334,0.9984952504513612,0.12831192788565957,0.24175824175824176,2
Case2,6x8,6x8_182,2,curve_classifier_pseudo_label,0.54,0.9951489950873504,0.1684594384545111,0.2517482517482518,2
Case2,6x8,6x8_183,2,curve_classifier_pseudo_label,0.5866666666666667,0.9982857696220901,0.1360635203207396,0.22477522477522477,2
Case2,6x8,6x8_184,2,curve_classifier_pseudo_label,0.49833333333333335,0.9983609274072254,0.13339081187254936,0.22877122877122877,2
Case2,6x8,6x8_185,2,curve_classifier_pseudo_label,0.7283333333333334,0.9954761244876101,0.17959456773784638,0.21478521478521478,2
Case2,6x8,6x8_186,2,curve_classifier_pseudo_label,0.6316666666666667,0.9958840917296555,0.15633680742324002,0.2677322677322677,2
Case2,6x8,6x8_187,2,curve_classifier_pseudo_label,0.48333333333333334,0.998810296902161,0.11826893955597877,0.27172827172827174,2
Case2,6x8,6x8_188,2,curve_classifier_pseudo_label,0.5316666666666666,0.9989176416183961,0.11172151406296009,0.2917082917082917,2
Case2,6x8,6x8_189,3,curve_classifier_pseudo_label,0.8,0.9953674796241986,0.1617696665690673,0.2887112887112887,2
Case2,6x8,6x8_190,2,curve_classifier_pseudo_label,0.6133333333333333,0.9980967602813741,0.14302789403692212,0.21078921078921078,2
Case2,6x8,6x8_191,2,curve_classifier_pseudo_label,0.67,0.9961389698941604,0.1492764139330309,0.2947052947052947,2
Case2,6x8,6x8_192,1,curve_classifier_pseudo_label,0.6116666666666667,0.9997465046887799,0.060972781473564906,0.2057942057942058,1
Case2,6x8,6x8_193,1,curve_classifier_pseudo_label,0.62,0.9992954947096214,0.09604830628373834,0.33766233766233766,1
Case2,6x8,6x8_194,3,curve_classifier_pseudo_label,0.8783333333333333,0.9948136774615005,0.1808762698972523,0.3036963036963037,2
Case2,6x8,6x8_195,2,curve_classifier_pseudo_label,0.7966666666666666,0.9960519581841447,0.15205538536550428,0.2707292707292707,2
Case2,6x8,6x8_196,2,curve_classifier_pseudo_label,0.7716666666666666,0.9968275103235228,0.1770626168598917,0.17882117882117882,2
Case2,6x8,6x8_197,2,curve_classifier_pseudo_label,0.63,0.9978363412400466,0.15190395211562013,0.1978021978021978,2
Case2,6x8,6x8_198,1,curve_classifier_pseudo_label,0.7933333333333333,0.9996241926062861,0.06291515407510412,0.2897102897102897,1
Case2,6x8,6x8_199,2,curve_classifier_pseudo_label,0.5216666666666666,0.9985547244205338,0.12630213437397464,0.24875124875124874,2
Case2,6x8,6x8_200,2,curve_classifier_pseudo_label,0.48833333333333334,0.9982197333274875,0.1385938361984453,0.2177822177822178,2
Case2,6x8,6x8_201,2,curve_classifier_pseudo_label,0.715,0.9963807604621818,0.1813673890855921,0.1848151848151848,2
Case2,6x8,6x8_202,2,curve_classifier_pseudo_label,0.735,0.9959698383269425,0.17836535275750579,0.2047952047952048,2
Case2,6x8,6x8_203,2,curve_classifier_pseudo_label,0.6483333333333333,0.9978717830477762,0.1491324638822433,0.2047952047952048,2
Case2,6x8,6x8_204,3,curve_classifier_pseudo_label,0.7216666666666667,0.9939483894619637,0.17706118876343427,0.25674325674325676,2
Case2,6x8,6x8_205,1,curve_classifier_pseudo_label,0.9933333333333333,0.9996334795089306,0.07672629077804909,0.46853146853146854,1
Case2,6x8,6x8_206,2,curve_classifier_pseudo_label,0.6683333333333333,0.996093886043252,0.15063597935907042,0.3226773226773227,2
Case2,6x8,6x8_207,2,curve_classifier_pseudo_label,0.7633333333333333,0.995894240421714,0.15774268353997495,0.25874125874125875,2
Case2,6x8,6x8_208,2,curve_classifier_pseudo_label,0.49666666666666665,0.9986469807771816,0.1215684738833229,0.2627372627372627,2
Case2,6x8,6x8_209,1,curve_classifier_pseudo_label,0.9183333333333333,0.9998797347397095,0.048645254214729504,0.4025974025974026,1
Case2,6x8,6x8_210,3,curve_classifier_pseudo_label,0.8216666666666667,0.9950230883738835,0.1703472097828438,0.2967032967032967,2
Case2,6x8,6x8_211,1,curve_classifier_pseudo_label,0.9966666666666667,0.9999514371593671,0.033453567462955185,0.47652347652347654,1
Case2,6x8,6x8_212,1,curve_classifier_pseudo_label,0.9916666666666667,0.9999433807134549,0.027968905980436398,0.4385614385614386,1
Case2,6x8,6x8_213,2,curve_classifier_pseudo_label,0.5,0.9987117346486699,0.11988962205110136,0.26373626373626374,2
Case2,6x8,6x8_214,2,curve_classifier_pseudo_label,0.6933333333333334,0.9958356307773003,0.1620289176405464,0.24675324675324675,2
Case2,6x8,6x8_215,3,curve_classifier_pseudo_label,0.88,0.9947113599475992,0.18783666934546683,0.3076923076923077,2
Case2,6x8,6x8_216,2,curve_classifier_pseudo_label,0.7733333333333333,0.9958663278287226,0.15861033374911365,0.25674325674325676,2
Case2,6x8,6x8_217,2,curve_classifier_pseudo_label,0.7283333333333334,0.9959052718928765,0.1820040149981802,0.1968031968031968,2
Case2,6x8,6x8_218,3,curve_classifier_pseudo_label,0.8766666666666667,0.9946867092395747,0.18917455336504294,0.3066933066933067,2
Case2,6x8,6x8_219,2,curve_classifier_pseudo_label,0.8016666666666666,0.9960560513954095,0.15245358913193194,0.27172827172827174,2
Case2,6x8,6x8_220,3,curve_classifier_pseudo_label,0.8433333333333334,0.9948803258368735,0.16717424554142965,0.2937062937062937,2
Case2,6x8,6x8_221,1,curve_classifier_pseudo_label,0.98,0.9998020150151335,0.045155295713184836,0.3596403596403596,1
Case2,6x8,6x8_222,2,curve_classifier_pseudo_label,0.6683333333333333,0.9960942086847528,0.1501084304788262,0.3046953046953047,2
Case2,6x8,6x8_223,2,curve_classifier_pseudo_label,0.5266666666666666,0.9988380224167853,0.11429770485419105,0.2917082917082917,2
Case2,6x8,6x8_224,3,curve_classifier_pseudo_label,0.5583333333333333,0.9955163626901887,0.1597832182987081,0.27472527472527475,2
Case2,6x8,6x8_225,2,curve_classifier_pseudo_label,0.6766666666666666,0.9960986781998745,0.15167136469980946,0.2947052947052947,2
Case2,6x8,6x8_226,2,curve_classifier_pseudo_label,0.575,0.9983161761898353,0.13533022858162788,0.22577422577422576,2
Case2,6x8,6x8_227,3,curve_classifier_pseudo_label,0.545,0.9954906901555823,0.1600996975107685,0.27372627372627373,2
Case2,6x8,6x8_228,2,curve_classifier_pseudo_label,0.705,0.9974577241892827,0.1613668497338664,0.18981018981018982,2
Case2,6x8,6x8_229,2,curve_classifier_pseudo_label,0.555,0.9982265435247841,0.13839168198802035,0.21878121878121878,2
Case2,6x8,6x8_230,2,curve_classifier_pseudo_label,0.6133333333333333,0.9973717279163297,0.16602583409945007,0.1958041958041958,2
Case2,6x8,6x8_231,2,curve_classifier_pseudo_label,0.7616666666666667,0.9961256438605843,0.1813254300892705,0.1928071928071928,2
Case2,6x8,6x8_232,3,curve_classifier_pseudo_label,0.8433333333333334,0.9951103016221086,0.16701793507132803,0.2937062937062937,2
Case2,6x8,6x8_233,2,curve_classifier_pseudo_label,0.7083333333333334,0.9958559365583939,0.17807518844429773,0.20679320679320679,2
Case2,6x8,6x8_234,1,curve_classifier_pseudo_label,0.565,0.9991505931662837,0.10315323692796033,0.3176823176823177,1
Case2,6x8,6x8_235,2,curve_classifier_pseudo_label,0.6883333333333334,0.9960006794254925,0.1539402043767247,0.2677322677322677,2
Case2,6x8,6x8_236,2,curve_classifier_pseudo_label,0.7166666666666667,0.9956855295131805,0.17119216629450856,0.22777222777222778,2
Case2,6x8,6x8_237,2,curve_classifier_pseudo_label,0.7383333333333333,0.9974012077396015,0.16328741826538468,0.1878121878121878,2
Case2,6x8,6x8_238,2,curve_classifier_pseudo_label,0.73,0.9959906700822954,0.18060441411614897,0.1978021978021978,2
Case2,6x8,6x8_239,3,curve_classifier_pseudo_label,0.7633333333333333,0.9945253417587077,0.16738782562353782,0.27372627372627373,2
Case2,6x8,6x8_240,2,curve_classifier_pseudo_label,0.6583333333333333,0.9965932055847789,0.17953345294626974,0.18181818181818182,2
Case2,6x8,6x8_241,3,curve_classifier_pseudo_label,0.885,0.994586016684362,0.19238559362856789,0.3086913086913087,2
Case2,6x8,6x8_242,2,curve_classifier_pseudo_label,0.7316666666666667,0.9974560769134494,0.1612675546243564,0.19080919080919082,2
Case2,6x8,6x8_243,1,curve_classifier_pseudo_label,0.9733333333333334,0.9998904602223154,0.05037035867776695,0.4485514485514486,1
Case2,6x8,6x8_244,1,curve_classifier_pseudo_label,0.82,0.9996900523602863,0.06339970164234142,0.2957042957042957,1
Case2,6x8,6x8_245,3,curve_classifier_pseudo_label,0.7,0.9948864150871628,0.16449034929954062,0.27372627372627373,2
Case2,6x8,6x8_246,1,curve_classifier_pseudo_label,0.99,0.9999202396587107,0.04340361677404423,0.4675324675324675,1
Case2,6x8,6x8_247,1,curve_classifier_pseudo_label,0.6183333333333333,0.9998004954957441,0.05613858450521384,0.24575424575424576,1
Case2,6x8,6x8_248,3,curve_classifier_pseudo_label,0.825,0.9951799779851549,0.16743975758002652,0.2947052947052947,2
Case2,6x8,6x8_249,3,curve_classifier_pseudo_label,0.8766666666666667,0.9947657908135517,0.1863216872158801,0.30569430569430567,2
Case2,6x8,6x8_250,1,curve_classifier_pseudo_label,0.5283333333333333,0.9992006360690201,0.10045944322511652,0.35764235764235763,1
Case2,6x8,6x8_251,2,curve_classifier_pseudo_label,0.6766666666666666,0.9961496578585439,0.15019068654353,0.2857142857142857,2
Case2,6x8,6x8_252,2,curve_classifier_pseudo_label,0.5183333333333333,0.9985597788795372,0.12574422950751224,0.24875124875124874,2
Case2,6x8,6x8_253,2,curve_classifier_pseudo_label,0.605,0.9981232963715193,0.1410842155526078,0.21678321678321677,2
Case2,6x8,6x8_254,2,curve_classifier_pseudo_label,0.7016666666666667,0.9959552186899623,0.15771116294824958,0.25574425574425574,2
Case2,6x8,6x8_255,2,curve_classifier_pseudo_label,0.6866666666666666,0.997634911592999,0.15652456706455883,0.19480519480519481,2
Case2,6x8,6x8_256,3,curve_classifier_pseudo_label,0.8566666666666667,0.9950296968920186,0.16748771400685517,0.2937062937062937,2
Case2,6x8,6x8_257,1,curve_classifier_pseudo_label,0.765,0.9998224064854335,0.05259775524181416,0.3176823176823177,1
Case2,6x8,6x8_258,2,curve_classifier_pseudo_label,0.6933333333333334,0.9956479101134371,0.1776982693978814,0.2137862137862138,2
Case2,6x8,6x8_259,3,curve_classifier_pseudo_label,0.655,0.9953837575989742,0.16005622291875057,0.2807192807192807,2
Case2,6x8,6x8_260,1,curve_classifier_pseudo_label,0.6466666666666666,0.9992308242556777,0.09957576907832195,0.3776223776223776,1
Case2,6x8,6x8_261,3,curve_classifier_pseudo_label,0.8266666666666667,0.9948253928773247,0.16432194547430992,0.2867132867132867,2
Case2,6x8,6x8_262,1,curve_classifier_pseudo_label,0.9566666666666667,0.9997924583014097,0.049913593745573095,0.3436563436563437,1
Case2,6x8,6x8_263,3,curve_classifier_pseudo_label,0.8416666666666667,0.9951143283559899,0.17371087406100666,0.2977022977022977,2
Case2,6x8,6x8_264,1,curve_classifier_pseudo_label,0.7816666666666666,0.9997608129082988,0.059475281685277014,0.2907092907092907,1
Case2,6x8,6x8_265,2,curve_classifier_pseudo_label,0.7333333333333333,0.995936205250808,0.17820738734363376,0.2077922077922078,2
Case2,6x8,6x8_266,2,curve_classifier_pseudo_label,0.53,0.9957990551798985,0.20011719582008375,0.17682317682317683,2
Case2,6x8,6x8_267,2,curve_classifier_pseudo_label,0.5283333333333333,0.9980964418916669,0.14425705594922422,0.2217782217782218,2
Case2,6x8,6x8_268,2,curve_classifier_pseudo_label,0.7333333333333333,0.997127355955728,0.1688850498807581,0.1848151848151848,2
Case2,6x8,6x8_269,1,curve_classifier_pseudo_label,0.9933333333333333,0.9999273445703646,0.041728074810727094,0.4745254745254745,1
Case2,6x8,6x8_270,2,curve_classifier_pseudo_label,0.8033333333333333,0.9961405054181475,0.14811364990251338,0.28771228771228774,2
Case2,6x8,6x8_271,2,curve_classifier_pseudo_label,0.6766666666666666,0.9974731012565771,0.16085467896161923,0.1968031968031968,2
Case2,6x8,6x8_272,1,curve_classifier_pseudo_label,0.765,0.9997605186648137,0.0675930125886642,0.3696303696303696,1
Case2,6x8,6x8_273,1,curve_classifier_pseudo_label,0.7616666666666667,0.9997829163491373,0.056089791204593994,0.3156843156843157,1
Case2,6x8,6x8_274,3,curve_classifier_pseudo_label,0.535,0.9939633838928719,0.20892195931911647,0.19880119880119881,2
Case2,6x8,6x8_275,2,curve_classifier_pseudo_label,0.7133333333333334,0.9958753007686234,0.162577292470249,0.24575424575424576,2
Case2,6x8,6x8_276,1,curve_classifier_pseudo_label,0.705,0.9997820276610039,0.05807717172699943,0.27172827172827174,1
Case2,6x8,6x8_277,1,curve_classifier_pseudo_label,0.73,0.999656251234318,0.06600787687259756,0.2867132867132867,1
Case2,6x8,6x8_278,2,curve_classifier_pseudo_label,0.8183333333333334,0.9959399911121166,0.157556351444847,0.25674325674325676,2
Case2,6x8,6x8_279,1,curve_classifier_pseudo_label,0.5266666666666666,0.9997460589325621,0.06075512457275208,0.2037962037962038,1
Case2,6x8,6x8_280,3,curve_classifier_pseudo_label,0.8033333333333333,0.995009268231943,0.16288148650488415,0.28471528471528473,2
Case2,6x8,6x8_281,2,curve_classifier_pseudo_label,0.7033333333333334,0.9959348302278889,0.16026341416338288,0.24875124875124874,2
Case2,6x8,6x8_282,2,curve_classifier_pseudo_label,0.7633333333333333,0.9961097529874667,0.18082731124479687,0.19480519480519481,2
Case2,6x8,6x8_283,3,curve_classifier_pseudo_label,0.5116666666666667,0.994317256325798,0.1901264283251694,0.22477522477522477,2
Case2,6x8,6x8_284,3,curve_classifier_pseudo_label,0.91,0.9914026793434279,0.25699773265704234,0.0999000999000999,3
Case2,6x8,6x8_285,2,curve_classifier_pseudo_label,0.7933333333333333,0.9958869084720562,0.18281025419988087,0.1958041958041958,2
Case2,6x8,6x8_286,2,curve_classifier_pseudo_label,0.555,0.9979904553492165,0.1472138919877618,0.2037962037962038,2
Case2,6x8,6x8_287,2,curve_classifier_pseudo_label,0.7633333333333333,0.9959001352498972,0.1718768508590838,0.2217782217782218,2
Case2,6x8,6x8_288,2,curve_classifier_pseudo_label,0.6283333333333333,0.9980078925114326,0.14563781633559175,0.2077922077922078,2
Case2,6x8,6x8_289,2,curve_classifier_pseudo_label,0.555,0.9954440031909524,0.16212676990143712,0.2647352647352647,2
Case2,6x8,6x8_290,2,curve_classifier_pseudo_label,0.76,0.9958714910745546,0.1611270689331924,0.24975024975024976,2
Case2,6x8,6x8_291,3,curve_classifier_pseudo_label,0.8716666666666667,0.9951428469024759,0.16978102264700756,0.2957042957042957,2
Case2,6x8,6x8_292,1,curve_classifier_pseudo_label,0.73,0.9997848211561797,0.05768891304312976,0.2677322677322677,1
Case2,6x8,6x8_293,3,curve_classifier_pseudo_label,0.8333333333333334,0.9950470262897787,0.16395255908330952,0.2907092907092907,2
Case2,6x8,6x8_294,1,curve_classifier_pseudo_label,0.865,0.9998666448211767,0.04769641243999301,0.3756243756243756,1
Case2,6x8,6x8_295,2,curve_classifier_pseudo_label,0.6383333333333333,0.9960953947366932,0.1494971643992626,0.3076923076923077,2
Case2,6x8,6x8_296,1,curve_classifier_pseudo_label,0.49333333333333335,0.9987558307584539,0.1169054354010527,0.2817182817182817,2
Case2,6x8,6x8_297,3,curve_classifier_pseudo_label,0.8766666666666667,0.994549412374642,0.19432231398908198,0.3096903096903097,2
Case2,6x8,6x8_298,3,curve_classifier_pseudo_label,0.8316666666666667,0.99448962513143,0.1661205628293849,0.2857142857142857,2
Case2,6x8,6x8_299,3,curve_classifier_pseudo_label,0.8116666666666666,0.995274337074817,0.1628877107862982,0.2897102897102897,2
Case2,6x8,6x8_300,1,curve_classifier_pseudo_label,0.9383333333333334,0.9996464295956627,0.07379671251200254,0.4305694305694306,1
Case2,8x8,8x8_001,2,curve_classifier_pseudo_label,0.6383333333333333,0.9965509957702614,0.14134640697456846,0.27972027972027974,2
Case2,8x8,8x8_002,2,curve_classifier_pseudo_label,0.525,0.9977437566408196,0.15699420657381336,0.2037962037962038,2
Case2,8x8,8x8_003,2,curve_classifier_pseudo_label,0.5766666666666667,0.9977312915360785,0.15176694001434649,0.1958041958041958,2
Case2,8x8,8x8_004,1,curve_classifier_pseudo_label,0.505,0.999221069818744,0.1052910360313713,0.26873126873126874,1
Case2,8x8,8x8_005,2,curve_classifier_pseudo_label,0.5783333333333334,0.9957764441287398,0.1510239248456501,0.26673326673326675,2
Case2,8x8,8x8_006,2,curve_classifier_pseudo_label,0.6733333333333333,0.996972135353356,0.1392326839462014,0.2917082917082917,2
Case2,8x8,8x8_007,2,curve_classifier_pseudo_label,0.495,0.9978421321244356,0.14968949518242033,0.1878121878121878,2
Case2,8x8,8x8_008,3,curve_classifier_pseudo_label,0.4866666666666667,0.9964661203264394,0.16742729142868934,0.3156843156843157,2
Case2,8x8,8x8_009,2,curve_classifier_pseudo_label,0.6816666666666666,0.9963579312916134,0.14386255124119662,0.2727272727272727,2
Case2,8x8,8x8_010,1,curve_classifier_pseudo_label,0.4766666666666667,0.9985919264119076,0.1355084161562251,0.16683316683316685,2
Case2,8x8,8x8_011,3,curve_classifier_pseudo_label,0.6733333333333333,0.9956204867209586,0.15440691032499787,0.2817182817182817,2
Case2,8x8,8x8_012,2,curve_classifier_pseudo_label,0.56,0.9964693585284399,0.14556737888637503,0.2817182817182817,2
Case2,8x8,8x8_013,2,curve_classifier_pseudo_label,0.6566666666666666,0.9959520169035424,0.1777064759421418,0.1958041958041958,2
Case2,8x8,8x8_014,2,curve_classifier_pseudo_label,0.7916666666666666,0.9970495842871381,0.1359341971466675,0.29270729270729273,2
Case2,8x8,8x8_015,2,curve_classifier_pseudo_label,0.645,0.9962540661000558,0.17984131319724242,0.1848151848151848,2
Case2,8x8,8x8_016,1,curve_classifier_pseudo_label,0.6783333333333333,0.9999650757725597,0.027669598824795687,0.6862745098039216,1
Case2,8x8,8x8_017,2,curve_classifier_pseudo_label,0.7716666666666666,0.9960091886504997,0.15963282568709117,0.23176823176823177,2
Case2,8x8,8x8_018,2,curve_classifier_pseudo_label,0.685,0.9955981520494572,0.187357079002428,0.1918081918081918,2
Case2,8x8,8x8_019,2,curve_classifier_pseudo_label,0.7266666666666667,0.99656530495131,0.14060883998955406,0.26873126873126874,2
Case2,8x8,8x8_020,3,curve_classifier_pseudo_label,0.49833333333333335,0.9961818020913531,0.14986713785360162,0.2817182817182817,2
Case2,8x8,8x8_021,2,curve_classifier_pseudo_label,0.5233333333333333,0.9983507724160934,0.1329923495669783,0.2177822177822178,2
Case2,8x8,8x8_022,2,curve_classifier_pseudo_label,0.5333333333333333,0.9958854613967595,0.20410566224885854,0.16483516483516483,2
Case2,8x8,8x8_023,1,curve_classifier_pseudo_label,0.6416666666666667,0.9996254307016786,0.07667732184047835,0.25774225774225773,1
Case2,8x8,8x8_024,2,curve_classifier_pseudo_label,0.7416666666666667,0.9963921413620902,0.14617813300847773,0.25574425574425574,2
Case2,8x8,8x8_025,1,curve_classifier_pseudo_label,0.5116666666666667,0.9984727542092364,0.14008564980664437,0.15784215784215785,2
Case2,8x8,8x8_026,1,curve_classifier_pseudo_label,0.48333333333333334,0.9987048285799605,0.13053882394490077,0.17382617382617382,2
Case2,8x8,8x8_027,2,curve_classifier_pseudo_label,0.5583333333333333,0.997118503703402,0.17075784974606822,0.1878121878121878,2
Case2,8x8,8x8_028,3,curve_classifier_pseudo_label,0.44,0.994314002238357,0.22675053278757143,0.16083916083916083,3
Case2,8x8,8x8_029,2,curve_classifier_pseudo_label,0.5133333333333333,0.9979176458434774,0.15134744504576744,0.2097902097902098,2
Case2,8x8,8x8_030,3,curve_classifier_pseudo_label,0.8816666666666667,0.9944108715268889,0.17896029565177624,0.3006993006993007,2
Case2,8x8,8x8_031,1,curve_classifier_pseudo_label,0.5566666666666666,0.9992722203205644,0.0953581828375335,0.2887112887112887,1
Case2,8x8,8x8_032,3,curve_classifier_pseudo_label,0.8716666666666667,0.9945019340656536,0.17900859046504036,0.2987012987012987,2
Case2,8x8,8x8_033,2,curve_classifier_pseudo_label,0.495,0.9988544113357007,0.12431353634823948,0.1838161838161838,2
Case2,8x8,8x8_034,3,curve_classifier_pseudo_label,0.56,0.9955813632859747,0.15187958003322552,0.27672327672327673,2
Case2,8x8,8x8_035,2,curve_classifier_pseudo_label,0.4716666666666667,0.998796711003381,0.1264124681952419,0.18181818181818182,2
Case2,8x8,8x8_036,3,curve_classifier_pseudo_label,0.85,0.994828552307062,0.16991545215737716,0.2897102897102897,2
Case2,8x8,8x8_037,1,curve_classifier_pseudo_label,0.475,0.9987840707832685,0.1272839080920214,0.17882117882117882,2
Case2,8x8,8x8_038,1,curve_classifier_pseudo_label,0.54,0.9993300186955312,0.09401530026276006,0.2977022977022977,1
Case2,8x8,8x8_039,2,curve_classifier_pseudo_label,0.5583333333333333,0.9974137947836197,0.16019261057263678,0.1878121878121878,2
Case2,8x8,8x8_040,2,curve_classifier_pseudo_label,0.595,0.9954300802311244,0.16854211535617658,0.22977022977022976,2
Case2,8x8,8x8_041,2,curve_classifier_pseudo_label,0.5116666666666667,0.9966935539736201,0.15362671120300236,0.29270729270729273,2
Case2,8x8,8x8_042,2,curve_classifier_pseudo_label,0.49833333333333335,0.9978053893448784,0.1510700510834439,0.18581418581418582,2
Case2,8x8,8x8_043,1,curve_classifier_pseudo_label,0.5083333333333333,0.9988659601473685,0.123143659438854,0.1848151848151848,2
Case2,8x8,8x8_044,1,curve_classifier_pseudo_label,0.6716666666666666,0.9995417531555254,0.08014657732573938,0.3106893106893107,1
Case2,8x8,8x8_045,3,curve_classifier_pseudo_label,0.715,0.9948206698438892,0.1585145591772492,0.27372627372627373,2
Case2,8x8,8x8_046,2,curve_classifier_pseudo_label,0.475,0.9987238009043413,0.12964439809294062,0.17582417582417584,2
Case2,8x8,8x8_047,2,curve_classifier_pseudo_label,0.48,0.9944389672605604,0.19353806903457454,0.2087912087912088,2
Case2,8x8,8x8_048,2,curve_classifier_pseudo_label,0.4866666666666667,0.9963166630554909,0.17182523221765417,0.3026973026973027,2
Case2,8x8,8x8_049,3,curve_classifier_pseudo_label,0.5433333333333333,0.9944391721484089,0.16593490159623905,0.25874125874125875,2
Case2,8x8,8x8_050,3,curve_classifier_pseudo_label,0.465,0.9955488782577008,0.15204396296414965,0.27472527472527475,2
Case2,8x8,8x8_051,2,curve_classifier_pseudo_label,0.6866666666666666,0.9956349667971206,0.16711286184589477,0.22677322677322678,2
Case2,8x8,8x8_052,2,curve_classifier_pseudo_label,0.725,0.9962912966434996,0.15391675629700688,0.23576423576423577,2
Case2,8x8,8x8_053,2,curve_classifier_pseudo_label,0.51,0.9966103662041275,0.16223127551760758,0.3106893106893107,2
Case2,8x8,8x8_054,3,curve_classifier_pseudo_label,0.5416666666666666,0.9954573019877325,0.1534042437504799,0.2727272727272727,2
Case2,8x8,8x8_055,2,curve_classifier_pseudo_label,0.45666666666666667,0.9986457035404738,0.12998963249022927,0.23876123876123875,2
Case2,8x8,8x8_056,2,curve_classifier_pseudo_label,0.6633333333333333,0.9966479738810489,0.13996159851647286,0.2817182817182817,2
Case2,8x8,8x8_057,2,curve_classifier_pseudo_label,0.47,0.9961380467059738,0.17883837648474146,0.3106893106893107,2
Case2,8x8,8x8_058,2,curve_classifier_pseudo_label,0.6566666666666666,0.997029056544435,0.1381342639787158,0.2977022977022977,2
Case2,8x8,8x8_059,3,curve_classifier_pseudo_label,0.89,0.9941217651654934,0.19033687697780566,0.3066933066933067,2
Case2,8x8,8x8_060,2,curve_classifier_pseudo_label,0.5416666666666666,0.996861271015732,0.17049646531879709,0.17782217782217782,2
Case2,8x8,8x8_061,2,curve_classifier_pseudo_label,0.4866666666666667,0.9963425091730026,0.14809982805884922,0.2827172827172827,2
Case2,8x8,8x8_062,3,curve_classifier_pseudo_label,0.6233333333333333,0.99362445723614,0.18223699958625553,0.23876123876123875,2
Case2,8x8,8x8_063,2,curve_classifier_pseudo_label,0.6783333333333333,0.9963632683884729,0.17069330968827207,0.1938061938061938,2
Case2,8x8,8x8_064,2,curve_classifier_pseudo_label,0.68,0.9959625066755081,0.1491639973474074,0.2677322677322677,2
Case2,8x8,8x8_065,2,curve_classifier_pseudo_label,0.6833333333333333,0.9961980528184744,0.15331951325507417,0.24175824175824176,2
Case2,8x8,8x8_066,1,curve_classifier_pseudo_label,0.47333333333333333,0.9989801198185007,0.11797103505725212,0.1938061938061938,2
Case2,8x8,8x8_067,1,curve_classifier_pseudo_label,0.475,0.9988144164853423,0.12586504034331558,0.18081918081918083,2
Case2,8x8,8x8_068,3,curve_classifier_pseudo_label,0.8433333333333334,0.9949024852010158,0.17115272506828783,0.2907092907092907,2
Case2,8x8,8x8_069,2,curve_classifier_pseudo_label,0.645,0.9965197831951131,0.17976755879459388,0.18181818181818182,2
Case2,8x8,8x8_070,2,curve_classifier_pseudo_label,0.5216666666666666,0.9977452643238901,0.15285935510028598,0.1838161838161838,2
Case2,8x8,8x8_071,2,curve_classifier_pseudo_label,0.5166666666666667,0.9949235086933544,0.19960987467868385,0.18981018981018982,2
Case2,8x8,8x8_072,3,curve_classifier_pseudo_label,0.825,0.9949378027997117,0.16199780384769802,0.2827172827172827,2
Case2,8x8,8x8_073,2,curve_classifier_pseudo_label,0.56,0.9951428816460973,0.16092570472151654,0.25574425574425574,2
Case2,8x8,8x8_074,3,curve_classifier_pseudo_label,0.895,0.9923925637976937,0.23668556875533026,0.3276723276723277,3
Case2,8x8,8x8_075,2,curve_classifier_pseudo_label,0.8066666666666666,0.9970156081007567,0.13376736046576293,0.2917082917082917,2
Case2,8x8,8x8_076,3,curve_classifier_pseudo_label,0.55,0.9962366703994376,0.14854924364833136,0.2827172827172827,2
Case2,8x8,8x8_077,2,curve_classifier_pseudo_label,0.6833333333333333,0.9964628318954106,0.14268347209346374,0.2757242757242757,2
Case2,8x8,8x8_078,2,curve_classifier_pseudo_label,0.715,0.9965710078668141,0.14052271022869842,0.26873126873126874,2
Case2,8x8,8x8_079,2,curve_classifier_pseudo_label,0.6316666666666667,0.9967301612394655,0.17259694454378943,0.18081918081918083,2
Case2,8x8,8x8_080,1,curve_classifier_pseudo_label,0.4816666666666667,0.9989765481652302,0.10918457647150666,0.2627372627372627,1
Case2,8x8,8x8_081,2,curve_classifier_pseudo_label,0.6516666666666666,0.9963888393516834,0.17366547441276386,0.1878121878121878,2
Case2,8x8,8x8_082,2,curve_classifier_pseudo_label,0.5266666666666666,0.9973861136961879,0.16159541674435696,0.17782217782217782,2
Case2,8x8,8x8_083,2,curve_classifier_pseudo_label,0.545,0.99646542125509,0.16798731212027007,0.3146853146853147,2
Case2,8x8,8x8_084,2,curve_classifier_pseudo_label,0.49833333333333335,0.997681868042652,0.15354966617896643,0.18581418581418582,2
Case2,8x8,8x8_085,2,curve_classifier_pseudo_label,0.5616666666666666,0.9973161328902432,0.16220143905125453,0.18081918081918083,2
Case2,8x8,8x8_086,2,curve_classifier_pseudo_label,0.5383333333333333,0.9977689993119997,0.1541035156851727,0.2057942057942058,2
Case2,8x8,8x8_087,2,curve_classifier_pseudo_label,0.7,0.9963163016304649,0.16138339235482282,0.21578421578421578,2
Case2,8x8,8x8_088,3,curve_classifier_pseudo_label,0.675,0.9941093012977729,0.16840625842100895,0.25874125874125875,2
Case2,8x8,8x8_089,3,curve_classifier_pseudo_label,0.685,0.9948178938706136,0.15895578721110468,0.2727272727272727,2
Case2,8x8,8x8_090,2,curve_classifier_pseudo_label,0.7083333333333334,0.9962818317950988,0.1456022006495555,0.26573426573426573,2
Case2,8x8,8x8_091,3,curve_classifier_pseudo_label,0.7666666666666667,0.9953775364686851,0.15662337538476054,0.2807192807192807,2
Case2,8x8,8x8_092,2,curve_classifier_pseudo_label,0.49166666666666664,0.9972804006674345,0.17939006952226802,0.17082917082917082,2
Case2,8x8,8x8_093,2,curve_classifier_pseudo_label,0.49166666666666664,0.9989177602051255,0.12105573539460851,0.18981018981018982,2
Case2,8x8,8x8_094,1,curve_classifier_pseudo_label,0.47833333333333333,0.9986956464092204,0.12115819796035536,0.23076923076923078,2
Case2,8x8,8x8_095,2,curve_classifier_pseudo_label,0.6983333333333334,0.9960955139593164,0.15572138651367062,0.23876123876123875,2
Case2,8x8,8x8_096,2,curve_classifier_pseudo_label,0.4633333333333333,0.9979417619044516,0.1470919831411127,0.18981018981018982,2
Case2,8x8,8x8_097,2,curve_classifier_pseudo_label,0.4866666666666667,0.9950791890761539,0.1636018957162005,0.25074925074925075,2
Case2,8x8,8x8_098,3,curve_classifier_pseudo_label,0.8,0.9955330302153254,0.15859729142126883,0.2837162837162837,2
Case2,8x8,8x8_099,2,curve_classifier_pseudo_label,0.54,0.996394225030862,0.16784641243787957,0.19880119880119881,2
Case2,8x8,8x8_100,1,curve_classifier_pseudo_label,0.54,0.99956707327214,0.0814799593114171,0.24575424575424576,1
Case2,8x8,8x8_101,3,curve_classifier_pseudo_label,0.5016666666666667,0.9958493354580731,0.14958027582142125,0.27672327672327673,2
Case2,8x8,8x8_102,2,curve_classifier_pseudo_label,0.6866666666666666,0.996778777546853,0.13640963972451828,0.2827172827172827,2
Case2,8x8,8x8_103,2,curve_classifier_pseudo_label,0.6216666666666667,0.9967649510463104,0.14040237501444144,0.2857142857142857,2
Case2,8x8,8x8_104,3,curve_classifier_pseudo_label,0.5333333333333333,0.9964232143151942,0.16895610904286285,0.3126873126873127,2
Case2,8x8,8x8_105,1,curve_classifier_pseudo_label,0.53,0.9983808798354203,0.14396544047208903,0.15184815184815184,2
Case2,8x8,8x8_106,3,curve_classifier_pseudo_label,0.5366666666666666,0.9957229712746914,0.15172929277692834,0.2787212787212787,2
Case2,8x8,8x8_107,2,curve_classifier_pseudo_label,0.57,0.9968578751108583,0.14536610821799434,0.2907092907092907,2
Case2,8x8,8x8_108,2,curve_classifier_pseudo_label,0.5316666666666666,0.9976431915861952,0.15414791352268187,0.1878121878121878,2
Case2,8x8,8x8_109,2,curve_classifier_pseudo_label,0.6933333333333334,0.9968079079390535,0.13904259776809724,0.28471528471528473,2
Case2,8x8,8x8_110,3,curve_classifier_pseudo_label,0.49666666666666665,0.9963281800421132,0.14815005272439769,0.2827172827172827,2
Case2,8x8,8x8_111,2,curve_classifier_pseudo_label,0.51,0.9965421939865466,0.16476725180229573,0.31368631368631367,2
Case2,8x8,8x8_112,3,curve_classifier_pseudo_label,0.8733333333333333,0.9946038674036267,0.1750548146778446,0.2957042957042957,2
Case2,8x8,8x8_113,3,curve_classifier_pseudo_label,0.8366666666666667,0.9954528886375787,0.15963311476983158,0.28471528471528473,2
Case2,8x8,8x8_114,2,curve_classifier_pseudo_label,0.68,0.9962398823715581,0.15832944090300377,0.22577422577422576,2
Case2,8x8,8x8_115,2,curve_classifier_pseudo_label,0.7683333333333333,0.9968220187849911,0.13651925278936963,0.2837162837162837,2
Case2,8x8,8x8_116,2,curve_classifier_pseudo_label,0.49,0.9964757345170819,0.1672461747738679,0.3156843156843157,2
Case2,8x8,8x8_117,2,curve_classifier_pseudo_label,0.7233333333333334,0.9964635345923553,0.14441349301139414,0.25674325674325676,2
Case2,8x8,8x8_118,2,curve_classifier_pseudo_label,0.47333333333333333,0.9980893481577813,0.14313631453899986,0.1938061938061938,2
Case2,8x8,8x8_119,3,curve_classifier_pseudo_label,0.835,0.9951192285353453,0.16160804755519256,0.2837162837162837,2
Case2,8x8,8x8_120,2,curve_classifier_pseudo_label,0.6283333333333333,0.9957813605828827,0.1581918626499846,0.24375624375624375,2
Case2,8x8,8x8_121,2,curve_classifier_pseudo_label,0.5016666666666667,0.9960286214785581,0.14790866992136095,0.2777222777222777,2
Case2,8x8,8x8_122,2,curve_classifier_pseudo_label,0.72,0.9968478092754235,0.13693958461640468,0.2857142857142857,2
Case2,8x8,8x8_123,3,curve_classifier_pseudo_label,0.5433333333333333,0.9961344891019074,0.17872597086059805,0.31368631368631367,2
Case2,8x8,8x8_124,2,curve_classifier_pseudo_label,0.5666666666666667,0.9973167655935752,0.1623087315976694,0.1848151848151848,2
Case2,8x8,8x8_125,2,curve_classifier_pseudo_label,0.49333333333333335,0.9962767824816237,0.1735800929801711,0.3046953046953047,2
Case2,8x8,8x8_126,3,curve_classifier_pseudo_label,0.8,0.9944661572624127,0.17894972015632174,0.2997002997002997,2
Case2,8x8,8x8_127,2,curve_classifier_pseudo_label,0.485,0.9991060281642772,0.11178044695224806,0.20279720279720279,2
Case2,8x8,8x8_128,1,curve_classifier_pseudo_label,0.5716666666666667,0.9991580112991241,0.1013917390452292,0.2677322677322677,1
Case2,8x8,8x8_129,3,curve_classifier_pseudo_label,0.87,0.9947336660326691,0.16915700780440715,0.2897102897102897,2
Case2,8x8,8x8_130,2,curve_classifier_pseudo_label,0.6033333333333334,0.9965352643279999,0.14384440234469104,0.2817182817182817,2
Case2,8x8,8x8_131,2,curve_classifier_pseudo_label,0.53,0.9978333891097269,0.15304045783695264,0.2077922077922078,2
Case2,8x8,8x8_132,2,curve_classifier_pseudo_label,0.43166666666666664,0.9960361511612147,0.2083962229574055,0.15384615384615385,2
Case2,8x8,8x8_133,3,curve_classifier_pseudo_label,0.57,0.9945694535920204,0.16346092084413358,0.2627372627372627,2
Case2,8x8,8x8_134,2,curve_classifier_pseudo_label,0.605,0.9967915213470951,0.17614945490354522,0.18281718281718282,2
Case2,8x8,8x8_135,2,curve_classifier_pseudo_label,0.6316666666666667,0.9964397316509099,0.171497712158667,0.18981018981018982,2
Case2,8x8,8x8_136,2,curve_classifier_pseudo_label,0.655,0.9968724857530838,0.14331700988185445,0.2887112887112887,2
Case2,8x8,8x8_137,2,curve_classifier_pseudo_label,0.4666666666666667,0.9987570007375196,0.11813527668406924,0.24075924075924077,2
Case2,8x8,8x8_138,2,curve_classifier_pseudo_label,0.6816666666666666,0.9964842339186989,0.14226391042843772,0.26673326673326675,2
Case2,8x8,8x8_139,2,curve_classifier_pseudo_label,0.5583333333333333,0.9966813133457525,0.18126633536580294,0.18081918081918083,2
Case2,8x8,8x8_140,3,curve_classifier_pseudo_label,0.8783333333333333,0.9921375113225365,0.2402943523092554,0.33266733266733267,3
Case2,8x8,8x8_141,2,curve_classifier_pseudo_label,0.52,0.9977096293466805,0.15288536513783751,0.18581418581418582,2
Case2,8x8,8x8_142,2,curve_classifier_pseudo_label,0.49833333333333335,0.9964319774824969,0.1457666681455115,0.2817182817182817,2
Case2,8x8,8x8_143,2,curve_classifier_pseudo_label,0.47,0.9962658930291819,0.20242755983539135,0.15784215784215785,2
Case2,8x8,8x8_144,2,curve_classifier_pseudo_label,0.6183333333333333,0.9963728687712442,0.1650200778990539,0.2057942057942058,2
Case2,8x8,8x8_145,3,curve_classifier_pseudo_label,0.59,0.9933017137007742,0.20391343881803095,0.2077922077922078,2
Case2,8x8,8x8_146,2,curve_classifier_pseudo_label,0.4716666666666667,0.9944305649736966,0.20259873843512977,0.19480519480519481,2
Case2,8x8,8x8_147,2,curve_classifier_pseudo_label,0.5083333333333333,0.9951288715083012,0.16336689279823585,0.25074925074925075,2
Case2,8x8,8x8_148,2,curve_classifier_pseudo_label,0.5133333333333333,0.9982474767489188,0.13620071419556112,0.21878121878121878,2
Case2,8x8,8x8_149,2,curve_classifier_pseudo_label,0.675,0.9959275780882499,0.15214408591385747,0.25674325674325676,2
Case2,8x8,8x8_150,3,curve_classifier_pseudo_label,0.47833333333333333,0.9957810473549523,0.1504105155122008,0.2757242757242757,2
Case2,8x8,8x8_151,2,curve_classifier_pseudo_label,0.51,0.9988754661816559,0.12317194583110459,0.18681318681318682,2
Case2,8x8,8x8_152,2,curve_classifier_pseudo_label,0.6616666666666666,0.9963812598821776,0.14374510812827096,0.2707292707292707,2
Case2,8x8,8x8_153,2,curve_classifier_pseudo_label,0.465,0.9987857758228996,0.11673502322972423,0.2517482517482518,2
Case2,8x8,8x8_154,1,curve_classifier_pseudo_label,0.56,0.9995911374898283,0.0795737691222408,0.25674325674325676,1
Case2,8x8,8x8_155,3,curve_classifier_pseudo_label,0.8133333333333334,0.9951320574240616,0.1598429784164423,0.2827172827172827,2
Case2,8x8,8x8_156,1,curve_classifier_pseudo_label,0.5116666666666667,0.9986580765504894,0.1324720065764683,0.17282717282717283,2
Case2,8x8,8x8_157,2,curve_classifier_pseudo_label,0.68,0.9967342642368787,0.13683663952116912,0.27972027972027974,2
Case2,8x8,8x8_158,3,curve_classifier_pseudo_label,0.53,0.9953899496637353,0.15387695146325991,0.2727272727272727,2
Case2,8x8,8x8_159,3,curve_classifier_pseudo_label,0.8933333333333333,0.9929798875686625,0.22351349926885977,0.32167832167832167,3
Case2,8x8,8x8_160,3,curve_classifier_pseudo_label,0.5033333333333333,0.9958941191398832,0.14955328796057754,0.2787212787212787,2
Case2,8x8,8x8_161,2,curve_classifier_pseudo_label,0.47833333333333333,0.9985901313199753,0.13549637520330587,0.22077922077922077,2
Case2,8x8,8x8_162,2,curve_classifier_pseudo_label,0.6333333333333333,0.9969292818744041,0.14261424119938937,0.2917082917082917,2
Case2,8x8,8x8_163,2,curve_classifier_pseudo_label,0.72,0.9967517075020753,0.13591802815051032,0.27972027972027974,2
Case2,8x8,8x8_164,3,curve_classifier_pseudo_label,0.8583333333333333,0.9943132487267107,0.18490606637432536,0.3036963036963037,2
Case2,8x8,8x8_165,3,curve_classifier_pseudo_label,0.89,0.9935731079598851,0.20758669219231085,0.3146853146853147,2
Case2,8x8,8x8_166,2,curve_classifier_pseudo_label,0.5666666666666667,0.996722892918799,0.1444713893013264,0.28471528471528473,2
Case2,8x8,8x8_167,3,curve_classifier_pseudo_label,0.8933333333333333,0.9925940024385788,0.23209157060962057,0.3276723276723277,3
Case2,8x8,8x8_168,3,curve_classifier_pseudo_label,0.8966666666666666,0.992147881038804,0.24066088704575425,0.33266733266733267,3
Case2,8x8,8x8_169,1,curve_classifier_pseudo_label,0.5583333333333333,0.9990869152320282,0.10460897648746413,0.2627372627372627,1
Case2,8x8,8x8_170,2,curve_classifier_pseudo_label,0.54,0.996442795367838,0.18746447201999872,0.17782217782217782,2
Case2,8x8,8x8_171,3,curve_classifier_pseudo_label,0.88,0.9943900691101468,0.18149788741906428,0.3006993006993007,2
Case2,8x8,8x8_172,2,curve_classifier_pseudo_label,0.585,0.9968206676620567,0.14767299141735804,0.2907092907092907,2
Case2,8x8,8x8_173,1,curve_classifier_pseudo_label,0.47833333333333333,0.9983175690669712,0.13493983781135396,0.2047952047952048,2
Case2,8x8,8x8_174,2,curve_classifier_pseudo_label,0.52,0.998120115125648,0.14117291265370996,0.1998001998001998,2
Case2,8x8,8x8_175,1,curve_classifier_pseudo_label,0.48,0.9985738208571932,0.13599903596232218,0.16683316683316685,2
Case2,8x8,8x8_176,3,curve_classifier_pseudo_label,0.43166666666666664,0.9940515381658954,0.2235904924108887,0.16983016983016982,3
Case2,8x8,8x8_177,2,curve_classifier_pseudo_label,0.7233333333333334,0.9968718237561575,0.13492770782156688,0.28471528471528473,2
Case2,8x8,8x8_178,2,curve_classifier_pseudo_label,0.7233333333333334,0.996011391996255,0.1541448186430161,0.24675324675324675,2
Case2,8x8,8x8_179,2,curve_classifier_pseudo_label,0.535,0.9972735556453911,0.16291745688028897,0.18081918081918083,2
Case2,8x8,8x8_180,2,curve_classifier_pseudo_label,0.5716666666666667,0.9965424682167816,0.16466568796557182,0.3146853146853147,2
Case2,8x8,8x8_181,2,curve_classifier_pseudo_label,0.5466666666666666,0.9969293814977603,0.16961534172858017,0.17682317682317683,2
Case2,8x8,8x8_182,3,curve_classifier_pseudo_label,0.5333333333333333,0.9955611024079565,0.15216246452321422,0.2777222777222777,2
Case2,8x8,8x8_183,2,curve_classifier_pseudo_label,0.63,0.9965257069246306,0.17584263523645013,0.18281718281718282,2
Case2,8x8,8x8_184,2,curve_classifier_pseudo_label,0.5433333333333333,0.9967331796062411,0.17149175913620995,0.1798201798201798,2
Case2,8x8,8x8_185,2,curve_classifier_pseudo_label,0.5783333333333334,0.9957222417479796,0.15095722388159688,0.2707292707292707,2
Case2,8x8,8x8_186,2,curve_classifier_pseudo_label,0.505,0.9964568725420446,0.1471180780768868,0.2827172827172827,2
Case2,8x8,8x8_187,2,curve_classifier_pseudo_label,0.5433333333333333,0.9971350984607301,0.1762444219411681,0.18281718281718282,2
Case2,8x8,8x8_188,2,curve_classifier_pseudo_label,0.5716666666666667,0.9974667976023559,0.16127208224086897,0.1958041958041958,2
Case2,8x8,8x8_189,3,curve_classifier_pseudo_label,0.8316666666666667,0.995393499410757,0.16118804905938305,0.28471528471528473,2
Case2,8x8,8x8_190,2,curve_classifier_pseudo_label,0.6483333333333333,0.9964662368798362,0.17098093984716242,0.18981018981018982,2
Case2,8x8,8x8_191,3,curve_classifier_pseudo_label,0.48333333333333334,0.9962334785917257,0.17530236780819405,0.3106893106893107,2
Case2,8x8,8x8_192,1,curve_classifier_pseudo_label,0.5333333333333333,0.9982195643152841,0.15022131449045545,0.13386613386613386,2
Case2,8x8,8x8_193,2,curve_classifier_pseudo_label,0.5,0.9980962598677995,0.14941595402291905,0.21078921078921078,2
Case2,8x8,8x8_194,3,curve_classifier_pseudo_label,0.885,0.9943804423200827,0.1792635754643476,0.3006993006993007,2
Case2,8x8,8x8_195,2,curve_classifier_pseudo_label,0.7416666666666667,0.9969511495029549,0.14109048092506485,0.2897102897102897,2
Case2,8x8,8x8_196,2,curve_classifier_pseudo_label,0.765,0.9964853102833403,0.1434001699329788,0.2597402597402597,2
Case2,8x8,8x8_197,2,curve_classifier_pseudo_label,0.63,0.9963425293282209,0.1659317087233326,0.2047952047952048,2
Case2,8x8,8x8_198,2,curve_classifier_pseudo_label,0.515,0.9981028456521565,0.14234276914422073,0.1958041958041958,2
Case2,8x8,8x8_199,2,curve_classifier_pseudo_label,0.595,0.9970381490410587,0.16814394122988993,0.17682317682317683,2
Case2,8x8,8x8_200,2,curve_classifier_pseudo_label,0.52,0.996582572798483,0.1711605657791721,0.18581418581418582,2
Case2,8x8,8x8_201,2,curve_classifier_pseudo_label,0.6766666666666666,0.9965037137517166,0.1419937252977719,0.2677322677322677,2
Case2,8x8,8x8_202,2,curve_classifier_pseudo_label,0.69,0.9967657200655605,0.13695998004642881,0.2817182817182817,2
Case2,8x8,8x8_203,2,curve_classifier_pseudo_label,0.6583333333333333,0.995955868593337,0.18125905048336272,0.19080919080919082,2
Case2,8x8,8x8_204,3,curve_classifier_pseudo_label,0.7866666666666666,0.9941935933132293,0.16328822648629934,0.27172827172827174,2
Case2,8x8,8x8_205,1,curve_classifier_pseudo_label,0.495,0.9989952385747739,0.10960628766634414,0.2707292707292707,2
Case2,8x8,8x8_206,2,curve_classifier_pseudo_label,0.5266666666666666,0.9966367254410254,0.16131564565681142,0.3106893106893107,2
Case2,8x8,8x8_207,2,curve_classifier_pseudo_label,0.7,0.9970292293291819,0.13925466949262894,0.2977022977022977,2
Case2,8x8,8x8_208,2,curve_classifier_pseudo_label,0.555,0.997221492724711,0.16467199455235715,0.17682317682317683,2
Case2,8x8,8x8_209,1,curve_classifier_pseudo_label,0.5633333333333334,0.9991395645914823,0.10242237265733325,0.2677322677322677,1
Case2,8x8,8x8_210,3,curve_classifier_pseudo_label,0.81,0.994717353103761,0.17090527157428675,0.2907092907092907,2
Case2,8x8,8x8_211,1,curve_classifier_pseudo_label,0.6333333333333333,0.9994509244026842,0.0860303833837094,0.30569430569430567,1
Case2,8x8,8x8_212,1,curve_classifier_pseudo_label,0.5,0.9991436649076593,0.10128843842145399,0.2787212787212787,1
Case2,8x8,8x8_213,2,curve_classifier_pseudo_label,0.5583333333333333,0.9972649970468964,0.16296397126830028,0.1838161838161838,2
Case2,8x8,8x8_214,2,curve_classifier_pseudo_label,0.63,0.9966452714071576,0.1416686277619096,0.2837162837162837,2
Case2,8x8,8x8_215,3,curve_classifier_pseudo_label,0.8866666666666667,0.9942637820555997,0.18509801751962812,0.30569430569430567,2
Case2,8x8,8x8_216,2,curve_classifier_pseudo_label,0.68,0.9965749865214981,0.14381728617525794,0.2827172827172827,2
Case2,8x8,8x8_217,2,curve_classifier_pseudo_label,0.645,0.9959756251756576,0.14933144104025425,0.26573426573426573,2
Case2,8x8,8x8_218,3,curve_classifier_pseudo_label,0.885,0.9942322877428775,0.18654024736322838,0.3046953046953047,2
Case2,8x8,8x8_219,2,curve_classifier_pseudo_label,0.72,0.9968294943165401,0.14297171416363763,0.2857142857142857,2
Case2,8x8,8x8_220,3,curve_classifier_pseudo_label,0.8516666666666667,0.9946543917879501,0.1673026057306727,0.28771228771228774,2
Case2,8x8,8x8_221,1,curve_classifier_pseudo_label,0.49,0.9987337669238402,0.1194050159970602,0.23276723276723277,2
Case2,8x8,8x8_222,3,curve_classifier_pseudo_label,0.45166666666666666,0.9962816783746168,0.17399268992184558,0.3146853146853147,2
Case2,8x8,8x8_223,2,curve_classifier_pseudo_label,0.535,0.9976275981710367,0.15478527233426065,0.1848151848151848,2
Case2,8x8,8x8_224,3,curve_classifier_pseudo_label,0.6816666666666666,0.99589012871984,0.15318061005019953,0.2817182817182817,2
Case2,8x8,8x8_225,3,curve_classifier_pseudo_label,0.4816666666666667,0.996160800333431,0.17745671597987858,0.3086913086913087,2
Case2,8x8,8x8_226,2,curve_classifier_pseudo_label,0.63,0.9966837096937801,0.17208353164320983,0.18081918081918083,2
Case2,8x8,8x8_227,3,curve_classifier_pseudo_label,0.6783333333333333,0.995848533608301,0.15248987975920789,0.2827172827172827,2
Case2,8x8,8x8_228,2,curve_classifier_pseudo_label,0.685,0.9958011470411772,0.17331603399788595,0.2087912087912088,2
Case2,8x8,8x8_229,2,curve_classifier_pseudo_label,0.6033333333333334,0.9965917080361388,0.17092839233316998,0.18581418581418582,2
Case2,8x8,8x8_230,2,curve_classifier_pseudo_label,0.52,0.9950343188392214,0.20565777588145073,0.17882117882117882,2
Case2,8x8,8x8_231,2,curve_classifier_pseudo_label,0.7166666666666667,0.9964813156011761,0.14209459658986068,0.27172827172827174,2
Case2,8x8,8x8_232,3,curve_classifier_pseudo_label,0.8616666666666667,0.9949078817922649,0.16754751747087726,0.28771228771228774,2
Case2,8x8,8x8_233,2,curve_classifier_pseudo_label,0.6283333333333333,0.9963036424956881,0.1445910088705061,0.27372627372627373,2
Case2,8x8,8x8_234,2,curve_classifier_pseudo_label,0.5216666666666666,0.9978314296476567,0.15606587705439576,0.2037962037962038,2
Case2,8x8,8x8_235,2,curve_classifier_pseudo_label,0.6033333333333334,0.9967331362589458,0.14350855738591736,0.28471528471528473,2
Case2,8x8,8x8_236,2,curve_classifier_pseudo_label,0.625,0.9962857046591038,0.1456332673876778,0.27672327672327673,2
Case2,8x8,8x8_237,2,curve_classifier_pseudo_label,0.76,0.9959981734817509,0.1664543111313235,0.21578421578421578,2
Case2,8x8,8x8_238,2,curve_classifier_pseudo_label,0.6633333333333333,0.9963486156069844,0.14406950463396084,0.27172827172827174,2
Case2,8x8,8x8_239,3,curve_classifier_pseudo_label,0.8116666666666666,0.9947292581594315,0.16019198431614431,0.2787212787212787,2
Case2,8x8,8x8_240,2,curve_classifier_pseudo_label,0.5916666666666667,0.9954037638915663,0.16640158298895083,0.23576423576423577,2
Case2,8x8,8x8_241,3,curve_classifier_pseudo_label,0.89,0.9941315413641431,0.18906824263148236,0.3076923076923077,2
Case2,8x8,8x8_242,2,curve_classifier_pseudo_label,0.75,0.9957992839581252,0.17309915682006452,0.2087912087912088,2
Case2,8x8,8x8_243,1,curve_classifier_pseudo_label,0.605,0.999679188321386,0.07178182728841026,0.2707292707292707,1
Case2,8x8,8x8_244,1,curve_classifier_pseudo_label,0.48833333333333334,0.9985052922816576,0.12905840845662192,0.21178821178821178,2
Case2,8x8,8x8_245,3,curve_classifier_pseudo_label,0.7633333333333333,0.9951370482450622,0.15740941526811492,0.27972027972027974,2
Case2,8x8,8x8_246,1,curve_classifier_pseudo_label,0.7116666666666667,0.9997581692023454,0.06335976557396913,0.28771228771228774,1
Case2,8x8,8x8_247,1,curve_classifier_pseudo_label,0.4816666666666667,0.9984481187086132,0.14135498802969515,0.15584415584415584,2
Case2,8x8,8x8_248,3,curve_classifier_pseudo_label,0.835,0.9949534638183724,0.16811990499023236,0.2887112887112887,2
Case2,8x8,8x8_249,3,curve_classifier_pseudo_label,0.88,0.9943291293598845,0.18447281489494335,0.3026973026973027,2
Case2,8x8,8x8_250,2,curve_classifier_pseudo_label,0.5616666666666666,0.9982713863499885,0.13571000874144254,0.2177822177822178,2
Case2,8x8,8x8_251,3,curve_classifier_pseudo_label,0.46166666666666667,0.9965609281736924,0.16082482918183014,0.2967032967032967,2
Case2,8x8,8x8_252,2,curve_classifier_pseudo_label,0.5616666666666666,0.9970510886082219,0.16787426905212818,0.17682317682317683,2
Case2,8x8,8x8_253,2,curve_classifier_pseudo_label,0.6216666666666667,0.9961308091732941,0.18480574429933555,0.18281718281718282,2
Case2,8x8,8x8_254,2,curve_classifier_pseudo_label,0.6666666666666666,0.9970105947004323,0.1370664743894026,0.2907092907092907,2
Case2,8x8,8x8_255,2,curve_classifier_pseudo_label,0.6683333333333333,0.9958603756415456,0.17654787163239785,0.2007992007992008,2
Case2,8x8,8x8_256,3,curve_classifier_pseudo_label,0.8583333333333333,0.9948108909730378,0.16734712176967823,0.2887112887112887,2
Case2,8x8,8x8_257,2,curve_classifier_pseudo_label,0.48,0.9989872422019335,0.11767959183372222,0.1938061938061938,2
Case2,8x8,8x8_258,2,curve_classifier_pseudo_label,0.565,0.9960270791842162,0.1480741121232018,0.2727272727272727,2
Case2,8x8,8x8_259,3,curve_classifier_pseudo_label,0.76,0.9956121802064495,0.15575084048302634,0.2827172827172827,2
Case2,8x8,8x8_260,2,curve_classifier_pseudo_label,0.535,0.9984320974383077,0.13028239090644933,0.2217782217782218,2
Case2,8x8,8x8_261,3,curve_classifier_pseudo_label,0.84,0.994823645910269,0.16278398702721625,0.2827172827172827,2
Case2,8x8,8x8_262,2,curve_classifier_pseudo_label,0.49166666666666664,0.9987100236745492,0.12119118497773054,0.22977022977022976,2
Case2,8x8,8x8_263,3,curve_classifier_pseudo_label,0.8416666666666667,0.9947743668314365,0.17341154329254757,0.2937062937062937,2
Case2,8x8,8x8_264,1,curve_classifier_pseudo_label,0.5183333333333333,0.9987953803494545,0.1268167749499698,0.17882117882117882,2
Case2,8x8,8x8_265,2,curve_classifier_pseudo_label,0.69,0.9969226995219701,0.13375234224418142,0.28771228771228774,2
Case2,8x8,8x8_266,3,curve_classifier_pseudo_label,0.5116666666666667,0.9941249480223247,0.18895624905788194,0.2217782217782218,2
Case2,8x8,8x8_267,2,curve_classifier_pseudo_label,0.5116666666666667,0.9958959902366556,0.20007808137854596,0.17082917082917082,2
Case2,8x8,8x8_268,2,curve_classifier_pseudo_label,0.7066666666666667,0.9957211173680818,0.16741775864266725,0.22277722277722278,2
Case2,8x8,8x8_269,1,curve_classifier_pseudo_label,0.7233333333333334,0.9997730642901401,0.06175842607572753,0.29270729270729273,1
Case2,8x8,8x8_270,2,curve_classifier_pseudo_label,0.5316666666666666,0.9964560775540158,0.16738762319799502,0.3066933066933067,2
Case2,8x8,8x8_271,2,curve_classifier_pseudo_label,0.6916666666666667,0.9953418013573015,0.19130598447726607,0.1928071928071928,2
Case2,8x8,8x8_272,1,curve_classifier_pseudo_label,0.48833333333333334,0.9992280614917896,0.10464585047868669,0.21478521478521478,1
Case2,8x8,8x8_273,2,curve_classifier_pseudo_label,0.48,0.9990336202090732,0.1152231922859023,0.1928071928071928,2
Case2,8x8,8x8_274,3,curve_classifier_pseudo_label,0.6833333333333333,0.9937201914590165,0.172375055902916,0.2547452547452547,2
Case2,8x8,8x8_275,2,curve_classifier_pseudo_label,0.6783333333333333,0.9970420981921353,0.13465065483744562,0.2937062937062937,2
Case2,8x8,8x8_276,1,curve_classifier_pseudo_label,0.4866666666666667,0.9986348681785422,0.1337009927238083,0.16983016983016982,2
Case2,8x8,8x8_277,2,curve_classifier_pseudo_label,0.485,0.9983708328747364,0.13361755765903016,0.2057942057942058,2
Case2,8x8,8x8_278,2,curve_classifier_pseudo_label,0.7833333333333333,0.997041692540765,0.1370379943091017,0.29270729270729273,2
Case2,8x8,8x8_279,1,curve_classifier_pseudo_label,0.4583333333333333,0.9982144147260599,0.15012395992928448,0.13286713286713286,2
Case2,8x8,8x8_280,3,curve_classifier_pseudo_label,0.8283333333333334,0.9950805390582389,0.16043690487155213,0.2827172827172827,2
Case2,8x8,8x8_281,2,curve_classifier_pseudo_label,0.665,0.9969331982031291,0.13746813147753578,0.28771228771228774,2
Case2,8x8,8x8_282,2,curve_classifier_pseudo_label,0.72,0.9966392107770896,0.13936518582709637,0.2757242757242757,2
Case2,8x8,8x8_283,3,curve_classifier_pseudo_label,0.66,0.9944209674091682,0.16355621750512422,0.26573426573426573,2
Case2,8x8,8x8_284,3,curve_classifier_pseudo_label,0.8783333333333333,0.9905400036229773,0.2588796049401847,0.07992007992007992,3
Case2,8x8,8x8_285,2,curve_classifier_pseudo_label,0.6833333333333333,0.9958926751531233,0.1504140763642174,0.2647352647352647,2
Case2,8x8,8x8_286,2,curve_classifier_pseudo_label,0.5816666666666667,0.9964143559552404,0.16814009338909813,0.1978021978021978,2
Case2,8x8,8x8_287,2,curve_classifier_pseudo_label,0.72,0.9969015737390107,0.13554085455179873,0.2867132867132867,2
Case2,8x8,8x8_288,2,curve_classifier_pseudo_label,0.6716666666666666,0.9963489292704636,0.17280728624406305,0.19080919080919082,2
Case2,8x8,8x8_289,3,curve_classifier_pseudo_label,0.54,0.9958830931808957,0.15104507170787337,0.2807192807192807,2
Case2,8x8,8x8_290,2,curve_classifier_pseudo_label,0.7233333333333334,0.9970565505124949,0.1356296747625741,0.2947052947052947,2
Case2,8x8,8x8_291,3,curve_classifier_pseudo_label,0.8716666666666667,0.9948722049253975,0.17013375765273303,0.2907092907092907,2
Case2,8x8,8x8_292,1,curve_classifier_pseudo_label,0.5116666666666667,0.9985934290604903,0.1351302338052669,0.16883116883116883,2
Case2,8x8,8x8_293,3,curve_classifier_pseudo_label,0.8383333333333334,0.9949529585794825,0.1636242211368483,0.2857142857142857,2
Case2,8x8,8x8_294,1,curve_classifier_pseudo_label,0.4716666666666667,0.9989511540781544,0.11108067168990504,0.25074925074925075,2
Case2,8x8,8x8_295,3,curve_classifier_pseudo_label,0.475,0.9964298715746713,0.16908459455572442,0.3156843156843157,2
Case2,8x8,8x8_296,2,curve_classifier_pseudo_label,0.5733333333333334,0.9974673663242354,0.1590219016618285,0.18081918081918083,2
Case2,8x8,8x8_297,3,curve_classifier_pseudo_label,0.885,0.9941073953654164,0.19115497807882226,0.3076923076923077,2
Case2,8x8,8x8_298,3,curve_classifier_pseudo_label,0.8416666666666667,0.9944590654337219,0.164233762981678,0.2817182817182817,2
Case2,8x8,8x8_299,3,curve_classifier_pseudo_label,0.8266666666666667,0.9952413747942557,0.16262716787084516,0.28471528471528473,2
Case2,8x8,8x8_300,1,curve_classifier_pseudo_label,0.46,0.9988412975208729,0.12057434325046093,0.2547452547452547,2
Case3,6x4,6x4_001,2,curated_human_review,1.0,0.996872138637033,0.18051338634459596,0.1878121878121878,2
Case3,6x4,6x4_002,1,curated_human_review,1.0,0.9995564425606622,0.0844843250727229,0.4825174825174825,1
Case3,6x4,6x4_003,1,curated_human_review,1.0,0.9993850858662057,0.09726508824016265,0.4675324675324675,1
Case3,6x4,6x4_004,1,curated_human_review,1.0,0.9999832081510988,0.013865105483001077,0.6883116883116883,1
Case3,6x4,6x4_005,2,curated_human_review,1.0,0.997012762891113,0.1760655616021824,0.1928071928071928,2
Case3,6x4,6x4_006,2,curated_human_review,1.0,0.9960776983081832,0.19979979741677484,0.1798201798201798,2
Case3,6x4,6x4_007,1,curated_human_review,1.0,0.9997705242181714,0.05035627054867834,0.3956043956043956,1
Case3,6x4,6x4_008,2,curated_human_review,1.0,0.9951859971899765,0.2042353561526124,0.21078921078921078,2
Case3,6x4,6x4_009,2,curated_human_review,1.0,0.997189532633793,0.1723690135698454,0.1928071928071928,2
Case3,6x4,6x4_010,1,curated_human_review,1.0,0.9999836805998523,0.018661772538075348,0.42357642357642356,1
Case3,6x4,6x4_011,2,curated_human_review,1.0,0.9945345638760564,0.19478753220470768,0.23376623376623376,2
Case3,6x4,6x4_012,2,curated_human_review,1.0,0.9956969554841588,0.19556853290271106,0.1978021978021978,2
Case3,6x4,6x4_013,2,curated_human_review,1.0,0.998742360203241,0.12014050279102682,0.2807192807192807,2
Case3,6x4,6x4_014,2,curated_human_review,1.0,0.9965894970520839,0.19090956438081796,0.17782217782217782,2
Case3,6x4,6x4_015,2,curated_human_review,1.0,0.9989941253125383,0.109725372537343,0.31368631368631367,2
Case3,6x4,6x4_016,1,curated_human_review,1.0,0.9999038062752742,0.04104560520084934,0.5494505494505495,1
Case3,6x4,6x4_017,2,curated_human_review,1.0,0.9984043473183295,0.13439742928932952,0.23676323676323677,2
Case3,6x4,6x4_018,2,curated_human_review,1.0,0.9986960363030931,0.12182272567141664,0.27672327672327673,2
Case3,6x4,6x4_019,2,curated_human_review,1.0,0.9980050755472586,0.14905652736923414,0.2137862137862138,2
Case3,6x4,6x4_020,2,curated_human_review,1.0,0.9949258444663692,0.19845499624880988,0.21078921078921078,2
Case3,6x4,6x4_021,1,curated_human_review,1.0,0.9997188137149787,0.03509788189803744,0.5584415584415584,1
Case3,6x4,6x4_022,1,curated_human_review,1.0,0.9990330138003444,0.1114901203738955,0.3176823176823177,2
Case3,6x4,6x4_023,1,curated_human_review,1.0,0.9999843853701987,0.01189860656721971,0.6953046953046953,1
Case3,6x4,6x4_024,2,curated_human_review,1.0,0.9982372080978834,0.14144579362553175,0.2217782217782218,2
Case3,6x4,6x4_025,1,curated_human_review,1.0,0.9999614106379298,0.027158673221688995,0.3946053946053946,1
Case3,6x4,6x4_026,1,curated_human_review,1.0,0.999943053359338,0.032131034892741495,0.43956043956043955,1
Case3,6x4,6x4_027,1,curated_human_review,1.0,0.9992883340871569,0.09845837505228687,0.4035964035964036,1
Case3,6x4,6x4_028,2,curated_human_review,1.0,0.998591411919438,0.1344054301142542,0.25074925074925075,2
Case3,6x4,6x4_029,1,curated_human_review,1.0,0.9995525050610391,0.08652828187366488,0.4995004995004995,1
Case3,6x4,6x4_030,3,curated_human_review,1.0,0.993909779935157,0.1926753516656977,0.32867132867132864,2
Case3,6x4,6x4_031,1,curated_human_review,1.0,0.9999874798397937,0.012283612622853986,0.7262737262737263,1
Case3,6x4,6x4_032,3,curated_human_review,1.0,0.9940238252447562,0.19116795711941856,0.3256743256743257,2
Case3,6x4,6x4_033,1,curated_human_review,1.0,0.999904271569481,0.03907445885459578,0.4515484515484515,1
Case3,6x4,6x4_034,2,curated_human_review,1.0,0.9955041017900529,0.2016014061346701,0.1938061938061938,2
Case3,6x4,6x4_035,1,curated_human_review,1.0,0.9999761856477292,0.022133910139476857,0.46553446553446554,1
Case3,6x4,6x4_036,3,curated_human_review,1.0,0.9937277662113907,0.18190143558488758,0.3076923076923077,2
Case3,6x4,6x4_037,1,curated_human_review,1.0,0.9999002741801832,0.04021324823797446,0.44955044955044954,1
Case3,6x4,6x4_038,1,curated_human_review,1.0,0.9999879778413069,0.009316517275684463,0.7582417582417582,1
Case3,6x4,6x4_039,1,curated_human_review,1.0,0.9992675173348231,0.10118518598696166,0.4245754245754246,1
Case3,6x4,6x4_040,2,curated_human_review,1.0,0.9982337948308244,0.14063017554582627,0.22877122877122877,2
Case3,6x4,6x4_041,2,curated_human_review,1.0,0.9952492286128048,0.20131046709182582,0.20279720279720279,2
Case3,6x4,6x4_042,1,curated_human_review,1.0,0.9996941351472861,0.056866835138601496,0.3906093906093906,1
Case3,6x4,6x4_043,1,curated_human_review,1.0,0.9999446035253426,0.03219417939615257,0.47152847152847155,1
Case3,6x4,6x4_044,1,curated_human_review,1.0,0.9999822837210453,0.013610192908609358,0.7742257742257742,1
Case3,6x4,6x4_045,2,curated_human_review,1.0,0.9946480922933292,0.2209686443849794,0.1848151848151848,3
Case3,6x4,6x4_046,1,curated_human_review,1.0,0.999973653695307,0.02342068908461521,0.4515484515484515,1
Case3,6x4,6x4_047,2,curated_human_review,1.0,0.9980294383720655,0.14922829586528058,0.22977022977022976,2
Case3,6x4,6x4_048,2,curated_human_review,1.0,0.9951639774202519,0.2018747583476718,0.2057942057942058,2
Case3,6x4,6x4_049,2,curated_human_review,1.0,0.9962557267426863,0.19787905284635335,0.18681318681318682,2
Case3,6x4,6x4_050,2,curated_human_review,1.0,0.9957539854091957,0.20165328688469594,0.1838161838161838,2
Case3,6x4,6x4_051,2,curated_human_review,1.0,0.9983559885599894,0.13585111876180295,0.23376623376623376,2
Case3,6x4,6x4_052,2,curated_human_review,1.0,0.9984928002649678,0.12976380934505846,0.2517482517482518,2
Case3,6x4,6x4_053,2,curated_human_review,1.0,0.9945742177025718,0.2053506312121217,0.22677322677322678,2
Case3,6x4,6x4_054,2,curated_human_review,1.0,0.9959216938778952,0.19958883962839025,0.1838161838161838,2
Case3,6x4,6x4_055,1,curated_human_review,1.0,0.9998515435240118,0.05942027909166562,0.6293706293706294,1
Case3,6x4,6x4_056,2,curated_human_review,1.0,0.9968324017092565,0.18153115594232574,0.1878121878121878,2
Case3,6x4,6x4_057,2,curated_human_review,1.0,0.9950699344656371,0.20278092036481762,0.2087912087912088,2
Case3,6x4,6x4_058,2,curated_human_review,1.0,0.9965500166088143,0.19045724629202282,0.18281718281718282,2
Case3,6x4,6x4_059,3,curated_human_review,1.0,0.9937920212509346,0.2076028534582234,0.33766233766233766,2
Case3,6x4,6x4_060,1,curated_human_review,1.0,0.9995907432685813,0.059852375530959914,0.32367632367632365,1
Case3,6x4,6x4_061,2,curated_human_review,1.0,0.9951143258354511,0.19936837493573134,0.2047952047952048,2
Case3,6x4,6x4_062,2,curated_human_review,1.0,0.9968251193454103,0.18941576697579618,0.1888111888111888,2
Case3,6x4,6x4_063,2,curated_human_review,1.0,0.9988091185131343,0.11691276855659674,0.3036963036963037,2
Case3,6x4,6x4_064,2,curated_human_review,1.0,0.9970972856411798,0.17499662910995858,0.1888111888111888,2
Case3,6x4,6x4_065,2,curated_human_review,1.0,0.9983298607318634,0.13674575911581907,0.23576423576423577,2
Case3,6x4,6x4_066,1,curated_human_review,1.0,0.9999670129160958,0.025765452489307446,0.5054945054945055,1
Case3,6x4,6x4_067,1,curated_human_review,1.0,0.9999129887350939,0.038406711990260266,0.4565434565434565,1
Case3,6x4,6x4_068,3,curated_human_review,1.0,0.994201148652763,0.18105311310904917,0.3116883116883117,2
Case3,6x4,6x4_069,1,curated_human_review,1.0,0.9991322275448409,0.10413472011647218,0.34565434565434566,1
Case3,6x4,6x4_070,1,curated_human_review,1.0,0.9996810633739506,0.058484793052456095,0.3786213786213786,1
Case3,6x4,6x4_071,2,curated_human_review,1.0,0.998449299357895,0.13369925865966398,0.25674325674325676,2
Case3,6x4,6x4_072,3,curated_human_review,1.0,0.9937131602436647,0.18917487648939302,0.2707292707292707,2
Case3,6x4,6x4_073,2,curated_human_review,1.0,0.9972174587524325,0.1724328174191173,0.1958041958041958,2
Case3,6x4,6x4_074,3,curated_human_review,1.0,0.9936060536439042,0.21572867406199056,0.3481781376518219,3
Case3,6x4,6x4_075,2,curated_human_review,1.0,0.9970057156171682,0.1815841184871119,0.18081918081918083,2
Case3,6x4,6x4_076,2,curated_human_review,1.0,0.9952878989703718,0.19438975518250215,0.21178821178821178,2
Case3,6x4,6x4_077,2,curated_human_review,1.0,0.9970279775839789,0.17681316530478017,0.18981018981018982,2
Case3,6x4,6x4_078,2,curated_human_review,1.0,0.9980623709608006,0.14830190904859114,0.21078921078921078,2
Case3,6x4,6x4_079,1,curated_human_review,1.0,0.9990268009867844,0.1094676155804595,0.34765234765234765,1
Case3,6x4,6x4_080,1,curated_human_review,1.0,0.9999085387015392,0.035044601420610375,0.6863136863136863,1
Case3,6x4,6x4_081,1,curated_human_review,1.0,0.9989152646022197,0.11312681041429998,0.3126873126873127,2
Case3,6x4,6x4_082,1,curated_human_review,1.0,0.9996220785664383,0.06026587504921944,0.35864135864135865,1
Case3,6x4,6x4_083,2,curated_human_review,1.0,0.9953609790265345,0.21103473038868023,0.1878121878121878,3
Case3,6x4,6x4_084,1,curated_human_review,1.0,0.9996592478555576,0.051597659873539224,0.4065934065934066,1
Case3,6x4,6x4_085,1,curated_human_review,1.0,0.9996291422293415,0.041519952798366,0.3886113886113886,1
Case3,6x4,6x4_086,1,curated_human_review,1.0,0.9995373037415772,0.0864419343660077,0.4885114885114885,1
Case3,6x4,6x4_087,1,curated_human_review,1.0,0.998712184113618,0.119854773123433,0.2837162837162837,2
Case3,6x4,6x4_088,2,curated_human_review,1.0,0.9957987468155556,0.21183380022038112,0.17482517482517482,3
Case3,6x4,6x4_089,2,curated_human_review,1.0,0.9946728181704663,0.22109887539343467,0.1838161838161838,3
Case3,6x4,6x4_090,2,curated_human_review,1.0,0.9975992944947508,0.16111882606194508,0.2017982017982018,2
Case3,6x4,6x4_091,3,curated_human_review,1.0,0.9939976988396971,0.20176208461137585,0.22977022977022976,2
Case3,6x4,6x4_092,1,curated_human_review,1.0,0.9997307633181053,0.07053802782391441,0.41058941058941056,1
Case3,6x4,6x4_093,1,curated_human_review,1.0,0.9999837162996439,0.018275813670841305,0.4945054945054945,1
Case3,6x4,6x4_094,1,curated_human_review,1.0,0.9998350792227634,0.04681082691436855,0.5374625374625375,1
Case3,6x4,6x4_095,2,curated_human_review,1.0,0.9982948501411703,0.13792413856280894,0.23476523476523475,2
Case3,6x4,6x4_096,1,curated_human_review,1.0,0.9997144697265098,0.05591646421355465,0.4005994005994006,1
Case3,6x4,6x4_097,2,curated_human_review,1.0,0.9973520433795585,0.16807379802145928,0.2037962037962038,2
Case3,6x4,6x4_098,3,curated_human_review,1.0,0.99407103840568,0.18549640728918254,0.2647352647352647,2
Case3,6x4,6x4_099,1,curated_human_review,1.0,0.9993028861964574,0.07014450875093917,0.2865671641791045,1
Case3,6x4,6x4_100,1,curated_human_review,1.0,0.9999544517832714,0.031963038959869405,0.6463536463536463,1
Case3,6x4,6x4_101,2,curated_human_review,1.0,0.9959969738947767,0.19451456106745696,0.18981018981018982,2
Case3,6x4,6x4_102,2,curated_human_review,1.0,0.9973841873972608,0.1688161106625036,0.1938061938061938,2
Case3,6x4,6x4_103,2,curated_human_review,1.0,0.9961978412660942,0.19316202723327225,0.1878121878121878,2
Case3,6x4,6x4_104,2,curated_human_review,1.0,0.9949462191770746,0.1977544017011038,0.23176823176823177,2
Case3,6x4,6x4_105,1,curated_human_review,1.0,0.9999372014335239,0.03249090124575175,0.37462537462537465,1
Case3,6x4,6x4_106,2,curated_human_review,1.0,0.995006507982219,0.2065186317759805,0.19480519480519481,2
Case3,6x4,6x4_107,2,curated_human_review,1.0,0.9956200315776801,0.19712670500820814,0.2017982017982018,2
Case3,6x4,6x4_108,1,curated_human_review,1.0,0.9996229506927876,0.03630203307539568,0.43456543456543456,1
Case3,6x4,6x4_109,2,curated_human_review,1.0,0.9965253758497917,0.1884441548043324,0.18581418581418582,2
Case3,6x4,6x4_110,2,curated_human_review,1.0,0.9952538290160117,0.19316318386397235,0.21578421578421578,2
Case3,6x4,6x4_111,2,curated_human_review,1.0,0.9947922766124684,0.20976943191411682,0.21078921078921078,2
Case3,6x4,6x4_112,3,curated_human_review,1.0,0.9940338361874983,0.18587651142567807,0.3206793206793207,2
Case3,6x4,6x4_113,3,curated_human_review,1.0,0.9943304872086132,0.18126306451977867,0.27472527472527475,2
Case3,6x4,6x4_114,2,curated_human_review,1.0,0.998629280606419,0.1256048637457824,0.26073926073926074,2
Case3,6x4,6x4_115,2,curated_human_review,1.0,0.9971698808468793,0.1758015206463872,0.1848151848151848,2
Case3,6x4,6x4_116,2,curated_human_review,1.0,0.9953787543075926,0.2111683887077482,0.18681318681318682,3
Case3,6x4,6x4_117,2,curated_human_review,1.0,0.9983475074431338,0.13540427983456327,0.23676323676323677,2
Case3,6x4,6x4_118,1,curated_human_review,1.0,0.99980991528988,0.048715938070296276,0.40559440559440557,1
Case3,6x4,6x4_119,3,curated_human_review,1.0,0.9939548443279012,0.1853967896894141,0.27472527472527475,2
Case3,6x4,6x4_120,2,curated_human_review,1.0,0.9979759288828599,0.14869731739095568,0.21878121878121878,2
Case3,6x4,6x4_121,2,curated_human_review,1.0,0.9959700005776393,0.19511760774735465,0.18981018981018982,2
Case3,6x4,6x4_122,2,curated_human_review,1.0,0.9968781862441995,0.1828706352535709,0.18181818181818182,2
Case3,6x4,6x4_123,2,curated_human_review,1.0,0.9952404508843351,0.19714249236743125,0.21878121878121878,2
Case3,6x4,6x4_124,1,curated_human_review,1.0,0.9992601947364357,0.10096647959032132,0.41358641358641357,1
Case3,6x4,6x4_125,2,curated_human_review,1.0,0.9951617781366487,0.20279120644350462,0.2047952047952048,2
Case3,6x4,6x4_126,3,curated_human_review,1.0,0.9938959896192008,0.19073177235566507,0.32967032967032966,2
Case3,6x4,6x4_127,1,curated_human_review,1.0,0.999971080255655,0.023899954441524266,0.5274725274725275,1
Case3,6x4,6x4_128,1,curated_human_review,1.0,0.9999575808320856,0.028607706056965738,0.6293706293706294,1
Case3,6x4,6x4_129,3,curated_human_review,1.0,0.9938687156851682,0.18221818238082127,0.30569430569430567,2
Case3,6x4,6x4_130,2,curated_human_review,1.0,0.996000955501822,0.19437499245127066,0.19080919080919082,2
Case3,6x4,6x4_131,1,curated_human_review,1.0,0.9995679493716825,0.08471544877632554,0.4965034965034965,1
Case3,6x4,6x4_132,1,curated_human_review,1.0,0.9993309649962101,0.09954243898675895,0.3256743256743257,1
Case3,6x4,6x4_133,2,curated_human_review,1.0,0.9959683843746997,0.2042980291941303,0.18081918081918083,2
Case3,6x4,6x4_134,1,curated_human_review,1.0,0.9991677242617754,0.10292188252250742,0.3696303696303696,1
Case3,6x4,6x4_135,1,curated_human_review,1.0,0.9988980348439049,0.11329079029580955,0.3146853146853147,2
Case3,6x4,6x4_136,2,curated_human_review,1.0,0.9955058418709778,0.20267691654947012,0.1918081918081918,2
Case3,6x4,6x4_137,1,curated_human_review,1.0,0.9998279104495511,0.045364676565681085,0.5984015984015985,1
Case3,6x4,6x4_138,2,curated_human_review,1.0,0.9979796118855657,0.15050541384554636,0.2097902097902098,2
Case3,6x4,6x4_139,1,curated_human_review,1.0,0.9991766359756582,0.10265221295856222,0.3676323676323676,1
Case3,6x4,6x4_140,3,curated_human_review,1.0,0.9927362701250372,0.24620231633109632,0.35564435564435565,3
Case3,6x4,6x4_141,1,curated_human_review,1.0,0.9996768173035406,0.05358180220176748,0.4005994005994006,1
Case3,6x4,6x4_142,2,curated_human_review,1.0,0.9957821679922675,0.19563950546428807,0.19480519480519481,2
Case3,6x4,6x4_143,1,curated_human_review,1.0,0.9993265100818524,0.09923867185741098,0.3356643356643357,1
Case3,6x4,6x4_144,1,curated_human_review,1.0,0.998701375551413,0.1186981498772256,0.2987012987012987,2
Case3,6x4,6x4_145,2,curated_human_review,1.0,0.9977430177808495,0.16813170298672495,0.1998001998001998,2
Case3,6x4,6x4_146,2,curated_human_review,1.0,0.9981745481392658,0.1457898810755855,0.23776223776223776,2
Case3,6x4,6x4_147,2,curated_human_review,1.0,0.9974226144615251,0.16578610350667639,0.2037962037962038,2
Case3,6x4,6x4_148,1,curated_human_review,1.0,0.9995916071245509,0.08851454223258037,0.5504495504495505,1
Case3,6x4,6x4_149,2,curated_human_review,1.0,0.9977471507712162,0.15679656507109202,0.2037962037962038,2
Case3,6x4,6x4_150,2,curated_human_review,1.0,0.995860433094749,0.19925850000468584,0.1838161838161838,2
Case3,6x4,6x4_151,1,curated_human_review,1.0,0.9999540702791604,0.02922848828704449,0.4755244755244755,1
Case3,6x4,6x4_152,2,curated_human_review,1.0,0.9974572303863525,0.16658193506699887,0.1938061938061938,2
Case3,6x4,6x4_153,1,curated_human_review,1.0,0.99972300603698,0.04725728517491515,0.6863136863136863,1
Case3,6x4,6x4_154,1,curated_human_review,1.0,0.9999822776610533,0.011985772918499003,0.7002997002997003,1
Case3,6x4,6x4_155,3,curated_human_review,1.0,0.9936169684177459,0.1932768147903109,0.25774225774225773,2
Case3,6x4,6x4_156,1,curated_human_review,1.0,0.9999662594510684,0.02580259049228643,0.43456543456543456,1
Case3,6x4,6x4_157,2,curated_human_review,1.0,0.997628280244776,0.16164950492906263,0.1998001998001998,2
Case3,6x4,6x4_158,2,curated_human_review,1.0,0.9958276488251007,0.20113824176446105,0.1838161838161838,2
Case3,6x4,6x4_159,3,curated_human_review,1.0,0.9937242981248303,0.2112556765135994,0.3438775510204082,3
Case3,6x4,6x4_160,2,curated_human_review,1.0,0.9956473946671637,0.1982867402639532,0.1938061938061938,2
Case3,6x4,6x4_161,1,curated_human_review,1.0,0.9999822297299028,0.016119328680869124,0.5704295704295704,1
Case3,6x4,6x4_162,2,curated_human_review,1.0,0.9957819188599097,0.19838647960490807,0.19480519480519481,2
Case3,6x4,6x4_163,2,curated_human_review,1.0,0.9978337025612999,0.15541569413155096,0.2047952047952048,2
Case3,6x4,6x4_164,3,curated_human_review,1.0,0.9939257636478221,0.19982258901709415,0.3336663336663337,2
Case3,6x4,6x4_165,3,curated_human_review,1.0,0.9936466076416507,0.21383319027779038,0.34665334665334663,3
Case3,6x4,6x4_166,2,curated_human_review,1.0,0.9954952405524401,0.1948969859218741,0.2077922077922078,2
Case3,6x4,6x4_167,3,curated_human_review,1.0,0.9936311864694466,0.21767676973072814,0.3483606557377049,3
Case3,6x4,6x4_168,3,curated_human_review,1.0,0.9934189098792476,0.22544928918108972,0.34974358974358977,3
Case3,6x4,6x4_169,1,curated_human_review,1.0,0.9999480636645894,0.03085647726675999,0.6223776223776224,1
Case3,6x4,6x4_170,2,curated_human_review,1.0,0.9991958104501574,0.10171662238086641,0.35564435564435565,1
Case3,6x4,6x4_171,3,curated_human_review,1.0,0.9939257886073757,0.19197237059815983,0.33266733266733267,2
Case3,6x4,6x4_172,2,curated_human_review,1.0,0.9954966126449971,0.19622846567567667,0.2077922077922078,2
Case3,6x4,6x4_173,1,curated_human_review,1.0,0.999777944022123,0.05202361672763796,0.4385614385614386,1
Case3,6x4,6x4_174,1,curated_human_review,1.0,0.9997347965388808,0.049666788533905715,0.45254745254745254,1
Case3,6x4,6x4_175,1,curated_human_review,1.0,0.9999782684856229,0.021355844110766034,0.4195804195804196,1
Case3,6x4,6x4_176,2,curated_human_review,1.0,0.9983681652516888,0.14274801402890216,0.23876123876123875,2
Case3,6x4,6x4_177,2,curated_human_review,1.0,0.9975025249888997,0.1672365841642046,0.18981018981018982,2
Case3,6x4,6x4_178,2,curated_human_review,1.0,0.9981149819649519,0.1454583112274268,0.21678321678321677,2
Case3,6x4,6x4_179,1,curated_human_review,1.0,0.9990542807242141,0.1102024287085034,0.4095904095904096,2
Case3,6x4,6x4_180,2,curated_human_review,1.0,0.9956064581659222,0.20958464436862703,0.18181818181818182,2
Case3,6x4,6x4_181,1,curated_human_review,1.0,0.9995277898315585,0.0653769477088594,0.3256743256743257,1
Case3,6x4,6x4_182,2,curated_human_review,1.0,0.9951464679582889,0.20767051445640822,0.18981018981018982,2
Case3,6x4,6x4_183,2,curated_human_review,1.0,0.9990626213420887,0.10709034520491693,0.3336663336663337,1
Case3,6x4,6x4_184,1,curated_human_review,1.0,0.9994773241966601,0.06287934605205266,0.3206793206793207,1
Case3,6x4,6x4_185,2,curated_human_review,1.0,0.9965573596839001,0.1869279312775406,0.1848151848151848,2
Case3,6x4,6x4_186,2,curated_human_review,1.0,0.9953630806914308,0.1938656372359946,0.21178821178821178,2
Case3,6x4,6x4_187,1,curated_human_review,1.0,0.9993737144004748,0.09506850842097982,0.4075924075924076,1
Case3,6x4,6x4_188,1,curated_human_review,1.0,0.9994228362386968,0.09194387833715391,0.44455544455544455,1
Case3,6x4,6x4_189,2,curated_human_review,1.0,0.9943056823470958,0.18070054155570106,0.27972027972027974,2
Case3,6x4,6x4_190,2,curated_human_review,1.0,0.9988080815912773,0.11532210584785244,0.3196803196803197,2
Case3,6x4,6x4_191,2,curated_human_review,1.0,0.9953505547486406,0.19852158650714338,0.21178821178821178,2
Case3,6x4,6x4_192,1,curated_human_review,1.0,0.9999494818536064,0.028925396788375437,0.32667332667332666,1
Case3,6x4,6x4_193,1,curated_human_review,1.0,0.9996623176707405,0.07811990063102768,0.5204795204795205,1
Case3,6x4,6x4_194,3,curated_human_review,1.0,0.9938706142894616,0.19159805962621865,0.32967032967032966,2
Case3,6x4,6x4_195,2,curated_human_review,1.0,0.995803432446895,0.20202684910704832,0.1838161838161838,2
Case3,6x4,6x4_196,2,curated_human_review,1.0,0.9983204205405811,0.1383219705693383,0.22777222777222778,2
Case3,6x4,6x4_197,1,curated_human_review,1.0,0.9987231837088419,0.11982111666694205,0.29270729270729273,2
Case3,6x4,6x4_198,1,curated_human_review,1.0,0.9997432182366854,0.053648738521697575,0.4205794205794206,1
Case3,6x4,6x4_199,1,curated_human_review,1.0,0.9996309914135371,0.05632765148086835,0.34065934065934067,1
Case3,6x4,6x4_200,1,curated_human_review,1.0,0.9994146901590565,0.06959914558460377,0.3016983016983017,1
Case3,6x4,6x4_201,2,curated_human_review,1.0,0.9978339286733613,0.15447293465300568,0.2087912087912088,2
Case3,6x4,6x4_202,2,curated_human_review,1.0,0.9974080911284082,0.1694676672139535,0.18981018981018982,2
Case3,6x4,6x4_203,2,curated_human_review,1.0,0.9988764389184267,0.11439272604011999,0.2907092907092907,2
Case3,6x4,6x4_204,3,curated_human_review,1.0,0.9937721155934729,0.23090672421967626,0.18981018981018982,3
Case3,6x4,6x4_205,1,curated_human_review,1.0,0.9998834719693979,0.06161032062778509,0.7132867132867133,1
Case3,6x4,6x4_206,2,curated_human_review,1.0,0.9958537670616348,0.21348085633095287,0.12887112887112886,3
Case3,6x4,6x4_207,2,curated_human_review,1.0,0.9965152506417058,0.1931925849711724,0.17682317682317683,2
Case3,6x4,6x4_208,1,curated_human_review,1.0,0.9995885357435323,0.0626320637482571,0.34465534465534464,1
Case3,6x4,6x4_209,1,curated_human_review,1.0,0.9999541904967592,0.029653789904157957,0.6413586413586414,1
Case3,6x4,6x4_210,3,curated_human_review,1.0,0.9935627185286936,0.1835279810614546,0.3096903096903097,2
Case3,6x4,6x4_211,1,curated_human_review,1.0,0.9999811958414105,0.014841727098005747,0.7602397602397603,1
Case3,6x4,6x4_212,1,curated_human_review,1.0,0.9999071101779063,0.042870558841131494,0.7172827172827173,1
Case3,6x4,6x4_213,1,curated_human_review,1.0,0.9991785822679298,0.10459299356200995,0.4045954045954046,1
Case3,6x4,6x4_214,2,curated_human_review,1.0,0.9962217519117718,0.1924743133613349,0.1878121878121878,2
Case3,6x4,6x4_215,3,curated_human_review,1.0,0.9938462546928686,0.20097729320088814,0.3386613386613387,2
Case3,6x4,6x4_216,2,curated_human_review,1.0,0.9957334847651721,0.20026807163339008,0.18581418581418582,2
Case3,6x4,6x4_217,2,curated_human_review,1.0,0.9972814264837211,0.17067681368554155,0.19080919080919082,2
Case3,6x4,6x4_218,3,curated_human_review,1.0,0.9938910889148544,0.20008023333380512,0.33966033966033965,2
Case3,6x4,6x4_219,2,curated_human_review,1.0,0.995493036954265,0.20162106666118615,0.1928071928071928,2
Case3,6x4,6x4_220,3,curated_human_review,1.0,0.9932535838756156,0.18581870690997523,0.2957042957042957,2
Case3,6x4,6x4_221,1,curated_human_review,1.0,0.9998451808111624,0.04658937559743621,0.5324675324675324,1
Case3,6x4,6x4_222,2,curated_human_review,1.0,0.9950272156936176,0.20725358416808165,0.2047952047952048,2
Case3,6x4,6x4_223,1,curated_human_review,1.0,0.9996567545262572,0.052954965313933004,0.39760239760239763,1
Case3,6x4,6x4_224,3,curated_human_review,1.0,0.9945605962443477,0.19669029151221315,0.22477522477522477,2
Case3,6x4,6x4_225,2,curated_human_review,1.0,0.9951065169966837,0.20243888662217896,0.2077922077922078,2
Case3,6x4,6x4_226,1,curated_human_review,1.0,0.999506306880064,0.05583905428703254,0.3226773226773227,1
Case3,6x4,6x4_227,3,curated_human_review,1.0,0.9947484455601617,0.19275276404387834,0.23176823176823177,2
Case3,6x4,6x4_228,1,curated_human_review,1.0,0.9985689470356093,0.12730655367701998,0.2597402597402597,2
Case3,6x4,6x4_229,1,curated_human_review,1.0,0.9995071184463719,0.06466266022899293,0.3016983016983017,1
Case3,6x4,6x4_230,1,curated_human_review,1.0,0.9985980387945593,0.12840635003743825,0.26973026973026976,2
Case3,6x4,6x4_231,2,curated_human_review,1.0,0.9975260967708925,0.16368105440141556,0.19880119880119881,2
Case3,6x4,6x4_232,3,curated_human_review,1.0,0.9937041905254145,0.18168325314919623,0.2997002997002997,2
Case3,6x4,6x4_233,2,curated_human_review,1.0,0.9970582582519992,0.17576237053095706,0.19080919080919082,2
Case3,6x4,6x4_234,1,curated_human_review,1.0,0.9995611855184873,0.08483305963799417,0.4865134865134865,1
Case3,6x4,6x4_235,2,curated_human_review,1.0,0.9956386746385208,0.19613976917974768,0.2007992007992008,2
Case3,6x4,6x4_236,2,curated_human_review,1.0,0.9964519320606777,0.18976263496495285,0.18181818181818182,2
Case3,6x4,6x4_237,1,curated_human_review,1.0,0.99860671000142,0.12640485185165076,0.25574425574425574,2
Case3,6x4,6x4_238,2,curated_human_review,1.0,0.9973199794865448,0.16932289399599948,0.19480519480519481,2
Case3,6x4,6x4_239,3,curated_human_review,1.0,0.9937024517453719,0.2101148405799862,0.22577422577422576,3
Case3,6x4,6x4_240,2,curated_human_review,1.0,0.9980413586806774,0.14633988112860558,0.22277722277722278,2
Case3,6x4,6x4_241,3,curated_human_review,1.0,0.9937854799976166,0.2068616506631696,0.3386613386613387,2
Case3,6x4,6x4_242,2,curated_human_review,1.0,0.9986402159251659,0.12451482215837366,0.2597402597402597,2
Case3,6x4,6x4_243,1,curated_human_review,1.0,0.9999754724031467,0.020353506792167502,0.7382617382617382,1
Case3,6x4,6x4_244,1,curated_human_review,1.0,0.9998112567932769,0.05050751476623044,0.44155844155844154,1
Case3,6x4,6x4_245,2,curated_human_review,1.0,0.9941084935783762,0.2033196926713861,0.22877122877122877,2
Case3,6x4,6x4_246,1,curated_human_review,1.0,0.9999744789811529,0.017814110887640865,0.7602397602397603,1
Case3,6x4,6x4_247,1,curated_human_review,1.0,0.9999488907523114,0.030067307836905133,0.3886113886113886,1
Case3,6x4,6x4_248,3,curated_human_review,1.0,0.9938046154061982,0.1807091024521125,0.3036963036963037,2
Case3,6x4,6x4_249,3,curated_human_review,1.0,0.9939032965438298,0.1966604164780448,0.33766233766233766,2
Case3,6x4,6x4_250,1,curated_human_review,1.0,0.9995658821266347,0.09283621666835895,0.5534465534465535,1
Case3,6x4,6x4_251,2,curated_human_review,1.0,0.9953918070703326,0.19536623279466014,0.2137862137862138,2
Case3,6x4,6x4_252,1,curated_human_review,1.0,0.9995521447115442,0.06092291041241636,0.34165834165834164,1
Case3,6x4,6x4_253,1,curated_human_review,1.0,0.9989333816395163,0.11258231969093224,0.3126873126873127,2
Case3,6x4,6x4_254,2,curated_human_review,1.0,0.996378072541502,0.1919920068108073,0.18581418581418582,2
Case3,6x4,6x4_255,1,curated_human_review,1.0,0.9987402061659549,0.12026706676930912,0.27172827172827174,2
Case3,6x4,6x4_256,3,curated_human_review,1.0,0.9938511332640485,0.1820983840312918,0.3016983016983017,2
Case3,6x4,6x4_257,1,curated_human_review,1.0,0.9999545124554546,0.0290325609123213,0.4955044955044955,1
Case3,6x4,6x4_258,2,curated_human_review,1.0,0.9967238033512846,0.18258463937314154,0.1888111888111888,2
Case3,6x4,6x4_259,3,curated_human_review,1.0,0.9941616737585066,0.1926583165135771,0.24375624375624375,2
Case3,6x4,6x4_260,1,curated_human_review,1.0,0.9997797095306199,0.036623326219955364,0.5574425574425574,1
Case3,6x4,6x4_261,3,curated_human_review,1.0,0.9932483937803884,0.19340459251607256,0.26673326673326675,2
Case3,6x4,6x4_262,1,curated_human_review,1.0,0.9998998328566739,0.03864916194594111,0.5164835164835165,1
Case3,6x4,6x4_263,3,curated_human_review,1.0,0.994176926495388,0.18379528651409463,0.3166833166833167,2
Case3,6x4,6x4_264,1,curated_human_review,1.0,0.9998816546081956,0.043333211365657216,0.44655344655344653,1
Case3,6x4,6x4_265,2,curated_human_review,1.0,0.9974450562920655,0.16916710553524286,0.1888111888111888,2
Case3,6x4,6x4_266,2,curated_human_review,1.0,0.9976746150063919,0.1632366146457971,0.21178821178821178,2
Case3,6x4,6x4_267,1,curated_human_review,1.0,0.9990668145958098,0.10870158567538452,0.32167832167832167,1
Case3,6x4,6x4_268,2,curated_human_review,1.0,0.9983689339743347,0.1346296841262183,0.24175824175824176,2
Case3,6x4,6x4_269,1,curated_human_review,1.0,0.9999748099616381,0.016957519627827093,0.7682317682317682,1
Case3,6x4,6x4_270,2,curated_human_review,1.0,0.9954355844453799,0.20615237373697626,0.19080919080919082,2
Case3,6x4,6x4_271,2,curated_human_review,1.0,0.9986861905781698,0.12280089969606985,0.26873126873126874,2
Case3,6x4,6x4_272,1,curated_human_review,1.0,0.9999713835477364,0.024228068039400485,0.5674325674325674,1
Case3,6x4,6x4_273,1,curated_human_review,1.0,0.9998754829196796,0.044422622723429166,0.48151848151848153,1
Case3,6x4,6x4_274,2,curated_human_review,1.0,0.9957179316445715,0.21441026825333265,0.17482517482517482,3
Case3,6x4,6x4_275,2,curated_human_review,1.0,0.9967204433912162,0.18668539798347392,0.1838161838161838,2
Case3,6x4,6x4_276,1,curated_human_review,1.0,0.9999119574613746,0.03799510966828796,0.4245754245754246,1
Case3,6x4,6x4_277,1,curated_human_review,1.0,0.9998543810808697,0.044823525014834276,0.4275724275724276,1
Case3,6x4,6x4_278,2,curated_human_review,1.0,0.9964511896684474,0.19357375576967562,0.17782217782217782,2
Case3,6x4,6x4_279,1,curated_human_review,1.0,0.9999508959129332,0.028745881844240786,0.32167832167832167,1
Case3,6x4,6x4_280,3,curated_human_review,1.0,0.9938513548521524,0.19058966113953751,0.26373626373626374,2
Case3,6x4,6x4_281,2,curated_human_review,1.0,0.9964440454791045,0.19048509516478437,0.18581418581418582,2
Case3,6x4,6x4_282,2,curated_human_review,1.0,0.9976166373305488,0.1629547864657401,0.19480519480519481,2
Case3,6x4,6x4_283,2,curated_human_review,1.0,0.9953742628198816,0.21430337421160606,0.18181818181818182,3
Case3,6x4,6x4_284,3,curated_human_review,1.0,0.9937471606802111,0.1859134546917723,0.31868131868131866,2
Case3,6x4,6x4_285,2,curated_human_review,1.0,0.9972714286030866,0.1706581432383043,0.1918081918081918,2
Case3,6x4,6x4_286,3,curated_human_review,1.0,0.9997792843067254,0.06113142680269518,0.6077348066298343,1
Case3,6x4,6x4_287,2,curated_human_review,1.0,0.9970899834984746,0.17702030338605987,0.1878121878121878,2
Case3,6x4,6x4_288,1,curated_human_review,1.0,0.9989094121555402,0.11364386596101107,0.3046953046953047,2
Case3,6x4,6x4_289,2,curated_human_review,1.0,0.9948495331005023,0.20276224765747733,0.2047952047952048,2
Case3,6x4,6x4_290,2,curated_human_review,1.0,0.9966974720722036,0.18894117465066357,0.17782217782217782,2
Case3,6x4,6x4_291,3,curated_human_review,1.0,0.9941378599294274,0.18065731170513688,0.3096903096903097,2
Case3,6x4,6x4_292,1,curated_human_review,1.0,0.9999684525079351,0.02506945053391148,0.4225774225774226,1
Case3,6x4,6x4_293,3,curated_human_review,1.0,0.993834330528622,0.18392128896250323,0.2867132867132867,2
Case3,6x4,6x4_294,1,curated_human_review,1.0,0.9998867348188453,0.04318520689068094,0.5884115884115884,1
Case3,6x4,6x4_295,2,curated_human_review,1.0,0.9952218449525312,0.2039415394454237,0.2097902097902098,2
Case3,6x4,6x4_296,1,curated_human_review,1.0,0.9997113840495169,0.052793591022274766,0.3706293706293706,1
Case3,6x4,6x4_297,3,curated_human_review,1.0,0.9937542563384745,0.2087051230391493,0.33966033966033965,2
Case3,6x4,6x4_298,3,curated_human_review,1.0,0.9928815894806334,0.19853883626562935,0.2627372627372627,2
Case3,6x4,6x4_299,3,curated_human_review,1.0,0.9938653975011432,0.18280132052873918,0.2817182817182817,2
Case3,6x4,6x4_300,1,curated_human_review,1.0,0.9998702972527215,0.05858045176827352,0.6763236763236763,1
Case3,6x8,6x8_001,2,curve_classifier_pseudo_label,0.7033333333333334,0.9958702301028525,0.1726282435337221,0.21878121878121878,2
Case3,6x8,6x8_002,1,curve_classifier_pseudo_label,0.6266666666666667,0.9990918682782653,0.10498340040871923,0.3146853146853147,1
Case3,6x8,6x8_003,1,curve_classifier_pseudo_label,0.5416666666666666,0.9989513062701234,0.11065203731994533,0.3016983016983017,2
Case3,6x8,6x8_004,1,curve_classifier_pseudo_label,0.98,0.9999556172257983,0.02997693810088731,0.44655344655344653,1
Case3,6x8,6x8_005,2,curve_classifier_pseudo_label,0.725,0.9957207756262889,0.1833486496084259,0.1998001998001998,2
Case3,6x8,6x8_006,2,curve_classifier_pseudo_label,0.7266666666666667,0.9959720816122484,0.15502678218112279,0.26373626373626374,2
Case3,6x8,6x8_007,1,curve_classifier_pseudo_label,0.8883333333333333,0.9995533747587793,0.06414330345198402,0.2777222777222777,1
Case3,6x8,6x8_008,2,curve_classifier_pseudo_label,0.6316666666666667,0.9961183901433724,0.14763879918728226,0.3096903096903097,2
Case3,6x8,6x8_009,2,curve_classifier_pseudo_label,0.7583333333333333,0.9959449351672638,0.179211416690206,0.2017982017982018,2
Case3,6x8,6x8_010,1,curve_classifier_pseudo_label,0.7,0.9998144144511403,0.054667558572621254,0.26573426573426573,1
Case3,6x8,6x8_011,3,curve_classifier_pseudo_label,0.585,0.9952819148826437,0.16151584856112217,0.27472527472527475,2
Case3,6x8,6x8_012,2,curve_classifier_pseudo_label,0.6616666666666666,0.9957987982438364,0.15976249555330774,0.25674325674325676,2
Case3,6x8,6x8_013,2,curve_classifier_pseudo_label,0.65,0.9977914519357063,0.15211949064805855,0.19880119880119881,2
Case3,6x8,6x8_014,2,curve_classifier_pseudo_label,0.8216666666666667,0.9959007914356408,0.1600342862718555,0.25074925074925075,2
Case3,6x8,6x8_015,2,curve_classifier_pseudo_label,0.6183333333333333,0.9981461511031183,0.1406123638023389,0.21578421578421578,2
Case3,6x8,6x8_016,1,curve_classifier_pseudo_label,0.9583333333333334,0.9998555440636658,0.045681389037118464,0.3626373626373626,1
Case3,6x8,6x8_017,2,curve_classifier_pseudo_label,0.765,0.9970711659578949,0.17123426623711865,0.18181818181818182,2
Case3,6x8,6x8_018,2,curve_classifier_pseudo_label,0.68,0.9976672478671444,0.15507782445022303,0.1998001998001998,2
Case3,6x8,6x8_019,2,curve_classifier_pseudo_label,0.755,0.9965105312446421,0.1813452704991443,0.18081918081918083,2
Case3,6x8,6x8_020,2,curve_classifier_pseudo_label,0.61,0.9956924044947609,0.15836754844720727,0.26973026973026976,2
Case3,6x8,6x8_021,1,curve_classifier_pseudo_label,0.72,0.9992100893195173,0.1004955382480379,0.3676323676323676,1
Case3,6x8,6x8_022,2,curve_classifier_pseudo_label,0.5483333333333333,0.9981057343801708,0.14635434871954014,0.21978021978021978,2
Case3,6x8,6x8_023,1,curve_classifier_pseudo_label,0.9566666666666667,0.9998720463803099,0.053269068391064746,0.42957042957042957,1
Case3,6x8,6x8_024,2,curve_classifier_pseudo_label,0.7583333333333333,0.9967705206351344,0.17759229660279235,0.17882117882117882,2
Case3,6x8,6x8_025,1,curve_classifier_pseudo_label,0.7083333333333334,0.9995904884922072,0.08011233651012478,0.2757242757242757,1
Case3,6x8,6x8_026,1,curve_classifier_pseudo_label,0.7466666666666667,0.9998337273900723,0.05221822508807054,0.2807192807192807,1
Case3,6x8,6x8_027,1,curve_classifier_pseudo_label,0.47333333333333333,0.9987684827350541,0.11805446741290096,0.26973026973026976,2
Case3,6x8,6x8_028,2,curve_classifier_pseudo_label,0.5733333333333334,0.9970572960466787,0.18127797785189764,0.18081918081918083,2
Case3,6x8,6x8_029,1,curve_classifier_pseudo_label,0.6666666666666666,0.9991675207947143,0.10120510277407815,0.32867132867132864,1
Case3,6x8,6x8_030,3,curve_classifier_pseudo_label,0.88,0.9948452029246531,0.17957012890932214,0.3046953046953047,2
Case3,6x8,6x8_031,1,curve_classifier_pseudo_label,0.9866666666666667,0.9999418630979392,0.03432972268356912,0.45354645354645357,1
Case3,6x8,6x8_032,3,curve_classifier_pseudo_label,0.8633333333333333,0.9949058781555212,0.17937864695896064,0.3026973026973027,2
Case3,6x8,6x8_033,1,curve_classifier_pseudo_label,0.77,0.999730117077941,0.06141978476512485,0.2967032967032967,1
Case3,6x8,6x8_034,2,curve_classifier_pseudo_label,0.4866666666666667,0.9951433150525911,0.1717152750085491,0.24375624375624375,2
Case3,6x8,6x8_035,1,curve_classifier_pseudo_label,0.7283333333333334,0.9998351914930577,0.05191533436819226,0.2947052947052947,1
Case3,6x8,6x8_036,3,curve_classifier_pseudo_label,0.8483333333333334,0.995088665541241,0.16920385431320495,0.2957042957042957,2
Case3,6x8,6x8_037,1,curve_classifier_pseudo_label,0.7583333333333333,0.9997871709865874,0.05701281507608885,0.2907092907092907,1
Case3,6x8,6x8_038,1,curve_classifier_pseudo_label,0.9966666666666667,0.9999670314028934,0.02525662503312959,0.4775224775224775,1
Case3,6x8,6x8_039,2,curve_classifier_pseudo_label,0.5116666666666667,0.9988267291801748,0.11572407561732014,0.2777222777222777,2
Case3,6x8,6x8_040,2,curve_classifier_pseudo_label,0.68,0.9968100801169716,0.17607468312193508,0.18281718281718282,2
Case3,6x8,6x8_041,2,curve_classifier_pseudo_label,0.7,0.9961224768146586,0.1505588076198646,0.2827172827172827,2
Case3,6x8,6x8_042,1,curve_classifier_pseudo_label,0.7333333333333333,0.9995421433426493,0.06573500252213782,0.27472527472527475,1
Case3,6x8,6x8_043,1,curve_classifier_pseudo_label,0.85,0.9998572285603045,0.04927315315331705,0.3016983016983017,1
Case3,6x8,6x8_044,1,curve_classifier_pseudo_label,0.9966666666666667,0.9999490199031897,0.034746758832089907,0.4805194805194805,1
Case3,6x8,6x8_045,3,curve_classifier_pseudo_label,0.5716666666666667,0.9945384550920209,0.1763878070881146,0.24875124875124874,2
Case3,6x8,6x8_046,1,curve_classifier_pseudo_label,0.7433333333333333,0.999875117450854,0.046905498028722445,0.2857142857142857,1
Case3,6x8,6x8_047,2,curve_classifier_pseudo_label,0.6166666666666667,0.9964652466294557,0.1869537403428176,0.18081918081918083,2
Case3,6x8,6x8_048,2,curve_classifier_pseudo_label,0.7816666666666666,0.9961229452577768,0.15084609347404854,0.2897102897102897,2
Case3,6x8,6x8_049,2,curve_classifier_pseudo_label,0.5233333333333333,0.9947113320668872,0.19926104234535044,0.2007992007992008,2
Case3,6x8,6x8_050,2,curve_classifier_pseudo_label,0.6166666666666667,0.9951737195210777,0.17477066463808824,0.23476523476523475,2
Case3,6x8,6x8_051,2,curve_classifier_pseudo_label,0.7066666666666667,0.9969998481398048,0.1718689481833873,0.18281718281718282,2
Case3,6x8,6x8_052,2,curve_classifier_pseudo_label,0.7183333333333334,0.9972926770602454,0.1667434752966084,0.18281718281718282,2
Case3,6x8,6x8_053,2,curve_classifier_pseudo_label,0.6616666666666666,0.9961087154593854,0.15018355703222014,0.32167832167832167,2
Case3,6x8,6x8_054,2,curve_classifier_pseudo_label,0.5233333333333333,0.9951552958515314,0.17793324594185303,0.22877122877122877,2
Case3,6x8,6x8_055,1,curve_classifier_pseudo_label,0.865,0.9995627983381336,0.08062582063148407,0.39760239760239763,1
Case3,6x8,6x8_056,2,curve_classifier_pseudo_label,0.7133333333333334,0.9958687052009983,0.17107402990118947,0.22277722277722278,2
Case3,6x8,6x8_057,2,curve_classifier_pseudo_label,0.76,0.99610057059468,0.15192064053524867,0.2967032967032967,2
Case3,6x8,6x8_058,2,curve_classifier_pseudo_label,0.71,0.9959102439591311,0.15805008647711508,0.25674325674325676,2
Case3,6x8,6x8_059,3,curve_classifier_pseudo_label,0.8816666666666667,0.9946026063918126,0.19239525983591593,0.3086913086913087,2
Case3,6x8,6x8_060,2,curve_classifier_pseudo_label,0.485,0.9984600873417658,0.1298777186336536,0.23676323676323677,2
Case3,6x8,6x8_061,2,curve_classifier_pseudo_label,0.6033333333333334,0.9958044162535893,0.15758782676655284,0.2677322677322677,2
Case3,6x8,6x8_062,2,curve_classifier_pseudo_label,0.485,0.994772196192989,0.21626193296369364,0.17382617382617382,3
Case3,6x8,6x8_063,2,curve_classifier_pseudo_label,0.6316666666666667,0.9979979590462698,0.14649798963067182,0.2047952047952048,2
Case3,6x8,6x8_064,2,curve_classifier_pseudo_label,0.7983333333333333,0.9958007476502323,0.18152167202754058,0.2007992007992008,2
Case3,6x8,6x8_065,2,curve_classifier_pseudo_label,0.6966666666666667,0.9970346242920186,0.17185369560627925,0.18081918081918083,2
Case3,6x8,6x8_066,1,curve_classifier_pseudo_label,0.75,0.9997086539150521,0.07217677022560667,0.33766233766233766,1
Case3,6x8,6x8_067,1,curve_classifier_pseudo_label,0.7766666666666666,0.999807824776171,0.054819762824702016,0.2947052947052947,1
Case3,6x8,6x8_068,3,curve_classifier_pseudo_label,0.8483333333333334,0.9951771707241731,0.1700786660048501,0.2967032967032967,2
Case3,6x8,6x8_069,2,curve_classifier_pseudo_label,0.5833333333333334,0.9983984188197295,0.1314944335257633,0.23476523476523475,2
Case3,6x8,6x8_070,1,curve_classifier_pseudo_label,0.71,0.9995018708311936,0.07108272237379089,0.26673326673326675,1
Case3,6x8,6x8_071,2,curve_classifier_pseudo_label,0.6183333333333333,0.9971497705028719,0.1714386979035303,0.19080919080919082,2
Case3,6x8,6x8_072,3,curve_classifier_pseudo_label,0.81,0.9949156199840267,0.16336256953819234,0.2867132867132867,2
Case3,6x8,6x8_073,2,curve_classifier_pseudo_label,0.7266666666666667,0.9956517825555393,0.19018847778871878,0.19080919080919082,2
Case3,6x8,6x8_074,3,curve_classifier_pseudo_label,0.89,0.9929754891615915,0.23950010421356738,0.32867132867132864,3
Case3,6x8,6x8_075,2,curve_classifier_pseudo_label,0.8433333333333334,0.9958667404431806,0.16855116871712716,0.23176823176823177,2
Case3,6x8,6x8_076,2,curve_classifier_pseudo_label,0.5716666666666667,0.9957241262364049,0.15872256689298128,0.26573426573426573,2
Case3,6x8,6x8_077,2,curve_classifier_pseudo_label,0.7516666666666667,0.995891095491345,0.1763487992995724,0.2097902097902098,2
Case3,6x8,6x8_078,2,curve_classifier_pseudo_label,0.7516666666666667,0.9965054023811623,0.18147018616500857,0.18081918081918083,2
Case3,6x8,6x8_079,2,curve_classifier_pseudo_label,0.5933333333333334,0.9984033455740973,0.13202901059031613,0.23176823176823177,2
Case3,6x8,6x8_080,1,curve_classifier_pseudo_label,0.9916666666666667,0.9995273777989085,0.08529180506272455,0.4695304695304695,1
Case3,6x8,6x8_081,2,curve_classifier_pseudo_label,0.6066666666666667,0.9980702065588792,0.14397873032280126,0.21078921078921078,2
Case3,6x8,6x8_082,1,curve_classifier_pseudo_label,0.49333333333333335,0.9987354510158689,0.11792367047617741,0.2757242757242757,2
Case3,6x8,6x8_083,2,curve_classifier_pseudo_label,0.8083333333333333,0.9961135400297905,0.14561079409242564,0.2987012987012987,2
Case3,6x8,6x8_084,1,curve_classifier_pseudo_label,0.5783333333333334,0.9988655673110456,0.11380670554879943,0.2957042957042957,2
Case3,6x8,6x8_085,2,curve_classifier_pseudo_label,0.4816666666666667,0.9987192112071706,0.12002835402194334,0.26673326673326675,2
Case3,6x8,6x8_086,1,curve_classifier_pseudo_label,0.5716666666666667,0.9990853851389082,0.10464000028500688,0.31868131868131866,1
Case3,6x8,6x8_087,2,curve_classifier_pseudo_label,0.6416666666666667,0.9977126289473582,0.15610634488789582,0.1928071928071928,2
Case3,6x8,6x8_088,3,curve_classifier_pseudo_label,0.47833333333333333,0.9942502721665712,0.2016874501618036,0.2057942057942058,2
Case3,6x8,6x8_089,3,curve_classifier_pseudo_label,0.5416666666666666,0.9945362044807112,0.17673284304107076,0.24775224775224775,2
Case3,6x8,6x8_090,2,curve_classifier_pseudo_label,0.7583333333333333,0.9962033775617944,0.1821851243346867,0.1878121878121878,2
Case3,6x8,6x8_091,3,curve_classifier_pseudo_label,0.68,0.9951098672879877,0.1623203617321428,0.27672327672327673,2
Case3,6x8,6x8_092,1,curve_classifier_pseudo_label,0.47,0.999057541858988,0.11340493626966534,0.26573426573426573,2
Case3,6x8,6x8_093,1,curve_classifier_pseudo_label,0.8166666666666667,0.9998679976514684,0.04762581890129175,0.3126873126873127,1
Case3,6x8,6x8_094,1,curve_classifier_pseudo_label,0.98,0.9997957932067841,0.04202857725853904,0.36563436563436563,1
Case3,6x8,6x8_095,2,curve_classifier_pseudo_label,0.7133333333333334,0.9970020575110741,0.17274133621007734,0.18081918081918083,2
Case3,6x8,6x8_096,1,curve_classifier_pseudo_label,0.8566666666666667,0.9995714007564382,0.06681296278112593,0.2787212787212787,1
Case3,6x8,6x8_097,2,curve_classifier_pseudo_label,0.625,0.9957960926426858,0.19077308412135416,0.18681318681318682,2
Case3,6x8,6x8_098,3,curve_classifier_pseudo_label,0.765,0.9954080489890117,0.16068473158724242,0.2857142857142857,2
Case3,6x8,6x8_099,2,curve_classifier_pseudo_label,0.515,0.9980001041278806,0.14653500460302477,0.2037962037962038,2
Case3,6x8,6x8_100,1,curve_classifier_pseudo_label,0.8866666666666667,0.9998606946818964,0.054470769584110026,0.4115884115884116,1
Case3,6x8,6x8_101,2,curve_classifier_pseudo_label,0.61,0.9954119434825476,0.1717311453129558,0.23476523476523475,2
Case3,6x8,6x8_102,2,curve_classifier_pseudo_label,0.7433333333333333,0.996007800456216,0.17842914981903907,0.2037962037962038,2
Case3,6x8,6x8_103,2,curve_classifier_pseudo_label,0.6883333333333334,0.9959093042830091,0.15919808822482745,0.2517482517482518,2
Case3,6x8,6x8_104,2,curve_classifier_pseudo_label,0.5166666666666667,0.9960335493688662,0.15397598617675975,0.3176823176823177,2
Case3,6x8,6x8_105,1,curve_classifier_pseudo_label,0.68,0.9997746792199292,0.05871779568559695,0.23776223776223776,1
Case3,6x8,6x8_106,2,curve_classifier_pseudo_label,0.54,0.9952707275230596,0.16537275666878354,0.25774225774225773,2
Case3,6x8,6x8_107,2,curve_classifier_pseudo_label,0.6666666666666666,0.9960893608946649,0.1510193556207331,0.27672327672327673,2
Case3,6x8,6x8_108,1,curve_classifier_pseudo_label,0.5883333333333334,0.9988731728108847,0.11376099449556748,0.2917082917082917,2
Case3,6x8,6x8_109,2,curve_classifier_pseudo_label,0.74,0.9958862478485311,0.16353591790492683,0.24075924075924077,2
Case3,6x8,6x8_110,2,curve_classifier_pseudo_label,0.5733333333333334,0.995777954571877,0.15795206624685204,0.2677322677322677,2
Case3,6x8,6x8_111,2,curve_classifier_pseudo_label,0.7233333333333334,0.9961145018100752,0.14860342504753662,0.3156843156843157,2
Case3,6x8,6x8_112,3,curve_classifier_pseudo_label,0.8583333333333333,0.9949887438002281,0.1753463154016912,0.2997002997002997,2
Case3,6x8,6x8_113,3,curve_classifier_pseudo_label,0.7533333333333333,0.9953932560238304,0.16058668439606294,0.28771228771228774,2
Case3,6x8,6x8_114,2,curve_classifier_pseudo_label,0.665,0.9974447816589035,0.16302248151151,0.18681318681318682,2
Case3,6x8,6x8_115,2,curve_classifier_pseudo_label,0.8216666666666667,0.9959337449101104,0.17349245179816233,0.21578421578421578,2
Case3,6x8,6x8_116,2,curve_classifier_pseudo_label,0.72,0.9961169553207064,0.14549013710629743,0.2987012987012987,2
Case3,6x8,6x8_117,2,curve_classifier_pseudo_label,0.725,0.9969847436101207,0.1740456442187945,0.17882117882117882,2
Case3,6x8,6x8_118,1,curve_classifier_pseudo_label,0.845,0.9995992289295044,0.06840176307934978,0.2777222777222777,1
Case3,6x8,6x8_119,3,curve_classifier_pseudo_label,0.8133333333333334,0.995109228243035,0.16240195974766483,0.28771228771228774,2
Case3,6x8,6x8_120,2,curve_classifier_pseudo_label,0.69,0.9965870164103381,0.17981988694784712,0.18081918081918083,2
Case3,6x8,6x8_121,2,curve_classifier_pseudo_label,0.6433333333333333,0.995497098627217,0.16904516154515875,0.23876123876123875,2
Case3,6x8,6x8_122,2,curve_classifier_pseudo_label,0.76,0.9958919059769722,0.1685455206079025,0.22877122877122877,2
Case3,6x8,6x8_123,2,curve_classifier_pseudo_label,0.6183333333333333,0.9960893991448537,0.15184781150239382,0.3006993006993007,2
Case3,6x8,6x8_124,1,curve_classifier_pseudo_label,0.48,0.9987483140238711,0.11893575661725192,0.26873126873126874,2
Case3,6x8,6x8_125,2,curve_classifier_pseudo_label,0.7866666666666666,0.996122308321519,0.15080659133436472,0.2907092907092907,2
Case3,6x8,6x8_126,3,curve_classifier_pseudo_label,0.815,0.994877769443292,0.18060945098161185,0.3026973026973027,2
Case3,6x8,6x8_127,1,curve_classifier_pseudo_label,0.895,0.9998682162246708,0.04659415031106199,0.33766233766233766,1
Case3,6x8,6x8_128,1,curve_classifier_pseudo_label,0.9366666666666666,0.9998660425527448,0.05172174691775173,0.39760239760239763,1
Case3,6x8,6x8_129,3,curve_classifier_pseudo_label,0.8583333333333333,0.9950137602209914,0.16804591057819132,0.2957042957042957,2
Case3,6x8,6x8_130,2,curve_classifier_pseudo_label,0.6883333333333334,0.995806296985812,0.16127216737994451,0.24975024975024976,2
Case3,6x8,6x8_131,1,curve_classifier_pseudo_label,0.5266666666666666,0.9991315796056501,0.10310370353423368,0.3226773226773227,1
Case3,6x8,6x8_132,2,curve_classifier_pseudo_label,0.5066666666666667,0.9984025242914109,0.14081598368740994,0.21978021978021978,2
Case3,6x8,6x8_133,2,curve_classifier_pseudo_label,0.5016666666666667,0.9946338132660485,0.1935132303021991,0.21178821178821178,2
Case3,6x8,6x8_134,2,curve_classifier_pseudo_label,0.5483333333333333,0.9985761801527452,0.12532507867827714,0.24875124875124874,2
Case3,6x8,6x8_135,2,curve_classifier_pseudo_label,0.5816666666666667,0.9980921968717787,0.14341307183922508,0.2097902097902098,2
Case3,6x8,6x8_136,2,curve_classifier_pseudo_label,0.7266666666666667,0.9960714275248382,0.15148816538512208,0.27472527472527475,2
Case3,6x8,6x8_137,1,curve_classifier_pseudo_label,0.9583333333333334,0.9993697167248371,0.09321495653550496,0.42957042957042957,1
Case3,6x8,6x8_138,2,curve_classifier_pseudo_label,0.725,0.9964447891172741,0.18157568256552908,0.18281718281718282,2
Case3,6x8,6x8_139,2,curve_classifier_pseudo_label,0.5433333333333333,0.9985458987612426,0.1263939637921935,0.24975024975024976,2
Case3,6x8,6x8_140,3,curve_classifier_pseudo_label,0.9133333333333333,0.9860887895494393,0.3471429893519245,0.08091908091908091,3
Case3,6x8,6x8_141,1,curve_classifier_pseudo_label,0.505,0.9988775902472713,0.11214146942118787,0.3016983016983017,2
Case3,6x8,6x8_142,2,curve_classifier_pseudo_label,0.645,0.9957879054085519,0.16014165744992326,0.2547452547452547,2
Case3,6x8,6x8_143,2,curve_classifier_pseudo_label,0.495,0.9984541319793571,0.1385320644640334,0.22577422577422576,2
Case3,6x8,6x8_144,2,curve_classifier_pseudo_label,0.58,0.9978721572199902,0.15102088595928342,0.19880119880119881,2
Case3,6x8,6x8_145,2,curve_classifier_pseudo_label,0.485,0.9954810111313429,0.21432014058325652,0.16283716283716285,3
Case3,6x8,6x8_146,2,curve_classifier_pseudo_label,0.5966666666666667,0.9966389970181649,0.18479030827931964,0.18281718281718282,2
Case3,6x8,6x8_147,2,curve_classifier_pseudo_label,0.6566666666666666,0.9958898975774256,0.18919710792135902,0.18581418581418582,2
Case3,6x8,6x8_148,1,curve_classifier_pseudo_label,0.6933333333333334,0.9992113995133706,0.10015285089762571,0.3546453546453546,1
Case3,6x8,6x8_149,2,curve_classifier_pseudo_label,0.7316666666666667,0.9962751381842481,0.18230594549423385,0.1848151848151848,2
Case3,6x8,6x8_150,2,curve_classifier_pseudo_label,0.5966666666666667,0.9953464705442808,0.17236347913785532,0.23576423576423577,2
Case3,6x8,6x8_151,1,curve_classifier_pseudo_label,0.775,0.9998081039423079,0.05476224490267546,0.3046953046953047,1
Case3,6x8,6x8_152,2,curve_classifier_pseudo_label,0.7233333333333334,0.9960624779129308,0.181324798788834,0.19480519480519481,2
Case3,6x8,6x8_153,1,curve_classifier_pseudo_label,0.9683333333333334,0.9994640463874263,0.08871039985565217,0.43156843156843155,1
Case3,6x8,6x8_154,1,curve_classifier_pseudo_label,0.9166666666666666,0.9998621765401331,0.05541141411170699,0.4325674325674326,1
Case3,6x8,6x8_155,3,curve_classifier_pseudo_label,0.7716666666666666,0.9950515290760211,0.16233515607847074,0.28471528471528473,2
Case3,6x8,6x8_156,1,curve_classifier_pseudo_label,0.7683333333333333,0.9997941565424477,0.05672752132750481,0.2757242757242757,1
Case3,6x8,6x8_157,2,curve_classifier_pseudo_label,0.7283333333333334,0.9961420133093897,0.18115412907677847,0.1938061938061938,2
Case3,6x8,6x8_158,2,curve_classifier_pseudo_label,0.5433333333333333,0.9950942486556091,0.17749858211739955,0.23076923076923078,2
Case3,6x8,6x8_159,3,curve_classifier_pseudo_label,0.8816666666666667,0.9935467541138507,0.22718535393255593,0.3220338983050847,3
Case3,6x8,6x8_160,2,curve_classifier_pseudo_label,0.58,0.9954070224960896,0.16730787665471933,0.24675324675324675,2
Case3,6x8,6x8_161,1,curve_classifier_pseudo_label,0.7516666666666667,0.9996258361558321,0.07694835629334039,0.3706293706293706,1
Case3,6x8,6x8_162,2,curve_classifier_pseudo_label,0.6766666666666666,0.9960479193451559,0.15193091943506218,0.2727272727272727,2
Case3,6x8,6x8_163,2,curve_classifier_pseudo_label,0.76,0.9962759144329129,0.18268792343226523,0.18681318681318682,2
Case3,6x8,6x8_164,3,curve_classifier_pseudo_label,0.8583333333333333,0.9947489504809732,0.18696816114065995,0.30569430569430567,2
Case3,6x8,6x8_165,3,curve_classifier_pseudo_label,0.89,0.9940292268626767,0.2114245188048386,0.3166833166833167,3
Case3,6x8,6x8_166,2,curve_classifier_pseudo_label,0.64,0.9960110839304342,0.15373800672744106,0.2707292707292707,2
Case3,6x8,6x8_167,3,curve_classifier_pseudo_label,0.8833333333333333,0.9929771412207535,0.23912262863561937,0.32967032967032966,3
Case3,6x8,6x8_168,3,curve_classifier_pseudo_label,0.915,0.9843510526118058,0.3669058442332602,0.08691308691308691,3
Case3,6x8,6x8_169,1,curve_classifier_pseudo_label,0.9366666666666666,0.9998693637681938,0.049876448991563065,0.3936063936063936,1
Case3,6x8,6x8_170,2,curve_classifier_pseudo_label,0.53,0.9984313271647296,0.13149985133320627,0.24175824175824176,2
Case3,6x8,6x8_171,3,curve_classifier_pseudo_label,0.875,0.9948549283984784,0.1823634083133937,0.3036963036963037,2
Case3,6x8,6x8_172,2,curve_classifier_pseudo_label,0.6833333333333333,0.9961105356915193,0.15060309211713346,0.27972027972027974,2
Case3,6x8,6x8_173,1,curve_classifier_pseudo_label,0.88,0.9996704989092249,0.062100125719007325,0.2987012987012987,1
Case3,6x8,6x8_174,1,curve_classifier_pseudo_label,0.5783333333333334,0.9990239733546344,0.10586510696104252,0.34165834165834164,1
Case3,6x8,6x8_175,1,curve_classifier_pseudo_label,0.695,0.9998006521473387,0.055986625695237414,0.2647352647352647,1
Case3,6x8,6x8_176,2,curve_classifier_pseudo_label,0.585,0.9967207945126225,0.1884471857793095,0.17682317682317683,2
Case3,6x8,6x8_177,2,curve_classifier_pseudo_label,0.775,0.996012564716529,0.17859223956445258,0.2037962037962038,2
Case3,6x8,6x8_178,2,curve_classifier_pseudo_label,0.74,0.9966752546339753,0.17835115441936636,0.1798201798201798,2
Case3,6x8,6x8_179,1,curve_classifier_pseudo_label,0.49,0.9986917402121305,0.120708392113858,0.26373626373626374,2
Case3,6x8,6x8_180,2,curve_classifier_pseudo_label,0.835,0.9960750440941271,0.1463822075472071,0.29270729270729273,2
Case3,6x8,6x8_181,2,curve_classifier_pseudo_label,0.5016666666666667,0.9985142497566465,0.12736551292979312,0.24275724275724275,2
Case3,6x8,6x8_182,2,curve_classifier_pseudo_label,0.5366666666666666,0.9951360551316014,0.1691598132928111,0.25074925074925075,2
Case3,6x8,6x8_183,2,curve_classifier_pseudo_label,0.5966666666666667,0.9983094000061175,0.1354578487105423,0.22477522477522477,2
Case3,6x8,6x8_184,2,curve_classifier_pseudo_label,0.5066666666666667,0.9983841187772579,0.13244488375433405,0.22977022977022976,2
Case3,6x8,6x8_185,2,curve_classifier_pseudo_label,0.73,0.9954714114605017,0.18017415706790035,0.2137862137862138,2
Case3,6x8,6x8_186,2,curve_classifier_pseudo_label,0.5966666666666667,0.9958578241119715,0.15656309288813589,0.2677322677322677,2
Case3,6x8,6x8_187,2,curve_classifier_pseudo_label,0.48,0.9988126347880233,0.11868308371133902,0.2727272727272727,2
Case3,6x8,6x8_188,1,curve_classifier_pseudo_label,0.5033333333333333,0.998922883333955,0.11136068436293264,0.2917082917082917,2
Case3,6x8,6x8_189,3,curve_classifier_pseudo_label,0.7466666666666667,0.9953830531444746,0.16147960537913314,0.2887112887112887,2
Case3,6x8,6x8_190,2,curve_classifier_pseudo_label,0.61,0.9981159115227097,0.14233301799303447,0.21078921078921078,2
Case3,6x8,6x8_191,2,curve_classifier_pseudo_label,0.6566666666666666,0.9961327234363845,0.14974629252030483,0.2937062937062937,2
Case3,6x8,6x8_192,1,curve_classifier_pseudo_label,0.6266666666666667,0.9997471536089494,0.06090045706156478,0.2057942057942058,1
Case3,6x8,6x8_193,1,curve_classifier_pseudo_label,0.6366666666666667,0.999305928382588,0.09535805373360615,0.33966033966033965,1
Case3,6x8,6x8_194,3,curve_classifier_pseudo_label,0.8766666666666667,0.9948474393477588,0.18014415172024506,0.3036963036963037,2
Case3,6x8,6x8_195,2,curve_classifier_pseudo_label,0.8,0.9960251677240427,0.15259063287660896,0.26973026973026976,2
Case3,6x8,6x8_196,2,curve_classifier_pseudo_label,0.7616666666666667,0.9968359078466018,0.17708311482024156,0.17882117882117882,2
Case3,6x8,6x8_197,2,curve_classifier_pseudo_label,0.595,0.997838058465216,0.15139425904686565,0.19880119880119881,2
Case3,6x8,6x8_198,1,curve_classifier_pseudo_label,0.7933333333333333,0.9996228976501856,0.06321474214767592,0.2907092907092907,1
Case3,6x8,6x8_199,2,curve_classifier_pseudo_label,0.495,0.9985596075909383,0.12564583530496312,0.24975024975024976,2
Case3,6x8,6x8_200,2,curve_classifier_pseudo_label,0.4866666666666667,0.9982195592719818,0.1389406203279643,0.2177822177822178,2
Case3,6x8,6x8_201,2,curve_classifier_pseudo_label,0.7116666666666667,0.9963698496991689,0.18146996066492288,0.1848151848151848,2
Case3,6x8,6x8_202,2,curve_classifier_pseudo_label,0.745,0.9959981060929086,0.1781860409910188,0.2047952047952048,2
Case3,6x8,6x8_203,2,curve_classifier_pseudo_label,0.6516666666666666,0.9978991803744838,0.14838216582971953,0.2047952047952048,2
Case3,6x8,6x8_204,3,curve_classifier_pseudo_label,0.6983333333333334,0.9939461673408082,0.17698872911748328,0.25674325674325676,2
Case3,6x8,6x8_205,1,curve_classifier_pseudo_label,0.9933333333333333,0.9996356374620607,0.07621710004391598,0.47152847152847155,1
Case3,6x8,6x8_206,2,curve_classifier_pseudo_label,0.6783333333333333,0.9961051548684899,0.14973135823717015,0.3226773226773227,2
Case3,6x8,6x8_207,2,curve_classifier_pseudo_label,0.76,0.9959058394559144,0.15784657783342648,0.25774225774225773,2
Case3,6x8,6x8_208,2,curve_classifier_pseudo_label,0.49666666666666665,0.998662165614692,0.1212825256307284,0.2627372627372627,2
Case3,6x8,6x8_209,1,curve_classifier_pseudo_label,0.9433333333333334,0.9998802570488297,0.04844587318850084,0.4035964035964036,1
Case3,6x8,6x8_210,3,curve_classifier_pseudo_label,0.83,0.9950139630978387,0.17041675038423093,0.2967032967032967,2
Case3,6x8,6x8_211,1,curve_classifier_pseudo_label,0.9983333333333333,0.9999515041869698,0.033324996541144396,0.4775224775224775,1
Case3,6x8,6x8_212,1,curve_classifier_pseudo_label,0.9916666666666667,0.9999431591457149,0.02753579607069546,0.43956043956043955,1
Case3,6x8,6x8_213,1,curve_classifier_pseudo_label,0.475,0.9987127893994866,0.1199744215572515,0.2647352647352647,2
Case3,6x8,6x8_214,2,curve_classifier_pseudo_label,0.69,0.9958507828806265,0.16213089886464943,0.24575424575424576,2
Case3,6x8,6x8_215,3,curve_classifier_pseudo_label,0.885,0.9947057389287267,0.1877096278310068,0.3076923076923077,2
Case3,6x8,6x8_216,2,curve_classifier_pseudo_label,0.775,0.9958505179104764,0.15859776680349097,0.25674325674325676,2
Case3,6x8,6x8_217,2,curve_classifier_pseudo_label,0.74,0.9959115770227187,0.1828056925577639,0.19480519480519481,2
Case3,6x8,6x8_218,3,curve_classifier_pseudo_label,0.88,0.9947038579928515,0.18878745969081184,0.3066933066933067,2
Case3,6x8,6x8_219,2,curve_classifier_pseudo_label,0.7933333333333333,0.9960376323365823,0.15249937339695324,0.27172827172827174,2
Case3,6x8,6x8_220,3,curve_classifier_pseudo_label,0.845,0.9948855741738584,0.16707880958811067,0.2937062937062937,2
Case3,6x8,6x8_221,1,curve_classifier_pseudo_label,0.9833333333333333,0.9998037882972235,0.04530277579506945,0.3596403596403596,1
Case3,6x8,6x8_222,2,curve_classifier_pseudo_label,0.6616666666666666,0.9961120748583223,0.14937723284987223,0.3046953046953047,2
Case3,6x8,6x8_223,1,curve_classifier_pseudo_label,0.52,0.9988392800456927,0.11416929706798928,0.29270729270729273,2
Case3,6x8,6x8_224,3,curve_classifier_pseudo_label,0.5883333333333334,0.9955287830470908,0.1595314076246291,0.27472527472527475,2
Case3,6x8,6x8_225,2,curve_classifier_pseudo_label,0.67,0.9961161715751996,0.15099451728252425,0.2947052947052947,2
Case3,6x8,6x8_226,2,curve_classifier_pseudo_label,0.555,0.9983216324652262,0.1352802871229095,0.22577422577422576,2
Case3,6x8,6x8_227,3,curve_classifier_pseudo_label,0.5866666666666667,0.9954628593364916,0.16037311536025808,0.27372627372627373,2
Case3,6x8,6x8_228,2,curve_classifier_pseudo_label,0.685,0.9974717248902503,0.1606191676107339,0.19080919080919082,2
Case3,6x8,6x8_229,2,curve_classifier_pseudo_label,0.545,0.9982452702808949,0.13780390077845675,0.21878121878121878,2
Case3,6x8,6x8_230,2,curve_classifier_pseudo_label,0.6033333333333334,0.9973732179418648,0.16593496232485302,0.1968031968031968,2
Case3,6x8,6x8_231,2,curve_classifier_pseudo_label,0.7666666666666667,0.9961359756257051,0.18094369062277746,0.1928071928071928,2
Case3,6x8,6x8_232,3,curve_classifier_pseudo_label,0.8416666666666667,0.9951292320255506,0.16668230056574457,0.2937062937062937,2
Case3,6x8,6x8_233,2,curve_classifier_pseudo_label,0.7066666666666667,0.9958778686848895,0.1781935393128888,0.2057942057942058,2
Case3,6x8,6x8_234,1,curve_classifier_pseudo_label,0.6,0.999152966327168,0.10304722646151135,0.3196803196803197,1
Case3,6x8,6x8_235,2,curve_classifier_pseudo_label,0.6716666666666666,0.9959825882298714,0.154662443712251,0.26673326673326675,2
Case3,6x8,6x8_236,2,curve_classifier_pseudo_label,0.7116666666666667,0.995703000384541,0.171404774957077,0.22677322677322678,2
Case3,6x8,6x8_237,2,curve_classifier_pseudo_label,0.73,0.9974110099774107,0.16292208084563753,0.1878121878121878,2
Case3,6x8,6x8_238,2,curve_classifier_pseudo_label,0.7283333333333334,0.9960122088392934,0.1800999538273242,0.1978021978021978,2
Case3,6x8,6x8_239,3,curve_classifier_pseudo_label,0.7216666666666667,0.9945472677284044,0.16697646336328292,0.27372627372627373,2
Case3,6x8,6x8_240,2,curve_classifier_pseudo_label,0.6666666666666666,0.9966486467703066,0.17837732953652044,0.18181818181818182,2
Case3,6x8,6x8_241,3,curve_classifier_pseudo_label,0.8833333333333333,0.9946214705169363,0.19168221606840066,0.3086913086913087,2
Case3,6x8,6x8_242,2,curve_classifier_pseudo_label,0.7383333333333333,0.9974670766368084,0.1608653980091838,0.19080919080919082,2
Case3,6x8,6x8_243,1,curve_classifier_pseudo_label,0.9666666666666667,0.9998925132676388,0.04980035749195367,0.4515484515484515,1
Case3,6x8,6x8_244,1,curve_classifier_pseudo_label,0.8383333333333334,0.9996917890813535,0.0636261067559827,0.2957042957042957,1
Case3,6x8,6x8_245,3,curve_classifier_pseudo_label,0.6816666666666666,0.994858202296884,0.16538794809332108,0.2727272727272727,2
Case3,6x8,6x8_246,1,curve_classifier_pseudo_label,0.99,0.9999224304249309,0.04294574006002573,0.4695304695304695,1
Case3,6x8,6x8_247,1,curve_classifier_pseudo_label,0.655,0.9998004555669703,0.0561570647219405,0.24575424575424576,1
Case3,6x8,6x8_248,3,curve_classifier_pseudo_label,0.83,0.9951676960192232,0.167410503931643,0.2947052947052947,2
Case3,6x8,6x8_249,3,curve_classifier_pseudo_label,0.8816666666666667,0.9947589668872657,0.1862397096898842,0.30569430569430567,2
Case3,6x8,6x8_250,1,curve_classifier_pseudo_label,0.6366666666666667,0.9992027410142574,0.10089777584452775,0.35664335664335667,1
Case3,6x8,6x8_251,2,curve_classifier_pseudo_label,0.6583333333333333,0.996129385114908,0.15014855779041708,0.2857142857142857,2
Case3,6x8,6x8_252,2,curve_classifier_pseudo_label,0.49666666666666665,0.9985612042310372,0.12613666304122956,0.24875124875124874,2
Case3,6x8,6x8_253,2,curve_classifier_pseudo_label,0.58,0.9981315534605729,0.14061071523648025,0.2177822177822178,2
Case3,6x8,6x8_254,2,curve_classifier_pseudo_label,0.6916666666666667,0.9959251119630914,0.15842669117516228,0.2547452547452547,2
Case3,6x8,6x8_255,2,curve_classifier_pseudo_label,0.6766666666666666,0.9976484299147027,0.15579802202831566,0.1958041958041958,2
Case3,6x8,6x8_256,3,curve_classifier_pseudo_label,0.8566666666666667,0.9950149355404497,0.16739350708144457,0.2937062937062937,2
Case3,6x8,6x8_257,1,curve_classifier_pseudo_label,0.7866666666666666,0.9998260774866775,0.05199075464187079,0.31868131868131866,1
Case3,6x8,6x8_258,2,curve_classifier_pseudo_label,0.6983333333333334,0.9956693990438082,0.1777475837708509,0.2127872127872128,2
Case3,6x8,6x8_259,3,curve_classifier_pseudo_label,0.675,0.9953669266807443,0.16015831386700352,0.2807192807192807,2
Case3,6x8,6x8_260,1,curve_classifier_pseudo_label,0.7583333333333333,0.999232698963265,0.09933789048181331,0.3776223776223776,1
Case3,6x8,6x8_261,3,curve_classifier_pseudo_label,0.8166666666666667,0.9948424555930305,0.16408358825459132,0.2867132867132867,2
Case3,6x8,6x8_262,1,curve_classifier_pseudo_label,0.9633333333333334,0.999791474923147,0.04994369370335214,0.34465534465534464,1
Case3,6x8,6x8_263,3,curve_classifier_pseudo_label,0.8433333333333334,0.9951032508185653,0.1737229805380885,0.2977022977022977,2
Case3,6x8,6x8_264,1,curve_classifier_pseudo_label,0.8216666666666667,0.9997624085893314,0.0595414425791839,0.2907092907092907,1
Case3,6x8,6x8_265,2,curve_classifier_pseudo_label,0.7433333333333333,0.9959590242865857,0.17745924185916975,0.2087912087912088,2
Case3,6x8,6x8_266,2,curve_classifier_pseudo_label,0.5533333333333333,0.9958246719524763,0.19953888670116712,0.17782217782217782,2
Case3,6x8,6x8_267,2,curve_classifier_pseudo_label,0.54,0.9981049194365671,0.14438463783020017,0.22277722277722278,2
Case3,6x8,6x8_268,2,curve_classifier_pseudo_label,0.7433333333333333,0.9971385848517967,0.1692177491889685,0.1838161838161838,2
Case3,6x8,6x8_269,1,curve_classifier_pseudo_label,0.9966666666666667,0.9999277784389174,0.041347230553470185,0.4755244755244755,1
Case3,6x8,6x8_270,2,curve_classifier_pseudo_label,0.8066666666666666,0.996115701319562,0.14802209569794428,0.28771228771228774,2
Case3,6x8,6x8_271,2,curve_classifier_pseudo_label,0.68,0.9974854126820161,0.1604657163287785,0.1968031968031968,2
Case3,6x8,6x8_272,1,curve_classifier_pseudo_label,0.8116666666666666,0.9997652689739304,0.06728643249945994,0.3706293706293706,1
Case3,6x8,6x8_273,1,curve_classifier_pseudo_label,0.79,0.9997871400732027,0.05552927091245436,0.3166833166833167,1
Case3,6x8,6x8_274,3,curve_classifier_pseudo_label,0.5166666666666667,0.9939628657307241,0.20887560871736238,0.19880119880119881,2
Case3,6x8,6x8_275,2,curve_classifier_pseudo_label,0.715,0.9958800921439657,0.16229692315341196,0.24575424575424576,2
Case3,6x8,6x8_276,1,curve_classifier_pseudo_label,0.7333333333333333,0.9997829062333433,0.057778173728152964,0.2727272727272727,1
Case3,6x8,6x8_277,1,curve_classifier_pseudo_label,0.7516666666666667,0.9996612936524397,0.06578561846315129,0.2867132867132867,1
Case3,6x8,6x8_278,2,curve_classifier_pseudo_label,0.825,0.9959200724458274,0.15791848484581966,0.25574425574425574,2
Case3,6x8,6x8_279,1,curve_classifier_pseudo_label,0.5416666666666666,0.9997457545065879,0.06079948011238382,0.2037962037962038,1
Case3,6x8,6x8_280,3,curve_classifier_pseudo_label,0.7983333333333333,0.9949855468884371,0.16298356955707538,0.28471528471528473,2
Case3,6x8,6x8_281,2,curve_classifier_pseudo_label,0.6916666666666667,0.9959031986924934,0.1610212988609232,0.24775224775224775,2
Case3,6x8,6x8_282,2,curve_classifier_pseudo_label,0.77,0.9961342425526718,0.18093179048550367,0.1938061938061938,2
Case3,6x8,6x8_283,3,curve_classifier_pseudo_label,0.49666666666666665,0.9943208872909672,0.18987486653109412,0.22477522477522477,2
Case3,6x8,6x8_284,3,curve_classifier_pseudo_label,0.875,0.9948509907413448,0.17310487939319555,0.2997002997002997,2
Case3,6x8,6x8_285,2,curve_classifier_pseudo_label,0.8016666666666666,0.995888581035368,0.1832944458908521,0.19480519480519481,2
Case3,6x8,6x8_286,2,curve_classifier_pseudo_label,0.5433333333333333,0.9980078985982325,0.14602880034753069,0.2047952047952048,2
Case3,6x8,6x8_287,2,curve_classifier_pseudo_label,0.7666666666666667,0.9959141870836971,0.1715334940930635,0.2217782217782218,2
Case3,6x8,6x8_288,2,curve_classifier_pseudo_label,0.6183333333333333,0.998033795939755,0.14484175855306097,0.2077922077922078,2
Case3,6x8,6x8_289,2,curve_classifier_pseudo_label,0.54,0.9954277067769682,0.16218009021193813,0.2647352647352647,2
Case3,6x8,6x8_290,2,curve_classifier_pseudo_label,0.7633333333333333,0.9958847535667915,0.16122231487743607,0.24875124875124874,2
Case3,6x8,6x8_291,3,curve_classifier_pseudo_label,0.865,0.9951638098562391,0.1694524214501945,0.2957042957042957,2
Case3,6x8,6x8_292,1,curve_classifier_pseudo_label,0.76,0.9997874068859692,0.05744518830598911,0.2677322677322677,1
Case3,6x8,6x8_293,3,curve_classifier_pseudo_label,0.8366666666666667,0.9950361423012811,0.16407444214639896,0.2907092907092907,2
Case3,6x8,6x8_294,1,curve_classifier_pseudo_label,0.8833333333333333,0.9998659840209045,0.048160773859365125,0.37662337662337664,1
Case3,6x8,6x8_295,2,curve_classifier_pseudo_label,0.64,0.9961176033605578,0.1472355826081817,0.3076923076923077,2
Case3,6x8,6x8_296,1,curve_classifier_pseudo_label,0.5616666666666666,0.9987608304487489,0.1169840155655431,0.2817182817182817,2
Case3,6x8,6x8_297,3,curve_classifier_pseudo_label,0.8766666666666667,0.9945545286360205,0.19372912599342856,0.3096903096903097,2
Case3,6x8,6x8_298,3,curve_classifier_pseudo_label,0.825,0.9945083889286228,0.16583905917365244,0.2857142857142857,2
Case3,6x8,6x8_299,3,curve_classifier_pseudo_label,0.8166666666666667,0.995284069089466,0.16273097718230647,0.2897102897102897,2
Case3,6x8,6x8_300,1,curve_classifier_pseudo_label,0.9466666666666667,0.9996518025622689,0.07317054349524674,0.43356643356643354,1
Case3,8x8,8x8_001,2,curve_classifier_pseudo_label,0.655,0.9965716702135476,0.1408570131572863,0.27972027972027974,2
Case3,8x8,8x8_002,2,curve_classifier_pseudo_label,0.5266666666666666,0.99774582856022,0.15712282140376194,0.2037962037962038,2
Case3,8x8,8x8_003,2,curve_classifier_pseudo_label,0.58,0.9977393834231204,0.15156875253213808,0.1958041958041958,2
Case3,8x8,8x8_004,1,curve_classifier_pseudo_label,0.5,0.9992349833684514,0.10464336712924929,0.26973026973026976,1
Case3,8x8,8x8_005,2,curve_classifier_pseudo_label,0.5683333333333334,0.9957690336267787,0.15119306887971382,0.26673326673326675,2
Case3,8x8,8x8_006,2,curve_classifier_pseudo_label,0.6683333333333333,0.9969913747600263,0.1386292707401136,0.2917082917082917,2
Case3,8x8,8x8_007,2,curve_classifier_pseudo_label,0.4866666666666667,0.9978539385026929,0.1493752904312331,0.1878121878121878,2
Case3,8x8,8x8_008,3,curve_classifier_pseudo_label,0.45666666666666667,0.9964863718779846,0.16700455176201795,0.3156843156843157,2
Case3,8x8,8x8_009,2,curve_classifier_pseudo_label,0.6833333333333333,0.9963574917441111,0.1438815646161623,0.2727272727272727,2
Case3,8x8,8x8_010,1,curve_classifier_pseudo_label,0.48333333333333334,0.998595219240532,0.13539530539840236,0.16683316683316685,2
Case3,8x8,8x8_011,3,curve_classifier_pseudo_label,0.6766666666666666,0.9955991340878005,0.15450524662970877,0.2817182817182817,2
Case3,8x8,8x8_012,2,curve_classifier_pseudo_label,0.54,0.9964610481694777,0.14502079643495708,0.2827172827172827,2
Case3,8x8,8x8_013,2,curve_classifier_pseudo_label,0.6716666666666666,0.9959971015868494,0.17667163163786434,0.1958041958041958,2
Case3,8x8,8x8_014,2,curve_classifier_pseudo_label,0.795,0.9970404768889265,0.13566375400552683,0.29270729270729273,2
Case3,8x8,8x8_015,2,curve_classifier_pseudo_label,0.6616666666666666,0.9962686891073834,0.18001448778868498,0.1838161838161838,2
Case3,8x8,8x8_016,1,curve_classifier_pseudo_label,0.785,0.9999629876724019,0.028919308531155617,0.725,1
Case3,8x8,8x8_017,2,curve_classifier_pseudo_label,0.785,0.9960092781979648,0.15957364745153635,0.23176823176823177,2
Case3,8x8,8x8_018,2,curve_classifier_pseudo_label,0.69,0.9956042158618598,0.1873392460231904,0.1918081918081918,2
Case3,8x8,8x8_019,2,curve_classifier_pseudo_label,0.7316666666666667,0.9965771071122496,0.14044580161269074,0.26873126873126874,2
Case3,8x8,8x8_020,3,curve_classifier_pseudo_label,0.5233333333333333,0.9961698628301784,0.14991983929725558,0.2817182817182817,2
Case3,8x8,8x8_021,2,curve_classifier_pseudo_label,0.5283333333333333,0.9983587565091797,0.1323261345608035,0.21978021978021978,2
Case3,8x8,8x8_022,2,curve_classifier_pseudo_label,0.5283333333333333,0.9958917793930643,0.20390142306891704,0.16483516483516483,2
Case3,8x8,8x8_023,1,curve_classifier_pseudo_label,0.6783333333333333,0.9996247929500038,0.07687180087107136,0.25774225774225773,1
Case3,8x8,8x8_024,2,curve_classifier_pseudo_label,0.7616666666666667,0.9963753516121244,0.1465462496598665,0.2547452547452547,2
Case3,8x8,8x8_025,1,curve_classifier_pseudo_label,0.5183333333333333,0.9984729672340743,0.14012416279389037,0.15784215784215785,2
Case3,8x8,8x8_026,1,curve_classifier_pseudo_label,0.49166666666666664,0.9987089376428823,0.13032408780693241,0.17382617382617382,2
Case3,8x8,8x8_027,2,curve_classifier_pseudo_label,0.5583333333333333,0.9971260802165334,0.1706835588210631,0.1878121878121878,2
Case3,8x8,8x8_028,2,curve_classifier_pseudo_label,0.43666666666666665,0.994313592102867,0.22752001952011655,0.15984015984015984,3
Case3,8x8,8x8_029,2,curve_classifier_pseudo_label,0.5116666666666667,0.9979197657158864,0.15151866770030364,0.2097902097902098,2
Case3,8x8,8x8_030,3,curve_classifier_pseudo_label,0.8833333333333333,0.9944148973129374,0.1787711313651633,0.3006993006993007,2
Case3,8x8,8x8_031,1,curve_classifier_pseudo_label,0.5783333333333334,0.9992737700590489,0.09548064108291025,0.2907092907092907,1
Case3,8x8,8x8_032,3,curve_classifier_pseudo_label,0.87,0.9944926909035467,0.17870889465835066,0.2987012987012987,2
Case3,8x8,8x8_033,2,curve_classifier_pseudo_label,0.4816666666666667,0.9988628001514651,0.12406400599281057,0.1838161838161838,2
Case3,8x8,8x8_034,3,curve_classifier_pseudo_label,0.5583333333333333,0.9955544152348469,0.15210447611258437,0.27672327672327673,2
Case3,8x8,8x8_035,2,curve_classifier_pseudo_label,0.48,0.9988113280583328,0.12580464430664662,0.18181818181818182,2
Case3,8x8,8x8_036,3,curve_classifier_pseudo_label,0.8616666666666667,0.9948089792885113,0.16983996755208128,0.2897102897102897,2
Case3,8x8,8x8_037,1,curve_classifier_pseudo_label,0.47833333333333333,0.9987931237915421,0.12685764802342314,0.17882117882117882,2
Case3,8x8,8x8_038,1,curve_classifier_pseudo_label,0.5683333333333334,0.9993332452161972,0.09373469174352435,0.2977022977022977,1
Case3,8x8,8x8_039,2,curve_classifier_pseudo_label,0.555,0.997455953866164,0.15857433699187476,0.1888111888111888,2
Case3,8x8,8x8_040,2,curve_classifier_pseudo_label,0.61,0.9954451781007397,0.16923981514906875,0.22877122877122877,2
Case3,8x8,8x8_041,2,curve_classifier_pseudo_label,0.49666666666666665,0.9967121532401284,0.15311691823600118,0.29270729270729273,2
Case3,8x8,8x8_042,2,curve_classifier_pseudo_label,0.5066666666666667,0.9978344688046177,0.14982661518157867,0.18681318681318682,2
Case3,8x8,8x8_043,1,curve_classifier_pseudo_label,0.5166666666666667,0.9988659323800795,0.12326450783816897,0.1848151848151848,2
Case3,8x8,8x8_044,1,curve_classifier_pseudo_label,0.745,0.9995413843437481,0.0798898158058115,0.3116883116883117,1
Case3,8x8,8x8_045,3,curve_classifier_pseudo_label,0.6933333333333334,0.9948326331572436,0.15849780925975027,0.27372627372627373,2
Case3,8x8,8x8_046,2,curve_classifier_pseudo_label,0.4816666666666667,0.9987345824813837,0.1294237920247236,0.17582417582417584,2
Case3,8x8,8x8_047,2,curve_classifier_pseudo_label,0.5,0.9944746617738192,0.1942847102988449,0.20679320679320679,2
Case3,8x8,8x8_048,2,curve_classifier_pseudo_label,0.4816666666666667,0.9963051880820566,0.17139497466232723,0.3036963036963037,2
Case3,8x8,8x8_049,3,curve_classifier_pseudo_label,0.5316666666666666,0.994433865912611,0.16679465356528062,0.25774225774225773,2
Case3,8x8,8x8_050,3,curve_classifier_pseudo_label,0.4716666666666667,0.9955387957439302,0.15206568520646088,0.27472527472527475,2
Case3,8x8,8x8_051,2,curve_classifier_pseudo_label,0.7116666666666667,0.9956220536858955,0.16752606378393556,0.22577422577422576,2
Case3,8x8,8x8_052,2,curve_classifier_pseudo_label,0.73,0.9963052938935342,0.15366915859445593,0.23576423576423577,2
Case3,8x8,8x8_053,2,curve_classifier_pseudo_label,0.5083333333333333,0.9966006316878279,0.16243449842089083,0.3106893106893107,2
Case3,8x8,8x8_054,3,curve_classifier_pseudo_label,0.5416666666666666,0.9954679201012007,0.15338694181723747,0.2727272727272727,2
Case3,8x8,8x8_055,2,curve_classifier_pseudo_label,0.4533333333333333,0.998643578241241,0.12961878900290563,0.23976023976023977,2
Case3,8x8,8x8_056,2,curve_classifier_pseudo_label,0.67,0.9966519865916423,0.14020499146030047,0.2807192807192807,2
Case3,8x8,8x8_057,2,curve_classifier_pseudo_label,0.465,0.9961262122294539,0.17897414022149224,0.3106893106893107,2
Case3,8x8,8x8_058,2,curve_classifier_pseudo_label,0.675,0.9970557641014747,0.13708957591979842,0.2977022977022977,2
Case3,8x8,8x8_059,3,curve_classifier_pseudo_label,0.89,0.9941530546652172,0.18972267349228264,0.3066933066933067,2
Case3,8x8,8x8_060,2,curve_classifier_pseudo_label,0.5383333333333333,0.9968742704240674,0.17003691064426288,0.17782217782217782,2
Case3,8x8,8x8_061,3,curve_classifier_pseudo_label,0.49,0.9963571710643517,0.1478604943823543,0.2827172827172827,2
Case3,8x8,8x8_062,3,curve_classifier_pseudo_label,0.5816666666666667,0.9936448695739557,0.18257974820563228,0.23776223776223776,2
Case3,8x8,8x8_063,2,curve_classifier_pseudo_label,0.6816666666666666,0.9963792962903276,0.17102254067358985,0.1928071928071928,2
Case3,8x8,8x8_064,2,curve_classifier_pseudo_label,0.6766666666666666,0.9959560381951241,0.14915166574857594,0.2677322677322677,2
Case3,8x8,8x8_065,2,curve_classifier_pseudo_label,0.6966666666666667,0.9962258205758374,0.15260649923661782,0.24175824175824176,2
Case3,8x8,8x8_066,1,curve_classifier_pseudo_label,0.4716666666666667,0.9989975440178688,0.11677016231829002,0.19480519480519481,2
Case3,8x8,8x8_067,1,curve_classifier_pseudo_label,0.48,0.9988217533935123,0.12550491247845857,0.18081918081918083,2
Case3,8x8,8x8_068,3,curve_classifier_pseudo_label,0.8466666666666667,0.9948889970670706,0.17107966443651462,0.2907092907092907,2
Case3,8x8,8x8_069,2,curve_classifier_pseudo_label,0.6566666666666666,0.9965314662660556,0.17953654283349,0.18181818181818182,2
Case3,8x8,8x8_070,2,curve_classifier_pseudo_label,0.5033333333333333,0.9977418601935805,0.15249214857788596,0.1848151848151848,2
Case3,8x8,8x8_071,2,curve_classifier_pseudo_label,0.5116666666666667,0.994909080776859,0.20007529784713335,0.18981018981018982,2
Case3,8x8,8x8_072,3,curve_classifier_pseudo_label,0.825,0.9949300737967639,0.16208286992242404,0.2827172827172827,2
Case3,8x8,8x8_073,2,curve_classifier_pseudo_label,0.5633333333333334,0.9951352666841927,0.16158685526494687,0.2547452547452547,2
Case3,8x8,8x8_074,3,curve_classifier_pseudo_label,0.895,0.9924645078638151,0.23511932014248133,0.3276723276723277,3
Case3,8x8,8x8_075,2,curve_classifier_pseudo_label,0.8116666666666666,0.9970239801201172,0.13365542624457932,0.2917082917082917,2
Case3,8x8,8x8_076,3,curve_classifier_pseudo_label,0.535,0.9962567840540865,0.14822436388040094,0.2827172827172827,2
Case3,8x8,8x8_077,2,curve_classifier_pseudo_label,0.6816666666666666,0.9964631866535063,0.14268214662518894,0.2757242757242757,2
Case3,8x8,8x8_078,2,curve_classifier_pseudo_label,0.7266666666666667,0.9965700745873236,0.14020755951577565,0.26873126873126874,2
Case3,8x8,8x8_079,2,curve_classifier_pseudo_label,0.6416666666666667,0.996744148580611,0.17224895815403954,0.18081918081918083,2
Case3,8x8,8x8_080,1,curve_classifier_pseudo_label,0.47,0.9989803934441053,0.10900689927497756,0.2647352647352647,1
Case3,8x8,8x8_081,2,curve_classifier_pseudo_label,0.6466666666666666,0.996407775143607,0.1729903656430663,0.1888111888111888,2
Case3,8x8,8x8_082,2,curve_classifier_pseudo_label,0.5283333333333333,0.9974190737420808,0.1609062741795341,0.17782217782217782,2
Case3,8x8,8x8_083,2,curve_classifier_pseudo_label,0.5433333333333333,0.9964901289937609,0.16725372816629813,0.3146853146853147,2
Case3,8x8,8x8_084,2,curve_classifier_pseudo_label,0.495,0.9976801313184834,0.15389842715530747,0.18581418581418582,2
Case3,8x8,8x8_085,2,curve_classifier_pseudo_label,0.55,0.9973378383005969,0.16147235278941635,0.18081918081918083,2
Case3,8x8,8x8_086,2,curve_classifier_pseudo_label,0.545,0.997780942129125,0.15395949405149056,0.20679320679320679,2
Case3,8x8,8x8_087,2,curve_classifier_pseudo_label,0.6783333333333333,0.9963257818329111,0.1614564421592394,0.21578421578421578,2
Case3,8x8,8x8_088,3,curve_classifier_pseudo_label,0.645,0.994073074061676,0.1683560974083138,0.25874125874125875,2
Case3,8x8,8x8_089,3,curve_classifier_pseudo_label,0.67,0.9948235354290391,0.15895562472441604,0.2727272727272727,2
Case3,8x8,8x8_090,2,curve_classifier_pseudo_label,0.71,0.9962831641372546,0.14559705602960454,0.26573426573426573,2
Case3,8x8,8x8_091,3,curve_classifier_pseudo_label,0.775,0.9953576813272679,0.15657275426423908,0.2807192807192807,2
Case3,8x8,8x8_092,2,curve_classifier_pseudo_label,0.5033333333333333,0.9973057991555152,0.1787184634782251,0.17182817182817184,2
Case3,8x8,8x8_093,2,curve_classifier_pseudo_label,0.49,0.9989282842239254,0.120450626103941,0.19080919080919082,2
Case3,8x8,8x8_094,1,curve_classifier_pseudo_label,0.485,0.9986932900387809,0.12101290945414131,0.23176823176823177,2
Case3,8x8,8x8_095,2,curve_classifier_pseudo_label,0.7033333333333334,0.9960952121010214,0.15602075311091365,0.23776223776223776,2
Case3,8x8,8x8_096,1,curve_classifier_pseudo_label,0.4633333333333333,0.9979383021283174,0.14746583265051844,0.18981018981018982,2
Case3,8x8,8x8_097,2,curve_classifier_pseudo_label,0.4766666666666667,0.9950466908040119,0.1647270909554447,0.24975024975024976,2
Case3,8x8,8x8_098,3,curve_classifier_pseudo_label,0.8083333333333333,0.9955173643120322,0.15864857389441597,0.2837162837162837,2
Case3,8x8,8x8_099,2,curve_classifier_pseudo_label,0.5566666666666666,0.9964224831733711,0.16726001044465963,0.19880119880119881,2
Case3,8x8,8x8_100,1,curve_classifier_pseudo_label,0.5533333333333333,0.9995822204948684,0.08007306249414724,0.24675324675324675,1
Case3,8x8,8x8_101,3,curve_classifier_pseudo_label,0.49166666666666664,0.9958686177406371,0.14920170103653474,0.27672327672327673,2
Case3,8x8,8x8_102,2,curve_classifier_pseudo_label,0.6933333333333334,0.996775455085575,0.13677934874345807,0.2817182817182817,2
Case3,8x8,8x8_103,2,curve_classifier_pseudo_label,0.6366666666666667,0.9967844779193507,0.13998413914971056,0.2857142857142857,2
Case3,8x8,8x8_104,3,curve_classifier_pseudo_label,0.49833333333333335,0.9964310915227934,0.16821692414146497,0.31368631368631367,2
Case3,8x8,8x8_105,1,curve_classifier_pseudo_label,0.5316666666666666,0.9983849125904976,0.14389838534546798,0.15184815184815184,2
Case3,8x8,8x8_106,3,curve_classifier_pseudo_label,0.5416666666666666,0.9957121402627609,0.15177189815330586,0.2787212787212787,2
Case3,8x8,8x8_107,2,curve_classifier_pseudo_label,0.585,0.9968788904668792,0.14478373369465716,0.2907092907092907,2
Case3,8x8,8x8_108,2,curve_classifier_pseudo_label,0.5283333333333333,0.9976532532021104,0.15403793383525116,0.1878121878121878,2
Case3,8x8,8x8_109,2,curve_classifier_pseudo_label,0.6883333333333334,0.9968124533476311,0.1383332286268886,0.2857142857142857,2
Case3,8x8,8x8_110,3,curve_classifier_pseudo_label,0.5183333333333333,0.9963132644338777,0.14827108239784492,0.2827172827172827,2
Case3,8x8,8x8_111,2,curve_classifier_pseudo_label,0.5116666666666667,0.9965330600106496,0.16488690891462954,0.31368631368631367,2
Case3,8x8,8x8_112,3,curve_classifier_pseudo_label,0.8716666666666667,0.9946130082417917,0.1749027158136698,0.2957042957042957,2
Case3,8x8,8x8_113,3,curve_classifier_pseudo_label,0.8183333333333334,0.9954679439335998,0.15947427600371802,0.28471528471528473,2
Case3,8x8,8x8_114,2,curve_classifier_pseudo_label,0.6766666666666666,0.9962538867042617,0.15829753927846357,0.22577422577422576,2
Case3,8x8,8x8_115,2,curve_classifier_pseudo_label,0.7783333333333333,0.9968068131697028,0.13700369193196346,0.2827172827172827,2
Case3,8x8,8x8_116,2,curve_classifier_pseudo_label,0.47833333333333333,0.9964896015373005,0.1671349570495234,0.3146853146853147,2
Case3,8x8,8x8_117,2,curve_classifier_pseudo_label,0.7283333333333334,0.9964803822670535,0.14472546555715207,0.25574425574425574,2
Case3,8x8,8x8_118,1,curve_classifier_pseudo_label,0.465,0.9981029291756175,0.14201224565669926,0.19480519480519481,2
Case3,8x8,8x8_119,3,curve_classifier_pseudo_label,0.82,0.9951280033396963,0.1614898501986939,0.2837162837162837,2
Case3,8x8,8x8_120,2,curve_classifier_pseudo_label,0.6283333333333333,0.995749789456198,0.15860908322713935,0.24375624375624375,2
Case3,8x8,8x8_121,2,curve_classifier_pseudo_label,0.4816666666666667,0.9960190701051783,0.14807591078103322,0.2777222777222777,2
Case3,8x8,8x8_122,2,curve_classifier_pseudo_label,0.7116666666666667,0.9968540961301967,0.13656366439118842,0.2857142857142857,2
Case3,8x8,8x8_123,3,curve_classifier_pseudo_label,0.51,0.9961517662128603,0.17839613505654922,0.31368631368631367,2
Case3,8x8,8x8_124,2,curve_classifier_pseudo_label,0.5716666666666667,0.997327988158258,0.16143274419213208,0.18581418581418582,2
Case3,8x8,8x8_125,2,curve_classifier_pseudo_label,0.48833333333333334,0.9962650661447539,0.1732935842064421,0.30569430569430567,2
Case3,8x8,8x8_126,3,curve_classifier_pseudo_label,0.8066666666666666,0.9944520472308389,0.17905812625409168,0.2997002997002997,2
Case3,8x8,8x8_127,2,curve_classifier_pseudo_label,0.47833333333333333,0.9991100834562734,0.11121755626762782,0.2037962037962038,2
Case3,8x8,8x8_128,1,curve_classifier_pseudo_label,0.6,0.999157584950111,0.10169783448194884,0.2677322677322677,1
Case3,8x8,8x8_129,3,curve_classifier_pseudo_label,0.87,0.994756190907222,0.1687800830671984,0.2897102897102897,2
Case3,8x8,8x8_130,2,curve_classifier_pseudo_label,0.5883333333333334,0.9965301981942266,0.14388742010573088,0.2817182817182817,2
Case3,8x8,8x8_131,2,curve_classifier_pseudo_label,0.54,0.9978585185589833,0.15259172097933352,0.2077922077922078,2
Case3,8x8,8x8_132,2,curve_classifier_pseudo_label,0.47,0.9961065084273496,0.20699025205060442,0.15384615384615385,2
Case3,8x8,8x8_133,3,curve_classifier_pseudo_label,0.565,0.994559989371353,0.16343191085480396,0.2627372627372627,2
Case3,8x8,8x8_134,2,curve_classifier_pseudo_label,0.6183333333333333,0.996803506944764,0.17593596184437352,0.18281718281718282,2
Case3,8x8,8x8_135,2,curve_classifier_pseudo_label,0.6283333333333333,0.9964509298511044,0.17178602015018823,0.1888111888111888,2
Case3,8x8,8x8_136,2,curve_classifier_pseudo_label,0.645,0.9968845029741491,0.14297715738132746,0.2887112887112887,2
Case3,8x8,8x8_137,2,curve_classifier_pseudo_label,0.4683333333333333,0.9987773885600536,0.11743587407144356,0.24175824175824176,2
Case3,8x8,8x8_138,2,curve_classifier_pseudo_label,0.69,0.9964946711332868,0.14214871564709997,0.26673326673326675,2
Case3,8x8,8x8_139,2,curve_classifier_pseudo_label,0.5616666666666666,0.9966791879104162,0.18114922833222932,0.18181818181818182,2
Case3,8x8,8x8_140,3,curve_classifier_pseudo_label,0.9166666666666666,0.9825991242623502,0.27171877580937337,0.3383084577114428,3
Case3,8x8,8x8_141,2,curve_classifier_pseudo_label,0.5183333333333333,0.9977436432506965,0.15222344670487897,0.18581418581418582,2
Case3,8x8,8x8_142,2,curve_classifier_pseudo_label,0.525,0.9964531033566096,0.14474173279562372,0.2827172827172827,2
Case3,8x8,8x8_143,2,curve_classifier_pseudo_label,0.47833333333333333,0.9962660117651733,0.20247567043777645,0.15784215784215785,2
Case3,8x8,8x8_144,2,curve_classifier_pseudo_label,0.6,0.9963546160366789,0.16590996160500912,0.2047952047952048,2
Case3,8x8,8x8_145,3,curve_classifier_pseudo_label,0.5566666666666666,0.9932776474073987,0.20521912935427053,0.2057942057942058,2
Case3,8x8,8x8_146,2,curve_classifier_pseudo_label,0.4816666666666667,0.9944141558537004,0.20375587008462645,0.1938061938061938,2
Case3,8x8,8x8_147,2,curve_classifier_pseudo_label,0.5266666666666666,0.995148975302285,0.1628526752959847,0.25074925074925075,2
Case3,8x8,8x8_148,2,curve_classifier_pseudo_label,0.5133333333333333,0.9982512592768877,0.13642387218280277,0.21878121878121878,2
Case3,8x8,8x8_149,2,curve_classifier_pseudo_label,0.675,0.9959322205480509,0.15245513723250284,0.25574425574425574,2
Case3,8x8,8x8_150,3,curve_classifier_pseudo_label,0.49,0.9957890152241338,0.15026052527585523,0.2757242757242757,2
Case3,8x8,8x8_151,2,curve_classifier_pseudo_label,0.5033333333333333,0.998886204546709,0.12254475946600908,0.1878121878121878,2
Case3,8x8,8x8_152,2,curve_classifier_pseudo_label,0.6616666666666666,0.9963927422957152,0.14357039411868908,0.2707292707292707,2
Case3,8x8,8x8_153,1,curve_classifier_pseudo_label,0.47333333333333333,0.9987863884987733,0.11712581977809736,0.2517482517482518,2
Case3,8x8,8x8_154,1,curve_classifier_pseudo_label,0.55,0.9995935680557894,0.0795759009644208,0.25774225774225773,1
Case3,8x8,8x8_155,3,curve_classifier_pseudo_label,0.8133333333333334,0.9951428242751327,0.15978888632904578,0.2827172827172827,2
Case3,8x8,8x8_156,1,curve_classifier_pseudo_label,0.52,0.9986632080239887,0.13230519095529913,0.17282717282717283,2
Case3,8x8,8x8_157,2,curve_classifier_pseudo_label,0.685,0.9967283724708241,0.13725303025478006,0.2787212787212787,2
Case3,8x8,8x8_158,3,curve_classifier_pseudo_label,0.53,0.9953960623330681,0.15379363553890965,0.2727272727272727,2
Case3,8x8,8x8_159,3,curve_classifier_pseudo_label,0.8916666666666667,0.9930279344209296,0.22211341079828917,0.3206793206793207,3
Case3,8x8,8x8_160,3,curve_classifier_pseudo_label,0.5016666666666667,0.995904404710052,0.14924894068707792,0.2787212787212787,2
Case3,8x8,8x8_161,2,curve_classifier_pseudo_label,0.48833333333333334,0.9985982950168046,0.13548109370822534,0.2217782217782218,2
Case3,8x8,8x8_162,2,curve_classifier_pseudo_label,0.6233333333333333,0.9969219449639365,0.14283662677635456,0.2907092907092907,2
Case3,8x8,8x8_163,2,curve_classifier_pseudo_label,0.7183333333333334,0.9967653929630352,0.13572575569292722,0.27972027972027974,2
Case3,8x8,8x8_164,3,curve_classifier_pseudo_label,0.85,0.9943057993476179,0.18460493115049284,0.3036963036963037,2
Case3,8x8,8x8_165,3,curve_classifier_pseudo_label,0.8916666666666667,0.9935689376426649,0.20737160224192627,0.3146853146853147,2
Case3,8x8,8x8_166,2,curve_classifier_pseudo_label,0.545,0.9967101519357258,0.14450188541623987,0.28471528471528473,2
Case3,8x8,8x8_167,3,curve_classifier_pseudo_label,0.895,0.9924552634015652,0.23483829039601833,0.32867132867132864,3
Case3,8x8,8x8_168,3,curve_classifier_pseudo_label,0.895,0.9921436444486674,0.24052460151001334,0.33266733266733267,3
Case3,8x8,8x8_169,1,curve_classifier_pseudo_label,0.58,0.9990867799007287,0.10492127839364655,0.2627372627372627,1
Case3,8x8,8x8_170,2,curve_classifier_pseudo_label,0.5683333333333334,0.9964659110781267,0.18685975370640795,0.17882117882117882,2
Case3,8x8,8x8_171,3,curve_classifier_pseudo_label,0.8833333333333333,0.9944302417112137,0.18075888966194,0.3006993006993007,2
Case3,8x8,8x8_172,2,curve_classifier_pseudo_label,0.5633333333333334,0.9968168246000553,0.14765874323457995,0.2907092907092907,2
Case3,8x8,8x8_173,1,curve_classifier_pseudo_label,0.48333333333333334,0.9983146945470323,0.13534050304038542,0.2047952047952048,2
Case3,8x8,8x8_174,2,curve_classifier_pseudo_label,0.5316666666666666,0.998134451166384,0.1406434038031002,0.1998001998001998,2
Case3,8x8,8x8_175,1,curve_classifier_pseudo_label,0.48833333333333334,0.9985781503642136,0.13587326305846703,0.16683316683316685,2
Case3,8x8,8x8_176,2,curve_classifier_pseudo_label,0.43333333333333335,0.9940600670208952,0.22347944396648994,0.16983016983016982,3
Case3,8x8,8x8_177,2,curve_classifier_pseudo_label,0.725,0.9968717654807461,0.1346329184914883,0.28471528471528473,2
Case3,8x8,8x8_178,2,curve_classifier_pseudo_label,0.74,0.9959944333302169,0.1545598471215926,0.24575424575424576,2
Case3,8x8,8x8_179,2,curve_classifier_pseudo_label,0.5333333333333333,0.9972753892045496,0.16309910696258526,0.18081918081918083,2
Case3,8x8,8x8_180,2,curve_classifier_pseudo_label,0.5683333333333334,0.9965777158267449,0.1634886252241523,0.3146853146853147,2
Case3,8x8,8x8_181,2,curve_classifier_pseudo_label,0.5483333333333333,0.9969624511519481,0.16891121577019233,0.17682317682317683,2
Case3,8x8,8x8_182,3,curve_classifier_pseudo_label,0.5383333333333333,0.9955503765119019,0.15219490609707684,0.2777222777222777,2
Case3,8x8,8x8_183,2,curve_classifier_pseudo_label,0.64,0.9965433038650263,0.17595916089531094,0.18181818181818182,2
Case3,8x8,8x8_184,2,curve_classifier_pseudo_label,0.5466666666666666,0.9967715594691362,0.1706828700576488,0.1798201798201798,2
Case3,8x8,8x8_185,2,curve_classifier_pseudo_label,0.5733333333333334,0.9957136324307151,0.1509636909158268,0.2707292707292707,2
Case3,8x8,8x8_186,3,curve_classifier_pseudo_label,0.485,0.9964431315529548,0.14721645455805205,0.2827172827172827,2
Case3,8x8,8x8_187,2,curve_classifier_pseudo_label,0.55,0.9971411812682551,0.17604922506732198,0.1838161838161838,2
Case3,8x8,8x8_188,2,curve_classifier_pseudo_label,0.5866666666666667,0.9974779589956776,0.16102715546944682,0.1958041958041958,2
Case3,8x8,8x8_189,3,curve_classifier_pseudo_label,0.8016666666666666,0.9954095620120831,0.16034977026447667,0.2857142857142857,2
Case3,8x8,8x8_190,2,curve_classifier_pseudo_label,0.65,0.9964867497883364,0.17052864234627477,0.18981018981018982,2
Case3,8x8,8x8_191,3,curve_classifier_pseudo_label,0.48333333333333334,0.9962435035817011,0.1748067082834847,0.3106893106893107,2
Case3,8x8,8x8_192,1,curve_classifier_pseudo_label,0.5366666666666666,0.9982202129604411,0.1502114159817417,0.13386613386613386,2
Case3,8x8,8x8_193,2,curve_classifier_pseudo_label,0.5166666666666667,0.9981299232532929,0.14803454737543595,0.21178821178821178,2
Case3,8x8,8x8_194,3,curve_classifier_pseudo_label,0.8816666666666667,0.9944226456525991,0.17913045923317628,0.2997002997002997,2
Case3,8x8,8x8_195,2,curve_classifier_pseudo_label,0.7466666666666667,0.9969415060059302,0.14090741718393412,0.2897102897102897,2
Case3,8x8,8x8_196,2,curve_classifier_pseudo_label,0.7683333333333333,0.9964912813752719,0.14344409524594315,0.2597402597402597,2
Case3,8x8,8x8_197,2,curve_classifier_pseudo_label,0.6116666666666667,0.9963213551254283,0.16689185525093614,0.2037962037962038,2
Case3,8x8,8x8_198,2,curve_classifier_pseudo_label,0.5083333333333333,0.9981028086902942,0.1419418778338105,0.1968031968031968,2
Case3,8x8,8x8_199,2,curve_classifier_pseudo_label,0.5783333333333334,0.9970441923390566,0.16753860461217115,0.17782217782217782,2
Case3,8x8,8x8_200,2,curve_classifier_pseudo_label,0.5233333333333333,0.9965726664531862,0.17136828025749487,0.18581418581418582,2
Case3,8x8,8x8_201,2,curve_classifier_pseudo_label,0.67,0.996475985721804,0.142814553627517,0.26673326673326675,2
Case3,8x8,8x8_202,2,curve_classifier_pseudo_label,0.6916666666666667,0.9967761398154934,0.1368028591302292,0.2817182817182817,2
Case3,8x8,8x8_203,2,curve_classifier_pseudo_label,0.675,0.9959646992780152,0.18149418548220825,0.18981018981018982,2
Case3,8x8,8x8_204,3,curve_classifier_pseudo_label,0.7683333333333333,0.9941912498443696,0.16320912782341143,0.27172827172827174,2
Case3,8x8,8x8_205,1,curve_classifier_pseudo_label,0.5066666666666667,0.998997985563404,0.10918493667136685,0.2727272727272727,1
Case3,8x8,8x8_206,2,curve_classifier_pseudo_label,0.5283333333333333,0.9966318523255703,0.16139133400206362,0.3106893106893107,2
Case3,8x8,8x8_207,2,curve_classifier_pseudo_label,0.695,0.9970414948151174,0.13833641108604433,0.2977022977022977,2
Case3,8x8,8x8_208,2,curve_classifier_pseudo_label,0.5533333333333333,0.9972483880294163,0.16405523882840495,0.17682317682317683,2
Case3,8x8,8x8_209,1,curve_classifier_pseudo_label,0.5933333333333334,0.9991390351381935,0.10210912293472862,0.26873126873126874,1
Case3,8x8,8x8_210,3,curve_classifier_pseudo_label,0.8116666666666666,0.9947043665020588,0.17096850473242567,0.2907092907092907,2
Case3,8x8,8x8_211,1,curve_classifier_pseudo_label,0.7066666666666667,0.9994491041165056,0.08580369079686677,0.3066933066933067,1
Case3,8x8,8x8_212,1,curve_classifier_pseudo_label,0.525,0.9991480300116342,0.10159193834937201,0.2777222777222777,1
Case3,8x8,8x8_213,2,curve_classifier_pseudo_label,0.5533333333333333,0.9972706518095681,0.16303729984553617,0.1838161838161838,2
Case3,8x8,8x8_214,2,curve_classifier_pseudo_label,0.6333333333333333,0.9966540203249634,0.14190458828720623,0.2827172827172827,2
Case3,8x8,8x8_215,3,curve_classifier_pseudo_label,0.8883333333333333,0.9942419058993215,0.18506320814942218,0.30569430569430567,2
Case3,8x8,8x8_216,2,curve_classifier_pseudo_label,0.6816666666666666,0.9965691374513308,0.14382697773741634,0.2827172827172827,2
Case3,8x8,8x8_217,2,curve_classifier_pseudo_label,0.655,0.9959562893644509,0.14986665804201785,0.2647352647352647,2
Case3,8x8,8x8_218,3,curve_classifier_pseudo_label,0.885,0.9942566398221825,0.18611541038931947,0.3046953046953047,2
Case3,8x8,8x8_219,2,curve_classifier_pseudo_label,0.7183333333333334,0.9968243998753408,0.14237597736781354,0.2867132867132867,2
Case3,8x8,8x8_220,3,curve_classifier_pseudo_label,0.8516666666666667,0.9946639126259572,0.16721640310804514,0.28771228771228774,2
Case3,8x8,8x8_221,1,curve_classifier_pseudo_label,0.49166666666666664,0.9987312657301725,0.11992128200449664,0.23276723276723277,2
Case3,8x8,8x8_222,3,curve_classifier_pseudo_label,0.46166666666666667,0.9962968614203053,0.17343588862498485,0.3146853146853147,2
Case3,8x8,8x8_223,2,curve_classifier_pseudo_label,0.5233333333333333,0.997624538025502,0.1551436087562745,0.1848151848151848,2
Case3,8x8,8x8_224,3,curve_classifier_pseudo_label,0.7066666666666667,0.9959050298126761,0.152373831409773,0.2827172827172827,2
Case3,8x8,8x8_225,3,curve_classifier_pseudo_label,0.4866666666666667,0.9961818352286277,0.17684039385889272,0.3086913086913087,2
Case3,8x8,8x8_226,2,curve_classifier_pseudo_label,0.6233333333333333,0.9966900407472834,0.1714320600030432,0.18181818181818182,2
Case3,8x8,8x8_227,3,curve_classifier_pseudo_label,0.6966666666666667,0.9958286433113618,0.15260566043363524,0.2827172827172827,2
Case3,8x8,8x8_228,2,curve_classifier_pseudo_label,0.6783333333333333,0.995809147562245,0.17355790014793648,0.2077922077922078,2
Case3,8x8,8x8_229,2,curve_classifier_pseudo_label,0.6,0.9966008352831666,0.17104030962500388,0.1848151848151848,2
Case3,8x8,8x8_230,2,curve_classifier_pseudo_label,0.53,0.9950268706650909,0.20686461853236482,0.17782217782217782,2
Case3,8x8,8x8_231,2,curve_classifier_pseudo_label,0.7183333333333334,0.996485930167561,0.1420349577103842,0.27172827172827174,2
Case3,8x8,8x8_232,3,curve_classifier_pseudo_label,0.865,0.9949325286455519,0.16717693082612708,0.28771228771228774,2
Case3,8x8,8x8_233,2,curve_classifier_pseudo_label,0.635,0.9963085854877382,0.14479780427789624,0.2727272727272727,2
Case3,8x8,8x8_234,2,curve_classifier_pseudo_label,0.5233333333333333,0.9978363777669496,0.15605573871748096,0.2047952047952048,2
Case3,8x8,8x8_235,2,curve_classifier_pseudo_label,0.585,0.9967278504161051,0.14349466530162597,0.28471528471528473,2
Case3,8x8,8x8_236,2,curve_classifier_pseudo_label,0.6116666666666667,0.9962945530598073,0.14532679075190294,0.27672327672327673,2
Case3,8x8,8x8_237,2,curve_classifier_pseudo_label,0.775,0.99600017983832,0.16637060906649725,0.21578421578421578,2
Case3,8x8,8x8_238,2,curve_classifier_pseudo_label,0.6716666666666666,0.9963514399601925,0.14428779328238822,0.2707292707292707,2
Case3,8x8,8x8_239,3,curve_classifier_pseudo_label,0.795,0.9947444230182559,0.15992063836743825,0.2787212787212787,2
Case3,8x8,8x8_240,2,curve_classifier_pseudo_label,0.6166666666666667,0.9954313432940324,0.1663899868963141,0.23476523476523475,2
Case3,8x8,8x8_241,3,curve_classifier_pseudo_label,0.885,0.9941658943247806,0.18841111501593327,0.3076923076923077,2
Case3,8x8,8x8_242,2,curve_classifier_pseudo_label,0.765,0.9958024920056893,0.17367962300534096,0.2077922077922078,2
Case3,8x8,8x8_243,1,curve_classifier_pseudo_label,0.6366666666666667,0.9996801807911323,0.07161602955136727,0.2727272727272727,1
Case3,8x8,8x8_244,1,curve_classifier_pseudo_label,0.49333333333333335,0.9985037629815748,0.12935318850825508,0.21178821178821178,2
Case3,8x8,8x8_245,3,curve_classifier_pseudo_label,0.755,0.995112869699434,0.15747896894470154,0.27972027972027974,2
Case3,8x8,8x8_246,1,curve_classifier_pseudo_label,0.735,0.9997671792739066,0.062231593792455936,0.2887112887112887,1
Case3,8x8,8x8_247,1,curve_classifier_pseudo_label,0.48833333333333334,0.9984504759349286,0.14123250769012133,0.15584415584415584,2
Case3,8x8,8x8_248,3,curve_classifier_pseudo_label,0.8433333333333334,0.9949342539710236,0.16808150535254113,0.2887112887112887,2
Case3,8x8,8x8_249,3,curve_classifier_pseudo_label,0.8866666666666667,0.994307431072398,0.1844713992989567,0.3026973026973027,2
Case3,8x8,8x8_250,2,curve_classifier_pseudo_label,0.5633333333333334,0.9982783317593509,0.13548091041398144,0.2177822177822178,2
Case3,8x8,8x8_251,3,curve_classifier_pseudo_label,0.4683333333333333,0.9965570468071993,0.1606133610050003,0.2967032967032967,2
Case3,8x8,8x8_252,2,curve_classifier_pseudo_label,0.5466666666666666,0.9970431035444445,0.16819794139106153,0.17682317682317683,2
Case3,8x8,8x8_253,2,curve_classifier_pseudo_label,0.615,0.9961434066566613,0.18442591855458432,0.18281718281718282,2
Case3,8x8,8x8_254,2,curve_classifier_pseudo_label,0.65,0.9969968730043329,0.13696793010979247,0.2907092907092907,2
Case3,8x8,8x8_255,2,curve_classifier_pseudo_label,0.6733333333333333,0.995870658190433,0.1768901912661677,0.1998001998001998,2
Case3,8x8,8x8_256,3,curve_classifier_pseudo_label,0.8633333333333333,0.9947954351630565,0.16783419771157754,0.28771228771228774,2
Case3,8x8,8x8_257,2,curve_classifier_pseudo_label,0.485,0.9990011407411108,0.11703426130115514,0.1938061938061938,2
Case3,8x8,8x8_258,2,curve_classifier_pseudo_label,0.5683333333333334,0.9960341083116266,0.14766618751877275,0.2727272727272727,2
Case3,8x8,8x8_259,3,curve_classifier_pseudo_label,0.7716666666666666,0.9955986389498056,0.15581318406603897,0.2827172827172827,2
Case3,8x8,8x8_260,2,curve_classifier_pseudo_label,0.53,0.9984377770937981,0.13007439231645196,0.2217782217782218,2
Case3,8x8,8x8_261,3,curve_classifier_pseudo_label,0.8366666666666667,0.9948438153203943,0.16251388744581455,0.2827172827172827,2
Case3,8x8,8x8_262,2,curve_classifier_pseudo_label,0.48333333333333334,0.9987133645668097,0.12048028491314237,0.23076923076923078,2
Case3,8x8,8x8_263,3,curve_classifier_pseudo_label,0.845,0.9947624263263514,0.17336891258308365,0.2937062937062937,2
Case3,8x8,8x8_264,1,curve_classifier_pseudo_label,0.5183333333333333,0.9987984428158443,0.12648627610175542,0.1798201798201798,2
Case3,8x8,8x8_265,2,curve_classifier_pseudo_label,0.6933333333333334,0.9969325514296078,0.13364256260618693,0.28771228771228774,2
Case3,8x8,8x8_266,3,curve_classifier_pseudo_label,0.495,0.9941476051961665,0.18894338770531813,0.2217782217782218,2
Case3,8x8,8x8_267,2,curve_classifier_pseudo_label,0.52,0.9959255840223361,0.19930098426401846,0.17182817182817184,2
Case3,8x8,8x8_268,2,curve_classifier_pseudo_label,0.715,0.9957221194268709,0.16812483880078077,0.2217782217782218,2
Case3,8x8,8x8_269,1,curve_classifier_pseudo_label,0.7533333333333333,0.9997763871670473,0.06133394745375311,0.29270729270729273,1
Case3,8x8,8x8_270,2,curve_classifier_pseudo_label,0.5233333333333333,0.9964612387348232,0.166559334564631,0.3066933066933067,2
Case3,8x8,8x8_271,2,curve_classifier_pseudo_label,0.7,0.9953494955263138,0.191892834748704,0.1918081918081918,2
Case3,8x8,8x8_272,1,curve_classifier_pseudo_label,0.47833333333333333,0.9992447980603315,0.10377679694109927,0.21478521478521478,1
Case3,8x8,8x8_273,2,curve_classifier_pseudo_label,0.4766666666666667,0.9990540187338622,0.1141697421129923,0.1928071928071928,2
Case3,8x8,8x8_274,3,curve_classifier_pseudo_label,0.6633333333333333,0.9937159017577715,0.17230945260529246,0.2547452547452547,2
Case3,8x8,8x8_275,2,curve_classifier_pseudo_label,0.685,0.9970415508519217,0.13497051773314647,0.29270729270729273,2
Case3,8x8,8x8_276,1,curve_classifier_pseudo_label,0.49166666666666664,0.9986442186376897,0.1332919801691058,0.16983016983016982,2
Case3,8x8,8x8_277,2,curve_classifier_pseudo_label,0.4716666666666667,0.9983861119383503,0.13303742444020109,0.2057942057942058,2
Case3,8x8,8x8_278,2,curve_classifier_pseudo_label,0.7866666666666666,0.9970334154732675,0.13671633961945118,0.29270729270729273,2
Case3,8x8,8x8_279,1,curve_classifier_pseudo_label,0.46166666666666667,0.9982150925478163,0.1501055080754624,0.13286713286713286,2
Case3,8x8,8x8_280,3,curve_classifier_pseudo_label,0.825,0.9950598980032371,0.16040756645636192,0.2827172827172827,2
Case3,8x8,8x8_281,2,curve_classifier_pseudo_label,0.6466666666666666,0.9969159641313539,0.1374975386865558,0.28771228771228774,2
Case3,8x8,8x8_282,2,curve_classifier_pseudo_label,0.725,0.996642162806348,0.139014764193487,0.2757242757242757,2
Case3,8x8,8x8_283,3,curve_classifier_pseudo_label,0.63,0.9944201828341692,0.16341466771807395,0.26573426573426573,2
Case3,8x8,8x8_284,3,curve_classifier_pseudo_label,0.8816666666666667,0.9944898250488077,0.17241067968218615,0.2957042957042957,2
Case3,8x8,8x8_285,2,curve_classifier_pseudo_label,0.685,0.9958863655395089,0.15039499537239673,0.2647352647352647,2
Case3,8x8,8x8_286,2,curve_classifier_pseudo_label,0.58,0.9964192038574458,0.16768504194151743,0.1978021978021978,2
Case3,8x8,8x8_287,2,curve_classifier_pseudo_label,0.7166666666666667,0.9969123299099937,0.13478147516418218,0.28771228771228774,2
Case3,8x8,8x8_288,2,curve_classifier_pseudo_label,0.6716666666666666,0.9963567047667412,0.17292247102114078,0.18981018981018982,2
Case3,8x8,8x8_289,3,curve_classifier_pseudo_label,0.5483333333333333,0.9958718928050837,0.1510985758548023,0.2807192807192807,2
Case3,8x8,8x8_290,2,curve_classifier_pseudo_label,0.725,0.9970625687808965,0.135099773167239,0.2947052947052947,2
Case3,8x8,8x8_291,3,curve_classifier_pseudo_label,0.8733333333333333,0.9948926375289165,0.1698572262167378,0.2907092907092907,2
Case3,8x8,8x8_292,1,curve_classifier_pseudo_label,0.5183333333333333,0.9985998757881833,0.13490566202550763,0.16883116883116883,2
Case3,8x8,8x8_293,3,curve_classifier_pseudo_label,0.8433333333333334,0.9949443885096311,0.1636969010067789,0.2857142857142857,2
Case3,8x8,8x8_294,1,curve_classifier_pseudo_label,0.47,0.9989563027835122,0.11076097197529981,0.2517482517482518,2
Case3,8x8,8x8_295,3,curve_classifier_pseudo_label,0.4683333333333333,0.996433985640625,0.16856300285133569,0.3156843156843157,2
Case3,8x8,8x8_296,2,curve_classifier_pseudo_label,0.56,0.99747250585125,0.1591335030599785,0.18081918081918083,2
Case3,8x8,8x8_297,3,curve_classifier_pseudo_label,0.8816666666666667,0.9941057299165008,0.19065150470881498,0.3076923076923077,2
Case3,8x8,8x8_298,3,curve_classifier_pseudo_label,0.8533333333333334,0.9944806372414967,0.16390364561672477,0.2817182817182817,2
Case3,8x8,8x8_299,3,curve_classifier_pseudo_label,0.8316666666666667,0.9952559355364123,0.1625054898116452,0.28471528471528473,2
Case3,8x8,8x8_300,2,curve_classifier_pseudo_label,0.4583333333333333,0.9988603335665323,0.11978978658474439,0.25574425574425574,2
Case4,6x4,6x4_001,2,curated_human_review,1.0,0.9968599021258329,0.18054137858485006,0.1878121878121878,2
Case4,6x4,6x4_002,1,curated_human_review,1.0,0.9995563638154704,0.08447832218878878,0.4825174825174825,1
Case4,6x4,6x4_003,1,curated_human_review,1.0,0.9993837237006951,0.09797279638015738,0.46653346653346656,1
Case4,6x4,6x4_004,1,curated_human_review,1.0,0.9999832699273565,0.014364802619218225,0.6803196803196803,1
Case4,6x4,6x4_005,2,curated_human_review,1.0,0.9970057499035271,0.1762419965076682,0.1928071928071928,2
Case4,6x4,6x4_006,2,curated_human_review,1.0,0.9960425676791756,0.20005530864900326,0.18081918081918083,2
Case4,6x4,6x4_007,1,curated_human_review,1.0,0.9997692408562223,0.0502410681485023,0.3946053946053946,1
Case4,6x4,6x4_008,2,curated_human_review,1.0,0.9951857943451079,0.20417309722931365,0.21078921078921078,2
Case4,6x4,6x4_009,2,curated_human_review,1.0,0.9971872525711776,0.1723576238803264,0.1928071928071928,2
Case4,6x4,6x4_010,1,curated_human_review,1.0,0.9999836000659996,0.018795199966565267,0.4225774225774226,1
Case4,6x4,6x4_011,2,curated_human_review,1.0,0.9945228912633929,0.1941607511865818,0.23576423576423577,2
Case4,6x4,6x4_012,2,curated_human_review,1.0,0.9956848430250278,0.19596844310129383,0.1978021978021978,2
Case4,6x4,6x4_013,1,curated_human_review,1.0,0.9987383782150545,0.12057513308782715,0.2787212787212787,2
Case4,6x4,6x4_014,2,curated_human_review,1.0,0.996584002553137,0.19081553452932873,0.17782217782217782,2
Case4,6x4,6x4_015,2,curated_human_review,1.0,0.9989913147112359,0.10985920313562898,0.3116883116883117,2
Case4,6x4,6x4_016,1,curated_human_review,1.0,0.9999037327383016,0.0413724772915005,0.5484515484515484,1
Case4,6x4,6x4_017,2,curated_human_review,1.0,0.9984008581215312,0.1344699336289081,0.23676323676323677,2
Case4,6x4,6x4_018,2,curated_human_review,1.0,0.9986954025263141,0.12178699636083852,0.27672327672327673,2
Case4,6x4,6x4_019,2,curated_human_review,1.0,0.9980088483161079,0.1486992259739668,0.2137862137862138,2
Case4,6x4,6x4_020,2,curated_human_review,1.0,0.9949232759640861,0.19788163544576082,0.21178821178821178,2
Case4,6x4,6x4_021,1,curated_human_review,1.0,0.9997348667974042,0.03422514603582752,0.5524475524475524,1
Case4,6x4,6x4_022,2,curated_human_review,1.0,0.9990332434930309,0.11146024036475952,0.3176823176823177,2
Case4,6x4,6x4_023,1,curated_human_review,1.0,0.9999843887381642,0.011868835601249201,0.6953046953046953,1
Case4,6x4,6x4_024,2,curated_human_review,1.0,0.9982340600040932,0.14164730878714415,0.22077922077922077,2
Case4,6x4,6x4_025,1,curated_human_review,1.0,0.9999614106379298,0.027158673221688995,0.3946053946053946,1
Case4,6x4,6x4_026,1,curated_human_review,1.0,0.9999429472253485,0.03206257089329553,0.43956043956043955,1
Case4,6x4,6x4_027,1,curated_human_review,1.0,0.9992883881903044,0.0984302987499795,0.4035964035964036,1
Case4,6x4,6x4_028,2,curated_human_review,1.0,0.9985917813658268,0.1343754183302592,0.25074925074925075,2
Case4,6x4,6x4_029,1,curated_human_review,1.0,0.9995526024831934,0.08651208063485455,0.4995004995004995,1
Case4,6x4,6x4_030,3,curated_human_review,1.0,0.9939091715424115,0.19271139080397603,0.32867132867132864,2
Case4,6x4,6x4_031,1,curated_human_review,1.0,0.9999876650655307,0.012546613705280405,0.7192807192807192,1
Case4,6x4,6x4_032,3,curated_human_review,1.0,0.994018452307929,0.1910882457069047,0.32667332667332666,2
Case4,6x4,6x4_033,1,curated_human_review,1.0,0.9999039605345816,0.03887528951123132,0.45054945054945056,1
Case4,6x4,6x4_034,2,curated_human_review,1.0,0.9954636189881632,0.20194698105689338,0.19480519480519481,2
Case4,6x4,6x4_035,1,curated_human_review,1.0,0.9999760308234764,0.02231517124663536,0.46253746253746253,1
Case4,6x4,6x4_036,3,curated_human_review,1.0,0.9937350596722799,0.18178874611653306,0.3086913086913087,2
Case4,6x4,6x4_037,1,curated_human_review,1.0,0.9998998283375702,0.0402903183097332,0.4485514485514486,1
Case4,6x4,6x4_038,1,curated_human_review,1.0,0.9999879753701981,0.009315505242116327,0.7582417582417582,1
Case4,6x4,6x4_039,1,curated_human_review,1.0,0.9992647131959911,0.10095037153717072,0.4225774225774226,1
Case4,6x4,6x4_040,2,curated_human_review,1.0,0.9982029158093657,0.14118039806848695,0.22877122877122877,2
Case4,6x4,6x4_041,2,curated_human_review,1.0,0.9952322371952639,0.20120728368832866,0.2037962037962038,2
Case4,6x4,6x4_042,1,curated_human_review,1.0,0.9996936522615624,0.05715091843711706,0.3876123876123876,1
Case4,6x4,6x4_043,1,curated_human_review,1.0,0.9999446208369981,0.03210420686802054,0.47152847152847155,1
Case4,6x4,6x4_044,1,curated_human_review,1.0,0.9999822860151789,0.013605387270004432,0.7742257742257742,1
Case4,6x4,6x4_045,2,curated_human_review,1.0,0.9945978945975182,0.22145477265566796,0.18581418581418582,3
Case4,6x4,6x4_046,1,curated_human_review,1.0,0.999973234913607,0.02375957086590476,0.4485514485514486,1
Case4,6x4,6x4_047,2,curated_human_review,1.0,0.9980167624318483,0.15002893094291656,0.22777222777222778,2
Case4,6x4,6x4_048,2,curated_human_review,1.0,0.9951555526711938,0.2021162372216767,0.2057942057942058,2
Case4,6x4,6x4_049,2,curated_human_review,1.0,0.9962497175137951,0.19727163267328168,0.1878121878121878,2
Case4,6x4,6x4_050,2,curated_human_review,1.0,0.9957511419810704,0.20164712727567913,0.1838161838161838,2
Case4,6x4,6x4_051,2,curated_human_review,1.0,0.9983497369070132,0.13582961935986876,0.23276723276723277,2
Case4,6x4,6x4_052,2,curated_human_review,1.0,0.9984947639763317,0.13007483635228645,0.25074925074925075,2
Case4,6x4,6x4_053,2,curated_human_review,1.0,0.994574713871709,0.2052979756593171,0.22677322677322678,2
Case4,6x4,6x4_054,2,curated_human_review,1.0,0.995871071746957,0.20005009940397347,0.1848151848151848,2
Case4,6x4,6x4_055,1,curated_human_review,1.0,0.9998515324300892,0.05942429570495065,0.6293706293706294,1
Case4,6x4,6x4_056,2,curated_human_review,1.0,0.9968246778097056,0.18172594025623495,0.1878121878121878,2
Case4,6x4,6x4_057,2,curated_human_review,1.0,0.9950618223788467,0.20300591171836158,0.2087912087912088,2
Case4,6x4,6x4_058,2,curated_human_review,1.0,0.9965462496949535,0.19036991249220656,0.18281718281718282,2
Case4,6x4,6x4_059,3,curated_human_review,1.0,0.9938278790294705,0.20587051736703932,0.3380281690140845,2
Case4,6x4,6x4_060,1,curated_human_review,1.0,0.9995884052049211,0.060002026043003164,0.3226773226773227,1
Case4,6x4,6x4_061,2,curated_human_review,1.0,0.9950946785592069,0.19867450157188116,0.20679320679320679,2
Case4,6x4,6x4_062,2,curated_human_review,1.0,0.9967999285776813,0.19005889825921385,0.1878121878121878,2
Case4,6x4,6x4_063,2,curated_human_review,1.0,0.9988093139436435,0.11657067686545194,0.3036963036963037,2
Case4,6x4,6x4_064,2,curated_human_review,1.0,0.9970935498109976,0.1750360190616196,0.1888111888111888,2
Case4,6x4,6x4_065,2,curated_human_review,1.0,0.9983257838946684,0.13692003407710077,0.23476523476523475,2
Case4,6x4,6x4_066,1,curated_human_review,1.0,0.9999665275602709,0.026132811209471012,0.5014985014985015,1
Case4,6x4,6x4_067,1,curated_human_review,1.0,0.9999126433982014,0.0386095419493953,0.45554445554445555,1
Case4,6x4,6x4_068,3,curated_human_review,1.0,0.9942001193328845,0.18157762275948922,0.3116883116883117,2
Case4,6x4,6x4_069,2,curated_human_review,1.0,0.999132006021509,0.10409644312480298,0.34565434565434566,1
Case4,6x4,6x4_070,1,curated_human_review,1.0,0.9996801453608516,0.05937529579184456,0.3756243756243756,1
Case4,6x4,6x4_071,2,curated_human_review,1.0,0.9984230211165865,0.134590613352067,0.25574425574425574,2
Case4,6x4,6x4_072,3,curated_human_review,1.0,0.9937125220682338,0.18935483972890718,0.2707292707292707,2
Case4,6x4,6x4_073,2,curated_human_review,1.0,0.9972163843627009,0.1723896268130473,0.1958041958041958,2
Case4,6x4,6x4_074,3,curated_human_review,1.0,0.9938153585259849,0.21173118398675442,0.3474663908996898,3
Case4,6x4,6x4_075,2,curated_human_review,1.0,0.9969916159544002,0.18199066176115308,0.18081918081918083,2
Case4,6x4,6x4_076,2,curated_human_review,1.0,0.9952833254004899,0.19392941701257707,0.2127872127872128,2
Case4,6x4,6x4_077,2,curated_human_review,1.0,0.9970256011759423,0.17680723315069002,0.18981018981018982,2
Case4,6x4,6x4_078,2,curated_human_review,1.0,0.9980665309872915,0.1479201887723811,0.21078921078921078,2
Case4,6x4,6x4_079,2,curated_human_review,1.0,0.9990270973266057,0.10922334875736806,0.34765234765234765,1
Case4,6x4,6x4_080,1,curated_human_review,1.0,0.9999128922621998,0.033550785560983024,0.6793206793206793,1
Case4,6x4,6x4_081,2,curated_human_review,1.0,0.9989019636366216,0.11429674787812336,0.3106893106893107,2
Case4,6x4,6x4_082,1,curated_human_review,1.0,0.99962108999985,0.06088295826663356,0.35564435564435565,1
Case4,6x4,6x4_083,2,curated_human_review,1.0,0.995347708330454,0.21140066987471925,0.1878121878121878,3
Case4,6x4,6x4_084,1,curated_human_review,1.0,0.999657990612877,0.05196105311445022,0.40559440559440557,1
Case4,6x4,6x4_085,1,curated_human_review,1.0,0.9996409071732453,0.04186486107631279,0.38461538461538464,1
Case4,6x4,6x4_086,1,curated_human_review,1.0,0.9995306534348019,0.08667466908081008,0.4855144855144855,1
Case4,6x4,6x4_087,2,curated_human_review,1.0,0.9986982602317914,0.12002387601649046,0.2837162837162837,2
Case4,6x4,6x4_088,2,curated_human_review,1.0,0.9957704405347187,0.21265962942533706,0.17382617382617382,3
Case4,6x4,6x4_089,2,curated_human_review,1.0,0.994663790742852,0.22137064180587437,0.1838161838161838,3
Case4,6x4,6x4_090,2,curated_human_review,1.0,0.9975992746596984,0.16100977567436384,0.2017982017982018,2
Case4,6x4,6x4_091,3,curated_human_review,1.0,0.9940001002660501,0.2005034863282322,0.23176823176823177,2
Case4,6x4,6x4_092,2,curated_human_review,1.0,0.99972000963085,0.07174938948707862,0.4075924075924076,1
Case4,6x4,6x4_093,1,curated_human_review,1.0,0.9999834441509163,0.01868668102330077,0.4905094905094905,1
Case4,6x4,6x4_094,1,curated_human_review,1.0,0.9998348010858819,0.046370180715499205,0.5374625374625375,1
Case4,6x4,6x4_095,2,curated_human_review,1.0,0.9982905681892176,0.13802947772497207,0.23476523476523475,2
Case4,6x4,6x4_096,1,curated_human_review,1.0,0.9997135045410986,0.05647764650075675,0.3986013986013986,1
Case4,6x4,6x4_097,2,curated_human_review,1.0,0.9973109812104296,0.16893492196999965,0.2037962037962038,2
Case4,6x4,6x4_098,3,curated_human_review,1.0,0.9940761676572816,0.18505102682495378,0.26573426573426573,2
Case4,6x4,6x4_099,1,curated_human_review,1.0,0.9993057861767783,0.07185174916429929,0.2857142857142857,1
Case4,6x4,6x4_100,1,curated_human_review,1.0,0.9999542437601243,0.03197314477189818,0.6403596403596403,1
Case4,6x4,6x4_101,2,curated_human_review,1.0,0.9959834257901382,0.19460724498195134,0.18981018981018982,2
Case4,6x4,6x4_102,2,curated_human_review,1.0,0.997374381420147,0.1691028053076369,0.1938061938061938,2
Case4,6x4,6x4_103,2,curated_human_review,1.0,0.996185016833841,0.19335857961934685,0.1878121878121878,2
Case4,6x4,6x4_104,2,curated_human_review,1.0,0.9949435315993237,0.19782877344318886,0.23176823176823177,2
Case4,6x4,6x4_105,1,curated_human_review,1.0,0.9999371135468866,0.032331773273943806,0.37462537462537465,1
Case4,6x4,6x4_106,2,curated_human_review,1.0,0.9950034725932302,0.20656278646528575,0.19480519480519481,2
Case4,6x4,6x4_107,2,curated_human_review,1.0,0.9956098319699349,0.19741140843537316,0.2017982017982018,2
Case4,6x4,6x4_108,1,curated_human_review,1.0,0.9996241303655454,0.0367766955011287,0.43356643356643354,1
Case4,6x4,6x4_109,2,curated_human_review,1.0,0.9965241296267493,0.18841263152109036,0.18581418581418582,2
Case4,6x4,6x4_110,2,curated_human_review,1.0,0.9952385987068326,0.1931006777815911,0.21678321678321677,2
Case4,6x4,6x4_111,2,curated_human_review,1.0,0.9947938243700665,0.20964677698477857,0.21078921078921078,2
Case4,6x4,6x4_112,3,curated_human_review,1.0,0.9940312132786304,0.18613171026683895,0.3206793206793207,2
Case4,6x4,6x4_113,3,curated_human_review,1.0,0.9943353628740937,0.18160022893634906,0.27472527472527475,2
Case4,6x4,6x4_114,2,curated_human_review,1.0,0.998612374984033,0.12582351859383215,0.26073926073926074,2
Case4,6x4,6x4_115,2,curated_human_review,1.0,0.9971624545203686,0.17566489872416985,0.1848151848151848,2
Case4,6x4,6x4_116,2,curated_human_review,1.0,0.9953833165203182,0.21096106959099045,0.18681318681318682,3
Case4,6x4,6x4_117,2,curated_human_review,1.0,0.9983489212221661,0.135665970546138,0.23576423576423577,2
Case4,6x4,6x4_118,1,curated_human_review,1.0,0.9998089897151129,0.048897685189770466,0.4035964035964036,1
Case4,6x4,6x4_119,3,curated_human_review,1.0,0.9939563767825683,0.18555764611225223,0.27472527472527475,2
Case4,6x4,6x4_120,2,curated_human_review,1.0,0.9979445016408175,0.15005047909990818,0.2177822177822178,2
Case4,6x4,6x4_121,2,curated_human_review,1.0,0.995958066357299,0.19471282066347262,0.19080919080919082,2
Case4,6x4,6x4_122,2,curated_human_review,1.0,0.996880045309535,0.18271308146936094,0.18181818181818182,2
Case4,6x4,6x4_123,2,curated_human_review,1.0,0.9952334915008129,0.19737191320413316,0.21878121878121878,2
Case4,6x4,6x4_124,1,curated_human_review,1.0,0.9992599457330834,0.10076187390126473,0.41358641358641357,1
Case4,6x4,6x4_125,2,curated_human_review,1.0,0.9951534700926793,0.20302721514821467,0.2047952047952048,2
Case4,6x4,6x4_126,2,curated_human_review,1.0,0.9938922768323455,0.19026442869984792,0.3306693306693307,2
Case4,6x4,6x4_127,1,curated_human_review,1.0,0.9999710378432222,0.0241757994508011,0.5264735264735265,1
Case4,6x4,6x4_128,1,curated_human_review,1.0,0.9999574664196191,0.02908431366555745,0.6283716283716284,1
Case4,6x4,6x4_129,3,curated_human_review,1.0,0.9938795278852401,0.18213664018877931,0.3066933066933067,2
Case4,6x4,6x4_130,2,curated_human_review,1.0,0.9959912543692656,0.19465264896687032,0.19080919080919082,2
Case4,6x4,6x4_131,1,curated_human_review,1.0,0.9995647083760055,0.084457109124087,0.4935064935064935,1
Case4,6x4,6x4_132,2,curated_human_review,1.0,0.999322013528551,0.10028759193368893,0.3226773226773227,1
Case4,6x4,6x4_133,2,curated_human_review,1.0,0.9959685091036731,0.20422645492721883,0.18081918081918083,2
Case4,6x4,6x4_134,2,curated_human_review,1.0,0.9991677359323138,0.10283904213290233,0.3696303696303696,1
Case4,6x4,6x4_135,2,curated_human_review,1.0,0.9988975026257731,0.11368114174380824,0.31368631368631367,2
Case4,6x4,6x4_136,2,curated_human_review,1.0,0.9954981503043296,0.20220536414338705,0.1928071928071928,2
Case4,6x4,6x4_137,1,curated_human_review,1.0,0.9998324085196304,0.04367786665894619,0.5934065934065934,1
Case4,6x4,6x4_138,2,curated_human_review,1.0,0.997952129981322,0.15190173143474306,0.2087912087912088,2
Case4,6x4,6x4_139,2,curated_human_review,1.0,0.9991658535495753,0.10302303179463124,0.36563436563436563,1
Case4,6x4,6x4_140,3,curated_human_review,1.0,0.9927431381564327,0.24595195306923445,0.35564435564435565,3
Case4,6x4,6x4_141,1,curated_human_review,1.0,0.9996788338520209,0.05336024194131036,0.39760239760239763,1
Case4,6x4,6x4_142,2,curated_human_review,1.0,0.9957713843380738,0.1951499992197587,0.1958041958041958,2
Case4,6x4,6x4_143,2,curated_human_review,1.0,0.9993266408344759,0.09922246836894462,0.3356643356643357,1
Case4,6x4,6x4_144,2,curated_human_review,1.0,0.9986872216653736,0.11868657545333615,0.2987012987012987,2
Case4,6x4,6x4_145,2,curated_human_review,1.0,0.9977195129737996,0.16860543855725502,0.19880119880119881,2
Case4,6x4,6x4_146,2,curated_human_review,1.0,0.9981412811354969,0.1469872640062561,0.23676323676323677,2
Case4,6x4,6x4_147,2,curated_human_review,1.0,0.9974098023687263,0.16614661235171393,0.20279720279720279,2
Case4,6x4,6x4_148,1,curated_human_review,1.0,0.9995913113748665,0.08842934601580003,0.5504495504495505,1
Case4,6x4,6x4_149,2,curated_human_review,1.0,0.9977445723372445,0.1568045773687449,0.2037962037962038,2
Case4,6x4,6x4_150,2,curated_human_review,1.0,0.9958465647540182,0.19966174259223862,0.1838161838161838,2
Case4,6x4,6x4_151,1,curated_human_review,1.0,0.9999538514177193,0.029368818514131992,0.4725274725274725,1
Case4,6x4,6x4_152,2,curated_human_review,1.0,0.9974189687140398,0.16757347855899607,0.1938061938061938,2
Case4,6x4,6x4_153,1,curated_human_review,1.0,0.9997230910567756,0.048431227392085115,0.6853146853146853,1
Case4,6x4,6x4_154,1,curated_human_review,1.0,0.9999826088791668,0.01235717616137555,0.6933066933066933,1
Case4,6x4,6x4_155,2,curated_human_review,1.0,0.9936161602683535,0.19283202386592693,0.25874125874125875,2
Case4,6x4,6x4_156,1,curated_human_review,1.0,0.9999661507735482,0.02588940959457365,0.43356643356643354,1
Case4,6x4,6x4_157,2,curated_human_review,1.0,0.9976181182443057,0.1619532668254524,0.1998001998001998,2
Case4,6x4,6x4_158,2,curated_human_review,1.0,0.9958152799219545,0.20149449169270417,0.1838161838161838,2
Case4,6x4,6x4_159,3,curated_human_review,1.0,0.9938713684056913,0.20937093778140956,0.34232365145228216,2
Case4,6x4,6x4_160,2,curated_human_review,1.0,0.9956438033385174,0.19835913575288053,0.1938061938061938,2
Case4,6x4,6x4_161,1,curated_human_review,1.0,0.9999814250975589,0.017478185716301997,0.5644355644355644,1
Case4,6x4,6x4_162,2,curated_human_review,1.0,0.9957543269493043,0.1984860816186191,0.1958041958041958,2
Case4,6x4,6x4_163,2,curated_human_review,1.0,0.9978374815552371,0.15504756097116826,0.2047952047952048,2
Case4,6x4,6x4_164,2,curated_human_review,1.0,0.9939153211565775,0.2004417637503726,0.3336663336663337,2
Case4,6x4,6x4_165,3,curated_human_review,1.0,0.9936345464306092,0.21443732062598375,0.34665334665334663,3
Case4,6x4,6x4_166,2,curated_human_review,1.0,0.9954760904301786,0.1948760590361207,0.2087912087912088,2
Case4,6x4,6x4_167,3,curated_human_review,1.0,0.9937985451355782,0.2135478709068571,0.3465140478668054,3
Case4,6x4,6x4_168,3,curated_human_review,1.0,0.9950102874857322,0.1733433974510053,0.34102564102564104,2
Case4,6x4,6x4_169,1,curated_human_review,1.0,0.9999478970125969,0.0313424825671995,0.6213786213786214,1
Case4,6x4,6x4_170,2,curated_human_review,1.0,0.9991834204054433,0.10223753065889848,0.35364635364635366,1
Case4,6x4,6x4_171,3,curated_human_review,1.0,0.9939199804418158,0.1926171336242077,0.33266733266733267,2
Case4,6x4,6x4_172,2,curated_human_review,1.0,0.9954890848856895,0.19580111685756788,0.2087912087912088,2
Case4,6x4,6x4_173,1,curated_human_review,1.0,0.9997774559178482,0.052604583313599865,0.43656343656343655,1
Case4,6x4,6x4_174,1,curated_human_review,1.0,0.9997335391991407,0.04989087625661507,0.4515484515484515,1
Case4,6x4,6x4_175,1,curated_human_review,1.0,0.9999781315303854,0.02151696807696913,0.41858141858141856,1
Case4,6x4,6x4_176,2,curated_human_review,1.0,0.998367249550473,0.14279329804704782,0.23876123876123875,2
Case4,6x4,6x4_177,2,curated_human_review,1.0,0.99750754378738,0.16688586426458504,0.18981018981018982,2
Case4,6x4,6x4_178,2,curated_human_review,1.0,0.9981083051838605,0.1456513182589726,0.21578421578421578,2
Case4,6x4,6x4_179,1,curated_human_review,1.0,0.9990478874118599,0.11026640995157871,0.4095904095904096,2
Case4,6x4,6x4_180,2,curated_human_review,1.0,0.9955903201859515,0.21002745705728995,0.18181818181818182,3
Case4,6x4,6x4_181,2,curated_human_review,1.0,0.9995253567634446,0.06577867476103236,0.32367632367632365,1
Case4,6x4,6x4_182,2,curated_human_review,1.0,0.995143613649303,0.20768403584439463,0.18981018981018982,2
Case4,6x4,6x4_183,2,curated_human_review,1.0,0.99906026862893,0.10717764154054243,0.33166833166833165,1
Case4,6x4,6x4_184,2,curated_human_review,1.0,0.9994784917701256,0.06389876402477945,0.3176823176823177,1
Case4,6x4,6x4_185,2,curated_human_review,1.0,0.9965542640483723,0.18693139357134153,0.1848151848151848,2
Case4,6x4,6x4_186,2,curated_human_review,1.0,0.995347210159846,0.19378654633948886,0.2127872127872128,2
Case4,6x4,6x4_187,1,curated_human_review,1.0,0.9993642520194429,0.09511572351917419,0.40559440559440557,1
Case4,6x4,6x4_188,1,curated_human_review,1.0,0.9994228245382326,0.0919057647284809,0.44455544455544455,1
Case4,6x4,6x4_189,3,curated_human_review,1.0,0.9943114264418871,0.18037103717024527,0.2807192807192807,2
Case4,6x4,6x4_190,2,curated_human_review,1.0,0.9988048521017647,0.11499027895060365,0.3196803196803197,2
Case4,6x4,6x4_191,2,curated_human_review,1.0,0.9953481106915207,0.19791868626163067,0.2127872127872128,2
Case4,6x4,6x4_192,1,curated_human_review,1.0,0.9999494903183505,0.029177968230428522,0.3256743256743257,1
Case4,6x4,6x4_193,1,curated_human_review,1.0,0.9996583842399674,0.07841665507547145,0.5164835164835165,1
Case4,6x4,6x4_194,3,curated_human_review,1.0,0.9938674962812016,0.19226403697388353,0.32967032967032966,2
Case4,6x4,6x4_195,2,curated_human_review,1.0,0.9957917780175414,0.20218901306974255,0.1838161838161838,2
Case4,6x4,6x4_196,2,curated_human_review,1.0,0.9983085925737455,0.13865351924703512,0.22777222777222778,2
Case4,6x4,6x4_197,2,curated_human_review,1.0,0.9987098314204146,0.11974541544792537,0.29270729270729273,2
Case4,6x4,6x4_198,1,curated_human_review,1.0,0.9997439365506195,0.054425231297940656,0.4165834165834166,1
Case4,6x4,6x4_199,1,curated_human_review,1.0,0.9996280050235382,0.05679032378922493,0.33966033966033965,1
Case4,6x4,6x4_200,1,curated_human_review,1.0,0.9994103153489106,0.07094543063110172,0.2997002997002997,1
Case4,6x4,6x4_201,2,curated_human_review,1.0,0.9978061667416581,0.15584570569487763,0.2077922077922078,2
Case4,6x4,6x4_202,2,curated_human_review,1.0,0.9973757555495386,0.1703561187957118,0.18981018981018982,2
Case4,6x4,6x4_203,2,curated_human_review,1.0,0.998872984564077,0.11464457558846963,0.2887112887112887,2
Case4,6x4,6x4_204,3,curated_human_review,1.0,0.9937726526298781,0.23087870335378874,0.18981018981018982,3
Case4,6x4,6x4_205,1,curated_human_review,1.0,0.9998776250389729,0.06308521878163331,0.7092907092907093,1
Case4,6x4,6x4_206,2,curated_human_review,1.0,0.9958505042283069,0.2135505031602721,0.12887112887112886,3
Case4,6x4,6x4_207,2,curated_human_review,1.0,0.9965205276752149,0.19290611083898082,0.17682317682317683,2
Case4,6x4,6x4_208,1,curated_human_review,1.0,0.9995859555649587,0.06317839984042647,0.34265734265734266,1
Case4,6x4,6x4_209,1,curated_human_review,1.0,0.9999540606359926,0.02950492820313399,0.6413586413586414,1
Case4,6x4,6x4_210,3,curated_human_review,1.0,0.9935615738467637,0.1837228751209052,0.3096903096903097,2
Case4,6x4,6x4_211,1,curated_human_review,1.0,0.999981194349073,0.014839713325283105,0.7602397602397603,1
Case4,6x4,6x4_212,1,curated_human_review,1.0,0.9999069449123114,0.04277362790538033,0.7172827172827173,1
Case4,6x4,6x4_213,2,curated_human_review,1.0,0.9991765856180911,0.10455541722731182,0.4045954045954046,1
Case4,6x4,6x4_214,2,curated_human_review,1.0,0.9962143607987196,0.19265368481696182,0.1878121878121878,2
Case4,6x4,6x4_215,3,curated_human_review,1.0,0.9938275151850339,0.20209791807575528,0.3386613386613387,2
Case4,6x4,6x4_216,2,curated_human_review,1.0,0.9957266558480515,0.1996690588449488,0.18681318681318682,2
Case4,6x4,6x4_217,2,curated_human_review,1.0,0.9972698457878578,0.17043824001798613,0.19080919080919082,2
Case4,6x4,6x4_218,3,curated_human_review,1.0,0.9938886994963518,0.20022088523399456,0.33966033966033965,2
Case4,6x4,6x4_219,2,curated_human_review,1.0,0.9954851606734748,0.20181855324831327,0.1928071928071928,2
Case4,6x4,6x4_220,3,curated_human_review,1.0,0.9932535876430995,0.1858903447923429,0.2957042957042957,2
Case4,6x4,6x4_221,1,curated_human_review,1.0,0.9998449293001387,0.0461354915323861,0.5324675324675324,1
Case4,6x4,6x4_222,2,curated_human_review,1.0,0.9950281018737936,0.20723272198081638,0.2047952047952048,2
Case4,6x4,6x4_223,1,curated_human_review,1.0,0.9996590480349744,0.05400519450305551,0.3936063936063936,1
Case4,6x4,6x4_224,2,curated_human_review,1.0,0.9945468752438565,0.1960778419807794,0.22677322677322678,2
Case4,6x4,6x4_225,2,curated_human_review,1.0,0.9950986835309354,0.20204128532953683,0.2087912087912088,2
Case4,6x4,6x4_226,1,curated_human_review,1.0,0.9995071675523272,0.0566247209343234,0.32167832167832167,1
Case4,6x4,6x4_227,2,curated_human_review,1.0,0.9947357934014512,0.19210203288344416,0.23376623376623376,2
Case4,6x4,6x4_228,2,curated_human_review,1.0,0.998567377312924,0.1273200839299667,0.2597402597402597,2
Case4,6x4,6x4_229,1,curated_human_review,1.0,0.9995064523542463,0.06523416770930145,0.2997002997002997,1
Case4,6x4,6x4_230,2,curated_human_review,1.0,0.9985738124375239,0.12990803922685165,0.2677322677322677,2
Case4,6x4,6x4_231,2,curated_human_review,1.0,0.9975276056046142,0.16419362422992756,0.1978021978021978,2
Case4,6x4,6x4_232,3,curated_human_review,1.0,0.9937140566297598,0.18167022371137212,0.3006993006993007,2
Case4,6x4,6x4_233,2,curated_human_review,1.0,0.9970526798750289,0.1758851525409102,0.19080919080919082,2
Case4,6x4,6x4_234,1,curated_human_review,1.0,0.9995546061544565,0.08579731218571357,0.4825174825174825,1
Case4,6x4,6x4_235,2,curated_human_review,1.0,0.9956285582579016,0.19577009548911242,0.2017982017982018,2
Case4,6x4,6x4_236,2,curated_human_review,1.0,0.9964420317198093,0.19002242660476407,0.18181818181818182,2
Case4,6x4,6x4_237,2,curated_human_review,1.0,0.9986038252637962,0.1264518610340869,0.25574425574425574,2
Case4,6x4,6x4_238,2,curated_human_review,1.0,0.9973141455364574,0.16946431462163958,0.19480519480519481,2
Case4,6x4,6x4_239,3,curated_human_review,1.0,0.9937039026405055,0.20892079279758147,0.22777222777222778,2
Case4,6x4,6x4_240,2,curated_human_review,1.0,0.9980326843005795,0.1464752302193345,0.2217782217782218,2
Case4,6x4,6x4_241,3,curated_human_review,1.0,0.9938362266384326,0.20481547137862768,0.3387096774193548,2
Case4,6x4,6x4_242,2,curated_human_review,1.0,0.9986387377338444,0.12451790092281367,0.2597402597402597,2
Case4,6x4,6x4_243,1,curated_human_review,1.0,0.9999755768839937,0.020420343692011417,0.7322677322677322,1
Case4,6x4,6x4_244,1,curated_human_review,1.0,0.9998110349257767,0.05087534350924862,0.43956043956043955,1
Case4,6x4,6x4_245,2,curated_human_review,1.0,0.9940958736576909,0.2027150449706063,0.23076923076923078,2
Case4,6x4,6x4_246,1,curated_human_review,1.0,0.9999747818764458,0.018551333135925205,0.7522477522477522,1
Case4,6x4,6x4_247,1,curated_human_review,1.0,0.9999488249402035,0.030376126510285106,0.3876123876123876,1
Case4,6x4,6x4_248,3,curated_human_review,1.0,0.9938114741792223,0.18127462835669983,0.3036963036963037,2
Case4,6x4,6x4_249,3,curated_human_review,1.0,0.9938874916952957,0.1976986920236237,0.33766233766233766,2
Case4,6x4,6x4_250,1,curated_human_review,1.0,0.9995647951717795,0.09282850215906133,0.5534465534465535,1
Case4,6x4,6x4_251,2,curated_human_review,1.0,0.9953807940255577,0.19508623179724152,0.21478521478521478,2
Case4,6x4,6x4_252,1,curated_human_review,1.0,0.9995511087443275,0.061409909278202564,0.33966033966033965,1
Case4,6x4,6x4_253,2,curated_human_review,1.0,0.9989330414929815,0.11255751118694711,0.3126873126873127,2
Case4,6x4,6x4_254,2,curated_human_review,1.0,0.9963459853044249,0.19286133368167113,0.18581418581418582,2
Case4,6x4,6x4_255,2,curated_human_review,1.0,0.9987405917473182,0.12084850584788955,0.2707292707292707,2
Case4,6x4,6x4_256,3,curated_human_review,1.0,0.9938606860718525,0.18200662623697705,0.3026973026973027,2
Case4,6x4,6x4_257,1,curated_human_review,1.0,0.9999544399963876,0.029339062003726716,0.4915084915084915,1
Case4,6x4,6x4_258,2,curated_human_review,1.0,0.9967195324895674,0.1826523652696263,0.1888111888111888,2
Case4,6x4,6x4_259,2,curated_human_review,1.0,0.9941636240835157,0.19282857849278226,0.24375624375624375,2
Case4,6x4,6x4_260,1,curated_human_review,1.0,0.9997795603624106,0.036280404880610614,0.5574425574425574,1
Case4,6x4,6x4_261,2,curated_human_review,1.0,0.9932617682581856,0.1927190854993839,0.26873126873126874,2
Case4,6x4,6x4_262,1,curated_human_review,1.0,0.9998995127331163,0.038208379271995996,0.5164835164835165,1
Case4,6x4,6x4_263,3,curated_human_review,1.0,0.9941740718684594,0.18349560792021374,0.3176823176823177,2
Case4,6x4,6x4_264,1,curated_human_review,1.0,0.999881615718389,0.043162327764284296,0.44555444555444557,1
Case4,6x4,6x4_265,2,curated_human_review,1.0,0.9974198651066958,0.16989206424424141,0.1888111888111888,2
Case4,6x4,6x4_266,2,curated_human_review,1.0,0.9976293234010051,0.16486789556951306,0.21078921078921078,2
Case4,6x4,6x4_267,2,curated_human_review,1.0,0.9990500669482236,0.10962789991696746,0.3196803196803197,2
Case4,6x4,6x4_268,2,curated_human_review,1.0,0.9983687560735219,0.13452909074741834,0.24175824175824176,2
Case4,6x4,6x4_269,1,curated_human_review,1.0,0.999974809961635,0.016957519627827093,0.7682317682317682,1
Case4,6x4,6x4_270,2,curated_human_review,1.0,0.9954268536193863,0.20628327055248485,0.19080919080919082,2
Case4,6x4,6x4_271,2,curated_human_review,1.0,0.9986861044411098,0.12350810279044036,0.2677322677322677,2
Case4,6x4,6x4_272,1,curated_human_review,1.0,0.9999710447890087,0.024146643207982106,0.5634365634365635,1
Case4,6x4,6x4_273,1,curated_human_review,1.0,0.9998749635410928,0.04424809323484797,0.4785214785214785,1
Case4,6x4,6x4_274,2,curated_human_review,1.0,0.9957188078054849,0.21437080536374456,0.17482517482517482,3
Case4,6x4,6x4_275,2,curated_human_review,1.0,0.9967079153672809,0.18704326316061076,0.1838161838161838,2
Case4,6x4,6x4_276,1,curated_human_review,1.0,0.9999115262059749,0.038041480723931625,0.42357642357642356,1
Case4,6x4,6x4_277,1,curated_human_review,1.0,0.9998538534286143,0.04467439186533059,0.4255744255744256,1
Case4,6x4,6x4_278,2,curated_human_review,1.0,0.996444550610483,0.1935202329884188,0.17782217782217782,2
Case4,6x4,6x4_279,1,curated_human_review,1.0,0.9999509045722021,0.02873580568633053,0.32167832167832167,1
Case4,6x4,6x4_280,3,curated_human_review,1.0,0.9938567437897764,0.1898579803658347,0.26573426573426573,2
Case4,6x4,6x4_281,2,curated_human_review,1.0,0.9964096990473316,0.19140857708986092,0.18581418581418582,2
Case4,6x4,6x4_282,2,curated_human_review,1.0,0.9976201642178604,0.1626851826273915,0.19480519480519481,2
Case4,6x4,6x4_283,2,curated_human_review,1.0,0.9953745656482963,0.2142492232140344,0.18181818181818182,3
Case4,6x4,6x4_284,3,curated_human_review,1.0,0.9937537304183458,0.185967643305983,0.3196803196803197,2
Case4,6x4,6x4_285,2,curated_human_review,1.0,0.9972680779237412,0.17069048203947507,0.1918081918081918,2
Case4,6x4,6x4_286,1,curated_human_review,1.0,0.9993957977812297,0.06843571046340498,0.28471528471528473,1
Case4,6x4,6x4_287,2,curated_human_review,1.0,0.9970939399914702,0.17676863563119596,0.1878121878121878,2
Case4,6x4,6x4_288,2,curated_human_review,1.0,0.9989072105788772,0.11332511928639499,0.3036963036963037,2
Case4,6x4,6x4_289,2,curated_human_review,1.0,0.9948470398584465,0.20285195778918963,0.2047952047952048,2
Case4,6x4,6x4_290,2,curated_human_review,1.0,0.9967026872705194,0.18864969532498418,0.17782217782217782,2
Case4,6x4,6x4_291,3,curated_human_review,1.0,0.9941412864679507,0.18058742743923517,0.3106893106893107,2
Case4,6x4,6x4_292,1,curated_human_review,1.0,0.9999683328202917,0.025124046596005038,0.42157842157842157,1
Case4,6x4,6x4_293,3,curated_human_review,1.0,0.9938342591625237,0.18338550924827143,0.28771228771228774,2
Case4,6x4,6x4_294,1,curated_human_review,1.0,0.999888633609964,0.042439400660470666,0.5834165834165834,1
Case4,6x4,6x4_295,2,curated_human_review,1.0,0.9952090878436498,0.20362644146445877,0.21078921078921078,2
Case4,6x4,6x4_296,1,curated_human_review,1.0,0.9997092116934138,0.053013609970860104,0.3696303696303696,1
Case4,6x4,6x4_297,3,curated_human_review,1.0,0.9938780304692275,0.20512879722495475,0.3380710659898477,2
Case4,6x4,6x4_298,3,curated_human_review,1.0,0.9928966127338102,0.19779072303013387,0.2647352647352647,2
Case4,6x4,6x4_299,3,curated_human_review,1.0,0.99386723488803,0.18253171989835462,0.2827172827172827,2
Case4,6x4,6x4_300,1,curated_human_review,1.0,0.9998674906310159,0.05910712205415029,0.6713286713286714,1
Case4,6x8,6x8_001,2,curve_classifier_pseudo_label,0.72,0.9958767396972437,0.1721172579046006,0.21978021978021978,2
Case4,6x8,6x8_002,2,curve_classifier_pseudo_label,0.54,0.9990919218136575,0.10495796265221889,0.3146853146853147,1
Case4,6x8,6x8_003,2,curve_classifier_pseudo_label,0.5766666666666667,0.998949754620868,0.1106541996867345,0.3016983016983017,2
Case4,6x8,6x8_004,1,curve_classifier_pseudo_label,0.9366666666666666,0.9999544520458431,0.030233268959655866,0.44155844155844154,1
Case4,6x8,6x8_005,2,curve_classifier_pseudo_label,0.7366666666666667,0.9957170843837515,0.18346859779236194,0.1998001998001998,2
Case4,6x8,6x8_006,2,curve_classifier_pseudo_label,0.75,0.9959712071483485,0.15486325734707038,0.2647352647352647,2
Case4,6x8,6x8_007,1,curve_classifier_pseudo_label,0.82,0.9995525314430824,0.06444359238048843,0.27672327672327673,1
Case4,6x8,6x8_008,2,curve_classifier_pseudo_label,0.6383333333333333,0.9961203960243117,0.14700042130956098,0.3106893106893107,2
Case4,6x8,6x8_009,2,curve_classifier_pseudo_label,0.775,0.9959441214822559,0.17922457145141701,0.2017982017982018,2
Case4,6x8,6x8_010,1,curve_classifier_pseudo_label,0.645,0.9998137765282866,0.05471267756679298,0.26573426573426573,1
Case4,6x8,6x8_011,3,curve_classifier_pseudo_label,0.545,0.995286111156079,0.16130308372573493,0.2757242757242757,2
Case4,6x8,6x8_012,2,curve_classifier_pseudo_label,0.685,0.9957988816446234,0.15925878467567517,0.25774225774225773,2
Case4,6x8,6x8_013,2,curve_classifier_pseudo_label,0.6833333333333333,0.9977830015095546,0.15174629520364866,0.19880119880119881,2
Case4,6x8,6x8_014,2,curve_classifier_pseudo_label,0.8366666666666667,0.9959015151794254,0.1601004131176809,0.25074925074925075,2
Case4,6x8,6x8_015,2,curve_classifier_pseudo_label,0.6466666666666666,0.99814025246542,0.14067950584907515,0.21478521478521478,2
Case4,6x8,6x8_016,1,curve_classifier_pseudo_label,0.9083333333333333,0.9998549193995846,0.04614296817053658,0.36163836163836166,1
Case4,6x8,6x8_017,2,curve_classifier_pseudo_label,0.7816666666666666,0.9970651273152179,0.17139846906551073,0.18181818181818182,2
Case4,6x8,6x8_018,2,curve_classifier_pseudo_label,0.72,0.9976669051175455,0.1550396406034113,0.1998001998001998,2
Case4,6x8,6x8_019,2,curve_classifier_pseudo_label,0.7716666666666666,0.9965132000860467,0.18116003238742273,0.18081918081918083,2
Case4,6x8,6x8_020,2,curve_classifier_pseudo_label,0.6566666666666666,0.9957000035927623,0.1584433314866828,0.26973026973026976,2
Case4,6x8,6x8_021,1,curve_classifier_pseudo_label,0.52,0.9991994953808078,0.10111979915938679,0.36563436563436563,1
Case4,6x8,6x8_022,2,curve_classifier_pseudo_label,0.595,0.9981061693145352,0.14632461026525906,0.21978021978021978,2
Case4,6x8,6x8_023,1,curve_classifier_pseudo_label,0.8916666666666667,0.9998720219298478,0.053256801357325176,0.42957042957042957,1
Case4,6x8,6x8_024,2,curve_classifier_pseudo_label,0.7766666666666666,0.9967642458998819,0.17748033008129144,0.17882117882117882,2
Case4,6x8,6x8_025,1,curve_classifier_pseudo_label,0.6583333333333333,0.9995904884921735,0.08011233651224864,0.2757242757242757,1
Case4,6x8,6x8_026,1,curve_classifier_pseudo_label,0.6816666666666666,0.9998334685622869,0.05245842776298223,0.27972027972027974,1
Case4,6x8,6x8_027,2,curve_classifier_pseudo_label,0.5716666666666667,0.9987683414616707,0.11805317150627223,0.26973026973026976,2
Case4,6x8,6x8_028,2,curve_classifier_pseudo_label,0.6066666666666667,0.9970579056829587,0.1812489252072301,0.18081918081918083,2
Case4,6x8,6x8_029,2,curve_classifier_pseudo_label,0.5266666666666666,0.999167585244358,0.10119900170001692,0.32867132867132864,1
Case4,6x8,6x8_030,3,curve_classifier_pseudo_label,0.8583333333333333,0.9948450543841176,0.17959867344627933,0.3046953046953047,2
Case4,6x8,6x8_031,1,curve_classifier_pseudo_label,0.975,0.9999375261476593,0.036035363906800615,0.4485514485514486,1
Case4,6x8,6x8_032,3,curve_classifier_pseudo_label,0.79,0.9948965770925842,0.1797746749014363,0.3026973026973027,2
Case4,6x8,6x8_033,1,curve_classifier_pseudo_label,0.7083333333333334,0.9997270485759076,0.06183848942622157,0.2957042957042957,1
Case4,6x8,6x8_034,2,curve_classifier_pseudo_label,0.53,0.9951439616910628,0.17094886677477897,0.24575424575424576,2
Case4,6x8,6x8_035,1,curve_classifier_pseudo_label,0.6216666666666667,0.9998335712236481,0.051918246046423616,0.2937062937062937,1
Case4,6x8,6x8_036,3,curve_classifier_pseudo_label,0.805,0.9950886211857121,0.169654356007589,0.2957042957042957,2
Case4,6x8,6x8_037,1,curve_classifier_pseudo_label,0.685,0.9997861448208694,0.057234560357286676,0.2897102897102897,1
Case4,6x8,6x8_038,1,curve_classifier_pseudo_label,0.9833333333333333,0.9999670367957336,0.025249854620900253,0.4775224775224775,1
Case4,6x8,6x8_039,2,curve_classifier_pseudo_label,0.5816666666666667,0.9988219431378211,0.11546642005196411,0.27672327672327673,2
Case4,6x8,6x8_040,2,curve_classifier_pseudo_label,0.69,0.9967678688677342,0.17645333670151536,0.1838161838161838,2
Case4,6x8,6x8_041,2,curve_classifier_pseudo_label,0.7216666666666667,0.9961212685585937,0.1504378841989531,0.2837162837162837,2
Case4,6x8,6x8_042,1,curve_classifier_pseudo_label,0.5266666666666666,0.9995415218370107,0.06624880743948178,0.2727272727272727,1
Case4,6x8,6x8_043,1,curve_classifier_pseudo_label,0.785,0.9998569669376425,0.04929101090788094,0.3016983016983017,1
Case4,6x8,6x8_044,1,curve_classifier_pseudo_label,0.9866666666666667,0.9999490105746398,0.03474866521774265,0.4805194805194805,1
Case4,6x8,6x8_045,3,curve_classifier_pseudo_label,0.525,0.9945528758093904,0.17566387807744566,0.25074925074925075,2
Case4,6x8,6x8_046,1,curve_classifier_pseudo_label,0.6866666666666666,0.9998712186255713,0.04749931846785084,0.28471528471528473,1
Case4,6x8,6x8_047,2,curve_classifier_pseudo_label,0.6333333333333333,0.996447880324352,0.18759332077642102,0.1798201798201798,2
Case4,6x8,6x8_048,2,curve_classifier_pseudo_label,0.7983333333333333,0.9961117117595796,0.15103568759377267,0.2907092907092907,2
Case4,6x8,6x8_049,2,curve_classifier_pseudo_label,0.555,0.9947080399660619,0.1993771702985046,0.2007992007992008,2
Case4,6x8,6x8_050,2,curve_classifier_pseudo_label,0.665,0.9951761617744523,0.17473960571789898,0.23476523476523475,2
Case4,6x8,6x8_051,2,curve_classifier_pseudo_label,0.7183333333333334,0.9969913460761323,0.17160053686323926,0.18281718281718282,2
Case4,6x8,6x8_052,2,curve_classifier_pseudo_label,0.7516666666666667,0.9972962947269512,0.166456407648472,0.18281718281718282,2
Case4,6x8,6x8_053,2,curve_classifier_pseudo_label,0.69,0.9961098721475318,0.15004279483556202,0.32167832167832167,2
Case4,6x8,6x8_054,2,curve_classifier_pseudo_label,0.5916666666666667,0.995154154819178,0.17733531253516227,0.23076923076923078,2
Case4,6x8,6x8_055,1,curve_classifier_pseudo_label,0.705,0.9995628057839631,0.08062120307152981,0.39760239760239763,1
Case4,6x8,6x8_056,2,curve_classifier_pseudo_label,0.7233333333333334,0.995865159579267,0.17122150904825015,0.22277722277722278,2
Case4,6x8,6x8_057,2,curve_classifier_pseudo_label,0.77,0.9960834550182497,0.15237151802331425,0.2977022977022977,2
Case4,6x8,6x8_058,2,curve_classifier_pseudo_label,0.7183333333333334,0.9959124257273628,0.15758498452716782,0.25774225774225773,2
Case4,6x8,6x8_059,3,curve_classifier_pseudo_label,0.8733333333333333,0.9945907990964782,0.19300685539562046,0.3086913086913087,2
Case4,6x8,6x8_060,2,curve_classifier_pseudo_label,0.5183333333333333,0.9984619305602205,0.1294207519977102,0.23676323676323677,2
Case4,6x8,6x8_061,2,curve_classifier_pseudo_label,0.6466666666666666,0.9958078096185812,0.15730896546506348,0.26873126873126874,2
Case4,6x8,6x8_062,2,curve_classifier_pseudo_label,0.49333333333333335,0.9947530543640548,0.21568834728629405,0.17482517482517482,3
Case4,6x8,6x8_063,2,curve_classifier_pseudo_label,0.6866666666666666,0.9980017534529101,0.14615277242245955,0.2047952047952048,2
Case4,6x8,6x8_064,2,curve_classifier_pseudo_label,0.8066666666666666,0.9958002905155532,0.18153603969144447,0.2007992007992008,2
Case4,6x8,6x8_065,2,curve_classifier_pseudo_label,0.7166666666666667,0.9970264628717781,0.17250743658753395,0.1798201798201798,2
Case4,6x8,6x8_066,1,curve_classifier_pseudo_label,0.6583333333333333,0.9997036411635694,0.07259686528798175,0.3356643356643357,1
Case4,6x8,6x8_067,1,curve_classifier_pseudo_label,0.695,0.9998071134393607,0.05507097057350298,0.2937062937062937,1
Case4,6x8,6x8_068,3,curve_classifier_pseudo_label,0.775,0.9951714988272444,0.17041754684893864,0.2967032967032967,2
Case4,6x8,6x8_069,2,curve_classifier_pseudo_label,0.6283333333333333,0.9983977801533368,0.13149767668281354,0.23476523476523475,2
Case4,6x8,6x8_070,1,curve_classifier_pseudo_label,0.615,0.9994926927002777,0.07275421793070291,0.2647352647352647,1
Case4,6x8,6x8_071,2,curve_classifier_pseudo_label,0.6566666666666666,0.9971050110073403,0.1723935245405957,0.19080919080919082,2
Case4,6x8,6x8_072,3,curve_classifier_pseudo_label,0.7433333333333333,0.9949144850390332,0.16345790605484276,0.2867132867132867,2
Case4,6x8,6x8_073,2,curve_classifier_pseudo_label,0.7433333333333333,0.9956525691141929,0.19013023562316142,0.19080919080919082,2
Case4,6x8,6x8_074,3,curve_classifier_pseudo_label,0.8783333333333333,0.9929712702290574,0.23964558850292222,0.32867132867132864,3
Case4,6x8,6x8_075,2,curve_classifier_pseudo_label,0.855,0.9958555839637209,0.1682772889781097,0.23276723276723277,2
Case4,6x8,6x8_076,2,curve_classifier_pseudo_label,0.575,0.9957387204763118,0.1582542248923171,0.26673326673326675,2
Case4,6x8,6x8_077,2,curve_classifier_pseudo_label,0.77,0.9958906593120053,0.1763630740570848,0.2097902097902098,2
Case4,6x8,6x8_078,2,curve_classifier_pseudo_label,0.78,0.9965081074881833,0.18124827331105062,0.18081918081918083,2
Case4,6x8,6x8_079,2,curve_classifier_pseudo_label,0.6383333333333333,0.9984059846278384,0.13175271278057782,0.23176823176823177,2
Case4,6x8,6x8_080,1,curve_classifier_pseudo_label,0.9733333333333334,0.999521463722239,0.08583699084855892,0.46653346653346656,1
Case4,6x8,6x8_081,2,curve_classifier_pseudo_label,0.64,0.9980406470410566,0.14469344260061098,0.21078921078921078,2
Case4,6x8,6x8_082,2,curve_classifier_pseudo_label,0.5533333333333333,0.9987327885868682,0.11735534669744568,0.2757242757242757,2
Case4,6x8,6x8_083,2,curve_classifier_pseudo_label,0.82,0.9960984000759335,0.14643064577914813,0.2987012987012987,2
Case4,6x8,6x8_084,2,curve_classifier_pseudo_label,0.49,0.9988602725989315,0.11383856579867346,0.2957042957042957,2
Case4,6x8,6x8_085,2,curve_classifier_pseudo_label,0.555,0.9987169464715431,0.11997094145285647,0.26573426573426573,2
Case4,6x8,6x8_086,2,curve_classifier_pseudo_label,0.5666666666666667,0.9990697199716647,0.1055394844647239,0.3166833166833167,1
Case4,6x8,6x8_087,2,curve_classifier_pseudo_label,0.6933333333333334,0.9976916025257638,0.15671552094750751,0.1928071928071928,2
Case4,6x8,6x8_088,2,curve_classifier_pseudo_label,0.45166666666666666,0.9942495868598983,0.20107581694985102,0.20679320679320679,2
Case4,6x8,6x8_089,3,curve_classifier_pseudo_label,0.4766666666666667,0.9945363437359597,0.17613842591978765,0.24875124875124874,2
Case4,6x8,6x8_090,2,curve_classifier_pseudo_label,0.7766666666666666,0.9962033656259791,0.18214017781033168,0.1878121878121878,2
Case4,6x8,6x8_091,3,curve_classifier_pseudo_label,0.6283333333333333,0.9951242181199944,0.1625276998970659,0.27672327672327673,2
Case4,6x8,6x8_092,2,curve_classifier_pseudo_label,0.53,0.9990273087683242,0.11521010003512186,0.26373626373626374,2
Case4,6x8,6x8_093,1,curve_classifier_pseudo_label,0.7283333333333334,0.9998642288028101,0.04829121536886775,0.3106893106893107,1
Case4,6x8,6x8_094,1,curve_classifier_pseudo_label,0.9733333333333334,0.9997946970840264,0.042102657773351246,0.36563436563436563,1
Case4,6x8,6x8_095,2,curve_classifier_pseudo_label,0.7416666666666667,0.9969944839923877,0.1729498808737216,0.18081918081918083,2
Case4,6x8,6x8_096,1,curve_classifier_pseudo_label,0.7366666666666667,0.9995651623100122,0.06772249013035322,0.2777222777222777,1
Case4,6x8,6x8_097,2,curve_classifier_pseudo_label,0.6483333333333333,0.9957589833696731,0.19105682625065287,0.1878121878121878,2
Case4,6x8,6x8_098,3,curve_classifier_pseudo_label,0.7016666666666667,0.9954124410449597,0.1608916944229325,0.2857142857142857,2
Case4,6x8,6x8_099,2,curve_classifier_pseudo_label,0.5683333333333334,0.9979998766386218,0.14687692434062327,0.20279720279720279,2
Case4,6x8,6x8_100,1,curve_classifier_pseudo_label,0.8,0.9998561563211545,0.05526190801514395,0.4075924075924076,1
Case4,6x8,6x8_101,2,curve_classifier_pseudo_label,0.6183333333333333,0.9954277970005441,0.17119406045701047,0.23576423576423577,2
Case4,6x8,6x8_102,2,curve_classifier_pseudo_label,0.755,0.9959967191665473,0.17804478917147373,0.2047952047952048,2
Case4,6x8,6x8_103,2,curve_classifier_pseudo_label,0.6933333333333334,0.9959197830856097,0.15940349222335634,0.2517482517482518,2
Case4,6x8,6x8_104,2,curve_classifier_pseudo_label,0.525,0.9960041528984954,0.15509462238051572,0.31868131868131866,2
Case4,6x8,6x8_105,1,curve_classifier_pseudo_label,0.63,0.9997738326578627,0.05875632142223745,0.23776223776223776,1
Case4,6x8,6x8_106,2,curve_classifier_pseudo_label,0.5966666666666667,0.9952746402355978,0.16537452024673802,0.25774225774225773,2
Case4,6x8,6x8_107,2,curve_classifier_pseudo_label,0.6683333333333333,0.9960936797681154,0.15077904435644046,0.2777222777222777,2
Case4,6x8,6x8_108,2,curve_classifier_pseudo_label,0.51,0.9988747513773566,0.11342734695048862,0.2917082917082917,2
Case4,6x8,6x8_109,2,curve_classifier_pseudo_label,0.76,0.9958875141795763,0.16352619085499032,0.24075924075924077,2
Case4,6x8,6x8_110,2,curve_classifier_pseudo_label,0.6116666666666667,0.9957777681185315,0.15758997035178238,0.26873126873126874,2
Case4,6x8,6x8_111,2,curve_classifier_pseudo_label,0.7516666666666667,0.9961093024460355,0.14883712986944972,0.3156843156843157,2
Case4,6x8,6x8_112,3,curve_classifier_pseudo_label,0.8216666666666667,0.994987598166147,0.17485175210479703,0.3006993006993007,2
Case4,6x8,6x8_113,3,curve_classifier_pseudo_label,0.7583333333333333,0.995400407939911,0.1608567821199478,0.28771228771228774,2
Case4,6x8,6x8_114,2,curve_classifier_pseudo_label,0.7133333333333334,0.9974119155281242,0.16393642583899376,0.18681318681318682,2
Case4,6x8,6x8_115,2,curve_classifier_pseudo_label,0.835,0.995933506115483,0.17353313748553303,0.21578421578421578,2
Case4,6x8,6x8_116,2,curve_classifier_pseudo_label,0.74,0.9961067021617341,0.14608415877467806,0.2987012987012987,2
Case4,6x8,6x8_117,2,curve_classifier_pseudo_label,0.755,0.9969856033073725,0.17452120513945077,0.17782217782217782,2
Case4,6x8,6x8_118,1,curve_classifier_pseudo_label,0.7866666666666666,0.9995966292664994,0.06848339297548171,0.27672327672327673,1
Case4,6x8,6x8_119,3,curve_classifier_pseudo_label,0.8,0.9951125951511097,0.16253224353909795,0.28771228771228774,2
Case4,6x8,6x8_120,2,curve_classifier_pseudo_label,0.7116666666666667,0.9965476230832749,0.18011563083092388,0.18181818181818182,2
Case4,6x8,6x8_121,2,curve_classifier_pseudo_label,0.6716666666666666,0.9954951658744154,0.1692111023914281,0.23876123876123875,2
Case4,6x8,6x8_122,2,curve_classifier_pseudo_label,0.785,0.9958933479223477,0.16848473769196623,0.22877122877122877,2
Case4,6x8,6x8_123,2,curve_classifier_pseudo_label,0.6116666666666667,0.9960676813845746,0.15276025980334115,0.3016983016983017,2
Case4,6x8,6x8_124,2,curve_classifier_pseudo_label,0.5633333333333334,0.9987502049788345,0.11868226012258583,0.26873126873126874,2
Case4,6x8,6x8_125,2,curve_classifier_pseudo_label,0.8066666666666666,0.9961106160225232,0.15094433332857965,0.2917082917082917,2
Case4,6x8,6x8_126,3,curve_classifier_pseudo_label,0.64,0.9948745517024411,0.18006020594262184,0.3036963036963037,2
Case4,6x8,6x8_127,1,curve_classifier_pseudo_label,0.8416666666666667,0.999867566464935,0.046991056380283475,0.33666333666333664,1
Case4,6x8,6x8_128,1,curve_classifier_pseudo_label,0.84,0.9998660072010057,0.05167254250454498,0.39760239760239763,1
Case4,6x8,6x8_129,3,curve_classifier_pseudo_label,0.845,0.9950219081599451,0.16855575750134807,0.2957042957042957,2
Case4,6x8,6x8_130,2,curve_classifier_pseudo_label,0.71,0.9958064920889308,0.1613729795086794,0.24975024975024976,2
Case4,6x8,6x8_131,2,curve_classifier_pseudo_label,0.5583333333333333,0.9991279439435208,0.10295348117355309,0.3206793206793207,1
Case4,6x8,6x8_132,2,curve_classifier_pseudo_label,0.5366666666666666,0.9983834788253091,0.1417047310066983,0.2177822177822178,2
Case4,6x8,6x8_133,2,curve_classifier_pseudo_label,0.5516666666666666,0.9946346952736813,0.19422322005160556,0.21078921078921078,2
Case4,6x8,6x8_134,2,curve_classifier_pseudo_label,0.6366666666666667,0.9985769781053452,0.1252165278692183,0.24875124875124874,2
Case4,6x8,6x8_135,2,curve_classifier_pseudo_label,0.6266666666666667,0.99809611184248,0.14303694290326097,0.2097902097902098,2
Case4,6x8,6x8_136,2,curve_classifier_pseudo_label,0.75,0.9960740485547342,0.1516084331328785,0.27472527472527475,2
Case4,6x8,6x8_137,1,curve_classifier_pseudo_label,0.8616666666666667,0.9993669637778212,0.09305245731351207,0.4275724275724276,1
Case4,6x8,6x8_138,2,curve_classifier_pseudo_label,0.7433333333333333,0.9964119422651853,0.18188614835287548,0.1838161838161838,2
Case4,6x8,6x8_139,2,curve_classifier_pseudo_label,0.6133333333333333,0.99852182552385,0.12799908684831907,0.24775224775224775,2
Case4,6x8,6x8_140,3,curve_classifier_pseudo_label,0.9016666666666666,0.9860983157158818,0.3470316184062126,0.08091908091908091,3
Case4,6x8,6x8_141,2,curve_classifier_pseudo_label,0.5716666666666667,0.9988744042411283,0.11211458068969676,0.3006993006993007,2
Case4,6x8,6x8_142,2,curve_classifier_pseudo_label,0.655,0.9958028923521266,0.15966181594261522,0.25574425574425574,2
Case4,6x8,6x8_143,2,curve_classifier_pseudo_label,0.5366666666666666,0.9984543678964699,0.1385165295335825,0.22577422577422576,2
Case4,6x8,6x8_144,2,curve_classifier_pseudo_label,0.6383333333333333,0.9978498447568398,0.15160142259592232,0.19880119880119881,2
Case4,6x8,6x8_145,2,curve_classifier_pseudo_label,0.5083333333333333,0.9954500802734656,0.21527597057406328,0.16183816183816183,3
Case4,6x8,6x8_146,2,curve_classifier_pseudo_label,0.615,0.9965878561382048,0.1859041556062019,0.18281718281718282,2
Case4,6x8,6x8_147,2,curve_classifier_pseudo_label,0.675,0.9958834644897007,0.18919294667553965,0.18581418581418582,2
Case4,6x8,6x8_148,1,curve_classifier_pseudo_label,0.5133333333333333,0.9992120334323293,0.10000480662094012,0.3546453546453546,1
Case4,6x8,6x8_149,2,curve_classifier_pseudo_label,0.7583333333333333,0.996273392967453,0.18233587907206109,0.1848151848151848,2
Case4,6x8,6x8_150,2,curve_classifier_pseudo_label,0.6533333333333333,0.9953458648692295,0.17186551239867578,0.23676323676323677,2
Case4,6x8,6x8_151,1,curve_classifier_pseudo_label,0.67,0.9998043796079871,0.055036025538721056,0.3036963036963037,1
Case4,6x8,6x8_152,2,curve_classifier_pseudo_label,0.745,0.9960373047759475,0.1808971104041256,0.1968031968031968,2
Case4,6x8,6x8_153,1,curve_classifier_pseudo_label,0.8966666666666666,0.9994642733669908,0.08861009526703834,0.43156843156843155,1
Case4,6x8,6x8_154,1,curve_classifier_pseudo_label,0.8266666666666667,0.9998569906524484,0.056382078478163705,0.42857142857142855,1
Case4,6x8,6x8_155,3,curve_classifier_pseudo_label,0.6966666666666667,0.9950527993161647,0.16251407843518756,0.28471528471528473,2
Case4,6x8,6x8_156,1,curve_classifier_pseudo_label,0.7233333333333334,0.9997936339853493,0.05660754125691029,0.2757242757242757,1
Case4,6x8,6x8_157,2,curve_classifier_pseudo_label,0.7433333333333333,0.9961285986525276,0.18150999756939076,0.1938061938061938,2
Case4,6x8,6x8_158,2,curve_classifier_pseudo_label,0.6033333333333334,0.9950929597026308,0.17768904521804238,0.23076923076923078,2
Case4,6x8,6x8_159,3,curve_classifier_pseudo_label,0.8616666666666667,0.9935227508212108,0.22790195867306515,0.3220338983050847,3
Case4,6x8,6x8_160,2,curve_classifier_pseudo_label,0.59,0.9954128896879656,0.16733366531349309,0.24675324675324675,2
Case4,6x8,6x8_161,1,curve_classifier_pseudo_label,0.5683333333333334,0.9996121280849429,0.0783689599496105,0.3676323676323676,1
Case4,6x8,6x8_162,2,curve_classifier_pseudo_label,0.6983333333333334,0.9960458187415435,0.15161535416912958,0.27372627372627373,2
Case4,6x8,6x8_163,2,curve_classifier_pseudo_label,0.7733333333333333,0.9962771389785556,0.18256064361227048,0.18681318681318682,2
Case4,6x8,6x8_164,3,curve_classifier_pseudo_label,0.7466666666666667,0.9947379410582973,0.1873252994326264,0.30569430569430567,2
Case4,6x8,6x8_165,3,curve_classifier_pseudo_label,0.87,0.9940220617782101,0.21167005523731547,0.3166833166833167,3
Case4,6x8,6x8_166,2,curve_classifier_pseudo_label,0.6733333333333333,0.9960108358146342,0.15338218672749496,0.27172827172827174,2
Case4,6x8,6x8_167,3,curve_classifier_pseudo_label,0.8666666666666667,0.9929720649819362,0.23929237955492638,0.32967032967032966,3
Case4,6x8,6x8_168,3,curve_classifier_pseudo_label,0.895,0.9843601634493497,0.366841721976744,0.08691308691308691,3
Case4,6x8,6x8_169,1,curve_classifier_pseudo_label,0.825,0.9998693241822728,0.049818845557664866,0.3936063936063936,1
Case4,6x8,6x8_170,2,curve_classifier_pseudo_label,0.5816666666666667,0.9984028327679453,0.1325515169688093,0.24075924075924077,2
Case4,6x8,6x8_171,3,curve_classifier_pseudo_label,0.8566666666666667,0.9948489201410915,0.18278384667162945,0.3036963036963037,2
Case4,6x8,6x8_172,2,curve_classifier_pseudo_label,0.705,0.9961109736903214,0.15073778819764,0.27972027972027974,2
Case4,6x8,6x8_173,1,curve_classifier_pseudo_label,0.7516666666666667,0.999666529579383,0.06274484592783676,0.2977022977022977,1
Case4,6x8,6x8_174,2,curve_classifier_pseudo_label,0.5133333333333333,0.9990221594099256,0.1055594519619107,0.34165834165834164,1
Case4,6x8,6x8_175,1,curve_classifier_pseudo_label,0.6433333333333333,0.9997995735304777,0.05603918903922274,0.2647352647352647,1
Case4,6x8,6x8_176,2,curve_classifier_pseudo_label,0.6133333333333333,0.9967196122708964,0.18848749271020282,0.17682317682317683,2
Case4,6x8,6x8_177,2,curve_classifier_pseudo_label,0.7983333333333333,0.996013716618938,0.17844579393183124,0.2037962037962038,2
Case4,6x8,6x8_178,2,curve_classifier_pseudo_label,0.7566666666666667,0.9966681382704138,0.17821278594457934,0.1798201798201798,2
Case4,6x8,6x8_179,2,curve_classifier_pseudo_label,0.5366666666666666,0.9986872678854238,0.121496652639117,0.2627372627372627,2
Case4,6x8,6x8_180,2,curve_classifier_pseudo_label,0.8483333333333334,0.9960657087203628,0.14623716440980586,0.2937062937062937,2
Case4,6x8,6x8_181,2,curve_classifier_pseudo_label,0.595,0.998512847611451,0.1276196018407199,0.24175824175824176,2
Case4,6x8,6x8_182,2,curve_classifier_pseudo_label,0.5966666666666667,0.9951391332843698,0.16914507692167557,0.25074925074925075,2
Case4,6x8,6x8_183,2,curve_classifier_pseudo_label,0.62,0.9983043686380852,0.1354802541316499,0.22377622377622378,2
Case4,6x8,6x8_184,2,curve_classifier_pseudo_label,0.5916666666666667,0.9983813903148882,0.1327146592356524,0.22877122877122877,2
Case4,6x8,6x8_185,2,curve_classifier_pseudo_label,0.7666666666666667,0.9954728316413599,0.1801472048901726,0.2137862137862138,2
Case4,6x8,6x8_186,2,curve_classifier_pseudo_label,0.6333333333333333,0.9958577851385254,0.15682757986640933,0.2677322677322677,2
Case4,6x8,6x8_187,2,curve_classifier_pseudo_label,0.5666666666666667,0.9987908626583872,0.11931955413178644,0.27172827172827174,2
Case4,6x8,6x8_188,2,curve_classifier_pseudo_label,0.58,0.9989227324908067,0.11134765470928919,0.2917082917082917,2
Case4,6x8,6x8_189,3,curve_classifier_pseudo_label,0.7683333333333333,0.9953903555047007,0.16112559526636172,0.2897102897102897,2
Case4,6x8,6x8_190,2,curve_classifier_pseudo_label,0.665,0.9981189038442999,0.14263984333943577,0.2097902097902098,2
Case4,6x8,6x8_191,2,curve_classifier_pseudo_label,0.68,0.9961311344815512,0.14932063827429845,0.2947052947052947,2
Case4,6x8,6x8_192,1,curve_classifier_pseudo_label,0.6,0.9997471335257604,0.060901588415334613,0.2057942057942058,1
Case4,6x8,6x8_193,2,curve_classifier_pseudo_label,0.51,0.9992990923829861,0.09586409298614733,0.33666333666333664,1
Case4,6x8,6x8_194,3,curve_classifier_pseudo_label,0.8533333333333334,0.9948429708314022,0.18059605062533868,0.3036963036963037,2
Case4,6x8,6x8_195,2,curve_classifier_pseudo_label,0.8216666666666667,0.9960283717420885,0.152751926633074,0.26973026973026976,2
Case4,6x8,6x8_196,2,curve_classifier_pseudo_label,0.7883333333333333,0.9968161227157711,0.17765935159296292,0.17882117882117882,2
Case4,6x8,6x8_197,2,curve_classifier_pseudo_label,0.655,0.9978115523038911,0.1527422163006396,0.1978021978021978,2
Case4,6x8,6x8_198,1,curve_classifier_pseudo_label,0.6483333333333333,0.9996152810208828,0.06513575485902126,0.28771228771228774,1
Case4,6x8,6x8_199,2,curve_classifier_pseudo_label,0.5516666666666666,0.9985497934827929,0.1265593020240109,0.24875124875124874,2
Case4,6x8,6x8_200,2,curve_classifier_pseudo_label,0.515,0.9982043916256274,0.1393143241848839,0.2177822177822178,2
Case4,6x8,6x8_201,2,curve_classifier_pseudo_label,0.7333333333333333,0.9963382265670317,0.1823469562550532,0.1848151848151848,2
Case4,6x8,6x8_202,2,curve_classifier_pseudo_label,0.765,0.9959775236714262,0.17834760842589575,0.2057942057942058,2
Case4,6x8,6x8_203,2,curve_classifier_pseudo_label,0.6766666666666666,0.9978922780230499,0.14853917378905407,0.2037962037962038,2
Case4,6x8,6x8_204,3,curve_classifier_pseudo_label,0.67,0.9939467764037098,0.17697772184075708,0.25674325674325676,2
Case4,6x8,6x8_205,1,curve_classifier_pseudo_label,0.9766666666666667,0.9996311052511189,0.07656700986588526,0.46853146853146854,1
Case4,6x8,6x8_206,2,curve_classifier_pseudo_label,0.7,0.9960969583264373,0.15017813063872976,0.3226773226773227,2
Case4,6x8,6x8_207,2,curve_classifier_pseudo_label,0.78,0.9959059305198795,0.157778054059552,0.25774225774225773,2
Case4,6x8,6x8_208,2,curve_classifier_pseudo_label,0.5516666666666666,0.9986613591475161,0.12083012475201824,0.2627372627372627,2
Case4,6x8,6x8_209,1,curve_classifier_pseudo_label,0.8583333333333333,0.9998802477985186,0.048680370372149014,0.4025974025974026,1
Case4,6x8,6x8_210,3,curve_classifier_pseudo_label,0.6983333333333334,0.9950122174499799,0.17053128978762003,0.2967032967032967,2
Case4,6x8,6x8_211,1,curve_classifier_pseudo_label,0.9916666666666667,0.9999515048997514,0.03331860264689144,0.4775224775224775,1
Case4,6x8,6x8_212,1,curve_classifier_pseudo_label,0.9833333333333333,0.9999431483017304,0.027490627327610845,0.43956043956043955,1
Case4,6x8,6x8_213,2,curve_classifier_pseudo_label,0.5666666666666667,0.9987102400210702,0.12073502070958173,0.26373626373626374,2
Case4,6x8,6x8_214,2,curve_classifier_pseudo_label,0.7,0.9958522457639398,0.16222232713065607,0.24575424575424576,2
Case4,6x8,6x8_215,3,curve_classifier_pseudo_label,0.8683333333333333,0.9946900421930146,0.1876804619492761,0.3086913086913087,2
Case4,6x8,6x8_216,2,curve_classifier_pseudo_label,0.8,0.9958538251663311,0.15863072241922566,0.25674325674325676,2
Case4,6x8,6x8_217,2,curve_classifier_pseudo_label,0.7566666666666667,0.9959110022380689,0.18204523019191926,0.1958041958041958,2
Case4,6x8,6x8_218,3,curve_classifier_pseudo_label,0.8683333333333333,0.9947026769338005,0.18886548501070763,0.3066933066933067,2
Case4,6x8,6x8_219,2,curve_classifier_pseudo_label,0.815,0.9960387407708121,0.15261670192911378,0.27172827172827174,2
Case4,6x8,6x8_220,3,curve_classifier_pseudo_label,0.7983333333333333,0.9948858218070882,0.1671289294548196,0.2937062937062937,2
Case4,6x8,6x8_221,1,curve_classifier_pseudo_label,0.9683333333333334,0.9998025918465104,0.04535163563259253,0.3596403596403596,1
Case4,6x8,6x8_222,2,curve_classifier_pseudo_label,0.685,0.9960953257052441,0.15045297030868476,0.3046953046953047,2
Case4,6x8,6x8_223,2,curve_classifier_pseudo_label,0.555,0.9988266552367433,0.11472334185460202,0.2917082917082917,2
Case4,6x8,6x8_224,3,curve_classifier_pseudo_label,0.515,0.9955339435628054,0.16001950843750526,0.27472527472527475,2
Case4,6x8,6x8_225,2,curve_classifier_pseudo_label,0.69,0.9961073309044483,0.1518002125026712,0.2947052947052947,2
Case4,6x8,6x8_226,2,curve_classifier_pseudo_label,0.6,0.9983113929896267,0.13554842069493478,0.22577422577422576,2
Case4,6x8,6x8_227,3,curve_classifier_pseudo_label,0.5333333333333333,0.995464633283383,0.16013762150530422,0.27472527472527475,2
Case4,6x8,6x8_228,2,curve_classifier_pseudo_label,0.725,0.9974687402822738,0.16070093853933512,0.19080919080919082,2
Case4,6x8,6x8_229,2,curve_classifier_pseudo_label,0.5983333333333334,0.9982447961008513,0.13803488362326416,0.2177822177822178,2
Case4,6x8,6x8_230,2,curve_classifier_pseudo_label,0.6483333333333333,0.9973293894651049,0.16759415893086144,0.1958041958041958,2
Case4,6x8,6x8_231,2,curve_classifier_pseudo_label,0.7816666666666666,0.9961368596277268,0.18087046771774645,0.1928071928071928,2
Case4,6x8,6x8_232,3,curve_classifier_pseudo_label,0.805,0.9951328260057648,0.1671675234880743,0.2937062937062937,2
Case4,6x8,6x8_233,2,curve_classifier_pseudo_label,0.7183333333333334,0.9958759909264959,0.17829055491552362,0.2057942057942058,2
Case4,6x8,6x8_234,2,curve_classifier_pseudo_label,0.5366666666666666,0.9991382625284999,0.1038878230071617,0.3176823176823177,1
Case4,6x8,6x8_235,2,curve_classifier_pseudo_label,0.6983333333333334,0.9959837211712819,0.1541310869744824,0.2677322677322677,2
Case4,6x8,6x8_236,2,curve_classifier_pseudo_label,0.7416666666666667,0.9957028768846367,0.17085143552916393,0.22777222777222778,2
Case4,6x8,6x8_237,2,curve_classifier_pseudo_label,0.7583333333333333,0.997405540486172,0.1630730765388153,0.1878121878121878,2
Case4,6x8,6x8_238,2,curve_classifier_pseudo_label,0.7466666666666667,0.996007937696807,0.18023920151154843,0.1978021978021978,2
Case4,6x8,6x8_239,3,curve_classifier_pseudo_label,0.7116666666666667,0.9945743078847906,0.16658192963434473,0.27472527472527475,2
Case4,6x8,6x8_240,2,curve_classifier_pseudo_label,0.68,0.9966395004409327,0.17825287282565955,0.18181818181818182,2
Case4,6x8,6x8_241,3,curve_classifier_pseudo_label,0.8733333333333333,0.9946085194388359,0.19166123937990892,0.3096903096903097,2
Case4,6x8,6x8_242,2,curve_classifier_pseudo_label,0.755,0.9974645136112272,0.16092528858666294,0.19080919080919082,2
Case4,6x8,6x8_243,1,curve_classifier_pseudo_label,0.8816666666666667,0.9998880343937282,0.05064528772918334,0.44755244755244755,1
Case4,6x8,6x8_244,1,curve_classifier_pseudo_label,0.7316666666666667,0.9996883427322895,0.06410708314096004,0.2947052947052947,1
Case4,6x8,6x8_245,3,curve_classifier_pseudo_label,0.64,0.9948685559986098,0.16517706941566285,0.27372627372627373,2
Case4,6x8,6x8_246,1,curve_classifier_pseudo_label,0.9666666666666667,0.99991973271781,0.04359531855943514,0.4645354645354645,1
Case4,6x8,6x8_247,1,curve_classifier_pseudo_label,0.59,0.9998002975652123,0.056159167672039,0.24575424575424576,1
Case4,6x8,6x8_248,3,curve_classifier_pseudo_label,0.7816666666666666,0.9951680951331078,0.16782880744199904,0.2947052947052947,2
Case4,6x8,6x8_249,3,curve_classifier_pseudo_label,0.8616666666666667,0.9947451596837776,0.1861557979244587,0.3066933066933067,2
Case4,6x8,6x8_250,2,curve_classifier_pseudo_label,0.525,0.9992018050503934,0.10087585026212774,0.35664335664335667,1
Case4,6x8,6x8_251,2,curve_classifier_pseudo_label,0.68,0.9961258108415758,0.15053299401470516,0.2857142857142857,2
Case4,6x8,6x8_252,2,curve_classifier_pseudo_label,0.5733333333333334,0.9985451920263091,0.1263428119731059,0.24875124875124874,2
Case4,6x8,6x8_253,2,curve_classifier_pseudo_label,0.6433333333333333,0.9981305821977398,0.14063405350418542,0.2177822177822178,2
Case4,6x8,6x8_254,2,curve_classifier_pseudo_label,0.7083333333333334,0.9959192499138143,0.15817835892754903,0.25574425574425574,2
Case4,6x8,6x8_255,2,curve_classifier_pseudo_label,0.71,0.9976492719094345,0.15568902205603918,0.1958041958041958,2
Case4,6x8,6x8_256,3,curve_classifier_pseudo_label,0.8016666666666666,0.995015671892222,0.16780115275042082,0.2937062937062937,2
Case4,6x8,6x8_257,1,curve_classifier_pseudo_label,0.675,0.9998248451348754,0.05210632475915197,0.3166833166833167,1
Case4,6x8,6x8_258,2,curve_classifier_pseudo_label,0.7066666666666667,0.9956709710728391,0.17777921980822134,0.2127872127872128,2
Case4,6x8,6x8_259,3,curve_classifier_pseudo_label,0.59,0.9953711527819006,0.16026507163588632,0.2807192807192807,2
Case4,6x8,6x8_260,1,curve_classifier_pseudo_label,0.5666666666666667,0.999230956191452,0.10005686784969213,0.37662337662337664,1
Case4,6x8,6x8_261,3,curve_classifier_pseudo_label,0.7683333333333333,0.9948576010905705,0.164583637136861,0.2867132867132867,2
Case4,6x8,6x8_262,1,curve_classifier_pseudo_label,0.935,0.9997896984530078,0.0499871232991478,0.34465534465534464,1
Case4,6x8,6x8_263,3,curve_classifier_pseudo_label,0.7383333333333333,0.9950974128414106,0.1739848089338001,0.2977022977022977,2
Case4,6x8,6x8_264,1,curve_classifier_pseudo_label,0.7366666666666667,0.9997604626265176,0.05948242227183195,0.2907092907092907,1
Case4,6x8,6x8_265,2,curve_classifier_pseudo_label,0.7616666666666667,0.9959397284412561,0.17751809741374314,0.2097902097902098,2
Case4,6x8,6x8_266,2,curve_classifier_pseudo_label,0.5783333333333334,0.9957738377691664,0.20000922177080163,0.17882117882117882,2
Case4,6x8,6x8_267,2,curve_classifier_pseudo_label,0.585,0.9980693010057295,0.14572945349007807,0.2217782217782218,2
Case4,6x8,6x8_268,2,curve_classifier_pseudo_label,0.7616666666666667,0.9971387979871073,0.1691417802370625,0.1838161838161838,2
Case4,6x8,6x8_269,1,curve_classifier_pseudo_label,0.9883333333333333,0.9999277784389045,0.041347230553470185,0.4755244755244755,1
Case4,6x8,6x8_270,2,curve_classifier_pseudo_label,0.825,0.9961125067665145,0.14837218203816474,0.28771228771228774,2
Case4,6x8,6x8_271,2,curve_classifier_pseudo_label,0.7033333333333334,0.9974857430171828,0.16042739672156775,0.1968031968031968,2
Case4,6x8,6x8_272,1,curve_classifier_pseudo_label,0.7183333333333334,0.9997601366324894,0.06751312956612585,0.36863136863136864,1
Case4,6x8,6x8_273,1,curve_classifier_pseudo_label,0.6,0.9997855038453907,0.055628353603399926,0.3146853146853147,1
Case4,6x8,6x8_274,3,curve_classifier_pseudo_label,0.4816666666666667,0.9939635885977055,0.20884897687059406,0.19880119880119881,2
Case4,6x8,6x8_275,2,curve_classifier_pseudo_label,0.725,0.9958703321927524,0.16257748847806255,0.24575424575424576,2
Case4,6x8,6x8_276,1,curve_classifier_pseudo_label,0.6683333333333333,0.999781654110795,0.058003077154586566,0.27172827172827174,1
Case4,6x8,6x8_277,1,curve_classifier_pseudo_label,0.6366666666666667,0.9996592196900143,0.06568375593919272,0.2857142857142857,1
Case4,6x8,6x8_278,2,curve_classifier_pseudo_label,0.84,0.9959212829195493,0.157997220104049,0.25574425574425574,2
Case4,6x8,6x8_279,1,curve_classifier_pseudo_label,0.5133333333333333,0.9997456379425378,0.0608083981697947,0.2037962037962038,1
Case4,6x8,6x8_280,3,curve_classifier_pseudo_label,0.7583333333333333,0.994993085674533,0.16341273625681774,0.28471528471528473,2
Case4,6x8,6x8_281,2,curve_classifier_pseudo_label,0.7083333333333334,0.9958970801742618,0.16081209888371295,0.24875124875124874,2
Case4,6x8,6x8_282,2,curve_classifier_pseudo_label,0.795,0.9961358945889067,0.18080131483559309,0.1938061938061938,2
Case4,6x8,6x8_283,3,curve_classifier_pseudo_label,0.475,0.9943225241547641,0.1898394081379808,0.22477522477522477,2
Case4,6x8,6x8_284,3,curve_classifier_pseudo_label,0.8583333333333333,0.9948651246062463,0.17306464113617795,0.3006993006993007,2
Case4,6x8,6x8_285,2,curve_classifier_pseudo_label,0.81,0.995887782008796,0.1833088309862642,0.19480519480519481,2
Case4,6x8,6x8_286,2,curve_classifier_pseudo_label,0.5766666666666667,0.9980099559668006,0.14629725123900142,0.2037962037962038,2
Case4,6x8,6x8_287,2,curve_classifier_pseudo_label,0.7833333333333333,0.9959156844051702,0.17146544955856488,0.2217782217782218,2
Case4,6x8,6x8_288,2,curve_classifier_pseudo_label,0.65,0.9980286790924452,0.14507344950632714,0.20679320679320679,2
Case4,6x8,6x8_289,2,curve_classifier_pseudo_label,0.6083333333333333,0.9954327148604647,0.16153615235617885,0.26573426573426573,2
Case4,6x8,6x8_290,2,curve_classifier_pseudo_label,0.7833333333333333,0.9958851563151647,0.1611399114827652,0.24875124875124874,2
Case4,6x8,6x8_291,3,curve_classifier_pseudo_label,0.845,0.9951664151362627,0.1692774528337398,0.2967032967032967,2
Case4,6x8,6x8_292,1,curve_classifier_pseudo_label,0.715,0.9997866562498317,0.057332595954652746,0.2677322677322677,1
Case4,6x8,6x8_293,3,curve_classifier_pseudo_label,0.76,0.9950345392302334,0.1641858226443046,0.2907092907092907,2
Case4,6x8,6x8_294,1,curve_classifier_pseudo_label,0.715,0.9998588221579222,0.049795719199953216,0.37362637362637363,1
Case4,6x8,6x8_295,2,curve_classifier_pseudo_label,0.665,0.996113561567001,0.14741092013171228,0.3076923076923077,2
Case4,6x8,6x8_296,2,curve_classifier_pseudo_label,0.505,0.9987521649318376,0.11707999859409947,0.2817182817182817,2
Case4,6x8,6x8_297,3,curve_classifier_pseudo_label,0.8216666666666667,0.9945405152173021,0.19418535164336148,0.3096903096903097,2
Case4,6x8,6x8_298,3,curve_classifier_pseudo_label,0.805,0.9945293605936776,0.16631163969067322,0.2857142857142857,2
Case4,6x8,6x8_299,3,curve_classifier_pseudo_label,0.7616666666666667,0.9952850545241897,0.16302503830979165,0.2897102897102897,2
Case4,6x8,6x8_300,1,curve_classifier_pseudo_label,0.8616666666666667,0.9996471618383416,0.07313611406935458,0.4305694305694306,1
Case4,8x8,8x8_001,2,curve_classifier_pseudo_label,0.665,0.9965894397348222,0.14099202263984062,0.27972027972027974,2
Case4,8x8,8x8_002,2,curve_classifier_pseudo_label,0.57,0.9977461393432693,0.1570953222048673,0.2037962037962038,2
Case4,8x8,8x8_003,2,curve_classifier_pseudo_label,0.61,0.9977365744737452,0.15164555676017857,0.1958041958041958,2
Case4,8x8,8x8_004,2,curve_classifier_pseudo_label,0.495,0.9992201086705635,0.10520188090038339,0.2677322677322677,1
Case4,8x8,8x8_005,2,curve_classifier_pseudo_label,0.6066666666666667,0.9957671627494105,0.15126202549525583,0.26673326673326675,2
Case4,8x8,8x8_006,2,curve_classifier_pseudo_label,0.7,0.9969889915527324,0.13928491680830402,0.2917082917082917,2
Case4,8x8,8x8_007,2,curve_classifier_pseudo_label,0.5166666666666667,0.9978560011529976,0.14903514893949357,0.1878121878121878,2
Case4,8x8,8x8_008,3,curve_classifier_pseudo_label,0.4583333333333333,0.9964843960832162,0.167321822645661,0.3156843156843157,2
Case4,8x8,8x8_009,2,curve_classifier_pseudo_label,0.7116666666666667,0.9963567674408013,0.14393014700065515,0.2727272727272727,2
Case4,8x8,8x8_010,2,curve_classifier_pseudo_label,0.49166666666666664,0.998592671060193,0.13550498876179967,0.16683316683316685,2
Case4,8x8,8x8_011,3,curve_classifier_pseudo_label,0.6316666666666667,0.995599693946317,0.1547783206340871,0.2817182817182817,2
Case4,8x8,8x8_012,2,curve_classifier_pseudo_label,0.5833333333333334,0.9964583417204519,0.14571843575621848,0.2817182817182817,2
Case4,8x8,8x8_013,2,curve_classifier_pseudo_label,0.6916666666666667,0.9960039517382813,0.17657856578525125,0.1958041958041958,2
Case4,8x8,8x8_014,2,curve_classifier_pseudo_label,0.815,0.997038376503104,0.13596649951766124,0.29270729270729273,2
Case4,8x8,8x8_015,2,curve_classifier_pseudo_label,0.6683333333333333,0.9962625847877725,0.1791152927700848,0.1848151848151848,2
Case4,8x8,8x8_016,1,curve_classifier_pseudo_label,0.5266666666666666,0.9993526353203029,0.09405235340807563,0.21506442021803765,1
Case4,8x8,8x8_017,2,curve_classifier_pseudo_label,0.795,0.9960067502252359,0.15971424009005322,0.23176823176823177,2
Case4,8x8,8x8_018,2,curve_classifier_pseudo_label,0.7116666666666667,0.9956037382269969,0.18733240451045816,0.1918081918081918,2
Case4,8x8,8x8_019,2,curve_classifier_pseudo_label,0.7466666666666667,0.9965809680526817,0.14050443190467754,0.26873126873126874,2
Case4,8x8,8x8_020,2,curve_classifier_pseudo_label,0.525,0.9961702662039613,0.15000551375738463,0.2817182817182817,2
Case4,8x8,8x8_021,2,curve_classifier_pseudo_label,0.5516666666666666,0.9983313677778295,0.1335454686554882,0.21878121878121878,2
Case4,8x8,8x8_022,2,curve_classifier_pseudo_label,0.57,0.9958929460360757,0.20385594895423986,0.16483516483516483,2
Case4,8x8,8x8_023,1,curve_classifier_pseudo_label,0.6133333333333333,0.9996249934036611,0.07683338150932134,0.25774225774225773,1
Case4,8x8,8x8_024,2,curve_classifier_pseudo_label,0.7716666666666666,0.9963886367292624,0.14580475950551658,0.25574425574425574,2
Case4,8x8,8x8_025,1,curve_classifier_pseudo_label,0.5,0.9984729672343724,0.14012416277953113,0.15784215784215785,2
Case4,8x8,8x8_026,2,curve_classifier_pseudo_label,0.48833333333333334,0.9987082285413696,0.13030283165823017,0.17382617382617382,2
Case4,8x8,8x8_027,2,curve_classifier_pseudo_label,0.615,0.997125835957897,0.1706896559841896,0.1878121878121878,2
Case4,8x8,8x8_028,2,curve_classifier_pseudo_label,0.4633333333333333,0.9943144390808133,0.22748868168137393,0.15984015984015984,3
Case4,8x8,8x8_029,2,curve_classifier_pseudo_label,0.57,0.9979197557933092,0.15152157016227294,0.2097902097902098,2
Case4,8x8,8x8_030,3,curve_classifier_pseudo_label,0.8566666666666667,0.9944145820213464,0.17881153178370768,0.3006993006993007,2
Case4,8x8,8x8_031,1,curve_classifier_pseudo_label,0.495,0.9992554926438182,0.09685112780954458,0.2887112887112887,1
Case4,8x8,8x8_032,3,curve_classifier_pseudo_label,0.8,0.9944806481667277,0.17900792738399707,0.2987012987012987,2
Case4,8x8,8x8_033,2,curve_classifier_pseudo_label,0.52,0.9988491157232694,0.12466412866901928,0.1838161838161838,2
Case4,8x8,8x8_034,3,curve_classifier_pseudo_label,0.5166666666666667,0.9955628882861168,0.1523700096098379,0.27672327672327673,2
Case4,8x8,8x8_035,2,curve_classifier_pseudo_label,0.525,0.998801246364117,0.12624497700471315,0.18081918081918083,2
Case4,8x8,8x8_036,3,curve_classifier_pseudo_label,0.8116666666666666,0.9947984159956771,0.17031188746715503,0.2897102897102897,2
Case4,8x8,8x8_037,2,curve_classifier_pseudo_label,0.5,0.9987890386434245,0.12687617085699832,0.17882117882117882,2
Case4,8x8,8x8_038,1,curve_classifier_pseudo_label,0.49833333333333335,0.9993334339655704,0.09370472663203427,0.2977022977022977,1
Case4,8x8,8x8_039,2,curve_classifier_pseudo_label,0.6233333333333333,0.9974484510668641,0.15891331996432087,0.1878121878121878,2
Case4,8x8,8x8_040,2,curve_classifier_pseudo_label,0.6416666666666667,0.9954532947809266,0.16782383123820788,0.23176823176823177,2
Case4,8x8,8x8_041,2,curve_classifier_pseudo_label,0.5433333333333333,0.9966839750061807,0.15429782789334845,0.2937062937062937,2
Case4,8x8,8x8_042,2,curve_classifier_pseudo_label,0.5816666666666667,0.9978313432467882,0.15022350847721866,0.18581418581418582,2
Case4,8x8,8x8_043,1,curve_classifier_pseudo_label,0.49666666666666665,0.9988641777803486,0.1233470867305815,0.1848151848151848,2
Case4,8x8,8x8_044,1,curve_classifier_pseudo_label,0.5916666666666667,0.9995413001774046,0.07990421239276402,0.3116883116883117,1
Case4,8x8,8x8_045,3,curve_classifier_pseudo_label,0.65,0.994858636608617,0.15824895488756988,0.27472527472527475,2
Case4,8x8,8x8_046,2,curve_classifier_pseudo_label,0.5016666666666667,0.9987189483021809,0.1299333798335617,0.17582417582417584,2
Case4,8x8,8x8_047,2,curve_classifier_pseudo_label,0.5033333333333333,0.9944845346989176,0.1929447694062871,0.2087912087912088,2
Case4,8x8,8x8_048,2,curve_classifier_pseudo_label,0.5183333333333333,0.9962709683091903,0.17293973836606277,0.3036963036963037,2
Case4,8x8,8x8_049,3,curve_classifier_pseudo_label,0.4766666666666667,0.9944326029745061,0.16614201918088264,0.25874125874125875,2
Case4,8x8,8x8_050,2,curve_classifier_pseudo_label,0.5233333333333333,0.9955388345341983,0.15203773312927643,0.27472527472527475,2
Case4,8x8,8x8_051,2,curve_classifier_pseudo_label,0.7183333333333334,0.9956355533692799,0.16673551416648585,0.22677322677322678,2
Case4,8x8,8x8_052,2,curve_classifier_pseudo_label,0.7483333333333333,0.9963094945332633,0.15365791665406303,0.23576423576423577,2
Case4,8x8,8x8_053,2,curve_classifier_pseudo_label,0.5366666666666666,0.9965968678361373,0.16251052108337233,0.3106893106893107,2
Case4,8x8,8x8_054,3,curve_classifier_pseudo_label,0.49166666666666664,0.9954875343359045,0.153183598175677,0.27372627372627373,2
Case4,8x8,8x8_055,2,curve_classifier_pseudo_label,0.515,0.9986436926364657,0.12960903857508646,0.23976023976023977,2
Case4,8x8,8x8_056,2,curve_classifier_pseudo_label,0.6783333333333333,0.9966502820590335,0.14027705477708266,0.2807192807192807,2
Case4,8x8,8x8_057,2,curve_classifier_pseudo_label,0.5033333333333333,0.996102223309464,0.17994357447044515,0.3106893106893107,2
Case4,8x8,8x8_058,2,curve_classifier_pseudo_label,0.68,0.9970531764885644,0.1378614295004707,0.2977022977022977,2
Case4,8x8,8x8_059,3,curve_classifier_pseudo_label,0.8783333333333333,0.9941393051533449,0.18969224442851254,0.3076923076923077,2
Case4,8x8,8x8_060,2,curve_classifier_pseudo_label,0.565,0.9968754499324154,0.16979515370477255,0.17782217782217782,2
Case4,8x8,8x8_061,2,curve_classifier_pseudo_label,0.5333333333333333,0.9963581433535661,0.1481855942781599,0.2827172827172827,2
Case4,8x8,8x8_062,3,curve_classifier_pseudo_label,0.5716666666666667,0.993676632866136,0.18135345427013166,0.23976023976023977,2
Case4,8x8,8x8_063,2,curve_classifier_pseudo_label,0.71,0.9963826704832822,0.1708735054053614,0.1928071928071928,2
Case4,8x8,8x8_064,2,curve_classifier_pseudo_label,0.71,0.9959561182956641,0.1491463900565518,0.2677322677322677,2
Case4,8x8,8x8_065,2,curve_classifier_pseudo_label,0.6933333333333334,0.9962453820335018,0.15198551966647145,0.24275724275724275,2
Case4,8x8,8x8_066,2,curve_classifier_pseudo_label,0.5133333333333333,0.9989867495866477,0.11717967480305576,0.1938061938061938,2
Case4,8x8,8x8_067,2,curve_classifier_pseudo_label,0.5,0.9988190946155086,0.1254999014062356,0.18081918081918083,2
Case4,8x8,8x8_068,3,curve_classifier_pseudo_label,0.745,0.9948804761684893,0.17133167535971683,0.2907092907092907,2
Case4,8x8,8x8_069,2,curve_classifier_pseudo_label,0.675,0.9965311624114341,0.1795409868834381,0.18181818181818182,2
Case4,8x8,8x8_070,2,curve_classifier_pseudo_label,0.5533333333333333,0.997720348529395,0.15376720064174315,0.1838161838161838,2
Case4,8x8,8x8_071,2,curve_classifier_pseudo_label,0.545,0.9948790596330236,0.19960967941262175,0.1918081918081918,2
Case4,8x8,8x8_072,3,curve_classifier_pseudo_label,0.73,0.994927971074223,0.16213453250784016,0.2827172827172827,2
Case4,8x8,8x8_073,2,curve_classifier_pseudo_label,0.595,0.9951355802452664,0.1615336213303304,0.2547452547452547,2
Case4,8x8,8x8_074,3,curve_classifier_pseudo_label,0.885,0.9924619611186294,0.23529090473866524,0.3276723276723277,3
Case4,8x8,8x8_075,2,curve_classifier_pseudo_label,0.8283333333333334,0.9970221233094726,0.13388866133707872,0.2917082917082917,2
Case4,8x8,8x8_076,3,curve_classifier_pseudo_label,0.5366666666666666,0.9962657017214532,0.14850745357290776,0.2827172827172827,2
Case4,8x8,8x8_077,2,curve_classifier_pseudo_label,0.715,0.996462494595556,0.14272926304134867,0.2757242757242757,2
Case4,8x8,8x8_078,2,curve_classifier_pseudo_label,0.7483333333333333,0.9965714979575236,0.14016474130155068,0.26873126873126874,2
Case4,8x8,8x8_079,2,curve_classifier_pseudo_label,0.6683333333333333,0.9967477019913749,0.17277444656313326,0.1798201798201798,2
Case4,8x8,8x8_080,2,curve_classifier_pseudo_label,0.5083333333333333,0.998959505995216,0.10984378486058596,0.26373626373626374,2
Case4,8x8,8x8_081,2,curve_classifier_pseudo_label,0.6683333333333333,0.9963867634369087,0.1731455410633372,0.18981018981018982,2
Case4,8x8,8x8_082,2,curve_classifier_pseudo_label,0.6083333333333333,0.9974171901171754,0.16066412362020108,0.17782217782217782,2
Case4,8x8,8x8_083,2,curve_classifier_pseudo_label,0.5933333333333334,0.9964884397584551,0.16678445842777195,0.3156843156843157,2
Case4,8x8,8x8_084,2,curve_classifier_pseudo_label,0.5283333333333333,0.9976693932287367,0.15420492124162372,0.18581418581418582,2
Case4,8x8,8x8_085,2,curve_classifier_pseudo_label,0.605,0.9973319818275165,0.16192524903500727,0.1798201798201798,2
Case4,8x8,8x8_086,2,curve_classifier_pseudo_label,0.5783333333333334,0.9977424200783482,0.1554146208253494,0.2057942057942058,2
Case4,8x8,8x8_087,2,curve_classifier_pseudo_label,0.7216666666666667,0.9963178462131508,0.1613500187019131,0.21678321678321677,2
Case4,8x8,8x8_088,3,curve_classifier_pseudo_label,0.6033333333333334,0.99409627462465,0.16773070360643455,0.2597402597402597,2
Case4,8x8,8x8_089,3,curve_classifier_pseudo_label,0.5966666666666667,0.9948242580786066,0.15836122471978922,0.27372627372627373,2
Case4,8x8,8x8_090,2,curve_classifier_pseudo_label,0.73,0.9962830534906468,0.1456418182196828,0.26573426573426573,2
Case4,8x8,8x8_091,3,curve_classifier_pseudo_label,0.7,0.9953631784690798,0.1567671068876705,0.2807192807192807,2
Case4,8x8,8x8_092,2,curve_classifier_pseudo_label,0.555,0.9972422664166417,0.18015881259208022,0.17182817182817184,2
Case4,8x8,8x8_093,2,curve_classifier_pseudo_label,0.5166666666666667,0.9989097501678544,0.12151318557937078,0.18981018981018982,2
Case4,8x8,8x8_094,2,curve_classifier_pseudo_label,0.4666666666666667,0.9986895382891883,0.1211348933509933,0.23176823176823177,2
Case4,8x8,8x8_095,2,curve_classifier_pseudo_label,0.72,0.9960913946875798,0.15614786616401913,0.23776223776223776,2
Case4,8x8,8x8_096,2,curve_classifier_pseudo_label,0.48833333333333334,0.997923832905825,0.14787938654249805,0.18981018981018982,2
Case4,8x8,8x8_097,2,curve_classifier_pseudo_label,0.5033333333333333,0.9950590606026898,0.16379950044479963,0.2517482517482518,2
Case4,8x8,8x8_098,3,curve_classifier_pseudo_label,0.7333333333333333,0.9955139193483623,0.15886998672849784,0.2837162837162837,2
Case4,8x8,8x8_099,2,curve_classifier_pseudo_label,0.5733333333333334,0.9964269257503838,0.16717959114135478,0.19880119880119881,2
Case4,8x8,8x8_100,2,curve_classifier_pseudo_label,0.4816666666666667,0.9995736089595016,0.08090590863237307,0.24375624375624375,1
Case4,8x8,8x8_101,3,curve_classifier_pseudo_label,0.48333333333333334,0.9958900382464093,0.14875447902860164,0.2777222777222777,2
Case4,8x8,8x8_102,2,curve_classifier_pseudo_label,0.705,0.9967714098305592,0.13690365789799577,0.2817182817182817,2
Case4,8x8,8x8_103,2,curve_classifier_pseudo_label,0.6433333333333333,0.9967956281117643,0.14020161108899085,0.2857142857142857,2
Case4,8x8,8x8_104,3,curve_classifier_pseudo_label,0.52,0.9964291219725221,0.16844864448455485,0.31368631368631367,2
Case4,8x8,8x8_105,1,curve_classifier_pseudo_label,0.5166666666666667,0.9983805451357043,0.14405181474712792,0.15184815184815184,2
Case4,8x8,8x8_106,2,curve_classifier_pseudo_label,0.48833333333333334,0.9957119245023972,0.15177814637192394,0.2787212787212787,2
Case4,8x8,8x8_107,2,curve_classifier_pseudo_label,0.5866666666666667,0.9968673789242583,0.14543434159250151,0.2917082917082917,2
Case4,8x8,8x8_108,2,curve_classifier_pseudo_label,0.5616666666666666,0.9976568445587525,0.1537473918395303,0.1878121878121878,2
Case4,8x8,8x8_109,2,curve_classifier_pseudo_label,0.7166666666666667,0.9968120731685735,0.13837000197096563,0.2857142857142857,2
Case4,8x8,8x8_110,2,curve_classifier_pseudo_label,0.5016666666666667,0.9963093518532441,0.14843498703489283,0.2827172827172827,2
Case4,8x8,8x8_111,2,curve_classifier_pseudo_label,0.5433333333333333,0.9965274128259438,0.16501853968317096,0.31368631368631367,2
Case4,8x8,8x8_112,3,curve_classifier_pseudo_label,0.835,0.9946105948195071,0.17514075704169071,0.2957042957042957,2
Case4,8x8,8x8_113,3,curve_classifier_pseudo_label,0.8066666666666666,0.9954698962844466,0.15917891101921602,0.2857142857142857,2
Case4,8x8,8x8_114,2,curve_classifier_pseudo_label,0.705,0.9962522712445997,0.15827139800864246,0.22677322677322678,2
Case4,8x8,8x8_115,2,curve_classifier_pseudo_label,0.8016666666666666,0.9968152933534584,0.1363476486251351,0.2837162837162837,2
Case4,8x8,8x8_116,2,curve_classifier_pseudo_label,0.5233333333333333,0.9964873816107017,0.1671557409871054,0.3146853146853147,2
Case4,8x8,8x8_117,2,curve_classifier_pseudo_label,0.745,0.9964881960855252,0.14416894525555896,0.25674325674325676,2
Case4,8x8,8x8_118,2,curve_classifier_pseudo_label,0.48833333333333334,0.9981032268901061,0.14234556391807326,0.1938061938061938,2
Case4,8x8,8x8_119,3,curve_classifier_pseudo_label,0.805,0.9951285040538997,0.16100779572580237,0.28471528471528473,2
Case4,8x8,8x8_120,2,curve_classifier_pseudo_label,0.6433333333333333,0.9957544389518426,0.1584036594207968,0.24475524475524477,2
Case4,8x8,8x8_121,2,curve_classifier_pseudo_label,0.5333333333333333,0.9960167168972122,0.1481562891200559,0.2777222777222777,2
Case4,8x8,8x8_122,2,curve_classifier_pseudo_label,0.74,0.9968535786584295,0.13657665680760628,0.2857142857142857,2
Case4,8x8,8x8_123,3,curve_classifier_pseudo_label,0.5216666666666666,0.996137347034128,0.17869282249105953,0.3146853146853147,2
Case4,8x8,8x8_124,2,curve_classifier_pseudo_label,0.6033333333333334,0.997330980971428,0.16195005760241973,0.1848151848151848,2
Case4,8x8,8x8_125,2,curve_classifier_pseudo_label,0.54,0.9962404510868773,0.17435847301979593,0.30569430569430567,2
Case4,8x8,8x8_126,3,curve_classifier_pseudo_label,0.63,0.994445955878879,0.17920546532741438,0.2997002997002997,2
Case4,8x8,8x8_127,2,curve_classifier_pseudo_label,0.51,0.9991073726318883,0.11136028154108076,0.2037962037962038,2
Case4,8x8,8x8_128,1,curve_classifier_pseudo_label,0.5316666666666666,0.999159025589642,0.10152896557283955,0.2677322677322677,1
Case4,8x8,8x8_129,3,curve_classifier_pseudo_label,0.8566666666666667,0.9947577450094349,0.16872805876775376,0.2907092907092907,2
Case4,8x8,8x8_130,2,curve_classifier_pseudo_label,0.625,0.9965281355009675,0.14393606544047888,0.2817182817182817,2
Case4,8x8,8x8_131,2,curve_classifier_pseudo_label,0.5733333333333334,0.9978429729035895,0.152824241638417,0.20679320679320679,2
Case4,8x8,8x8_132,2,curve_classifier_pseudo_label,0.495,0.9960684226455547,0.20731182989171698,0.15384615384615385,2
Case4,8x8,8x8_133,3,curve_classifier_pseudo_label,0.49333333333333335,0.9945593414324505,0.163390652387223,0.2627372627372627,2
Case4,8x8,8x8_134,2,curve_classifier_pseudo_label,0.66,0.9968050813459672,0.17583885646905842,0.18281718281718282,2
Case4,8x8,8x8_135,2,curve_classifier_pseudo_label,0.6583333333333333,0.9964526974734013,0.17160380188408622,0.1888111888111888,2
Case4,8x8,8x8_136,2,curve_classifier_pseudo_label,0.6783333333333333,0.9968810899020105,0.14326612667217398,0.2887112887112887,2
Case4,8x8,8x8_137,2,curve_classifier_pseudo_label,0.525,0.9987698728444603,0.1174664629454413,0.24075924075924077,2
Case4,8x8,8x8_138,2,curve_classifier_pseudo_label,0.7083333333333334,0.9965032661520216,0.1419628343545528,0.2677322677322677,2
Case4,8x8,8x8_139,2,curve_classifier_pseudo_label,0.6016666666666667,0.9966307033015672,0.18226334459962643,0.18181818181818182,2
Case4,8x8,8x8_140,3,curve_classifier_pseudo_label,0.9083333333333333,0.9871586200043975,0.20039140024483573,0.39601990049751246,2
Case4,8x8,8x8_141,2,curve_classifier_pseudo_label,0.5883333333333334,0.9977389085328836,0.15194359619395512,0.18581418581418582,2
Case4,8x8,8x8_142,2,curve_classifier_pseudo_label,0.5283333333333333,0.9964652409688388,0.14498154805108013,0.2827172827172827,2
Case4,8x8,8x8_143,2,curve_classifier_pseudo_label,0.5133333333333333,0.9962664353377538,0.2024587804663685,0.15784215784215785,2
Case4,8x8,8x8_144,2,curve_classifier_pseudo_label,0.6433333333333333,0.9963401836604298,0.16581414359852997,0.2057942057942058,2
Case4,8x8,8x8_145,3,curve_classifier_pseudo_label,0.5366666666666666,0.9932790755030134,0.2031799136685208,0.2087912087912088,2
Case4,8x8,8x8_146,2,curve_classifier_pseudo_label,0.5133333333333333,0.9943915748835349,0.20246121779956586,0.1968031968031968,2
Case4,8x8,8x8_147,2,curve_classifier_pseudo_label,0.53,0.9951775367006862,0.16225327602150086,0.2517482517482518,2
Case4,8x8,8x8_148,2,curve_classifier_pseudo_label,0.5516666666666666,0.9982533642256782,0.1362512386389581,0.21878121878121878,2
Case4,8x8,8x8_149,2,curve_classifier_pseudo_label,0.71,0.9959315213396681,0.15248660545881768,0.25574425574425574,2
Case4,8x8,8x8_150,2,curve_classifier_pseudo_label,0.51,0.995789039386263,0.14974352590625967,0.27672327672327673,2
Case4,8x8,8x8_151,2,curve_classifier_pseudo_label,0.5316666666666666,0.9988667126540239,0.12366680786881296,0.18681318681318682,2
Case4,8x8,8x8_152,2,curve_classifier_pseudo_label,0.6916666666666667,0.9964037169392063,0.14337458138711995,0.27172827172827174,2
Case4,8x8,8x8_153,2,curve_classifier_pseudo_label,0.5083333333333333,0.9987878530053363,0.11698274935935503,0.2517482517482518,2
Case4,8x8,8x8_154,1,curve_classifier_pseudo_label,0.5066666666666667,0.9995757579376648,0.08120408547628154,0.25574425574425574,1
Case4,8x8,8x8_155,3,curve_classifier_pseudo_label,0.7166666666666667,0.9951436772045047,0.15996180049645628,0.2827172827172827,2
Case4,8x8,8x8_156,1,curve_classifier_pseudo_label,0.49666666666666665,0.9986597354775313,0.13228716650078592,0.17282717282717283,2
Case4,8x8,8x8_157,2,curve_classifier_pseudo_label,0.6966666666666667,0.9967241029944416,0.1373949943880167,0.2787212787212787,2
Case4,8x8,8x8_158,3,curve_classifier_pseudo_label,0.4716666666666667,0.9953962713327527,0.15391530026079808,0.2727272727272727,2
Case4,8x8,8x8_159,3,curve_classifier_pseudo_label,0.86,0.9930314975341555,0.22329416927594167,0.32103688933200397,3
Case4,8x8,8x8_160,3,curve_classifier_pseudo_label,0.48333333333333334,0.9959072920733936,0.14930670559220638,0.2787212787212787,2
Case4,8x8,8x8_161,2,curve_classifier_pseudo_label,0.5333333333333333,0.9985559145048364,0.13708400464179715,0.22077922077922077,2
Case4,8x8,8x8_162,2,curve_classifier_pseudo_label,0.65,0.9969066360064637,0.1436963243477181,0.2907092907092907,2
Case4,8x8,8x8_163,2,curve_classifier_pseudo_label,0.7316666666666667,0.996770707769028,0.13581590844723063,0.27972027972027974,2
Case4,8x8,8x8_164,3,curve_classifier_pseudo_label,0.7316666666666667,0.9942931487532829,0.18486494461508624,0.3036963036963037,2
Case4,8x8,8x8_165,3,curve_classifier_pseudo_label,0.87,0.9935609907404375,0.20757582337346842,0.3146853146853147,2
Case4,8x8,8x8_166,2,curve_classifier_pseudo_label,0.5916666666666667,0.9967056839416323,0.14466077220648552,0.28471528471528473,2
Case4,8x8,8x8_167,3,curve_classifier_pseudo_label,0.8783333333333333,0.992452481777028,0.23502625572789496,0.32867132867132864,3
Case4,8x8,8x8_168,3,curve_classifier_pseudo_label,0.8766666666666667,0.9921420846655307,0.24047312945592886,0.33266733266733267,3
Case4,8x8,8x8_169,1,curve_classifier_pseudo_label,0.5116666666666667,0.9990883821980373,0.10473589513923505,0.2627372627372627,1
Case4,8x8,8x8_170,2,curve_classifier_pseudo_label,0.5916666666666667,0.9964190667088991,0.18795074911799117,0.17882117882117882,2
Case4,8x8,8x8_171,3,curve_classifier_pseudo_label,0.8633333333333333,0.994427215062007,0.18115047089815695,0.3006993006993007,2
Case4,8x8,8x8_172,2,curve_classifier_pseudo_label,0.6016666666666667,0.9968040177087398,0.14830807772313043,0.2907092907092907,2
Case4,8x8,8x8_173,2,curve_classifier_pseudo_label,0.4633333333333333,0.9983043430779749,0.1356461308589429,0.2047952047952048,2
Case4,8x8,8x8_174,2,curve_classifier_pseudo_label,0.57,0.99813795396858,0.14029937676148307,0.1998001998001998,2
Case4,8x8,8x8_175,2,curve_classifier_pseudo_label,0.485,0.9985738974406712,0.1360408727032892,0.16683316683316685,2
Case4,8x8,8x8_176,2,curve_classifier_pseudo_label,0.4716666666666667,0.9940591703306147,0.2235103906802232,0.16983016983016982,3
Case4,8x8,8x8_177,2,curve_classifier_pseudo_label,0.7483333333333333,0.996872343790302,0.1346171966602677,0.28471528471528473,2
Case4,8x8,8x8_178,2,curve_classifier_pseudo_label,0.755,0.9960116472397829,0.15378298936885795,0.24675324675324675,2
Case4,8x8,8x8_179,2,curve_classifier_pseudo_label,0.575,0.997266069486128,0.1633614567176876,0.18081918081918083,2
Case4,8x8,8x8_180,2,curve_classifier_pseudo_label,0.6233333333333333,0.9965762150402894,0.1636925461891877,0.3146853146853147,2
Case4,8x8,8x8_181,2,curve_classifier_pseudo_label,0.6216666666666667,0.9969628587418691,0.16871623023140583,0.17682317682317683,2
Case4,8x8,8x8_182,2,curve_classifier_pseudo_label,0.49333333333333335,0.9955501088097011,0.15218555860574046,0.2777222777222777,2
Case4,8x8,8x8_183,2,curve_classifier_pseudo_label,0.66,0.9965369019562927,0.17577035463135282,0.18181818181818182,2
Case4,8x8,8x8_184,2,curve_classifier_pseudo_label,0.6183333333333333,0.9967717887281574,0.17054548231516445,0.1798201798201798,2
Case4,8x8,8x8_185,2,curve_classifier_pseudo_label,0.6133333333333333,0.9957139877440765,0.15093126914871927,0.2707292707292707,2
Case4,8x8,8x8_186,2,curve_classifier_pseudo_label,0.5333333333333333,0.9964392123826348,0.1473617823531043,0.2827172827172827,2
Case4,8x8,8x8_187,2,curve_classifier_pseudo_label,0.5933333333333334,0.9970875455059127,0.17724257858649017,0.1838161838161838,2
Case4,8x8,8x8_188,2,curve_classifier_pseudo_label,0.6216666666666667,0.9974778696646068,0.1610237744834178,0.1958041958041958,2
Case4,8x8,8x8_189,3,curve_classifier_pseudo_label,0.7983333333333333,0.9954114889619846,0.16077419848152408,0.2857142857142857,2
Case4,8x8,8x8_190,2,curve_classifier_pseudo_label,0.675,0.9964903939254157,0.17036427752949557,0.18981018981018982,2
Case4,8x8,8x8_191,2,curve_classifier_pseudo_label,0.4666666666666667,0.9962398904327813,0.1754726676982325,0.3096903096903097,2
Case4,8x8,8x8_192,1,curve_classifier_pseudo_label,0.5216666666666666,0.9982198642423558,0.1502288410605668,0.13386613386613386,2
Case4,8x8,8x8_193,2,curve_classifier_pseudo_label,0.56,0.9981101847735359,0.14828582443779623,0.21078921078921078,2
Case4,8x8,8x8_194,3,curve_classifier_pseudo_label,0.8616666666666667,0.994420811642325,0.1788711658052595,0.3006993006993007,2
Case4,8x8,8x8_195,2,curve_classifier_pseudo_label,0.77,0.9969347124845024,0.1414517319745082,0.2897102897102897,2
Case4,8x8,8x8_196,2,curve_classifier_pseudo_label,0.78,0.9964897001659713,0.14319385024478412,0.26073926073926074,2
Case4,8x8,8x8_197,2,curve_classifier_pseudo_label,0.6583333333333333,0.9963064999193723,0.16617996447936245,0.2057942057942058,2
Case4,8x8,8x8_198,2,curve_classifier_pseudo_label,0.5533333333333333,0.9980792710314705,0.14323471748516797,0.1958041958041958,2
Case4,8x8,8x8_199,2,curve_classifier_pseudo_label,0.6116666666666667,0.9970288826134192,0.16800339237178483,0.17782217782217782,2
Case4,8x8,8x8_200,2,curve_classifier_pseudo_label,0.5383333333333333,0.9965536808208892,0.1712585639462844,0.18681318681318682,2
Case4,8x8,8x8_201,2,curve_classifier_pseudo_label,0.6916666666666667,0.9964793220678844,0.14244293353808382,0.2677322677322677,2
Case4,8x8,8x8_202,2,curve_classifier_pseudo_label,0.7216666666666667,0.9967832893312607,0.13655516469525086,0.2827172827172827,2
Case4,8x8,8x8_203,2,curve_classifier_pseudo_label,0.685,0.9959612513315672,0.18138849700027668,0.18981018981018982,2
Case4,8x8,8x8_204,3,curve_classifier_pseudo_label,0.725,0.9941915301202179,0.1632099213811606,0.27172827172827174,2
Case4,8x8,8x8_205,2,curve_classifier_pseudo_label,0.5033333333333333,0.9989779248263866,0.11060023378773172,0.2707292707292707,2
Case4,8x8,8x8_206,2,curve_classifier_pseudo_label,0.555,0.9966296729246662,0.1614261287592551,0.3106893106893107,2
Case4,8x8,8x8_207,2,curve_classifier_pseudo_label,0.7216666666666667,0.9970380213535327,0.13850396384384203,0.2977022977022977,2
Case4,8x8,8x8_208,2,curve_classifier_pseudo_label,0.5933333333333334,0.9972500827335367,0.16446824147900424,0.17582417582417584,2
Case4,8x8,8x8_209,1,curve_classifier_pseudo_label,0.5233333333333333,0.9991404683163918,0.10259260704711586,0.2677322677322677,1
Case4,8x8,8x8_210,3,curve_classifier_pseudo_label,0.6683333333333333,0.994699552330323,0.17108811420907893,0.2907092907092907,2
Case4,8x8,8x8_211,1,curve_classifier_pseudo_label,0.57,0.9994494378268043,0.08576485358904651,0.3066933066933067,1
Case4,8x8,8x8_212,2,curve_classifier_pseudo_label,0.5116666666666667,0.9991488288640742,0.10147916025394697,0.2777222777222777,1
Case4,8x8,8x8_213,2,curve_classifier_pseudo_label,0.6033333333333334,0.997265270030435,0.16319151171703303,0.1838161838161838,2
Case4,8x8,8x8_214,2,curve_classifier_pseudo_label,0.6483333333333333,0.9966541255557078,0.14136048264749587,0.2837162837162837,2
Case4,8x8,8x8_215,3,curve_classifier_pseudo_label,0.8766666666666667,0.9942172464265414,0.18574857271022854,0.30569430569430567,2
Case4,8x8,8x8_216,2,curve_classifier_pseudo_label,0.7216666666666667,0.9965688251987689,0.14384341339387877,0.2827172827172827,2
Case4,8x8,8x8_217,2,curve_classifier_pseudo_label,0.6816666666666666,0.995974282866835,0.1491346972821451,0.26573426573426573,2
Case4,8x8,8x8_218,3,curve_classifier_pseudo_label,0.8783333333333333,0.9942578698609156,0.18617584611612514,0.3046953046953047,2
Case4,8x8,8x8_219,2,curve_classifier_pseudo_label,0.7483333333333333,0.9968220292656063,0.14247332746306834,0.2867132867132867,2
Case4,8x8,8x8_220,3,curve_classifier_pseudo_label,0.81,0.9946649654522518,0.1672638370022957,0.28771228771228774,2
Case4,8x8,8x8_221,1,curve_classifier_pseudo_label,0.4633333333333333,0.9987273657455641,0.12005000935855374,0.23276723276723277,2
Case4,8x8,8x8_222,2,curve_classifier_pseudo_label,0.47,0.9962985406358554,0.17335299905617613,0.3146853146853147,2
Case4,8x8,8x8_223,2,curve_classifier_pseudo_label,0.5733333333333334,0.9975946845631897,0.15591794854052113,0.1848151848151848,2
Case4,8x8,8x8_224,3,curve_classifier_pseudo_label,0.6233333333333333,0.9959085315413545,0.15280648789333037,0.2827172827172827,2
Case4,8x8,8x8_225,2,curve_classifier_pseudo_label,0.45666666666666667,0.9961735318745579,0.17733737453093573,0.3086913086913087,2
Case4,8x8,8x8_226,2,curve_classifier_pseudo_label,0.6566666666666666,0.9966768608607022,0.17186421289472031,0.18181818181818182,2
Case4,8x8,8x8_227,3,curve_classifier_pseudo_label,0.6283333333333333,0.9958266844063476,0.15286727409437292,0.2827172827172827,2
Case4,8x8,8x8_228,2,curve_classifier_pseudo_label,0.71,0.9958074147022095,0.17360694039102156,0.2077922077922078,2
Case4,8x8,8x8_229,2,curve_classifier_pseudo_label,0.6383333333333333,0.9966002774331028,0.17088440164531718,0.1848151848151848,2
Case4,8x8,8x8_230,2,curve_classifier_pseudo_label,0.56,0.9949837161650126,0.20652190595888786,0.1798201798201798,2
Case4,8x8,8x8_231,2,curve_classifier_pseudo_label,0.7383333333333333,0.9964865100942238,0.14208404564663463,0.27172827172827174,2
Case4,8x8,8x8_232,3,curve_classifier_pseudo_label,0.8266666666666667,0.9949356100405303,0.1676540981567718,0.28771228771228774,2
Case4,8x8,8x8_233,2,curve_classifier_pseudo_label,0.6483333333333333,0.9963083962568167,0.14483541087024226,0.2727272727272727,2
Case4,8x8,8x8_234,2,curve_classifier_pseudo_label,0.57,0.9977925096587171,0.15768371613033777,0.2037962037962038,2
Case4,8x8,8x8_235,2,curve_classifier_pseudo_label,0.6233333333333333,0.9967251161651156,0.14355014001074723,0.28471528471528473,2
Case4,8x8,8x8_236,2,curve_classifier_pseudo_label,0.6516666666666666,0.9962941288323863,0.1454143210917168,0.27672327672327673,2
Case4,8x8,8x8_237,2,curve_classifier_pseudo_label,0.7866666666666666,0.9959970398404138,0.1665174477300893,0.21578421578421578,2
Case4,8x8,8x8_238,2,curve_classifier_pseudo_label,0.6816666666666666,0.9963502036802678,0.14434329567583168,0.2707292707292707,2
Case4,8x8,8x8_239,3,curve_classifier_pseudo_label,0.7783333333333333,0.9947668022872537,0.1602851820302186,0.2787212787212787,2
Case4,8x8,8x8_240,2,curve_classifier_pseudo_label,0.63,0.9954553561749077,0.16502584135579887,0.23676323676323677,2
Case4,8x8,8x8_241,3,curve_classifier_pseudo_label,0.8783333333333333,0.9941503802581204,0.18915573962112245,0.3076923076923077,2
Case4,8x8,8x8_242,2,curve_classifier_pseudo_label,0.775,0.9958012786251882,0.17373304043684246,0.2077922077922078,2
Case4,8x8,8x8_243,1,curve_classifier_pseudo_label,0.5483333333333333,0.9996634335197285,0.07328676223701971,0.2707292707292707,1
Case4,8x8,8x8_244,1,curve_classifier_pseudo_label,0.465,0.9984931666005032,0.1296723685043163,0.21178821178821178,2
Case4,8x8,8x8_245,3,curve_classifier_pseudo_label,0.6983333333333334,0.9951201440972359,0.1577364555008647,0.27972027972027974,2
Case4,8x8,8x8_246,1,curve_classifier_pseudo_label,0.625,0.9997620766991848,0.062732730863652,0.2857142857142857,1
Case4,8x8,8x8_247,2,curve_classifier_pseudo_label,0.4816666666666667,0.998450137671678,0.1412203460815319,0.15584415584415584,2
Case4,8x8,8x8_248,3,curve_classifier_pseudo_label,0.7866666666666666,0.9949246958815137,0.1685195404375353,0.2887112887112887,2
Case4,8x8,8x8_249,3,curve_classifier_pseudo_label,0.8666666666666667,0.9942850710925695,0.18441174615748365,0.3036963036963037,2
Case4,8x8,8x8_250,2,curve_classifier_pseudo_label,0.5983333333333334,0.9982765548076709,0.13552718627604926,0.2177822177822178,2
Case4,8x8,8x8_251,2,curve_classifier_pseudo_label,0.48,0.9965268371120973,0.16200700877783722,0.2967032967032967,2
Case4,8x8,8x8_252,2,curve_classifier_pseudo_label,0.6016666666666667,0.9970144739728375,0.16829155190447256,0.17782217782217782,2
Case4,8x8,8x8_253,2,curve_classifier_pseudo_label,0.6616666666666666,0.9961426857095198,0.18443995780535818,0.18281718281718282,2
Case4,8x8,8x8_254,2,curve_classifier_pseudo_label,0.6716666666666666,0.996992142810098,0.13726430765826375,0.2907092907092907,2
Case4,8x8,8x8_255,2,curve_classifier_pseudo_label,0.7083333333333334,0.9958705184447102,0.17684390627453564,0.1998001998001998,2
Case4,8x8,8x8_256,3,curve_classifier_pseudo_label,0.8033333333333333,0.9947909550017605,0.16813129387794057,0.28771228771228774,2
Case4,8x8,8x8_257,2,curve_classifier_pseudo_label,0.5233333333333333,0.9989896557464952,0.11745323894039313,0.1928071928071928,2
Case4,8x8,8x8_258,2,curve_classifier_pseudo_label,0.5916666666666667,0.9960357099186895,0.14767656498217785,0.2727272727272727,2
Case4,8x8,8x8_259,3,curve_classifier_pseudo_label,0.6616666666666666,0.9955965647804444,0.1559319159866451,0.2827172827172827,2
Case4,8x8,8x8_260,2,curve_classifier_pseudo_label,0.565,0.9984349060499166,0.13015330735017938,0.2217782217782218,2
Case4,8x8,8x8_261,3,curve_classifier_pseudo_label,0.7716666666666666,0.9948572005761779,0.16296677016070743,0.2827172827172827,2
Case4,8x8,8x8_262,2,curve_classifier_pseudo_label,0.52,0.9987081500955163,0.12130845979944975,0.22977022977022976,2
Case4,8x8,8x8_263,3,curve_classifier_pseudo_label,0.7316666666666667,0.9947547781165884,0.17355316148640146,0.2937062937062937,2
Case4,8x8,8x8_264,1,curve_classifier_pseudo_label,0.5016666666666667,0.998787944319517,0.12726168325361284,0.17882117882117882,2
Case4,8x8,8x8_265,2,curve_classifier_pseudo_label,0.715,0.9969361594977634,0.1333823796208575,0.2887112887112887,2
Case4,8x8,8x8_266,3,curve_classifier_pseudo_label,0.455,0.9941623344417867,0.18746388923640606,0.22477522477522477,2
Case4,8x8,8x8_267,2,curve_classifier_pseudo_label,0.5683333333333334,0.9958753717488125,0.19973345689183558,0.17282717282717283,2
Case4,8x8,8x8_268,2,curve_classifier_pseudo_label,0.7333333333333333,0.9957216968608138,0.16812816814799506,0.2217782217782218,2
Case4,8x8,8x8_269,1,curve_classifier_pseudo_label,0.6666666666666666,0.9997763871670462,0.06133394745375311,0.29270729270729273,1
Case4,8x8,8x8_270,2,curve_classifier_pseudo_label,0.5616666666666666,0.9964287289065402,0.1681029222366939,0.3066933066933067,2
Case4,8x8,8x8_271,2,curve_classifier_pseudo_label,0.715,0.9953506910126801,0.19183764203172837,0.1918081918081918,2
Case4,8x8,8x8_272,2,curve_classifier_pseudo_label,0.5133333333333333,0.999234516575012,0.1040937149202146,0.2137862137862138,1
Case4,8x8,8x8_273,2,curve_classifier_pseudo_label,0.5216666666666666,0.9990410649421713,0.11472124149134118,0.1918081918081918,2
Case4,8x8,8x8_274,3,curve_classifier_pseudo_label,0.6266666666666667,0.993716210908278,0.1722957445483183,0.2547452547452547,2
Case4,8x8,8x8_275,2,curve_classifier_pseudo_label,0.69,0.9970362553759683,0.13514268960373485,0.29270729270729273,2
Case4,8x8,8x8_276,2,curve_classifier_pseudo_label,0.49,0.9986391530617328,0.13333055734544028,0.16983016983016982,2
Case4,8x8,8x8_277,2,curve_classifier_pseudo_label,0.53,0.9983847319518819,0.13336574589549305,0.2047952047952048,2
Case4,8x8,8x8_278,2,curve_classifier_pseudo_label,0.8,0.9970294811392062,0.13712418701953696,0.29270729270729273,2
Case4,8x8,8x8_279,2,curve_classifier_pseudo_label,0.4766666666666667,0.9982147508881579,0.15012247212906094,0.13286713286713286,2
Case4,8x8,8x8_280,3,curve_classifier_pseudo_label,0.765,0.9950619624309887,0.1606811851766769,0.2827172827172827,2
Case4,8x8,8x8_281,2,curve_classifier_pseudo_label,0.675,0.9969140972924339,0.13767286513165916,0.28771228771228774,2
Case4,8x8,8x8_282,2,curve_classifier_pseudo_label,0.7483333333333333,0.9966423353553945,0.139001942213057,0.2757242757242757,2
Case4,8x8,8x8_283,3,curve_classifier_pseudo_label,0.6083333333333333,0.9944210346918483,0.16340101741786733,0.26573426573426573,2
Case4,8x8,8x8_284,3,curve_classifier_pseudo_label,0.8633333333333333,0.9944865773203747,0.1731014845515052,0.2957042957042957,2
Case4,8x8,8x8_285,2,curve_classifier_pseudo_label,0.7133333333333334,0.9958864370500679,0.15039022251191564,0.2647352647352647,2
Case4,8x8,8x8_286,2,curve_classifier_pseudo_label,0.6016666666666667,0.9964206034848028,0.16820415848937303,0.1968031968031968,2
Case4,8x8,8x8_287,2,curve_classifier_pseudo_label,0.7383333333333333,0.9969139636194472,0.13485152999027156,0.28771228771228774,2
Case4,8x8,8x8_288,2,curve_classifier_pseudo_label,0.7,0.9963571253261411,0.17277726369233684,0.18981018981018982,2
Case4,8x8,8x8_289,2,curve_classifier_pseudo_label,0.5033333333333333,0.9958716702751005,0.15113285213681218,0.2807192807192807,2
Case4,8x8,8x8_290,2,curve_classifier_pseudo_label,0.7433333333333333,0.9970606932732078,0.13518044747846386,0.2947052947052947,2
Case4,8x8,8x8_291,3,curve_classifier_pseudo_label,0.8433333333333334,0.9948899505733747,0.16979520462744843,0.2917082917082917,2
Case4,8x8,8x8_292,1,curve_classifier_pseudo_label,0.49833333333333335,0.9985955940573218,0.13533311979267884,0.16783216783216784,2
Case4,8x8,8x8_293,3,curve_classifier_pseudo_label,0.745,0.9949416972194353,0.16375947609311808,0.2857142857142857,2
Case4,8x8,8x8_294,2,curve_classifier_pseudo_label,0.5016666666666667,0.9989387404224895,0.11167938434362364,0.25074925074925075,2
Case4,8x8,8x8_295,2,curve_classifier_pseudo_label,0.4683333333333333,0.9964315737351347,0.16912324358013364,0.3146853146853147,2
Case4,8x8,8x8_296,2,curve_classifier_pseudo_label,0.5966666666666667,0.9974578668572758,0.15956035440865188,0.18081918081918083,2
Case4,8x8,8x8_297,3,curve_classifier_pseudo_label,0.835,0.99409199519824,0.1909526462496549,0.3076923076923077,2
Case4,8x8,8x8_298,3,curve_classifier_pseudo_label,0.7983333333333333,0.9944998747221407,0.16431959030871787,0.2817182817182817,2
Case4,8x8,8x8_299,3,curve_classifier_pseudo_label,0.765,0.9952564406038292,0.16212556574160306,0.2857142857142857,2
Case4,8x8,8x8_300,2,curve_classifier_pseudo_label,0.5216666666666666,0.998845944082154,0.12033020980119136,0.25374625374625376,2
