dataset_index,fold,case,test_id,theta1,theta2,geometry,actual_type,predicted_type,probability_type1,probability_type2,probability_type3,actual_pt,predicted_pt,actual_max_force,predicted_max_force,curve_force_rmse
0,4,Case2,6x4_001,65.0,19.0,6x4,2,2,3.4338225418650836e-07,0.9999969005584717,2.699576725717634e-06,19662.338495438697,20657.556332058164,37137.03176879883,38256.15194920005,928.1054981398054
1,3,Case2,6x4_002,40.0,-51.0,6x4,1,1,0.9999552965164185,4.4548964069690555e-05,1.6572549554894067e-07,15516.468243569163,16414.435119080565,20624.775924682617,19213.399036696293,1136.3326278179356
3,2,Case2,6x4_004,49.0,48.0,6x4,1,1,0.9999847412109375,1.5264085959643126e-05,5.199841268677119e-08,14685.038124618122,14727.108686110128,17019.488403320312,17110.739199232507,184.9765880908907
4,2,Case2,6x4_005,-52.0,20.0,6x4,2,2,2.109107117576059e-05,0.9999769926071167,1.888233555291663e-06,19017.402658062972,20656.332989660303,35229.41049003601,36460.728010893516,979.5208672542941
5,4,Case2,6x4_006,-15.0,-74.0,6x4,2,2,3.511025568059267e-07,0.9999836683273315,1.5924975741654634e-05,20754.70106893895,24058.103828941457,39269.67221146822,40816.71885061582,1022.356685063962
6,3,Case2,6x4_007,51.0,-83.0,6x4,1,1,0.9999964237213135,3.494228053568804e-07,3.266193743911572e-06,11050.763333309067,10833.884532836248,16119.98941040039,14044.196287559043,1481.9727640091219
8,3,Case2,6x4_009,-63.0,21.0,6x4,2,2,5.659063049279212e-07,0.999998927116394,4.5025743133919605e-07,19810.341364807206,20357.339280288124,36122.34503364563,36020.77386667071,315.76759716531495
9,1,Case2,6x4_010,-74.0,83.0,6x4,1,1,0.9999997615814209,6.31413072937903e-08,1.5305478484606283e-07,6475.1691437324325,6292.857447254973,9510.376041412354,8452.962291950802,755.3808684742522
11,2,Case2,6x4_012,-56.0,9.0,6x4,2,2,2.5282810156568303e-07,0.9999947547912598,5.045814759796485e-06,21548.379771521366,22178.708199044584,40814.75379753113,41263.87483858915,546.6277354250142
12,4,Case2,6x4_013,61.0,33.0,6x4,2,2,0.24488896131515503,0.755107581615448,3.4146564757975284e-06,16122.42566552643,19354.125513908497,27059.23011779785,27879.660729107774,835.8721549200714
13,3,Case2,6x4_014,19.0,79.0,6x4,2,2,1.261509936512084e-07,0.9999978542327881,2.0294760361139197e-06,20603.663841197562,22788.189581082188,37985.37337721884,38689.34978571886,752.5913007277281
15,5,Case2,6x4_016,75.0,-61.0,6x4,1,1,0.9999988079071045,4.5709565910101446e-08,1.2381080978229875e-06,9605.86968700014,9943.653245144991,12272.73332977295,11604.763263131645,439.6328554569811
16,2,Case2,6x4_017,-30.0,66.0,6x4,2,2,2.2202897525858134e-05,0.9999774694442749,3.3750569627954974e-07,17554.893196468318,19007.661305921916,30523.850940704346,31302.099890713005,571.1037091158676
18,1,Case2,6x4_019,-79.0,29.0,6x4,2,2,9.656814654590562e-07,0.9999986886978149,3.616263200001413e-07,18047.277970699313,21380.387233144844,32282.749340057373,34671.87090582875,1561.23166172496
19,3,Case2,6x4_020,-2.0,48.0,6x4,2,2,1.4129088299341674e-07,0.9888961315155029,0.011103718541562557,22366.67657833105,24699.40089214465,41537.01729011536,42680.41419743714,981.9697851305657
20,1,Case2,6x4_021,-49.0,-67.0,6x4,1,1,0.9999992847442627,5.819813395646634e-07,9.381449217471527e-08,13241.473727550778,14478.19905371813,16862.695304870605,16017.344195030102,1261.29843130281
21,4,Case2,6x4_022,43.0,-33.0,6x4,2,2,0.22707560658454895,0.7728939056396484,3.0489336495520547e-05,15881.001246662378,18755.586923776224,24317.717407226562,26354.954797736675,1465.0782247854536
22,3,Case2,6x4_023,62.0,-67.0,6x4,1,1,0.9999996423721313,3.3697592272119437e-08,4.041029626478121e-07,10922.264530441522,10608.28683591551,12623.779968261719,11615.236991205187,584.8574188340542
23,2,Case2,6x4_024,30.0,75.0,6x4,2,2,2.7391002731746994e-05,0.9999721050262451,4.7102807343435416e-07,17917.135662089717,19995.547366336737,31518.928310394287,33452.97050972427,1391.3860702489478
24,5,Case2,6x4_025,80.0,-80.0,6x4,1,1,0.9999922513961792,5.32215622683907e-08,7.716370419075247e-06,5972.071636344868,5880.1235230766515,9090.72618484497,8819.331680344238,244.68265567614404
26,5,Case2,6x4_027,54.0,-38.0,6x4,1,1,0.9355770349502563,0.06441597640514374,7.0245932874968275e-06,15371.954601045092,17290.327801826676,22093.110076904297,22808.98610305594,796.023433377366
27,2,Case2,6x4_028,36.0,-31.0,6x4,2,2,0.1294596791267395,0.8704310059547424,0.0001093319442588836,16320.794939680867,18129.63808906477,26828.452423095703,27210.274157463326,646.7880170002231
28,2,Case2,6x4_029,52.0,-41.0,6x4,1,1,0.9997010231018066,0.0002990530338138342,4.233235628703369e-08,15273.761643841104,16534.368813502104,20100.629302978516,20308.71968157489,476.7245187830057
29,4,Case2,6x4_030,15.0,-12.0,6x4,3,3,4.037364760733908e-06,0.0003004853497259319,0.9996955394744873,18261.513326122706,19197.816632630762,40346.919271469116,40099.71969334997,436.00419207524567
30,5,Case2,6x4_031,-55.0,-62.0,6x4,1,1,0.9999995231628418,3.086856281697692e-07,7.434061188860142e-08,12519.355773543584,12562.5630728042,14600.038009643555,14002.584510023406,304.0753012237676
31,3,Case2,6x4_032,-19.0,-7.0,6x4,3,3,4.495648795455054e-07,0.00015521211025770754,0.9998443126678467,18252.393554508428,21149.75129585547,40701.98033905029,41928.25227880389,1136.123325585718
32,5,Case2,6x4_033,-61.0,86.0,6x4,1,1,0.9999992847442627,3.0692339691995585e-07,3.0006495421730506e-07,8663.530557652,8530.290474633939,12063.288520812988,11185.156216314408,563.8914858291787
33,5,Case2,6x4_034,-43.0,-15.0,6x4,2,2,1.2910672012367286e-05,0.9999594688415527,2.758666596491821e-05,20160.04950343554,21664.87227894114,37164.66524505615,38817.83151907001,1173.2510824384922
34,5,Case2,6x4_035,70.0,81.0,6x4,1,1,0.9999992847442627,4.665873518661101e-07,2.0246449139449396e-07,7250.725122793007,7556.700541965426,10157.417854309082,9589.977467641309,358.10296366209167
35,1,Case2,6x4_036,8.0,25.0,6x4,3,3,7.436474902533519e-07,0.00010100015060743317,0.9998983144760132,19258.694031637977,21392.143368965048,40618.30241775513,41928.72368199039,1344.8697236390542
37,3,Case2,6x4_038,-56.0,52.0,6x4,1,1,0.9999997615814209,2.552676505729323e-07,5.329082952698627e-08,13779.68239296741,14404.654123523944,15559.530044555664,14942.873686203082,483.2491838569612
38,5,Case2,6x4_039,64.0,42.0,6x4,1,1,0.9987040758132935,0.0012940445449203253,1.86215550002089e-06,15101.636430104876,17051.827340394422,21462.68901824951,20129.786486706867,775.847224026128
39,2,Case2,6x4_040,-27.0,-54.0,6x4,2,2,0.04131917655467987,0.9586802124977112,6.156881795504887e-07,17635.6244604274,18171.217959581445,30356.05913925171,28155.110885753325,1491.864467680578
40,4,Case2,6x4_041,-2.0,-68.0,6x4,2,2,1.0385799242840221e-07,0.9998921155929565,0.0001077518827514723,22256.993284960623,25167.09836936647,41910.84020590782,43551.20106962473,1096.5025122963987
41,3,Case2,6x4_042,84.0,51.0,6x4,1,1,0.9999940395355225,5.152618086867733e-06,7.765717668917205e-07,10880.446089157313,10429.218342557397,16035.284492492676,14186.723292981605,1253.015704491819
42,3,Case2,6x4_043,79.0,-71.0,6x4,1,1,0.9999955892562866,7.621335385010752e-08,4.331173840910196e-06,7260.875534046547,6664.174974901527,10099.37686920166,8930.377338047563,741.4189043373649
43,1,Case2,6x4_044,59.0,-56.0,6x4,1,1,0.9999998807907104,7.351673758648758e-08,4.1893610358556543e-08,13010.057232788411,13431.156275352201,14537.59326171875,13692.210673340136,410.8317830188703
44,1,Case2,6x4_045,-18.0,-35.0,6x4,2,2,9.378339200338814e-06,0.8237194418907166,0.17627117037773132,19920.166232535616,23930.911424699996,35482.83219528198,39706.49335879017,3162.7318242734455
45,3,Case2,6x4_046,-76.0,-77.0,6x4,1,1,0.9999969005584717,1.5166984894676716e-06,1.4945703696866985e-06,6781.751740967857,6751.99599146189,9680.02953338623,8799.619000063485,507.18482868056276
46,5,Case2,6x4_047,42.0,27.0,6x4,2,2,0.40154266357421875,0.5980814695358276,0.000375878531485796,17036.221717934684,17531.361897234063,28561.14824295044,28966.442593054013,463.63819143080445
47,1,Case2,6x4_048,1.0,71.0,6x4,2,2,2.8124377493554675e-08,0.9999923706054688,7.566149633930763e-06,22383.690349189837,25337.162118596534,42173.39065988362,43782.71863340528,1237.8614307486496
48,2,Case2,6x4_049,-37.0,22.0,6x4,2,2,0.006230414845049381,0.9908425807952881,0.002927039982751012,18357.4640474759,21137.21582608405,32737.402591705322,34218.35966777239,1167.5397200509083
50,3,Case2,6x4_051,28.0,57.0,6x4,2,2,6.165331797092222e-06,0.9999934434890747,3.497348188830074e-07,17712.049589651342,18471.60585914572,30335.37829208374,30913.14349290866,485.0674321498489
52,5,Case2,6x4_053,3.0,87.0,6x4,2,2,1.7920035588758765e-07,0.9999533891677856,4.646322486223653e-05,22248.78642704942,19260.30209898012,41152.33970975876,41924.363098391106,734.3230548731038
53,2,Case2,6x4_054,-17.0,-44.0,6x4,2,2,2.480108378222212e-06,0.9999896287918091,7.918722985778004e-06,19730.01039931261,21632.843658541722,36037.03637123108,36739.069085297946,764.3517849589924
54,3,Case2,6x4_055,44.0,-49.0,6x4,1,1,0.9999940395355225,5.889920885238098e-06,8.44002769895269e-08,15976.463339044598,15867.818490529075,19088.29020690918,17138.892736151218,1237.12997282354
56,4,Case2,6x4_057,2.0,74.0,6x4,2,2,2.449364728818182e-07,0.9999810457229614,1.8692608136916533e-05,22340.2490678272,24284.49334313682,41991.09358549118,43962.990258819664,1272.4671645006604
57,1,Case2,6x4_058,82.0,19.0,6x4,2,2,5.459869498736225e-06,0.9999791383743286,1.5347493899753317e-05,20342.67136165196,21915.08233287293,37597.80515027046,38436.758044938804,580.1752542841452
58,1,Case2,6x4_059,14.0,3.0,6x4,3,3,2.2665983578917803e-06,0.00019672240887302905,0.999800980091095,17257.710775301333,20079.505149136297,39940.503073364496,41987.40022328939,1580.9400135455255
59,2,Case2,6x4_060,44.0,-84.0,6x4,1,1,0.9992790818214417,0.0007206946611404419,2.631846598433185e-07,12937.180943069954,13928.82864107408,20193.92555999756,21038.967516260782,651.3572660442323
60,3,Case2,6x4_061,0.0,-52.0,6x4,2,2,9.820087143452838e-08,0.9993276596069336,0.0006722489488311112,22306.408156250967,25180.05752525915,41632.16054344177,42561.97600863912,881.2435506320702
61,5,Case2,6x4_062,33.0,26.0,6x4,2,1,0.8185475468635559,0.027679895982146263,0.1537725180387497,17984.52330299771,19118.55033650961,30669.0115776062,32207.34479273977,1087.3152605684481
62,5,Case2,6x4_063,-75.0,38.0,6x4,2,2,0.0036478645633906126,0.9963418841362,1.020433865051018e-05,16001.171126272333,16904.91933645906,25878.04421234131,27866.640880498147,1451.061753315224
63,5,Case2,6x4_064,-20.0,55.0,6x4,2,2,2.044405107426428e-07,0.9999996423721313,1.8932989576114778e-07,19963.39258921645,19179.689813507877,35805.245738983154,36669.592076633235,721.1777858166861
64,3,Case2,6x4_065,72.0,31.0,6x4,2,2,0.000569156080018729,0.9994284510612488,2.352755927859107e-06,17401.565138733276,19564.928513706738,30255.924961090088,31248.50261176879,1212.726044624973
65,3,Case2,6x4_066,75.0,72.0,6x4,1,1,0.9999992847442627,2.530750577989238e-07,4.903555463897646e-07,7640.143350666693,7379.730339148558,10254.928009033203,9318.801343713478,649.3067371317031
66,5,Case2,6x4_067,-83.0,68.0,6x4,1,1,0.9999991655349731,1.5234391526064428e-07,7.256272738231928e-07,7375.888626669171,6806.72109785752,10396.559120178223,9457.831417761266,597.6063921849034
67,3,Case2,6x4_068,-26.0,-1.0,6x4,3,3,2.3803863768989686e-07,0.0002184041659347713,0.9997813105583191,19456.305973491017,22702.459217362055,41096.747955322266,42647.28502938506,1257.308898122932
68,3,Case2,6x4_069,-36.0,57.0,6x4,2,1,0.8970215320587158,0.10297252982854843,5.945275916019455e-06,16012.499820929535,17824.33087985671,24273.506149291992,25325.782300515486,836.9388766652015
70,2,Case2,6x4_071,-45.0,-29.0,6x4,2,1,0.9256382584571838,0.07436089217662811,7.774780215186183e-07,16177.961790320023,17042.414552893173,27254.40411376953,25592.18035181534,1248.6138951278144
71,5,Case2,6x4_072,-29.0,13.0,6x4,3,3,3.7037250422145007e-06,7.039799129415769e-06,0.9999892711639404,20710.241629599408,21852.61185184801,38879.87706565857,40545.089182504846,1302.4210277634456
72,4,Case2,6x4_073,-22.0,46.0,6x4,2,2,8.145649417201639e-07,0.9999657869338989,3.3384600101271644e-05,18878.0105001635,19777.12413666168,33066.51007461548,35675.83267880117,1753.0661556367859
73,2,Case2,6x4_074,-1.0,-8.0,6x4,3,3,1.3996742609378998e-06,0.0002522652212064713,0.9997462630271912,17026.160511303562,17552.127352563897,38559.52574840188,42479.979700027936,3017.7444472818293
75,4,Case2,6x4_076,50.0,5.0,6x4,2,2,2.621212047415611e-07,0.997418999671936,0.0025807316415011883,21885.93175823237,21903.914468222847,40961.54466962814,41047.644958144825,145.71454667826936
76,1,Case2,6x4_077,-64.0,20.0,6x4,2,2,1.4181128449308744e-07,0.9999996423721313,2.1046518838829797e-07,19538.7897396166,21521.900350526976,36803.21956062317,36984.48889845263,178.02016117885364
77,2,Case2,6x4_078,29.0,-79.0,6x4,2,2,0.00023148185573518276,0.9997633099555969,5.231100658420473e-06,18246.36351476399,19620.41063655778,32369.10271835327,34406.469355697154,1439.7640251750515
79,1,Case2,6x4_080,-53.0,-64.0,6x4,1,1,0.9999997615814209,1.7522583561913052e-07,6.865896295948914e-08,13114.080150028736,13962.870384957669,15165.436920166016,14743.935000684352,550.3611696780894
81,1,Case2,6x4_082,85.0,48.0,6x4,1,1,0.9999902248382568,9.707828212413006e-06,9.209954754396676e-08,11621.81100951362,11529.127011989876,17661.911895751953,16716.06366405281,782.1590857686606
82,3,Case2,6x4_083,-12.0,85.0,6x4,2,2,3.710052354222171e-08,0.9999691247940063,3.0799848900642246e-05,21304.411023413217,21787.772572045516,40045.64442026615,40701.91894211245,830.1573500715957
83,5,Case2,6x4_084,77.0,-48.0,6x4,1,1,0.9999942779541016,3.4425600006215973e-06,2.295801778018358e-06,12216.006785058336,12370.650200490385,17617.78549194336,16301.155933904454,1024.329333603272
85,2,Case2,6x4_086,-41.0,-54.0,6x4,1,1,0.9999947547912598,5.214781594986562e-06,1.0926126670085523e-08,15334.76214970965,14511.962094979926,20370.241760253906,18751.22031261054,1247.0770912598375
86,1,Case2,6x4_087,-38.0,89.0,6x4,2,2,0.006634535733610392,0.9933627843856812,2.6645311663742177e-06,16110.326157228694,17892.30763898828,26626.50227355957,29287.28098271442,1941.1406572335313
87,1,Case2,6x4_088,23.0,33.0,6x4,3,2,0.0011349659180268645,0.9370111227035522,0.06185395270586014,18667.182044892546,20550.255606841267,32820.57548713684,36357.6025164245,2240.2166314576675
88,1,Case2,6x4_089,18.0,-35.0,6x4,2,3,7.966003181536507e-07,0.0031853807158768177,0.9968138337135315,20004.824334374945,23734.0144250553,35683.80089759827,38624.290130387766,2170.5821334990273
89,5,Case2,6x4_090,-65.0,24.0,6x4,2,2,2.0890654468530556e-06,0.9999969005584717,1.0000320571634802e-06,19166.219234683158,19569.650246636556,34469.258419036865,35392.973811342345,674.6113876602565
92,1,Case2,6x4_093,-70.0,-78.0,6x4,1,1,0.9999986886978149,7.348444341914728e-07,5.444529733722447e-07,7570.430723745265,7941.5695803981425,10318.320999145508,9441.543981355071,668.2960533814393
93,1,Case2,6x4_094,73.0,-55.0,6x4,1,1,0.9999998807907104,5.9301978438952574e-08,1.0903766423098205e-07,11130.10844688354,11209.160542349091,14246.254989624023,12952.312330949611,1044.1205879092956
95,4,Case2,6x4_096,84.0,-52.0,6x4,1,1,0.9999996423721313,1.9095426750936895e-07,1.499603712318276e-07,10765.94834339393,10539.81713695333,15570.672637939453,13932.615452893215,1234.0516367219402
96,5,Case2,6x4_097,-46.0,-23.0,6x4,2,2,0.0011196809355169535,0.9988738894462585,6.437203865061747e-06,17815.678284165737,19851.597172221052,32120.091911315918,32580.694599914652,413.7756325039483
97,1,Case2,6x4_098,-1.0,36.0,6x4,3,3,1.2645354274809506e-07,0.001100298948585987,0.9988995790481567,21657.29273727099,23099.465272098656,41026.720178604126,42944.24320031796,1438.3608136151258
98,5,Case2,6x4_099,90.0,40.0,6x4,1,2,0.0627974271774292,0.937173068523407,2.9552405976573937e-05,12347.284819586124,14377.258600412872,22755.860969543457,25061.96588567207,1539.4847439417742
99,5,Case2,6x4_100,69.0,62.0,6x4,1,1,0.9999995231628418,3.6724509300256614e-07,1.0182420595583608e-07,10335.948527733512,10144.55480755959,12326.815940856934,11298.925129531559,631.637302918049
101,2,Case2,6x4_102,76.0,-24.0,6x4,2,2,1.538617470941972e-05,0.9999833106994629,1.2775385584973264e-06,19209.213496979915,20756.865561644612,35196.511138916016,36789.677119946435,1181.153429760422
102,2,Case2,6x4_103,66.0,14.0,6x4,2,2,4.053069915244123e-07,0.9999983310699463,1.2445190122889471e-06,20725.43237640009,22800.42304283617,39405.27874740213,41246.36103626865,1348.548921362674
103,5,Case2,6x4_104,83.0,3.0,6x4,2,2,1.809645027606166e-06,0.998201847076416,0.001796285156160593,21975.393590152078,24029.96815180459,41024.56811866164,43103.75853725857,1427.2362788627545
104,3,Case2,6x4_105,89.0,-77.0,6x4,1,1,0.999988317489624,1.386039372164305e-07,1.1564150554477237e-05,5742.907653147176,5495.020417577276,8954.457775115967,8293.70610322544,414.225653399835
105,4,Case2,6x4_106,-12.0,43.0,6x4,2,2,1.3856775922249653e-06,0.9724379777908325,0.027560614049434662,21828.546895226827,23341.78155777685,38798.90520095825,40686.431277887896,1422.9547715869599
106,3,Case2,6x4_107,69.0,8.0,6x4,2,2,4.150415691128728e-07,0.9999256134033203,7.394472049782053e-05,21621.816505972165,23275.736183261863,41065.04050898552,41447.56863914472,490.12224645826427
107,1,Case2,6x4_108,46.0,-72.0,6x4,1,1,0.9999957084655762,3.4161039366154e-06,8.236555686380598e-07,12968.26670199502,14883.119300891838,18720.836822509766,17883.707008375277,1219.1683438073271
108,5,Case2,6x4_109,-69.0,17.0,6x4,2,2,4.965739890394616e-07,0.9999943971633911,5.0692492550297175e-06,21042.62463381931,21997.584340153553,38614.60772371292,39581.60903982198,718.1646264216134
113,5,Case2,6x4_114,-35.0,-78.0,6x4,2,2,0.028611015528440475,0.9713545441627502,3.4449280065018684e-05,16641.048662185567,18883.84250139807,28145.9669380188,29164.265561823697,801.4651658984924
114,4,Case2,6x4_115,22.0,74.0,6x4,2,2,1.5683572200941853e-06,0.9999938011169434,4.603779871104052e-06,19382.289896574675,22056.64045698337,36445.74831008911,38364.246655834504,1343.3786278776956
115,5,Case2,6x4_116,12.0,-85.0,6x4,2,2,7.791995244588179e-07,0.998955249786377,0.0010439942125231028,21318.920308209603,24464.561411576487,40062.750755786896,41509.869916902026,990.3481808699904
116,5,Case2,6x4_117,-87.0,33.0,6x4,2,2,6.589350505237235e-06,0.9999884366989136,5.0201997510157526e-06,16964.578443697086,18050.157669842167,29832.947952270508,33476.891050703365,2469.7154422996455
117,1,Case2,6x4_118,54.0,-88.0,6x4,1,1,0.9999977350234985,2.3051391906392382e-07,2.030431915045483e-06,10111.479383002628,10185.997645378078,14682.078651428223,13307.810233087817,993.8066712249117
119,4,Case2,6x4_120,-58.0,-26.0,6x4,2,2,0.0015043956227600574,0.9984951019287109,5.539496328310634e-07,17659.519380381615,17732.115910084824,31943.719570159912,30206.738015793446,1129.180220274361
120,4,Case2,6x4_121,-50.0,14.0,6x4,2,2,2.7406457547840546e-07,0.9999955892562866,4.097428245586343e-06,21062.79375991071,20999.741683477816,38399.942257881165,38696.676245060095,271.1863348085765
121,2,Case2,6x4_122,20.0,-73.0,6x4,2,2,5.540695838135434e-06,0.9999783039093018,1.6176565623027273e-05,20426.1417112616,23043.79320990821,37335.32593250275,39789.80764906406,1727.3835002766682
122,1,Case2,6x4_123,76.0,4.0,6x4,2,2,2.2641560804004257e-07,0.9998829364776611,0.00011683305638143793,21923.73339124474,25549.46930712719,41322.524722099304,42872.25100010393,1103.1849713305276
123,1,Case2,6x4_124,42.0,-66.0,6x4,1,1,0.9998339414596558,0.0001647281169425696,1.3661300499734352e-06,15417.937098843093,16851.55442259832,22005.390563964844,21682.53229366323,367.6141719245331
124,2,Case2,6x4_125,-3.0,72.0,6x4,2,2,1.7062495771824615e-07,0.9999871253967285,1.2739307749143336e-05,22322.264683286012,23206.361453780744,42042.27668720484,42873.23265373375,796.4345438196681
125,3,Case2,6x4_126,-8.0,18.0,6x4,3,3,4.0343988985114265e-06,0.00044491811422631145,0.999550998210907,17949.699023275294,21358.082881661565,40176.9159283638,41767.60228717118,1497.728344697613
126,2,Case2,6x4_127,-66.0,77.0,6x4,1,1,1.0,3.4903152368315205e-08,2.1817477602326107e-08,8428.451427525222,8176.273259657937,11095.57219696045,10364.805607314345,511.47779772685834
127,5,Case2,6x4_128,59.0,-70.0,6x4,1,1,0.9999992847442627,3.147640725842393e-08,7.719519885540649e-07,10891.370894468742,11123.942240673503,13077.116172790527,12193.084626288502,630.9757554557646
128,4,Case2,6x4_129,24.0,11.0,6x4,3,3,2.4563837541791145e-06,0.0002986451145261526,0.9996988773345947,19785.482958492543,19681.810840374335,39819.35524940491,39718.801089179135,309.5023385289419
133,4,Case2,6x4_134,-56.0,37.0,6x4,1,1,0.9862436652183533,0.013755972497165203,3.998278259587096e-07,15585.449355990706,17987.23061143505,23241.95694732666,23155.304434843914,372.329573378711
135,2,Case2,6x4_136,8.0,-68.0,6x4,2,2,8.396071393690363e-07,0.9999141693115234,8.495042857248336e-05,21869.668232739932,25911.547663228885,41306.32139670849,43469.23235230798,1624.661971375352
136,4,Case2,6x4_137,68.0,53.0,6x4,1,1,0.9999998807907104,1.1553216694437651e-07,1.9826769559472268e-08,12281.321152881383,12540.818567170867,15012.169082641602,14790.873569749694,497.0035650636053
137,1,Case2,6x4_138,-28.0,-75.0,6x4,2,2,5.0207845561089925e-06,0.9999914169311523,3.621263658715179e-06,18208.514740433136,20378.479939537105,32651.467559814453,35238.56424255149,1694.0025877654875
139,2,Case2,6x4_140,1.0,-3.0,6x4,3,3,1.7379143173457123e-06,0.0002621561288833618,0.9997360110282898,16892.48376444766,17101.165472035995,37631.56885588169,42272.66964506401,3276.957266416948
140,2,Case2,6x4_141,79.0,49.0,6x4,1,1,0.9999912977218628,8.634066034574062e-06,9.03889372239064e-08,11723.05325713485,11031.720500010206,17044.90406036377,15291.648798121503,1307.1585757680434
141,5,Case2,6x4_142,56.0,10.0,6x4,2,2,1.6848493089582917e-07,0.9999759197235107,2.386384949204512e-05,21287.038098368255,22690.983701321617,40217.447687625885,41847.22525112986,1097.7739837280558
143,1,Case2,6x4_144,-86.0,-39.0,6x4,2,2,0.003002170007675886,0.9969854950904846,1.2336164218140766e-05,15505.565310891709,18843.749803759056,25881.631576538086,29154.301820574085,2308.8721776320745
144,1,Case2,6x4_145,29.0,32.0,6x4,1,2,0.02466212399303913,0.97383052110672,0.0015073597896844149,17380.510566070083,19407.924621253595,29553.07538986206,31181.238422648643,834.4737273285884
145,5,Case2,6x4_146,-41.0,-28.0,6x4,2,2,0.24139751493930817,0.7585649490356445,3.751642725546844e-05,16406.185672703003,18134.16760577672,27895.95062637329,28239.27607994662,386.9579390184022
146,5,Case2,6x4_147,47.0,23.0,6x4,2,2,0.0006221931544132531,0.9993396401405334,3.813849252765067e-05,17810.62882268262,18702.01090415845,32112.60482788086,32961.77729939517,662.08212747181
148,5,Case2,6x4_149,24.0,-59.0,6x4,2,2,0.0002059076796285808,0.9997895359992981,4.607248683896614e-06,18987.420898164553,20383.333564805303,33617.978969573975,34709.52159740992,960.7495776023909
150,3,Case2,6x4_151,-66.0,-82.0,6x4,1,1,0.9999942779541016,4.463785899133654e-06,1.264317006643978e-06,7852.607715837323,7926.282929112267,10842.304023742676,10348.369209659084,248.87053681548682
151,3,Case2,6x4_152,-23.0,-66.0,6x4,2,2,1.1413893616918358e-06,0.9999974966049194,1.3991450487083057e-06,18913.29779648672,21879.748574251433,35065.66606712341,36788.953341526474,1274.0770787600247
152,5,Case2,6x4_153,50.0,-62.0,6x4,1,1,0.9999995231628418,1.937746105795668e-07,2.503932989839086e-07,14258.02576510243,14506.041149398841,16479.578735351562,15276.80748634122,922.0187140570212
153,4,Case2,6x4_154,-65.0,-65.0,6x4,1,1,0.9999998807907104,9.81455485771221e-08,1.7789592021699718e-08,10642.305491634826,11333.758960214665,12317.028938293457,13269.474257498743,678.2718715395036
154,1,Case2,6x4_155,11.0,-32.0,6x4,3,3,1.0534932926020701e-07,8.309990516863763e-05,0.9999167919158936,20998.13037174053,23311.49956794447,39258.65504646301,41406.419458195276,1844.3626259354621
155,1,Case2,6x4_156,70.0,-86.0,6x4,1,1,0.9999992847442627,3.214151789165953e-08,6.783343451388646e-07,6916.165492716169,6991.51561743286,9989.395706176758,9351.210834936539,494.6274114300209
156,4,Case2,6x4_157,78.0,-26.0,6x4,2,2,5.523960226128111e-06,0.9999897480010986,4.735034053737763e-06,18245.925346530516,19984.467077554833,34098.619928359985,35170.58858606928,915.8630392575074
157,2,Case2,6x4_158,17.0,-43.0,6x4,2,2,1.733921089908108e-05,0.9998660087585449,0.0001166011206805706,19805.97391087323,23224.700892682416,36126.09719657898,38299.786127278334,1577.7130097807262
158,4,Case2,6x4_159,-9.0,-4.0,6x4,3,3,6.101725830376381e-06,0.0007432251004502177,0.9992507100105286,16942.796513979963,17680.934451230056,39027.012247651815,40253.91238454392,1047.3617368893226
159,4,Case2,6x4_160,47.0,-13.0,6x4,2,2,4.434540699094214e-07,0.998460054397583,0.0015394650399684906,20645.094612575558,22105.02708330295,38430.342754364014,39284.40642257803,568.000816880005
160,4,Case2,6x4_161,-43.0,-45.0,6x4,1,1,0.9999924898147583,7.535259101132397e-06,3.23310445082825e-08,15059.704239150913,15207.672020735827,19022.618896484375,18546.934187980303,842.522200827926
162,2,Case2,6x4_163,-84.0,28.0,6x4,2,2,2.632435553096002e-06,0.999994158744812,3.2108418963616714e-06,18338.955396095836,21236.91568270677,33021.52264022827,36841.68179364734,2561.5640573719206
163,3,Case2,6x4_164,-16.0,-5.0,6x4,3,3,5.911854259466054e-07,0.00016643592971377075,0.9998329877853394,17864.734028392748,20606.81069700841,40495.022122718394,42121.92700788087,1437.700551529391
165,1,Case2,6x4_166,-61.0,-3.0,6x4,2,2,2.4922226060652974e-08,0.9999881982803345,1.1817439371952787e-05,22144.237823452062,25302.401117109184,42063.02284401655,43424.63482546664,1014.5009976757545
168,2,Case2,6x4_169,58.0,-70.0,6x4,1,1,1.0,4.858196334112108e-08,9.235336051460763e-09,11082.860934759608,11252.947328576745,13358.513961791992,12586.212597866372,630.5816990813438
169,1,Case2,6x4_170,-35.0,-50.0,6x4,1,1,0.9986616373062134,0.0013380554737523198,3.0454665989054774e-07,15724.71411011459,17050.8572265684,23444.99340057373,23222.608695183328,456.0769054422478
170,3,Case2,6x4_171,-6.0,-18.0,6x4,3,3,3.231401990433369e-07,8.230564708355814e-05,0.9999173879623413,17771.939868934987,20484.90101789563,40201.53708720207,42034.294346467315,1620.7756653111824
171,1,Case2,6x4_172,-68.0,5.0,6x4,2,2,2.5307265616447694e-08,0.9999788999557495,2.112253241648432e-05,22034.00690293698,26138.15608024189,41884.78419402242,44065.1986191902,1512.786409863703
172,4,Case2,6x4_173,82.0,-55.0,6x4,1,1,0.9999997615814209,6.964540943954489e-08,1.3226930661858205e-07,10156.859176763548,10058.354886184765,14210.225952148438,12917.063624022316,993.1889008912565
175,4,Case2,6x4_176,-36.0,30.0,6x4,1,2,0.001971531892195344,0.9979867935180664,4.167621591477655e-05,16474.161043303182,18666.869969746866,27420.61598968506,29691.915840602313,1456.5313814042133
176,2,Case2,6x4_177,25.0,-81.0,6x4,2,2,1.533750764792785e-05,0.9999709129333496,1.3769446013611741e-05,19280.614771827895,22042.87023482272,34889.351570129395,38233.65088636001,2303.472388529945
177,4,Case2,6x4_178,27.0,63.0,6x4,2,2,2.4533592295483686e-05,0.9999701976776123,5.258013516140636e-06,18243.915034447313,20847.681142863363,32198.668354034424,35373.695372506445,2179.8963211528917
179,5,Case2,6x4_180,-14.0,88.0,6x4,2,2,2.0978450265829451e-07,0.9999970197677612,2.728043000388425e-06,20947.33439592328,19935.114098786762,39456.7513461113,39677.843742514015,446.4907595267794
182,3,Case2,6x4_183,37.0,63.0,6x4,1,2,0.013286876492202282,0.9867110848426819,2.016219468714553e-06,16022.572187764572,17057.15100034034,24765.599655151367,26239.820346198663,1261.2117366618586
184,5,Case2,6x4_185,-18.0,49.0,6x4,2,2,2.3352191647063592e-07,0.9999991655349731,6.398705636456725e-07,19636.75276331284,20252.160743609787,36205.86668586731,37526.16905252139,998.8927834268452
186,4,Case2,6x4_187,-47.0,-37.0,6x4,1,1,0.999834418296814,0.00016547121049370617,7.489673237159877e-08,15392.392221167545,16068.247681303146,21826.337493896484,21021.516859153893,843.7079581990461
188,3,Case2,6x4_189,34.0,0.0,6x4,3,3,1.5438737932527147e-07,0.0007464882219210267,0.9992533326148987,21648.185159222492,21934.612813759904,40756.55771064758,42005.19643479125,1015.033131717169
189,3,Case2,6x4_190,-80.0,40.0,6x4,2,2,0.027861742302775383,0.9721286296844482,9.621483513910789e-06,15621.070129048341,17496.334948467043,24961.244735717773,27019.56460849054,1896.3261359033982
190,4,Case2,6x4_191,-75.0,6.0,6x4,2,2,2.2316572767522302e-07,0.999966025352478,3.3776719646994025e-05,22399.994698017577,25098.10915249143,41492.36454772949,43895.115360029515,1680.8475939407433
192,3,Case2,6x4_193,48.0,41.0,6x4,1,1,0.9994813799858093,0.0005181592423468828,4.672021702845086e-07,15391.811911449251,16756.001353914213,19870.267120361328,20110.628027295093,406.51906050764325
193,5,Case2,6x4_194,-11.0,-16.0,6x4,3,3,1.970932430594985e-07,7.867240015002608e-08,0.9999996423721313,17995.32653778174,19891.48434231049,40179.73784160614,40606.03629283472,664.1516820044624
194,4,Case2,6x4_195,12.0,71.0,6x4,2,2,4.599804412919184e-07,0.9999858140945435,1.373044233332621e-05,21609.72681903185,24018.621907849658,40569.382226228714,41918.00457726155,914.293354684701
195,3,Case2,6x4_196,-32.0,84.0,6x4,2,2,5.050431354902685e-05,0.9999455213546753,3.918037236871896e-06,17057.653938905187,18864.804189354945,30565.393714904785,32655.82776969211,1667.4878725136816
196,4,Case2,6x4_197,-80.0,-38.0,6x4,2,2,0.039815109223127365,0.9601799249649048,5.031341515859822e-06,15949.267921322184,16485.793244116685,26280.285163879395,26929.446957607077,633.0092144442132
197,1,Case2,6x4_198,-82.0,-53.0,6x4,1,1,0.9999923706054688,6.883075002406258e-06,7.179808676482935e-07,10525.87463552392,10673.263278906361,15078.33381652832,13482.555670146254,1263.7888804185084
198,1,Case2,6x4_199,-45.0,82.0,6x4,1,1,0.9993359446525574,0.0006633680313825607,6.658230518041819e-07,12868.27896151428,13954.785320831354,19522.44595336914,19473.70159177482,548.4809118470014
199,4,Case2,6x4_200,88.0,-42.0,6x4,1,1,0.9995391368865967,0.0004583383852150291,2.4959999791462906e-06,11945.11328635953,12893.57939001421,21454.208488464355,20347.387127938906,1036.287099622366
200,5,Case2,6x4_201,-73.0,-27.0,6x4,2,2,4.089242338523036e-06,0.9999946355819702,1.2357696732578916e-06,18396.69650336068,20681.600220281944,33264.030002593994,36192.405658939286,1999.4819173480726
201,2,Case2,6x4_202,-24.0,-76.0,6x4,2,2,1.95481811715581e-06,0.9999977350234985,3.6428227190299367e-07,19436.889317435416,21582.555992390797,35151.07549858093,37370.24299991019,1662.2665625414081
202,4,Case2,6x4_203,33.0,58.0,6x4,2,1,0.7807002663612366,0.21928738057613373,1.2403205801092554e-05,16481.520967262808,20008.419514087233,26654.41330718994,27843.64895566678,994.1989652955876
203,5,Case2,6x4_204,27.0,-22.0,6x4,3,3,1.4624599316448439e-05,1.6512760339537635e-05,0.9999687671661377,20169.219416635045,22760.865658071292,35366.20693778992,38675.53210628121,2412.5048669420653
204,5,Case2,6x4_205,-58.0,-50.0,6x4,1,1,0.9999994039535522,6.027538574926439e-07,4.398188480081444e-08,15058.90222602965,13508.097654674353,17229.755798339844,14900.074608065297,1017.2288618189151
205,1,Case2,6x4_206,4.0,90.0,6x4,2,2,4.097678640846425e-08,0.9999918937683105,8.069959221757017e-06,10033.736811180552,22360.006241021038,39175.494170725346,42433.46668962794,2562.8443380498156
206,4,Case2,6x4_207,19.0,-83.0,6x4,2,2,1.2719450523945852e-06,0.9999269247055054,7.185722643043846e-05,20718.630788170623,22380.555810389098,37883.28714251518,39353.39204512373,920.599703251516
207,4,Case2,6x4_208,-87.0,47.0,6x4,1,1,0.9374671578407288,0.06251378357410431,1.9125120161334053e-05,11985.412902705066,13389.687719247344,18265.814643859863,21471.50834831258,2168.9257398519767
208,3,Case2,6x4_209,58.0,-69.0,6x4,1,1,0.9999996423721313,4.208878223721513e-08,3.9174773291961174e-07,11262.7522869744,11289.57430658781,13403.90104675293,12423.515517425045,656.9816942630354
209,3,Case2,6x4_210,-10.0,23.0,6x4,3,3,4.95846006742795e-06,0.0005601230659522116,0.9994348883628845,18592.485941262126,22783.188411329153,40031.91142177582,41623.79798044459,1429.9590026439987
210,4,Case2,6x4_211,55.0,-59.0,6x4,1,1,0.9999998807907104,9.338643280898395e-08,2.6712267953143964e-08,13082.073949807596,13523.731681807709,14725.264999389648,14577.452264767682,285.73658466860263
211,2,Case2,6x4_212,-63.0,54.0,6x4,1,1,0.9999998807907104,1.1772166175205712e-07,1.5338365244588203e-08,13149.642813456412,12819.672765895451,14885.563262939453,14082.370662595218,584.6741149899168
212,3,Case2,6x4_213,67.0,-42.0,6x4,1,1,0.999825656414032,0.00017368987028021365,6.983974571994622e-07,15238.461765495984,15836.997513672624,22070.669059753418,19695.063351120345,1282.4623817406534
213,2,Case2,6x4_214,63.0,-14.0,6x4,2,2,4.2154510992986616e-07,0.999996542930603,3.0208104817575077e-06,21252.83674905893,23934.282630400943,39414.78084182739,42659.419551416315,2306.682391449377
214,4,Case2,6x4_215,9.0,13.0,6x4,3,3,8.698894816916436e-06,0.0006085574277676642,0.999382734298706,17835.088760201925,18817.13031204076,39745.24285906553,40616.5727355441,928.1086600834108
215,1,Case2,6x4_216,-10.0,59.0,6x4,2,2,1.4041042106782697e-07,0.9999970197677612,2.8856445624114713e-06,21647.50111512341,24265.427197055928,40853.41557312012,41009.62097240982,152.2614670077555
216,2,Case2,6x4_217,21.0,56.0,6x4,2,2,4.958671979693463e-07,0.9999985694885254,9.402119189871883e-07,19609.78370155998,21335.725168805402,35258.42631149292,37665.96415025136,1755.113733464132
217,4,Case2,6x4_218,5.0,-15.0,6x4,3,3,3.068688101848238e-06,0.0003695833729580045,0.9996273517608643,17291.633850273225,18616.05183714263,39962.61316564679,40681.36437952394,884.4930089293239
218,5,Case2,6x4_219,-7.0,65.0,6x4,2,2,7.340725716176166e-08,0.9999973773956299,2.4929850042099133e-06,22070.77677141205,23099.59956872909,41737.54390138388,42764.03853097961,709.725268121798
219,2,Case2,6x4_220,14.0,-23.0,6x4,3,3,3.50666982740222e-06,0.0006155524752102792,0.9993809461593628,19368.438682776316,21938.96483897166,39468.05104827881,40694.44729322801,1514.3482839736107
220,4,Case2,6x4_221,74.0,-56.0,6x4,1,1,0.9999998807907104,5.016954673919827e-08,8.163880949041413e-08,10774.798576776451,11046.677945563679,13862.40316772461,12979.73832035527,830.8262505292728
221,1,Case2,6x4_222,7.0,-80.0,6x4,2,2,1.194032108742249e-07,0.9992095232009888,0.0007903865771368146,21939.181417166652,25111.86097472243,41041.88960206509,42919.80752884486,1387.2783979074645
223,5,Case2,6x4_224,-4.0,-43.0,6x4,2,2,3.540212674124632e-07,0.9998794794082642,0.00012020633585052565,22327.81469540721,24481.916158708696,40780.71779632568,43194.512249354295,1693.7582834388381
224,5,Case2,6x4_225,2.0,-73.0,6x4,2,2,3.404526012218412e-07,0.9997712969779968,0.00022840510064270347,22243.855918504287,25104.587924870713,41755.81861922145,43079.767773371495,877.6438254966814
225,1,Case2,6x4_226,-42.0,80.0,6x4,1,1,0.9759145379066467,0.024082398042082787,3.0233527468226384e-06,12636.501192716887,15286.44787157053,21449.459274291992,22765.41669039843,977.12778018564
226,4,Case2,6x4_227,-42.0,-6.0,6x4,2,2,8.999262490760884e-07,0.9979457259178162,0.002053420292213559,22027.314876317232,22215.791590122855,40464.47897148132,40645.70096467923,207.64661112172655
227,2,Case2,6x4_228,60.0,-31.0,6x4,2,2,0.0004108283028472215,0.9995890259742737,1.421202853180148e-07,16943.9259793842,17453.645202937365,28469.997817993164,28330.561162656944,223.81046083599958
229,3,Case2,6x4_230,-44.0,-30.0,6x4,1,2,0.035253990441560745,0.9647440910339355,1.9587714632507414e-06,16292.770338829978,17509.863670599432,26408.767295837402,27430.000985844483,1009.9375351479883
230,4,Case2,6x4_231,-69.0,24.0,6x4,2,2,6.592459271814732e-07,0.999998927116394,4.4460068693297217e-07,19228.988106973306,19706.205797083592,34868.6391620636,36513.154485957406,1003.641619883803
231,2,Case2,6x4_232,-8.0,-27.0,6x4,3,3,6.950007218620158e-07,0.0007133806357160211,0.999285876750946,20445.4605050078,22093.522483721936,40277.29566001892,41977.08743773821,1599.9529328139195
232,5,Case2,6x4_233,61.0,-20.0,6x4,2,2,1.9986977406460937e-07,0.9999983310699463,1.4128039538263693e-06,19368.7626984714,20358.957785130104,36348.418157577515,39305.28890258223,1967.9887823471406
234,4,Case2,6x4_235,-62.0,7.0,6x4,2,2,1.5442934397924546e-07,0.9999940395355225,5.78934486838989e-06,21858.485639555445,23542.344132040555,41567.45152771473,42170.34517640205,577.6859427696613
235,5,Case2,6x4_236,16.0,-57.0,6x4,2,2,1.0320360388504923e-06,0.9999966621398926,2.253172169730533e-06,20380.704515986185,21630.635006447563,38179.994592666626,38349.76047704662,383.14523229425123
236,5,Case2,6x4_237,-32.0,66.0,6x4,2,2,1.468563550588442e-05,0.9999852180480957,1.2817029926281975e-07,17161.738009005196,17845.16394471741,29051.662643432617,30458.10945120898,1056.6872530905468
237,1,Case2,6x4_238,64.0,-22.0,6x4,2,2,6.030278996149718e-07,0.9999990463256836,2.935567238182557e-07,19569.55455635698,20921.869207013544,35492.6805267334,35185.08787722294,278.16179106183995
239,1,Case2,6x4_240,53.0,26.0,6x4,2,2,3.862494486384094e-05,0.9999611377716064,1.9607219314821123e-07,17742.89028742882,19356.880775630925,30821.335773468018,31911.00270779502,793.0755137280272
240,3,Case2,6x4_241,13.0,6.0,6x4,3,3,2.4704227143956814e-06,0.00021095895499456674,0.9997865557670593,17186.14571104635,19081.125808680186,39830.687985658646,41056.26717106596,1056.572004938427
241,4,Case2,6x4_242,-31.0,60.0,6x4,2,2,8.026441719266586e-06,0.9999911785125732,8.249465395238076e-07,17150.369386403705,17930.745902556515,28694.030059814453,30474.9561093222,1148.1858566271726
243,2,Case2,6x4_244,85.0,-58.0,6x4,1,1,0.9999998807907104,7.431781057221087e-08,1.1959939705263878e-08,9226.505402181536,8935.3515738891,13027.071517944336,11670.416191205786,942.7189851525293
245,1,Case2,6x4_246,60.0,61.0,6x4,1,1,0.9999998807907104,1.5717080259491922e-07,1.2368240653870544e-08,12124.704993225623,13054.558528781688,13704.522079467773,13353.162035268073,290.9159491576427
246,4,Case2,6x4_247,-83.0,78.0,6x4,1,1,0.9999998807907104,3.2312971853798444e-08,1.4837368667031114e-07,5901.031192304986,5701.298700955425,9049.769065856934,8388.97831018781,445.84566903298753
247,2,Case2,6x4_248,6.0,27.0,6x4,3,3,3.865315647999523e-06,0.000610797549597919,0.9993853569030762,19856.12344991926,21417.278868271922,40799.733167648315,41443.24721740786,806.144919927224
249,3,Case2,6x4_250,-47.0,64.0,6x4,1,1,0.9999977350234985,2.1078085410408676e-06,9.073152540395313e-08,15090.812055075732,14429.807814460724,19092.761322021484,16202.750241341486,2094.116727249119
251,2,Case2,6x4_252,-82.0,-45.0,6x4,1,1,0.979464590549469,0.020534923300147057,5.011453367842478e-07,12763.099799450643,13978.690919067398,19468.7890625,21078.767164160658,1226.1391404577557
252,1,Case2,6x4_253,56.0,-34.0,6x4,2,2,0.013643802143633366,0.9863547682762146,1.4382545714397565e-06,15738.299968085543,17754.098619031323,25316.24457550049,26504.260618929995,941.8104721434689
253,1,Case2,6x4_254,-75.0,-17.0,6x4,2,2,7.254131162426347e-08,0.9999887943267822,1.1114746484963689e-05,20296.055254171773,25474.681018940653,38719.16016744077,41614.25009464767,2037.4405341953188
254,1,Case2,6x4_255,32.0,-60.0,6x4,1,2,0.021124137565493584,0.9788675308227539,8.346902177436277e-06,16888.94951834212,18398.450611782697,27816.123878479004,29792.158525537478,1243.4554371594525
255,4,Case2,6x4_256,-25.0,-11.0,6x4,3,3,3.549627990651061e-06,0.0013485345989465714,0.9986478686332703,19544.900116467492,20722.883844915486,39924.95573043823,38904.26307610877,591.8101025097329
256,3,Case2,6x4_257,65.0,80.0,6x4,1,1,0.999998927116394,5.526421773538459e-07,4.4275967070461775e-07,8230.341289271644,8172.668857825357,11139.081932067871,10412.186811779939,478.50012631724
257,1,Case2,6x4_258,54.0,-18.0,6x4,2,2,1.1243316322406827e-07,0.9999990463256836,8.9660096591615e-07,20169.55595728981,20604.933573552098,36635.0611076355,36700.475667995895,218.30895450521226
258,2,Case2,6x4_259,-6.0,38.0,6x4,3,3,4.280532266420778e-06,0.043888889253139496,0.9561067223548889,21158.46303928862,24855.199847683485,40491.78612136841,42676.33832800892,1750.8214111118912
259,3,Case2,6x4_260,-50.0,68.0,6x4,1,1,0.9999992847442627,5.538833534046717e-07,7.720561967516915e-08,12916.439480898927,13304.278376118049,16457.928672790527,14866.703204254954,1697.1999106057503
260,1,Case2,6x4_261,-14.0,-28.0,6x4,3,3,6.036079298610275e-07,0.0009640060015954077,0.9990354776382446,20763.839450044543,23230.965610467043,38519.05255317688,41202.18703268206,2339.2542423344894
261,3,Case2,6x4_262,-57.0,76.0,6x4,1,1,0.9999997615814209,1.4313032181689778e-07,8.965037068264792e-08,10374.91503648878,10439.285610939432,13533.71987915039,12348.142120114775,1036.2536605694972
262,3,Case2,6x4_263,-24.0,2.0,6x4,3,3,4.36187889363282e-07,0.00022891259868629277,0.9997705817222595,19570.39536599779,22618.350021383998,41098.47527217865,42535.77906717728,1262.8388348945525
263,5,Case2,6x4_264,87.0,-65.0,6x4,1,1,0.9999960660934448,7.745773444867154e-08,3.8132200188556453e-06,7712.739051064256,7702.6608812580525,10941.29077911377,10797.528389237603,101.6815972832258
264,5,Case2,6x4_265,-25.0,-84.0,6x4,2,2,2.670346475497354e-06,0.9999896287918091,7.686568096687552e-06,19152.831678599323,21308.512158326994,34791.86850833893,37125.48623675802,1530.8716936744695
266,2,Case2,6x4_267,-33.0,-46.0,6x4,1,1,0.997780978679657,0.002218970563262701,9.922452193222853e-08,15671.874617300973,15647.339291787193,24374.616676330566,23314.09734455133,915.4453751322727
267,3,Case2,6x4_268,-59.0,29.0,6x4,2,2,0.001114560291171074,0.9988844990730286,9.672944543126505e-07,17032.334444544056,18055.48544767143,29915.953693389893,31016.603413534984,921.3916527675076
268,2,Case2,6x4_269,-60.0,60.0,6x4,1,1,1.0,4.3730711496436925e-08,1.6942731662084043e-08,12347.987714725065,11862.492930383447,13874.702011108398,13133.676074004768,308.9310213634608
269,2,Case2,6x4_270,10.0,76.0,6x4,2,2,1.659232395923027e-07,0.9999880790710449,1.172918564407155e-05,21674.54326783603,23050.191615159554,40932.06395339966,42391.4006827895,1142.9040775179842
271,2,Case2,6x4_272,72.0,69.0,6x4,1,1,0.9999997615814209,1.0619109502840729e-07,8.136147044979225e-08,8584.556018685464,8520.342490344781,10915.688179016113,10561.66252804446,332.3013552024237
272,2,Case2,6x4_273,81.0,62.0,6x4,1,1,0.9999996423721313,2.455683159041655e-07,9.060060790488933e-08,8688.00910600487,8376.89081779672,11790.865562438965,11001.53046760563,559.1435900338226
273,3,Case2,6x4_274,30.0,-25.0,6x4,3,2,0.00024567844229750335,0.8033747673034668,0.19637951254844666,18587.120373728012,19921.63790257953,32590.466930389404,35585.81829286125,2169.1528345513802
274,2,Case2,6x4_275,80.0,-20.0,6x4,2,2,8.828730642562732e-06,0.9999804496765137,1.0766859304567333e-05,20160.33761725802,22165.534395121715,37336.23114259541,40338.485699137316,2216.244534904707
275,3,Case2,6x4_276,-88.0,70.0,6x4,1,1,0.9999991655349731,1.5636678085684252e-07,7.136413273656217e-07,6781.832437735399,6368.747035536702,9913.544708251953,8613.859578660959,839.6767284803562
276,4,Case2,6x4_277,57.0,88.0,6x4,1,1,0.9999991655349731,6.615542815779918e-07,9.04156820524804e-08,9410.122436155292,9683.505768278888,13427.474403381348,13080.101633994962,340.8925058734928
277,5,Case2,6x4_278,18.0,78.0,6x4,2,2,6.4014562894954e-07,0.9999902248382568,9.132506420428399e-06,20980.223802292832,21711.391556720053,38415.786009937525,39804.852836175065,1034.5432906589228
279,1,Case2,6x4_280,-31.0,-12.0,6x4,3,3,1.8315386114409193e-06,0.018157321959733963,0.9818407893180847,20727.153056757856,23248.08139223094,38893.52168464661,40983.49130769834,1834.9915737312579
280,1,Case2,6x4_281,-72.0,-17.0,6x4,2,2,7.470277552101834e-08,0.9999936819076538,6.238823516468983e-06,20293.4445489537,24994.628908000137,38694.82481741905,40998.53581244528,1630.1182408144346
281,3,Case2,6x4_282,25.0,-74.0,6x4,2,2,2.50116554525448e-05,0.9999617338180542,1.3284298802318517e-05,19086.397246924498,20660.753645204168,34622.14723968506,35989.76388210773,1084.1727532936231
283,3,Case2,6x4_284,16.0,16.0,6x4,3,3,6.037019829818746e-06,0.00018560631724540144,0.9998083710670471,18209.758475005117,19380.18990979788,39748.600335121155,39434.018684043236,246.39691059231674
285,2,Case2,6x4_286,40.0,-87.0,6x4,1,1,0.6968082189559937,0.3031836748123169,8.163836355379317e-06,12546.509245976511,15461.210102512909,22872.22066116333,25525.1173758405,1746.8307942393274
286,2,Case2,6x4_287,-77.0,22.0,6x4,2,2,7.120979717001319e-07,0.999994158744812,5.160315140528837e-06,19682.419178480406,21963.397827171793,36375.603675842285,39179.380810211034,1865.900210705065
287,4,Case2,6x4_288,37.0,70.0,6x4,2,1,0.9633081555366516,0.03668610379099846,5.785180746897822e-06,16209.4467206728,18099.830981347648,26012.53813934326,26528.396124299747,499.72688793811335
288,5,Case2,6x4_289,-9.0,44.0,6x4,2,2,7.701726758568839e-07,0.9978941082954407,0.002105174819007516,21714.82087123156,25481.376309207444,39967.726778030396,42199.01812757277,1655.8290925554793
289,5,Case2,6x4_290,20.0,-82.0,6x4,2,2,1.392202875649673e-06,0.9997269511222839,0.00027169950772076845,20522.18521869169,25012.73381215852,37454.619997918606,40465.027776021336,2160.2608481491447
290,1,Case2,6x4_291,26.0,5.0,6x4,3,3,2.417883706584689e-07,5.2506307838484645e-05,0.9999473094940186,19902.574046667247,21010.650798714312,40644.06721496582,41654.26717643639,1102.88065020011
291,4,Case2,6x4_292,71.0,-88.0,6x4,1,1,0.999998927116394,1.673188343431775e-08,1.0731746442615986e-06,6680.707967500501,6374.10051887015,9787.745292663574,9288.450366341554,351.82850831885446
293,4,Case2,6x4_294,-71.0,-57.0,6x4,1,1,0.9999997615814209,2.502097800061165e-07,1.4756951216554626e-08,10964.727394088353,11915.905065730305,13538.20841217041,14205.214800709147,423.80116278308725
294,3,Case2,6x4_295,-84.0,-9.0,6x4,2,2,9.257534117068644e-08,0.9980913996696472,0.001908498234115541,21555.485153170084,20226.446619177284,40621.71700882912,39801.64711746396,635.767823895958
295,2,Case2,6x4_296,-48.0,82.0,6x4,1,1,0.9999938011169434,6.18582998868078e-06,3.111207647066294e-08,11880.68588063415,11937.9984807672,17725.440643310547,17304.7261950311,513.6892898493867
296,2,Case2,6x4_297,-13.0,-4.0,6x4,3,3,1.446292571927188e-06,0.00029474307666532695,0.9997038245201111,17336.19490492257,18604.01354804486,40003.40717250109,42408.8232144891,2190.8007849553464
297,4,Case2,6x4_298,-19.0,-23.0,6x4,3,3,8.953138603828847e-06,0.0011223627952858806,0.9988686442375183,19757.553204401796,19932.056633973072,37985.175941467285,37205.55551856969,485.71027107031324
298,3,Case2,6x4_299,5.0,-32.0,6x4,3,3,4.4660200160251406e-07,0.0012087777722626925,0.9987908005714417,21877.266309314433,24133.489826898785,40615.35860824585,42010.96178142322,1119.2471789348783
300,4,Case2,6x8_001,65.0,19.0,6x8,2,2,1.1366871888185415e-08,0.9999998807907104,9.288902447224245e-08,7525.576895339104,7448.918529072532,33537.90040409565,34010.51453892369,519.4563121696335
301,3,Case2,6x8_002,40.0,-51.0,6x8,1,1,0.8423734307289124,0.15762390196323395,2.760610868790536e-06,9876.031555208407,9890.830499851752,18036.517784118652,17655.42542544045,262.1283747118611
303,2,Case2,6x8_004,49.0,48.0,6x8,1,1,0.9997592568397522,0.00024057331029325724,7.56774056753784e-08,10415.69076322906,10319.024147804907,14790.126861572266,15358.746052880959,364.7254389018134
304,2,Case2,6x8_005,-52.0,20.0,6x8,2,2,1.068191011199815e-07,0.9999986886978149,1.2083803540008375e-06,7818.281589636075,7685.00153897854,31957.508103370667,31545.08122376386,392.3615517328554
305,4,Case2,6x8_006,-15.0,-74.0,6x8,2,2,1.468887766975513e-08,0.9999613761901855,3.865653707180172e-05,6875.589254158728,6749.502317270153,35132.55062556267,36863.58847372101,1347.9368015117823
306,3,Case2,6x8_007,51.0,-83.0,6x8,1,1,0.9988945126533508,0.0011000263039022684,5.476484147948213e-06,8457.827117712022,8099.857215764336,14382.54130935669,14479.689592696644,316.35543552853244
308,3,Case2,6x8_009,-63.0,21.0,6x8,2,2,2.2858632320321703e-08,0.9999998807907104,3.8554617276531644e-08,7785.499442875138,7595.749300746418,32615.34884661436,32141.933517386155,387.7589311397255
309,1,Case2,6x8_010,-74.0,83.0,6x8,1,1,0.9999992847442627,6.449445777434448e-07,6.967260901546979e-08,4290.894577549593,4241.06717922051,8423.176399230957,7533.697853895784,625.1929221812426
311,2,Case2,6x8_012,-56.0,9.0,6x8,2,2,3.2173169017823966e-08,0.9999803304672241,1.9677656382555142e-05,7210.409607503131,6765.9675008358445,36986.57615429163,36600.00672235281,455.5876931260002
312,4,Case2,6x8_013,61.0,33.0,6x8,2,2,1.6669346223352477e-06,0.9999983310699463,3.890462707545339e-08,8742.41771984591,8920.22441159958,24208.682991027832,25777.05717553496,1130.974298188395
313,3,Case2,6x8_014,19.0,79.0,6x8,2,2,7.179437488957774e-09,0.9999998807907104,7.551695091478905e-08,6961.530813854964,6540.244638079326,33870.68415784836,33541.248774307795,352.25720244984626
315,5,Case2,6x8_016,75.0,-61.0,6x8,1,1,0.9999996423721313,1.2658507841933897e-07,2.525129616515187e-07,6870.257234788168,6387.4275523167,10782.099975585938,9902.406615498861,686.49628237575
316,2,Case2,6x8_017,-30.0,66.0,6x8,2,2,1.1273129985056585e-07,0.9999998807907104,2.5958803107073436e-08,8420.170838117543,8215.4848829322,27257.673287391663,26830.513422990633,323.08890011915315
318,1,Case2,6x8_019,-79.0,29.0,6x8,2,2,1.1923496856525162e-08,0.9999998807907104,8.356971648026956e-08,7800.238583489085,7168.0306670868285,28762.98406752944,31032.20150354051,1718.0174999608275
319,3,Case2,6x8_020,-2.0,48.0,6x8,2,2,2.673730570279531e-08,0.9981860518455505,0.0018139006569981575,6919.351101139208,6513.445783466277,37571.027869939804,38535.97038401335,1013.494493188591
320,1,Case2,6x8_021,-49.0,-67.0,6x8,1,1,0.9999680519104004,3.1787749321665615e-05,6.439432098659381e-08,9504.399940379026,8960.476389934705,15661.135093688965,13305.982156930215,1547.6837582778878
321,4,Case2,6x8_022,43.0,-33.0,6x8,2,2,0.0022796359844505787,0.9977165460586548,3.817353444901528e-06,9079.185262723697,8986.922068050153,21914.45180130005,20858.146430275454,738.7775065028409
322,3,Case2,6x8_023,62.0,-67.0,6x8,1,1,0.9999998807907104,4.880699933096366e-08,1.006369814149366e-07,7299.010682036607,7131.028756866639,11132.226661682129,9664.44550551649,962.5186981608047
323,2,Case2,6x8_024,30.0,75.0,6x8,2,2,6.961540321981374e-08,0.9999998807907104,7.263017209879763e-08,7938.613961782274,7627.3923280979825,28034.642760396004,29113.53727188398,919.3885079418561
324,5,Case2,6x8_025,80.0,-80.0,6x8,1,1,0.9999954700469971,1.409112257988454e-07,4.404043011163594e-06,3995.8827721375274,3777.3506436362627,8109.236469268799,7630.634559656031,354.3290620909468
326,5,Case2,6x8_027,54.0,-38.0,6x8,2,2,0.046390339732170105,0.953609049320221,5.861470526724588e-07,9521.795891327254,9751.303802584553,19552.84359741211,18555.180110832993,597.8754181132582
327,2,Case2,6x8_028,36.0,-31.0,6x8,2,2,0.0008717712480574846,0.9984127283096313,0.000715527858119458,8691.726691902553,8328.50876920966,24332.255702972412,22773.261601991057,1084.4385898777143
328,2,Case2,6x8_029,52.0,-41.0,6x8,1,2,0.42368507385253906,0.5763137340545654,1.2344999049673788e-06,9948.557492059788,10492.025969245195,17599.07147216797,18322.895219889764,732.1916600676658
329,4,Case2,6x8_030,15.0,-12.0,6x8,3,3,1.5605270675678184e-07,9.546650971969939e-07,0.999998927116394,5251.288295759243,5035.62637129878,36480.382539987564,36293.10775090312,299.9318566177678
330,5,Case2,6x8_031,-55.0,-62.0,6x8,1,1,0.9999985694885254,1.4175927844917169e-06,5.848760764592953e-08,8759.641011152311,9224.354899509235,12549.722885131836,12602.761549715884,128.5337213064961
331,3,Case2,6x8_032,-19.0,-7.0,6x8,3,3,2.4412088350800332e-08,6.303987447608961e-07,0.9999994039535522,5185.574417957559,5087.432665919518,36803.94703170657,37008.15140774195,284.04891597912257
332,5,Case2,6x8_033,-61.0,86.0,6x8,1,1,0.9999837875366211,1.605531360837631e-05,1.0880676626356944e-07,5969.546683186627,6156.373345312871,10663.974143981934,10252.604808437973,292.57739278192577
333,5,Case2,6x8_034,-43.0,-15.0,6x8,2,2,1.465751097384782e-06,0.8304256796836853,0.1695728600025177,7189.9768616189285,6908.7290667002335,33732.63137626648,34449.56130960891,1052.7740003847837
334,5,Case2,6x8_035,70.0,81.0,6x8,1,1,0.999998927116394,9.036432970788155e-07,1.411048060617759e-07,4882.522053844512,5112.171661534375,8949.829738616943,8578.615899975366,265.28891870043054
335,1,Case2,6x8_036,8.0,25.0,6x8,3,3,1.902683166576935e-08,1.4672777979285456e-06,0.9999985694885254,5723.711589671404,5651.7637614672485,36613.38258266449,38605.99367292224,1765.0145634791686
337,3,Case2,6x8_038,-56.0,52.0,6x8,1,1,0.9999969005584717,3.0963080916990293e-06,3.41980737061931e-08,9709.61305981702,10537.760829388693,13376.396537780762,13428.51596698047,325.6884841307183
338,5,Case2,6x8_039,64.0,42.0,6x8,2,1,0.9053574204444885,0.09464211761951447,4.371183592866146e-07,9277.786042753532,9627.470520410305,18735.63468170166,18180.88611489803,342.07864091186406
339,2,Case2,6x8_040,-27.0,-54.0,6x8,2,2,1.6827594890855835e-06,0.9999979734420776,3.923819633655512e-07,8417.530425781799,7875.455355450921,27366.39672088623,25039.096148441524,1478.1342059916756
340,4,Case2,6x8_041,-2.0,-68.0,6x8,2,2,2.632424944692957e-08,0.9988779425621033,0.0011220714077353477,6702.931568651364,6226.641200398478,37574.71394568682,38985.377029752366,1083.3833101727296
341,3,Case2,6x8_042,84.0,51.0,6x8,1,1,0.9997001886367798,0.000299689156236127,1.7597839985228347e-07,8354.811920924474,7836.276911478876,14364.445880889893,13877.303686956751,476.21508941540066
342,3,Case2,6x8_043,79.0,-71.0,6x8,1,1,0.9999983310699463,1.2024383977404796e-07,1.5492632883251645e-06,4939.295628493121,4345.102846122336,8917.130310058594,7738.786550493057,829.0498789007484
343,1,Case2,6x8_044,59.0,-56.0,6x8,1,1,0.9999996423721313,3.209541432624974e-07,1.581022956997913e-08,8818.441250429847,10109.227859024153,12438.66236114502,12458.771287217038,175.85208438680823
344,1,Case2,6x8_045,-18.0,-35.0,6x8,3,3,1.9904472736698153e-08,0.0002980198187287897,0.9997019171714783,7093.734274609654,6345.028393176374,32079.829984664917,35206.04544995325,2477.0970117354664
345,3,Case2,6x8_046,-76.0,-77.0,6x8,1,1,0.999948263168335,4.485576573642902e-05,6.86679368300247e-06,4637.114811034692,4157.39286902876,8552.32640838623,7650.676447911624,586.3937302892634
346,5,Case2,6x8_047,42.0,27.0,6x8,2,2,9.351268818136305e-05,0.9999054670333862,1.0505843874852872e-06,8278.167950223326,8555.479481754981,25934.579126358032,25612.056460533426,358.9514150076159
347,1,Case2,6x8_048,1.0,71.0,6x8,2,2,2.546863608898775e-09,0.9999955892562866,4.365480890555773e-06,6563.966897470223,6424.504081524561,37586.71997845173,38611.7995657145,680.6770758596075
348,2,Case2,6x8_049,-37.0,22.0,6x8,2,2,3.2280368031933904e-05,0.6627426147460938,0.3372250497341156,7640.59598138308,7854.436068324983,29711.238121032715,31573.15109492786,1400.5300779906277
350,3,Case2,6x8_051,28.0,57.0,6x8,2,2,1.7856159217899403e-07,0.9999997615814209,5.003785474855249e-08,8471.924162234927,8265.68214059752,27273.869272232056,28381.397525204004,909.5406677471412
352,5,Case2,6x8_053,3.0,87.0,6x8,2,2,1.44469822771498e-08,0.9999884366989136,1.155802146968199e-05,6098.058186982147,5523.319644074385,35838.348188877106,37817.71681662885,1401.5004238410047
353,2,Case2,6x8_054,-17.0,-44.0,6x8,2,2,4.55038161817356e-07,0.9796503782272339,0.02034921944141388,7421.836051918207,7460.409643366632,32653.62983608246,32801.24754596723,474.86782376419575
354,3,Case2,6x8_055,44.0,-49.0,6x8,1,1,0.9994854927062988,0.0005142278387211263,2.911046408371476e-07,10521.145497330383,10781.27158411569,16403.453811645508,16220.933027733505,246.7139567954373
356,4,Case2,6x8_057,2.0,74.0,6x8,2,2,1.213032696512073e-08,0.9999915361404419,8.492188499076292e-06,6405.916171308049,6262.790123935461,37214.30419319868,38025.13716679131,618.984344066961
357,1,Case2,6x8_058,82.0,19.0,6x8,2,2,8.111480553907313e-08,0.9999960660934448,3.880970780301141e-06,6865.43639489073,6873.785450898882,33546.16137933731,34317.4621603861,575.6422420159809
358,1,Case2,6x8_059,14.0,3.0,6x8,3,3,4.267782216516025e-08,1.0253222626488423e-06,0.999998927116394,4717.642775501623,5308.212671041155,36176.58513444662,38707.225385595404,2057.2781600261897
359,2,Case2,6x8_060,44.0,-84.0,6x8,2,2,0.014825621619820595,0.9851728677749634,1.522975139778282e-06,8476.139210330086,8455.881643486437,19615.121864318848,19966.399252536776,434.57400695657003
360,3,Case2,6x8_061,0.0,-52.0,6x8,2,2,2.5988049046077322e-08,0.9933261871337891,0.006673829164355993,6982.430546621292,6616.840347690441,37690.86289250851,39101.18152113854,1260.7869283243688
361,5,Case2,6x8_062,33.0,26.0,6x8,3,2,0.001484368578530848,0.9103854298591614,0.0881301760673523,7825.111980807199,8308.975634425004,27847.58517074585,28493.2143905352,419.1050773672641
362,5,Case2,6x8_063,-75.0,38.0,6x8,2,2,1.0833396117959637e-05,0.9999891519546509,3.656453984035579e-08,8563.390357104494,8628.074892611128,22778.14637374878,23681.37607125766,755.081637263293
363,5,Case2,6x8_064,-20.0,55.0,6x8,2,2,2.2575823876991308e-08,1.0,1.861774734379651e-08,7901.54588920378,7527.64827656118,32359.225291728973,32283.60507752664,362.29871011611357
364,3,Case2,6x8_065,72.0,31.0,6x8,2,2,8.2586154803721e-07,0.9999991655349731,2.9636817444611552e-08,8147.862665178651,8225.94589993412,27011.829330921173,28241.464896509857,1070.2520456593859
365,3,Case2,6x8_066,75.0,72.0,6x8,1,1,0.9999983310699463,1.488552697992418e-06,2.3826747508337576e-07,5336.381554559695,4999.611533570461,9465.111877441406,7974.933443855394,976.9909251132829
366,5,Case2,6x8_067,-83.0,68.0,6x8,1,1,0.9999991655349731,7.375147106358781e-07,1.6327366836321744e-07,5019.2438185102765,4733.773324423708,9201.760932922363,8326.266375029902,607.7288638125393
367,3,Case2,6x8_068,-26.0,-1.0,6x8,3,3,1.2942973803831137e-08,6.800074174861948e-07,0.9999992847442627,5676.006513480624,5517.214788032821,37107.45538711548,36877.64523140964,289.58300873485393
368,3,Case2,6x8_069,-36.0,57.0,6x8,2,2,0.00020514473726507276,0.9997947812080383,1.4334192144360713e-07,9222.005104701053,9450.331494429074,21487.746280670166,22474.62038649397,702.0469535401879
370,2,Case2,6x8_071,-45.0,-29.0,6x8,2,2,1.038521349983057e-05,0.9999891519546509,4.880082542513264e-07,8526.26837285035,8099.540749067751,24679.285696029663,23627.66082523988,701.9745002402049
371,5,Case2,6x8_072,-29.0,13.0,6x8,3,3,1.8251972377925085e-08,1.0015138229846343e-07,0.9999998807907104,6424.3572839207045,6124.469328631154,35115.72176361084,35973.99344677703,741.7211390750906
372,4,Case2,6x8_073,-22.0,46.0,6x8,2,2,1.6500496968774314e-08,0.999998927116394,1.0716937595134368e-06,7883.061316988637,7768.485315856539,29936.485761642456,31367.036017205337,1154.505869963239
373,2,Case2,6x8_074,-1.0,-8.0,6x8,3,3,3.638112389126036e-08,6.544453299284214e-07,0.9999994039535522,4451.753183748477,4700.436409309874,34461.774419784546,38162.332553402026,2531.8568484809944
375,4,Case2,6x8_076,50.0,5.0,6x8,2,2,2.0311876625100922e-08,0.9997643828392029,0.00023564395087305456,6882.051461065925,6621.451914016111,37179.57150724158,38051.274638433635,859.8341909083024
376,1,Case2,6x8_077,-64.0,20.0,6x8,2,2,6.127945706424498e-09,0.9999998807907104,1.0306381881264315e-07,7734.016319599558,7308.129248213932,33220.45456317067,33139.74462112575,212.46180901088633
377,2,Case2,6x8_078,29.0,-79.0,6x8,2,2,4.252813710081682e-07,0.9999983310699463,1.2453845101845218e-06,7801.410685951278,7809.181615705957,28773.674257993698,30737.886001731724,1507.3010227903321
379,1,Case2,6x8_080,-53.0,-64.0,6x8,1,1,0.999997615814209,2.370864876866108e-06,3.7119484375125467e-08,10022.690442720746,9330.438030082707,14096.862365722656,12583.231031098687,964.111593412671
381,1,Case2,6x8_082,85.0,48.0,6x8,1,1,0.9163331985473633,0.0836649015545845,1.8400519365968648e-06,8541.133070617376,8633.07899690888,17469.015209197998,16085.12939071024,829.3863496849112
382,3,Case2,6x8_083,-12.0,85.0,6x8,2,2,5.627467380975304e-09,0.9999991655349731,7.716707841609605e-07,6469.676495298109,5993.881605736265,35354.474058806896,35717.84986966444,520.1512412697314
383,5,Case2,6x8_084,77.0,-48.0,6x8,1,1,0.9943086504936218,0.005689274054020643,2.141411187039921e-06,8873.14242246668,8889.934036838771,17125.937965393066,16180.761798948015,512.7261951375443
385,2,Case2,6x8_086,-41.0,-54.0,6x8,1,1,0.9628273248672485,0.037172287702560425,3.180767578214727e-07,9783.43413189393,9298.510662223069,17747.306327819824,17151.745531749737,389.3404086626637
386,1,Case2,6x8_087,-38.0,89.0,6x8,2,2,2.311616754013812e-06,0.999997615814209,1.824653672599652e-08,8148.1670531146465,8409.490210855218,23279.057116508484,25060.248219645386,1262.6934837833012
387,1,Case2,6x8_088,23.0,33.0,6x8,3,3,3.6530360603137524e-07,0.0001404599897796288,0.9998592138290405,7460.41728258192,7119.761116226969,29690.739934444427,32160.478205207728,1938.4048103572943
388,1,Case2,6x8_089,18.0,-35.0,6x8,3,3,5.100856270701115e-08,5.07372387801297e-05,0.9999492168426514,7102.865823575253,6648.814595449641,32255.728176116943,34212.474334589264,1614.0765879536002
389,5,Case2,6x8_090,-65.0,24.0,6x8,2,2,8.953809782497046e-08,0.9999998807907104,3.840672491151054e-08,7973.467306102667,7929.041349126717,31052.820385724306,31126.12665321235,212.71769177128317
392,1,Case2,6x8_093,-70.0,-78.0,6x8,1,1,0.999962329864502,3.609437771956436e-05,1.5457276276720222e-06,5141.092540072209,4705.58093169472,9063.96076965332,7955.252173488163,784.5903303329046
393,1,Case2,6x8_094,73.0,-55.0,6x8,1,1,0.9999991655349731,8.346408435500052e-07,3.359444633588282e-08,8484.175148496359,7888.200794143894,12577.866569519043,11453.500786199762,879.2357446694226
395,4,Case2,6x8_096,84.0,-52.0,6x8,1,1,0.9999897480010986,1.0183738595515024e-05,1.5743893300168565e-07,8136.571470146959,7148.326147212758,13929.143119812012,12423.27333490421,1158.033856401261
396,5,Case2,6x8_097,-46.0,-23.0,6x8,2,2,4.2502639985286805e-07,0.9999955892562866,3.984136583312647e-06,7986.643707302327,7724.387130856428,29175.317193984985,29284.75537904551,234.07575998729948
397,1,Case2,6x8_098,-1.0,36.0,6x8,3,3,6.112217842968448e-09,5.230830720392987e-05,0.9999476671218872,6404.958483913311,5912.96155943996,36995.227310180664,37658.38086947213,623.4593607754294
398,5,Case2,6x8_099,90.0,40.0,6x8,2,2,0.00022129816352389753,0.9997785687446594,1.6988411744023324e-07,8215.773863954897,7812.942033149144,22031.52445793152,20983.353594195196,655.5980226965801
399,5,Case2,6x8_100,69.0,62.0,6x8,1,1,0.9999995231628418,4.211754571770143e-07,3.1230094066359015e-08,7081.632605192604,7504.612090240547,11024.057762145996,10527.588294938538,325.9655319957581
401,2,Case2,6x8_102,76.0,-24.0,6x8,2,2,7.187009032350034e-08,0.9999986886978149,1.1955262380070053e-06,7455.125014670916,7504.308796779733,31528.764184176922,32669.560818188926,1004.8958739306603
402,2,Case2,6x8_103,66.0,14.0,6x8,2,2,1.991419829039387e-08,0.9999977350234985,2.2733079276804347e-06,7189.015073169982,7246.952356597219,35570.14047908783,35370.81611386841,392.0377014638709
403,5,Case2,6x8_104,83.0,3.0,6x8,2,2,1.2149619976753456e-07,0.9926654696464539,0.007334346417337656,6095.790171109128,5869.661589552065,35912.89284992218,38495.95139598437,1896.1919764928255
404,3,Case2,6x8_105,89.0,-77.0,6x8,1,1,0.9999945163726807,2.6909424377663527e-07,5.258262262941571e-06,3788.5020060740267,3652.705496812145,8008.884243011475,7647.182680342528,241.37278272718862
405,4,Case2,6x8_106,-12.0,43.0,6x8,2,2,2.5168600359393167e-07,0.9421620965003967,0.057837702333927155,7102.674060997715,6894.414477425749,35092.675292015076,36575.8940446892,1313.0918092480542
406,3,Case2,6x8_107,69.0,8.0,6x8,2,2,4.680241616483727e-08,0.9999768733978271,2.3066240828484297e-05,6726.984665137455,6644.16687930493,36929.10456421226,36618.456605623476,404.9880788455853
407,1,Case2,6x8_108,46.0,-72.0,6x8,1,1,0.9947479367256165,0.005251620430499315,4.778139555128291e-07,9080.962746517927,9182.870281131127,17673.70411682129,16267.315560269628,859.856027074229
408,5,Case2,6x8_109,-69.0,17.0,6x8,2,2,2.2480637795752045e-08,0.9999995231628418,4.804597324437054e-07,7277.892356259281,7310.747036595421,34756.914181768894,34476.695223646224,309.53753588063466
413,5,Case2,6x8_114,-35.0,-78.0,6x8,2,2,3.3421790135435003e-07,0.9999996423721313,2.845952451480116e-08,8150.581691825827,8578.643903721626,24820.80206012726,27229.01360809117,1795.4111703288104
414,4,Case2,6x8_115,22.0,74.0,6x8,2,2,1.6292078797164322e-08,0.9999998807907104,1.0358429136658742e-07,7444.80656374171,7285.215555102314,32600.28460609913,33472.533633856474,772.7224157941522
415,5,Case2,6x8_116,12.0,-85.0,6x8,2,2,3.564420936186252e-08,0.9994508624076843,0.0005490451003424823,6472.2934192740395,5922.15765961746,35397.88894927502,35696.083158750305,551.7959641381881
416,5,Case2,6x8_117,-87.0,33.0,6x8,2,2,9.214241458721517e-08,0.9999997615814209,1.0995133692404124e-07,7842.651231101162,7957.174273997657,26404.513097167015,29454.739224125704,2156.669571590087
417,1,Case2,6x8_118,54.0,-88.0,6x8,1,1,0.9995957016944885,0.00040057982550933957,3.751306621779804e-06,7422.019602197723,7606.7429661565075,13071.23942565918,12965.603143800223,285.98349315696447
419,4,Case2,6x8_120,-58.0,-26.0,6x8,2,2,1.3111678072164068e-06,0.9999985694885254,8.967642628476824e-08,8290.154780623041,8225.17578291208,28852.6510720253,27032.104152632186,1170.6662751148767
420,4,Case2,6x8_121,-50.0,14.0,6x8,2,2,2.9419400249253158e-08,0.9999984502792358,1.5644820905436063e-06,7343.245294243103,7144.223638122887,34847.24126911163,34811.04240348136,248.77999309197546
421,2,Case2,6x8_122,20.0,-73.0,6x8,2,2,1.441347876607324e-07,0.9999911785125732,8.635004633106291e-06,7275.527452847364,7080.07092151463,33449.92061805725,32785.52354019127,456.15281185387636
422,1,Case2,6x8_123,76.0,4.0,6x8,2,2,1.7957102471655162e-08,0.9998486042022705,0.00015130369865801185,6356.380085896413,6239.950947924476,36624.97755384445,37892.21090906228,938.6392265284236
423,1,Case2,6x8_124,42.0,-66.0,6x8,2,1,0.5699644684791565,0.4300348460674286,7.679413442929217e-07,9236.750113985738,9627.587649123388,19112.08860015869,18707.504498300987,325.65242059132015
424,2,Case2,6x8_125,-3.0,72.0,6x8,2,2,3.503639334212494e-08,0.9999878406524658,1.2087020877515897e-05,6528.777480626151,6250.408559290849,37426.40540206432,37270.83583936689,271.05992601043965
425,3,Case2,6x8_126,-8.0,18.0,6x8,3,3,6.978843458682604e-08,8.80633649558149e-07,0.9999990463256836,5228.22718184735,5065.501281631704,36798.332318246365,37406.48506553297,855.3766167220231
426,2,Case2,6x8_127,-66.0,77.0,6x8,1,1,0.9999997615814209,1.8589048522699159e-07,2.6295920108054816e-08,5805.745766411929,5254.960934341872,9717.923076629639,8452.891318352062,899.4326325798058
427,5,Case2,6x8_128,59.0,-70.0,6x8,1,1,0.9999997615814209,1.3268382303976978e-07,7.243716737548311e-08,7535.708159767084,7461.237589501549,11673.548545837402,10582.60439318971,724.784581137029
428,4,Case2,6x8_129,24.0,11.0,6x8,3,3,9.663523314884515e-08,1.4096292488829931e-06,0.9999984502792358,5789.050357961961,5814.921580102375,35973.35844421387,36615.86533702823,673.4342503234775
433,4,Case2,6x8_134,-56.0,37.0,6x8,2,2,0.045203931629657745,0.9547959566116333,1.494641850285916e-07,9360.42609771498,9678.137639240718,20607.102256774902,19934.056695792253,562.0902593678422
435,2,Case2,6x8_136,8.0,-68.0,6x8,2,2,1.0242808201610387e-07,0.9998606443405151,0.00013925298117101192,6874.297674547146,6394.557338926823,37103.03989124298,35947.29035661738,709.3555955493729
436,4,Case2,6x8_137,68.0,53.0,6x8,1,1,0.9999973773956299,2.619954102556221e-06,2.0514344001298923e-08,9661.755871863594,8128.46947455977,14348.72769165039,12347.877455748972,1231.8198145719168
437,1,Case2,6x8_138,-28.0,-75.0,6x8,2,2,1.9662603989445415e-08,0.9999996423721313,3.032438939953863e-07,7785.112977325935,7070.557939822033,29100.06999051571,31015.251985884843,1466.8342133330316
439,2,Case2,6x8_140,1.0,-3.0,6x8,3,3,4.651121088272703e-08,7.872253036111942e-07,0.9999991655349731,11665.033231579439,4736.13637179328,38647.07679748535,37881.05331374373,1719.714635211547
440,2,Case2,6x8_141,79.0,49.0,6x8,1,1,0.9988508224487305,0.00114892004057765,2.1357040225211676e-07,8738.29844158857,8093.112186899054,16726.04360961914,14035.390618236488,1752.6927765221194
441,5,Case2,6x8_142,56.0,10.0,6x8,2,2,2.5585190854826578e-08,0.9999986886978149,1.2844753882745863e-06,7095.17391946656,6774.470495966239,36484.359969735146,37228.87793538125,459.80019449842155
443,1,Case2,6x8_144,-86.0,-39.0,6x8,2,2,7.492371878470294e-07,0.9999988079071045,4.047482775604294e-07,8189.143834710542,8034.955787119075,22673.482738494873,23633.02008180193,695.047673199076
444,1,Case2,6x8_145,29.0,32.0,6x8,2,3,0.000184924021596089,0.005480621010065079,0.9943344593048096,8217.944877826529,7882.094942929415,26754.915828704834,27999.312236125992,999.9295702367054
445,5,Case2,6x8_146,-41.0,-28.0,6x8,2,2,9.547859008307569e-06,0.9999837875366211,6.621207376156235e-06,8352.300343441795,8264.64621920581,25315.876083374023,26070.281917184217,587.1141609948056
446,5,Case2,6x8_147,47.0,23.0,6x8,2,2,2.4328160179720726e-06,0.9999972581863403,2.699045751342055e-07,7997.19028647722,8132.694377796286,29175.603185653687,28786.76855635325,411.13173875083714
448,5,Case2,6x8_149,24.0,-59.0,6x8,2,2,3.7435761157667e-08,0.9999998807907104,3.294092465466747e-08,8161.082343836658,7870.2921097988265,30322.739752590656,30464.337104857164,95.05814769090894
450,3,Case2,6x8_151,-66.0,-82.0,6x8,1,1,0.9998024106025696,0.00019363955652806908,3.932981599064078e-06,5353.531975981881,4998.038446564512,9548.673721313477,8892.283610430282,442.5032483702851
451,3,Case2,6x8_152,-23.0,-66.0,6x8,2,2,3.2218011369877786e-08,0.9999997615814209,1.7175753441733832e-07,7795.910182133222,7307.290634933345,31520.93475973606,31339.162817825993,236.16106893047535
452,5,Case2,6x8_153,50.0,-62.0,6x8,1,1,0.999994158744812,5.899629741179524e-06,2.0676198531077716e-08,10068.454441796988,9596.639361926485,14871.736511230469,13925.306642369535,537.2195105701835
453,4,Case2,6x8_154,-65.0,-65.0,6x8,1,1,0.9999997615814209,2.3981914409887395e-07,1.619461009738643e-08,7083.937441816275,8091.53209023196,10863.014343261719,11109.780117986778,279.60963506605185
454,1,Case2,6x8_155,11.0,-32.0,6x8,3,3,6.7926055891120996e-09,9.617987188903498e-07,0.9999990463256836,6458.449818304124,5858.366843511603,35400.31163597107,37203.77162701919,1383.2779052535452
455,1,Case2,6x8_156,70.0,-86.0,6x8,1,1,0.9999995231628418,1.6167761884844367e-07,2.9969496040394006e-07,4612.560869506229,4367.746798242956,8831.48791885376,8163.9285753007625,505.8395431992501
456,4,Case2,6x8_157,78.0,-26.0,6x8,2,2,1.2254496084551647e-07,0.9999994039535522,4.229899843721796e-07,7607.65070451984,7560.102764803047,30482.66000175476,29738.010777211737,487.7632774530477
457,2,Case2,6x8_158,17.0,-43.0,6x8,2,2,2.6632640128809726e-06,0.5694814920425415,0.4305158257484436,7458.889677252563,7456.55831579839,32730.669410705566,34041.267888103,1012.4122370658797
458,4,Case2,6x8_159,-9.0,-4.0,6x8,3,3,1.0744719958211135e-07,1.6068911463662516e-06,0.9999983310699463,4267.4227905239495,4785.053727208578,34992.68387055397,36638.13770503426,955.087352813049
459,4,Case2,6x8_160,47.0,-13.0,6x8,2,2,6.34301571267315e-08,0.9994980096817017,0.0005018666852265596,7192.0652450744265,7460.3652063220325,34907.64010429382,35764.36583472656,847.4359009112587
460,4,Case2,6x8_161,-43.0,-45.0,6x8,1,1,0.9988898634910583,0.0011100278934463859,1.6315742357164709e-07,10438.019316713633,10188.251822476084,17178.130210876465,16747.074831200414,445.66299102823746
462,2,Case2,6x8_163,-84.0,28.0,6x8,2,2,4.3208359556956566e-08,0.9999996423721313,2.898055697642121e-07,7568.7320612622925,7294.3857263190175,29385.273773014545,30586.822650289134,1067.025932069496
463,3,Case2,6x8_164,-16.0,-5.0,6x8,3,3,2.8331104573453558e-08,6.325112735794391e-07,0.9999994039535522,5038.840964001595,4963.952483648216,36655.04187941551,37408.60384556693,684.6745789733735
465,1,Case2,6x8_166,-61.0,-3.0,6x8,2,2,2.549153776953972e-09,0.999803364276886,0.00019660303951241076,6830.373341292009,6354.344830243679,38023.29553703964,39652.11851772026,1295.9251762681004
468,2,Case2,6x8_169,58.0,-70.0,6x8,1,1,0.9999998807907104,1.3288340028339007e-07,9.028663150445482e-09,7720.602925318218,7806.602941835351,11923.239295959473,10754.944595122655,767.5121923675434
469,1,Case2,6x8_170,-35.0,-50.0,6x8,2,2,0.0009414179367013276,0.9990583062171936,2.447795282023435e-07,9256.937724435724,9374.81529665739,20868.334518432617,21132.054637094567,204.39561820872467
470,3,Case2,6x8_171,-6.0,-18.0,6x8,3,3,1.947798367041287e-08,4.2880344608420273e-07,0.9999995231628418,5080.205675128413,5038.2517669334375,36619.99357166886,37327.01166998339,602.8663096381506
471,1,Case2,6x8_172,-68.0,5.0,6x8,2,2,3.1892981589010105e-09,0.9997331500053406,0.0002667986846063286,6758.995375179671,6381.268723947799,37638.29869413376,38778.22735382467,937.7159071544129
472,4,Case2,6x8_173,82.0,-55.0,6x8,1,1,0.9999988079071045,1.0703922725951998e-06,1.1422101664493312e-07,7446.145385103274,6583.502783400087,12652.382217407227,10941.606455029525,1276.803858876296
475,4,Case2,6x8_176,-36.0,30.0,6x8,2,2,7.61502597015351e-05,0.9998838901519775,3.996772284153849e-05,8549.282438202226,8405.626107806485,24874.555891036987,24753.188680795545,239.80646069556232
476,2,Case2,6x8_177,25.0,-81.0,6x8,2,2,2.765588362763083e-07,0.9999953508377075,4.418995104060741e-06,7430.202124638852,7333.260338279427,31063.619027495384,31944.83368673155,819.3878477556304
477,4,Case2,6x8_178,27.0,63.0,6x8,2,2,3.5527595088069575e-08,0.9999998807907104,4.276081000398335e-08,8272.789180832258,8022.847619253621,28900.924131393433,30085.770970771024,931.4589844609535
479,5,Case2,6x8_180,-14.0,88.0,6x8,2,2,1.3533579590330191e-08,0.9999997615814209,2.2388377374227275e-07,6545.690092157038,6558.137946300102,34893.68197250366,35553.2030069239,728.2238648541787
482,3,Case2,6x8_183,37.0,63.0,6x8,2,2,1.309213894273853e-05,0.9999868869781494,2.775709617708344e-08,9003.180314314966,9021.01474375117,21851.88270187378,23582.069657775835,1248.6636604765674
484,5,Case2,6x8_185,-18.0,49.0,6x8,2,2,4.481020354774046e-08,0.9999998807907104,1.2115613401419978e-07,7668.279566665702,7321.810876637127,32777.582391262054,32830.57209185304,424.7162343772289
486,4,Case2,6x8_187,-47.0,-37.0,6x8,2,2,0.32149526476860046,0.6785018444061279,2.8880506306450116e-06,9525.904863820493,9318.603494349725,19413.14850616455,19698.579707107616,184.9320624760005
488,3,Case2,6x8_189,34.0,0.0,6x8,3,3,1.5095521277430635e-08,4.344619355833856e-06,0.9999957084655762,6264.147664952297,5980.367706668863,36830.94068431854,37892.497998519124,773.6902474753185
489,3,Case2,6x8_190,-80.0,40.0,6x8,2,2,3.22008008879493e-06,0.9999966621398926,6.103363858755984e-08,8422.986907255154,8200.292727435382,21832.210340499878,23755.13694384149,1479.018505875662
490,4,Case2,6x8_191,-75.0,6.0,6x8,2,2,1.9910176618509468e-08,0.9999406337738037,5.93626027693972e-05,6431.526123776949,6629.119399235075,36912.95835340023,37942.41614758155,917.4537488989274
492,3,Case2,6x8_193,48.0,41.0,6x8,1,1,0.6361472010612488,0.36384809017181396,4.666856966650812e-06,10045.609013157307,10478.814016706085,17414.71452331543,19036.815899132213,1287.4330106025923
493,5,Case2,6x8_194,-11.0,-16.0,6x8,3,3,1.0904864566896322e-08,9.781286891552554e-09,1.0,5234.989173717237,5228.849381850603,36341.46675675735,37389.43057184669,1105.7721807164046
494,4,Case2,6x8_195,12.0,71.0,6x8,2,2,9.836313097366656e-09,0.9999984502792358,1.5612596371283871e-06,6949.897117760036,6761.001419573213,36352.64673924446,36943.41699772725,572.4996396522878
495,3,Case2,6x8_196,-32.0,84.0,6x8,2,2,2.5581621798664855e-07,0.9999997615814209,2.7467157437399692e-08,7819.318444286175,7307.807857507362,27015.416583389044,27361.045424381366,362.4514410614517
496,4,Case2,6x8_197,-80.0,-38.0,6x8,2,2,1.6728157561374246e-06,0.9999983310699463,4.086574989514702e-08,8321.619700250285,8452.459293198268,23105.33278465271,23760.743339225966,602.862853988466
497,1,Case2,6x8_198,-82.0,-53.0,6x8,1,1,0.9812650084495544,0.018730226904153824,4.785166311194189e-06,7986.8313675062445,7315.938762458189,13460.48669052124,13059.239787400305,485.46806338658814
498,1,Case2,6x8_199,-45.0,82.0,6x8,2,2,0.41155993938446045,0.5884393453598022,6.969035553083813e-07,8572.063221970291,8488.455021274583,18985.260066986084,17088.26006308784,1305.3725873632184
499,4,Case2,6x8_200,88.0,-42.0,6x8,2,2,0.08608100563287735,0.9139148592948914,4.115164756512968e-06,8319.12630855813,8497.89387573142,20863.006799697876,18768.37565575215,1424.0984759643338
500,5,Case2,6x8_201,-73.0,-27.0,6x8,2,2,2.1913232117753978e-08,0.9999998807907104,4.1939099304499905e-08,7836.179024198517,7702.412248538393,29789.345555007458,31079.74534813461,1024.6992896376223
501,2,Case2,6x8_202,-24.0,-76.0,6x8,2,2,1.0090501945114738e-07,0.999998927116394,9.199014243677084e-07,7458.751996437072,7212.120712735164,31385.39260289073,30915.369216253926,401.06111166414416
502,4,Case2,6x8_203,33.0,58.0,6x8,2,2,2.8390056741045555e-06,0.9999970197677612,8.32190565347446e-08,8856.850457360058,8845.969292731419,23772.179973602295,24789.985680150403,885.2657565254157
503,5,Case2,6x8_204,27.0,-22.0,6x8,3,3,4.20370369624834e-08,1.852060336204886e-07,0.9999997615814209,7046.353877859408,6639.91373999406,31996.38845062256,34073.659347353765,1612.3783833760501
504,5,Case2,6x8_205,-58.0,-50.0,6x8,1,1,0.9999916553497314,8.370509931410197e-06,3.397632042378973e-08,10407.867915898876,9817.062031116884,14636.388565063477,13698.573108392626,507.97202171243254
505,1,Case2,6x8_206,4.0,90.0,6x8,2,2,4.15100664952206e-09,0.9999964237213135,3.6216065382177476e-06,6075.07227135913,5690.292182473611,35677.45970201492,38556.21605860062,1823.2755851819209
506,4,Case2,6x8_207,19.0,-83.0,6x8,2,2,6.644854977366776e-08,0.9999775886535645,2.2325795725919306e-05,6873.175854888429,6792.0133359600495,33707.492176532745,35285.96690883306,1116.3287069352864
507,4,Case2,6x8_208,-87.0,47.0,6x8,2,2,0.06466846913099289,0.9353286027908325,2.8704939722956624e-06,8483.835915307347,8243.118678869638,18044.515594482422,17336.093287036776,511.4362044288906
508,3,Case2,6x8_209,58.0,-69.0,6x8,1,1,0.9999997615814209,1.0769849012604027e-07,8.561075759416781e-08,7788.629157755992,7659.091003929144,11910.706268310547,10469.545504575784,944.6003402908043
509,3,Case2,6x8_210,-10.0,23.0,6x8,3,3,6.039110189703933e-08,7.537367423537944e-07,0.9999991655349731,5817.790291600348,5169.693334202761,36506.427490234375,37192.51883779845,854.3487693477699
510,4,Case2,6x8_211,55.0,-59.0,6x8,1,1,0.9999997615814209,2.778734540243022e-07,1.2448875708059859e-08,8976.960867943873,10318.381413243666,12625.675674438477,12366.375031557433,441.1648899354441
511,2,Case2,6x8_212,-63.0,54.0,6x8,1,1,0.9999991655349731,8.452512361145637e-07,9.78719416622198e-09,9083.72940359844,8563.97711440937,12877.136344909668,11989.977642039616,642.4838813742296
512,3,Case2,6x8_213,67.0,-42.0,6x8,2,1,0.7553688287734985,0.24463069438934326,4.347661217707355e-07,9160.870649150625,9495.994473265344,19257.956733703613,18107.710714638455,649.2661915457769
513,2,Case2,6x8_214,63.0,-14.0,6x8,2,2,1.5475020376243265e-08,0.9999967813491821,3.1617821605323115e-06,7289.189214645425,7250.182993680198,35657.577204585075,35781.465791817835,330.7616092993749
514,4,Case2,6x8_215,9.0,13.0,6x8,3,3,2.1876445543966838e-07,2.0604031760740327e-06,0.9999977350234985,4846.3193754628155,5276.788532145226,36417.75442266464,37019.78483464832,778.6574620498906
515,1,Case2,6x8_216,-10.0,59.0,6x8,2,2,1.5451677271016706e-08,0.9999979734420776,2.046251893261797e-06,7240.504647620444,6916.705309198978,36892.74012589455,36902.83476386182,136.87914304556844
516,2,Case2,6x8_217,21.0,56.0,6x8,2,2,8.025682518564281e-08,0.9999995231628418,3.415457001665345e-07,7852.599044131925,7701.761752679619,31857.892210416496,31275.757192936253,519.7359373121675
517,4,Case2,6x8_218,5.0,-15.0,6x8,3,3,6.512755135190673e-08,1.030368366627954e-06,0.9999988079071045,4866.431889905723,4778.913320469386,36486.391874313354,36810.0971310669,445.12297072217626
518,5,Case2,6x8_219,-7.0,65.0,6x8,2,2,9.714073989641747e-09,0.9999997615814209,2.0371226128190756e-07,6932.209052608763,6708.943158279464,37544.81689274311,36918.609149675125,431.9093480104699
519,2,Case2,6x8_220,14.0,-23.0,6x8,3,3,2.4742861981508213e-08,1.7953779263280012e-07,0.9999997615814209,5966.654995960726,5279.172584137952,35705.515003204346,36374.01586248839,714.3990411343617
520,4,Case2,6x8_221,74.0,-56.0,6x8,1,1,0.9999997615814209,2.7281325287731306e-07,4.959772326174061e-08,8067.279895111892,7121.41817468077,12234.731674194336,10707.154088609352,1177.6366859180257
521,1,Case2,6x8_222,7.0,-80.0,6x8,2,2,1.2361811130290334e-08,0.9993999004364014,0.0006001138244755566,6389.013921313859,5886.99972302646,36178.77534556389,38024.141796212505,1303.980574905254
523,5,Case2,6x8_224,-4.0,-43.0,6x8,3,3,2.4153189315256895e-07,0.18411314487457275,0.8158866763114929,6759.849947953747,6080.724671369891,36879.95633983612,37104.94898841102,835.3786990363596
524,5,Case2,6x8_225,2.0,-73.0,6x8,2,2,1.8231382625799597e-08,0.999821126461029,0.00017882493557408452,6399.36084008656,5996.7397861995905,37109.46347570419,36973.81435868005,340.0355329192448
525,1,Case2,6x8_226,-42.0,80.0,6x8,2,2,0.007070482708513737,0.9929293990135193,1.4413710403005098e-07,8507.313256683265,8814.137280669464,20617.144901275635,19541.07367097273,764.482718667119
526,4,Case2,6x8_227,-42.0,-6.0,6x8,3,3,3.8732343909941847e-07,0.22248943150043488,0.7775101661682129,6695.064652612253,6691.456680115672,36654.66814804077,37354.43873011257,809.4872646403616
527,2,Case2,6x8_228,60.0,-31.0,6x8,2,2,4.028784985621314e-07,0.9999995231628418,1.0094281321926246e-07,8667.699960630836,8209.3996306365,25573.698844909668,25393.961668020835,232.5480001174105
529,3,Case2,6x8_230,-44.0,-30.0,6x8,2,2,2.7004864477930823e-06,0.9999972581863403,7.730654516535651e-08,8632.72009166208,8357.835590840825,23895.760383605957,25495.00412200654,1151.9912796753376
530,4,Case2,6x8_231,-69.0,24.0,6x8,2,2,3.2569076324762136e-08,0.9999998807907104,5.696525207099512e-08,7849.97411526306,7667.14438172566,31340.633783698082,32726.216180332518,1006.9882967480792
531,2,Case2,6x8_232,-8.0,-27.0,6x8,3,3,1.385245518292777e-08,4.798319537258067e-07,0.9999995231628418,5847.175897144417,5408.10544070655,36303.91657829285,37103.25500950092,699.371412173058
532,5,Case2,6x8_233,61.0,-20.0,6x8,2,2,3.0764230274371585e-08,0.9999998807907104,1.3892712047436362e-07,7758.526056016842,7601.466791786359,32903.108267605305,33219.26623941077,312.3835097019446
534,4,Case2,6x8_235,-62.0,7.0,6x8,2,2,1.0792239990564667e-08,0.9999980926513672,1.9098831671726657e-06,6934.52857999645,6902.13551538445,37561.19657719135,37808.72268054431,263.7201973519574
535,5,Case2,6x8_236,16.0,-57.0,6x8,2,2,9.348761764726987e-09,0.9999998807907104,1.3111950636357506e-07,7502.29953331159,7335.99478376062,34543.32976591587,33798.03000916842,577.2329888087374
536,5,Case2,6x8_237,-32.0,66.0,6x8,2,2,1.5714681467215996e-07,0.9999998807907104,2.9924009936621587e-09,8548.21901016473,8319.682428521217,25868.58193206787,27617.090252638125,1268.7272042525121
537,1,Case2,6x8_238,64.0,-22.0,6x8,2,2,2.0002024925247497e-08,0.9999998807907104,1.0163019936726414e-07,7784.286215060927,7338.023105892159,32059.362934947014,32017.861025780116,169.76475769496759
539,1,Case2,6x8_240,53.0,26.0,6x8,2,2,2.0479548368257383e-07,0.9999996423721313,1.878296416180092e-07,8280.67513533609,7987.563127977712,27910.989218711853,28500.073953479652,492.83972776728655
540,3,Case2,6x8_241,13.0,6.0,6x8,3,3,9.31060384345983e-08,1.0629054258970427e-06,0.9999988079071045,4707.946590397872,5080.417704395581,36087.453218340874,37375.05056731531,1119.3041435890746
541,4,Case2,6x8_242,-31.0,60.0,6x8,2,2,4.089989502631397e-08,1.0,1.81627228812431e-08,8665.694702331131,8694.312806201975,25651.72793197632,27008.055029354062,952.0055758863887
543,2,Case2,6x8_244,85.0,-58.0,6x8,1,1,0.9999997615814209,2.1782328474273527e-07,2.2756140083401988e-08,6585.400227377033,5674.539757435979,11579.18444442749,9502.407515122055,1480.1191478838675
545,1,Case2,6x8_246,60.0,61.0,6x8,1,1,0.9999990463256836,9.086140266845177e-07,1.1780100450664577e-08,8069.070996124566,8528.569354476263,11718.437797546387,11128.958968236633,343.3017627632888
546,4,Case2,6x8_247,-83.0,78.0,6x8,1,1,0.9999997615814209,1.0879127643192987e-07,1.4959100269607006e-07,3910.662687847563,4001.636446769553,8080.155385971069,7594.086888133919,371.755396093632
547,2,Case2,6x8_248,6.0,27.0,6x8,3,3,5.7263648045591253e-08,1.6457696574434522e-06,0.9999983310699463,5795.185060406668,5758.815870985585,36768.07049560547,37337.7830599634,647.7764805254449
549,3,Case2,6x8_250,-47.0,64.0,6x8,1,1,0.9986482262611389,0.0013517127372324467,1.584165829626727e-07,9722.795690861292,9958.473782534224,16280.438911437988,15555.606290900227,361.64537813707716
551,2,Case2,6x8_252,-82.0,-45.0,6x8,2,2,0.10477527230978012,0.895223081111908,1.6671507410137565e-06,8531.391764270313,7657.812126918881,18988.799434661865,16465.165380675975,1577.0222229477579
552,1,Case2,6x8_253,56.0,-34.0,6x8,2,2,5.178445007913979e-06,0.9999947547912598,2.5049729401871446e-08,9018.917592963477,8882.389404321559,22646.800945281982,22981.26253054259,182.32573510603297
553,1,Case2,6x8_254,-75.0,-17.0,6x8,2,2,3.757391731085136e-09,0.9999380111694336,6.199803465278819e-05,6991.139652161381,6493.28419935731,34703.79116797447,37026.41958328223,1819.6082621750222
554,1,Case2,6x8_255,32.0,-60.0,6x8,2,2,5.776297712145606e-06,0.999994158744812,3.1934863642391065e-08,8732.75541162058,8780.64812676408,24854.40149307251,24345.470741869365,386.44918987879726
555,4,Case2,6x8_256,-25.0,-11.0,6x8,3,3,3.167544448956505e-08,9.958561122402898e-07,0.9999990463256836,5840.17981276812,5478.589672597203,36062.82810974121,35807.43803864774,274.35533256271316
556,3,Case2,6x8_257,65.0,80.0,6x8,1,1,0.9999939203262329,5.955672349955421e-06,1.5623956528543204e-07,5647.170221596212,5522.374736772419,9789.996192932129,8766.869112021128,711.4088723416503
557,1,Case2,6x8_258,54.0,-18.0,6x8,2,2,1.120899195683478e-08,0.9999995231628418,4.772306283484795e-07,7726.9567848106535,7066.967112109754,33263.28808003664,33863.1886900341,397.2298110891951
558,2,Case2,6x8_259,-6.0,38.0,6x8,3,3,1.6576372274812456e-07,0.0018701789667829871,0.998129665851593,6512.083361814975,6481.108990882297,36540.15989494324,37756.39561365949,1118.3633884557053
559,3,Case2,6x8_260,-50.0,68.0,6x8,1,1,0.9998956918716431,0.00010420635953778401,9.361495756365912e-08,9567.081432562121,9206.885730300535,15484.950897216797,14087.538493460406,822.9451048230324
560,1,Case2,6x8_261,-14.0,-28.0,6x8,3,3,4.389351992983848e-09,9.572580665917485e-07,0.9999990463256836,6245.527504103815,5639.78824764359,34730.68506240845,36821.47935688538,1670.1672977868461
561,3,Case2,6x8_262,-57.0,76.0,6x8,1,1,0.9999918937683105,8.096322744677309e-06,5.832624694335209e-08,7559.357733009482,7454.516753998381,11911.506050109863,11449.75842441522,399.14984058655136
562,3,Case2,6x8_263,-24.0,2.0,6x8,3,3,1.5825069255015478e-08,6.179646447890264e-07,0.9999994039535522,5481.067595556632,5337.890468832393,37116.59908914566,36991.20159797126,236.23722255104275
563,5,Case2,6x8_264,87.0,-65.0,6x8,1,1,0.9999985694885254,2.7845936756420997e-07,1.2454156603780575e-06,5286.590681658748,5101.845584975475,9697.620433807373,8994.328487802606,504.4658654848737
564,5,Case2,6x8_265,-25.0,-84.0,6x8,2,2,1.055528731086497e-08,0.9999992847442627,7.142317599573289e-07,7255.995454276849,7335.242747064194,30922.67103649676,32874.9547665529,1538.773628134007
566,2,Case2,6x8_267,-33.0,-46.0,6x8,2,2,0.00012791479821316898,0.9998717308044434,3.863308961626899e-07,9022.182441837189,8023.43304597743,21843.927921295166,20677.468640195402,783.6862159816911
567,3,Case2,6x8_268,-59.0,29.0,6x8,2,2,3.882767600771331e-07,0.9999996423721313,1.6005660796736265e-08,8522.94973684545,8110.320918218107,26920.145174980164,27001.847025950345,300.0787894544572
568,2,Case2,6x8_269,-60.0,60.0,6x8,1,1,0.9999998807907104,1.0776692960234868e-07,1.015919792735076e-08,8248.11079952405,8406.58301920947,11866.406356811523,11182.579931880195,575.4592519252475
569,2,Case2,6x8_270,10.0,76.0,6x8,2,2,3.534702130991718e-08,0.9999892711639404,1.0752311027317774e-05,6605.918039269294,6334.6339103007185,36437.610502265394,36915.702290103654,525.9169315482397
571,2,Case2,6x8_272,72.0,69.0,6x8,1,1,0.9999995231628418,3.6395374536368763e-07,7.753722996994838e-08,5914.521455823994,5961.974922367084,9938.639419555664,8589.701677993453,955.6356771162534
572,2,Case2,6x8_273,81.0,62.0,6x8,1,1,0.9999984502792358,1.4809590993536403e-06,1.0845157305539033e-07,6050.564696641284,5961.917942790574,10426.009243011475,9155.625975063238,951.7734485102784
573,3,Case2,6x8_274,30.0,-25.0,6x8,3,3,8.572330898459768e-07,0.00029386079404503107,0.9997052550315857,7630.055451403598,7148.600858364278,29547.165265083313,29631.75409829013,442.55004382240406
574,2,Case2,6x8_275,80.0,-20.0,6x8,2,2,1.1487517781461065e-07,0.9999771118164062,2.2772635929868557e-05,7031.566114529592,6938.797737660769,33373.34182715416,34696.455774506685,1168.1073452005755
575,3,Case2,6x8_276,-88.0,70.0,6x8,1,1,0.9999971389770508,2.004288944590371e-06,8.457365083813784e-07,4555.85416875518,4587.179052980963,8805.932899475098,7902.378474331288,587.9162777164117
576,4,Case2,6x8_277,57.0,88.0,6x8,1,1,0.9979367256164551,0.0020629323553293943,3.005879420925339e-07,6700.8635065961225,6486.321855317749,11915.027004241943,11855.288826644479,239.31839027515176
577,5,Case2,6x8_278,18.0,78.0,6x8,2,2,2.1499348079601077e-08,0.9999996423721313,2.961921268251899e-07,6988.514101721468,6765.228303581541,34272.952810168266,35493.70002645214,1035.6228152782862
579,1,Case2,6x8_280,-31.0,-12.0,6x8,3,3,4.765163819087093e-09,3.987001036875881e-06,0.9999960660934448,6442.4468317275505,5999.038072794956,35151.63201332092,36226.26580245019,904.1674762886815
580,1,Case2,6x8_281,-72.0,-17.0,6x8,2,2,3.125931513636715e-09,0.9999778270721436,2.220690657850355e-05,7193.076276587128,6628.235423744484,34763.620586276054,37050.37686437726,1779.3023155086332
581,3,Case2,6x8_282,25.0,-74.0,6x8,2,2,7.741002150396525e-08,0.9999997615814209,1.7033332255778078e-07,7663.764703293749,7516.310766415246,30949.87871396169,30412.431307585983,337.5482196873675
583,3,Case2,6x8_284,16.0,16.0,6x8,3,3,2.3070302290761902e-07,1.1710917533491738e-06,0.9999985694885254,11751.284820193521,5361.640154991837,36958.14775085449,36526.86976224527,1625.9367034342226
585,2,Case2,6x8_286,40.0,-87.0,6x8,2,2,4.507314952206798e-05,0.9999544620513916,4.7652608259340923e-07,8249.377562653859,8559.868954756957,22066.01636314392,24175.350706372712,1536.681760924285
586,2,Case2,6x8_287,-77.0,22.0,6x8,2,2,2.5050464813602957e-08,0.9999992847442627,7.334928682212194e-07,7283.929959861705,7023.144850758909,32549.83801817894,32641.369290232113,495.25022027381806
587,4,Case2,6x8_288,37.0,70.0,6x8,2,2,6.7587166086013895e-06,0.9999932050704956,3.722603381106637e-08,8665.051389555934,8630.060037390214,22910.32485961914,23055.522061117437,350.7032379060534
588,5,Case2,6x8_289,-9.0,44.0,6x8,2,2,2.592796022327093e-07,0.9964213371276855,0.003578440984711051,6902.080233405273,6484.713104398137,36142.68238544464,36406.94894831897,805.7398166825227
589,5,Case2,6x8_290,20.0,-82.0,6x8,2,2,1.7240722627320793e-08,0.9999905824661255,9.399664122611284e-06,7057.992665141844,6846.509266946594,33350.98666369915,33637.465350538,505.22629917793546
590,1,Case2,6x8_291,26.0,5.0,6x8,3,3,9.425062508228166e-09,7.49611444916809e-07,0.9999992847442627,5776.851231913564,5676.725049688135,36710.18316745758,38562.89983578511,1629.7841089487536
591,4,Case2,6x8_292,71.0,-88.0,6x8,1,1,0.9999991655349731,3.850821528317283e-08,8.512309364050452e-07,4440.48009257036,4093.484146586442,8666.619853973389,8015.756182748519,483.21894319835735
593,4,Case2,6x8_294,-71.0,-57.0,6x8,1,1,0.9999978542327881,2.125696255461662e-06,1.1902817398379284e-08,7848.935449728033,8320.991937909335,12176.108451843262,11742.64144235668,301.3794198774
594,3,Case2,6x8_295,-84.0,-9.0,6x8,2,2,5.743947539826877e-08,0.9968814849853516,0.0031184619292616844,6280.833585954962,6038.687400464132,35751.44079351425,36785.96409221296,855.6900923193537
595,2,Case2,6x8_296,-48.0,82.0,6x8,1,2,0.1364063173532486,0.863592803478241,8.717864261598152e-07,8639.96047552493,8462.955482063307,17425.625568389893,16957.36713851045,235.06620873748338
596,2,Case2,6x8_297,-13.0,-4.0,6x8,3,3,2.7758717990877813e-08,5.268551035442215e-07,0.9999995231628418,4755.369332838716,4711.146043566696,36219.73173594475,38120.25173347434,1633.0027785882792
597,4,Case2,6x8_298,-19.0,-23.0,6x8,3,3,8.506735582614056e-08,1.007331547953072e-06,0.999998927116394,6376.712946791881,5817.89311850407,34121.493284225464,34685.75779071429,514.1424926172366
598,3,Case2,6x8_299,5.0,-32.0,6x8,3,3,6.9058048168813e-09,4.6750366777814634e-07,0.9999995231628418,6167.241333249499,5825.975659923119,36609.313093185425,35993.712670686604,349.6107020878798
600,4,Case2,8x8_001,65.0,19.0,8x8,2,2,4.519422347470936e-08,0.999988317489624,1.1653271030809265e-05,5245.443709754744,5167.685872371601,34231.03408489749,34386.24781446876,205.41413364621738
601,3,Case2,8x8_002,40.0,-51.0,8x8,2,2,6.828051846241578e-05,0.9999011754989624,3.0519349820679054e-05,7023.092989393881,6690.929210890589,18401.4177570343,18994.946921194594,423.512039739234
603,2,Case2,8x8_004,49.0,48.0,8x8,1,2,0.15481548011302948,0.8451812267303467,3.307159204268828e-06,7615.382084736431,7534.592448458416,15534.41817855835,16341.23090488474,558.8654944774923
604,2,Case2,8x8_005,-52.0,20.0,8x8,2,2,3.328641753341799e-07,0.9998511075973511,0.00014859638758935034,5859.475917983462,5510.993325506104,32599.56716632843,33028.28866512643,394.98976217976053
605,4,Case2,8x8_006,-15.0,-74.0,8x8,2,2,5.893374321885858e-08,0.9563188552856445,0.043681126087903976,4656.4360621187025,4196.505115996155,35646.46082893759,38102.7971765226,1939.3458952546312
606,3,Case2,8x8_007,51.0,-83.0,8x8,2,2,0.00017146755999419838,0.9998239874839783,4.605034973792499e-06,5354.975808791502,5485.244491024511,15766.279143810272,15486.027615887931,282.0179753758892
608,3,Case2,8x8_009,-63.0,21.0,8x8,2,2,1.9394372330339138e-08,0.9999988079071045,1.2136780469518271e-06,5484.306752952295,5442.638385357751,33260.54744529724,32687.528147322253,595.2305653844015
609,1,Case2,8x8_010,-74.0,83.0,8x8,1,1,0.6394877433776855,0.36037448048591614,0.00013775059778708965,3176.3548254643347,2864.8706718432986,9168.852141857147,7976.538971321495,787.0583405081454
611,2,Case2,8x8_012,-56.0,9.0,8x8,2,2,9.477962237269821e-08,0.9986900687217712,0.001309872604906559,5266.151607589449,4904.78939401172,37640.73467850685,37309.56685130097,577.9531541930521
612,4,Case2,8x8_013,61.0,33.0,8x8,2,2,4.587684543366777e-07,0.9999986886978149,8.221810503528104e-07,6098.869968378102,6085.962809105065,24757.352965831757,25423.30115948653,462.9696590498021
613,3,Case2,8x8_014,19.0,79.0,8x8,2,2,2.965921952480244e-09,0.9999923706054688,7.629747415194288e-06,4635.134950156164,4350.620505844411,34328.3661172688,35444.957400239364,995.1628217886824
615,5,Case2,8x8_016,75.0,-61.0,8x8,1,1,0.9999864101409912,1.1648293366306461e-05,1.8987283283422585e-06,5563.11147592123,4912.852343876421,5364.080410003662,10754.614640650318,4201.001221232138
616,2,Case2,8x8_017,-30.0,66.0,8x8,2,2,1.4352392163630157e-08,0.9999998807907104,5.291011717645233e-08,5665.928848025043,5697.4161558350515,27791.439455747604,26396.816152768777,898.6747163996158
618,1,Case2,8x8_019,-79.0,29.0,8x8,2,2,6.7885004284562456e-09,0.9999895095825195,1.0492874025658239e-05,5026.196368639911,4709.141316143909,29232.377550661564,30297.192878506048,915.1220512719264
619,3,Case2,8x8_020,-2.0,48.0,8x8,3,3,2.4847292223739714e-08,0.047824084758758545,0.9521759152412415,5325.270352479137,5164.697135989833,38178.85500764847,39152.15721275469,1152.75618630899
620,1,Case2,8x8_021,-49.0,-67.0,8x8,2,1,0.597004234790802,0.40298691391944885,8.885962415661197e-06,6271.898565424734,6683.413411258514,15474.370008468628,14325.804056029241,777.7310069770646
621,4,Case2,8x8_022,43.0,-33.0,8x8,2,2,2.6067643830174347e-06,0.9903178215026855,0.009679622016847134,6873.013713356222,6579.607387013431,22526.099869836587,24077.44881700501,1112.195540559558
622,3,Case2,8x8_023,62.0,-67.0,8x8,1,1,0.9999798536300659,1.9414093912928365e-05,6.975679411880265e-07,5716.871280069032,5458.691412169719,11271.049430847168,9779.493576784931,1109.8730818570373
623,2,Case2,8x8_024,30.0,75.0,8x8,2,2,1.0251851811915458e-08,0.9999997615814209,2.656533695244434e-07,5192.143867522031,5221.132532945034,28540.044861018658,28940.362739102435,506.79092352248307
624,5,Case2,8x8_025,80.0,-80.0,8x8,1,1,0.9998007416725159,5.266927928460063e-06,0.00019399523444008082,2887.8993841308998,2584.5945525038182,8818.384215593338,7724.35729051276,726.3630795492951
626,5,Case2,8x8_027,54.0,-38.0,8x8,2,2,5.797533049189951e-07,0.9999992847442627,1.1841112268484721e-07,6727.184640188092,6583.764648106793,19999.676671028137,20689.09544855947,590.1769026761448
627,2,Case2,8x8_028,36.0,-31.0,8x8,3,3,9.452368431084324e-06,0.04856796935200691,0.9514226913452148,6907.788015230194,7120.846713518282,24953.308174610138,25415.080259863174,429.9224803994599
628,2,Case2,8x8_029,52.0,-41.0,8x8,2,2,7.610390184709104e-06,0.999991774559021,5.644297402795928e-07,7028.705863315265,6645.339259846032,17911.965955734253,18036.95859600733,180.46759634527717
629,4,Case2,8x8_030,15.0,-12.0,8x8,3,3,3.941953963249034e-08,5.731433248001849e-07,0.9999994039535522,5438.2177322714615,4661.532638551168,37339.342389166355,37686.80174428407,624.2967528512044
630,5,Case2,8x8_031,-55.0,-62.0,8x8,1,1,0.9981156587600708,0.0018836011877283454,7.416169296448061e-07,6831.5116320028155,6714.560604413435,13145.69713973999,12682.8679024824,337.54438314613543
631,3,Case2,8x8_032,-19.0,-7.0,8x8,3,3,1.617716272050984e-08,4.240345390371658e-07,0.9999995231628418,5353.345541568076,5210.726594332587,37647.07451879978,37460.89727210433,178.47455207206485
632,5,Case2,8x8_033,-61.0,86.0,8x8,2,2,0.00041081191739067435,0.9995830655097961,6.167464562167879e-06,4856.438902414364,4714.111064017092,11532.934149742126,12652.614722912447,751.7343816234572
633,5,Case2,8x8_034,-43.0,-15.0,8x8,3,3,4.719272084230397e-08,0.002489932579919696,0.9975100755691528,5831.153417960552,5546.189883194721,34340.84939479828,34630.253007592524,570.7019141033536
634,5,Case2,8x8_035,70.0,81.0,8x8,2,2,0.05865034833550453,0.9412937164306641,5.594324102276005e-05,3611.4947923782247,3676.4349071472047,9669.54290008545,8399.77599237802,809.5314450295737
635,1,Case2,8x8_036,8.0,25.0,8x8,3,3,2.3913711899581358e-08,9.783218501979718e-07,0.9999990463256836,5470.248036442415,5356.813741412159,37345.20094680786,39181.500443427234,1593.514235153448
637,3,Case2,8x8_038,-56.0,52.0,8x8,1,1,0.9996844530105591,0.0003149988770019263,5.843771759828087e-07,7396.421028391188,7287.757195505395,13993.33931350708,12835.706771339423,801.9333254087186
638,5,Case2,8x8_039,64.0,42.0,8x8,2,2,3.070618959100102e-06,0.9999969005584717,8.419615227239774e-08,6235.392231474027,5899.011311238956,18925.186779022217,19177.006186804036,273.431098613633
639,2,Case2,8x8_040,-27.0,-54.0,8x8,2,2,1.241602234358652e-07,0.9999974966049194,2.320161456736969e-06,6152.389268452867,5835.280618753908,28019.94656944275,26590.03733783011,957.7121703564393
640,4,Case2,8x8_041,-2.0,-68.0,8x8,2,3,5.669676284014713e-08,0.26332926750183105,0.7366706132888794,4551.274031987597,4143.191428420071,37909.11491456628,40213.652719367085,1870.969298966662
641,3,Case2,8x8_042,84.0,51.0,8x8,2,2,1.3079566997475922e-05,0.9999865293502808,3.4684566685427853e-07,5304.112331994,5002.683228124912,15736.713012695312,14498.7663869583,852.9913858192359
642,3,Case2,8x8_043,79.0,-71.0,8x8,1,1,0.9999898672103882,2.5435156203457154e-06,7.650224688404705e-06,3642.838541111375,2907.2369539027304,9590.274863243103,7355.3859241630935,1509.5515223166915
643,1,Case2,8x8_044,59.0,-56.0,8x8,1,1,0.999144434928894,0.0008545482414774597,9.030829914991045e-07,7214.189626636932,7035.720695065398,13178.894863128662,12281.690229626036,650.6713627246295
644,1,Case2,8x8_045,-18.0,-35.0,8x8,3,3,3.5378964202692487e-09,5.2063192015339155e-06,0.9999947547912598,5925.911787551522,5650.116913596082,32662.424874067307,35348.592115466454,2136.6018740170084
645,3,Case2,8x8_046,-76.0,-77.0,8x8,2,2,0.006600604858249426,0.9927893280982971,0.0006100345053710043,3325.4045484087624,3476.089405771548,9216.348378181458,8364.212564050642,535.5470821242732
646,5,Case2,8x8_047,42.0,27.0,8x8,2,2,8.690695722179953e-06,0.8874779343605042,0.11251343041658401,6449.470381146225,6117.754539179861,26547.176640655845,29379.26713468465,2059.532641668362
647,1,Case2,8x8_048,1.0,71.0,8x8,2,2,4.279588683431257e-09,0.997816801071167,0.0021831660997122526,4558.529609242353,4213.793394662404,37502.10350501537,40165.25785599718,1756.7696191399643
648,2,Case2,8x8_049,-37.0,22.0,8x8,3,3,9.579311210927699e-08,2.7974632757832296e-05,0.999971866607666,6208.863158682437,6391.135303157482,30293.77769047022,31995.014664534163,1334.7134437976033
650,3,Case2,8x8_051,28.0,57.0,8x8,2,2,3.62063090619813e-08,0.9999988079071045,1.1663939858408412e-06,6018.571641259708,5935.0962627724275,27904.60384941101,28293.199273503775,662.1559711607306
652,5,Case2,8x8_053,3.0,87.0,8x8,2,2,2.7497652155261676e-08,0.9982764720916748,0.0017235638806596398,3942.823764947161,3798.7322662416827,35353.96211016178,38918.64272462238,2458.276338853692
653,2,Case2,8x8_054,-17.0,-44.0,8x8,3,3,4.969314204572584e-07,0.49377119541168213,0.5062283873558044,5905.0899975511975,5378.062250546969,33258.70744085312,34691.13643432386,1201.3000701102721
654,3,Case2,8x8_055,44.0,-49.0,8x8,2,2,0.016847310587763786,0.9829630851745605,0.00018962346075568348,7440.495367717857,6959.933359267702,16578.16547393799,16511.32228687941,129.92941875857866
656,4,Case2,8x8_057,2.0,74.0,8x8,2,2,2.815324506855177e-08,0.9976735711097717,0.002326428424566984,4350.277696932785,3988.786531750854,36973.16035848856,39517.10631316009,1754.8223840449089
657,1,Case2,8x8_058,82.0,19.0,8x8,2,2,2.5344730758547485e-08,0.999852180480957,0.0001477681362302974,4487.650842235879,4419.049465406362,33876.2078820467,35215.36985044458,1048.5071447043308
658,1,Case2,8x8_059,14.0,3.0,8x8,3,3,4.1442486775622456e-08,5.746144324803026e-07,0.9999994039535522,4906.824952087089,5022.447147228266,37089.773693323135,39415.25364303334,1774.5923290015905
659,2,Case2,8x8_060,44.0,-84.0,8x8,2,2,8.725492648409272e-07,0.9999984502792358,6.687426434837107e-07,5283.659746593987,5844.411486968167,19635.722774408758,21205.579859914127,1260.9190936574407
660,3,Case2,8x8_061,0.0,-52.0,8x8,2,3,2.9606832541162476e-08,0.034873463213443756,0.9651265740394592,5259.973044863009,5162.801598504268,38367.783672362566,39507.218359800754,1050.004925547637
661,5,Case2,8x8_062,33.0,26.0,8x8,3,3,1.6934755819875136e-07,5.999808308843058e-06,0.9999939203262329,6532.661567326767,6428.406921089543,28441.357414364815,31317.285123649533,2044.6877537875137
662,5,Case2,8x8_063,-75.0,38.0,8x8,2,2,7.970930937517551e-08,0.9999997615814209,1.3834167589266144e-07,5537.1589121300185,5526.929133959926,23048.0099688638,24383.532096284784,1020.4228851101767
663,5,Case2,8x8_064,-20.0,55.0,8x8,2,2,5.54146817322021e-09,0.9999933242797852,6.670579750789329e-06,5775.144279548085,5766.2823455163725,32996.0493812561,33084.285074947074,692.8830383066564
664,3,Case2,8x8_065,72.0,31.0,8x8,2,2,1.1519170506346654e-08,0.9999998807907104,1.3492105210843874e-07,5389.078711684597,5371.580312091266,27536.328324705362,28098.08262297589,642.5448822446814
665,3,Case2,8x8_066,75.0,72.0,8x8,1,2,0.3754454553127289,0.6244415044784546,0.00011304370127618313,3802.546065363662,3577.4950409449093,9643.413997650146,8196.333582008403,960.4402784373306
666,5,Case2,8x8_067,-83.0,68.0,8x8,1,1,0.9808783531188965,0.019083909690380096,3.7793510273331776e-05,3750.04629067731,3019.4245982780712,9936.019680023193,8158.628860727946,1191.688709485192
667,3,Case2,8x8_068,-26.0,-1.0,8x8,3,3,9.697393110741359e-09,4.055244460232643e-07,0.9999996423721313,5356.440229584633,5320.912718768206,37865.28695487976,37262.149375860885,429.629982200944
668,3,Case2,8x8_069,-36.0,57.0,8x8,2,2,3.3419714782212395e-06,0.9999961853027344,4.313255885790568e-07,6497.168688060765,6313.806834549003,21922.345466136932,22259.077437360676,313.28536883679016
670,2,Case2,8x8_071,-45.0,-29.0,8x8,2,2,6.583374556612398e-07,0.9999876022338867,1.1710190847225022e-05,6507.381217383448,6487.626137343771,25303.228077843785,24718.600657911935,471.29998214458044
671,5,Case2,8x8_072,-29.0,13.0,8x8,3,3,4.7832848792950244e-09,1.507714131321336e-08,1.0,5641.422264894557,5505.136965786275,35792.98946237564,36872.47130816109,895.4837692596714
672,4,Case2,8x8_073,-22.0,46.0,8x8,2,2,4.4724006897922663e-07,0.8922001123428345,0.1077994778752327,6113.025656201765,5643.165264228746,30533.361122369766,31854.295723775253,1107.6509965039722
673,2,Case2,8x8_074,-1.0,-8.0,8x8,3,3,2.8448612354736724e-08,4.422746542331879e-07,0.9999995231628418,4850.751189382047,4773.684948868122,35382.07883429527,38278.932603184905,1877.4758948959177
675,4,Case2,8x8_076,50.0,5.0,8x8,3,2,2.971422361497389e-07,0.7399007081985474,0.26009902358055115,5394.339911148387,5183.197695764379,37859.73669099808,38205.332627775686,739.5560093617661
676,1,Case2,8x8_077,-64.0,20.0,8x8,2,2,3.2795062221424587e-09,0.9999876022338867,1.2431029972503893e-05,5384.563257292823,5087.184275202724,33865.034314394,34059.6779416783,349.1722344156808
677,2,Case2,8x8_078,29.0,-79.0,8x8,2,2,9.382401344737445e-08,0.9999786615371704,2.119660348398611e-05,5034.99062742488,5244.701485823984,29295.532186090946,30435.447223052055,1149.7693914195704
679,1,Case2,8x8_080,-53.0,-64.0,8x8,1,1,0.9986948370933533,0.0013044348452240229,7.193059445853578e-07,6613.877621257254,6738.395261753003,13697.001308441162,12461.479399364329,844.7186378394604
681,1,Case2,8x8_082,85.0,48.0,8x8,2,2,5.974148734821938e-06,0.9999939203262329,1.5191425006833015e-07,5285.769770789521,5100.989012873083,17284.60784780979,17867.048383868067,492.25773829625035
682,3,Case2,8x8_083,-12.0,85.0,8x8,2,2,9.600170436385724e-09,0.9998301267623901,0.0001698730484349653,4206.4510157485765,4013.531239271059,34892.74000066519,36990.75435631146,1385.7630815192756
683,5,Case2,8x8_084,77.0,-48.0,8x8,2,2,0.002928433706983924,0.9970699548721313,1.5467400089619332e-06,5623.399988696108,5793.477662318608,16979.304655075073,15697.03705912074,783.6413308915131
685,2,Case2,8x8_086,-41.0,-54.0,8x8,2,2,0.0009130770922638476,0.9990861415863037,7.89333455486485e-07,6843.916456755203,6802.211179527187,18027.426204681396,17786.01550640712,218.20426684678472
686,1,Case2,8x8_087,-38.0,89.0,8x8,2,2,9.766444541980945e-09,0.9999997615814209,2.3415272210058902e-07,5039.277022834803,4910.829570619866,23497.21431159973,25393.429977159558,1481.5318432265128
687,1,Case2,8x8_088,23.0,33.0,8x8,3,3,1.480609483905937e-07,3.0068633350310847e-05,0.9999698400497437,6272.23600342667,6024.278127347982,30280.643073141575,33817.8811949156,2664.086801466897
688,1,Case2,8x8_089,18.0,-35.0,8x8,3,3,8.952759422697909e-09,5.408417109720176e-07,0.9999994039535522,5926.064896432755,6075.145086402245,32857.00304399384,35155.854651350135,1764.9954393974674
689,5,Case2,8x8_090,-65.0,24.0,8x8,2,2,1.0880839340643433e-08,0.9999992847442627,7.557587764495111e-07,5520.705433430067,5499.662936547307,31675.055410385132,32308.708664056194,551.9809356815317
692,1,Case2,8x8_093,-70.0,-78.0,8x8,2,2,0.009470139630138874,0.9902347326278687,0.00029514802736230195,3789.3880033345195,3057.875763305725,9741.074425697327,7952.71756846207,1221.1921785987088
693,1,Case2,8x8_094,73.0,-55.0,8x8,1,1,0.9884345531463623,0.011560252867639065,5.130119006935274e-06,5910.468465200709,5842.595972690859,13649.615936279297,11965.468798390611,1173.5355322616763
695,4,Case2,8x8_096,84.0,-52.0,8x8,2,1,0.5092719197273254,0.4906176030635834,0.00011047213047277182,5332.55559180839,5104.81210732468,15335.855710029602,12980.480842985053,1636.617017245442
696,5,Case2,8x8_097,-46.0,-23.0,8x8,2,2,2.79377189826846e-07,0.9968644976615906,0.003135215025395155,6085.6091043387,5827.821447705937,29807.37343931198,28831.202831023526,718.8440559587116
697,1,Case2,8x8_098,-1.0,36.0,8x8,3,3,3.067979870152726e-09,3.0504095320793567e-06,0.9999969005584717,5552.336691623226,5289.940959107953,37612.23062610626,39791.94048337815,1758.8369795662923
698,5,Case2,8x8_099,90.0,40.0,8x8,2,2,8.019316766194606e-08,0.9999996423721313,2.428235745810525e-07,5091.160057513779,5130.57730565835,22187.8688814044,23847.8663518424,1243.4743453938895
699,5,Case2,8x8_100,69.0,62.0,8x8,1,1,0.8773688673973083,0.12262613326311111,5.026793587603606e-06,5563.375616949014,5200.750737649531,11185.927089691162,10322.435656049567,611.9325878910585
701,2,Case2,8x8_102,76.0,-24.0,8x8,2,2,3.9952062991233106e-08,0.9999560117721558,4.3891926907235757e-05,4976.262058518107,4745.392136520545,32142.42240768671,33004.63920056577,855.4332639549168
702,2,Case2,8x8_103,66.0,14.0,8x8,2,2,9.319803950802452e-08,0.9993577599525452,0.0006421071593649685,5046.599201298715,4897.209937144525,36263.981833308935,35178.624003533645,772.9202666695616
703,5,Case2,8x8_104,83.0,3.0,8x8,3,3,2.8729660428439274e-08,0.0025643641129136086,0.9974356293678284,3938.8282870176163,3917.21756374222,35530.58465951681,39031.23435917272,2493.820946927331
704,3,Case2,8x8_105,89.0,-77.0,8x8,1,1,0.9999655485153198,3.509236194076948e-06,3.0953473469708115e-05,2785.0264685963316,2485.955165949398,8766.776408046484,7299.858944893445,936.4321370516788
705,4,Case2,8x8_106,-12.0,43.0,8x8,3,3,1.2520449566011393e-08,0.00020089169265702367,0.9997990727424622,5756.247257568508,5471.40140747014,35672.294162750244,36523.04859402905,888.4139505743825
706,3,Case2,8x8_107,69.0,8.0,8x8,2,2,1.0481931411732148e-07,0.5463965535163879,0.4536033272743225,4574.056619399754,4454.66268322796,37459.932500094175,39068.85486216221,1352.975225081022
707,1,Case2,8x8_108,46.0,-72.0,8x8,2,2,2.827602202160051e-06,0.9999958276748657,1.3310691429069266e-06,5896.19037767833,5684.217664452344,17644.952902793884,17927.67472287653,288.8167058870089
708,5,Case2,8x8_109,-69.0,17.0,8x8,2,2,1.486465883715482e-08,0.9999134540557861,8.652819087728858e-05,4923.408038451381,4854.779434498682,35373.86673023552,36247.95699654389,971.7570933890681
713,5,Case2,8x8_114,-35.0,-78.0,8x8,2,2,1.200095312015037e-08,0.9999995231628418,4.0819503510647337e-07,5223.919037000131,5262.3375333079985,25189.569352686405,26908.37049374423,1347.533643366321
714,4,Case2,8x8_115,22.0,74.0,8x8,2,2,2.0986179904980418e-08,0.9999958276748657,4.152158453507582e-06,4967.663079130816,4797.70157203449,33181.78823673725,32703.202945457633,275.943524424871
715,5,Case2,8x8_116,12.0,-85.0,8x8,2,3,2.3438022367372469e-07,0.43512213230133057,0.5648776888847351,4201.568511421046,3961.0889719981365,34983.37243539095,38589.0048323113,2556.998261957791
716,5,Case2,8x8_117,-87.0,33.0,8x8,2,2,3.88266983009089e-08,0.9999978542327881,2.1390815163613297e-06,4882.6421052346805,5139.966916025838,26768.121022820473,28542.127662209794,1414.6225993886142
717,1,Case2,8x8_118,54.0,-88.0,8x8,2,2,0.030524779111146927,0.9694017171859741,7.356947025982663e-05,5230.0459479491665,5419.932753828045,14539.802382469177,14376.064457467826,161.8650237598621
719,4,Case2,8x8_120,-58.0,-26.0,8x8,2,2,1.1480210559966508e-07,0.9999978542327881,2.0615084395103622e-06,5885.4709148117345,5651.706248028724,29511.036410331726,27581.40173956887,1372.6973681475617
720,4,Case2,8x8_121,-50.0,14.0,8x8,2,2,6.971380628328916e-08,0.9987791180610657,0.0012208166299387813,5679.41895745901,5125.614652066344,35477.039702415466,36401.7075657894,837.3887151733045
721,2,Case2,8x8_122,20.0,-73.0,8x8,2,2,1.3737913207023666e-07,0.9993359446525574,0.0006639272323809564,4927.547212368724,4653.042231540767,34092.05478069186,34221.89944135059,592.5237879608599
722,1,Case2,8x8_123,76.0,4.0,8x8,3,3,5.4345054678606175e-08,0.07336363941431046,0.9266363382339478,4315.493301056991,4040.899943007329,36390.36985719204,39436.115263785476,2038.3048335215992
723,1,Case2,8x8_124,42.0,-66.0,8x8,2,2,1.7556736509050097e-07,0.9999995231628418,3.584998182759591e-07,6158.471279575665,5859.053784433209,19311.95697402954,20406.665546700977,787.5647682750202
724,2,Case2,8x8_125,-3.0,72.0,8x8,2,2,4.9801965218421174e-08,0.9995488524436951,0.0004510663275141269,4337.723015412987,4159.226858488473,37287.32832241058,38836.01896140868,1189.0332678491488
725,3,Case2,8x8_126,-8.0,18.0,8x8,3,3,3.560790418077886e-08,5.168880647943297e-07,0.9999995231628418,5401.476436129227,4902.090385971874,37624.45603515208,38380.778387620216,908.0641843206715
726,2,Case2,8x8_127,-66.0,77.0,8x8,2,1,0.9948474168777466,0.005148907192051411,3.692123982546036e-06,4341.862375597012,3639.218125421121,10389.69221496582,8094.224845699626,1558.6723751861427
727,5,Case2,8x8_128,59.0,-70.0,8x8,1,1,0.9999512434005737,4.7930800064932555e-05,8.063734071583895e-07,6146.200806157948,5707.505821069171,12463.085901260376,11457.564978392778,695.7769163697595
728,4,Case2,8x8_129,24.0,11.0,8x8,3,3,2.937188448015604e-08,4.521371863575041e-07,0.9999995231628418,5616.151698089326,5369.562640700824,36719.135029792786,37354.95542134372,834.3442731707543
733,4,Case2,8x8_134,-56.0,37.0,8x8,2,2,9.13440999283921e-06,0.999990701675415,1.217515404050573e-07,6595.143052200749,6674.620165905057,21017.621990203857,22132.157297282847,689.0656728449533
735,2,Case2,8x8_136,8.0,-68.0,8x8,2,2,5.697223173228849e-07,0.754026472568512,0.24597294628620148,4753.636747515623,4077.4198362794123,37726.24022564292,37581.21687851671,561.5600237016632
736,4,Case2,8x8_137,68.0,53.0,8x8,2,1,0.6124646663665771,0.387527734041214,7.5202674452157225e-06,6255.139627078279,5849.558901914196,13950.363624572754,13113.580304203257,576.2699196984248
737,1,Case2,8x8_138,-28.0,-75.0,8x8,2,2,6.659286011512222e-09,0.9999921321868896,7.843806997698266e-06,5135.269359186797,4825.475751170655,29637.61697164178,29571.901110912393,158.8682444149953
739,2,Case2,8x8_140,1.0,-3.0,8x8,3,3,3.602234599497933e-08,4.669061866025004e-07,0.9999995231628418,4583.033747370783,4785.36819012928,34734.89978814125,38145.2690903545,2238.082497380266
740,2,Case2,8x8_141,79.0,49.0,8x8,2,2,5.6925113312900066e-05,0.9999428987503052,2.315184417511773e-07,5501.998946384676,5327.414482600289,16511.2956533432,16186.057400840986,241.5012513284632
741,5,Case2,8x8_142,56.0,10.0,8x8,2,2,1.495155999009512e-07,0.9402475953102112,0.059752218425273895,5381.495172553362,4933.782523122154,37190.55562019348,38373.82651927197,1110.562176626087
743,1,Case2,8x8_144,-86.0,-39.0,8x8,2,2,5.124026358771516e-08,0.9999934434890747,6.504905286419671e-06,5092.526461682307,4749.2440806151835,22895.517724335194,23158.599347913016,343.143436007225
744,1,Case2,8x8_145,29.0,32.0,8x8,3,3,1.6925092495512217e-05,0.0015771507751196623,0.9984059929847717,6818.973927286509,6280.970018104001,27355.92408055067,28466.321654797215,827.1254834317118
745,5,Case2,8x8_146,-41.0,-28.0,8x8,2,2,2.099402308886056e-06,0.9958263039588928,0.004171562381088734,6498.918056289,6316.354337313779,25928.754863858223,25601.340897007838,401.5501326975926
746,5,Case2,8x8_147,47.0,23.0,8x8,2,2,9.014669899443106e-07,0.9786321520805359,0.02136692963540554,6087.938731672308,5655.822354003143,29821.611676692963,31669.995418719576,1412.9456593895502
748,5,Case2,8x8_149,24.0,-59.0,8x8,2,2,8.991044353479083e-09,0.9999960660934448,3.9190458664961625e-06,5826.785428118063,5674.755896254519,31029.711255550385,32220.905987131733,803.7132800993953
750,3,Case2,8x8_151,-66.0,-82.0,8x8,2,2,0.00022723466099705547,0.9996939897537231,7.878629548940808e-05,4022.8190443347034,4191.902286148671,10307.866649627686,10722.737573683295,324.9527380261158
751,3,Case2,8x8_152,-23.0,-66.0,8x8,2,2,8.476757962228021e-09,0.9999902248382568,9.709550795378163e-06,5334.59699260307,5223.989626600273,32177.71460850537,32940.57568587103,645.6293767581706
752,5,Case2,8x8_153,50.0,-62.0,8x8,2,1,0.8466689586639404,0.15332889556884766,2.1343671505746897e-06,6768.342423421428,6662.389291057212,14634.828567504883,13665.73889444335,599.9138840638466
753,4,Case2,8x8_154,-65.0,-65.0,8x8,1,1,0.997611403465271,0.0023860486689954996,2.4529990696464665e-06,5429.065308218205,5039.634713981868,10990.738075256348,9510.94717051485,1012.4532355331378
754,1,Case2,8x8_155,11.0,-32.0,8x8,3,3,3.878982024474453e-09,1.8977425497723743e-07,0.9999997615814209,5750.285051577952,5443.827346158278,36046.03637123108,37905.2045221987,1614.9045422012707
755,1,Case2,8x8_156,70.0,-86.0,8x8,1,1,0.9999927282333374,4.393694325699471e-06,2.807609916999354e-06,3437.6711552698616,3351.826417723395,9605.29425239563,8486.16861002158,758.7279061781562
756,4,Case2,8x8_157,78.0,-26.0,8x8,2,2,6.374246197538014e-08,0.9999635219573975,3.6397395888343453e-05,4937.500485691486,4781.801573103093,31060.8826649338,30138.552197148412,579.8488726027047
757,2,Case2,8x8_158,17.0,-43.0,8x8,3,3,2.4566651291024755e-07,0.010771438479423523,0.989228367805481,5939.211483448766,5424.312862572392,33350.76573371887,33588.11924807986,582.4564939456642
758,4,Case2,8x8_159,-9.0,-4.0,8x8,3,3,4.8543476793838636e-08,1.0072203622257803e-06,0.9999990463256836,4796.946624828062,4400.9960899958405,35940.06597208977,37954.99719420156,1174.3078528904282
759,4,Case2,8x8_160,47.0,-13.0,8x8,3,3,1.3862438663636567e-07,0.057278480380773544,0.9427214860916138,5687.811471804471,5718.45156308014,35577.09013080597,35881.20953637614,687.1650431676804
760,4,Case2,8x8_161,-43.0,-45.0,8x8,2,2,0.2106233537197113,0.7893480062484741,2.8684116841759533e-05,7538.363805832825,7438.067981342643,17466.801191329956,18426.817457863533,602.6038457495855
762,2,Case2,8x8_163,-84.0,28.0,8x8,2,2,6.651868034168729e-08,0.9999662637710571,3.3646614610916004e-05,4804.713776061654,4665.345873855696,29832.969073683023,30912.80791902692,1000.5218037826696
763,3,Case2,8x8_164,-16.0,-5.0,8x8,3,3,1.8211695262948524e-08,4.516424780831585e-07,0.9999995231628418,5070.676512261307,5092.219374037724,37544.52068141103,37866.48162154775,417.20855765794005
765,1,Case2,8x8_166,-61.0,-3.0,8x8,2,2,2.620518912976877e-08,0.8432121872901917,0.15678779780864716,4946.219657772605,4551.721411445986,38689.37281256914,39120.50132569207,538.9077158623116
768,2,Case2,8x8_169,58.0,-70.0,8x8,1,1,0.9999033212661743,9.652901644585654e-05,1.5617685278357385e-07,6148.203607929557,5760.6180355404995,12679.144262313843,10669.194693125733,1361.164146592817
769,1,Case2,8x8_170,-35.0,-50.0,8x8,2,2,9.226286579178122e-07,0.9999980926513672,9.454905125494406e-07,6725.129138554492,6561.578141178374,21400.226607322693,22154.720234272296,514.797310406289
770,3,Case2,8x8_171,-6.0,-18.0,8x8,3,3,1.473315602851244e-08,3.824948464625777e-07,0.9999996423721313,5181.711601922757,5211.791763945434,37443.27423483133,37629.312235412566,282.7531875635508
771,1,Case2,8x8_172,-68.0,5.0,8x8,2,3,4.429039179854044e-08,0.21511128544807434,0.7848886847496033,4678.2550882518635,4112.4194893665535,38070.420483112335,39282.18244814015,1158.4549519980815
772,4,Case2,8x8_173,82.0,-55.0,8x8,1,1,0.9863145351409912,0.013655761256814003,2.9739227102254517e-05,5395.142350876158,4864.11798692973,14039.932744979858,11679.760747557024,1665.773482738155
775,4,Case2,8x8_176,-36.0,30.0,8x8,3,3,1.4106863091001287e-05,0.025584036484360695,0.9744018316268921,6826.949939587022,6570.168384168157,25479.800248861313,26965.562693832042,1130.2853794227474
776,2,Case2,8x8_177,25.0,-81.0,8x8,2,2,1.570271876971674e-07,0.9997705817222595,0.00022925165831111372,4748.69536107594,4750.608118530276,31598.31382536888,32285.832417542795,839.093778112129
777,4,Case2,8x8_178,27.0,63.0,8x8,2,2,5.463104102432226e-08,0.9999945163726807,5.409734512795694e-06,5749.7652321896885,5363.266952589007,29522.46343421936,30147.79763784937,425.4600197850925
779,5,Case2,8x8_180,-14.0,88.0,8x8,2,2,1.5361072414066257e-08,0.9999570846557617,4.28940293204505e-05,4084.422420677272,4034.155048637283,34468.06954887509,36638.08458612607,1505.1676155089167
782,3,Case2,8x8_183,37.0,63.0,8x8,2,2,2.4908649720600806e-07,0.9999996423721313,7.375168564749401e-08,6161.853144610753,6123.688810940974,22246.27665233612,22505.862899033018,620.0768457002497
784,5,Case2,8x8_185,-18.0,49.0,8x8,2,2,5.737952335493901e-08,0.9968538880348206,0.003146049566566944,5804.1197308932815,5597.069508866739,33387.21392726898,34394.533057889625,1076.7942179096992
786,4,Case2,8x8_187,-47.0,-37.0,8x8,2,2,0.0002694922441150993,0.9997256398200989,4.79726850244333e-06,6992.555135084752,6901.9077073943745,19900.39458179474,21077.28419880242,776.5531844184513
788,3,Case2,8x8_189,34.0,0.0,8x8,3,3,9.045308502209082e-09,5.866242531737953e-07,0.9999994039535522,5492.604699156051,5321.129839858337,37504.0495223999,37099.77305115194,456.3611688158105
789,3,Case2,8x8_190,-80.0,40.0,8x8,2,2,6.577766953341779e-08,0.9999998807907104,6.626663662245846e-08,5346.784173342428,5214.231141536513,22004.405047938228,23990.11091367367,1493.2910578129993
790,4,Case2,8x8_191,-75.0,6.0,8x8,3,2,2.000194712081793e-07,0.5429859757423401,0.4570138156414032,4266.773991404063,3949.842161701752,36656.227723002434,40649.14381456167,2860.397838231731
792,3,Case2,8x8_193,48.0,41.0,8x8,2,2,0.055269546806812286,0.9447014927864075,2.9026939955656417e-05,7200.12163879943,7106.44914878965,17741.437240600586,17828.986265655047,373.4184006190633
793,5,Case2,8x8_194,-11.0,-16.0,8x8,3,3,5.510801148744804e-09,6.71790800765848e-09,1.0,5417.307489245084,4987.128310695516,37159.8088978529,38096.96837413528,1025.0179855816991
794,4,Case2,8x8_195,12.0,71.0,8x8,2,2,1.4841603501736245e-08,0.9999290704727173,7.085346442181617e-05,4718.298943371894,4419.774083883968,36873.198213756084,36874.7916884399,369.41171267449835
795,3,Case2,8x8_196,-32.0,84.0,8x8,2,2,2.081397099118476e-08,0.9999997615814209,1.9377614535187604e-07,4952.792517887152,5008.890496026419,27396.95561477542,27404.049923387356,182.57838333749743
796,4,Case2,8x8_197,-80.0,-38.0,8x8,2,2,6.795403351134155e-08,0.9999983310699463,1.587207407283131e-06,5289.3378367958985,5008.2607899135,23381.720662742853,23325.492315122152,250.17998804614402
797,1,Case2,8x8_198,-82.0,-53.0,8x8,2,2,0.00020468700677156448,0.9997897744178772,5.582561698247446e-06,5385.412148727857,4781.478989149564,14841.068548202515,13259.922036735145,1075.202560410624
798,1,Case2,8x8_199,-45.0,82.0,8x8,2,2,1.181756346113616e-07,0.9999997615814209,1.6757536513978266e-07,5346.120273478756,5103.033384109271,18932.121433116496,18899.92615554828,182.95375229367525
799,4,Case2,8x8_200,88.0,-42.0,8x8,2,2,1.0392065632913727e-05,0.9999868869781494,2.7161363505001646e-06,5134.166864507925,5436.20891567283,20968.080992087722,19530.11819277348,930.9458676749707
800,5,Case2,8x8_201,-73.0,-27.0,8x8,2,2,7.3367805164537e-09,0.9999982118606567,1.7652520227784407e-06,5167.878011208202,5109.489211093527,30363.917664296925,30765.478624256542,409.5086851821928
801,2,Case2,8x8_202,-24.0,-76.0,8x8,2,2,1.6439978267612787e-08,0.9999922513961792,7.736863153695595e-06,4826.767305134777,4728.9595740527575,31947.085749991238,32218.93423342666,476.4676427040394
802,4,Case2,8x8_203,33.0,58.0,8x8,2,2,4.160552293797082e-07,0.9999969005584717,2.7039543510909425e-06,6246.365760754372,6057.240622756378,24316.21920824051,25594.372606685727,869.0075540357009
803,5,Case2,8x8_204,27.0,-22.0,8x8,3,3,1.1562669044451468e-08,1.8921578970321207e-08,1.0,6231.774253439833,5951.187774636354,32651.950382232666,35419.75308441098,2090.640368648191
804,5,Case2,8x8_205,-58.0,-50.0,8x8,1,1,0.9232631325721741,0.07673599570989609,8.98279836292204e-07,7065.8323047382955,7061.663256769185,14388.943138122559,14227.39205417756,165.22597278452778
805,1,Case2,8x8_206,4.0,90.0,8x8,2,2,1.2118201553334984e-08,0.9990166425704956,0.0009833585936576128,3933.8161724117786,3928.971240971096,35249.76002073288,38283.6373467396,2010.7965148650433
806,4,Case2,8x8_207,19.0,-83.0,8x8,2,2,7.549985525656666e-08,0.9920594692230225,0.007940433919429779,4491.919844502155,4142.428829984994,34016.33739697933,35965.227715613306,1562.05655228936
807,4,Case2,8x8_208,-87.0,47.0,8x8,2,2,1.1312226888549048e-05,0.9999877214431763,1.011918925541977e-06,5244.941132193344,5294.717450209695,17897.08074721694,17413.176650004163,368.4043815851971
808,3,Case2,8x8_209,58.0,-69.0,8x8,1,1,0.9994248151779175,0.0005734707810916007,1.8465922266841517e-06,6242.224416117302,5713.554595840836,12657.035480499268,10945.019136914325,1184.3104507992598
809,3,Case2,8x8_210,-10.0,23.0,8x8,3,3,2.7487120135560872e-08,4.2457554627617355e-07,0.9999995231628418,5571.4009166578835,5072.589633613826,37256.043420791626,37857.004557523695,730.5435469988463
810,4,Case2,8x8_211,55.0,-59.0,8x8,1,1,0.9924348592758179,0.007562663871794939,2.474953134878888e-06,7210.855872175987,7234.669793907973,13308.920768737793,12867.851660484173,331.7576950538002
811,2,Case2,8x8_212,-63.0,54.0,8x8,1,1,0.9987951517105103,0.0012047516647726297,1.3739138182700117e-07,6774.947155644791,6357.646099008671,13464.391128540039,11841.309452874817,1069.8364097874794
812,3,Case2,8x8_213,67.0,-42.0,8x8,2,2,1.4618219665862853e-06,0.9999983310699463,1.8176496041633072e-07,6107.847737616461,5566.564176029477,19459.06462287903,18752.54317705363,581.5051844776397
813,2,Case2,8x8_214,63.0,-14.0,8x8,2,2,9.921969734705272e-08,0.9973918199539185,0.002608107402920723,5195.729615681295,4993.743790187245,36393.384598106146,36337.88999614485,320.2547513396998
814,4,Case2,8x8_215,9.0,13.0,8x8,3,3,5.404281466780958e-08,1.1338128160787164e-06,0.9999988079071045,5117.8334161280845,4816.444962349259,37294.78675761819,38060.87238721519,908.1527818680598
815,1,Case2,8x8_216,-10.0,59.0,8x8,2,2,6.4519238840432536e-09,0.9991699457168579,0.0008300169138237834,5197.570871757705,4810.662076741814,37533.556243523955,38398.39600463304,648.1172664733837
816,2,Case2,8x8_217,21.0,56.0,8x8,2,2,3.0540164175363316e-08,0.9999951124191284,4.868516043643467e-06,5735.005923478187,5610.13155583239,32518.60441303253,31388.355991412816,844.7553854043515
817,4,Case2,8x8_218,5.0,-15.0,8x8,3,3,3.146938709619462e-08,6.502844485112291e-07,0.9999994039535522,5131.844732610055,4446.029636246413,37356.58763337135,38094.86722429741,747.0048795737791
818,5,Case2,8x8_219,-7.0,65.0,8x8,2,2,1.1113181486166468e-08,0.9998075366020203,0.00019249327306170017,4805.229795473385,4621.483802242069,38161.024693235755,38637.87078134638,937.6959824945557
819,2,Case2,8x8_220,14.0,-23.0,8x8,3,3,1.877013566797814e-08,1.9252190952556703e-07,0.9999997615814209,5664.5335329217605,5196.868058095692,36432.721095085144,37156.795388802,876.5079980993189
820,4,Case2,8x8_221,74.0,-56.0,8x8,1,1,0.9985582232475281,0.0014366524992510676,5.105749096401269e-06,5848.237395568851,5298.92223400301,13376.278881072998,11378.34906207765,1418.3473806624847
821,1,Case2,8x8_222,7.0,-80.0,8x8,3,2,1.1538497091123645e-07,0.5449619293212891,0.4550379514694214,4052.762693543157,4009.745383924037,35826.07738685608,38408.62607965368,1803.3737631808688
823,5,Case2,8x8_224,-4.0,-43.0,8x8,3,3,8.023087083586233e-09,0.0006873478996567428,0.9993126392364502,5455.9394697980915,5063.461180107494,37504.490572452545,38623.74213456538,1218.893096344848
824,5,Case2,8x8_225,2.0,-73.0,8x8,3,2,1.4150690219594253e-07,0.7485772967338562,0.25142261385917664,4345.573584861094,4021.770095546296,36981.247066020966,40193.7397800031,2225.837161002276
825,1,Case2,8x8_226,-42.0,80.0,8x8,2,2,4.406359721542685e-08,0.9999997615814209,1.533803413167334e-07,5336.888988663229,5098.765481205604,20701.8272177428,21138.174718758026,455.5509072357545
826,4,Case2,8x8_227,-42.0,-6.0,8x8,3,3,1.736815136155201e-08,0.0003186195099260658,0.9996813535690308,5608.435714844567,5193.295047834437,37270.40453052521,37753.65707615805,843.41642040531
827,2,Case2,8x8_228,60.0,-31.0,8x8,2,2,8.064330359047744e-08,0.9999990463256836,8.867571068549296e-07,6062.275072882737,5847.826481996473,26210.081033706665,25429.347239369137,513.0041370732044
829,3,Case2,8x8_230,-44.0,-30.0,8x8,2,2,9.1632415433196e-07,0.9999926090240479,6.4165833464358e-06,6612.614734192014,6302.287814170859,24512.59848034382,25563.348572187442,809.6157457626787
830,4,Case2,8x8_231,-69.0,24.0,8x8,2,2,2.1157266161253574e-08,0.9999994039535522,5.754606036134646e-07,5239.257142425076,5164.026462637003,31939.60465206206,33415.536131612644,1127.1003059085276
831,2,Case2,8x8_232,-8.0,-27.0,8x8,3,3,1.1190237181324392e-08,3.3846987435026676e-07,0.9999996423721313,5477.599797969108,5217.813238214652,37003.61751937866,37597.09806727033,639.1262936732537
832,5,Case2,8x8_233,61.0,-20.0,8x8,2,2,7.130664503307571e-09,0.9999963045120239,3.67644634025055e-06,5462.180381851,5551.733399998312,33637.87969493866,34332.43742933993,784.750545483413
834,4,Case2,8x8_235,-62.0,7.0,8x8,2,2,2.73032245701188e-08,0.9988645315170288,0.0011354656890034676,5004.80052799166,4741.4578050171895,38217.27147808671,39042.909317689984,862.8986417712272
835,5,Case2,8x8_236,16.0,-57.0,8x8,2,2,9.73198233111816e-09,0.9999171495437622,8.281551708932966e-05,5569.803563339273,5262.495970842308,35257.4640455246,36369.13948082329,982.8754532063449
836,5,Case2,8x8_237,-32.0,66.0,8x8,2,2,8.382734506540146e-09,1.0,3.542995230532142e-08,5802.5472492833,5807.618123180937,26361.88226735592,25569.689659637515,583.8189058609681
837,1,Case2,8x8_238,64.0,-22.0,8x8,2,2,1.5016288656966026e-08,0.9999725818634033,2.744893754424993e-05,5470.848334585136,5235.28853360751,32780.91653442383,32950.5418772559,315.95874594664355
839,1,Case2,8x8_240,53.0,26.0,8x8,2,2,4.3704346808226546e-08,0.9999977350234985,2.2744964098819764e-06,6081.371542335929,5760.6623373874845,28581.85866546631,27839.221180283123,695.5781178212113
840,3,Case2,8x8_241,13.0,6.0,8x8,3,3,4.739583658874835e-08,5.672515044352622e-07,0.9999994039535522,4908.210612346571,4923.581614801826,36995.55731958151,38530.30734176151,1252.4354379431197
841,4,Case2,8x8_242,-31.0,60.0,8x8,2,2,2.8079067959652093e-08,0.9999992847442627,6.299467827375338e-07,6069.184247772142,6017.907787390716,26199.32058906555,26826.70411347335,440.55347956338477
843,2,Case2,8x8_244,85.0,-58.0,8x8,1,1,0.9991362690925598,0.0008607159252278507,3.135012548227678e-06,5270.727817794313,4043.5066539551985,13071.809690475464,9714.683186788534,2317.8088663442472
845,1,Case2,8x8_246,60.0,61.0,8x8,1,1,0.9989527463912964,0.0010471465066075325,1.6869820740339492e-07,6460.911454329404,5978.507355657503,11875.910682678223,10426.302140247954,1098.977051752797
846,4,Case2,8x8_247,-83.0,78.0,8x8,1,1,0.9998224377632141,0.0001650161575525999,1.2490587323554792e-05,2875.398207287695,2672.559321240911,8814.845902323723,7379.329195067771,955.8296549692628
847,2,Case2,8x8_248,6.0,27.0,8x8,3,3,3.5016089583450594e-08,5.955730557616334e-07,0.9999994039535522,5352.677503977403,5407.681824218257,37479.155230522156,37885.490951409105,516.6848280979738
849,3,Case2,8x8_250,-47.0,64.0,8x8,2,2,0.004732437897473574,0.995266318321228,1.29629404455045e-06,6511.987736465442,6072.548512787143,16171.526365280151,15378.852546167931,575.827149079693
851,2,Case2,8x8_252,-82.0,-45.0,8x8,2,2,1.067048742697807e-06,0.9999984502792358,4.879932475887472e-07,5347.235964959628,4901.744814193224,18963.709765791893,17217.236374432418,1075.3332889039502
852,1,Case2,8x8_253,56.0,-34.0,8x8,2,2,4.0970878245616404e-08,0.9999983310699463,1.6001351923478069e-06,6435.899569381483,5814.622332700974,23227.199095726013,23630.359825712087,361.35125900020347
853,1,Case2,8x8_254,-75.0,-17.0,8x8,2,2,3.555017613621203e-08,0.9585628509521484,0.041437093168497086,4648.425634762444,4464.091965400742,35244.93027496338,35625.58392991057,433.3438194610697
854,1,Case2,8x8_255,32.0,-60.0,8x8,2,2,8.987672828197901e-09,0.9999985694885254,1.4142534610073199e-06,6098.8301124615955,5684.425578913528,25458.642995357513,26794.238774069137,941.8844626056157
855,4,Case2,8x8_256,-25.0,-11.0,8x8,3,3,2.160140510909514e-08,4.98119959502219e-07,0.9999995231628418,5480.099212185348,5130.934086608288,36806.3732881546,37172.76600583274,528.808196160711
856,3,Case2,8x8_257,65.0,80.0,8x8,2,2,0.002359169302508235,0.9976328611373901,7.899231604824308e-06,4269.205915701089,3980.9660239857208,10520.336594581604,9514.975555718242,691.4391041425013
857,1,Case2,8x8_258,54.0,-18.0,8x8,2,2,4.270062348155079e-08,0.9940885305404663,0.005911433137953281,5688.509143935604,5417.5306570978155,33984.2711391449,35020.07888498659,927.0621299086907
858,2,Case2,8x8_259,-6.0,38.0,8x8,3,3,1.0613150358551593e-08,2.1498019577848027e-06,0.9999978542327881,5641.6804343735685,5391.848592199916,37137.36263179779,38554.441706726095,1246.174366117568
859,3,Case2,8x8_260,-50.0,68.0,8x8,2,2,0.006523075979202986,0.9934753775596619,1.5338573575718328e-06,6250.116898670553,5726.244720618269,15214.128116607666,14378.524046115946,597.0697099267818
860,1,Case2,8x8_261,-14.0,-28.0,8x8,3,3,3.842083984295641e-09,2.3333640797318367e-07,0.9999997615814209,5648.7774726385815,5369.081875846911,35388.06613230705,37058.05086950071,1439.551610920009
861,3,Case2,8x8_262,-57.0,76.0,8x8,2,2,0.0011677875882014632,0.9988308548927307,1.378599222334742e-06,5691.792864079667,4874.690207346798,13153.533916473389,12536.453759165739,462.63286273269665
862,3,Case2,8x8_263,-24.0,2.0,8x8,3,3,1.205859234687523e-08,3.914519481895695e-07,0.9999996423721313,5276.674226366347,5228.520232256828,37902.03987503052,37500.230407012845,243.76221136414478
863,5,Case2,8x8_264,87.0,-65.0,8x8,1,1,0.9999061822891235,3.557968739187345e-05,5.829475776408799e-05,4010.895157254301,3434.1799919944906,10474.230427742004,9416.81516239127,714.6452698723937
864,5,Case2,8x8_265,-25.0,-84.0,8x8,2,2,8.040401233699868e-09,0.9999727010726929,2.7261812647338957e-05,4629.189620661804,4600.2875332260655,31386.048790097237,32654.927152671684,1202.9281474391166
866,2,Case2,8x8_267,-33.0,-46.0,8x8,2,2,1.8248019841848873e-06,0.9999959468841553,2.1713874502893304e-06,6732.529557148156,6585.195079967008,22423.51983821392,21837.892512952367,452.9706360731314
867,3,Case2,8x8_268,-59.0,29.0,8x8,2,2,1.9193470279788016e-07,0.9999995231628418,3.0324272870529967e-07,6044.578385543198,6065.3523332879895,27515.08880853653,27334.51163029089,299.37876971722585
868,2,Case2,8x8_269,-60.0,60.0,8x8,1,1,0.9999947547912598,5.28331111127045e-06,3.489105182552521e-08,6610.578452186133,6802.37349105815,12032.294342041016,11090.329304670999,803.2002208375956
869,2,Case2,8x8_270,10.0,76.0,8x8,2,2,4.4802476395489066e-08,0.9995833039283752,0.00041664374293759465,4299.298116929787,4118.9864182645315,36243.20582532883,37968.15689480846,1313.0733790827235
871,2,Case2,8x8_272,72.0,69.0,8x8,1,1,0.9950984120368958,0.004898776300251484,2.8880558602395467e-06,4330.872447159195,3908.9806116319837,10101.263580322266,8269.047806903032,1239.8890497936393
872,2,Case2,8x8_273,81.0,62.0,8x8,2,2,0.23668110370635986,0.7633031010627747,1.5781344700371847e-05,4766.9648837146815,4001.2268089226814,11179.299845695496,9715.995501584412,970.8382387097836
873,3,Case2,8x8_274,30.0,-25.0,8x8,3,3,5.5301551782349634e-08,4.6998380298646225e-07,0.9999995231628418,6527.149269553911,6062.314646591007,30168.119362175465,31845.548379802523,1171.8531588335225
874,2,Case2,8x8_275,80.0,-20.0,8x8,2,2,4.358139449323062e-07,0.9698407053947449,0.03015889599919319,4528.532751947774,4106.485573450304,33893.871938705444,35712.658643589675,1510.401659879649
875,3,Case2,8x8_276,-88.0,70.0,8x8,1,1,0.9678364396095276,0.032082438468933105,8.114246156765148e-05,3401.720433890821,3117.2987778024453,9566.468822479248,8291.063880575864,825.5714914087528
876,4,Case2,8x8_277,57.0,88.0,8x8,2,2,4.835493655264145e-06,0.9999935626983643,1.5686396181990858e-06,5213.351500878976,4632.48261405346,13423.194843292236,13519.73766454839,174.75963644375994
877,5,Case2,8x8_278,18.0,78.0,8x8,2,2,9.857144434022302e-09,0.9999873638153076,1.2653379599214531e-05,4565.332054262552,4547.426580953661,34721.76327060163,36403.082934778635,1540.66110241173
879,1,Case2,8x8_280,-31.0,-12.0,8x8,3,3,3.5185865332465482e-09,3.9016165942484804e-07,0.9999996423721313,5751.872812914011,5471.374607643786,35815.21242046356,36775.44654077059,924.6329264797822
880,1,Case2,8x8_281,-72.0,-17.0,8x8,2,2,2.273889698756193e-08,0.9901185631752014,0.009881488978862762,4789.082424571645,4562.519139455245,35370.56253147125,35520.57208430543,289.48130705524255
881,3,Case2,8x8_282,25.0,-74.0,8x8,2,2,3.0183564092567394e-08,0.9999954700469971,4.517679826676613e-06,5041.103961943974,5074.953405067225,31564.810569554567,31853.39047417962,403.6818789361903
883,3,Case2,8x8_284,16.0,16.0,8x8,3,3,8.846519961025479e-08,6.011073310219217e-07,0.9999992847442627,14282.37729710516,5242.390161469259,40229.876121520996,37627.40842248374,3680.6995035211935
885,2,Case2,8x8_286,40.0,-87.0,8x8,2,2,1.77331259010316e-07,0.9999988079071045,9.826303539739456e-07,5152.53057311735,5841.644326843687,22247.276424646378,24917.499807288867,2080.279518148759
886,2,Case2,8x8_287,-77.0,22.0,8x8,2,2,9.951332913260558e-08,0.9996302127838135,0.00036970252403989434,4856.326455075598,4651.8236202525695,33078.90349173546,34007.35329589904,927.5370510381449
887,4,Case2,8x8_288,37.0,70.0,8x8,2,2,2.1931951721398946e-07,0.999998927116394,8.180914505828696e-07,5759.037487415036,5493.966975445062,23266.55814179778,23621.145979036053,274.4028221356338
888,5,Case2,8x8_289,-9.0,44.0,8x8,3,3,1.2370614754786402e-08,0.00012857324327342212,0.9998713731765747,5675.419555525276,5201.824062334726,36729.49585914612,37460.89747542007,843.9994026128323
889,5,Case2,8x8_290,20.0,-82.0,8x8,2,2,5.415439474631967e-08,0.9958083629608154,0.004191623535007238,4535.949590047011,4234.749540287296,33789.72718453407,35663.295729161895,1654.7745667060844
890,1,Case2,8x8_291,26.0,5.0,8x8,3,3,1.1891199136471187e-08,2.9052398531348445e-07,0.9999997615814209,5246.189607094539,5310.898954398983,37458.81169509888,39400.34376550677,1634.6743216014595
891,4,Case2,8x8_292,71.0,-88.0,8x8,1,1,0.9999470710754395,1.0500557436898816e-05,4.2487328755669296e-05,3297.8781462083393,2910.257370926711,9447.757047653198,8394.267295508247,760.017197949287
893,4,Case2,8x8_294,-71.0,-57.0,8x8,1,2,0.27883094549179077,0.7211471796035767,2.1887384718866087e-05,6041.466865374043,5236.033415628646,12955.695524215698,10913.26337215251,1357.7795472454245
894,3,Case2,8x8_295,-84.0,-9.0,8x8,3,3,8.439623400136043e-08,0.07800126820802689,0.9219986200332642,3973.690619497436,3994.8472763451678,35351.92303621769,37309.84877049786,1225.6681407565716
895,2,Case2,8x8_296,-48.0,82.0,8x8,2,2,5.183383109397255e-07,0.9999994039535522,3.896244393786219e-08,5381.798718111826,5525.906117143875,17230.481617450714,17846.033004496476,503.7863724278748
896,2,Case2,8x8_297,-13.0,-4.0,8x8,3,3,2.2941701871559417e-08,3.8368403920685523e-07,0.9999996423721313,4949.984425209532,4819.210131056119,37157.81136727333,38225.469013306174,1074.2899947548224
897,4,Case2,8x8_298,-19.0,-23.0,8x8,3,3,4.587817414858364e-08,4.626806173746445e-07,0.9999995231628418,5844.303638956683,5477.1312381051885,34803.788177490234,35865.713562629804,835.4359401759143
898,3,Case2,8x8_299,5.0,-32.0,8x8,3,3,7.298757598306338e-09,3.4353453770563647e-07,0.9999996423721313,5571.272337672921,5377.29689720626,37272.414216041565,37025.35499295032,218.4181025679863
900,3,Case3,6x4_001,65.0,19.0,6x4,2,2,4.728389342290029e-07,0.9999954700469971,4.053822067362489e-06,20279.923491437014,21337.89187500602,37422.625661849976,38913.01730937892,1176.0195000997603
901,5,Case3,6x4_002,40.0,-51.0,6x4,1,1,0.9999995231628418,2.5703891992634453e-07,2.1674405559224397e-07,15556.61473956806,16111.563883526025,20674.34828186035,18940.449506048117,1725.4341583765504
905,3,Case3,6x4_006,-15.0,-74.0,6x4,2,2,9.960516678120257e-08,0.9992596507072449,0.000740262505132705,20879.436434672043,24690.772944000222,39542.791172623634,41839.24060370996,1623.236348321688
906,3,Case3,6x4_007,51.0,-83.0,6x4,1,1,0.9988059997558594,1.7976310573430965e-06,0.0011921586701646447,11082.310852104845,9622.489681611432,16137.60920715332,13615.482702713409,1784.6199376556895
907,2,Case3,6x4_008,86.0,9.0,6x4,2,2,1.0792510920509812e-06,0.9999727010726929,2.6176754545303993e-05,21509.70463796609,22220.55671981993,40498.062683820724,42246.912367645586,1353.8465886976064
908,2,Case3,6x4_009,-63.0,21.0,6x4,2,2,7.997575153240177e-07,0.9999984502792358,8.089857601589756e-07,19251.815448846046,20642.11524091339,36124.77734565735,36884.88261092008,793.2896281419825
909,5,Case3,6x4_010,-74.0,83.0,6x4,1,1,0.9999986886978149,9.720648108668684e-08,1.2001080449408619e-06,6481.632761335873,6139.959616502498,9516.103061676025,8812.006668485676,465.1264212073709
910,5,Case3,6x4_011,-39.0,-9.0,6x4,2,3,1.2541835303636617e-06,0.006047932431101799,0.9939507246017456,20502.16122153169,25506.693970065855,39593.43251514435,42849.69776326989,2431.077593697991
911,5,Case3,6x4_012,-56.0,9.0,6x4,2,2,2.3996901177270047e-07,0.9997614026069641,0.00023838681227061898,21551.135354916772,26068.378461274973,40781.320182561874,43702.4903070271,2370.423919640618
912,3,Case3,6x4_013,61.0,33.0,6x4,2,2,0.002787586534395814,0.9972122311592102,1.7153179499018734e-07,16557.71990006798,16562.853642925835,27247.412559509277,28425.08998009686,970.7560948249944
913,5,Case3,6x4_014,19.0,79.0,6x4,2,2,7.148161671466369e-07,0.99998939037323,9.878909622784704e-06,20720.16069294209,23841.732484964123,37970.81121481955,40369.69127959248,1796.4161682269046
914,4,Case3,6x4_015,35.0,60.0,6x4,2,2,0.1833987832069397,0.8165925145149231,8.74114175530849e-06,16265.619753031,17795.45289161849,25641.560913085938,26585.691907765955,919.5306453019441
915,1,Case3,6x4_016,75.0,-61.0,6x4,1,1,0.9999998807907104,2.2328261906068292e-08,1.1789411757945345e-07,9627.785438115676,10542.454438899367,12290.33390045166,12347.974982086787,177.24144761070298
918,2,Case3,6x4_019,-79.0,29.0,6x4,2,2,1.3935614333604462e-06,0.9999984502792358,1.4643566714767076e-07,18070.251752433138,19036.36772463994,32345.939556121826,34165.26946138848,1371.215695905534
919,1,Case3,6x4_020,-2.0,48.0,6x4,2,2,2.0286690016746434e-07,0.9888232350349426,0.01117649581283331,22366.159931756138,21964.02169038514,41520.1307888031,42708.43947836666,874.5598000334077
920,2,Case3,6x4_021,-49.0,-67.0,6x4,1,1,0.9999997615814209,2.482583738583344e-07,2.5516213142395827e-08,13319.084810233135,12555.204567426306,16955.240280151367,14460.186439326042,2131.7758667862427
921,4,Case3,6x4_022,43.0,-33.0,6x4,1,1,0.9989008903503418,0.0010987835703417659,3.652853308722115e-07,15889.038536401165,18491.518933771702,24354.474700927734,24654.27156698432,431.14103989743523
922,2,Case3,6x4_023,62.0,-67.0,6x4,1,1,1.0,4.8531305196775065e-08,1.4146276150484027e-08,10932.381073716295,10429.49375235607,12634.481971740723,11815.65693752277,476.90617102865866
923,1,Case3,6x4_024,30.0,75.0,6x4,2,2,0.028968919068574905,0.9700224995613098,0.0010085920803248882,17977.90860553779,18820.157914914544,31549.048610687256,31876.443352032344,472.67316078713185
925,2,Case3,6x4_026,-81.0,73.0,6x4,1,1,1.0,2.8246141425825044e-08,2.7830353133140306e-08,6744.9138728114285,6798.022162863347,9710.667488098145,9344.816240825669,293.42704509650525
929,3,Case3,6x4_030,15.0,-12.0,6x4,3,3,9.542672160023358e-06,0.0027988117653876543,0.9971917271614075,17744.380938128746,21557.39500567013,40376.06671333313,41897.90885018431,1307.935047379834
930,2,Case3,6x4_031,-55.0,-62.0,6x4,1,1,0.9999998807907104,1.0155928720223528e-07,1.7784300254675145e-08,12596.629945386905,12398.35204883586,14665.389587402344,13958.0909988277,353.745633150845
931,5,Case3,6x4_032,-19.0,-7.0,6x4,3,3,7.748933938955815e-08,1.864826089104099e-07,0.9999996423721313,18265.84956987515,20461.976400651332,40714.15295505524,41288.25573976222,995.5934812121129
933,4,Case3,6x4_034,-43.0,-15.0,6x4,2,2,1.152244567492744e-05,0.9580841064453125,0.04190438985824585,20219.92060986161,22264.04813235871,37196.032636642456,39301.61657608507,1484.3140355195358
934,1,Case3,6x4_035,70.0,81.0,6x4,1,1,0.9999997615814209,1.1147106704356702e-07,1.2224991507991945e-07,7269.449927975162,7853.461135011406,10163.050888061523,9614.010063292082,430.0781868270757
935,3,Case3,6x4_036,8.0,25.0,6x4,3,3,2.6237245265292586e-07,3.343145363032818e-05,0.9999663829803467,19590.312251762076,19820.346251068295,40633.60528373718,40265.591392385584,501.22280372527433
936,4,Case3,6x4_037,-85.0,67.0,6x4,1,1,0.9999998807907104,4.309807977165292e-08,6.280069442254899e-08,7437.374438342424,8329.175066937481,10538.78508758545,10795.117547893582,242.76688949318583
937,4,Case3,6x4_038,-56.0,52.0,6x4,1,1,0.9999996423721313,3.0873599143887986e-07,8.670332896087984e-09,13793.36665248805,14523.516883131915,15560.548538208008,16310.509549656057,794.8322763536834
938,5,Case3,6x4_039,64.0,42.0,6x4,1,1,0.9988512992858887,0.0011484000133350492,2.136322194701279e-07,15236.895707091195,16026.114363299926,21607.415046691895,20139.64059691516,857.6824353751886
941,4,Case3,6x4_042,84.0,51.0,6x4,1,1,0.9999839067459106,1.6139749277499504e-05,4.2452622750488445e-08,11029.187226315635,12263.94699326426,16071.617630004883,16399.483734069636,412.5935639552119
942,1,Case3,6x4_043,79.0,-71.0,6x4,1,1,0.9999995231628418,2.4391379582766604e-08,5.287875524118135e-07,7265.906238969385,7639.878429397152,10107.807083129883,9800.515417134051,251.4033840761875
944,3,Case3,6x4_045,-18.0,-35.0,6x4,2,2,7.599480886710808e-05,0.6235259771347046,0.376397967338562,20742.239262719024,21191.035424712274,35693.89655685425,37162.61004292965,1157.662854931506
945,1,Case3,6x4_046,-76.0,-77.0,6x4,1,1,0.9999996423721313,1.4734344233602314e-07,2.001870740286904e-07,6801.598728565306,7660.231155378025,9700.97885131836,9193.907260180442,495.63811664536166
946,1,Case3,6x4_047,42.0,27.0,6x4,2,2,0.002114460803568363,0.9978718757629395,1.3611397662316449e-05,16670.4063688223,19431.92703043281,28720.93271636963,30799.028569171613,1422.3352295369984
947,3,Case3,6x4_048,1.0,71.0,6x4,2,2,9.3199837181146e-08,0.9998346567153931,0.00016520477947779,22351.737191512922,23126.87023806654,42091.08841216564,42798.652843629825,555.3276161130475
948,4,Case3,6x4_049,-37.0,22.0,6x4,2,2,2.193589352827985e-05,0.9155852198600769,0.08439283818006516,18986.188840685034,20969.669944113422,32748.98812675476,36859.57552777479,2933.093085164759
949,4,Case3,6x4_050,-16.0,44.0,6x4,2,2,5.523069148694049e-07,0.9997392296791077,0.00026025701663456857,20112.13068030207,22705.24710483249,36874.16790390015,38676.71922718297,1148.131250925777
950,2,Case3,6x4_051,28.0,57.0,6x4,2,2,7.755998376524076e-05,0.9999204874038696,1.8939555275210296e-06,17702.527798828363,19602.35330395272,30388.947158813477,32639.71246075726,1506.9905518447035
951,3,Case3,6x4_052,-79.0,34.0,6x4,2,2,0.004008330870419741,0.9959904551506042,1.1977087979175849e-06,16829.45536165559,17478.732984340277,28983.418991088867,28770.246845210535,131.49595208048854
952,2,Case3,6x4_053,3.0,87.0,6x4,2,2,4.3628233470371924e-07,0.9999746084213257,2.4926561309257522e-05,22220.532735999415,18528.08624907272,41105.154223680496,42546.66972531916,1166.9873595631993
953,5,Case3,6x4_054,-17.0,-44.0,6x4,2,2,1.0712391485867556e-05,0.9978893399238586,0.002099906327202916,20540.564821381304,22206.778505397386,36245.92529678345,36350.46854555986,225.70143607906647
954,3,Case3,6x4_055,44.0,-49.0,6x4,1,1,0.9999996423721313,2.9223429010016844e-07,7.224398501648466e-08,15997.367575066146,15172.998253382579,19112.665100097656,17296.001920952698,1113.810014088424
955,5,Case3,6x4_056,67.0,-19.0,6x4,2,2,9.507786558060616e-07,0.9999974966049194,1.585012796567753e-06,20247.081969890616,22978.227575920606,37567.611417770386,39415.280799712156,1301.6160142832098
956,4,Case3,6x4_057,2.0,74.0,6x4,2,2,2.4764099748608714e-07,0.9998290538787842,0.000170624116435647,22307.3810493151,25327.50214789702,41904.277087807655,44563.95053157779,1973.8338410805145
957,3,Case3,6x4_058,82.0,19.0,6x4,2,2,1.8312941847398179e-06,0.9999614953994751,3.6624795029638335e-05,19825.92013785666,22058.596693189633,37835.0983479023,39502.88519889149,1368.6898559574688
958,4,Case3,6x4_059,14.0,3.0,6x4,3,3,3.921790266758762e-06,0.0015979708405211568,0.9983981251716614,17907.041420745703,18802.053413490885,40131.24034371122,41364.13676038326,1145.8280879600973
959,2,Case3,6x4_060,44.0,-84.0,6x4,1,1,0.9999691247940063,3.064345219172537e-05,2.3583463359955203e-07,11896.605474082471,12200.65186761803,20217.372261047363,18097.087518957203,1622.5679111286597
960,2,Case3,6x4_061,0.0,-52.0,6x4,2,2,2.0150105228822213e-06,0.5813961625099182,0.4186018407344818,22402.342271727717,21657.207624637784,41842.07814741135,42243.54914039197,512.2946378799131
961,3,Case3,6x4_062,33.0,26.0,6x4,2,2,0.0005194558762013912,0.9703182578086853,0.02916223742067814,17685.15756520484,21769.698293516874,30842.858379364014,35715.644005158785,3570.6607541138073
962,3,Case3,6x4_063,-75.0,38.0,6x4,2,1,0.846538245677948,0.153459832072258,1.9650060494313948e-06,16012.548531386854,16644.265308071605,25902.093643188477,25650.410539043572,183.73831218684091
963,3,Case3,6x4_064,-20.0,55.0,6x4,2,2,2.074475787594565e-06,0.9999923706054688,5.55627821086091e-06,19359.54785727134,21126.598315709867,35809.98430252075,36286.435829163645,340.39501213368874
964,5,Case3,6x4_065,72.0,31.0,6x4,2,2,6.582983769476414e-05,0.9999339580535889,2.1321291399090114e-07,17499.697679404366,17918.615100392453,30475.296558380127,31575.612742882775,870.7296176765465
966,4,Case3,6x4_067,-83.0,68.0,6x4,1,1,0.9999998807907104,3.704728612774488e-08,6.574492772415397e-08,7387.256006503648,8225.669479512597,10400.089736938477,10610.086811146073,214.32098484892234
967,4,Case3,6x4_068,-26.0,-1.0,6x4,3,3,4.764703135151649e-06,0.00993049144744873,0.990064799785614,19306.640859573567,19774.779977970735,41091.133419036865,40914.65413257429,469.9661507037227
968,5,Case3,6x4_069,-36.0,57.0,6x4,1,1,0.9936442375183105,0.006353905890136957,1.8794095240082243e-06,15982.069252168067,18043.599051219164,24265.466011047363,24449.792648277093,491.1189068379262
969,1,Case3,6x4_070,-89.0,-51.0,6x4,1,1,0.9999995231628418,4.257225896253658e-07,3.756563771162291e-08,10878.994333085067,12757.518030860907,16122.313507080078,16423.356308582777,582.8144871626262
970,2,Case3,6x4_071,-45.0,-29.0,6x4,2,2,0.12270975112915039,0.8772801160812378,1.0079078492708504e-05,16257.495189212224,18874.27284333109,27310.43235015869,30107.464421092427,2160.1958799589997
971,4,Case3,6x4_072,-29.0,13.0,6x4,3,3,6.268105607887264e-06,0.01577107422053814,0.9842227101325989,20882.91104651696,20471.897034827634,38875.468366622925,39540.47333141619,807.7887970534653
972,4,Case3,6x4_073,-22.0,46.0,6x4,2,2,5.088124908070313e-06,0.9999860525131226,8.86945599631872e-06,18371.96950636458,20919.76393461883,33080.89477157593,34691.185793773984,1069.0538232467363
973,4,Case3,6x4_074,-1.0,-8.0,6x4,3,3,5.468558356369613e-06,0.0016158424550667405,0.9983786344528198,16633.331228700798,17652.11263644915,38464.0998326838,41060.44554849804,1905.5787658166587
974,5,Case3,6x4_075,-22.0,82.0,6x4,2,2,3.5855448459187755e-06,0.999968409538269,2.804529867717065e-05,19756.321916457244,25909.791412765986,36566.12572145462,40335.09574037551,2798.9125452533876
975,4,Case3,6x4_076,50.0,5.0,6x4,2,2,2.742754077189602e-06,0.89556884765625,0.10442837327718735,21956.812747095355,25677.663922459575,41202.041227817535,41983.81256392296,680.8988711146507
978,4,Case3,6x4_079,-67.0,39.0,6x4,1,1,0.8850029706954956,0.11499664932489395,3.231667449199449e-07,15675.124287693527,17460.502158394112,24091.010040283203,24666.665306987416,657.1825133361461
979,4,Case3,6x4_080,-53.0,-64.0,6x4,1,1,0.9999998807907104,7.833566684212201e-08,2.1199731747856276e-08,13188.68719536989,12514.475523569256,15239.640075683594,14520.53691757948,517.0317057304595
980,2,Case3,6x4_081,-38.0,-72.0,6x4,1,1,0.9992029070854187,0.0007957470370456576,1.286872702621622e-06,16101.966755035071,14808.250925537508,25615.441818237305,20989.14728759253,3108.09863948586
981,1,Case3,6x4_082,85.0,48.0,6x4,1,1,0.9999618530273438,3.820196070591919e-05,3.234861978285153e-08,11681.724205184206,13447.474491623401,17705.572463989258,18381.120280544837,541.5944613188117
982,5,Case3,6x4_083,-12.0,85.0,6x4,2,2,1.7254505735309067e-07,0.9999843835830688,1.5445790268131532e-05,21318.504605026796,23260.259777601168,40094.91276025772,41664.2672602322,1294.8478798057413
983,4,Case3,6x4_084,77.0,-48.0,6x4,1,1,0.9999994039535522,6.502460223600792e-07,4.2053784454765264e-08,12369.496645623376,13753.981729700183,17667.234535217285,16975.801924055355,1138.850315605658
984,1,Case3,6x4_085,45.0,75.0,6x4,1,1,0.9999871253967285,1.2227904335304629e-05,6.550942543981364e-07,12709.042168351167,12779.803323871798,19410.427352905273,16397.209369411197,2356.100843796003
985,2,Case3,6x4_086,-41.0,-54.0,6x4,1,1,0.9999973773956299,2.665659849299118e-06,1.9767547598803503e-08,15448.245617651613,15338.812861551527,20476.673141479492,17857.584450929102,2036.3902546992394
986,1,Case3,6x4_087,-38.0,89.0,6x4,1,1,0.797885000705719,0.20154599845409393,0.0005690202233381569,16215.94096466197,17560.910288966486,26707.4246673584,26065.351935544764,395.8915435176235
988,3,Case3,6x4_089,18.0,-35.0,6x4,2,2,0.0006074964767321944,0.6398943662643433,0.35949811339378357,20031.033295417208,22260.328521059528,35728.64016342163,37130.778865293985,1051.619747856569
989,4,Case3,6x4_090,-65.0,24.0,6x4,2,2,6.787532811358687e-07,0.9999986886978149,5.750005129812052e-07,18567.623358161043,20152.808589550623,34478.24237060547,36856.14288098109,1661.8307820640828
990,5,Case3,6x4_091,11.0,36.0,6x4,3,2,6.040263542672619e-07,0.9995201826095581,0.0004791978280991316,20529.061392558167,22101.00000476568,39056.2629776001,39702.12637322586,453.30755541011183
991,3,Case3,6x4_092,-38.0,-40.0,6x4,1,1,0.9997522234916687,0.00024756541824899614,2.893867758757551e-07,16184.331037269763,16689.712782754716,22498.24920654297,19902.08005235757,2141.9590900759713
992,4,Case3,6x4_093,-70.0,-78.0,6x4,1,1,0.9999996423721313,1.3575443347235705e-07,1.8968847825817647e-07,7602.417950602328,8076.215077709071,10353.585884094238,10220.832859915206,225.799931587251
993,3,Case3,6x4_094,73.0,-55.0,6x4,1,1,0.9999996423721313,4.957700383556585e-08,3.3018807243934134e-07,11154.074047091275,12017.544341541396,14274.26976776123,14333.30611306628,302.9435833382972
994,3,Case3,6x4_095,68.0,-30.0,6x4,2,1,0.6114211082458496,0.38851436972618103,6.459937867475674e-05,17598.910685998562,17675.2141079577,30702.8660736084,30151.803628338457,346.7904918234825
995,5,Case3,6x4_096,84.0,-52.0,6x4,1,1,0.9999992847442627,1.325009009178757e-07,6.442904805226135e-07,10698.233320148027,11348.943315065833,15612.355102539062,15449.652395116307,321.58954221071406
1000,3,Case3,6x4_101,48.0,15.0,6x4,2,2,2.893013970606262e-06,0.9975693821907043,0.002427689963951707,20891.245745716828,23287.77162618407,37662.19671821594,40654.912127393196,2282.3575023937697
1002,1,Case3,6x4_103,66.0,14.0,6x4,2,2,3.784507285331529e-08,0.9999833106994629,1.6647609299980104e-05,21532.906827779134,24650.6148258683,39705.77760577202,41627.14532416493,1541.5376966651274
1003,2,Case3,6x4_104,83.0,3.0,6x4,2,2,9.69992811405973e-07,0.9998995065689087,9.952130494639277e-05,22607.115395730732,22795.09197884102,41168.72165155411,43314.2540616392,1602.3273934696297
1004,1,Case3,6x4_105,89.0,-77.0,6x4,1,1,0.9999985694885254,4.200765602035972e-08,1.4135657693259418e-06,5746.904316018119,6010.086071006248,8960.64404296875,8975.958361040244,126.95551871661782
1005,1,Case3,6x4_106,-12.0,43.0,6x4,2,2,1.0528486882321886e-06,0.9925892353057861,0.0074096485041081905,21143.621819788485,25201.687812568816,38799.57304954529,41953.720977158235,2338.264935995658
1010,2,Case3,6x4_111,7.0,87.0,6x4,2,2,5.451248057397606e-07,0.9999805688858032,1.8856013412005268e-05,22731.6621763032,18978.17078598319,40832.36160326004,42048.865486272414,1018.1487636037297
1011,5,Case3,6x4_112,21.0,-8.0,6x4,3,3,1.1721324000291133e-07,3.747974233192508e-07,0.9999995231628418,18946.00444524986,21853.179799239777,40701.92778015137,41287.020034472356,1024.0249326269488
1012,5,Case3,6x4_113,35.0,-2.0,6x4,3,3,1.6177195050204318e-07,0.00012562406482174993,0.9998742341995239,21540.828092740405,26131.73098050822,40853.06104373932,43212.76538830195,1904.7348728640482
1013,2,Case3,6x4_114,-35.0,-78.0,6x4,2,2,0.2899158298969269,0.7100365161895752,4.765141420648433e-05,16457.21199092562,17170.965708668533,28300.54103088379,28340.309229917846,302.4972108511585
1014,3,Case3,6x4_115,22.0,74.0,6x4,2,2,2.835840177795035e-06,0.9999743700027466,2.282793320773635e-05,19993.581323305487,23529.34764300335,36448.19676589966,39418.86991439362,2020.0316184512396
1015,1,Case3,6x4_116,12.0,-85.0,6x4,2,2,4.2478512796151335e-07,0.9876995086669922,0.012300051748752594,21298.765641703387,22109.067824306137,40110.06309199333,40215.481703354366,322.5162467857109
1016,3,Case3,6x4_117,-87.0,33.0,6x4,2,2,0.0002126169711118564,0.9997865557670593,8.270422426903679e-07,16676.73551302453,17247.04840026916,29941.16683959961,29627.29788335418,221.79123736115923
1017,4,Case3,6x4_118,54.0,-88.0,6x4,1,1,0.9991544485092163,1.32667196339753e-06,0.0008442180696874857,10226.84260858503,8891.002748945102,14693.859146118164,12940.867531177799,1250.4643707933437
1018,4,Case3,6x4_119,31.0,-10.0,6x4,3,3,7.1240697252505925e-06,0.01673741452395916,0.9832553863525391,21158.14945828343,23213.713137619197,39606.68015098572,41420.73608056864,1710.0483443703567
1019,2,Case3,6x4_120,-58.0,-26.0,6x4,2,2,0.0017766831442713737,0.9982213377952576,2.023263959927135e-06,18123.611622573513,19533.409343569823,31961.63512802124,32299.80755501139,700.1079873341781
1021,2,Case3,6x4_122,20.0,-73.0,6x4,2,2,1.0568639481789432e-05,0.999804675579071,0.00018477962294127792,20533.187549933256,22945.090508657355,37463.032448768616,40271.37616386049,1908.6986720432196
1022,5,Case3,6x4_123,76.0,4.0,6x4,2,2,1.2132812798881787e-06,0.9996098875999451,0.000388912798371166,22005.424993925648,24173.750004452108,41557.93491703272,42826.30517020272,981.030655481356
1024,4,Case3,6x4_125,-3.0,72.0,6x4,2,2,2.6860897150982055e-07,0.9998717308044434,0.00012794724898412824,22291.73227272642,26166.375617246624,41964.81791947037,44521.617830187286,1884.771670645767
1025,4,Case3,6x4_126,-8.0,18.0,6x4,3,3,1.9721078388101887e-06,0.0008184118196368217,0.9991795420646667,17936.599686716796,19531.05799708267,40233.79939508438,40524.14084075095,556.9873302155307
1026,5,Case3,6x4_127,-66.0,77.0,6x4,1,1,0.9999996423721313,5.667889624305644e-08,3.7726860568909615e-07,8438.8519584146,7932.8242550612185,11102.557975769043,9986.859650074755,734.6799672496313
1027,3,Case3,6x4_128,59.0,-70.0,6x4,1,1,0.9999983310699463,2.7510742128811216e-08,1.7069613704734365e-06,10901.946422125704,10159.040286048285,13090.227416992188,11863.590049154882,740.0479894841063
1028,3,Case3,6x4_129,24.0,11.0,6x4,3,3,2.6811806037585484e-06,0.0007687138859182596,0.9992285966873169,19215.557040940086,21800.517806406624,40062.92600822449,42090.73966686371,1758.1974934294783
1030,4,Case3,6x4_131,41.0,53.0,6x4,1,1,0.9997026324272156,0.0002971660578623414,8.376921556418893e-08,15463.574186148373,16608.89778887162,20357.25357055664,20074.474213181813,509.5031968371274
1031,2,Case3,6x4_132,38.0,35.0,6x4,1,2,0.044081639498472214,0.9559091925621033,9.185915587295312e-06,15853.528947769119,17161.644148121784,24144.331840515137,26091.356318585997,1265.4151546971814
1032,2,Case3,6x4_133,-21.0,37.0,6x4,2,2,1.0748710337793455e-05,0.9998593330383301,0.00012992594565730542,18858.637339791876,20697.22997677074,33570.67789268494,35458.634156179236,1400.619400676263
1033,1,Case3,6x4_134,-56.0,37.0,6x4,1,1,0.9785546660423279,0.02144506387412548,1.809681151598852e-07,15613.98066548602,16249.118824353305,23229.713844299316,22222.03872193532,634.0858987464106
1034,1,Case3,6x4_135,39.0,-76.0,6x4,1,1,0.9148390889167786,0.002276626182720065,0.08288416266441345,15970.020756198352,13673.5393676619,25436.251846313477,19917.761686539172,3653.7758978175652
1035,4,Case3,6x4_136,8.0,-68.0,6x4,2,2,2.098528284477652e-07,0.9992223978042603,0.0007774162804707885,21942.21733271239,22339.478071295027,41499.52680230141,40640.15314682583,693.1750318447706
1036,2,Case3,6x4_137,68.0,53.0,6x4,1,1,0.9999970197677612,2.9608279419335304e-06,4.7084331100677446e-08,12350.068907289819,12770.266037705944,15050.175346374512,15125.561830651362,346.5493679527702
1037,2,Case3,6x4_138,-28.0,-75.0,6x4,2,2,0.0006273626931942999,0.9993403553962708,3.225625187042169e-05,17983.163256646327,20961.478479652334,32856.86795043945,35744.03747054091,1959.611835294845
1039,4,Case3,6x4_140,1.0,-3.0,6x4,3,3,6.4227660914184526e-06,0.0015030092326924205,0.998490571975708,16479.08891848038,17294.981829931236,37629.38040417433,40937.827802249,1964.8354114690885
1043,5,Case3,6x4_144,-86.0,-39.0,6x4,1,2,0.009808948263525963,0.99018794298172,3.102035407209769e-06,15821.081223506479,15126.674908268247,25898.06160736084,26477.192278965478,574.2438290500428
1044,1,Case3,6x4_145,29.0,32.0,6x4,2,2,0.30063775181770325,0.6983931064605713,0.0009691688464954495,17417.389883857024,19946.416383830332,29619.676483154297,29980.013096726674,538.8212840568394
1047,5,Case3,6x4_148,46.0,-62.0,6x4,1,1,0.9999986886978149,6.051087808600641e-08,1.1877325505338376e-06,15172.3322432431,14155.30553747608,19241.628692626953,16235.751201611498,2024.0623874238413
1048,2,Case3,6x4_149,24.0,-59.0,6x4,2,2,0.007644676137715578,0.9923288226127625,2.6472385798115283e-05,18997.599674229477,21690.673971975593,33744.0302734375,33786.77189189952,411.29830490777556
1049,2,Case3,6x4_150,15.0,-47.0,6x4,2,2,3.863704114337452e-05,0.998913049697876,0.0010483618825674057,20405.900384903987,22331.980810199857,37694.778911590576,37666.282631172246,472.70515821014686
1050,1,Case3,6x4_151,-66.0,-82.0,6x4,1,1,0.999996542930603,1.9733383851416875e-06,1.475767930969596e-06,7884.62066735183,7574.364099544103,10878.75968170166,9919.62109162731,570.5363868940487
1051,3,Case3,6x4_152,-23.0,-66.0,6x4,2,2,6.036879312887322e-06,0.9996649026870728,0.0003290305321570486,19588.66220643706,22928.451162066904,35302.369079589844,37688.003642384676,1645.762006940614
1052,5,Case3,6x4_153,50.0,-62.0,6x4,1,1,0.9999991655349731,3.051094310535518e-08,7.811028694959532e-07,14290.840122513191,13307.278586483126,16503.672134399414,14856.399995237076,1216.509921152865
1053,2,Case3,6x4_154,-65.0,-65.0,6x4,1,1,0.9999998807907104,6.409455721723134e-08,2.482923555646721e-08,10694.434718737653,10826.050997249224,12363.599197387695,12254.69980442967,168.29515262327084
1054,4,Case3,6x4_155,11.0,-32.0,6x4,3,3,2.771218305497314e-06,0.058868516236543655,0.9411286115646362,21032.456055075923,21540.803130443008,39333.652030944824,39065.978721050546,634.2714630179395
1055,5,Case3,6x4_156,70.0,-86.0,6x4,1,1,0.9999290704727173,1.1376376107818942e-07,7.075939356582239e-05,6923.025836043321,6557.438969244981,9991.3129196167,9597.104003637902,274.91661838880185
1056,3,Case3,6x4_157,78.0,-26.0,6x4,2,2,0.003170731943100691,0.9967855215072632,4.371001341496594e-05,18668.95348620785,18991.68473170195,34175.028535842896,33483.890203896015,462.81808533610786
1057,4,Case3,6x4_158,17.0,-43.0,6x4,2,2,0.00020819605560973287,0.9978684186935425,0.0019233745988458395,19849.177278895735,21349.382312023605,36207.13248252869,35994.66694434825,262.7128930383796
1059,4,Case3,6x4_160,47.0,-13.0,6x4,2,2,1.959384917427087e-06,0.9946276545524597,0.005370353814214468,20684.774715667143,24386.054503054063,38554.691517829895,39951.08634307766,1058.927389295819
1060,3,Case3,6x4_161,-43.0,-45.0,6x4,1,1,0.999996542930603,3.4680927001318196e-06,5.6791702007785716e-08,15156.201961397343,15676.394513778,19133.940338134766,17018.652537914248,1927.5966117421106
1062,1,Case3,6x4_163,-84.0,28.0,6x4,2,2,1.1641107278137497e-07,0.9999997615814209,9.113512788871958e-08,18266.868850108156,19828.65973872357,33120.64805984497,34730.375801974085,1149.196106613492
1064,4,Case3,6x4_165,-5.0,10.0,6x4,3,3,4.765623543789843e-06,0.0015442499425262213,0.9984509944915771,16950.112781421787,18137.35036509923,39262.59055125713,40837.296222137345,1199.2040326910096
1065,3,Case3,6x4_166,-61.0,-3.0,6x4,2,2,3.78440716986006e-07,0.996859073638916,0.0031405934132635593,22146.754272526483,25302.004900034863,41999.85085952282,42766.73620483537,868.8164860073271
1066,5,Case3,6x4_167,-4.0,-6.0,6x4,3,3,7.964609238797493e-08,7.775791743824811e-08,0.9999997615814209,16754.90672422311,18814.120951941302,38295.836345911026,41634.160242162485,2613.083338464041
1067,5,Case3,6x4_168,-5.0,-1.0,6x4,3,3,7.138313407040187e-08,7.286994474497988e-08,0.9999997615814209,17139.61928521297,18710.76554716755,37908.13997143507,41714.33057398799,2803.4389594756612
1068,5,Case3,6x4_169,58.0,-70.0,6x4,1,1,0.9999970197677612,2.7355303799936337e-08,2.941240154541447e-06,11099.265634864609,10664.72382310671,13372.781242370605,12293.067283566883,708.9527793430369
1070,1,Case3,6x4_171,-6.0,-18.0,6x4,3,3,1.1822461374322302e-06,0.0006598015315830708,0.9993390440940857,17540.320712343866,21293.490318457745,40203.499713897705,42489.44968499795,2052.561796652736
1072,4,Case3,6x4_173,82.0,-55.0,6x4,1,1,0.9999997615814209,7.842250937528661e-08,6.267396202019881e-08,10106.262755440353,10825.740430302087,14243.19287109375,13677.025150196567,753.4854070620951
1073,5,Case3,6x4_174,-76.0,51.0,6x4,1,1,0.9999982118606567,1.6445910659967922e-06,9.618982943493393e-08,11688.244810745935,13782.384075414671,16035.628219604492,16806.480686112205,562.6998721656233
1074,1,Case3,6x4_175,-73.0,85.0,6x4,1,1,0.9999995231628418,9.359289521171377e-08,3.320713801713282e-07,6493.408798879067,6206.531819936174,9566.293472290039,8860.214850028384,507.69837791473594
1075,1,Case3,6x4_176,-36.0,30.0,6x4,2,2,0.00705180037766695,0.9929376244544983,1.0553280844760593e-05,16861.418796414117,17852.668706987348,27426.308544158936,29738.36617319088,1525.6435031760811
1076,5,Case3,6x4_177,25.0,-81.0,6x4,2,2,4.967444510839414e-06,0.973917543888092,0.02607746794819832,19231.55483406084,20435.950086693025,34969.16928100586,36429.5252326985,1148.6708746812642
1077,3,Case3,6x4_178,27.0,63.0,6x4,2,2,8.088939466688316e-06,0.9999884366989136,3.4637182579899672e-06,18268.280616398955,19529.812449719215,32240.031280517578,33704.51591463907,951.516949291491
1078,4,Case3,6x4_179,73.0,-44.0,6x4,1,1,0.9999943971633911,5.591644367086701e-06,4.776405404527395e-08,15100.34955432096,15720.054551689296,21838.350715637207,19731.62823950195,1551.1531690905554
1079,2,Case3,6x4_180,-14.0,88.0,6x4,2,2,3.821450263785664e-06,0.9999881982803345,7.991062375367619e-06,20981.1283021967,20236.125497078923,39556.224086523056,40013.315983030065,524.5854920243985
1080,2,Case3,6x4_181,88.0,45.0,6x4,1,1,0.9990647435188293,0.0009351299377158284,1.104934312934347e-07,12618.453308520386,13529.420235920657,19524.275802612305,20895.867777812855,986.2514927213299
1081,3,Case3,6x4_182,-14.0,42.0,6x4,2,2,9.522528330307978e-07,0.9962988495826721,0.003700253553688526,20685.679771739804,23650.017219619986,37819.16490936279,39264.61818133135,969.914258131574
1083,1,Case3,6x4_184,83.0,43.0,6x4,1,1,0.9937478303909302,0.006251904647797346,2.7239826749791973e-07,12057.478693098097,15082.458976976826,20777.539070129395,21643.22230022657,527.7582675431117
1084,2,Case3,6x4_185,-18.0,49.0,6x4,2,2,2.292605358888977e-06,0.9999933242797852,4.375983280624496e-06,20106.6583107552,20218.27055664243,36214.44086456299,36679.638235003025,338.8416610295052
1085,3,Case3,6x4_186,-54.0,1.0,6x4,2,2,6.895949127283529e-07,0.9793787598609924,0.02062060870230198,22192.93997980658,25726.79952034006,41827.7437735945,42876.447019848376,1049.4120801833078
1086,3,Case3,6x4_187,-47.0,-37.0,6x4,1,1,0.9995549321174622,0.00044479474308900535,1.9004691864665801e-07,15469.306103976014,16418.01679454479,21882.617919921875,21173.87816197821,539.7186735217568
1087,3,Case3,6x4_188,-40.0,56.0,6x4,1,1,0.9998859167098999,0.00011392350279493257,1.633048611893173e-07,15505.556137508522,17963.768201725255,21403.67987060547,21367.355814778708,642.9151884173326
1089,3,Case3,6x4_190,-80.0,40.0,6x4,2,1,0.9505106210708618,0.04948785901069641,1.439436232431035e-06,15660.035271325043,16124.380305339624,25004.57660675049,24585.550328470687,165.91883826628177
1090,2,Case3,6x4_191,-75.0,6.0,6x4,2,2,2.8661634132731706e-07,0.9999536275863647,4.613886630977504e-05,21882.010175929852,22552.309994915588,41441.21379196644,42438.327934929795,943.1877548029241
1091,5,Case3,6x4_192,89.0,-86.0,6x4,1,1,0.9999752044677734,7.067905727353718e-08,2.4725475668674335e-05,4974.456344214698,5593.859298226937,8324.810726165771,8861.243284712848,422.6645593122542
1092,2,Case3,6x4_193,48.0,41.0,6x4,1,1,0.9691565036773682,0.030842328444123268,1.1472951655377983e-06,15500.57236990941,15679.710168642092,19973.023391723633,21575.793427574623,1381.5476077453907
1093,2,Case3,6x4_194,-11.0,-16.0,6x4,3,3,1.9499286736390786e-06,0.0015316060744225979,0.9984664916992188,18009.31869637085,20216.30195730596,40202.231090545654,41203.667778338975,1308.7053967273075
1094,1,Case3,6x4_195,12.0,71.0,6x4,2,2,7.153676619964244e-07,0.9997584223747253,0.0002408559521427378,21377.041338223076,25023.65985062372,40525.23951153457,41763.17025856024,949.6884927471742
1095,4,Case3,6x4_196,-32.0,84.0,6x4,2,1,0.7819362282752991,0.21758028864860535,0.00048354463069699705,17440.041142761896,19294.806316998278,30635.0838432312,31009.444185783126,497.1205589765485
1096,5,Case3,6x4_197,-80.0,-38.0,6x4,1,2,0.046502165496349335,0.9534943699836731,3.46126512340561e-06,16056.639305761139,15286.234070113118,26291.074905395508,26387.956531100986,293.36553665361095
1097,5,Case3,6x4_198,-82.0,-53.0,6x4,1,1,0.9999970197677612,2.8205304261064157e-06,1.3535900222905184e-07,10604.521694320127,12561.398429713903,15126.537368774414,15725.37555132234,464.54261739911504
1099,4,Case3,6x4_200,88.0,-42.0,6x4,1,1,0.9998677968978882,0.00013210406177677214,1.3645167484810372e-07,12008.926351299118,13956.908543987114,21528.413333892822,21198.705575252854,745.8453806859842
1100,2,Case3,6x4_201,-73.0,-27.0,6x4,2,2,0.0001504015817772597,0.9998489618301392,5.877319608771359e-07,18014.9650621937,19795.935950791376,33256.143882751465,33733.45575782799,674.5311771076963
1101,2,Case3,6x4_202,-24.0,-76.0,6x4,2,2,3.0174314815667458e-05,0.9999229907989502,4.681675272877328e-05,19495.640169757466,22052.622526809013,35379.7084236145,37790.03073037093,1589.051842861958
1102,2,Case3,6x4_203,33.0,58.0,6x4,2,2,0.006407306529581547,0.9935890436172485,3.6958890632377006e-06,16482.04080712149,18430.719933447628,26712.24139404297,29124.50898169817,1681.1127689427524
1104,1,Case3,6x4_205,-58.0,-50.0,6x4,1,1,1.0,5.2408935857783945e-08,2.217268146864626e-08,15124.68535354721,13518.372702637842,17267.338439941406,15411.86596454883,790.999067483624
1105,1,Case3,6x4_206,4.0,90.0,6x4,2,2,1.3399001375091757e-07,0.9998264908790588,0.00017341096827294677,10038.600722349593,23862.020856669777,39183.069727897644,42842.67980042726,2840.255871975894
1106,1,Case3,6x4_207,19.0,-83.0,6x4,2,2,1.5001779729573173e-06,0.9790067076683044,0.020991796627640724,20564.91963223016,21157.410870049047,37949.672283649445,37672.93818516752,495.3226492537255
1108,4,Case3,6x4_209,58.0,-69.0,6x4,1,1,0.9999997615814209,2.7333889818237367e-08,2.0351149032649118e-07,11282.766392551277,10818.17941818069,13418.060317993164,12613.361866517953,605.5136238048136
1109,3,Case3,6x4_210,-10.0,23.0,6x4,3,3,5.819032935505675e-07,0.00012468955537769943,0.9998747110366821,18468.04259986061,21551.85196358761,40090.53999328613,40974.678452089014,594.1536102555689
1110,3,Case3,6x4_211,55.0,-59.0,6x4,1,1,0.9999997615814209,2.9248063526665646e-08,1.8245644639591774e-07,13100.177711280565,12966.112416578333,14740.599578857422,14284.299453007652,275.50129107314706
1111,5,Case3,6x4_212,-63.0,54.0,6x4,1,1,0.9999997615814209,1.0537897310314293e-07,5.98986602540208e-08,13170.06214727101,13342.938309633715,14893.418167114258,14661.050399062355,212.46602798504566
1112,4,Case3,6x4_213,67.0,-42.0,6x4,1,1,0.9999879598617554,1.2005387361568864e-05,4.836605072000566e-08,15292.9758923371,16576.20906810825,22148.292037963867,20716.470107112822,1228.9488461132778
1113,1,Case3,6x4_214,63.0,-14.0,6x4,2,2,1.0753657875284262e-07,0.9999924898147583,7.354130502790213e-06,20812.492840603652,24750.797257525635,39578.9530415535,41219.95026981569,1231.9106768421216
1116,4,Case3,6x4_217,21.0,56.0,6x4,2,2,1.8291373180545634e-06,0.9999809265136719,1.7194082829519175e-05,19720.401500551343,19868.340704683305,35297.25032043457,35255.640404194,199.63287741211266
1118,4,Case3,6x4_219,-7.0,65.0,6x4,2,2,3.101020524809428e-07,0.9998855590820312,0.00011412082676542923,22867.58007996084,26908.247453143023,41684.48186695576,43222.52005708635,1110.022007917784
1119,5,Case3,6x4_220,14.0,-23.0,6x4,3,3,4.516148237598827e-07,9.659111128712539e-06,0.9999898672103882,18941.57052539226,23435.81438951944,39468.324993133545,41079.395758155406,1358.634285652266
1120,2,Case3,6x4_221,74.0,-56.0,6x4,1,1,0.9999998807907104,7.958916370398583e-08,8.13434475332997e-09,10793.905735864098,11379.447878448054,13888.81356048584,13509.546116524438,478.98179030244023
1122,3,Case3,6x4_223,-78.0,-48.0,6x4,1,1,0.9999992847442627,7.564257202830049e-07,5.5032796097975734e-08,12260.421951534236,13561.984035905094,17681.606452941895,17143.423354774437,938.9994360459785
1123,1,Case3,6x4_224,-4.0,-43.0,6x4,3,2,3.21324705510051e-07,0.9931595325469971,0.00684016291052103,21096.36439751405,23632.56047114583,40980.294503211975,41931.61751295242,989.2164744934686
1124,5,Case3,6x4_225,2.0,-73.0,6x4,2,2,8.157910258432821e-08,0.9993333220481873,0.0006665157270617783,22999.862364438683,22539.72493653877,41968.421342909336,41606.314091874585,315.2153026688859
1125,5,Case3,6x4_226,-42.0,80.0,6x4,1,1,0.9999344348907471,5.677975786966272e-05,8.829435500956606e-06,12703.70335130492,14012.937626460513,21541.13759613037,19474.215012343648,1729.1225064328796
1126,1,Case3,6x4_227,-42.0,-6.0,6x4,3,2,9.662476259109098e-07,0.9878523349761963,0.012146713212132454,22070.71955774193,25663.863810039504,40465.71224403381,42011.61001780644,1526.4761134035239
1127,1,Case3,6x4_228,60.0,-31.0,6x4,1,2,0.20734095573425293,0.7926562428474426,2.8159831799712265e-06,16921.061657142618,18921.088102886315,28580.81658935547,28832.971004398853,405.20919445865417
1128,5,Case3,6x4_229,42.0,86.0,6x4,1,1,0.983214259147644,0.01674109883606434,4.4644071749644354e-05,12216.487732381484,12508.864066339593,21525.879875183105,19878.60897675364,1294.8596009462583
1130,2,Case3,6x4_231,-69.0,24.0,6x4,2,2,8.929246178013273e-07,0.9999988079071045,3.330686126901128e-07,18672.066403642337,20271.71809534086,34886.8862285614,35944.081283284395,925.2451288149807
1131,5,Case3,6x4_232,-8.0,-27.0,6x4,3,3,2.3321943842802284e-07,7.599628588650376e-05,0.9999237060546875,20370.07284750744,21664.788562604637,40508.553062438965,40050.834832042194,569.5526092252187
1132,4,Case3,6x4_233,61.0,-20.0,6x4,2,2,1.7880680616144673e-06,0.9999972581863403,1.0096111964230658e-06,20089.811395422636,20214.297579807342,36489.54779243469,36266.49810253757,280.71211717374666
1133,3,Case3,6x4_234,-49.0,-40.0,6x4,1,1,0.9999816417694092,1.819261524360627e-05,6.059067914065963e-08,15399.378258803974,16018.419137654764,20398.454147338867,18791.255647124184,1252.1401749570512
1134,2,Case3,6x4_235,-62.0,7.0,6x4,2,2,4.2963142732332926e-07,0.999929666519165,6.987154483795166e-05,21848.001063428106,23847.20636888604,41518.02455928922,43134.122535024275,1418.46480800394
1135,1,Case3,6x4_236,16.0,-57.0,6x4,2,2,1.7520757182865054e-06,0.9999712705612183,2.699709693843033e-05,21060.347674631616,23097.31302393527,38326.90448188782,38569.47553822442,265.73607257701866
1136,5,Case3,6x4_237,-32.0,66.0,6x4,1,2,0.06811054050922394,0.9318526983261108,3.6787449062103406e-05,17257.4661116269,21113.851658116633,29053.475440979004,30933.039242597613,1464.0682327045263
1137,4,Case3,6x4_238,64.0,-22.0,6x4,2,2,3.975398612965364e-06,0.9999954700469971,5.013080226490274e-07,19603.9716603638,19651.133717430777,35627.2828578949,35005.661005211085,436.8087246110742
1138,2,Case3,6x4_239,30.0,17.0,6x4,3,3,5.880280241399305e-06,0.018210137262940407,0.9817839860916138,19685.40104714372,23219.1227087681,36959.55843925476,39731.52880114761,2322.2897096376605
1139,1,Case3,6x4_240,53.0,26.0,6x4,2,2,2.304611189174466e-05,0.9999765157699585,4.2554717083476135e-07,17367.955799762494,19314.222792746,31025.218383789062,32412.06263992173,916.5782702625821
1140,1,Case3,6x4_241,13.0,6.0,6x4,3,3,2.5255594664486125e-06,0.0008748013060539961,0.999122679233551,17775.53588470045,20815.02089959675,40049.98613855243,42594.94224572815,2053.144892709453
1141,1,Case3,6x4_242,-31.0,60.0,6x4,2,1,0.8098497986793518,0.1901407390832901,9.448875061934814e-06,17185.84743144669,18830.07506018355,28694.180694580078,27749.284045537337,737.861250061893
1142,1,Case3,6x4_243,-63.0,-63.0,6x4,1,1,1.0,1.8057198403198527e-08,4.1132711459113125e-08,11571.045094294217,11879.773989184443,13211.640167236328,12665.297783361735,279.36245313114887
1143,3,Case3,6x4_244,85.0,-58.0,6x4,1,1,0.9999990463256836,5.543987313672005e-08,9.734627610669122e-07,9248.263805205346,9833.289921902991,13054.657936096191,12641.384870916048,320.08345823063246
1145,5,Case3,6x4_246,60.0,61.0,6x4,1,1,0.9999996423721313,2.77941524018388e-07,8.014653474219813e-08,12186.420540176798,11605.682239494286,13738.070739746094,12515.828886430256,528.3239137692339
1146,3,Case3,6x4_247,-83.0,78.0,6x4,1,1,0.9999986886978149,1.5040464518278895e-07,1.1452253829702386e-06,5904.1324528991545,5552.0492261772115,9049.45775604248,8227.625467891026,537.7221416697889
1147,4,Case3,6x4_248,6.0,27.0,6x4,3,3,9.520380217509228e-08,0.00012009510828647763,0.9998797178268433,19913.879655588986,20392.876038922503,40807.63076210022,40168.571974735365,784.7547505525384
1148,1,Case3,6x4_249,6.0,16.0,6x4,3,3,9.670931149230455e-07,0.0003143345529679209,0.9996846914291382,17617.310269223028,21735.798552305074,40035.808016486466,42804.46098758117,2253.4399423726254
1149,4,Case3,6x4_250,-47.0,64.0,6x4,1,1,0.9999995231628418,5.187384317650867e-07,3.6648497570013205e-08,15079.348337583882,14092.342446945377,19080.55908203125,16802.87567029653,1369.8985672408085
1150,3,Case3,6x4_251,-69.0,0.0,6x4,2,2,2.216415992961629e-07,0.994817316532135,0.005182464141398668,22181.976651935638,23713.921701556872,42062.09203660488,42489.741225799095,683.7405964916494
1151,1,Case3,6x4_252,-82.0,-45.0,6x4,1,1,0.9999986886978149,1.2644479738810332e-06,3.527205905129449e-08,12805.992993890331,14087.188187839745,19541.514533996582,18997.472071740514,962.4305828502146
1152,2,Case3,6x4_253,56.0,-34.0,6x4,1,1,0.9986568689346313,0.001342941541224718,1.4502744249966781e-07,16048.898978965943,16813.33143031408,25409.768951416016,25140.129462887697,258.8237767946568
1153,4,Case3,6x4_254,-75.0,-17.0,6x4,2,2,8.387566481360409e-07,0.9999926090240479,6.523170668515377e-06,20295.581441903447,22530.29304481946,38675.09308671951,40535.1765191943,1341.3516630632068
1154,5,Case3,6x4_255,32.0,-60.0,6x4,1,1,0.9981381893157959,0.0016662500565871596,0.00019547031843103468,16960.47444659435,18345.066005932582,27923.489051818848,27064.47672792917,770.2620397680298
1155,1,Case3,6x4_256,-25.0,-11.0,6x4,3,3,8.062981578405015e-06,0.014074433594942093,0.9859175086021423,19471.70339355408,22051.920711327362,39964.87413215637,41356.49587996684,1699.27616728453
1156,2,Case3,6x4_257,65.0,80.0,6x4,1,1,0.9999984502792358,1.3769200677415938e-06,8.155931396913729e-08,8254.977994858447,7464.697568957269,11147.02173614502,10179.414549457379,625.4705998796984
1157,5,Case3,6x4_258,54.0,-18.0,6x4,2,2,9.971308827516623e-07,0.999996542930603,2.4816679342620773e-06,19646.974082873447,21702.80877294698,36768.65112495422,38359.67648373463,1103.143144674635
1158,5,Case3,6x4_259,-6.0,38.0,6x4,3,2,3.5673485854204046e-07,0.9992967844009399,0.0007028511026874185,21161.761987119058,22627.57135649012,40482.76174163818,41240.00534956006,613.4334216926665
1161,3,Case3,6x4_262,-57.0,76.0,6x4,1,1,0.9999994039535522,2.1214334822161618e-07,3.5523868291420513e-07,10344.068553316582,9200.044423095893,13554.630020141602,11955.233055964081,1038.7262904791392
1163,2,Case3,6x4_264,87.0,-65.0,6x4,1,1,1.0,5.6744905663208556e-08,1.9508405557644437e-08,7725.825405550275,7728.760920830073,10958.162864685059,10323.014281234522,466.25764867646956
1164,5,Case3,6x4_265,-25.0,-84.0,6x4,2,2,1.0982216736010741e-06,0.9992627501487732,0.0007361508905887604,19275.03920096971,20447.6916645818,34975.148639678955,37416.05280210397,1680.4402194823758
1165,3,Case3,6x4_266,-26.0,-39.0,6x4,2,2,0.0032757290173321962,0.9966030120849609,0.00012123087799409404,17236.994143611984,19044.218515441553,29703.704746246338,30298.56684426753,802.9798427971416
1166,3,Case3,6x4_267,-33.0,-46.0,6x4,1,1,0.9986420273780823,0.0013567224377766252,1.3070224440525635e-06,15783.547365565131,18368.058897854207,24502.54744720459,22639.692914056388,1555.2159132713334
1169,1,Case3,6x4_270,10.0,76.0,6x4,2,2,4.1388980775991513e-07,0.9997044205665588,0.0002951519563794136,21637.279173263676,25676.222008973535,40869.86350476742,43111.32039058191,1616.0642936168258
1170,5,Case3,6x4_271,-30.0,50.0,6x4,2,2,0.26945561170578003,0.730538010597229,6.4034047682071105e-06,16433.395853451722,18066.781406107755,27386.645797729492,27196.662193730885,365.32214894729145
1173,3,Case3,6x4_274,30.0,-25.0,6x4,2,2,0.011198554188013077,0.953216552734375,0.03558488190174103,19119.897610543696,21229.950093587395,32603.662313461304,35852.52495483057,2154.405688124921
1174,5,Case3,6x4_275,80.0,-20.0,6x4,2,2,1.5302997553590103e-06,0.9999943971633911,4.039677151013166e-06,20363.18272349178,23721.092699618188,37404.778424322605,39936.08007245371,1793.0125539513224
1175,2,Case3,6x4_276,-88.0,70.0,6x4,1,1,1.0,3.6799253422259426e-08,2.4665311570970516e-08,6795.8041052207645,6973.66651187591,9920.324508666992,9580.596453096568,252.91885384741244
1176,3,Case3,6x4_277,57.0,88.0,6x4,1,1,0.9999836683273315,5.996291292831302e-06,1.031216379487887e-05,9435.268850119559,7967.461646453598,13436.074676513672,11255.025974284088,1458.6182007743657
1177,2,Case3,6x4_278,18.0,78.0,6x4,2,2,3.066896624659421e-06,0.9999873638153076,9.55554423853755e-06,20986.89993534419,22361.193172713225,38395.97978037596,41235.250015225145,2073.1302315341845
1179,1,Case3,6x4_280,-31.0,-12.0,6x4,3,3,1.3402232070802711e-05,0.14716483652591705,0.8528217673301697,20774.18053463553,23273.438101213163,38936.22353363037,40901.292756619485,2059.7448842270237
1180,3,Case3,6x4_281,-72.0,-17.0,6x4,2,2,4.7003837266856863e-07,0.9999887943267822,1.0770973858598154e-05,20711.036763829376,23093.33454932231,38652.7662832737,39591.76909422186,912.8235450605243
1181,4,Case3,6x4_282,25.0,-74.0,6x4,2,2,5.982621223665774e-05,0.9806489944458008,0.019291192293167114,19272.65176735183,21658.612970527414,34735.819149017334,35865.68786841762,717.8949369587009
1182,1,Case3,6x4_283,34.0,-21.0,6x4,2,2,0.00010621644469210878,0.9323038458824158,0.06758995354175568,19016.767768615802,25108.071737760038,33876.189390182495,38936.81837692351,3737.2631887563202
1183,5,Case3,6x4_284,16.0,16.0,6x4,3,3,1.605082076139297e-07,3.5190325320400007e-07,0.9999995231628418,18689.25204022269,21491.138465397074,40013.31519699097,40829.70731475987,1040.1047164917609
1184,1,Case3,6x4_285,-21.0,55.0,6x4,2,2,8.9781478891382e-06,0.9999876022338867,3.4240867989865365e-06,19670.234272744197,22286.859293565496,35159.78921127319,35276.25740441811,300.0965052158977
1185,2,Case3,6x4_286,40.0,-87.0,6x4,3,1,0.9984336495399475,0.0015648879343643785,1.4507918422168586e-06,11036.653496965433,13952.628733611125,14015.524353027344,22558.168399094473,6989.98012084069
1186,4,Case3,6x4_287,-77.0,22.0,6x4,2,2,5.584708446804143e-07,0.9999983310699463,1.1354363778082188e-06,19868.523250725088,21875.102619655743,36425.47486972809,39100.012604800286,1851.7059306654858
1187,3,Case3,6x4_288,37.0,70.0,6x4,1,1,0.6124799847602844,0.38737013936042786,0.00014988631301093847,16300.188756217416,17314.336665278202,26060.21315765381,25382.039569989294,308.0381287535497
1188,3,Case3,6x4_289,-9.0,44.0,6x4,2,2,6.085666655053501e-07,0.9777522683143616,0.02224709838628769,21717.376436376882,24249.68403393553,39961.837451934814,40866.83337422706,658.6330253414887
1189,1,Case3,6x4_290,20.0,-82.0,6x4,2,2,1.7796796782931779e-06,0.9791429042816162,0.02085532806813717,20449.8820843123,21149.13999866072,37528.4433876276,37331.25158499415,492.8285996267119
1191,2,Case3,6x4_292,71.0,-88.0,6x4,1,1,0.9999998807907104,9.039005277600154e-08,5.127031244001046e-08,6687.873343672521,5699.064362741257,9789.160976409912,8689.258554198954,754.9878087770503
1192,1,Case3,6x4_293,-28.0,11.0,6x4,3,3,8.214510671678e-06,0.03485335782170296,0.9651384353637695,19541.8698952902,22584.671983285996,39641.33066749573,41205.43406460487,1761.110368177799
1194,2,Case3,6x4_295,-84.0,-9.0,6x4,2,2,3.6758342503162567e-07,0.9999781847000122,2.1398851458798163e-05,21530.979419450596,21594.576758148043,40561.31958556175,40869.910539979086,518.9718300702629
1195,5,Case3,6x4_296,-48.0,82.0,6x4,1,1,0.9999973773956299,1.2011403214273741e-06,1.4045581337995827e-06,12059.051590994488,10707.27376499435,17790.885147094727,13984.644571121797,2763.6708759324943
1196,4,Case3,6x4_297,-13.0,-4.0,6x4,3,3,9.53855396801373e-06,0.0037062810733914375,0.9962843060493469,17592.469012780097,18176.119999557613,39999.29505825043,40474.71931162225,700.8443801905626
1197,1,Case3,6x4_298,-19.0,-23.0,6x4,3,3,1.527895437902771e-05,0.005847014952450991,0.9941376447677612,20759.94345842013,22104.966002974994,38049.22520637512,38586.35098639711,1068.6684059298793
1198,2,Case3,6x4_299,5.0,-32.0,6x4,3,3,2.0729980576561502e-07,0.0005819625221192837,0.999417781829834,21929.104553035253,19796.109049883773,40736.26416969299,39745.03430841165,692.7801641406659
1199,2,Case3,6x4_300,51.0,46.0,6x4,1,1,0.9997736811637878,0.00022616526985075325,1.498101482866332e-07,15725.886817545963,15192.863314096836,18333.07551574707,17919.86773785361,296.60442667858973
1200,3,Case3,6x8_001,65.0,19.0,6x8,2,2,9.248365273606396e-08,0.9999997615814209,1.9642899928840052e-07,7524.224038148656,7345.511186831121,33776.032391786575,33363.911905599394,364.53677612611546
1201,5,Case3,6x8_002,40.0,-51.0,6x8,1,1,0.9994890689849854,0.0005106869502924383,2.822534668212029e-07,9915.333132586313,10133.018056506768,18071.812156677246,17112.831210900065,621.2023672962091
1205,3,Case3,6x8_006,-15.0,-74.0,6x8,2,2,1.3675263588197595e-08,0.9999544620513916,4.551699021249078e-05,7008.388160707061,6600.462804541511,35363.48408406973,35244.56792720242,118.26134310845026
1206,3,Case3,6x8_007,51.0,-83.0,6x8,1,1,0.9994658827781677,0.00028144015232101083,0.00025272584753111005,8488.488042930307,6529.670993563606,14388.524192810059,12182.5456702821,1689.3497175291197
1207,2,Case3,6x8_008,86.0,9.0,6x8,2,2,9.002069845109872e-08,0.9999487400054932,5.1203180191805586e-05,6278.405559330977,6620.173525848284,35618.45208120346,36823.303234755826,968.4004754470129
1208,2,Case3,6x8_009,-63.0,21.0,6x8,2,2,9.310753767977076e-08,0.9999996423721313,2.9810979640387814e-07,7795.507660502387,7507.9627227807305,32629.113290786743,31727.04829010387,586.521609398528
1209,5,Case3,6x8_010,-74.0,83.0,6x8,1,1,0.9999982118606567,1.0028630867964239e-06,8.139087412928347e-07,4291.496303165601,4014.0201597137457,8427.660251617432,7876.822821807245,376.089597308544
1210,5,Case3,6x8_011,-39.0,-9.0,6x8,3,3,2.8706267585221212e-08,0.0001797748263925314,0.9998202919960022,6767.43965099748,6064.227959753977,35850.71823883057,36288.865071373846,896.0521580953333
1211,5,Case3,6x8_012,-56.0,9.0,6x8,2,2,2.4917188312656435e-08,0.9999901056289673,9.922320714395028e-06,7210.366591820945,6696.605172394632,36972.372891783714,36628.00268560928,309.9055982256889
1212,3,Case3,6x8_013,61.0,33.0,6x8,2,2,2.5472465949860634e-06,0.9999974966049194,4.9565902493498015e-09,8807.624154653906,8635.101266246373,24362.78973197937,25486.748462158677,787.9300559823279
1213,5,Case3,6x8_014,19.0,79.0,6x8,2,2,3.313424912221308e-08,0.9999997615814209,1.7902060278629506e-07,7084.47014887711,6860.337608066326,33844.269014418125,33954.30634777574,295.14012247916645
1214,4,Case3,6x8_015,35.0,60.0,6x8,2,2,0.00032085165730677545,0.9996788501739502,2.548717361605668e-07,9054.329212065408,9438.796711926087,22749.634941101074,22752.18066992184,352.80444303977816
1215,1,Case3,6x8_016,75.0,-61.0,6x8,1,1,0.9999998807907104,8.871448642366886e-08,3.7768252525438584e-08,6890.709439484805,7222.969886038345,10801.775253295898,10734.37214676823,203.27533987240034
1218,2,Case3,6x8_019,-79.0,29.0,6x8,2,2,2.1092351687457267e-07,0.9999997615814209,4.552254750933571e-08,7800.312944908193,7750.9494234131935,28823.66388696432,29024.74490695723,295.0640155708946
1219,1,Case3,6x8_020,-2.0,48.0,6x8,2,2,5.379907719316179e-08,0.9741082191467285,0.02589169330894947,6911.159924844127,6470.91971296324,37567.49886202812,37793.157426228085,212.9828827915201
1220,2,Case3,6x8_021,-49.0,-67.0,6x8,1,1,0.999996542930603,3.4987986055057263e-06,3.9123257522533095e-08,9587.902988942242,7937.905868323531,15741.880012512207,11840.07936758257,2664.4924652776904
1221,4,Case3,6x8_022,43.0,-33.0,6x8,2,2,0.00634485948830843,0.9936500191688538,5.11236203237786e-06,9082.27771426675,9320.335995200552,21935.41286087036,21809.64379317204,294.21373665526403
1222,2,Case3,6x8_023,62.0,-67.0,6x8,1,1,1.0,5.17079357109651e-08,1.2342626476424812e-08,7299.230124218186,6876.9416696392655,11145.458297729492,9480.168581781249,1141.0998974813094
1223,1,Case3,6x8_024,30.0,75.0,6x8,2,2,2.705485258047702e-07,0.9999978542327881,1.8201093325842521e-06,8015.284047360245,7465.5149774403435,28051.139772698283,30845.93180579367,1902.6629065908376
1225,2,Case3,6x8_026,-81.0,73.0,6x8,1,1,0.9999996423721313,2.2301516366951546e-07,5.972331962311728e-08,4542.146692198235,4452.1831171280355,8605.720348358154,7695.165052824377,632.645229288762
1229,3,Case3,6x8_030,15.0,-12.0,6x8,3,3,1.5313153767237964e-07,5.222409981797682e-06,0.9999946355819702,5244.46613065066,5290.315744772248,36504.724475085735,37163.61393531194,876.4911910109336
1230,2,Case3,6x8_031,-55.0,-62.0,6x8,1,1,0.9999997615814209,2.4869939352356596e-07,1.4977821649608813e-08,8800.720495346392,9033.982218903922,12615.7841796875,11824.00249560905,678.1080014268834
1231,5,Case3,6x8_032,-19.0,-7.0,6x8,3,3,4.831285149720088e-09,1.1404247324264816e-08,1.0,5181.719601493141,5124.068955141825,36802.607921898365,38183.36272221694,1514.1857103133132
1233,4,Case3,6x8_034,-43.0,-15.0,6x8,2,3,1.654617136637171e-07,0.0017942101694643497,0.9982056617736816,7322.088663289745,6507.850211792507,33762.03829574585,35365.979651503025,1638.4618360028328
1234,1,Case3,6x8_035,70.0,81.0,6x8,1,1,0.9999966621398926,3.232350309190224e-06,1.5348156523486978e-07,4898.790939411711,5372.921320914151,8948.375633239746,8794.94154810509,140.39026691638742
1235,3,Case3,6x8_036,8.0,25.0,6x8,3,3,2.418977551599255e-08,1.3551208439821494e-06,0.9999986886978149,5722.520737528544,5572.166842633505,36613.93920326233,35237.225676625625,1119.6703996682083
1236,4,Case3,6x8_037,-85.0,67.0,6x8,1,1,0.9999995231628418,5.319959086591552e-07,4.32903526359496e-08,5061.911776993923,5457.7083074031025,9331.517364501953,8983.12593918623,305.46712663515285
1237,4,Case3,6x8_038,-56.0,52.0,6x8,1,1,0.9999970197677612,3.0336070722114528e-06,3.4206997234775827e-09,9708.364401091494,10361.411002482448,13366.981964111328,13849.717933829003,357.18606334249995
1238,5,Case3,6x8_039,64.0,42.0,6x8,2,1,0.9626515507698059,0.03734820708632469,2.0003643896870926e-07,9354.945515556834,9910.501639420194,18853.009757995605,17364.295480632474,940.1030140366247
1241,4,Case3,6x8_042,84.0,51.0,6x8,1,1,0.997626006603241,0.0023739777971059084,4.447666768214731e-08,8418.101373652402,8778.199407303873,14383.835975646973,14753.090369566517,477.3664282361519
1242,1,Case3,6x8_043,79.0,-71.0,6x8,1,1,0.9999996423721313,6.058807855424675e-08,1.8951325841953803e-07,4955.136996827559,5231.4631731341415,8927.211688995361,8625.728679648633,291.0919207195262
1244,3,Case3,6x8_045,-18.0,-35.0,6x8,3,3,7.784183253534138e-07,0.030442241579294205,0.969556987285614,7104.411917835755,6902.317391411038,32258.847714424133,33220.503456458515,886.9882288985793
1245,1,Case3,6x8_046,-76.0,-77.0,6x8,1,1,0.9999954700469971,4.250816800777102e-06,1.8604345086714602e-07,4637.413712708471,4626.04437639024,8579.262161254883,7993.440415107126,400.58959024784923
1246,1,Case3,6x8_047,42.0,27.0,6x8,2,2,1.0405283319414593e-06,0.9999977350234985,1.2809804275093484e-06,8279.967262373988,8174.809471715048,26066.88731956482,28190.81996941489,1351.1690197942214
1247,3,Case3,6x8_048,1.0,71.0,6x8,2,2,5.1673159084941744e-09,0.9999972581863403,2.735025418587611e-06,6563.468961879951,6200.87445579529,37520.93623316288,37915.40785618927,430.3576466081742
1248,4,Case3,6x8_049,-37.0,22.0,6x8,2,2,1.3512749319488648e-05,0.7354743480682373,0.26451215147972107,7642.469373378412,7331.537271552824,29730.569416046143,31603.557223156167,1753.2110503069784
1249,4,Case3,6x8_050,-16.0,44.0,6x8,2,2,3.0370248538247324e-08,0.9999853372573853,1.4617645319958683e-05,7429.534916811786,7444.634240790004,33391.49010181427,34392.1520405622,851.6604969509108
1250,2,Case3,6x8_051,28.0,57.0,6x8,2,2,2.32737716032716e-06,0.9999973773956299,2.9126314871064096e-07,8469.189546572357,8683.146874449458,27317.886525154114,27461.00437366257,404.13540905311424
1251,3,Case3,6x8_052,-79.0,34.0,6x8,2,2,3.027858497262059e-07,0.9999996423721313,5.708201911147626e-09,8162.8014153166905,7931.650123652543,25674.852959632874,26974.207492593436,1004.7445154097952
1252,2,Case3,6x8_053,3.0,87.0,6x8,2,2,3.519895841463949e-08,0.9999935626983643,6.3617935666115955e-06,6097.274114105937,6082.948209066744,35786.184359550476,36592.099093567136,762.5643747556059
1253,5,Case3,6x8_054,-17.0,-44.0,6x8,2,2,3.554949898898485e-07,0.9615600109100342,0.03843969106674194,7415.760628275197,7211.259330763369,32829.24737453461,32044.6887619246,490.66834808228805
1254,3,Case3,6x8_055,44.0,-49.0,6x8,1,1,0.9999665021896362,3.3394244383089244e-05,1.4311152085610956e-07,10549.651234647934,10578.901191759613,16422.475189208984,16288.536318440896,166.49886622883187
1255,5,Case3,6x8_056,67.0,-19.0,6x8,2,2,3.7331588487177214e-08,0.9999998807907104,2.9471278750747842e-08,7575.267173406533,7493.969764006654,33866.84399306774,33799.66692526912,339.2606357920504
1256,4,Case3,6x8_057,2.0,74.0,6x8,2,2,1.8115814626185056e-08,0.9999831914901733,1.678412991168443e-05,6404.5765113421485,5974.333070381986,37143.717519164085,38860.84718131023,1260.8157940428828
1257,3,Case3,6x8_058,82.0,19.0,6x8,2,2,1.240407669911292e-07,0.9999990463256836,8.823923849377024e-07,6990.421326106947,6885.434494448864,33747.492173314095,34064.38955906586,515.0555407787805
1258,4,Case3,6x8_059,14.0,3.0,6x8,3,3,7.807208390886444e-08,3.918955371773336e-06,0.9999959468841553,4721.089115915396,4877.360648598104,36336.157368421555,37363.003140645495,942.5897081942694
1259,2,Case3,6x8_060,44.0,-84.0,6x8,2,1,0.9076589941978455,0.09233364462852478,7.368929345830111e-06,8518.496274441966,8129.603583498679,19655.73733139038,18486.493602159404,788.1597733817118
1260,2,Case3,6x8_061,0.0,-52.0,6x8,2,2,1.223475578626676e-07,0.9579751491546631,0.042024772614240646,6986.884563563323,6322.661910261237,37861.77801042795,38400.31094596261,553.8792559272798
1261,3,Case3,6x8_062,33.0,26.0,6x8,2,2,3.0448429242824204e-05,0.9844493269920349,0.015520177781581879,7828.853848038589,7950.486695996447,27993.73330116272,28330.842688895016,364.1250024884531
1262,3,Case3,6x8_063,-75.0,38.0,6x8,2,2,7.27080396245583e-06,0.9999927282333374,4.034259148966157e-09,8564.10510985636,8514.178838435053,22802.475021362305,23659.12857315437,773.0494756171779
1263,3,Case3,6x8_064,-20.0,55.0,6x8,2,2,1.4474950127407737e-08,0.9999998807907104,7.567396664853732e-08,7891.335126607133,7943.168736858724,32376.72755739093,31838.92547386176,499.1575200322772
1264,5,Case3,6x8_065,72.0,31.0,6x8,2,2,1.0202228395428392e-06,0.999998927116394,1.2960508222192857e-08,8228.556080062759,8193.212557239678,27195.764330387115,27559.235648176822,347.26358351578455
1266,4,Case3,6x8_067,-83.0,68.0,6x8,1,1,0.9999996423721313,3.6425515759219707e-07,4.5728523190291526e-08,5037.133195018236,5336.509597065195,9199.939998626709,8756.077071282198,360.9432470056774
1267,4,Case3,6x8_068,-26.0,-1.0,6x8,3,3,2.8575287913668035e-08,7.431117865053238e-06,0.9999926090240479,5677.412801135068,5092.789671542322,37100.69652557373,37728.794777994764,797.2944090635965
1268,5,Case3,6x8_069,-36.0,57.0,6x8,2,1,0.8213883638381958,0.17861111462116241,4.653651899388933e-07,9272.518168259172,9606.399568423001,21486.99746322632,19480.513072183257,1274.1360135309792
1269,1,Case3,6x8_070,-89.0,-51.0,6x8,1,1,0.9887464642524719,0.011253089644014835,4.390464880543732e-07,8249.701067765836,8685.126352231131,14458.86022567749,16199.169772228923,1190.414703359405
1270,2,Case3,6x8_071,-45.0,-29.0,6x8,2,2,1.4392827324627433e-05,0.9999792575836182,6.34575462754583e-06,8588.500874257914,8218.885769808312,24727.49139213562,25527.715139845823,612.4352170219105
1271,4,Case3,6x8_072,-29.0,13.0,6x8,3,3,5.1376058962659954e-08,1.4995831406849902e-05,0.9999849796295166,6421.020342466547,5532.526281343598,35117.59205055237,36594.45751892126,1418.9961356299777
1272,4,Case3,6x8_073,-22.0,46.0,6x8,2,2,7.543790303543574e-08,0.9999997615814209,1.4183999041961215e-07,7991.318059068361,8154.051797874963,29961.142296791077,30606.865702199175,579.1575061984149
1273,4,Case3,6x8_074,-1.0,-8.0,6x8,3,3,1.0142261430701183e-07,3.910000032192329e-06,0.9999959468841553,4458.615577910378,4974.044617363993,34581.82697916031,37565.184937627,1783.6767882709482
1274,5,Case3,6x8_075,-22.0,82.0,6x8,2,2,2.5120334257167087e-08,0.9999998807907104,9.342152651470315e-08,7138.576514473828,7112.4135178227225,32541.30011790991,32433.772232796226,341.44393242346865
1275,4,Case3,6x8_076,50.0,5.0,6x8,2,2,3.858900470277149e-07,0.6541683077812195,0.34583133459091187,7036.320129332741,6235.420817989705,37377.317967653275,37432.513281883264,436.24356528587765
1278,4,Case3,6x8_079,-67.0,39.0,6x8,2,2,0.000518817629199475,0.9994812607765198,7.88436338439169e-09,9028.989566253744,9342.401046172048,21204.891162872314,21595.930780802686,362.16431383526617
1279,4,Case3,6x8_080,-53.0,-64.0,6x8,1,1,0.9999996423721313,4.028136117995018e-07,1.1407855105005638e-08,10111.146711082843,8926.91652912914,14173.245239257812,12905.072123946364,771.7693089441724
1280,2,Case3,6x8_081,-38.0,-72.0,6x8,2,2,0.12450087070465088,0.8754801154136658,1.8984101188834757e-05,8680.800592914631,7339.6950211529365,22483.64617919922,18456.914488270137,2634.7196133046095
1281,1,Case3,6x8_082,85.0,48.0,6x8,1,2,0.18843212723731995,0.811567485332489,3.9175168353722256e-07,8578.513992319487,8791.894075052041,17553.98579788208,17369.493474542393,142.45831209632982
1282,5,Case3,6x8_083,-12.0,85.0,6x8,2,2,1.0026712793376191e-08,0.9999995231628418,4.745475621348305e-07,6463.958490693491,6067.512712664084,35424.888345718384,35542.95833610916,365.6942478781333
1283,4,Case3,6x8_084,77.0,-48.0,6x8,1,1,0.9991725087165833,0.0008271960541605949,1.794686852463201e-07,8906.27660502941,8983.745682854862,17159.611248016357,15716.27166795386,937.2673166690209
1284,1,Case3,6x8_085,45.0,75.0,6x8,2,1,0.6754587888717651,0.32452842593193054,1.2782400517608039e-05,8900.982015934325,8202.867077666288,18554.359394073486,17054.687363112094,1016.5227124048831
1285,2,Case3,6x8_086,-41.0,-54.0,6x8,1,1,0.9997237324714661,0.0002761952637229115,4.697146493981563e-08,9852.83434575456,10047.045417261937,17830.686027526855,15971.139099216185,1226.3150221349067
1286,1,Case3,6x8_087,-38.0,89.0,6x8,2,2,4.0444472688250244e-05,0.9999589920043945,5.498831683325989e-07,8149.316952421689,8646.717325011048,23348.006154060364,23424.487616168648,225.94172840766956
1288,3,Case3,6x8_089,18.0,-35.0,6x8,3,3,7.227969831546943e-07,0.02809649333357811,0.9719028472900391,7100.982621180198,6866.740135902584,32288.256896018982,33207.79402673749,1040.4443579435233
1289,4,Case3,6x8_090,-65.0,24.0,6x8,2,2,6.252030715359069e-08,0.9999998807907104,3.86338250280005e-08,7982.342931067636,7164.865028356134,31071.103372842073,31332.8392870117,309.0620016317018
1290,5,Case3,6x8_091,11.0,36.0,6x8,3,2,3.131076198314986e-07,0.9944489002227783,0.00555080221965909,6627.652973903583,6721.175361144125,35250.075733184814,36004.39791777622,760.2440881870223
1291,3,Case3,6x8_092,-38.0,-40.0,6x8,1,1,0.5847111940383911,0.41528502106666565,3.777978918151348e-06,9785.012728640324,9196.434398024949,19993.843063354492,18088.69474916631,1353.456176291389
1292,4,Case3,6x8_093,-70.0,-78.0,6x8,1,1,0.9999932050704956,6.26201426712214e-06,5.191672016735538e-07,5159.2463290288115,4534.23241475128,9096.195659637451,8198.695345507678,621.4862181747121
1293,3,Case3,6x8_094,73.0,-55.0,6x8,1,1,0.9999996423721313,1.9450520483133005e-07,9.303723658149465e-08,8508.131886261093,8212.695964265788,12606.26262664795,12163.063665139369,458.7110014801088
1294,3,Case3,6x8_095,68.0,-30.0,6x8,2,2,7.973873152877786e-07,0.9999991655349731,2.378747510078938e-08,8333.378532982306,7860.12335952733,27488.70371723175,28931.560499872146,1004.1139322822671
1295,5,Case3,6x8_096,84.0,-52.0,6x8,1,1,0.9999926090240479,7.21899732525344e-06,1.316294770958848e-07,8166.172607527085,8089.99930668764,13970.095970153809,13944.031705024325,250.0092577812219
1300,3,Case3,6x8_101,48.0,15.0,6x8,2,2,2.5741846343407815e-07,0.9996641874313354,0.0003355166409164667,7432.226229484006,6853.585834234493,34197.79351615906,34879.993390448144,729.2485583403052
1302,1,Case3,6x8_103,66.0,14.0,6x8,2,2,1.2224561807272494e-08,0.999997615814209,2.3454815618606517e-06,7184.262851352114,7103.388750492091,35819.824682056904,34945.39144904371,599.8801674892119
1303,2,Case3,6x8_104,83.0,3.0,6x8,2,2,1.0403125827451731e-07,0.9996612071990967,0.0003387008036952466,6092.318340201479,6383.297624977265,35993.04936885834,37971.68218576266,1411.1068826422818
1304,1,Case3,6x8_105,89.0,-77.0,6x8,1,1,0.9999992847442627,1.3217805872045574e-07,5.97426890180941e-07,3805.380473736686,4150.086323491799,8015.602584838867,8052.293800807298,138.5561547117473
1305,1,Case3,6x8_106,-12.0,43.0,6x8,2,2,7.199012941327965e-08,0.9824953079223633,0.01750454306602478,7094.357934988239,6520.0014597608415,35105.361810684204,36325.431420634195,913.5150958991997
1310,2,Case3,6x8_111,7.0,87.0,6x8,2,2,3.932257897076852e-08,0.999995231628418,4.704600542027038e-06,6249.152885527738,6180.363273462533,35699.10906779766,36092.92100381562,585.2208530386994
1311,5,Case3,6x8_112,21.0,-8.0,6x8,3,3,5.5435243062618156e-09,1.874666999412966e-08,1.0,5371.162629558365,5254.462184362627,36769.71540403366,37500.332679556195,901.6007652638802
1312,5,Case3,6x8_113,35.0,-2.0,6x8,3,3,4.291802024880553e-09,1.391297473674058e-06,0.9999985694885254,6318.030640230154,5429.663916448513,36915.87106132507,37003.09146842221,647.8288838149441
1313,2,Case3,6x8_114,-35.0,-78.0,6x8,2,2,4.1439350752625614e-05,0.9999526739120483,5.913557743042475e-06,8222.349213646074,7575.5521943729555,24949.17180633545,23863.914023153386,655.1435787775828
1314,3,Case3,6x8_115,22.0,74.0,6x8,2,2,2.660254594388789e-08,0.9999998807907104,1.1134082456010219e-07,7445.467270484865,7116.4411607505735,32591.521212637424,32135.283102354042,374.407520599988
1315,1,Case3,6x8_116,12.0,-85.0,6x8,2,2,5.494847954423676e-08,0.9950734972953796,0.0049264030531048775,6465.063323678779,6044.479100724951,35431.03103160858,36124.31342928393,523.3069365717425
1316,3,Case3,6x8_117,-87.0,33.0,6x8,2,2,1.0157613417050015e-07,0.9999998807907104,8.709617027591321e-09,7847.524023385839,7799.891124876292,26501.251106262207,28435.169894087456,1435.8479770882539
1317,4,Case3,6x8_118,54.0,-88.0,6x8,1,1,0.9993742108345032,0.00043455397826619446,0.00019115698523819447,7423.67117461338,6389.710232012644,13072.950675964355,11912.85214784306,964.5210139117645
1318,4,Case3,6x8_119,31.0,-10.0,6x8,3,3,5.018576132442831e-08,5.153177880856674e-06,0.9999948740005493,6210.350260559193,5509.294273069417,35777.01540184021,37065.67209702521,1258.6193265596696
1319,2,Case3,6x8_120,-58.0,-26.0,6x8,2,2,4.231997650094854e-07,0.9999992847442627,3.4030330198220327e-07,8283.694255242888,7695.177740972919,28866.781861782074,28702.79590010356,137.77715042746357
1321,2,Case3,6x8_122,20.0,-73.0,6x8,2,2,2.2298505086837395e-07,0.9999828338623047,1.6912343198782764e-05,7393.279409982616,7492.452510621495,33537.74735723436,33829.4245399695,360.1901164371803
1322,5,Case3,6x8_123,76.0,4.0,6x8,2,2,9.338469197928134e-08,0.9999563694000244,4.3549996917136014e-05,6354.458186437243,6700.358321022834,36811.26624801755,36041.850764039606,677.7018865397716
1324,4,Case3,6x8_125,-3.0,72.0,6x8,2,2,1.5176283341133967e-08,0.9999871253967285,1.2846510799136013e-05,6524.992565918011,6042.421686318501,37366.78928772174,38979.69280055743,1217.130941022134
1325,4,Case3,6x8_126,-8.0,18.0,6x8,3,3,3.289736127953802e-08,1.7218065977431252e-06,0.9999983310699463,5232.978617811867,5013.048363109216,36770.634955149144,37175.04196485746,523.8253569126741
1326,5,Case3,6x8_127,-66.0,77.0,6x8,1,1,0.999998927116394,8.831819968690979e-07,2.1976232744691515e-07,5823.02316160585,4934.025798632434,9722.757888793945,8837.57562766723,652.9241104096996
1327,3,Case3,6x8_128,59.0,-70.0,6x8,1,1,0.9999990463256836,5.743630637766728e-08,9.317343483417062e-07,7556.256506674854,6433.257142595627,11689.819610595703,9465.836434328643,1478.7424341476747
1328,3,Case3,6x8_129,24.0,11.0,6x8,3,3,6.469620217330885e-08,4.771668955072528e-06,0.9999951124191284,5787.35396635674,5010.923355687033,36175.08353614807,36968.51594195799,761.6028713228277
1330,4,Case3,6x8_131,41.0,53.0,6x8,1,1,0.952396035194397,0.04760349914431572,4.092943015621131e-07,9893.351128859907,9978.897594032082,17725.2247467041,16357.665997027878,899.0697825937817
1331,2,Case3,6x8_132,38.0,35.0,6x8,2,2,0.0004618696984834969,0.9995375871658325,5.279588890516607e-07,9260.239153875234,9057.2908031575,21754.505031585693,21368.865763961498,422.69411595125644
1332,2,Case3,6x8_133,-21.0,37.0,6x8,2,2,6.231784368537774e-07,0.9997749924659729,0.00022434175480157137,7573.1538247700055,7479.563216962695,30381.42730998993,30859.257314077953,657.3796405861669
1333,1,Case3,6x8_134,-56.0,37.0,6x8,2,2,0.0003785808803513646,0.9996213912963867,1.850655984014793e-08,9358.531050478816,9405.38600571191,20602.47836303711,21034.59749806595,206.20954338047983
1334,1,Case3,6x8_135,39.0,-76.0,6x8,2,2,0.0008648157818242908,0.9987273812294006,0.00040779775008559227,8590.93301384347,8847.054197787802,22243.89108657837,22516.88157700794,165.73018802241285
1335,4,Case3,6x8_136,8.0,-68.0,6x8,2,2,2.666651610638837e-08,0.999935507774353,6.446230690926313e-05,6874.274104496997,6855.878531739854,37250.71263194084,36088.211155922094,829.6919306944101
1336,2,Case3,6x8_137,68.0,53.0,6x8,1,1,0.9999616146087646,3.835790994344279e-05,2.5321989838289483e-08,9757.606540082235,9123.887511664387,14443.67292022705,13462.052976602277,491.5909581323978
1337,2,Case3,6x8_138,-28.0,-75.0,6x8,2,2,6.568739081558306e-07,0.9999897480010986,9.54125243879389e-06,7885.83162693426,7686.253136106057,29272.32391630113,30601.207396683447,1147.8657661077407
1339,4,Case3,6x8_140,1.0,-3.0,6x8,3,3,1.534822331450414e-07,4.686049123847624e-06,0.999995231628418,11666.361419880124,4989.2028629708575,38677.14109802246,37294.130729364304,2215.6747335098935
1343,5,Case3,6x8_144,-86.0,-39.0,6x8,2,2,3.044454842893174e-06,0.9999969005584717,1.4559137007097434e-08,8245.2091005155,8235.291479111975,22677.733964920044,24465.93951008089,1316.7840984472437
1344,1,Case3,6x8_145,29.0,32.0,6x8,2,2,0.00021033434313721955,0.9992926120758057,0.0004969764268025756,8213.725370626771,8365.63543945906,26804.465641498566,26372.995157485057,444.5659377483145
1347,5,Case3,6x8_148,46.0,-62.0,6x8,1,1,0.9999970197677612,2.9145799089747015e-06,1.5904531380783737e-07,9783.137497338115,9669.31617304749,16456.991203308105,14972.60655223156,957.3394818604497
1348,2,Case3,6x8_149,24.0,-59.0,6x8,2,2,8.048388053794042e-07,0.9999955892562866,3.5888444926968077e-06,8155.214235977045,7797.313272334213,30409.301865816116,30824.89920450466,467.3925539669903
1349,2,Case3,6x8_150,15.0,-47.0,6x8,2,2,6.791798341510003e-07,0.998672604560852,0.0013267977628856897,7446.097303996584,7013.648097355315,34138.97739696503,34124.342340933246,362.5687271415181
1350,1,Case3,6x8_151,-66.0,-82.0,6x8,1,1,0.9990687966346741,0.0009273619507439435,3.770931016333634e-06,5373.7745298167065,4514.144672690873,9582.351867675781,8816.468247164174,549.8331180869986
1351,3,Case3,6x8_152,-23.0,-66.0,6x8,2,2,2.7586921191868896e-08,0.9999978542327881,2.108023636537837e-06,7800.064742828617,7581.778982782845,31717.45244203182,30633.559786001642,708.9343264149612
1352,5,Case3,6x8_153,50.0,-62.0,6x8,1,1,0.9999995231628418,3.171840035065543e-07,9.597828665164343e-08,10092.907418373728,9069.008520011666,14907.856819152832,13316.153606940079,1044.7301970571316
1353,2,Case3,6x8_154,-65.0,-65.0,6x8,1,1,0.9999998807907104,1.4617857857501804e-07,2.461858805702377e-08,7118.58233050215,7494.686154805342,10910.121948242188,10122.824292086896,602.8693028119433
1354,4,Case3,6x8_155,11.0,-32.0,6x8,3,3,2.4589571268052168e-08,4.506676305027213e-06,0.9999954700469971,6456.77124940812,6374.182844342993,35461.84052848816,34994.04309402513,355.02069949569466
1355,5,Case3,6x8_156,70.0,-86.0,6x8,1,1,0.9999847412109375,3.903784033809643e-07,1.4853469110676087e-05,4628.682805172048,4019.97417287626,8830.880466461182,8130.063467563357,514.0057464063659
1356,3,Case3,6x8_157,78.0,-26.0,6x8,2,2,5.127217832523456e-07,0.9999994039535522,7.953251213166368e-08,7605.588560620867,7522.301253765446,30528.765560388565,31175.129631444503,530.6693934699625
1357,4,Case3,6x8_158,17.0,-43.0,6x8,2,2,2.7776675324275857e-06,0.9491210579872131,0.050876155495643616,7452.457229851058,7479.41314952311,32788.26205825806,31937.248170487106,676.6610933136523
1359,4,Case3,6x8_160,47.0,-13.0,6x8,2,2,1.021619596031087e-06,0.8116303086280823,0.18836872279644012,7323.676722964833,6397.783590034742,35000.142886161804,37142.15448707178,1697.2954984675089
1360,3,Case3,6x8_161,-43.0,-45.0,6x8,1,1,0.9996256828308105,0.0003741929540410638,1.2233245172410534e-07,10526.70491771137,10373.28183902686,17255.99666595459,15737.657590993027,1065.5830279786132
1362,1,Case3,6x8_163,-84.0,28.0,6x8,2,2,1.5023433164174094e-08,1.0,2.8897455095489022e-08,7573.259908729455,7508.262100920976,29475.75877714157,30552.838124650312,762.6427045455999
1364,4,Case3,6x8_165,-5.0,10.0,6x8,3,3,9.164832448504967e-08,3.7684028484363807e-06,0.9999960660934448,4616.933906948276,4865.936631807759,35385.63230009377,37102.09530706392,1089.967839576942
1365,3,Case3,6x8_166,-61.0,-3.0,6x8,2,2,1.345669176089359e-07,0.997806966304779,0.002192854881286621,6983.137187310844,6731.699660214072,37977.43780386448,37587.0268486302,412.32243798099677
1366,5,Case3,6x8_167,-4.0,-6.0,6x8,3,3,6.2803779954379024e-09,7.913275368309769e-09,1.0,4475.429064875118,5085.185966493956,34403.83818817139,38280.8524088179,2707.0481621354147
1367,5,Case3,6x8_168,-5.0,-1.0,6x8,3,3,6.017794706991708e-09,8.027763342965955e-09,1.0,11596.198175792388,5082.8063010207825,38294.377558231354,38340.46354957131,1614.9759721366229
1368,5,Case3,6x8_169,58.0,-70.0,6x8,1,1,0.9999996423721313,7.127128753836587e-08,2.7103141064799274e-07,7739.77926808732,7116.1501685790645,11941.01375579834,10804.656639108896,774.064694718784
1370,1,Case3,6x8_171,-6.0,-18.0,6x8,3,3,2.1808743255746776e-08,1.9038440086660557e-06,0.9999980926513672,5089.866871509018,5390.889023445658,36823.1075347662,38715.74181898374,1709.2861325412944
1372,4,Case3,6x8_173,82.0,-55.0,6x8,1,1,0.9999985694885254,1.343194639957801e-06,6.12385164799889e-08,7472.678202325305,7296.212677608184,12685.558261871338,11798.615482600795,755.2261889531804
1373,5,Case3,6x8_174,-76.0,51.0,6x8,1,1,0.9993000030517578,0.0007000280311331153,3.565371642366699e-08,9047.427144463363,8750.009266847228,15764.211769104004,14335.018154971536,868.3993085963076
1374,1,Case3,6x8_175,-73.0,85.0,6x8,1,1,0.9999980926513672,1.7040656530298293e-06,2.8009881702928396e-07,4298.767565050063,4065.495688593293,8476.20136642456,7804.273503579944,483.387550439856
1375,1,Case3,6x8_176,-36.0,30.0,6x8,2,2,4.3625304897432216e-06,0.9999909400939941,4.746541435451945e-06,8548.896667769483,8575.106301166627,24884.28039932251,26276.0643525938,903.7892630600664
1376,5,Case3,6x8_177,25.0,-81.0,6x8,2,2,3.732587927629538e-08,0.9999861717224121,1.3846651199855842e-05,7423.009736441361,7369.999031957454,31113.929184675217,32657.13690786009,1175.8979387591953
1377,3,Case3,6x8_178,27.0,63.0,6x8,2,2,1.323913352280215e-07,0.9999997615814209,4.886782178914473e-08,8265.42436139755,8237.875519007042,28932.5890045166,29375.61572925253,456.4164667784507
1378,4,Case3,6x8_179,73.0,-44.0,6x8,1,1,0.8537544012069702,0.14624452590942383,1.1522159866217407e-06,8955.63071410123,9418.222030863737,18908.00440979004,17938.466654158696,640.5912887931496
1379,2,Case3,6x8_180,-14.0,88.0,6x8,2,2,7.153326464504062e-08,0.999998927116394,1.0238525192107772e-06,6545.629000487574,6480.468768348752,34994.410708904266,33741.14116450839,781.9221680535677
1380,2,Case3,6x8_181,88.0,45.0,6x8,2,2,0.1407695710659027,0.8592301607131958,2.6294080157640565e-07,8451.107427438883,8772.572022588613,19176.272129058838,18806.47429552581,233.33954071011064
1381,3,Case3,6x8_182,-14.0,42.0,6x8,2,2,4.1879363976704553e-08,0.9989737272262573,0.0010262819705531001,7194.064545145668,6922.924858657214,34222.03645515442,37287.665261954215,2281.883691693446
1383,1,Case3,6x8_184,83.0,43.0,6x8,2,2,0.00029573202482424676,0.9997041821479797,3.5586388946740044e-08,8463.30543035326,9129.11986569916,20192.0601272583,20692.32622882184,340.94732649520944
1384,2,Case3,6x8_185,-18.0,49.0,6x8,2,2,5.723197560314475e-08,0.9999982118606567,1.6912465525820153e-06,7673.002966797708,7504.434069579046,32798.60225439072,31564.694323764936,838.5222103026161
1385,3,Case3,6x8_186,-54.0,1.0,6x8,2,2,1.872760577725785e-07,0.9916792511940002,0.008320532739162445,6935.904182205977,6710.805641860576,37927.22586289048,37713.215485556,461.73768607359494
1386,3,Case3,6x8_187,-47.0,-37.0,6x8,2,2,0.06366823613643646,0.9363312125205994,5.783479082310805e-07,9606.501330315676,9030.501373096145,19459.410552978516,19114.630988814264,253.85980766426053
1387,3,Case3,6x8_188,-40.0,56.0,6x8,1,2,0.3563152253627777,0.643684446811676,3.6410921211427194e-07,9675.16863801265,10115.201526686396,18709.24757385254,19269.584107005376,661.2521841598532
1389,3,Case3,6x8_190,-80.0,40.0,6x8,2,2,1.54091467265971e-05,0.999984622001648,5.4288005202352e-09,8422.872777840304,8649.965772441885,21871.981464385986,22943.954297118835,881.307104950114
1390,2,Case3,6x8_191,-75.0,6.0,6x8,2,2,5.0533802919972004e-08,0.9999327659606934,6.71851375955157e-05,6422.412645482792,6390.287215464445,36881.030034542084,37877.84734778328,952.3173903437432
1391,5,Case3,6x8_192,89.0,-86.0,6x8,1,1,0.9999884366989136,1.965024694072781e-07,1.1371475920896046e-05,3263.2384852150544,3670.2287495679157,7514.056431770325,7746.062427278286,246.54719185475756
1392,2,Case3,6x8_193,48.0,41.0,6x8,1,2,0.17247001826763153,0.8275291323661804,8.300415856865584e-07,10138.970888222835,9993.300831977935,17494.41123199463,18027.369629656474,549.2193475099504
1393,2,Case3,6x8_194,-11.0,-16.0,6x8,3,3,2.127592502176867e-08,2.155326001229696e-06,0.9999978542327881,5228.982367353595,5325.050064558458,36571.86664223671,37334.48675580847,955.2278655684089
1394,1,Case3,6x8_195,12.0,71.0,6x8,2,2,1.006356153965271e-08,0.9999923706054688,7.560710855614161e-06,6943.969177304097,6645.197352670026,36307.831359386444,37334.23052234377,704.3226666720984
1395,4,Case3,6x8_196,-32.0,84.0,6x8,2,2,1.1189359611307736e-05,0.999988317489624,4.982474024473049e-07,7819.0313174857465,8111.210495510267,27077.732695817947,26784.170701619736,301.3670136449314
1396,5,Case3,6x8_197,-80.0,-38.0,6x8,2,2,5.673608484357828e-06,0.9999942779541016,1.5663191632597773e-08,8318.639383663185,8353.881473225867,23104.887689590454,24288.88945892795,924.6896767211283
1397,5,Case3,6x8_198,-82.0,-53.0,6x8,1,1,0.9998874664306641,0.00011238637671340257,6.38666151075995e-08,8013.239517912473,8502.605105704148,13509.727100372314,14317.904405808957,594.5585678450636
1399,4,Case3,6x8_200,88.0,-42.0,6x8,2,2,0.053308211266994476,0.9466909766197205,7.544093705291743e-07,8369.427687454398,8999.949952072275,20877.812116622925,18849.250330042734,1353.1596943035415
1400,2,Case3,6x8_201,-73.0,-27.0,6x8,2,2,1.5468668834728305e-07,0.9999997615814209,8.219768687922624e-08,7833.200873076521,7419.701421123437,29774.032919727266,29678.65865317173,224.37075799624762
1401,2,Case3,6x8_202,-24.0,-76.0,6x8,2,2,2.009403345937244e-07,0.9999692440032959,3.054437183891423e-05,7562.042931729598,7276.315640834509,31578.735417425632,33190.356307511785,1351.372673508259
1402,2,Case3,6x8_203,33.0,58.0,6x8,2,2,0.00015165682998485863,0.9998481273651123,2.3628466294667305e-07,8922.736624749012,9067.388859177296,23818.8722114563,23446.079438721288,398.74898843530707
1404,1,Case3,6x8_205,-58.0,-50.0,6x8,1,1,0.9999991655349731,8.36365131817729e-07,2.6492497084973365e-08,10472.657888161299,9914.186570468402,14659.891571044922,14036.140870456149,356.9343601969638
1405,1,Case3,6x8_206,4.0,90.0,6x8,2,2,6.200614244278313e-09,0.9999611377716064,3.887294224114157e-05,6074.178893100809,5915.484516790831,35691.74726486206,38208.74360548697,1598.524360876185
1406,1,Case3,6x8_207,19.0,-83.0,6x8,2,2,5.9151577858074234e-08,0.9986801743507385,0.0013197673251852393,6869.886997972456,6519.7672613899795,33745.33498287201,34455.86446007872,622.9220327584308
1408,4,Case3,6x8_209,58.0,-69.0,6x8,1,1,0.9999997615814209,7.888697695079827e-08,9.605760453723633e-08,7789.59403319423,7030.705399726646,11928.541625976562,10367.599865533775,1036.4801787785307
1409,3,Case3,6x8_210,-10.0,23.0,6x8,3,3,3.05060297023374e-08,1.7276705648328061e-06,0.9999983310699463,5824.119094159258,5618.888968225916,36487.62014293671,35094.73220674218,1130.074112002998
1410,3,Case3,6x8_211,55.0,-59.0,6x8,1,1,0.9999997615814209,8.120721162185873e-08,9.039797532750526e-08,8978.187506220806,9439.774740053508,12645.484909057617,12379.940356586336,169.5625765129108
1411,5,Case3,6x8_212,-63.0,54.0,6x8,1,1,0.9999992847442627,7.401303037113394e-07,8.149511288024769e-09,9101.960891233519,9305.260050163122,12869.153778076172,12666.479406995786,222.20909757230731
1412,4,Case3,6x8_213,67.0,-42.0,6x8,1,1,0.5671268701553345,0.4328717887401581,1.3346909781830618e-06,9206.72136326551,9689.093134822235,19318.765064239502,18755.021789101807,395.115666761544
1413,1,Case3,6x8_214,63.0,-14.0,6x8,2,2,2.0977678261147048e-08,0.9999988079071045,1.2270891147636576e-06,7290.130246442609,7236.933353910973,35777.06127180159,35388.97566148703,313.94732559382805
1416,4,Case3,6x8_217,21.0,56.0,6x8,2,2,9.110833332215407e-08,0.9999994039535522,4.806847186955565e-07,7964.986209461052,7965.160577822368,31890.01699630916,31060.886565085086,586.0605715760761
1418,4,Case3,6x8_219,-7.0,65.0,6x8,2,2,7.079849595470478e-09,0.9999971389770508,2.8166198262624675e-06,6930.127787248348,6709.4704587893575,37508.93577504158,38181.55315284886,639.6373040988254
1419,5,Case3,6x8_220,14.0,-23.0,6x8,3,3,7.106657928801496e-09,3.5753490834622426e-08,1.0,5959.955807120186,5987.466997422742,35741.71966743469,36085.90263566537,410.7469860660154
1420,2,Case3,6x8_221,74.0,-56.0,6x8,1,1,0.9999998807907104,1.5778127249177487e-07,4.2451495652073845e-09,8090.578951756315,8148.350601797958,12261.87915802002,11713.63672667482,607.2705882307428
1422,3,Case3,6x8_223,-78.0,-48.0,6x8,1,1,0.9877802133560181,0.01221967302262783,1.300358434264126e-07,8840.226574770282,8806.179321216705,17212.463150024414,15873.594097015282,742.0703388067312
1423,1,Case3,6x8_224,-4.0,-43.0,6x8,3,3,4.4887162431450633e-08,0.2115912139415741,0.7884088158607483,6764.1115453021275,6550.652067012537,37047.11306476593,37514.43497205823,690.2999729289056
1424,5,Case3,6x8_225,2.0,-73.0,6x8,2,2,8.711507071268443e-09,0.9999498128890991,5.0177019147668034e-05,6553.010319310652,6694.097113063097,37281.19411754608,36444.987118799945,628.5918606640108
1425,5,Case3,6x8_226,-42.0,80.0,6x8,2,2,0.3322787284851074,0.6677181124687195,3.2087714316730853e-06,8552.20040250302,8029.755315355587,20635.96471786499,17115.904630373985,2268.170037262023
1426,1,Case3,6x8_227,-42.0,-6.0,6x8,3,3,2.3633850787518895e-07,0.2911270260810852,0.7088726758956909,6693.42287489041,6342.40341925824,36662.48963356018,36701.46361696932,669.4066956996497
1427,1,Case3,6x8_228,60.0,-31.0,6x8,2,2,7.317432846321026e-07,0.9999991655349731,5.955277160296646e-08,8738.366091642509,8029.04974276755,25650.132709503174,26837.59673535828,805.8257718685184
1428,5,Case3,6x8_229,42.0,86.0,6x8,2,2,0.00011457520304247737,0.9998852014541626,1.726790515022003e-07,8381.00800029211,7719.778492316105,20871.077533721924,20404.17078707215,305.5075233530613
1430,2,Case3,6x8_231,-69.0,24.0,6x8,2,2,1.293207958497078e-07,0.9999997615814209,1.1357471407791309e-07,7857.202257117829,7636.2197999790305,31365.772940337658,30590.76608717413,474.8273624668361
1431,5,Case3,6x8_232,-8.0,-27.0,6x8,3,3,3.0706526210622087e-09,7.924968770112173e-08,0.9999998807907104,5850.978171923159,5846.081732103186,36499.58576965332,36613.7522205306,372.9295948649295
1432,4,Case3,6x8_233,61.0,-20.0,6x8,2,2,2.892076800264931e-08,0.9999996423721313,2.779722763079917e-07,7748.886318284446,7227.842569957651,33002.07320702076,34175.58786373933,923.2134938494803
1433,3,Case3,6x8_234,-49.0,-40.0,6x8,1,1,0.9200921654701233,0.07990739494562149,4.386276373224973e-07,9970.38659431247,9633.51453920849,17933.274459838867,17731.916850334972,226.20403987047095
1434,2,Case3,6x8_235,-62.0,7.0,6x8,2,2,4.215247884076234e-08,0.9999459981918335,5.396618871600367e-05,7078.423705696617,6551.158013122136,37531.34736967087,37634.281526418556,592.0702863538036
1435,1,Case3,6x8_236,16.0,-57.0,6x8,2,2,2.0278012158314596e-08,0.9999821186065674,1.787218207027763e-05,7628.289549770601,7339.839549802168,34648.86843544245,34501.1415609085,225.884384950724
1436,5,Case3,6x8_237,-32.0,66.0,6x8,2,2,6.836579268565401e-05,0.9999315738677979,7.133851909202349e-08,8548.647654237193,9073.456325569286,25876.330978393555,25459.05766190687,287.7792718842949
1437,4,Case3,6x8_238,64.0,-22.0,6x8,2,2,4.033266876035668e-08,0.9999998807907104,1.0761759483557398e-07,7889.215706722138,7465.056763415861,32152.48348426819,32719.900126497992,514.2713046719177
1438,2,Case3,6x8_239,30.0,17.0,6x8,3,3,6.979939115581146e-08,0.0004560415109153837,0.9995438456535339,6747.046115477801,6209.080202392325,33418.43165397644,34344.155608200446,1103.3040420656669
1439,1,Case3,6x8_240,53.0,26.0,6x8,2,2,6.131889307425809e-08,0.9999998807907104,6.420198417345091e-08,8363.402857447778,7765.9260173127,28078.979966163635,29740.372468558286,1038.3739236979045
1440,1,Case3,6x8_241,13.0,6.0,6x8,3,3,5.684249160253785e-08,5.918620445299894e-06,0.9999940395355225,4704.787468038525,5050.477109833047,36269.21293282509,38753.479981495824,2142.98976206409
1441,1,Case3,6x8_242,-31.0,60.0,6x8,2,2,8.187431376427412e-06,0.999991774559021,5.11935844826894e-08,8739.001060592402,8817.164689504278,25660.53000831604,25008.558428563585,491.30584303736873
1442,1,Case3,6x8_243,-63.0,-63.0,6x8,1,1,0.9999998807907104,8.444102661542274e-08,1.7804968166501567e-08,7559.22667347828,8602.939292166542,11283.315803527832,11007.605520863606,314.02110013858686
1443,3,Case3,6x8_244,85.0,-58.0,6x8,1,1,0.9999994039535522,3.14307698090488e-07,2.8619353997783037e-07,6607.7843090574115,6699.416363227711,11607.80205154419,10481.605993807289,827.935259298212
1445,5,Case3,6x8_246,60.0,61.0,6x8,1,1,0.9999995231628418,4.989386752640712e-07,1.1376369180027268e-08,8105.285428792315,9067.030667016736,11728.886848449707,11677.537085660544,224.13537794406813
1446,3,Case3,6x8_247,-83.0,78.0,6x8,1,1,0.999996542930603,2.1063110580143984e-06,1.3267864460431156e-06,3927.089122401204,3565.917704090884,8077.906858444214,7372.405221458388,473.70366998040464
1447,4,Case3,6x8_248,6.0,27.0,6x8,3,3,1.2100697333039534e-08,1.4183717667037854e-06,0.9999985694885254,5791.7739625133845,5794.225801659603,36765.45414066315,36203.83136314315,552.6852050747442
1448,1,Case3,6x8_249,6.0,16.0,6x8,3,3,2.5075845400124308e-08,2.742134483924019e-06,0.9999972581863403,5014.305032626578,5110.789657942085,36650.955443531275,38678.33712304971,1805.0441470469896
1449,4,Case3,6x8_250,-47.0,64.0,6x8,1,1,0.9998657703399658,0.0001341778552159667,1.3898289630276395e-08,9722.968671250654,9278.268147031433,16264.392684936523,14856.514820048724,846.0964329397876
1450,3,Case3,6x8_251,-69.0,0.0,6x8,2,2,1.3111825580836012e-07,0.9941813349723816,0.005818551871925592,6711.061950537175,6571.538569432201,37716.01933825016,37949.87302146436,589.563892851582
1451,1,Case3,6x8_252,-82.0,-45.0,6x8,2,2,0.39675500988960266,0.6032441258430481,8.422367159255373e-07,8573.790222531932,9085.962011771097,18991.271076202393,18917.072831392325,232.0653164043194
1452,2,Case3,6x8_253,56.0,-34.0,6x8,2,2,0.0016438629245385528,0.9983559250831604,1.4495662981062196e-07,9076.25692555082,8789.511678274788,22711.182048797607,22567.631880157747,228.67123864032862
1453,4,Case3,6x8_254,-75.0,-17.0,6x8,2,2,2.3380481550816512e-08,0.9999973773956299,2.593092858660384e-06,6985.666126218877,6835.760804242915,34658.53632116318,36446.6750713486,1376.9862563630757
1454,5,Case3,6x8_255,32.0,-60.0,6x8,2,2,0.000248379452386871,0.999750554561615,1.008592221296567e-06,8800.27444921991,9415.898413905534,24929.107805252075,23786.846546107226,721.7827792375533
1455,1,Case3,6x8_256,-25.0,-11.0,6x8,3,3,3.566737660776198e-08,1.0149911759071983e-05,0.9999898672103882,5843.190840480883,5375.586490933516,36087.1326007843,37743.75221354198,1798.1605664319366
1456,2,Case3,6x8_257,65.0,80.0,6x8,1,1,0.9999536275863647,4.623978747986257e-05,8.572298781928112e-08,5664.080186782016,5308.070229090448,9788.989952087402,8681.513483861581,741.935985219543
1457,5,Case3,6x8_258,54.0,-18.0,6x8,2,2,7.22750144177553e-08,0.9999997615814209,1.9590575561778678e-07,7728.867450559708,7404.779667721616,33358.00868475437,33696.4364158471,519.1907811865516
1458,5,Case3,6x8_259,-6.0,38.0,6x8,3,2,2.242824308495983e-07,0.9748826622962952,0.025117119774222374,6503.150773829434,6240.742211719504,36540.38571357727,38325.44049077184,1387.6690766602164
1461,3,Case3,6x8_262,-57.0,76.0,6x8,1,1,0.9999569654464722,4.282857844373211e-05,2.580455031875317e-07,7558.61398659881,5675.1092002232945,11929.749137878418,10043.74566677347,1385.015181477984
1463,2,Case3,6x8_264,87.0,-65.0,6x8,1,1,0.9999998807907104,9.1776371391461e-08,2.583093205998921e-08,5305.039548140751,5202.7239931014965,9715.960308074951,8794.630940523548,705.6740704213322
1464,5,Case3,6x8_265,-25.0,-84.0,6x8,2,2,1.5991712842833294e-08,0.9999805688858032,1.946846896316856e-05,7364.07269066722,6841.314889403444,31080.692709445953,32585.983724909973,1278.5876005816417
1465,3,Case3,6x8_266,-26.0,-39.0,6x8,2,2,1.3443849638861138e-05,0.9999415874481201,4.501101648202166e-05,8088.4267124801745,8020.1041848577215,26895.88272190094,25373.535640460523,1047.734798050407
1466,3,Case3,6x8_267,-33.0,-46.0,6x8,2,2,0.07010705024003983,0.9298891425132751,3.85305884265108e-06,9075.226822935181,9400.186795816273,21948.852729797363,19631.66908291151,1527.1681100393976
1469,1,Case3,6x8_270,10.0,76.0,6x8,2,2,8.173485888107734e-09,0.9999841451644897,1.5903871826594695e-05,6608.6895829612595,6376.367171668675,36378.26493644714,37850.04806402647,992.7527046404157
1470,5,Case3,6x8_271,-30.0,50.0,6x8,2,2,0.0016713460208848119,0.9983285069465637,1.5828676680484932e-07,8791.8371612224,9094.100443649593,24624.884134292603,23381.781613698236,850.1333641069009
1473,3,Case3,6x8_274,30.0,-25.0,6x8,3,3,2.2310379790724255e-05,0.02502986043691635,0.9749478101730347,7630.3017033136175,7378.569336722796,29556.07977771759,30597.86988448456,985.0480275231882
1474,5,Case3,6x8_275,80.0,-20.0,6x8,2,2,3.893311983915737e-08,0.9999998807907104,4.550926746560435e-08,7032.5052651227315,7428.439365230614,33411.7796984911,33295.8215520541,400.5578042013356
1475,2,Case3,6x8_276,-88.0,70.0,6x8,1,1,0.9999995231628418,4.896402288068202e-07,4.9059632800663167e-08,4574.052525793893,4646.016571928122,8807.066261291504,8131.55074676634,465.48290003696644
1476,3,Case3,6x8_277,57.0,88.0,6x8,1,1,0.9414238333702087,0.0585472546517849,2.8911335903103463e-05,6725.494631969182,5578.862345540511,11914.519344329834,10637.80813109564,963.4741552241137
1477,2,Case3,6x8_278,18.0,78.0,6x8,2,2,5.0697408937594446e-08,0.999998927116394,1.0497070661585894e-06,6994.610887125247,7023.682489150495,34242.59471428394,34067.57451364977,358.7386745946759
1479,1,Case3,6x8_280,-31.0,-12.0,6x8,3,3,2.8508210903055442e-08,4.583527334034443e-05,0.999954104423523,6447.859363591536,5649.003473371803,35183.37922668457,37005.933150095465,1853.7234556112535
1480,3,Case3,6x8_281,-72.0,-17.0,6x8,2,2,4.812813614307743e-08,0.9999969005584717,3.0444402909779456e-06,7202.390950658451,7013.466579492356,34721.428447917104,34494.926910295835,230.80848060377164
1481,4,Case3,6x8_282,25.0,-74.0,6x8,2,2,4.5119446667740704e-07,0.9999817609786987,1.7784173905965872e-05,7661.928819118145,7701.056802472619,31027.632568597794,31404.719930124687,255.20252608935826
1482,1,Case3,6x8_283,34.0,-21.0,6x8,3,3,3.9897750525597075e-07,0.0013253879733383656,0.9986742734909058,7418.9342705987065,6915.759492914595,30713.59774684906,33561.44741319335,2165.183613554042
1483,5,Case3,6x8_284,16.0,16.0,6x8,3,3,7.2657853067426e-09,3.514437807439208e-08,1.0,5666.968376549154,5315.196583283188,36179.35737705231,37405.526818579114,1114.219398155272
1484,1,Case3,6x8_285,-21.0,55.0,6x8,2,2,2.9189482830815905e-08,0.9999994039535522,5.263537445898692e-07,7927.092649356544,7589.394319437711,31780.06294933334,31916.058906905495,174.9306868820893
1485,2,Case3,6x8_286,40.0,-87.0,6x8,2,2,0.039229460060596466,0.9607612490653992,9.322950063506141e-06,8307.12792888511,8403.087239829609,22103.942890167236,21505.930561523455,432.52378429057967
1486,4,Case3,6x8_287,-77.0,22.0,6x8,2,2,2.9026324455116992e-08,0.9999998807907104,1.0867017152804692e-07,7289.995661164521,6999.188726475138,32600.262277796865,33900.773085651635,969.7001868114294
1487,3,Case3,6x8_288,37.0,70.0,6x8,2,2,1.8927783457911573e-05,0.9999810457229614,7.893637388178831e-08,8722.215526615664,8502.89433656749,22944.639335632324,22875.487837366167,252.2865525986601
1488,3,Case3,6x8_289,-9.0,44.0,6x8,2,2,2.9644240839843405e-08,0.9937289953231812,0.006270932964980602,6906.853491022047,6624.134717792063,36149.827916145325,38821.34591355582,2149.9398306888647
1489,1,Case3,6x8_290,20.0,-82.0,6x8,2,2,5.547852310883172e-08,0.9990770816802979,0.0009228547569364309,7056.508461354513,6602.605116007785,33394.8585934639,34162.38579708769,658.8681879848926
1491,2,Case3,6x8_292,71.0,-88.0,6x8,1,1,0.9999996423721313,2.058024222151289e-07,9.422338820286313e-08,4440.792589714523,3837.437174505598,8665.215435028076,7540.170722069749,801.1674055159166
1492,1,Case3,6x8_293,-28.0,11.0,6x8,3,3,2.8788454287109744e-08,5.5960546887945384e-05,0.9999440908432007,6153.353974245149,5287.523689387457,35796.95371437073,37797.94726996633,1982.7882345102157
1494,2,Case3,6x8_295,-84.0,-9.0,6x8,2,2,4.239852202658767e-08,0.9999713897705078,2.862445035134442e-05,6274.695035308122,6467.511748096855,35747.97952961922,37054.688465155705,1005.9151149543234
1495,5,Case3,6x8_296,-48.0,82.0,6x8,1,1,0.9933258295059204,0.006672875490039587,1.2851879773734254e-06,8675.147398280957,6935.350947439798,17442.02188873291,13028.175800596691,2928.5385431965947
1496,4,Case3,6x8_297,-13.0,-4.0,6x8,3,3,1.049653945983664e-07,5.3731923799205106e-06,0.9999945163726807,4763.426686540797,4973.072652974749,36202.91110479832,37114.56748458219,850.3872004301282
1497,1,Case3,6x8_298,-19.0,-23.0,6x8,3,3,3.353572353148593e-08,1.2775242339557735e-06,0.9999986886978149,6549.298616527987,6103.201110616132,34338.11218833923,35721.35299142771,1411.4953842343998
1498,2,Case3,6x8_299,5.0,-32.0,6x8,3,3,1.678125727266888e-08,3.2954237667581765e-06,0.9999966621398926,6169.698890063019,5689.638060559117,36711.27350616455,36288.424438281436,220.36010365222424
1499,2,Case3,6x8_300,51.0,46.0,6x8,1,1,0.9933822154998779,0.0066177393309772015,1.7653093209446524e-07,10662.987299966431,9840.100060681505,15722.65591430664,15816.176766462528,273.59477006655146
1500,3,Case3,8x8_001,65.0,19.0,8x8,2,2,4.0747401897078817e-08,0.9998008608818054,0.00019908342801500112,5249.885931590668,5119.927239114555,34452.03413248062,34122.82985147781,323.8219913906391
1501,5,Case3,8x8_002,40.0,-51.0,8x8,2,2,3.0444562071352266e-05,0.9999692440032959,3.6209331710779225e-07,7021.8386147931415,6620.91526053896,18412.525003433228,18316.15990550734,218.22761482849606
1505,3,Case3,8x8_006,-15.0,-74.0,8x8,2,2,9.920799470819475e-08,0.7763491868972778,0.223650723695755,4657.426772073546,4049.711809508821,35881.84691384435,37322.69200183707,1378.2106388858322
1506,3,Case3,8x8_007,51.0,-83.0,8x8,2,1,0.841425359249115,0.14269717037677765,0.015877515077590942,5358.561529995737,4248.151014638804,15783.713052749634,12096.20173361455,2539.3187466397058
1507,2,Case3,8x8_008,86.0,9.0,8x8,3,3,6.541417860717047e-07,0.10153671354055405,0.8984626531600952,3983.205115277853,4146.179633104346,35154.51866543293,38430.729862351516,2384.3528200149767
1508,2,Case3,8x8_009,-63.0,21.0,8x8,2,2,5.9159003029662927e-08,0.999993085861206,6.824586762377294e-06,5483.825365886914,5193.005229999184,33315.96741056442,31894.828601400248,926.1690595811934
1509,5,Case3,8x8_010,-74.0,83.0,8x8,1,1,0.9963611960411072,0.0034717549569904804,0.00016697145474608988,3176.3702391040138,2686.928392106037,9171.731014251709,7790.1416608120135,894.9431498515232
1510,5,Case3,8x8_011,-39.0,-9.0,8x8,3,3,1.3791973119126055e-09,1.8021212611074588e-07,0.9999997615814209,5553.11723712837,5278.828432533061,36482.12752723694,37759.663256402564,1301.759563238504
1511,5,Case3,8x8_012,-56.0,9.0,8x8,2,2,2.582113154403487e-07,0.863251268863678,0.13674846291542053,5279.982570696419,4740.357336133136,37665.944999694824,38245.60036093658,678.3691056368434
1512,3,Case3,8x8_013,61.0,33.0,8x8,2,2,1.015120076885978e-07,0.9999996423721313,2.814678623508371e-07,6095.091333950158,5866.615122954976,24898.351163864136,25246.882955167035,339.32644940569037
1513,5,Case3,8x8_014,19.0,79.0,8x8,2,2,9.460764616164852e-09,0.9999901056289673,9.834238881012425e-06,4626.262337022605,4335.31649217971,34300.86974918842,35731.49057394683,1275.5442990700192
1514,4,Case3,8x8_015,35.0,60.0,8x8,2,2,2.4615457050458645e-07,0.999998927116394,7.775456083436438e-07,6236.716872559574,6076.064474580346,23225.473264217377,23755.641569986146,507.7369999179512
1515,1,Case3,8x8_016,75.0,-61.0,8x8,1,1,0.9999992847442627,5.864563945578993e-07,6.735945845548486e-08,5549.9100503634645,5339.352172706437,5370.413635253906,10730.71083035261,4167.316533678236
1518,2,Case3,8x8_019,-79.0,29.0,8x8,2,2,6.187164558468794e-08,0.9999997615814209,1.661787081275179e-07,5027.526667669692,5327.992230190881,29322.26257455349,28701.821985932198,302.8563961738772
1519,1,Case3,8x8_020,-2.0,48.0,8x8,3,3,1.9447615073886482e-08,0.04893001168966293,0.9510700702667236,5540.376296649255,5457.634356952769,38193.06614303589,37742.05854102639,447.99433002627467
1520,2,Case3,8x8_021,-49.0,-67.0,8x8,2,2,0.11068225651979446,0.889272153377533,4.5574339310405776e-05,6311.469582236376,4965.873925981952,15547.08102607727,11657.21417284842,2634.1701578948737
1521,4,Case3,8x8_022,43.0,-33.0,8x8,2,2,5.1022207117057405e-06,0.9994244575500488,0.0005704636569134891,6874.43643120363,6417.320203976538,22527.435329034925,25565.748096981028,2013.2487138854829
1522,2,Case3,8x8_023,62.0,-67.0,8x8,1,1,0.9999988079071045,1.193266371046775e-06,5.252425694379781e-08,5740.128486120003,5714.505795103855,11286.691679000854,9762.37391987975,1186.9251658989815
1523,1,Case3,8x8_024,30.0,75.0,8x8,2,2,2.001848464772138e-08,0.9999908208847046,9.148918252321891e-06,5191.835791314596,4985.485149261498,28549.890460073948,29791.76409328935,999.3316823584456
1525,2,Case3,8x8_026,-81.0,73.0,8x8,1,1,0.9973963499069214,0.002591165015473962,1.2498124306148384e-05,3332.922459357667,2904.669398132987,9307.78972530365,7639.495720375026,1106.356201537848
1529,3,Case3,8x8_030,15.0,-12.0,8x8,3,3,3.3141930089186644e-08,1.0392382137069944e-06,0.999998927116394,5420.938910714249,5065.470261393669,37365.155726894736,38249.05321521111,901.5131085552487
1530,2,Case3,8x8_031,-55.0,-62.0,8x8,1,1,0.9998438358306885,0.00015569772222079337,4.182346629022504e-07,6883.1918046711235,6266.543034940634,13209.253517150879,11345.415739358778,1275.8608518923802
1531,5,Case3,8x8_032,-19.0,-7.0,8x8,3,3,2.85077672579348e-09,6.694257592698705e-09,1.0,5371.942930876189,4855.510021721305,37647.8641153276,38737.82887115236,1333.7974170324965
1533,4,Case3,8x8_034,-43.0,-15.0,8x8,3,3,4.160797217878098e-08,0.00011236280988669023,0.9998875856399536,5831.730698019243,5520.207594884836,34387.77961349487,36396.41608240947,1837.3802475515947
1534,1,Case3,8x8_035,70.0,81.0,8x8,2,2,0.007369359955191612,0.9926109910011292,1.9669418179546483e-05,3633.3851980297864,3725.5536058453763,9670.358058929443,8937.584070783852,455.3998393405838
1535,3,Case3,8x8_036,8.0,25.0,8x8,3,3,1.3308646629184295e-08,4.45590870867818e-07,0.9999995231628418,5474.213299871946,5387.437089624433,37337.51970100403,36304.19069025123,1084.368819502333
1536,4,Case3,8x8_037,-85.0,67.0,8x8,1,1,0.9410929679870605,0.05889054387807846,1.6470126865897328e-05,3813.9161898024972,3495.985484670616,10084.442770957947,8731.490001115128,909.9440348084444
1537,4,Case3,8x8_038,-56.0,52.0,8x8,1,1,0.9983426332473755,0.0016572988824918866,5.363114752299225e-08,7397.043263639474,7193.8866656610635,13993.282787322998,13416.680041517824,450.17636886414897
1538,5,Case3,8x8_039,64.0,42.0,8x8,2,2,2.6912132398138056e-06,0.9999972581863403,4.333825387448087e-08,6285.040829903519,6119.848042882879,19027.24028301239,19188.191912827322,266.9352276377134
1541,4,Case3,8x8_042,84.0,51.0,8x8,2,2,2.6127574528800324e-05,0.9999737739562988,1.048381648161012e-07,5348.180374441878,5534.041762502876,15812.822853565216,14886.5298598909,602.6130061714277
1542,1,Case3,8x8_043,79.0,-71.0,8x8,1,1,0.9999994039535522,2.351832222302619e-07,4.156370323471492e-07,3642.6658084653036,3755.283032450798,9602.93884563446,8810.912277157699,549.3777646665728
1544,3,Case3,8x8_045,-18.0,-35.0,8x8,3,3,1.8148428537756445e-08,3.4853574106818996e-06,0.999996542930603,5928.598590199871,6060.053189263814,32856.90267294645,33435.30819101254,450.6626772775548
1545,1,Case3,8x8_046,-76.0,-77.0,8x8,2,2,0.03703920170664787,0.9627392292022705,0.00022154395992401987,3347.7292768776624,2913.321180579551,9243.324171066284,7412.008897854675,1202.047291403683
1546,1,Case3,8x8_047,42.0,27.0,8x8,2,3,8.616503350822313e-07,0.1489994078874588,0.8509997725486755,6450.379956556271,6135.704130162856,26675.51511862874,30137.160256252042,2411.7777753114206
1547,3,Case3,8x8_048,1.0,71.0,8x8,2,2,1.0854392051840023e-08,0.9988138675689697,0.0011861715465784073,4553.660200435887,4219.021287730786,37461.26421266794,39339.318064641615,1404.8268109903167
1548,4,Case3,8x8_049,-37.0,22.0,8x8,3,3,2.649038322033448e-07,0.0022621722891926765,0.9977375268936157,6207.354961413228,5682.228161600206,30329.981103539467,34263.11130209762,3006.330239566527
1549,4,Case3,8x8_050,-16.0,44.0,8x8,3,3,7.020282311032133e-08,0.033717457205057144,0.9662824273109436,5947.781685524517,5603.829047919095,33992.02436494827,35134.38665558568,1043.9661138047088
1550,2,Case3,8x8_051,28.0,57.0,8x8,2,2,8.918180327555092e-08,0.9999856948852539,1.4187599845172372e-05,6126.628938420282,5623.887681568265,27947.16068172455,28491.356953353654,485.6193148299299
1551,3,Case3,8x8_052,-79.0,34.0,8x8,2,2,4.065489633831021e-08,0.9999998807907104,4.296421352023572e-08,5220.891009173367,5309.928922198784,26073.660051018,27978.07181665027,1482.7490652355038
1552,2,Case3,8x8_053,3.0,87.0,8x8,2,2,4.202355441407235e-08,0.9993091821670532,0.0006907464703544974,3943.115029893595,4040.039949823822,35311.39213657379,37889.840694328064,1982.0909138854151
1553,5,Case3,8x8_054,-17.0,-44.0,8x8,3,3,1.3377350782661779e-08,0.00018232817819807678,0.9998176693916321,5908.987445203608,5648.384474383052,33442.87475442886,33484.232444600784,257.5565665333747
1554,3,Case3,8x8_055,44.0,-49.0,8x8,2,2,0.098792165517807,0.9011284112930298,7.943227683426812e-05,7442.492046960056,6324.718696443513,16585.514389038086,16384.387103002795,240.4595379998872
1555,5,Case3,8x8_056,67.0,-19.0,8x8,2,2,1.9480157931184294e-08,0.9999871253967285,1.2829003026126884e-05,5132.090918845852,5153.41823486986,34542.23857961595,34221.94693455019,474.9160863573664
1556,4,Case3,8x8_057,2.0,74.0,8x8,2,2,2.8396094364779856e-08,0.9977117776870728,0.0022882462944835424,4344.4968603083435,4057.665334384108,36923.884520709515,39955.51842573446,2071.663386916063
1557,3,Case3,8x8_058,82.0,19.0,8x8,2,2,1.891483663030158e-07,0.9794877171516418,0.020512042567133904,4489.293875571406,4220.08261019215,34094.537759148516,36276.04431144043,1858.9411500973274
1558,4,Case3,8x8_059,14.0,3.0,8x8,3,3,3.362308476084763e-08,3.2745442695159e-06,0.9999967813491821,4921.611228210336,4578.216452333666,37254.16969817877,38361.40426864263,990.1668515993344
1559,2,Case3,8x8_060,44.0,-84.0,8x8,2,2,6.849619239801541e-05,0.9999231100082397,8.376077857974451e-06,5283.577696641293,5531.279078864866,19657.016021072865,18089.02982750477,964.3970474525747
1560,2,Case3,8x8_061,0.0,-52.0,8x8,3,3,6.243909922432067e-08,0.024830032140016556,0.975169837474823,5259.409566822118,5218.402246349554,38522.6861243248,37828.52239010413,444.94760173121796
1561,3,Case3,8x8_062,33.0,26.0,8x8,3,3,2.669420950951462e-07,0.00022640579845756292,0.9997733235359192,6530.413429655113,6482.948362676128,28590.272008255124,31736.23378253545,2177.722866279107
1562,3,Case3,8x8_063,-75.0,38.0,8x8,2,2,1.3997589576320024e-07,0.9999998807907104,1.9561051445293742e-08,5538.664598345508,5472.032714616968,23101.30088479002,25086.729727731654,1552.6457251887368
1563,3,Case3,8x8_064,-20.0,55.0,8x8,2,2,1.5204545178448825e-08,0.9999479055404663,5.205898924032226e-05,5779.840861607853,5689.948123927791,33048.32648563385,33705.54387732584,709.3735420784103
1564,5,Case3,8x8_065,72.0,31.0,8x8,2,2,2.6947873266180977e-08,0.9999998807907104,1.0919771398221201e-07,5388.663344614085,5430.342384341902,27711.084936166182,26374.732632728443,853.8564784081395
1566,4,Case3,8x8_067,-83.0,68.0,8x8,1,1,0.9706555604934692,0.0293324813246727,1.1989327504124958e-05,3750.7804404152307,3349.339958169074,9929.941216468811,8454.84151558475,990.5251785075443
1567,4,Case3,8x8_068,-26.0,-1.0,8x8,3,3,2.3910578406116656e-08,4.169673502474325e-06,0.9999958276748657,5350.398986052726,4719.63125865139,37865.17369174957,38454.470903498404,846.9494373610164
1568,5,Case3,8x8_069,-36.0,57.0,8x8,2,2,2.2613737655774457e-06,0.9999974966049194,2.7016989179173834e-07,6497.167422563909,6282.709252434943,21955.555240154266,20724.641745941564,835.0075197868224
1569,1,Case3,8x8_070,-89.0,-51.0,8x8,2,2,3.111609839834273e-05,0.9999680519104004,8.289605943900824e-07,5274.035749725038,5605.526064559457,15877.536015510559,16574.255397297005,477.98215395927224
1570,2,Case3,8x8_071,-45.0,-29.0,8x8,2,3,1.595330104464665e-05,0.4473416209220886,0.5526424050331116,6502.998871865988,6285.194229487419,25363.053272992373,27632.760202380603,1736.0717733998813
1571,4,Case3,8x8_072,-29.0,13.0,8x8,3,3,2.5474314213624893e-08,5.078765298094368e-06,0.9999948740005493,5647.739476774786,4919.425607305569,35803.52616024017,37779.5277896505,1760.151451095686
1572,4,Case3,8x8_073,-22.0,46.0,8x8,2,2,1.1821177992032972e-07,0.9976085424423218,0.0023913076147437096,6119.742900706886,5955.640760880004,30582.436377763748,31804.013572007367,1065.4551110466234
1573,4,Case3,8x8_074,-1.0,-8.0,8x8,3,3,3.90133045868879e-08,2.6380612325738184e-06,0.9999973773956299,4856.577143173642,4625.147855313403,35507.5942813158,38430.64755137669,1712.6066217199689
1574,5,Case3,8x8_075,-22.0,82.0,8x8,2,2,1.053230125336313e-08,0.9999935626983643,6.476345788541948e-06,4608.206134035633,4460.159643072601,33021.91255390644,33886.8966021776,1022.6107311429333
1575,4,Case3,8x8_076,50.0,5.0,8x8,3,3,2.0224549146519166e-08,0.0010588403092697263,0.9989411234855652,5382.168414968588,4765.040489125326,38033.15480995178,37359.33832082737,593.0605832200658
1578,4,Case3,8x8_079,-67.0,39.0,8x8,2,2,2.1909590941504575e-06,0.9999977350234985,1.9469256429260895e-08,6044.526130261882,5994.8030791973715,21509.75355052948,20914.07913163728,431.890604987842
1579,4,Case3,8x8_080,-53.0,-64.0,8x8,1,1,0.9281811714172363,0.07180647552013397,1.2359223546809517e-05,6644.6655795994875,5876.961851415864,13762.279037475586,12368.597665162411,946.5138608091347
1580,2,Case3,8x8_081,-38.0,-72.0,8x8,2,2,1.9216786029119248e-07,0.9999910593032837,8.743350008444395e-06,5655.087621661269,4487.862781561058,22800.410252388567,19452.241513372875,2242.4622986001423
1581,1,Case3,8x8_082,85.0,48.0,8x8,2,2,9.321405514128855e-07,0.9999990463256836,6.734441626576881e-08,5286.125437731896,5395.904560525962,17366.951471805573,18424.442333590847,844.3800865247331
1582,5,Case3,8x8_083,-12.0,85.0,8x8,2,2,1.0534288108487999e-08,0.9999572038650513,4.281090514268726e-05,4201.438323537264,4094.7252085621617,34981.966918326914,36918.70759053854,1369.536643522152
1583,4,Case3,8x8_084,77.0,-48.0,8x8,2,2,0.1376325935125351,0.8623650074005127,2.3982465791050345e-06,5623.585807680663,6363.283181562021,16997.38800096512,15563.842439370084,944.8862729169921
1584,1,Case3,8x8_085,45.0,75.0,8x8,2,2,8.291131621263048e-07,0.999997615814209,1.532686837890651e-06,5672.140705210102,5130.16998564548,18537.99300956726,19065.673040904763,427.52747357159916
1585,2,Case3,8x8_086,-41.0,-54.0,8x8,2,2,0.012056468985974789,0.9879382252693176,5.367564881453291e-06,6930.272882243081,6716.8162632835,18110.54278564453,16232.048891264929,1235.6129957335904
1586,1,Case3,8x8_087,-38.0,89.0,8x8,2,2,4.583290547088836e-08,0.999996542930603,3.451539214438526e-06,5040.058857679851,4517.140661363934,23587.148132503033,23556.921323410843,251.03262311587258
1588,3,Case3,8x8_089,18.0,-35.0,8x8,3,3,3.230305622992091e-08,5.6552312344138045e-06,0.9999943971633911,6098.592294911362,6224.284945862332,32880.70824846625,33551.74496887867,542.6840204979414
1589,4,Case3,8x8_090,-65.0,24.0,8x8,2,2,7.943218349737435e-08,0.9999978542327881,2.082282890114584e-06,5520.991574004026,5305.015295159823,31734.275712013245,30437.376370694634,961.5363479860644
1590,5,Case3,8x8_091,11.0,36.0,8x8,3,3,3.789467406534186e-09,1.0975050827255473e-05,0.9999890327453613,5756.204223993358,5657.500368995879,35846.22623205185,35649.11892403071,360.5565884872534
1591,3,Case3,8x8_092,-38.0,-40.0,8x8,2,2,0.0009225007961504161,0.9987781643867493,0.0002993650850839913,7393.548918073455,6916.551591874436,20528.733144819736,19683.818137526418,612.0592319282971
1592,4,Case3,8x8_093,-70.0,-78.0,8x8,2,2,0.00023682079336140305,0.9996697902679443,9.345445141661912e-05,3790.5545394259084,3432.50322301921,9775.115530014038,9319.492930879142,331.3578774851127
1593,3,Case3,8x8_094,73.0,-55.0,8x8,1,1,0.9998877048492432,0.00011192957026651129,3.4636022405720723e-07,5911.547476973112,6008.129355721734,13664.204362869263,12509.796416939174,795.18024571166
1594,3,Case3,8x8_095,68.0,-30.0,8x8,2,2,3.75517466011388e-08,0.9999997615814209,1.9371442760984792e-07,5570.077008994459,5644.268318058649,28061.63241624832,27809.390541120265,205.066289170448
1595,5,Case3,8x8_096,84.0,-52.0,8x8,1,2,0.1334916055202484,0.8665011525154114,7.248228484968422e-06,5333.457020636271,5362.257739958268,15341.266901016235,14157.55999588137,782.7130929487233
1600,3,Case3,8x8_101,48.0,15.0,8x8,3,3,1.834586953464168e-07,0.024544434621930122,0.9754554033279419,5707.6396820687,5479.495001205505,34836.17203330994,35400.595520724106,645.6232198061067
1602,1,Case3,8x8_103,66.0,14.0,8x8,2,2,7.933256540582079e-08,0.5905712842941284,0.4094286561012268,5048.013179687234,4587.369963213515,36493.53687566519,38657.38421374656,1814.8236423241772
1603,2,Case3,8x8_104,83.0,3.0,8x8,3,3,1.8578778337996482e-07,0.008042670786380768,0.9919570684432983,3947.690262640613,4154.584267892241,35629.24977374077,39010.95243314587,2452.7994889691427
1604,1,Case3,8x8_105,89.0,-77.0,8x8,1,1,0.9999973773956299,6.963929877201736e-07,1.963168188012787e-06,2807.0771366656504,3005.106392047629,8777.520187541842,8038.53706129348,468.5187775275571
1605,1,Case3,8x8_106,-12.0,43.0,8x8,3,3,4.1725227717392954e-09,0.001054705586284399,0.9989452958106995,5757.3247083130245,5644.922735815937,35703.098172187805,36804.74728808097,980.8163109207511
1610,2,Case3,8x8_111,7.0,87.0,8x8,2,2,3.2763580293249106e-08,0.9995513558387756,0.00044864349183626473,3850.447344215616,4094.9700826838603,35205.984220184386,37197.71566904434,1580.2303403625922
1611,5,Case3,8x8_112,21.0,-8.0,8x8,3,3,2.835911505627564e-09,7.954602310178416e-09,1.0,5391.9244752419545,5042.61274965653,37579.20257282257,38479.341960798796,1209.8635236169519
1612,5,Case3,8x8_113,35.0,-2.0,8x8,3,3,1.3818202138082825e-09,2.5972127559725777e-08,1.0,5381.040400223258,5093.666290212061,37568.754967689514,38893.34291719768,1535.3044843059208
1613,2,Case3,8x8_114,-35.0,-78.0,8x8,2,2,5.265821556577066e-08,0.9999710321426392,2.896069418056868e-05,5223.22926702861,4292.610150255138,25326.74476237595,23469.856353919095,1164.960030985763
1614,3,Case3,8x8_115,22.0,74.0,8x8,2,2,9.572175940775196e-09,0.9999921321868896,7.838184501451906e-06,4962.814640314434,4659.739079848748,33171.169850587845,33524.20699216594,642.2351754439632
1615,1,Case3,8x8_116,12.0,-85.0,8x8,2,3,2.0055092875281844e-07,0.4410703778266907,0.5589293837547302,4203.184483281064,4078.8874278418934,34982.29497691989,37366.83163950061,1686.762910189789
1616,3,Case3,8x8_117,-87.0,33.0,8x8,2,2,2.353364436658012e-08,0.9999998807907104,6.103208249896852e-08,4879.189192698475,5318.413139434478,26881.77640904486,29383.432912256947,1870.3251415670752
1617,4,Case3,8x8_118,54.0,-88.0,8x8,1,2,0.009010321460664272,0.985618531703949,0.005371162202209234,5266.477018412107,4418.003615974463,14549.296549797058,13554.115168099783,755.6747239835772
1618,4,Case3,8x8_119,31.0,-10.0,8x8,3,3,2.02482066669063e-08,2.9871448532503564e-06,0.9999970197677612,5527.860068546979,4977.355127265936,36448.9380569458,37796.371327897265,1459.374024830314
1619,2,Case3,8x8_120,-58.0,-26.0,8x8,2,2,6.949601356609492e-07,0.999254047870636,0.0007452518329955637,5998.724240110403,5546.1282682825495,29544.20613670349,30017.133959192666,472.47033358534844
1621,2,Case3,8x8_122,20.0,-73.0,8x8,2,2,2.6732296376508202e-08,0.9994239807128906,0.0005760445492342114,4922.733945447431,4889.43846310367,34136.142651319504,34371.914456647566,659.3162776484943
1622,5,Case3,8x8_123,76.0,4.0,8x8,3,3,4.952801191393519e-08,0.00368876033462584,0.9963112473487854,4320.21217350221,4213.705644923746,36553.10387158394,37936.29135509491,1015.3203416256257
1624,4,Case3,8x8_125,-3.0,72.0,8x8,2,2,2.6167050748426846e-08,0.9978681802749634,0.002131727756932378,4528.249823603524,4118.13638021891,37256.244676709175,40168.346188906784,1995.3069252117543
1625,4,Case3,8x8_126,-8.0,18.0,8x8,3,3,1.910520452952369e-08,1.1204678003196022e-06,0.999998927116394,5407.299045768533,4734.718309312959,37592.72018203139,37933.5579631546,527.0269413732825
1626,5,Case3,8x8_127,-66.0,77.0,8x8,2,1,0.9611223936080933,0.038773681968450546,0.00010395639401394874,4341.616095371216,3312.8379264907658,10391.44662284851,8946.309488660374,1002.588957723115
1627,3,Case3,8x8_128,59.0,-70.0,8x8,1,1,0.9999938011169434,2.9490502129192464e-06,3.2025868677010294e-06,6171.577306306022,4526.64407431324,12474.834701538086,9899.237200819292,1850.829300143991
1628,3,Case3,8x8_129,24.0,11.0,8x8,3,3,2.0205350281798928e-08,8.896973895389237e-07,0.9999991655349731,5607.855346922115,5051.234643412834,36924.69934082031,38190.38350678258,1087.9069523949192
1630,4,Case3,8x8_131,41.0,53.0,8x8,2,2,0.00013901757483836263,0.9998595714569092,1.4141795645628008e-06,6953.484298133568,6614.559233644889,17998.843620300293,17365.563162078153,497.59249428339865
1631,2,Case3,8x8_132,38.0,35.0,8x8,2,2,2.046877852990292e-05,0.9990754127502441,0.0009041530429385602,7201.650528077289,7410.897671863423,22346.860164999962,23793.473522693523,1028.895895131685
1632,2,Case3,8x8_133,-21.0,37.0,8x8,3,3,2.3533520732144098e-07,0.007966498844325542,0.9920331835746765,6222.871446863896,6109.814046360386,30960.224705815315,31628.954213702298,733.8703319981406
1633,1,Case3,8x8_134,-56.0,37.0,8x8,2,2,3.451610609772615e-06,0.9999963045120239,1.961248869974952e-07,6592.751577507929,6645.467994321331,21046.521034240723,20952.631797726604,164.25843421765296
1634,1,Case3,8x8_135,39.0,-76.0,8x8,2,2,1.4240353038985631e-06,0.9999457597732544,5.282495840219781e-05,5528.130682211812,5141.202680980908,22490.814384937286,22228.4521511462,306.5532071616929
1635,4,Case3,8x8_136,8.0,-68.0,8x8,2,3,7.465626339353548e-08,0.3852005898952484,0.6147993206977844,4763.886189528951,4469.538046201576,37831.80491554737,39324.463932540646,1380.8181783987084
1636,2,Case3,8x8_137,68.0,53.0,8x8,2,1,0.5922924876213074,0.4077063202857971,1.1835769555545994e-06,6288.045847233345,6616.126766059275,14028.180269241333,13561.224882646762,328.91608434597003
1637,2,Case3,8x8_138,-28.0,-75.0,8x8,2,2,2.673443155742916e-08,0.9998679161071777,0.00013199527165852487,5143.737737882451,4453.252351581474,29817.38700258732,29717.82263930791,250.3572212159944
1639,4,Case3,8x8_140,1.0,-3.0,8x8,3,3,5.275938974591554e-08,3.3073877148126485e-06,0.9999966621398926,15115.76819325892,4620.3097300656655,49075.25743578188,38299.16349536654,11163.701590267576
1643,5,Case3,8x8_144,-86.0,-39.0,8x8,2,2,1.0358508006902412e-07,0.9999997615814209,1.3075437266252266e-07,5163.778739299267,5498.0392675453,22894.511475235224,24160.046249469902,1009.793830244544
1644,1,Case3,8x8_145,29.0,32.0,8x8,3,3,2.882160003991885e-07,0.0003474986006040126,0.9996522665023804,6818.732974453065,6388.058518813879,27395.850054502487,29302.81123392445,1378.733262763909
1647,5,Case3,8x8_148,46.0,-62.0,8x8,2,2,0.010898556560277939,0.989096999168396,4.386343789519742e-06,6606.473821787559,6170.3714268438525,16427.31901359558,16061.754564676487,304.0003178885411
1648,2,Case3,8x8_149,24.0,-59.0,8x8,2,2,4.332278535912337e-08,0.9999340772628784,6.589115218957886e-05,5827.379741392489,5393.772963156003,31077.613557338715,31340.248803171267,429.01852975388414
1649,2,Case3,8x8_150,15.0,-47.0,8x8,3,3,3.9287061781578814e-07,0.07871433347463608,0.9212852716445923,5720.393876130314,5347.142184962366,34766.721135139465,34671.593792694366,172.67059733118762
1650,1,Case3,8x8_151,-66.0,-82.0,8x8,2,2,3.0194842111086473e-05,0.999894380569458,7.541532249888405e-05,4046.661424927777,3459.072126356345,10343.24330329895,10442.808724212598,134.5779999456758
1651,3,Case3,8x8_152,-23.0,-66.0,8x8,2,2,2.3465338117034662e-08,0.999809205532074,0.00019082846119999886,5340.8502003192225,5171.1036113586815,32376.21830677986,32854.48237240323,510.16911440753347
1652,5,Case3,8x8_153,50.0,-62.0,8x8,1,1,0.9028962850570679,0.09709686040878296,6.9280972638807725e-06,6766.683986551653,6300.576387672577,14654.877090454102,14466.29477754761,249.55332022244204
1653,2,Case3,8x8_154,-65.0,-65.0,8x8,1,1,0.999688982963562,0.00031010276870802045,9.894952199829277e-07,5451.491957366099,4967.748853859067,11043.120422363281,9227.071887213899,1263.2879015736805
1654,4,Case3,8x8_155,11.0,-32.0,8x8,3,3,7.1716046434744385e-09,7.399913215522247e-07,0.9999992847442627,5754.902065569732,5795.547887095742,36103.71962308884,36567.39518832228,461.1858783453985
1655,5,Case3,8x8_156,70.0,-86.0,8x8,1,1,0.9998070597648621,1.8642111172084697e-05,0.000174403510754928,3437.7435832611004,3036.427779555951,9607.4998254776,8574.809009746385,704.0932584586562
1656,3,Case3,8x8_157,78.0,-26.0,8x8,2,2,4.472225967333543e-08,0.9999979734420776,1.9956314645241946e-06,4936.949684400817,5122.428936520157,31075.81435775757,31251.98737243215,298.8027469727274
1657,4,Case3,8x8_158,17.0,-43.0,8x8,3,3,3.994071207102934e-08,0.0008426816784776747,0.9991573095321655,5946.100738257999,5724.427921457822,33390.24031829834,34683.45647442163,1119.7860092141384
1659,4,Case3,8x8_160,47.0,-13.0,8x8,3,3,1.1498661933728727e-07,0.0066175637766718864,0.9933823347091675,5683.696208764226,5164.180484002765,35639.37969779968,36041.35408277887,977.3066999465107
1660,3,Case3,8x8_161,-43.0,-45.0,8x8,2,2,0.09130668640136719,0.9086310267448425,6.232505984371528e-05,7580.10665487782,6955.291366801554,17544.061140060425,17238.516745601704,335.43968448154016
1662,1,Case3,8x8_163,-84.0,28.0,8x8,2,2,6.954953502003036e-09,0.9999979734420776,2.0679690351244062e-06,4797.462136387985,5068.580036667164,29946.40360406041,31169.039536087283,945.816098788637
1664,4,Case3,8x8_165,-5.0,10.0,8x8,3,3,3.545271098914782e-08,2.524923047531047e-06,0.9999974966049194,5090.810670592551,4526.066312435694,36302.99132877588,38204.13572315578,1138.8151382651297
1665,3,Case3,8x8_166,-61.0,-3.0,8x8,2,3,1.4672011161565024e-07,0.08557700365781784,0.914422869682312,4944.995286480741,4568.146638087081,38678.26850331575,38641.4609175346,417.4564709571095
1666,5,Case3,8x8_167,-4.0,-6.0,8x8,3,3,3.6830620775418765e-09,5.695436122721276e-09,1.0,4873.765567150204,4836.478978397704,35330.09557723999,38804.262097515246,2371.9213192433554
1667,5,Case3,8x8_168,-5.0,-1.0,8x8,3,3,3.5117557750652395e-09,5.515365053554433e-09,1.0,4920.797506811458,4830.841827174447,34969.51766073704,38892.05190386698,2662.445938555541
1668,5,Case3,8x8_169,58.0,-70.0,8x8,1,1,0.9999617338180542,3.417563493712805e-05,4.0740474105405156e-06,6175.571353189595,5190.798394119422,12692.589544296265,11480.598559809216,890.9065174001927
1670,1,Case3,8x8_171,-6.0,-18.0,8x8,3,3,3.0656416072361026e-08,1.2890207017335342e-06,0.9999986886978149,5179.341492865561,5140.035187923285,37661.93266826868,38863.46038164238,1118.5155705908662
1672,4,Case3,8x8_173,82.0,-55.0,8x8,1,1,0.9999527931213379,4.687801992986351e-05,3.1638191444471886e-07,5397.111333146299,5483.6490076105965,14044.774441719055,11995.767891803982,1430.9480647180117
1673,5,Case3,8x8_174,-76.0,51.0,8x8,2,2,0.003449925221502781,0.9965497255325317,2.7605150876297557e-07,5715.892696055978,5711.899988412625,15446.716616630554,14213.82990712401,791.6313607025413
1674,1,Case3,8x8_175,-73.0,85.0,8x8,1,1,0.7884171605110168,0.21145612001419067,0.0001266832696273923,3184.7245720165924,2745.1832143953366,9240.645545482635,7760.874213194732,978.3333156714933
1675,1,Case3,8x8_176,-36.0,30.0,8x8,2,3,2.219545194748207e-06,0.08581981807947159,0.9141780138015747,6826.592638243861,6418.625775429395,25497.799449682236,28747.16036480762,2173.9189093171285
1676,5,Case3,8x8_177,25.0,-81.0,8x8,2,2,2.545098354289621e-08,0.9998433589935303,0.00015655229799449444,4745.606668109516,4701.150155818337,31611.921134501696,32253.00858879902,711.3270799067061
1677,3,Case3,8x8_178,27.0,63.0,8x8,2,2,1.4736963649397694e-08,0.9999966621398926,3.3710800835251575e-06,5754.349317084124,5493.999849222104,29553.945811271667,31187.5588042159,1266.9187313388366
1678,4,Case3,8x8_179,73.0,-44.0,8x8,2,2,0.00013645854778587818,0.9998633861541748,1.7987508726946544e-07,5777.4189916049845,6340.049006173166,18959.606976032257,18574.545968921484,297.36833960443056
1679,2,Case3,8x8_180,-14.0,88.0,8x8,2,2,2.91482074032956e-08,0.9999157190322876,8.423330291407183e-05,4081.4735048190696,4123.241492463896,34601.36700582504,35149.46390518688,715.649710451711
1680,2,Case3,8x8_181,88.0,45.0,8x8,2,2,2.480977309460286e-05,0.9999750852584839,5.472811892559548e-08,5202.068039744682,5465.413584568872,19129.70141340792,18621.68436385093,277.0415864566603
1681,3,Case3,8x8_182,-14.0,42.0,8x8,3,3,2.136683008302498e-08,0.0003542493504937738,0.9996457099914551,5873.429434211921,5712.30569192862,34813.91478395462,35566.87863821847,572.1822269998755
1683,1,Case3,8x8_184,83.0,43.0,8x8,2,2,1.8511100563500804e-07,0.9999996423721313,1.2533745064047253e-07,5291.445391873969,5147.215365802353,20245.634344644845,21794.85997708742,1222.0746662033634
1684,2,Case3,8x8_185,-18.0,49.0,8x8,2,2,4.232834101003391e-07,0.823331356048584,0.1766681969165802,5962.078097438884,5468.284526661939,33435.784481048584,34624.204439702444,1130.250099869923
1685,3,Case3,8x8_186,-54.0,1.0,8x8,3,3,1.1017497314469438e-07,0.07601298391819,0.9239868521690369,5232.132874777761,4852.017743355079,38615.17892789841,38943.72291072349,585.3880253214895
1686,3,Case3,8x8_187,-47.0,-37.0,8x8,2,2,0.00026677869027480483,0.9997144341468811,1.8797156371874735e-05,6994.009266043199,6848.920182425209,19954.798350334167,19956.531473116087,208.45734397558707
1687,3,Case3,8x8_188,-40.0,56.0,8x8,2,2,4.28045641456265e-05,0.9999568462371826,3.3751291539374506e-07,6770.638554625867,6392.319259943446,19019.528928756714,19438.850136747817,481.94438250542123
1689,3,Case3,8x8_190,-80.0,40.0,8x8,2,2,1.7591736423128168e-07,0.9999997615814209,1.462567045251717e-08,5349.8765703494455,5479.274500928447,22066.355809899047,24082.08026546106,1554.0374093495784
1690,2,Case3,8x8_191,-75.0,6.0,8x8,3,2,5.482850724547461e-07,0.5915669202804565,0.4084324836730957,4270.208134824356,4285.38644708301,36659.98568454385,39857.11695503066,2243.494361585647
1691,5,Case3,8x8_192,89.0,-86.0,8x8,1,1,0.9998842477798462,2.6752695703180507e-06,0.00011309455294394866,2388.867239563106,2670.4887570960645,8301.899574637413,7710.441866191744,339.76869106193226
1692,2,Case3,8x8_193,48.0,41.0,8x8,2,2,0.0002722250355873257,0.9997262358665466,1.5552031982224435e-06,7242.769970301273,7179.459878706056,17810.995653152466,18303.58327504884,414.68743439506824
1693,2,Case3,8x8_194,-11.0,-16.0,8x8,3,3,1.3208074634007971e-08,4.223572034334211e-07,0.9999995231628418,5421.525098284705,5049.152502190458,37408.816889464855,38659.123196382,1396.5480622953007
1694,1,Case3,8x8_195,12.0,71.0,8x8,2,2,7.516992361900066e-09,0.999737560749054,0.0002623813634272665,4706.9342716235105,4556.734356495496,36844.66521680541,37458.33406452418,520.618787686873
1695,4,Case3,8x8_196,-32.0,84.0,8x8,2,2,8.558386355161929e-08,0.9999945163726807,5.34716809852398e-06,4958.6223892495045,4543.66252525385,27490.047073483467,26766.308220089704,377.78264792139026
1696,5,Case3,8x8_197,-80.0,-38.0,8x8,2,2,1.033041101550225e-07,0.9999997615814209,9.403004241903545e-08,5282.9562133231275,5604.65135969596,23382.045663520694,24116.851080032644,649.9457565121103
1697,5,Case3,8x8_198,-82.0,-53.0,8x8,2,2,0.0017639256548136473,0.9982355833053589,4.550878713871498e-07,5387.821406485224,5647.142288214637,14838.171663284302,15491.421878446794,606.8052935707267
1699,4,Case3,8x8_200,88.0,-42.0,8x8,2,2,3.4477947338018566e-05,0.9999654293060303,7.405984092656581e-08,5198.299041796948,6045.700896884543,20972.18330794573,19335.024583518163,1064.8130330525253
1700,2,Case3,8x8_201,-73.0,-27.0,8x8,2,2,8.513800509035718e-08,0.9999955892562866,4.373097908683121e-06,5166.4215147847635,5171.296875929046,30359.658266343176,29814.893759202805,303.53975422470023
1701,2,Case3,8x8_202,-24.0,-76.0,8x8,2,2,3.26229780966969e-08,0.9991324543952942,0.0008675179560668766,4968.131794773383,4412.018545380565,32147.84327158332,32312.780126908376,390.6801713250969
1702,2,Case3,8x8_203,33.0,58.0,8x8,2,2,3.224574243176903e-07,0.999997615814209,2.0415029666764895e-06,6241.045062249921,5844.9421474116025,24360.294213294983,24271.626710742115,291.71886927979415
1704,1,Case3,8x8_205,-58.0,-50.0,8x8,1,1,0.9385367631912231,0.061461061239242554,2.1756216028734343e-06,7095.178509784934,7011.604619865958,14416.560455322266,14333.236954382339,194.08664970165975
1705,1,Case3,8x8_206,4.0,90.0,8x8,2,2,1.009386174644078e-08,0.9975296854972839,0.002470359206199646,3933.4545736091645,4019.9808371001886,35222.0357170105,39140.0231021653,2550.1380029168995
1706,1,Case3,8x8_207,19.0,-83.0,8x8,2,2,1.6464541374716646e-07,0.8857530951499939,0.11424674093723297,4497.129943712244,4180.124268209972,34031.26275789738,35797.95965433562,1575.0243063437708
1708,4,Case3,8x8_209,58.0,-69.0,8x8,1,1,0.9999810457229614,1.790312489902135e-05,1.0641807648426038e-06,6243.904793502636,5441.730767480757,12670.14143371582,11856.702771416862,683.9626049399
1709,3,Case3,8x8_210,-10.0,23.0,8x8,3,3,1.5204864922679917e-08,6.120835678302683e-07,0.9999994039535522,5559.610299271045,5471.086327539768,37234.8157749176,36363.2580872012,892.161818417749
1710,3,Case3,8x8_211,55.0,-59.0,8x8,1,1,0.999976396560669,2.3080510800355114e-05,4.495380778735125e-07,7212.33676000874,6638.688889712642,13317.324100494385,12285.646907330196,731.4307079392437
1711,5,Case3,8x8_212,-63.0,54.0,8x8,1,1,0.9952871799468994,0.0047126212157309055,1.553913762109005e-07,6774.443910717802,6593.95254845692,13462.727996826172,12441.440202920094,657.8199903942365
1712,4,Case3,8x8_213,67.0,-42.0,8x8,2,2,1.8372160411672667e-05,0.9999814033508301,2.1313684328561067e-07,6106.0732669513745,6452.620603108326,19489.55974817276,20039.151554233296,466.8280518666353
1713,1,Case3,8x8_214,63.0,-14.0,8x8,2,2,1.457778893154682e-07,0.945679783821106,0.054320111870765686,5193.800020087588,4721.909039012816,36472.25288248062,38027.08923775341,1347.2497745288827
1716,4,Case3,8x8_217,21.0,56.0,8x8,2,2,4.5353495181643666e-08,0.9997182488441467,0.00028172743623144925,5737.265404756296,5550.037312788094,32552.618171691895,33201.86809757838,625.7754072085818
1718,4,Case3,8x8_219,-7.0,65.0,8x8,2,2,1.5741941084002065e-08,0.9965543746948242,0.0034456553403288126,4799.787472637127,4438.017089568528,38163.16721343994,40470.01107725413,1950.1822334381538
1719,5,Case3,8x8_220,14.0,-23.0,8x8,3,3,3.570073348058145e-09,1.0500476044228435e-08,1.0,5665.395858330512,5613.4192060212745,36471.588790893555,37195.76854951257,740.5195076584597
1720,2,Case3,8x8_221,74.0,-56.0,8x8,1,1,0.9999864101409912,1.3639186363434419e-05,1.9937345996368094e-08,5846.085833740932,5964.114284881687,13388.711812973022,11352.903051943991,1425.2823157729263
1722,3,Case3,8x8_223,-78.0,-48.0,8x8,2,2,0.0006283677648752928,0.999371349811554,2.5584276386325655e-07,5555.413104176416,5982.654385648304,17050.1347990036,16826.554082196082,199.618301941306
1723,1,Case3,8x8_224,-4.0,-43.0,8x8,3,3,2.185573277913022e-09,3.866693077725358e-05,0.9999613761901855,5457.344525212982,5521.905265381298,37668.635001182556,36690.09018984775,733.2658496171833
1724,5,Case3,8x8_225,2.0,-73.0,8x8,3,2,2.3605213783639556e-08,0.9959321618080139,0.004067868925631046,4356.822568308358,4447.859089206409,37116.33476319909,37682.269974875984,329.6011244946554
1725,5,Case3,8x8_226,-42.0,80.0,8x8,2,2,2.2556481837909814e-07,0.9999986886978149,1.0760879831650527e-06,5397.785351249031,4902.1415696838685,20746.07805214962,21373.72668574794,619.571674064579
1726,1,Case3,8x8_227,-42.0,-6.0,8x8,3,3,1.0953541185187987e-08,0.00030300836078822613,0.9996969699859619,5614.952409790191,5158.556464636137,37299.45906543732,39026.52790630383,1767.7811688326294
1727,1,Case3,8x8_228,60.0,-31.0,8x8,2,2,5.236293176835716e-08,0.9999992847442627,6.742145046700898e-07,6069.922138516716,5628.221537092468,26245.815669059753,27656.887458209523,1035.3646864911684
1728,5,Case3,8x8_229,42.0,86.0,8x8,2,2,4.861828273305946e-08,0.9999996423721313,3.2823118090163916e-07,5177.462342928828,4623.921055911011,20952.93077376485,22235.67138373884,1038.8033403245706
1730,2,Case3,8x8_231,-69.0,24.0,8x8,2,2,5.37644027076567e-08,0.999998927116394,1.0507367278478341e-06,5237.734076991936,5203.831705298509,32004.170913994312,30948.83323262036,639.4810163308043
1731,5,Case3,8x8_232,-8.0,-27.0,8x8,3,3,2.0175896509044833e-09,1.2049905073752143e-08,1.0,5481.867491010049,5671.97699841825,37213.749324798584,37236.67939562287,331.29284244759407
1732,4,Case3,8x8_233,61.0,-20.0,8x8,2,2,8.034808729462384e-08,0.9999765157699585,2.340470746275969e-05,5462.1176414835345,5453.056856182506,33695.84735107422,33861.175482533516,523.303986674314
1733,3,Case3,8x8_234,-49.0,-40.0,8x8,2,2,0.004039437975734472,0.9959486722946167,1.1823680324596353e-05,7120.0896312514715,6829.854745107639,18298.289140701294,18186.303175985548,215.886184437112
1734,2,Case3,8x8_235,-62.0,7.0,8x8,2,2,4.383679197417223e-07,0.8923376798629761,0.10766187310218811,4999.324310713121,4702.474335458452,38227.97145083547,38745.125778366426,931.250406432264
1735,1,Case3,8x8_236,16.0,-57.0,8x8,2,2,5.799827107466626e-08,0.8038986325263977,0.1961013674736023,5566.615641574086,5276.219872809423,35328.84413576126,35075.4946591935,369.84291666873736
1736,5,Case3,8x8_237,-32.0,66.0,8x8,2,2,3.369256873497761e-08,0.9999994039535522,5.607732873613713e-07,5807.467092097251,5499.64408182394,26409.683910131454,27557.310474677004,955.5613784676793
1737,4,Case3,8x8_238,64.0,-22.0,8x8,2,2,6.942812547094945e-08,0.9999954700469971,4.486127636482706e-06,5472.088403026538,5462.734558084902,32832.63784503937,32887.253619255345,420.08181795999946
1738,2,Case3,8x8_239,30.0,17.0,8x8,3,3,4.657565444432521e-09,4.7439371542168374e-07,0.9999995231628418,5880.429518866012,5098.39295936891,34060.47795462608,36978.457408551825,2349.7994581350254
1739,1,Case3,8x8_240,53.0,26.0,8x8,2,2,5.197211905283439e-08,0.9986502528190613,0.0013496989849954844,6082.4864290737705,5674.217841648855,28737.186310768127,30563.943673578055,1246.6034505262396
1740,1,Case3,8x8_241,13.0,6.0,8x8,3,3,3.4471373311362186e-08,2.579539568614564e-06,0.9999973773956299,4905.690510197189,4851.333945121673,37184.66409897804,39528.51848002696,1907.4148828781965
1741,1,Case3,8x8_242,-31.0,60.0,8x8,2,2,4.139117848467322e-08,0.999996542930603,3.4649356166482903e-06,6066.0867857631765,5506.371127033506,26246.58770799637,27502.788597242186,858.4722532490426
1742,1,Case3,8x8_243,-63.0,-63.0,8x8,1,1,0.9999706745147705,2.921528539445717e-05,1.4780924573187804e-07,5913.621136216408,5729.816863327036,11418.224117279053,10475.815056226447,686.5852553838359
1743,3,Case3,8x8_244,85.0,-58.0,8x8,1,1,0.9999707937240601,2.8166357878944837e-05,1.0181043990087346e-06,5269.352450921268,5060.359107354013,13069.730445861816,11454.978640947113,1123.3837741242075
1745,5,Case3,8x8_246,60.0,61.0,8x8,1,1,0.8375789523124695,0.16241960227489471,1.3803954743707436e-06,6485.1826145387195,6107.703768153701,11874.194355010986,11703.00610500522,254.3318805953953
1746,3,Case3,8x8_247,-83.0,78.0,8x8,1,1,0.9983129501342773,0.0016596107743680477,2.7509324354468845e-05,2875.238860492064,2612.213984193405,8810.714976668358,7365.495214277546,921.6395046425089
1747,4,Case3,8x8_248,6.0,27.0,8x8,3,3,6.131977148271517e-09,6.106818659645796e-07,0.9999994039535522,5354.112101100512,5456.755568843123,37469.84407424927,37457.518870157575,410.81015318183586
1748,1,Case3,8x8_249,6.0,16.0,8x8,3,3,1.2774181712416066e-08,1.308229002461303e-06,0.9999986886978149,5042.747269595202,4973.009277424117,37503.09897363186,39489.83775630325,1603.5892931399367
1749,4,Case3,8x8_250,-47.0,64.0,8x8,2,2,0.0017596263205632567,0.9982399940490723,3.21468860420282e-07,6512.934130064226,6078.579646906299,16177.629182815552,15024.82483303469,810.9778043311562
1750,3,Case3,8x8_251,-69.0,0.0,8x8,3,3,6.597908708272371e-08,0.01878988929092884,0.9812100529670715,4553.5443822794305,4315.79389783721,37872.94665110111,38388.70977223842,499.47673742114
1751,1,Case3,8x8_252,-82.0,-45.0,8x8,2,2,2.9567215733550256e-06,0.9999967813491821,2.8179445621390187e-07,5347.023070769125,5740.400669314944,18965.01058895886,18960.066257282433,138.9828941080367
1752,2,Case3,8x8_253,56.0,-34.0,8x8,2,2,2.7003654849977465e-06,0.9999963045120239,1.0155084737561992e-06,6436.434060848709,6005.314191790745,23253.410700798035,22630.73858566375,436.98746408655506
1753,4,Case3,8x8_254,-75.0,-17.0,8x8,2,2,2.6061456992465537e-07,0.9845591187477112,0.015440602786839008,4651.889045972212,4500.820258882877,35216.610562205315,38439.69489431986,2333.7215432970024
1754,5,Case3,8x8_255,32.0,-60.0,8x8,2,2,4.104239437197066e-08,0.9999990463256836,9.30528472053993e-07,6184.521144021543,6141.033044271086,25493.828986644745,25033.017023284778,380.9427843670424
1755,1,Case3,8x8_256,-25.0,-11.0,8x8,3,3,3.293831341011355e-08,3.0766102554480312e-06,0.9999969005584717,5468.516814199878,5125.9896163218655,36835.69642162323,38401.46959813987,1590.6009577601235
1756,2,Case3,8x8_257,65.0,80.0,8x8,2,2,0.0005377372726798058,0.9994590878486633,3.1432805371878203e-06,4292.177977127072,3953.0345352593718,10519.827226638794,9991.799130956346,395.0797210977734
1757,5,Case3,8x8_258,54.0,-18.0,8x8,2,2,1.8550072411471774e-07,0.9838383197784424,0.016161495819687843,5687.607866439596,5197.345804337112,34041.80451774597,34947.675982994675,931.8750885563339
1758,5,Case3,8x8_259,-6.0,38.0,8x8,3,3,2.5203368281268013e-09,7.071537766023539e-06,0.9999929666519165,5657.783187473294,5559.500755397428,37146.64178562164,36565.18968024004,407.268932474684
1761,3,Case3,8x8_262,-57.0,76.0,8x8,2,2,0.000245851231738925,0.9997524619102478,1.6618349718555692e-06,5690.6713193469495,4639.807494191815,13159.863752365112,12251.825837622207,696.0994382303352
1763,2,Case3,8x8_264,87.0,-65.0,8x8,1,1,0.9999986886978149,1.224145762535045e-06,1.1128591381748265e-07,4035.5426996117335,4256.162006119572,10497.863772392273,9295.158715059508,842.7692518473823
1764,5,Case3,8x8_265,-25.0,-84.0,8x8,2,2,2.6627093419051562e-08,0.9997568726539612,0.0002431500906823203,4630.568188365377,4381.64427434177,31562.356076478958,31513.302564461017,363.60553259277526
1765,3,Case3,8x8_266,-26.0,-39.0,8x8,3,3,2.697914624150144e-06,0.04466244578361511,0.9553348422050476,6446.9128453524845,6568.629730012173,27495.386883497238,28761.817391831064,1134.5413629203751
1766,3,Case3,8x8_267,-33.0,-46.0,8x8,2,2,5.582268568105064e-05,0.9996452331542969,0.0002989932836499065,6799.059504460685,6674.009767293706,22537.99858212471,21674.062555770637,579.7440807266511
1769,1,Case3,8x8_270,10.0,76.0,8x8,2,2,7.128230006259173e-09,0.9993651509284973,0.0006348259630613029,4297.747765295715,4290.071818352504,36203.116288110614,38217.4393439618,1213.7401685847447
1770,5,Case3,8x8_271,-30.0,50.0,8x8,2,2,1.67782275184436e-07,0.9999967813491821,3.0329524633998517e-06,6481.748375694178,6410.103823903282,25247.32079052925,25353.176667216438,305.74147117715125
1773,3,Case3,8x8_274,30.0,-25.0,8x8,3,3,2.502695224393392e-07,9.147868695436046e-06,0.9999905824661255,6524.43345691036,6432.924508002654,30174.612033754587,32904.55900859809,1972.061070566246
1774,5,Case3,8x8_275,80.0,-20.0,8x8,2,2,3.5566010581078444e-08,0.9999305009841919,6.949837552383542e-05,4523.13290434335,4845.533427504264,33903.024252295494,34381.403160584414,624.6464936995255
1775,2,Case3,8x8_276,-88.0,70.0,8x8,1,1,0.9877625703811646,0.01221811305731535,1.9362138118594885e-05,3401.517722204122,3130.2500480711324,9563.800482273102,8228.556574513099,870.9029800518895
1776,3,Case3,8x8_277,57.0,88.0,8x8,2,2,2.203487611041055e-06,0.9999901056289673,7.642262971785385e-06,5212.706653886073,4414.952035156296,13426.617642402649,13141.968004828212,279.5588551023159
1777,2,Case3,8x8_278,18.0,78.0,8x8,2,2,1.1838641178485432e-08,0.9999436140060425,5.634947956423275e-05,4568.790407289279,4545.51809573283,34694.292286515236,34568.76874195933,377.12012925780107
1779,1,Case3,8x8_280,-31.0,-12.0,8x8,3,3,2.0817571666498225e-08,4.698382326751016e-06,0.9999953508377075,5746.12340597148,5267.758649804338,35855.45750951767,38093.070656813376,2092.6181146353742
1780,3,Case3,8x8_281,-72.0,-17.0,8x8,2,2,2.973904429381946e-07,0.9808146953582764,0.019185030832886696,4794.036968247527,4636.5639272979015,35346.68734419346,36497.74272135533,1146.7584578754556
1781,4,Case3,8x8_282,25.0,-74.0,8x8,2,2,6.926614304347822e-08,0.999733030796051,0.00026683046598918736,5038.763186578957,5025.786595748126,31600.694993674755,31937.498970864286,448.0037399234863
1782,1,Case3,8x8_283,34.0,-21.0,8x8,3,3,7.107311716936238e-08,2.0983894501114264e-05,0.9999788999557495,6264.969018114951,5818.47506910198,31317.37016955018,35014.047648996806,2881.4204376241505
1783,5,Case3,8x8_284,16.0,16.0,8x8,3,3,4.539221887256417e-09,9.696120351065929e-09,1.0,5553.548677453177,5104.755032906317,36964.394048690796,37996.59825924972,1174.8285488318263
1784,1,Case3,8x8_285,-21.0,55.0,8x8,2,2,1.1971895474971461e-08,0.9999079704284668,9.206015238305554e-05,5845.705286279004,5414.854665971216,32451.39860534668,32432.26208228876,170.321671363088
1785,2,Case3,8x8_286,40.0,-87.0,8x8,2,2,4.819114110432565e-06,0.9999898672103882,5.2645605137513485e-06,5149.985176296318,5404.72250178439,22264.509815454483,20555.839515713687,1023.0126547392468
1786,4,Case3,8x8_287,-77.0,22.0,8x8,2,2,4.814969756239407e-08,0.9999679327011108,3.202267544111237e-05,4853.914392463762,4705.738153966158,33163.182190179825,33748.96234308973,415.30409246491973
1787,3,Case3,8x8_288,37.0,70.0,8x8,2,2,3.958748706622828e-08,0.9999994039535522,5.38896017587831e-07,5757.461667433211,5432.474255237916,23296.085282973945,24107.481517773613,693.1177186917798
1788,3,Case3,8x8_289,-9.0,44.0,8x8,3,3,1.2240529478901863e-08,0.000249629927566275,0.9997503161430359,5676.253997762439,5525.652392967559,36754.53237247467,36772.4804283681,155.10019403205496
1789,1,Case3,8x8_290,20.0,-82.0,8x8,2,2,1.3661650655194535e-07,0.9282378554344177,0.07176201790571213,4541.78602587344,4217.792585744579,33800.97462964058,35496.14382288638,1576.3398075078176
1791,2,Case3,8x8_292,71.0,-88.0,8x8,1,1,0.9999960660934448,3.045587618544232e-06,8.760239893490507e-07,3297.6021150671536,2782.2761613293574,9449.338585853577,7873.686594732806,1072.4894299852851
1792,1,Case3,8x8_293,-28.0,11.0,8x8,3,3,1.2410335870072231e-08,5.272534053801792e-06,0.9999947547912598,5569.869558665755,5019.030561452926,36504.97427082062,38855.73517289448,2183.93502272495
1794,2,Case3,8x8_295,-84.0,-9.0,8x8,3,2,4.392643973005761e-07,0.7364100813865662,0.263589471578598,3979.3376936816653,4315.332297173625,35311.889598190784,39194.51485882186,2602.8095239713653
1795,5,Case3,8x8_296,-48.0,82.0,8x8,2,2,3.2008438211050816e-06,0.9999940395355225,2.7247720026934985e-06,5381.955964322032,4816.010431805849,17262.949614048004,17230.589003770358,152.86036016091796
1796,4,Case3,8x8_297,-13.0,-4.0,8x8,3,3,4.3749995626285454e-08,3.626265197453904e-06,0.9999964237213135,4962.165396971114,4595.141915867887,37137.13344955444,38239.19202550427,960.4031525142046
1797,1,Case3,8x8_298,-19.0,-23.0,8x8,3,3,3.318115915362796e-08,7.252274940583447e-07,0.9999992847442627,6066.59636168633,5628.866212820671,35041.4200091362,36073.711210386005,1047.320772975078
1798,2,Case3,8x8_299,5.0,-32.0,8x8,3,3,6.9604735308814725e-09,2.743597065091308e-07,0.9999997615814209,5580.502181314948,5425.286261045707,37373.881885528564,36772.52073867075,433.3360354342382
1799,2,Case3,8x8_300,51.0,46.0,8x8,2,2,0.05921114608645439,0.9407860040664673,2.8437625587685034e-06,7414.346946578003,7423.862252519848,15749.325908660889,15895.05719103003,373.13232351326667
1800,5,Case4,6x4_001,65.0,19.0,6x4,2,2,8.425197847827803e-06,0.9999902248382568,1.3363057860260596e-06,19701.10650899933,21881.302786916567,37350.569036483765,37165.41878174586,353.87879310334625
1801,3,Case4,6x4_002,40.0,-51.0,6x4,1,1,0.8895349502563477,0.11045703291893005,8.109705959213898e-06,15564.192522589261,17763.84434122913,20673.4737701416,21711.852264072622,1003.3376531724746
1802,3,Case4,6x4_003,-44.0,65.0,6x4,1,1,0.9987574815750122,0.0012419966515153646,4.5613069232786074e-07,15263.321046334091,14860.426827520238,20740.22917175293,18330.43486721823,1529.7339425200055
1804,1,Case4,6x4_005,-52.0,20.0,6x4,2,2,1.5150422427723242e-07,0.9999997615814209,7.028019410881825e-08,19521.12811538156,20976.859028755476,35214.2325592041,35746.24584535387,321.8308419979212
1806,3,Case4,6x4_007,51.0,-83.0,6x4,1,1,0.9999749660491943,1.3232823221187573e-05,1.1844314940390177e-05,11044.194985803253,10854.700799879101,16095.619613647461,14438.08165295865,1200.2256044838714
1807,2,Case4,6x4_008,86.0,9.0,6x4,2,2,2.073943733194028e-06,0.999914288520813,8.364090172108263e-05,21499.399687200803,24691.078670935163,40478.00227152556,42541.1991249115,1686.8085306613227
1808,4,Case4,6x4_009,-63.0,21.0,6x4,2,2,2.6763979121824377e-07,0.9999992847442627,4.384813223623496e-07,19848.72024440584,20892.771832917766,36108.73595619202,37334.96715219277,789.2813065876775
1809,4,Case4,6x4_010,-74.0,83.0,6x4,1,1,0.9999996423721313,2.5532338554512535e-07,1.3416132560450933e-07,6417.199673460506,6314.890663175214,9515.437217712402,8718.704840909835,508.76804566049697
1810,2,Case4,6x4_011,-39.0,-9.0,6x4,2,2,2.8183435460960027e-06,0.9974973797798157,0.0024997293949127197,21782.93383721275,22536.815460797567,39491.98932170868,39740.24685551354,293.4962736768399
1811,4,Case4,6x4_012,-56.0,9.0,6x4,2,2,2.1401822891675693e-07,0.9999959468841553,3.819490302703343e-06,21623.457561322022,22734.075771434756,40738.51266956329,40889.64355611413,143.61517667209418
1812,3,Case4,6x4_013,61.0,33.0,6x4,1,2,0.0006954676355235279,0.9993044137954712,1.2952304473401455e-07,16488.202908673717,17790.643571864308,27184.160499572754,27222.891802510283,470.0845948025533
1813,2,Case4,6x4_014,19.0,79.0,6x4,2,2,9.606411595086684e-07,0.9999983310699463,7.37621746793593e-07,20609.78711097851,23639.174625387146,37917.93340614438,40804.5559855099,2005.855142974585
1814,4,Case4,6x4_015,35.0,60.0,6x4,2,2,0.1642398238182068,0.8357586860656738,1.4440572613239055e-06,16099.168102698402,17477.18216927059,25577.474166870117,24061.42860338367,1031.6521401215616
1817,1,Case4,6x4_018,-53.0,31.0,6x4,2,2,0.0004595097852870822,0.9995404481887817,7.681217795152406e-08,16509.679046427784,17978.64021789842,27068.17584991455,27482.43534514249,307.8225305326418
1818,2,Case4,6x4_019,-79.0,29.0,6x4,2,2,6.018852332090319e-07,0.9999992847442627,1.7017170250710478e-07,18071.218289483906,20198.473337806874,32330.65562057495,34472.868787466265,1549.815664216489
1819,3,Case4,6x4_020,-2.0,48.0,6x4,2,2,5.621875516226282e-07,0.9793195128440857,0.02067989856004715,22328.79345310121,25059.38049593025,41459.19886684418,42598.72523372135,1010.4127773273711
1821,3,Case4,6x4_022,43.0,-33.0,6x4,2,2,0.001062855590134859,0.9989352822303772,1.8028308659268077e-06,15643.776629233736,17291.15644305641,24355.487991333008,26068.405975223788,1294.8809743728345
1822,2,Case4,6x4_023,62.0,-67.0,6x4,1,1,0.9999998807907104,1.0498197156039168e-07,7.0701529075734015e-09,10919.917889467906,10717.849681456484,12632.890686035156,11704.727641878655,588.3571391594023
1823,1,Case4,6x4_024,30.0,75.0,6x4,2,2,0.0010192682966589928,0.998977780342102,3.0303531275421847e-06,17431.666497748745,18472.893802705974,31495.8843460083,32232.838434737077,633.5505620607237
1824,2,Case4,6x4_025,80.0,-80.0,6x4,1,1,0.9999998807907104,8.392032668780303e-08,4.4364838913679705e-08,5974.146129044565,5384.42855446376,9094.801483154297,7953.555349513238,796.7297020584216
1825,3,Case4,6x4_026,-81.0,73.0,6x4,1,1,0.9999988079071045,7.537149144809518e-07,5.342320719137206e-07,6741.47187366278,6408.3610121212605,9706.180961608887,8253.480379630106,914.2830516852891
1827,3,Case4,6x4_028,36.0,-31.0,6x4,2,2,8.034146594582126e-05,0.999915361404419,4.286690455046482e-06,16700.334618625035,18377.00564724385,26843.896026611328,28759.362888580454,1447.4443106569772
1828,2,Case4,6x4_029,52.0,-41.0,6x4,1,1,0.8703819513320923,0.1296173334121704,7.112254252206185e-07,15305.02527292944,17422.56389686772,20152.315338134766,21370.619891049893,1216.1741562350137
1829,4,Case4,6x4_030,15.0,-12.0,6x4,3,3,4.757727947435342e-05,0.06477773934602737,0.9351746439933777,17924.24390293732,19515.96430106005,40373.207304000854,39734.697201234514,442.232671415372
1830,4,Case4,6x4_031,-55.0,-62.0,6x4,1,1,0.9999996423721313,3.438623252804973e-07,6.954699482975002e-09,12458.905489669378,12954.50057586268,14601.530502319336,13988.773673106902,317.18154075851425
1831,3,Case4,6x4_032,-19.0,-7.0,6x4,3,3,4.228561374475248e-05,0.06705005466938019,0.9329077005386353,18193.504559718982,21241.958932331487,40640.38336849213,40958.53409095615,376.9971655335122
1832,1,Case4,6x4_033,-61.0,86.0,6x4,1,1,0.9999994039535522,6.424228331525228e-07,5.567843430753783e-08,8603.9325816845,8641.503665717657,12078.867164611816,10835.687282002415,800.4821935441997
1833,4,Case4,6x4_034,-43.0,-15.0,6x4,2,2,9.640702955948655e-07,0.9999624490737915,3.653343810583465e-05,20448.84284785929,20640.60828447045,37089.08568954468,37449.0339177513,321.75932699679447
1834,2,Case4,6x4_035,70.0,81.0,6x4,1,1,0.9999982118606567,1.7670172383077443e-06,4.758463845178085e-08,7229.269718547071,7426.394824209297,10126.80069732666,9516.01145371486,362.97742051379174
1835,1,Case4,6x4_036,8.0,25.0,6x4,3,3,2.006249133046367e-06,0.0025259624235332012,0.9974719882011414,19860.29223620826,22687.341451990746,40534.4266204834,42425.365487794144,1829.350893758804
1837,5,Case4,6x4_038,-56.0,52.0,6x4,1,1,0.9999988079071045,1.2041516583849443e-06,1.4106543488878742e-08,13793.266474940921,14043.324417004002,15560.372680664062,13910.404802465042,922.3318473387432
1839,1,Case4,6x4_040,-27.0,-54.0,6x4,2,2,2.7807986953121144e-06,0.9999970197677612,1.913836769062982e-07,17787.812425229233,20373.21401955731,30433.128074645996,31356.78912940461,761.311079065872
1840,4,Case4,6x4_041,-2.0,-68.0,6x4,2,2,6.874687130675738e-08,0.9999594688415527,4.0508493839297444e-05,22358.117936279017,23195.854651929618,42109.17192720063,43192.494929679255,744.4435988643339
1841,4,Case4,6x4_042,84.0,51.0,6x4,1,1,0.9980583786964417,0.001939983107149601,1.6195527905438212e-06,10860.970880970019,11455.66918148248,15995.24104309082,17661.41440602882,1132.00671876945
1842,3,Case4,6x4_043,79.0,-71.0,6x4,1,1,0.9999935626983643,9.009996659870012e-08,6.349761861201841e-06,7263.017948467875,6392.575498204711,10107.692413330078,8747.319061868788,854.582966817691
1843,3,Case4,6x4_044,59.0,-56.0,6x4,1,1,0.9999986886978149,9.191032290800649e-07,3.443771845468291e-07,13020.757742860987,13839.220409381971,14551.699737548828,13926.300568160932,335.2239610812421
1844,2,Case4,6x4_045,-18.0,-35.0,6x4,2,2,7.734515747870319e-06,0.9970827698707581,0.0029094459023326635,19995.27729445088,21835.310545003053,35595.73935890198,38338.28758883274,1774.4003161522808
1845,4,Case4,6x4_046,-76.0,-77.0,6x4,1,1,0.9999997615814209,1.4991347541126743e-07,8.691963415685677e-08,6767.080412473619,6821.143269663788,9683.249488830566,8836.985506678144,662.9814208722178
1846,5,Case4,6x4_047,42.0,27.0,6x4,2,2,0.0033476282842457294,0.9966456294059753,6.7757869146589655e-06,16941.948790650924,18516.048220113105,28633.428565979004,29047.509327622327,683.1646206169456
1847,1,Case4,6x4_048,1.0,71.0,6x4,2,2,8.382502869608288e-08,0.9999947547912598,5.172457804292208e-06,22333.915636394122,25249.105689445918,42045.441725969315,44713.4949104013,1788.1967291583053
1848,3,Case4,6x4_049,-37.0,22.0,6x4,2,2,3.181067427249218e-07,0.9999947547912598,4.9644659156911075e-06,18894.133918603293,22156.67399180324,32743.136184692383,36915.10841007681,2973.292919488635
1849,4,Case4,6x4_050,-16.0,44.0,6x4,2,2,8.355743261745374e-07,0.9999229907989502,7.619187817908823e-05,20095.47310657902,22262.84252565977,36857.12417411804,37523.80307701762,423.5000101637303
1851,1,Case4,6x4_052,-79.0,34.0,6x4,2,2,5.385329131968319e-06,0.9999942779541016,3.02211020652976e-07,16823.46663263932,20621.870071715,28968.699157714844,31613.477980367526,1864.9594947980208
1852,4,Case4,6x4_053,3.0,87.0,6x4,2,2,2.780734291718545e-07,0.9999830722808838,1.666364914854057e-05,22215.838817931355,20920.383877433225,41099.454046964645,43447.8911391122,1647.5389260159193
1853,3,Case4,6x4_054,-17.0,-44.0,6x4,2,2,4.177719006293046e-07,0.999961256980896,3.827118780463934e-05,19802.670513986137,20361.00269538231,36139.97483062744,35871.733932860116,347.29483293219255
1855,1,Case4,6x4_056,67.0,-19.0,6x4,2,2,6.52216158414376e-07,0.999997615814209,1.7403181118424982e-06,20518.220862411847,22259.33063987091,37544.964814186096,38514.59894623011,738.9743746065329
1856,3,Case4,6x4_057,2.0,74.0,6x4,2,2,4.727615987576428e-08,0.9999678134918213,3.211536750313826e-05,22293.436635106573,22636.56030398522,41863.14856123924,41562.142990433145,522.6646189899737
1857,4,Case4,6x4_058,82.0,19.0,6x4,2,2,4.3718679080484435e-05,0.9998692274093628,8.70482690515928e-05,20273.166907762425,22476.76561246762,37789.81520932913,38288.39790131112,516.5019546954132
1858,5,Case4,6x4_059,14.0,3.0,6x4,3,3,1.1208487649128074e-07,7.62014593647109e-08,0.9999997615814209,17403.926771403785,19016.304101428865,39952.56978067383,41195.110997689844,1126.782721797018
1859,2,Case4,6x4_060,44.0,-84.0,6x4,1,1,0.9512665271759033,0.048732951283454895,4.3037729824391135e-07,13059.554858234635,13793.473769961478,20156.150016784668,21074.367943686593,722.1761137975853
1860,2,Case4,6x4_061,0.0,-52.0,6x4,2,2,4.779061555382214e-07,0.9992246627807617,0.0007748296484351158,22390.338402721325,23436.51138565494,41764.64590930939,42151.91507701143,445.01159544295984
1861,5,Case4,6x4_062,33.0,26.0,6x4,2,2,0.0005276116426102817,0.998914361000061,0.0005580528522841632,17848.77388656686,19445.32042721638,30750.735805511475,32959.737946016496,1522.8592992166757
1862,2,Case4,6x4_063,-75.0,38.0,6x4,2,2,0.0003104005299974233,0.9996893405914307,2.3266144921763043e-07,15942.54751799103,16893.43611019681,25891.064376831055,26501.477071700378,594.1755253278197
1863,4,Case4,6x4_064,-20.0,55.0,6x4,2,2,2.467373576564569e-07,0.9999986886978149,1.0788613735712715e-06,19917.952698060064,20406.340929251597,35796.84496116638,36874.44013940449,706.7270202253173
1864,5,Case4,6x4_065,72.0,31.0,6x4,2,2,0.002418140647932887,0.9975792765617371,2.6024658836831804e-06,17410.69061531813,17827.588513336184,30421.14262008667,28952.590454372596,857.5512645926882
1866,2,Case4,6x4_067,-83.0,68.0,6x4,1,1,0.9999997615814209,2.2828989187928528e-07,3.296253936468929e-08,7376.135864080732,6606.39434117987,10388.116424560547,8859.046496560248,991.495061351662
1867,3,Case4,6x4_068,-26.0,-1.0,6x4,3,3,5.747889645135729e-06,0.03794560581445694,0.9620486497879028,19576.793491775054,22666.425981173066,41025.13437271118,42148.975493012054,1009.096383730957
1872,4,Case4,6x4_073,-22.0,46.0,6x4,2,2,2.9731340873695444e-06,0.9999915361404419,5.525187134480802e-06,18362.65095522395,20058.879437608983,33074.880352020264,33435.2040913151,211.83694819560736
1873,1,Case4,6x4_074,-1.0,-8.0,6x4,3,3,2.0816731193917803e-05,0.039675191044807434,0.9603040218353271,16957.129742286947,19947.374945053074,38304.23893435509,42555.43963610309,3085.954675308262
1874,3,Case4,6x4_075,-22.0,82.0,6x4,2,2,1.2257158914508182e-06,0.9999978542327881,9.128548867920472e-07,19855.135779360873,19457.365738917528,36530.56619501114,35781.80128642677,528.6310342890949
1876,2,Case4,6x4_077,-64.0,20.0,6x4,2,2,1.9221127445234742e-07,0.9999995231628418,2.4567603418290673e-07,19512.41367375843,20665.928793471376,36788.09573173523,37134.181710230056,447.7709565718475
1877,1,Case4,6x4_078,29.0,-79.0,6x4,2,2,1.0356351594964508e-05,0.999971866607666,1.776164208422415e-05,18169.39831242523,20834.374217591096,32441.25168991089,35174.75014122264,1872.9774871080967
1878,3,Case4,6x4_079,-67.0,39.0,6x4,2,2,0.04821237549185753,0.9517863392829895,1.2278876511118142e-06,15675.109831677206,17301.329776840306,24083.856620788574,24050.810703346244,282.4981978863448
1880,5,Case4,6x4_081,-38.0,-72.0,6x4,2,2,0.3102055788040161,0.6897905468940735,3.865156486426713e-06,16101.298190734396,16901.95367015667,25535.441902160645,24279.920111463693,765.1566116721646
1881,3,Case4,6x4_082,85.0,48.0,6x4,1,1,0.9116131663322449,0.08835168927907944,3.508657027850859e-05,11736.197462441638,12238.789153692094,17622.416023254395,18734.557547386426,868.656660464472
1882,4,Case4,6x4_083,-12.0,85.0,6x4,2,2,6.453668675021618e-07,0.9999939203262329,5.419408353191102e-06,21326.424718647988,22038.89934808308,40070.832342624664,41665.38293004702,1087.522933542371
1883,3,Case4,6x4_084,77.0,-48.0,6x4,1,1,0.999325156211853,0.0006529469392262399,2.1921923689660616e-05,12337.943110434046,12329.366170422163,17657.656860351562,17300.37996558474,339.72326877303664
1884,1,Case4,6x4_085,45.0,75.0,6x4,1,1,0.9882717728614807,0.011727224104106426,9.34455897549924e-07,12589.587008838233,14570.402039566878,19291.559448242188,19635.234095616186,329.6710519109523
1885,3,Case4,6x4_086,-41.0,-54.0,6x4,1,1,0.9179675579071045,0.08202875405550003,3.765618885154254e-06,15341.482645335416,16966.002220814567,20395.549438476562,21075.85127146654,939.8800456665058
1886,3,Case4,6x4_087,-38.0,89.0,6x4,2,2,0.08977751433849335,0.9102126359939575,9.813987162488047e-06,16189.267634561245,13583.797752146467,26659.70269012451,24274.03014901967,1451.841208020633
1887,1,Case4,6x4_088,23.0,33.0,6x4,2,2,0.0002583867753855884,0.7867632508277893,0.21297836303710938,18608.451507404636,22120.815963625286,32788.068967819214,36343.611410365396,2865.494873923736
1888,4,Case4,6x4_089,18.0,-35.0,6x4,2,2,6.37228140476509e-06,0.9877554774284363,0.012238136492669582,20032.379657876594,22510.960358239463,35718.26697349548,38197.551839220876,1679.636930033573
1889,1,Case4,6x4_090,-65.0,24.0,6x4,2,2,1.5404073394620355e-07,0.9999997615814209,7.122958578520411e-08,18553.21629145018,20135.358347138827,34464.85930252075,34639.806475610545,174.08217740702423
1890,5,Case4,6x4_091,11.0,36.0,6x4,3,2,1.1741753041860647e-05,0.8083381056785583,0.19165019690990448,21767.84320171658,24432.483442419783,38954.52271270752,41360.05973196411,1679.466252722801
1891,4,Case4,6x4_092,-38.0,-40.0,6x4,2,1,0.8121109008789062,0.18788772821426392,1.397423147864174e-06,16099.213392153637,16884.73066763485,22421.030807495117,22683.005965066575,343.25036441642476
1892,5,Case4,6x4_093,-70.0,-78.0,6x4,1,1,0.9999973773956299,2.455627281960915e-06,1.2944090599376068e-07,7555.890633922434,7826.062666728702,10329.256454467773,10037.236562002767,184.57823298390315
1893,2,Case4,6x4_094,73.0,-55.0,6x4,1,1,0.9999991655349731,7.992692871994223e-07,1.499793889081502e-08,11135.612813237853,10894.987983213508,14270.253921508789,13341.585077722124,633.0681398911015
1894,4,Case4,6x4_095,68.0,-30.0,6x4,2,2,9.928269719239324e-06,0.9999896287918091,4.217275488826999e-07,17661.643455896938,18222.92667692598,30685.306797027588,31328.39855746809,390.2725039950888
1895,1,Case4,6x4_096,84.0,-52.0,6x4,1,1,0.9999974966049194,2.2122464997664792e-06,2.83555550595338e-07,10662.045194364207,10759.223404245597,15596.21597290039,14367.202862869863,845.4919921103063
1897,5,Case4,6x4_098,-1.0,36.0,6x4,3,2,5.047783815825824e-06,0.6258726716041565,0.3741222620010376,21625.61055912366,24935.23275712413,40947.409863471985,43405.9997871832,1720.2171450060196
1898,1,Case4,6x4_099,90.0,40.0,6x4,1,2,0.0011783241061493754,0.9988178610801697,3.744539753824938e-06,12361.552384112701,14959.60701310034,22734.604961395264,26842.507819974824,2627.945596045168
1899,2,Case4,6x4_100,69.0,62.0,6x4,1,1,0.9999983310699463,1.6995154510368593e-06,3.620539246185217e-08,10290.846377699652,10330.211467188788,12280.447204589844,11924.31875987138,217.26075277011608
1900,2,Case4,6x4_101,48.0,15.0,6x4,2,2,3.913324235327309e-06,0.9999790191650391,1.702270128589589e-05,20115.567029852402,22352.77726955348,37571.81036758423,37345.92462009676,472.49952742327383
1901,5,Case4,6x4_102,76.0,-24.0,6x4,2,2,1.4474191630142741e-05,0.9999822378158569,3.328740604047198e-06,18748.451080897223,19966.98762218147,35256.70406913757,35924.78486167497,578.9030676619428
1902,4,Case4,6x4_103,66.0,14.0,6x4,2,2,1.3002078276258544e-06,0.9999805688858032,1.8161324987886474e-05,20779.429796308756,24054.698514243904,39634.29720568657,40954.02671212855,1020.1340131358215
1903,3,Case4,6x4_104,83.0,3.0,6x4,2,2,2.328378513993812e-06,0.9979977011680603,0.001999941421672702,22013.511892918705,23136.736903210578,41152.61290860176,41801.87391615793,760.9925861125637
1905,3,Case4,6x4_106,-12.0,43.0,6x4,2,2,5.963299258837651e-07,0.9988314509391785,0.0011679125018417835,21892.502054630153,25974.584047988952,38771.460247039795,41471.08745305442,2049.202734383204
1906,1,Case4,6x4_107,69.0,8.0,6x4,2,2,4.721724167211505e-08,0.9998823404312134,0.00011758504115277901,21693.39061803584,25077.136740502683,41295.13650110364,44647.78243551492,2498.7032405342325
1908,3,Case4,6x4_109,-69.0,17.0,6x4,2,2,2.2129638566070753e-08,0.9999985694885254,1.443491441932565e-06,20635.671601532737,21652.261794549137,38599.600392341614,39361.47340260624,737.5530977365446
1910,5,Case4,6x4_111,7.0,87.0,6x4,2,2,1.298701732821428e-07,0.999998927116394,9.898038797473419e-07,21920.621936815387,20419.860968241395,40819.52363777161,41135.00106249797,507.6898390872499
1911,4,Case4,6x4_112,21.0,-8.0,6x4,3,3,1.1618993084994145e-05,0.030703585594892502,0.9692847728729248,19054.511313868734,20799.360418997006,40676.33984565735,40816.304979730696,573.2734114212357
1912,5,Case4,6x4_113,35.0,-2.0,6x4,3,3,1.389864451084577e-06,0.0023256957065314054,0.9976728558540344,21509.802299412044,23958.862619063068,40786.28412055969,42667.79674267075,1486.78233580499
1913,3,Case4,6x4_114,-35.0,-78.0,6x4,2,2,3.195136378053576e-05,0.9999655485153198,2.557812422310235e-06,16760.714683028644,18650.62490113422,28226.175842285156,30598.08485472635,1734.0983489426121
1914,2,Case4,6x4_115,22.0,74.0,6x4,2,2,3.2519449177925708e-06,0.9999960660934448,6.578698048542719e-07,19318.37365424374,22769.01707209774,36387.10043334961,38208.59025118932,1282.7404354578746
1915,4,Case4,6x4_116,12.0,-85.0,6x4,2,2,2.786695461054478e-07,0.9999290704727173,7.069087587296963e-05,21286.86687496217,22433.336295395966,40101.164637327194,42156.455172814065,1367.8372076689602
1916,5,Case4,6x4_117,-87.0,33.0,6x4,2,2,4.375252501631621e-06,0.9999951124191284,4.5536077664110053e-07,17047.571877581824,19227.824866446794,29917.262031555176,31690.278446831788,1333.8164127033665
1917,5,Case4,6x4_118,54.0,-88.0,6x4,1,1,0.9999936819076538,2.4535427201044513e-07,6.134911018307321e-06,10093.622702080575,10505.953473567613,14646.298553466797,14018.197655616274,524.1462816557483
1918,4,Case4,6x4_119,31.0,-10.0,6x4,3,3,3.6877027014270425e-06,0.02554621361196041,0.9744500517845154,21142.379614046542,22631.716440694083,39574.856536865234,40954.82565409882,1195.2864326832862
1919,3,Case4,6x4_120,-58.0,-26.0,6x4,2,2,3.3712478852976346e-06,0.9999959468841553,7.316976393667574e-07,17662.200542907973,19013.418769174357,31857.670223236084,31238.221641531123,405.09201413797336
1921,5,Case4,6x4_122,20.0,-73.0,6x4,2,2,1.1497054401843343e-06,0.9999939203262329,4.983692178939236e-06,20516.942125553487,22198.52563112284,37450.48464870453,39619.44102322268,1471.2636896627334
1922,4,Case4,6x4_123,76.0,4.0,6x4,2,2,9.80415507001453e-07,0.9995009899139404,0.0004980784724466503,21993.004758074017,27561.69025934339,41519.3317643404,44837.279031147176,2446.242961233584
1924,1,Case4,6x4_125,-3.0,72.0,6x4,2,2,9.071759876633223e-08,0.9999969005584717,2.953917828563135e-06,22280.06196581888,24706.20546267561,41928.42184317112,44146.69990687866,1462.02673949825
1925,5,Case4,6x4_126,-8.0,18.0,6x4,2,3,2.0715734194709512e-07,2.151309814735214e-07,0.9999995231628418,17930.849905103307,21413.858187426387,40213.41088247299,41284.108409702734,1211.9317024627396
1926,4,Case4,6x4_127,-66.0,77.0,6x4,1,1,0.9999997615814209,2.1151132045815757e-07,5.123482438307292e-08,8433.232191979947,8647.054112535026,11101.270462036133,10610.91307634708,415.57188277356204
1927,2,Case4,6x4_128,59.0,-70.0,6x4,1,1,0.9999997615814209,1.9128349038055603e-07,7.243229571685106e-09,10901.028508593796,10787.123169938772,13084.530738830566,12158.288415652853,663.9808375741176
1929,2,Case4,6x4_130,-59.0,12.0,6x4,2,2,1.8135273194275214e-07,0.999997615814209,2.204712700404343e-06,21543.467950390856,21971.178600057825,40032.09632444382,40376.97699550041,429.15334425466597
1930,1,Case4,6x4_131,41.0,53.0,6x4,1,1,0.9852629899978638,0.014736413024365902,6.384417474691872e-07,15325.026379625706,17676.467854489594,20287.806716918945,20622.102489606503,344.7140419741929
1932,1,Case4,6x4_133,-21.0,37.0,6x4,2,2,1.4315468433778733e-05,0.9994081258773804,0.0005775302415713668,18849.98592227573,22182.497893000356,33564.10712432861,36858.083591191775,2241.8740282237586
1933,1,Case4,6x4_134,-56.0,37.0,6x4,2,2,0.4878941774368286,0.512105405330658,4.6634431782877073e-07,15597.112008826294,17928.96055376208,23226.07704925537,22409.404535738766,607.0290070588002
1934,5,Case4,6x4_135,39.0,-76.0,6x4,2,1,0.9984073042869568,0.0015809108735993505,1.1752634236472659e-05,16006.88943855908,15140.806397453489,25424.63882446289,22351.230473086856,1943.247242209549
1935,2,Case4,6x4_136,8.0,-68.0,6x4,2,2,2.4053690594882937e-07,0.9999469518661499,5.28286982444115e-05,21932.581487616357,24287.567104603608,41471.975370168686,42269.81262315469,701.4907629919164
1936,3,Case4,6x4_137,68.0,53.0,6x4,1,1,0.9998340606689453,0.00016574801702518016,1.539620626545002e-07,12230.661588968265,13344.520075017406,14948.632362365723,14863.399174581224,292.87084099034774
1937,5,Case4,6x4_138,-28.0,-75.0,6x4,2,2,4.4805633478972595e-06,0.9999949932098389,4.885503130935831e-07,18425.936762558722,19957.42880078045,32772.703540802,35283.09154582332,1751.7768604367495
1938,1,Case4,6x4_139,-52.0,-36.0,6x4,2,2,0.2553873062133789,0.7446119785308838,7.243012873914267e-07,15468.37737358641,17350.875242425464,23009.7333984375,21712.301336100467,829.0683007701501
1940,4,Case4,6x4_141,79.0,49.0,6x4,1,1,0.9951764345169067,0.0048223030753433704,1.2891254073110758e-06,11693.184234639493,12333.032323301342,16991.50877380371,18468.30357756942,988.8318283860066
1941,2,Case4,6x4_142,56.0,10.0,6x4,2,2,1.1291558621451259e-06,0.9999676942825317,3.115061917924322e-05,21319.723385365323,24274.212592278658,40413.98736286163,40753.72905108821,730.4139578287159
1942,1,Case4,6x4_143,39.0,-35.0,6x4,2,2,0.11916041374206543,0.8808386921882629,9.343048645860108e-07,16036.190720089693,19358.765446824887,23861.256118774414,24970.12531334247,767.1835535808801
1943,1,Case4,6x4_144,-86.0,-39.0,6x4,2,2,0.0012641364010050893,0.998735249042511,6.093667934692348e-07,15835.30296171324,17253.90070132346,25841.501792907715,26490.000654846255,518.9721262065091
1944,5,Case4,6x4_145,29.0,32.0,6x4,2,2,0.002539166947826743,0.9972538352012634,0.00020696768478956074,17321.666898558327,18654.872369944198,29528.379280090332,30438.212536511433,776.359423043939
1945,4,Case4,6x4_146,-41.0,-28.0,6x4,2,2,7.71525883465074e-05,0.9999210834503174,1.7348494338875753e-06,16422.268749824758,18068.168713573337,27870.418521881104,29516.341433846454,1091.245932288415
1946,3,Case4,6x4_147,47.0,23.0,6x4,2,2,2.6275649815943325e-06,0.9999970197677612,3.5323049019098107e-07,18337.610171054326,19869.425982145545,32224.380252838135,32779.9280216261,717.5860007894556
1947,5,Case4,6x4_148,46.0,-62.0,6x4,1,1,0.999996542930603,3.3320436614303617e-06,1.2168793261935207e-07,15167.89709263468,14980.67630975511,19239.020248413086,16730.601960886972,1729.520075887312
1949,3,Case4,6x4_150,15.0,-47.0,6x4,2,2,4.8669537733303514e-08,0.9999947547912598,5.139543191035045e-06,20401.415749413034,20970.660485575456,37669.0164604187,38127.598638201045,297.3946067195523
1950,5,Case4,6x4_151,-66.0,-82.0,6x4,1,1,0.9999934434890747,6.397500328603201e-06,1.479519511349281e-07,7839.469686969595,8152.956411156061,10855.268058776855,10563.899232352542,162.31719199263995
1951,2,Case4,6x4_152,-23.0,-66.0,6x4,2,2,1.7281342934438726e-06,0.9999949932098389,3.224647343813558e-06,19520.730767560206,20729.864209452935,35202.44256782532,36444.13822379909,873.987319087277
1952,5,Case4,6x4_153,50.0,-62.0,6x4,1,1,0.9999995231628418,3.328557909298979e-07,1.0189647525749024e-07,14286.851173680787,14027.030147445139,16499.066818237305,14954.319074282748,1230.9611155869136
1954,1,Case4,6x4_155,11.0,-32.0,6x4,2,3,3.0546282232535305e-06,0.033180661499500275,0.966816246509552,21032.385995143206,23457.500395107272,39307.878494262695,41096.51403493523,1560.3563172887925
1955,3,Case4,6x4_156,70.0,-86.0,6x4,1,1,0.9999877214431763,1.9818918417513487e-07,1.2097894796170294e-05,6910.164352987085,6315.797121988407,9977.699333190918,8847.763185520178,733.6232202374028
1956,2,Case4,6x4_157,78.0,-26.0,6x4,2,2,2.0793975636479445e-05,0.9999783039093018,9.031688819050032e-07,18751.314085346956,19131.548321559017,34143.060373306274,34453.487878805754,569.3314101238684
1958,4,Case4,6x4_159,-9.0,-4.0,6x4,3,3,5.4882508266018704e-05,0.0696345865726471,0.9303104877471924,17066.94834169127,18498.460531550045,38760.6311199218,39787.41592921103,829.4426409568987
1959,4,Case4,6x4_160,47.0,-13.0,6x4,2,2,2.474607185831701e-07,0.9999076128005981,9.208575647789985e-05,20665.2862093019,22679.64964080393,38530.479687690735,39443.238405030876,702.3279495648926
1961,3,Case4,6x4_162,-71.0,-11.0,6x4,2,2,2.2273242805681548e-08,0.9999933242797852,6.603940619243076e-06,21339.9828165025,23318.559091876727,40580.41236001253,40669.448352220876,458.23012043156183
1962,4,Case4,6x4_163,-84.0,28.0,6x4,2,2,2.153627519874135e-06,0.9999972581863403,5.832603164890315e-07,18210.240977751277,20758.47267350522,33100.112186431885,35455.67525827928,1587.4724152665385
1963,5,Case4,6x4_164,-16.0,-5.0,6x4,2,3,2.1684431317225972e-07,2.3215882549720845e-07,0.9999995231628418,17924.91288582107,20855.234802121777,40431.003135859966,41602.42685192845,1292.3987168507883
1964,4,Case4,6x4_165,-5.0,10.0,6x4,3,3,4.0481747419107705e-05,0.05869557708501816,0.9412639141082764,16755.293177064803,18660.66379753483,39227.18662965298,39946.747209424,628.4682883507812
1965,2,Case4,6x4_166,-61.0,-3.0,6x4,2,2,2.0799298283691314e-07,0.9999806880950928,1.9134789909003302e-05,22131.98328592722,23518.23192963584,41922.423767507076,42837.3876238385,811.9433372423537
1967,5,Case4,6x4_168,-5.0,-1.0,6x4,3,3,1.3648192975779239e-07,5.118550205907013e-08,0.9999998807907104,17139.540631082622,18691.00492055768,35472.77913182974,41401.055874942555,5393.021316899648
1968,5,Case4,6x4_169,58.0,-70.0,6x4,1,1,0.9999995231628418,3.298353945524468e-08,4.5360476974565245e-07,11097.69246060567,11344.806754884208,13366.241691589355,12261.946025953874,846.1786846522197
1969,4,Case4,6x4_170,-35.0,-50.0,6x4,2,2,0.10372752696275711,0.896271288394928,1.2473980177674093e-06,15763.79095797676,17301.391166062585,23481.918731689453,23788.847486858867,342.9138664989697
1970,4,Case4,6x4_171,-6.0,-18.0,6x4,3,3,4.101611557416618e-05,0.08362289518117905,0.9163361191749573,17410.69431437889,19559.840426624363,40138.85045647621,40558.38782420421,610.9709391166704
1971,2,Case4,6x4_172,-68.0,5.0,6x4,2,2,1.4861218744499638e-07,0.9999809265136719,1.8942770111607388e-05,22001.661542988226,22910.03509948337,41786.77072298527,42461.27832562863,660.2577728883424
1972,5,Case4,6x4_173,82.0,-55.0,6x4,1,1,0.9999985694885254,3.523969382968062e-07,1.088100816559745e-06,10147.57003477745,10251.390458945098,14231.309196472168,13428.88118393343,528.1608131166699
1973,5,Case4,6x4_174,-76.0,51.0,6x4,1,1,0.9999973773956299,2.6308055112167494e-06,5.7508998452249216e-08,11586.020496456618,12014.256982205505,16010.045120239258,13978.677814460796,1598.4287656935817
1974,5,Case4,6x4_175,-73.0,85.0,6x4,1,1,0.9999991655349731,1.648070906412613e-07,7.095573550941481e-07,6486.307386958716,6213.741781792469,9564.116756439209,8822.417413747702,468.8692708728227
1975,2,Case4,6x4_176,-36.0,30.0,6x4,2,2,0.004277313593775034,0.9957053065299988,1.7342343198833987e-05,16882.71816026857,17499.660139290812,27425.878536224365,27627.137685676935,405.5384824313268
1976,5,Case4,6x4_177,25.0,-81.0,6x4,2,2,1.0673722499632277e-05,0.9999805688858032,8.701102160557639e-06,19145.919367808307,21563.955555180655,34952.29942703247,36717.14538362911,1267.1539492475574
1977,2,Case4,6x4_178,27.0,63.0,6x4,2,2,3.3814772905316204e-05,0.9999657869338989,3.713581975262059e-07,17812.74790622233,19395.855479680376,32171.261039733887,32565.80891013698,516.954457502662
1978,3,Case4,6x4_179,73.0,-44.0,6x4,1,1,0.885564386844635,0.11434855312108994,8.711699774721637e-05,15042.643394652185,14599.291995820684,21821.834632873535,21766.292612262147,445.89020011559074
1980,4,Case4,6x4_181,88.0,45.0,6x4,2,1,0.9186646342277527,0.08132442086935043,1.0962772648781538e-05,12392.318254241229,12229.07156898316,19440.69637298584,21110.44766744306,994.7761397372356
1983,2,Case4,6x4_184,83.0,43.0,6x4,2,1,0.9738650918006897,0.026133514940738678,1.4348358945426298e-06,11956.04729499557,13006.333511327417,20672.77809906006,20840.955710739236,454.9227302251792
1984,1,Case4,6x4_185,-18.0,49.0,6x4,2,2,1.005817694021971e-06,0.9999978542327881,1.1558180403881124e-06,19624.96577963115,22178.050256811293,36200.83619117737,37409.214303792716,777.4598565933901
1985,5,Case4,6x4_186,-54.0,1.0,6x4,2,2,9.627689934177397e-08,0.9999970197677612,2.9155723950680112e-06,22179.04572113914,22663.592746194918,41754.846172749996,42071.404631646015,502.12884561019035
1986,1,Case4,6x4_187,-47.0,-37.0,6x4,1,2,0.2158471941947937,0.7841517925262451,9.851329423327115e-07,15396.657748207082,17244.300261514378,21801.105545043945,21804.679144806338,243.51711837705673
1987,5,Case4,6x4_188,-40.0,56.0,6x4,1,1,0.7293667197227478,0.27063265442848206,6.173729047986853e-07,15513.92063728736,17125.267318946717,21403.307205200195,21944.485657757483,733.5108109976135
1988,1,Case4,6x4_189,34.0,0.0,6x4,3,3,1.3636891083024238e-07,0.0008584611350670457,0.9991414546966553,21657.906151661224,22469.992616339125,40842.209557533264,41353.38476225279,559.0140028099302
1989,4,Case4,6x4_190,-80.0,40.0,6x4,2,2,0.00022070223349146545,0.9997790455818176,2.759768449323019e-07,15648.583910240095,16681.81788278022,24990.77540588379,25294.15782824067,370.21197362087815
1990,1,Case4,6x4_191,-75.0,6.0,6x4,2,2,3.433700968002995e-08,0.9999772310256958,2.2719103071722202e-05,21874.91778887755,25621.37807841397,41424.22816514969,43815.89265433421,1648.5169549111015
1991,3,Case4,6x4_192,89.0,-86.0,6x4,1,1,0.9999847412109375,1.2642948377106222e-07,1.5131527106859721e-05,4973.9925900578555,4768.273635586433,8325.08712387085,7648.113251447374,462.3166357980869
1992,3,Case4,6x4_193,48.0,41.0,6x4,1,1,0.9896917939186096,0.01030789315700531,3.3440196034462133e-07,15388.243323403005,15659.915952571213,19897.840744018555,19394.534666773943,277.8109667888113
1993,5,Case4,6x4_194,-11.0,-16.0,6x4,3,3,5.717027988794143e-07,8.349524023287813e-07,0.9999985694885254,17756.135113982586,21521.610844977244,40126.27185535431,41111.20670896557,1196.3810424578023
1994,3,Case4,6x4_195,12.0,71.0,6x4,2,2,1.1783927078568013e-07,0.9999847412109375,1.5097019968379755e-05,21996.260955284524,25249.260330971214,40460.92272722721,41955.93729603541,1261.2908923933162
1996,5,Case4,6x4_197,-80.0,-38.0,6x4,2,2,0.009700896218419075,0.9902985692024231,5.62771219847491e-07,15893.15974336097,15851.697974504881,26222.593955993652,25444.962721671054,405.74374756106
1997,1,Case4,6x4_198,-82.0,-53.0,6x4,1,1,0.9999881982803345,1.1692823136399966e-05,7.271359692140322e-08,10577.037843011174,11225.359709073538,15089.862396240234,13056.159803624547,1463.5224930059517
1998,2,Case4,6x4_199,-45.0,82.0,6x4,1,1,0.9997748732566833,0.00022504052321892232,8.755660019232891e-08,12884.544918881533,12823.199998034557,19586.481552124023,18439.487094388165,968.4062574666419
1999,5,Case4,6x4_200,88.0,-42.0,6x4,1,1,0.8502028584480286,0.1496734470129013,0.0001236726384377107,11926.17822368546,13794.317473793359,21503.02456665039,22071.883158551675,468.13375825772863
2001,1,Case4,6x4_202,-24.0,-76.0,6x4,2,2,9.583006743696387e-08,0.999998927116394,9.971200825020787e-07,19533.891318677703,20746.39572122283,35297.19714355469,37928.185847446155,1773.3682210917016
2002,1,Case4,6x4_203,33.0,58.0,6x4,2,2,0.027199136093258858,0.9727982878684998,2.556558683863841e-06,16486.365230660547,17799.866339916003,26644.18016052246,26576.973854950553,287.04887933266895
2003,3,Case4,6x4_204,27.0,-22.0,6x4,3,2,4.909550989395939e-05,0.9268861413002014,0.07306472212076187,20176.706110514904,22609.341486687998,35379.805713653564,38706.659238215165,2439.5629591671745
2005,4,Case4,6x4_206,4.0,90.0,6x4,2,2,3.085844184624875e-07,0.9999864101409912,1.3326030966709368e-05,10036.736432191612,20256.553674548337,39174.30488228798,42851.57991744668,2879.1883480210404
2006,3,Case4,6x4_207,19.0,-83.0,6x4,2,2,2.4294436684613174e-07,0.9999839067459106,1.589148087077774e-05,19995.28621372993,21210.069712309058,37934.218438744545,39117.52051886873,887.8193471801757
2007,4,Case4,6x4_208,-87.0,47.0,6x4,1,2,0.06512215733528137,0.9348762631416321,1.588711938893539e-06,11851.482992077586,13328.973522580625,18244.729026794434,20292.748490708364,1462.4146079224952
2008,4,Case4,6x4_209,58.0,-69.0,6x4,1,1,0.9999997615814209,9.795235911269629e-08,9.983915560951573e-08,11273.829196034098,11629.08931259555,13412.545066833496,12934.577410651735,445.8787230817269
2009,2,Case4,6x4_210,-10.0,23.0,6x4,3,3,2.8570320864673704e-05,0.2326345443725586,0.7673368453979492,18809.799572454758,22164.58332596527,40067.85463523865,41461.77795354875,1428.0948218209066
2010,4,Case4,6x4_211,55.0,-59.0,6x4,1,1,0.9999996423721313,3.4247241842422227e-07,1.4561954309044722e-08,13099.915601604815,14013.973790407463,14740.223693847656,14594.397001335008,343.6797078075902
2011,3,Case4,6x4_212,-63.0,54.0,6x4,1,1,0.9999959468841553,3.99305372411618e-06,6.008610142771431e-08,13167.471008135466,13548.661625347546,14890.271011352539,13955.84158461959,554.5182657064416
2012,5,Case4,6x4_213,67.0,-42.0,6x4,2,1,0.9983616471290588,0.0016371511155739427,1.1426998298702529e-06,15297.196516776994,15969.007442771777,22138.659698486328,20900.429304392994,596.4742228230881
2013,1,Case4,6x4_214,63.0,-14.0,6x4,2,2,1.0725123900101607e-07,0.9999963045120239,3.6365088362799725e-06,21497.268914674736,24384.00805877962,39553.2885093689,41789.82688322824,1597.7115432883306
2014,1,Case4,6x4_215,9.0,13.0,6x4,3,3,1.4565418496204074e-05,0.012149814516305923,0.9878355860710144,17607.910295194793,21085.49208429927,39884.910847365856,42465.57403976038,2045.6829815709145
2015,1,Case4,6x4_216,-10.0,59.0,6x4,2,2,3.5837683753925376e-07,0.9999988079071045,7.935673238534946e-07,21611.4483428287,25160.88105143727,40790.01819849014,41244.73141564586,302.1186793991707
2016,3,Case4,6x4_217,21.0,56.0,6x4,2,2,2.5702939865368535e-07,0.9999988079071045,8.908729682843841e-07,19024.884481113513,20757.174161909155,35216.01766204834,36308.167055752216,903.9082872447656
2017,1,Case4,6x4_218,5.0,-15.0,6x4,3,3,2.6967374651576392e-05,0.057810235768556595,0.942162811756134,17605.792968490783,21222.020199721766,39929.942858655006,42623.49627319918,2179.050313285805
2019,1,Case4,6x4_220,14.0,-23.0,6x4,3,3,1.7129286788986064e-05,0.01611800119280815,0.9838648438453674,19382.372791549784,23103.383945383524,39462.51999473572,41375.779567869824,1923.385073182567
2020,1,Case4,6x4_221,74.0,-56.0,6x4,1,1,0.9999992847442627,5.517360932572046e-07,1.318260700600149e-07,10787.729413537414,11695.245921630009,13884.575492858887,13365.16981251165,488.56151815756164
2022,3,Case4,6x4_223,-78.0,-48.0,6x4,1,1,0.9997254014015198,0.00027409655740484595,4.2260964505658194e-07,12156.378780918145,13208.864872277536,17635.207153320312,16542.228493104456,838.8544549833789
2023,2,Case4,6x4_224,-4.0,-43.0,6x4,2,2,2.425135789962951e-06,0.9828206300735474,0.01717693917453289,21078.173809356336,23350.599919409025,40888.068081855774,41356.69823823075,383.29628148481055
2024,4,Case4,6x4_225,2.0,-73.0,6x4,2,2,8.995952072154978e-08,0.9999403953552246,5.945454540778883e-05,22317.9362294314,23858.39525556076,41939.1175006032,43944.37341569866,1353.7749885615244
2025,1,Case4,6x4_226,-42.0,80.0,6x4,1,1,0.9539027214050293,0.04609612002968788,1.0900216693698894e-06,12651.832225226417,15839.747369560191,21526.792266845703,21186.42614898417,622.5275271861633
2026,2,Case4,6x4_227,-42.0,-6.0,6x4,2,2,1.5342639017035253e-06,0.9990113973617554,0.0009870335925370455,22052.64681319117,22727.37627777209,40368.082856178284,40363.32102532779,244.3068674078275
2028,4,Case4,6x4_229,42.0,86.0,6x4,1,2,0.46771928668022156,0.5322706699371338,1.0019253750215285e-05,12126.526532711148,14457.23520033433,21427.551780700684,22927.079345203387,1017.4804175614502
2029,5,Case4,6x4_230,-44.0,-30.0,6x4,2,2,0.0001861106720753014,0.9998136162757874,2.7472407282402855e-07,16287.154204140936,17387.562501298857,26379.516693115234,26640.38883975087,311.1752352164521
2031,1,Case4,6x4_232,-8.0,-27.0,6x4,3,3,2.4076041427179007e-06,0.009430622681975365,0.9905670285224915,20104.036356437533,21468.852633615108,40418.499338150024,41506.93366302706,1204.0919600608831
2033,3,Case4,6x4_234,-49.0,-40.0,6x4,1,1,0.8533353209495544,0.14666132628917694,3.3471353617642308e-06,15308.929501320623,16875.33837831488,20318.814880371094,21164.877084504315,1019.560609797401
2035,2,Case4,6x4_236,16.0,-57.0,6x4,2,2,1.7625552573008463e-07,0.9999957084655762,4.0683039514988195e-06,21051.064603649524,21254.50854898608,38302.59153556824,39018.719713142025,566.75408382044
2036,2,Case4,6x4_237,-32.0,66.0,6x4,2,2,0.000796511594671756,0.9992032647132874,2.03723615754825e-07,16872.448392359238,17450.03724879944,29039.536193847656,28784.271168433814,339.96360100163685
2037,2,Case4,6x4_238,64.0,-22.0,6x4,2,2,9.365269306726987e-07,0.9999988079071045,2.9900814979555435e-07,19034.095052135843,19516.755845071904,35609.33871269226,35323.26721271761,358.72740373376024
2040,2,Case4,6x4_241,13.0,6.0,6x4,3,3,8.506851372658275e-06,0.015021703206002712,0.9849698543548584,17461.919738302284,19842.72399459359,39844.10912939161,41624.94421100689,1600.4329338356604
2042,5,Case4,6x4_243,-63.0,-63.0,6x4,1,1,0.9999996423721313,3.4442220453456684e-07,3.557301653245304e-08,11471.812100818797,11402.015295287583,13156.117813110352,12672.344688004812,237.54423377316715
2043,5,Case4,6x4_244,85.0,-58.0,6x4,1,1,0.9999983310699463,2.4882334059839195e-07,1.4810859738645377e-06,9219.000408770862,9192.469994748311,13041.403137207031,12328.090343052672,443.6865713069468
2044,5,Case4,6x4_245,-34.0,-14.0,6x4,2,2,2.0576433144015027e-06,0.9999570846557617,4.081948645762168e-05,19881.196425051658,22898.124548003216,37702.959857940674,39282.7196474143,1039.0894258366418
2045,4,Case4,6x4_246,60.0,61.0,6x4,1,1,0.9999986886978149,1.3291195273268386e-06,2.5018506377705307e-08,12071.324130888881,12123.171971391333,13655.95573425293,13202.80134985784,279.1653171006966
2046,5,Case4,6x4_247,-83.0,78.0,6x4,1,1,0.9999986886978149,1.101184921026288e-07,1.1649542557279347e-06,5902.682443111473,5869.36341071834,9047.162437438965,8347.756169931363,466.0433564244928
2047,4,Case4,6x4_248,6.0,27.0,6x4,3,3,9.68668018686003e-07,0.0024436041712760925,0.9975554347038269,19351.973849259746,20537.6996074871,40712.27438735962,40831.483739915086,493.83560576950566
2048,5,Case4,6x4_249,6.0,16.0,6x4,3,3,1.1778049469057805e-07,1.2515687330960645e-07,0.9999997615814209,17597.91997942234,19141.337258586933,39949.529588878155,40950.3544260766,991.9811786933132
2049,5,Case4,6x4_250,-47.0,64.0,6x4,1,1,0.9999788999557495,2.10953348869225e-05,3.735651432634768e-08,15084.932570751116,15029.3969723362,19076.27603149414,16392.268705008202,1633.9135289919072
2051,2,Case4,6x4_252,-82.0,-45.0,6x4,1,1,0.9474597573280334,0.052538830786943436,1.350664319943462e-06,12769.51346224902,14343.190252014136,19500.198013305664,20674.06267430892,1051.802963756944
2052,3,Case4,6x4_253,56.0,-34.0,6x4,2,2,0.000986717059276998,0.9990121126174927,1.1679699127853382e-06,16106.740025738418,16487.256661148975,25408.312728881836,26039.912381433503,532.1961887945732
2053,3,Case4,6x4_254,-75.0,-17.0,6x4,2,2,4.3271477068174136e-08,0.9999964237213135,3.5494215353537584e-06,21039.167923651,23454.126601779677,38595.90729957819,39713.005788360315,1034.0361461087793
2054,1,Case4,6x4_255,32.0,-60.0,6x4,2,2,0.00039070361526682973,0.9996086955070496,6.3127475868896e-07,16913.702942077303,18489.81108328978,27915.70143890381,28054.632940181247,194.76786680537262
2055,4,Case4,6x4_256,-25.0,-11.0,6x4,3,3,5.370991857489571e-05,0.2803214490413666,0.7196248769760132,19397.504730784083,20473.401612448783,39872.809144973755,40522.961735259654,835.6617695839748
2056,2,Case4,6x4_257,65.0,80.0,6x4,1,1,0.9999972581863403,2.7091796255263034e-06,5.041103889880105e-08,8200.740123507769,8426.638141778592,11099.058334350586,10663.146527836969,244.07414263894182
2057,1,Case4,6x4_258,54.0,-18.0,6x4,2,2,1.3396510212260182e-07,0.999998927116394,9.649240837461548e-07,20314.08596558775,21180.234904861078,36753.55570793152,37445.91268555075,509.4567223865492
2060,1,Case4,6x4_261,-14.0,-28.0,6x4,2,3,3.826133706752444e-06,0.02261321060359478,0.9773829579353333,21004.782456813682,21115.226974969417,38665.482971191406,39961.97586354622,1288.2062099909442
2062,5,Case4,6x4_263,-24.0,2.0,6x4,3,3,3.718174639288918e-07,5.1571137191785965e-06,0.9999945163726807,19691.9189183975,23130.53166204211,41033.24241924286,42823.35956493975,1463.2470141369392
2063,1,Case4,6x4_264,87.0,-65.0,6x4,1,1,0.9999994039535522,1.20160407846015e-07,4.971413432031113e-07,7704.507732738949,7366.407644976192,10948.574035644531,10225.521339246321,448.1766302899086
2065,2,Case4,6x4_266,-26.0,-39.0,6x4,2,2,1.938275818247348e-05,0.9999704360961914,1.021029402181739e-05,17615.15288396271,19159.97750701738,29614.4393119812,32121.2302154563,1596.4557035675784
2066,1,Case4,6x4_267,-33.0,-46.0,6x4,2,2,0.0006252126768231392,0.9993744492530823,3.366658347658813e-07,15968.063155630864,18338.023440557125,24417.041625976562,25747.53790129406,1052.4677209454844
2067,1,Case4,6x4_268,-59.0,29.0,6x4,2,2,9.444231181987561e-06,0.9999904632568359,5.438680616975944e-08,17341.88221619938,18305.761489670003,29907.205989837646,30169.818652663704,211.31577869267136
2068,3,Case4,6x4_269,-60.0,60.0,6x4,1,1,0.9999992847442627,6.837752835053834e-07,5.5314405500439534e-08,12357.183283795895,13024.352735849507,13876.258666992188,13113.319689915266,367.17552098594246
2071,4,Case4,6x4_272,72.0,69.0,6x4,1,1,0.9999992847442627,6.545863584506151e-07,1.1378455155863776e-07,8556.787257813003,8990.472548590189,10881.313636779785,10526.233583988209,391.75465945625166
2072,1,Case4,6x4_273,81.0,62.0,6x4,1,1,0.9999977350234985,2.3202196643978823e-06,4.1689297347602405e-08,8656.637987841574,8694.26662118244,11759.73550415039,10657.045753303812,736.4775085385498
2073,2,Case4,6x4_274,30.0,-25.0,6x4,2,2,0.00013197449152357876,0.9500330090522766,0.04983508214354515,19052.604303117045,20823.460945059036,32602.56338119507,35590.97488324713,2211.5375018684235
2074,3,Case4,6x4_275,80.0,-20.0,6x4,2,2,1.4149349226499908e-05,0.999914288520813,7.16114736860618e-05,20254.760134148695,20022.27498340818,37373.2635281682,36889.74800712713,431.5398726070704
2075,2,Case4,6x4_276,-88.0,70.0,6x4,1,1,0.9999996423721313,4.029741944577836e-07,4.433801237269108e-08,6779.553781179912,6100.125329330565,9903.611362457275,8619.357892739534,826.0336693358828
2076,1,Case4,6x4_277,57.0,88.0,6x4,1,1,0.9999411106109619,5.859565862920135e-05,2.7905744559575396e-07,9385.134860089873,9744.988786367669,13386.326713562012,13067.75175828328,271.76209571523907
2077,5,Case4,6x4_278,18.0,78.0,6x4,2,2,8.835567655296472e-07,0.9999988079071045,3.0981053100731515e-07,20206.486064621356,22385.529903875253,38341.35233968496,40242.248581976266,1509.6044637514838
2078,3,Case4,6x4_279,-88.0,-89.0,6x4,1,1,0.999954104423523,2.6419891582918353e-05,1.9456594600342214e-05,4910.86792918435,5398.910947998427,8274.803367614746,8206.85556461935,226.21741484106965
2080,1,Case4,6x4_281,-72.0,-17.0,6x4,2,2,4.26901145544889e-08,0.999998927116394,9.945927104126895e-07,21030.65079267539,24040.381747608426,38566.046637654305,41551.89946570209,2021.3275874572835
2081,4,Case4,6x4_282,25.0,-74.0,6x4,2,2,1.0611985317154904e-06,0.9999948740005493,4.080057806277182e-06,18957.25163945338,20540.61602757148,34723.058992385864,36402.230136490296,1162.7557469797753
2083,3,Case4,6x4_284,16.0,16.0,6x4,3,3,1.3342261809157208e-05,0.0030327721033245325,0.9969539642333984,18518.32541803028,19346.425562061286,39910.99075508118,40498.21010252412,646.4913992813773
2084,5,Case4,6x4_285,-21.0,55.0,6x4,2,2,5.822023467771942e-07,0.9999994039535522,4.356676086558764e-08,19079.6016532544,20353.740824994016,35148.091022491455,36478.962650788155,947.3124405615937
2085,2,Case4,6x4_286,40.0,-87.0,6x4,1,2,0.07593970000743866,0.9240595698356628,7.258332175297255e-07,12552.935520450395,14764.361542576531,22815.928943634033,24319.70527905925,1051.5410337107378
2087,2,Case4,6x4_288,37.0,70.0,6x4,2,1,0.5552794933319092,0.4447181224822998,2.4276655494759325e-06,16209.397827074268,15613.675733335216,26008.825035095215,24464.884838694747,921.414558540426
2088,3,Case4,6x4_289,-9.0,44.0,6x4,2,2,8.579215204918e-07,0.9928224682807922,0.007176647894084454,21690.846366785077,26268.115391011695,39923.93608093262,42242.37520491482,1815.0944971408273
2091,1,Case4,6x4_292,71.0,-88.0,6x4,1,1,0.9999979734420776,1.2676316885062988e-07,1.956872210939764e-06,6673.224529845868,6873.049268852776,9773.9221534729,9203.70770087585,374.29637730959615
2093,2,Case4,6x4_294,-71.0,-57.0,6x4,1,1,0.9999988079071045,1.1370102583896369e-06,2.169052670808469e-08,10910.039753327488,11461.439323535968,13534.364639282227,13363.305411632306,363.1589928534863
2094,2,Case4,6x4_295,-84.0,-9.0,6x4,2,2,3.234653149775113e-07,0.9999655485153198,3.41012746503111e-05,21533.987799605206,23605.83343305921,40530.658658742905,42131.60466252531,1224.250504926784
2095,4,Case4,6x4_296,-48.0,82.0,6x4,1,1,0.9998887777328491,0.00011083539720857516,3.040511842300475e-07,11897.097229080318,12224.308560463578,17774.949348449707,17807.874942656697,266.93170131747195
2096,2,Case4,6x4_297,-13.0,-4.0,6x4,3,3,1.8907225239672698e-05,0.08468355983495712,0.9152975678443909,17587.509234222816,19248.753735864768,39752.30374979973,41878.419898518245,1786.4867476779564
2097,5,Case4,6x4_298,-19.0,-23.0,6x4,3,2,0.0005508605390787125,0.7375470399856567,0.2619020342826843,19774.53180813125,21903.13374216729,37954.98165798187,38596.37824955422,685.568857782527
2098,5,Case4,6x4_299,5.0,-32.0,6x4,3,2,4.102171260456089e-06,0.9645815491676331,0.035414330661296844,21926.645819261597,26602.337743432377,40686.85452079773,43171.40126482451,1767.5937866259094
2100,5,Case4,6x8_001,65.0,19.0,6x8,2,2,3.661448388925237e-08,0.9999998807907104,6.234490257384095e-08,7534.715071405816,7630.152982040734,33705.483895242214,33818.19719175113,289.9234838945579
2101,3,Case4,6x8_002,40.0,-51.0,6x8,2,2,0.026446091011166573,0.9735525846481323,1.3858060583515908e-06,9914.920416991428,10320.524961103958,18070.49949645996,18239.958753483184,238.30385272996196
2102,3,Case4,6x8_003,-44.0,65.0,6x8,2,2,0.00032031352748163044,0.999679684638977,3.732418818458427e-08,9432.477883311005,9627.932554220175,17878.788291931152,18437.840151795193,449.8246585841224
2104,1,Case4,6x8_005,-52.0,20.0,6x8,2,2,1.234020086116061e-08,0.9999998807907104,7.452462824630857e-08,7813.979543973258,7895.0763614662055,31957.366971969604,31906.1236472869,180.59037666894073
2106,3,Case4,6x8_007,51.0,-83.0,6x8,1,1,0.99631267786026,0.003680192166939378,7.127631761250086e-06,8428.041592901605,7844.21978265633,14345.992431640625,13686.45939074859,613.9003861035585
2107,2,Case4,6x8_008,86.0,9.0,6x8,2,2,1.7146396658063168e-07,0.9982971549034119,0.0017027449794113636,6282.417083502739,6053.3222904135655,35602.07823204994,38437.26520415712,2128.481389552277
2108,4,Case4,6x8_009,-63.0,21.0,6x8,2,2,1.4024251981936686e-08,0.9999998807907104,5.699122240798715e-08,7789.657812953683,7720.34299315563,32614.913469433784,31851.96899352179,481.09095220917146
2109,4,Case4,6x8_010,-74.0,83.0,6x8,1,1,0.9999948740005493,4.841589998250129e-06,1.8493190623303235e-07,4291.269133329335,3910.6099820945833,8428.703804016113,7372.954050053294,716.2300445528828
2110,2,Case4,6x8_011,-39.0,-9.0,6x8,3,3,3.102949790445564e-07,0.12596721947193146,0.8740324974060059,6617.1769490242,6825.744722239537,35756.648736953735,36120.21315467592,586.3105970485436
2111,4,Case4,6x8_012,-56.0,9.0,6x8,2,2,1.0292404262202126e-08,0.9999974966049194,2.470991375957965e-06,7211.061770148175,6973.263864085329,36933.377395272255,36891.006210579624,167.54889653381878
2112,3,Case4,6x8_013,61.0,33.0,6x8,2,2,2.3889497242635116e-06,0.999997615814209,1.192806386995926e-08,8742.194851189088,8978.82994668817,24305.960605621338,24677.07120577671,520.4227634229608
2113,2,Case4,6x8_014,19.0,79.0,6x8,2,2,3.905292444983388e-08,0.9999996423721313,2.732321604526078e-07,6960.1225870275575,6844.474959268466,33789.76813340187,34820.32119085581,927.4086227889389
2114,4,Case4,6x8_015,35.0,60.0,6x8,2,2,2.6489115043659694e-06,0.9999973773956299,2.437314350345332e-08,8937.893070147522,8784.915125892878,22693.695697784424,22458.078052625864,252.2756058222413
2117,1,Case4,6x8_018,-53.0,31.0,6x8,2,2,5.583729034697171e-07,0.9999994039535522,1.3276622468083588e-08,8868.372983953357,8985.871649335792,24358.789821624756,24147.971089487324,245.74358765853825
2118,2,Case4,6x8_019,-79.0,29.0,6x8,2,2,3.0193543665291145e-08,0.9999998807907104,7.421780168215264e-08,7800.330377543276,7585.996312998375,28809.295796453953,30067.188106528556,1057.8558345685844
2119,3,Case4,6x8_020,-2.0,48.0,6x8,2,2,3.616214172552645e-08,0.9981105327606201,0.0018893838860094547,6916.845392701806,6592.0070780345295,37510.125083208084,37858.26431770593,634.679661703559
2121,3,Case4,6x8_022,43.0,-33.0,6x8,2,2,1.1145400549139595e-06,0.9999988079071045,4.8207425606960896e-08,9081.458872312436,9100.869129766395,21935.990325927734,23395.064838031532,1061.5437822829201
2122,2,Case4,6x8_023,62.0,-67.0,6x8,1,1,0.9999997615814209,2.3485384303967294e-07,1.1755869167018318e-08,7298.688867118204,7522.590174644771,11143.746047973633,9872.096496154232,868.4629866093054
2123,1,Case4,6x8_024,30.0,75.0,6x8,2,2,1.0255514837353985e-07,0.9999998807907104,2.1036040465105543e-08,7933.859772224845,7870.201655158318,27998.774030804634,29860.567560691325,1379.8074134919534
2124,2,Case4,6x8_025,80.0,-80.0,6x8,1,1,0.9999996423721313,1.9194789047105587e-07,1.0820087226193209e-07,4242.450811588644,3604.0156558363838,8627.483963012695,6911.704482327987,1162.4925478222747
2125,3,Case4,6x8_026,-81.0,73.0,6x8,1,1,0.9999624490737915,3.6514764360617846e-05,1.0301874908691389e-06,4542.812673731576,3653.7613906247425,8600.80205154419,6834.5611842787075,1192.387274568266
2127,3,Case4,6x8_028,36.0,-31.0,6x8,2,2,5.914373105042614e-06,0.9999856948852539,8.337835424754303e-06,8694.219410304984,8804.88457334906,24340.502279281616,25206.888863594148,694.7405564565227
2128,2,Case4,6x8_029,52.0,-41.0,6x8,2,2,0.0017292926786467433,0.9982703924179077,2.568081640674791e-07,9981.447883419944,10599.038836347027,17637.919509887695,18654.09355705134,909.6451892309778
2129,4,Case4,6x8_030,15.0,-12.0,6x8,3,3,2.4730090331104293e-07,1.1300136975478381e-05,0.9999884366989136,5254.507497881742,4944.147154678086,36502.38508540392,36552.53751638286,527.2344003404658
2130,4,Case4,6x8_031,-55.0,-62.0,6x8,1,1,0.9999666213989258,3.342415948281996e-05,1.6364632315912786e-08,8703.90252296249,9162.820294544366,12584.831481933594,13091.661241630747,455.9059457779794
2131,3,Case4,6x8_032,-19.0,-7.0,6x8,3,3,1.8490145237137767e-07,1.3206499716034159e-05,0.9999865293502808,5185.704814453898,5183.821039643626,36738.573304884136,37370.2714745955,530.086686582141
2132,1,Case4,6x8_033,-61.0,86.0,6x8,1,1,0.9328904747962952,0.06710804998874664,1.4326221844385145e-06,5970.411415920815,5982.63371185253,10685.583778381348,10455.005710359981,240.8154283191521
2133,4,Case4,6x8_034,-43.0,-15.0,6x8,2,2,5.267726237434545e-07,0.558515191078186,0.4414843022823334,7190.763504882399,6581.982089005874,33661.93801498413,34983.250292747274,1254.4995736507879
2134,2,Case4,6x8_035,70.0,81.0,6x8,1,1,0.999880313873291,0.00011944605648750439,2.443816811137367e-07,4865.016050006694,5202.674268594297,8915.887134552002,8261.948530693331,410.18352465029085
2135,1,Case4,6x8_036,8.0,25.0,6x8,3,3,4.151216614900477e-08,1.0608786396915093e-05,0.99998939037323,5720.320830925971,5434.350752982482,36522.732303619385,37957.97187283684,1481.2469705361825
2137,5,Case4,6x8_038,-56.0,52.0,6x8,1,1,0.9997221827507019,0.00027775700436905026,1.2761420364881815e-08,9708.181842461105,10016.756691090417,13366.45329284668,13971.896973876026,549.9596995364963
2139,1,Case4,6x8_040,-27.0,-54.0,6x8,2,2,3.060795350506851e-08,0.9999997615814209,1.644351215190909e-07,8424.713745640005,8184.923655575661,27420.580761909485,28651.427095098457,877.7349024327235
2140,4,Case4,6x8_041,-2.0,-68.0,6x8,2,2,8.663774586636919e-09,0.9999277591705322,7.223691500257701e-05,6692.884215057182,6422.92045549074,37726.90247607231,38073.83470933615,459.4538623799743
2141,4,Case4,6x8_042,84.0,51.0,6x8,1,1,0.5088261365890503,0.49117130041122437,2.581349463071092e-06,8357.185167173264,7848.547866100036,14311.45567703247,14690.245550228085,313.05429457431285
2142,3,Case4,6x8_043,79.0,-71.0,6x8,1,1,0.9999966621398926,8.646711080473324e-08,3.183472699674894e-06,4956.117892093866,3980.776211856966,8928.654529571533,7586.026207497349,940.6712484743036
2143,3,Case4,6x8_044,59.0,-56.0,6x8,1,1,0.9999994039535522,4.819249284082616e-07,1.0748420464778974e-07,8837.212253399226,10354.291985832468,12458.33814239502,12562.512406067268,305.12480462260413
2144,2,Case4,6x8_045,-18.0,-35.0,6x8,3,3,3.029989557035151e-07,0.00927733164280653,0.9907222986221313,7103.081242022104,7089.074396102809,32167.812128067017,34122.18495682339,1547.548544485079
2145,4,Case4,6x8_046,-76.0,-77.0,6x8,1,1,0.9999974966049194,2.0933584892190993e-06,4.018278332296177e-07,4604.562149050341,4076.445172260095,8570.702350616455,7456.844945528434,771.1847023558562
2146,5,Case4,6x8_047,42.0,27.0,6x8,2,2,1.5977558405211312e-06,0.9999979734420776,4.1409063555875036e-07,8206.135290238222,8143.927368678408,25985.208335876465,27609.101887921875,1112.189096851585
2147,1,Case4,6x8_048,1.0,71.0,6x8,2,2,4.70365435489839e-09,0.9999986886978149,1.2489687151173712e-06,6563.388039393604,6055.00490875992,37460.47254657745,38993.504865428855,1080.816770487445
2148,3,Case4,6x8_049,-37.0,22.0,6x8,2,2,9.495031463302439e-07,0.9997174143791199,0.0002815566258504987,7640.056383316708,7570.86002449937,29725.13399028778,32373.329647190407,1900.6065001367674
2149,4,Case4,6x8_050,-16.0,44.0,6x8,2,2,2.7514237999071156e-08,0.9999938011169434,6.201606538525084e-06,7421.293317093813,7089.485409242487,33374.84113883972,34710.44824548114,1018.7000304770783
2151,1,Case4,6x8_052,-79.0,34.0,6x8,2,2,1.0891519686140327e-08,1.0,2.078850513953512e-08,8096.135686112949,7666.472474107772,25661.374096393585,26690.131021246063,790.8651580519966
2152,4,Case4,6x8_053,3.0,87.0,6x8,2,2,1.530025528495571e-08,0.9999974966049194,2.493736928954604e-06,6096.586330399429,5940.054369068134,35784.17149066925,38667.13665335138,1941.557791319453
2153,3,Case4,6x8_054,-17.0,-44.0,6x8,2,2,3.9227936099450744e-07,0.8550857305526733,0.14491383731365204,7424.493099337768,6810.2556355605,32731.11966228485,34033.33252430141,1161.527722699054
2155,1,Case4,6x8_056,67.0,-19.0,6x8,2,2,9.444931947655277e-09,0.9999994039535522,5.361795842873107e-07,7464.384582603821,7015.600922055066,33847.39423036575,34089.222880293855,369.5191202834032
2156,3,Case4,6x8_057,2.0,74.0,6x8,2,2,3.660894032364581e-09,0.9999977350234985,2.307705017301487e-06,6406.265356381364,5937.116881167376,37083.127145290375,38259.30977750589,948.1345132965691
2157,4,Case4,6x8_058,82.0,19.0,6x8,2,2,3.96233801325252e-08,0.9999977350234985,2.2361841729434673e-06,6870.007684597509,6925.488164494298,33701.59477734566,33852.009919223165,318.3998447593678
2158,5,Case4,6x8_059,14.0,3.0,6x8,3,3,7.566022475202772e-09,9.735797057430773e-09,1.0,4709.967384803875,4878.94450904022,36283.97216536105,37719.78293049785,1314.7912646426105
2159,2,Case4,6x8_060,44.0,-84.0,6x8,2,2,0.04796777293086052,0.9520317912101746,4.35731323022992e-07,8477.213186269419,8460.401842968568,19641.73341369629,17794.94652630522,1122.6627066886847
2160,2,Case4,6x8_061,0.0,-52.0,6x8,2,2,5.740309561019785e-08,0.9962653517723083,0.003734548343345523,6987.518535161345,6704.210859657699,37791.60583847761,37611.70766672293,524.1363792388681
2161,5,Case4,6x8_062,33.0,26.0,6x8,2,2,2.655264097484178e-06,0.9998072981834412,0.00019005620561074466,7827.58928641721,7768.372061303715,27905.85082244873,30268.578668959603,1631.7761618215027
2162,2,Case4,6x8_063,-75.0,38.0,6x8,2,2,3.162531356792897e-07,0.9999996423721313,5.075171927160227e-08,8508.498726557214,8270.4565460699,22792.95470237732,23708.617219696964,715.4100727780465
2163,4,Case4,6x8_064,-20.0,55.0,6x8,2,2,2.5592447272515528e-08,0.9999998807907104,1.4668313497168128e-07,7897.68401295813,7658.021787079219,32365.383768633008,31905.299997627342,387.4818053515404
2164,5,Case4,6x8_065,72.0,31.0,6x8,2,2,5.344550686459115e-07,0.9999994039535522,1.3460823566902036e-08,8148.871497925377,8433.570837058305,27144.148475646973,28251.000885691526,879.5407871218079
2166,2,Case4,6x8_067,-83.0,68.0,6x8,1,1,0.9999213218688965,7.826496585039422e-05,3.600237903356174e-07,5018.832270502839,3845.0763120339743,9187.676223754883,7110.074760951873,1432.1789176337054
2167,3,Case4,6x8_068,-26.0,-1.0,6x8,3,3,4.3153868034551124e-08,7.329926575039281e-06,0.9999927282333374,5685.7966610439935,5492.694587671533,37042.489168167114,37316.324198182745,257.09972228043
2172,4,Case4,6x8_073,-22.0,46.0,6x8,2,2,5.5287213029941995e-08,0.9999996423721313,3.383259468137112e-07,7986.551751007632,7788.887499113553,29955.00981616974,30614.390500010762,531.4096040625341
2173,1,Case4,6x8_074,-1.0,-8.0,6x8,3,3,1.4708849960243242e-07,1.7295351426582783e-05,0.9999825954437256,4454.939969781293,5190.703691537496,34572.73795604706,39156.55062767367,3129.2642758253564
2174,3,Case4,6x8_075,-22.0,82.0,6x8,2,2,1.3815126820304613e-08,1.0,2.885856709156087e-08,7143.206077416182,6631.15453554791,32508.79560136795,31476.5079440316,602.217817629774
2176,2,Case4,6x8_077,-64.0,20.0,6x8,2,2,2.2059460036416567e-08,0.9999998807907104,7.630153220361535e-08,7737.312632660686,7549.71475202488,33218.64424107596,32348.78062237466,587.3251849096588
2177,1,Case4,6x8_078,29.0,-79.0,6x8,2,2,1.808680494264081e-08,0.9999997615814209,1.6579767248003918e-07,7803.462007931789,7711.691959564302,28817.76700347662,31060.88393768191,1654.5576005451617
2178,3,Case4,6x8_079,-67.0,39.0,6x8,2,2,3.366216105860076e-06,0.9999966621398926,1.2139786953468956e-08,8982.995305747301,8948.334307227151,21198.69228744507,21311.699062696825,285.278214060051
2180,5,Case4,6x8_081,-38.0,-72.0,6x8,2,2,5.001490535505582e-06,0.9999949932098389,5.302554129116288e-08,8627.018592297212,8928.935688443165,22412.53833580017,23182.829274384996,681.2297372126544
2181,3,Case4,6x8_082,85.0,48.0,6x8,2,2,0.19918420910835266,0.8008142113685608,1.6283410104733775e-06,8544.433939422363,7808.233036261347,17533.52880859375,15719.01309214439,1105.6696062266203
2182,4,Case4,6x8_083,-12.0,85.0,6x8,2,2,1.5753451876321378e-08,0.9999992847442627,6.512438517347618e-07,6471.801341815617,6381.033898862017,35389.4536447525,37061.604474897926,1237.9633214129976
2183,3,Case4,6x8_084,77.0,-48.0,6x8,2,1,0.9873086810112,0.012681894935667515,9.401052921020892e-06,8872.342836870366,8618.121953168957,17141.75830078125,15654.258074616564,837.3501244253042
2184,1,Case4,6x8_085,45.0,75.0,6x8,2,2,0.006154583767056465,0.9938452839851379,1.2955614181464625e-07,8820.118349899549,8812.911619349197,18522.13893890381,17761.57203747536,460.0717551638491
2185,3,Case4,6x8_086,-41.0,-54.0,6x8,2,2,0.016932053491473198,0.9830663204193115,1.6128657307490357e-06,9785.106877733755,9699.847002239252,17765.097412109375,18264.399138660545,525.9197911929461
2186,3,Case4,6x8_087,-38.0,89.0,6x8,2,2,6.280134812186589e-07,0.9999994039535522,1.79114376663847e-08,8152.117779680076,7785.258441041866,23303.865891456604,24634.11692497319,972.2073689137844
2187,1,Case4,6x8_088,23.0,33.0,6x8,2,3,1.0643771929608192e-05,0.4007832407951355,0.5992061495780945,7461.225603669868,7665.127640979685,29644.01386642456,32558.0470293202,2267.518349138624
2188,4,Case4,6x8_089,18.0,-35.0,6x8,3,3,1.2864936138612393e-07,0.0008640862652100623,0.9991357922554016,7095.691677222553,6423.421814078621,32278.67674446106,34646.159756968285,1914.3830059359132
2189,1,Case4,6x8_090,-65.0,24.0,6x8,2,2,6.3129488303559356e-09,1.0,2.3734154197541102e-08,7976.981791930181,7830.703929178526,31059.3299562037,30737.032022309155,258.48993220562966
2190,5,Case4,6x8_091,11.0,36.0,6x8,3,2,1.0959183782688342e-06,0.8125346899032593,0.18746419250965118,6625.152210227835,6588.570073442053,35152.06474304199,35179.53420201352,577.4703391440668
2191,4,Case4,6x8_092,-38.0,-40.0,6x8,2,2,0.0001493637537350878,0.9998493194580078,1.2923704844070016e-06,9702.760328515584,8720.662073181968,19931.329193115234,19114.267841948084,709.3289797600819
2192,5,Case4,6x8_093,-70.0,-78.0,6x8,1,1,0.9997959733009338,0.00020368387049529701,4.118183767332084e-07,5125.362950803406,4827.338832685762,9084.25541305542,7866.747697966646,802.3753618181493
2193,2,Case4,6x8_094,73.0,-55.0,6x8,1,1,0.9999767541885376,2.3192651497083716e-05,3.5770462147866056e-08,8508.594598327965,7608.019027668333,12607.300354003906,11254.509755501034,1016.9677414744639
2194,4,Case4,6x8_095,68.0,-30.0,6x8,2,2,6.255096707263874e-08,0.9999998807907104,9.561361480336927e-08,8337.406838288463,8316.888048276327,27472.71853494644,27982.42338334489,337.8303832887368
2195,1,Case4,6x8_096,84.0,-52.0,6x8,1,1,0.9633930325508118,0.036604199558496475,2.785960759865702e-06,8107.180297654419,7903.61080182392,13964.109455108643,14115.817337312898,329.9254195113461
2197,5,Case4,6x8_098,-1.0,36.0,6x8,3,3,2.069028823825647e-07,0.039642076939344406,0.960357666015625,6233.452447751497,5889.6484134941165,36925.04207992554,37602.80895734576,1059.3773628179424
2198,1,Case4,6x8_099,90.0,40.0,6x8,2,2,2.0845079689024715e-06,0.9999978542327881,4.347687365680031e-08,8219.557921999232,7939.736120997454,22097.97560119629,23828.332544422075,1218.212915865631
2199,2,Case4,6x8_100,69.0,62.0,6x8,1,1,0.9999656677246094,3.4199110814370215e-05,8.110212945666717e-08,7030.441717237739,7687.660818747835,10978.130340576172,10351.909993759877,334.59988595507497
2200,2,Case4,6x8_101,48.0,15.0,6x8,2,2,5.3826020973701816e-08,0.9999884366989136,1.1489456483104732e-05,7301.068736934463,7292.976248008174,34110.09099674225,32994.246482362025,765.2120754322278
2201,5,Case4,6x8_102,76.0,-24.0,6x8,2,2,1.8675077484431313e-08,0.9999998807907104,4.2821127976822027e-08,7559.699790121312,7348.0474788594565,31557.619253396988,32078.078574275092,650.2313136429512
2202,4,Case4,6x8_103,66.0,14.0,6x8,2,2,9.121765565112128e-09,0.9999994039535522,6.317480369943951e-07,7188.988053844833,7128.409960142058,35749.72376251221,35479.59494202808,302.610000611714
2203,3,Case4,6x8_104,83.0,3.0,6x8,2,2,1.99795493927013e-07,0.9967556595802307,0.0032440905924886465,6097.975702163886,5966.4064847038135,35949.53554010391,39211.681884945756,2166.9815684778723
2205,3,Case4,6x8_106,-12.0,43.0,6x8,2,2,2.490067743110558e-07,0.998802900314331,0.0011968500912189484,7095.8887279968985,6838.570971269672,35078.30541229248,35352.53930112788,474.8822674979658
2206,1,Case4,6x8_107,69.0,8.0,6x8,2,2,8.059405587346191e-09,0.9999418258666992,5.814292308059521e-05,6732.279195085798,6599.3054548105965,37105.37023180723,37809.122467502646,796.8672163629238
2208,3,Case4,6x8_109,-69.0,17.0,6x8,2,2,5.753390208695919e-09,0.9999998807907104,9.923467558792254e-08,7278.778854284408,7066.041882388365,34754.555527091026,34389.056864218815,362.83356172283226
2210,5,Case4,6x8_111,7.0,87.0,6x8,2,2,8.890819636064862e-09,0.9999996423721313,3.295488397725421e-07,6102.399929010011,5834.034777587437,35681.71909940243,36725.11439911924,819.2703900842218
2211,4,Case4,6x8_112,21.0,-8.0,6x8,3,3,8.43520453486235e-08,7.110216756700538e-06,0.9999927282333374,5365.207130041489,4901.511782262516,36747.76578569412,36939.88697349878,495.53126498516485
2212,5,Case4,6x8_113,35.0,-2.0,6x8,3,3,1.703174667966323e-08,2.4077362468233332e-05,0.9999759197235107,6319.804566328414,6233.879368647567,36853.53817367554,36232.44856913508,438.17739997444926
2213,3,Case4,6x8_114,-35.0,-78.0,6x8,2,2,1.1072453531824067e-07,0.9999997615814209,8.305674725761492e-08,8154.096991937224,7977.697478790335,24880.792165756226,27046.63451499449,1607.3021635748191
2214,2,Case4,6x8_115,22.0,74.0,6x8,2,2,5.7877215908774815e-08,0.9999997615814209,1.568615601854617e-07,7451.756926284188,7402.027731308028,32529.516162991524,32445.99207630699,285.6956720782595
2215,4,Case4,6x8_116,12.0,-85.0,6x8,2,2,2.0159326652446907e-08,0.9999713897705078,2.854291415133048e-05,6463.706076030276,6247.8408671027755,35406.35543906689,36312.390166611156,768.3522963261174
2216,5,Case4,6x8_117,-87.0,33.0,6x8,2,2,4.65482514755422e-08,0.9999998807907104,1.8068048390773583e-08,7845.6568553549905,7094.571415044842,26478.1285238266,27849.97311753584,990.0362266278873
2217,5,Case4,6x8_118,54.0,-88.0,6x8,1,1,0.9993677735328674,0.000630100432317704,2.1431817458505975e-06,7396.543953430085,7211.80244060853,13026.606548309326,12036.813029007873,758.6900485639566
2218,4,Case4,6x8_119,31.0,-10.0,6x8,3,3,3.281473937022383e-08,6.33434592600679e-06,0.9999936819076538,6212.083369363901,5515.577910542144,35747.41060256958,35717.709763303086,234.34614549728758
2219,3,Case4,6x8_120,-58.0,-26.0,6x8,2,2,5.608882602814447e-08,0.9999998807907104,3.5766582584528805e-08,8291.989442905944,8309.132491208433,28769.92271757126,27652.646367877067,740.8542464485853
2221,5,Case4,6x8_122,20.0,-73.0,6x8,2,2,1.3108541807582696e-08,0.9999997615814209,2.1212136402937176e-07,7388.882997730079,6999.665509877771,33526.60138350725,33936.98127647513,505.37411834417657
2222,4,Case4,6x8_123,76.0,4.0,6x8,2,2,1.8663785184003245e-08,0.9996297359466553,0.00037021219031885266,6353.228650931616,6318.672135936309,36745.282670378685,39005.89741766567,1677.4920155088635
2224,1,Case4,6x8_125,-3.0,72.0,6x8,2,2,4.7859916030290606e-09,0.9999991655349731,7.898197509348392e-07,6528.593395970822,6106.2137857374255,37317.469690322876,38318.08103971563,733.7942227937369
2225,5,Case4,6x8_126,-8.0,18.0,6x8,3,3,6.821175180249384e-09,1.2471097932120756e-08,1.0,5230.918348215608,5005.845468763691,36754.269908726215,37840.81372708856,1187.200505415531
2226,4,Case4,6x8_127,-66.0,77.0,6x8,1,1,0.9999923706054688,7.681584975216538e-06,5.725719631755055e-08,5823.231516011065,5335.957385210953,9724.064674377441,8614.998183416807,784.9444577501803
2227,2,Case4,6x8_128,59.0,-70.0,6x8,1,1,0.9999995231628418,5.329658279151772e-07,1.1118878262550425e-08,7537.689137484869,7617.51671591145,11684.552711486816,10250.815803229503,968.7622866808914
2229,2,Case4,6x8_130,-59.0,12.0,6x8,2,2,1.535001104002731e-08,0.9999996423721313,3.282145826233318e-07,7269.536334397416,7218.511450120518,36258.40586686134,34894.12359344531,932.055875109952
2230,1,Case4,6x8_131,41.0,53.0,6x8,2,2,0.004703177139163017,0.9952966570854187,1.415846497820894e-07,9829.567362078002,10297.58871636601,17669.67562866211,19108.816070670364,1127.920927740692
2232,1,Case4,6x8_133,-21.0,37.0,6x8,2,2,2.0603313259925926e-06,0.9940704703330994,0.0059274029918015,7463.232752412636,7532.971479894892,30374.55472755432,32455.57330958125,1574.6371839329938
2233,1,Case4,6x8_134,-56.0,37.0,6x8,2,2,3.585746526368894e-05,0.9999641180038452,1.750892053564712e-08,9356.261202620251,9595.370970508548,20598.71053314209,19739.84596443694,653.0102908899768
2234,5,Case4,6x8_135,39.0,-76.0,6x8,2,2,1.9941222490160726e-05,0.9999799728393555,3.195665598809683e-08,8532.372438883216,8739.208021804641,22233.710041046143,22068.718775819172,268.79559558510834
2235,2,Case4,6x8_136,8.0,-68.0,6x8,2,2,3.600760578592599e-08,0.9999792575836182,2.069716720143333e-05,6876.527845280246,6717.1556966200005,37225.65834212303,36379.736054343324,556.4143564606251
2236,3,Case4,6x8_137,68.0,53.0,6x8,1,1,0.9941463470458984,0.005853516049683094,1.0319129728486587e-07,9689.06781898347,8702.284221086496,14412.138404846191,13028.398133650102,789.9359479742944
2237,5,Case4,6x8_138,-28.0,-75.0,6x8,2,2,2.7921958078991338e-08,0.9999998807907104,7.244339883527573e-08,7787.798763569689,7782.651475490148,29193.327721953392,29671.11516724188,500.7580569701513
2238,1,Case4,6x8_139,-52.0,-36.0,6x8,2,2,1.9061630155192688e-05,0.9999809265136719,4.775685269464702e-08,9305.793114337961,9600.50054170291,20490.91738128662,20307.404035845426,214.13611095951742
2240,4,Case4,6x8_141,79.0,49.0,6x8,2,2,0.17254243791103363,0.8274564743041992,1.1401715482861619e-06,8774.357101799495,8239.327537296604,16800.02375793457,15378.968553181243,919.4337898500739
2241,2,Case4,6x8_142,56.0,10.0,6x8,2,2,1.9154057895320875e-08,0.999993085861206,6.851101716165431e-06,7098.562548082026,7027.675483653988,36636.37007161975,35281.87792803443,920.6556503511562
2242,1,Case4,6x8_143,39.0,-35.0,6x8,2,2,4.6519835450453684e-05,0.9999531507492065,3.1153578561315953e-07,9348.751601905826,9677.563765250916,21474.658615112305,21086.46007416851,359.1508683013662
2243,1,Case4,6x8_144,-86.0,-39.0,6x8,2,2,1.6641421041185822e-07,0.9999997615814209,5.541908265627171e-08,8188.0332908818,7487.277325321762,22624.78446006775,23630.563769162993,691.2368149551176
2244,5,Case4,6x8_145,29.0,32.0,6x8,2,2,5.259895260678604e-06,0.9999607801437378,3.3992535463767126e-05,8133.6579178682105,8014.400818020783,26719.665184259415,28579.615082968543,1262.1398332649296
2245,4,Case4,6x8_146,-41.0,-28.0,6x8,2,2,9.247983712157293e-07,0.9999809265136719,1.8153989003621973e-05,8355.232193454245,8010.681152317141,25290.06001472473,25134.765981201308,236.9962884690041
2246,3,Case4,6x8_147,47.0,23.0,6x8,2,2,2.008249850860011e-07,0.9999996423721313,1.4474042586698488e-07,7994.233175780046,8163.564354536105,29256.78796672821,29855.783281048363,636.290259535592
2247,5,Case4,6x8_148,46.0,-62.0,6x8,1,1,0.8797978162765503,0.12020164728164673,5.452903337754833e-07,9783.622353743329,10272.517585064186,16454.51943206787,16250.4575710306,108.08813701350238
2249,3,Case4,6x8_150,15.0,-47.0,6x8,2,2,1.850407294057277e-08,0.9998760223388672,0.00012389352195896208,7448.043010883276,7336.736839895797,34115.008313179016,36743.698842495796,1839.811641823338
2250,5,Case4,6x8_151,-66.0,-82.0,6x8,1,1,0.9973580241203308,0.0026408524718135595,1.071157498699904e-06,5337.450907776226,5018.0932472324885,9570.851428985596,8372.085737299743,806.3323052255187
2251,2,Case4,6x8_152,-23.0,-66.0,6x8,2,2,8.733096024116094e-08,0.9999983310699463,1.5287566839106148e-06,7805.297601571619,7678.180297422272,31623.97051203251,31605.82426918657,285.9986202956174
2252,5,Case4,6x8_153,50.0,-62.0,6x8,1,1,0.999617338180542,0.0003826339088845998,5.3172083624986044e-08,10093.466280529354,10240.757423664905,14906.41128540039,14439.23343717647,185.85438872501928
2254,1,Case4,6x8_155,11.0,-32.0,6x8,3,3,1.6317217799155515e-08,1.3658091120305471e-06,0.9999986886978149,6458.419722424503,5859.06310997712,35438.96967506409,37469.265648766486,1643.7612524493934
2255,3,Case4,6x8_156,70.0,-86.0,6x8,1,1,0.9999958276748657,1.5891320970240486e-07,4.099442321603419e-06,4611.594982181081,3939.354406735306,8817.519039154053,7677.044781367045,796.0742882959973
2256,2,Case4,6x8_157,78.0,-26.0,6x8,2,2,6.743837133171837e-08,0.9999990463256836,8.887602120921656e-07,7610.389501731962,7257.565623941719,30498.66189098358,32163.119759916743,1243.7187240846679
2258,4,Case4,6x8_159,-9.0,-4.0,6x8,3,3,2.413007678114809e-07,2.735563975875266e-05,0.9999724626541138,4267.542858404089,4972.002222334149,34946.44998884201,37168.46541780248,1464.4260009669383
2259,4,Case4,6x8_160,47.0,-13.0,6x8,2,2,1.537471838730653e-08,0.9999734163284302,2.6559649995760992e-05,7323.433927324804,7555.392965231178,34977.15957736969,36033.86605406584,976.4849587530258
2261,3,Case4,6x8_162,-71.0,-11.0,6x8,2,2,7.112402222730907e-09,0.9999953508377075,4.625130713975523e-06,6772.271893460154,6134.566922325401,36435.12523508072,36527.97186575192,469.705132899445
2262,4,Case4,6x8_163,-84.0,28.0,6x8,2,2,2.5550109583605263e-08,0.9999998807907104,9.951804713637102e-08,7571.172369407428,7167.142145335574,29455.665850639343,30050.450890654953,520.1674177891092
2263,5,Case4,6x8_164,-16.0,-5.0,6x8,3,3,7.142288094286187e-09,8.540947504798169e-09,1.0,5038.163977626102,4976.585693580129,36589.599919736385,37709.682457858275,1193.4574686851895
2264,4,Case4,6x8_165,-5.0,10.0,6x8,3,3,2.150460289840339e-07,3.0909417546354234e-05,0.9999688863754272,4616.582490604712,4792.990419326306,35375.9841016531,37215.680312286575,1323.878211028083
2265,2,Case4,6x8_166,-61.0,-3.0,6x8,2,2,1.4280602478322635e-08,0.9999959468841553,3.98285010305699e-06,6840.473835881717,6907.674807588901,37905.59092140198,36986.36425222067,677.6817678802287
2267,5,Case4,6x8_168,-5.0,-1.0,6x8,3,3,8.037537746474754e-09,6.369808236428298e-09,1.0,11591.474641550583,4875.921793427981,38299.20504760742,37817.08504052129,1651.8856341419362
2268,5,Case4,6x8_169,58.0,-70.0,6x8,1,1,0.9999994039535522,4.778244147018995e-07,7.544939251147298e-08,7739.8607075403825,7684.567688639872,11935.071678161621,10652.628509888398,838.372424706518
2269,4,Case4,6x8_170,-35.0,-50.0,6x8,2,2,3.2501575333299115e-06,0.999996542930603,1.974338914578766e-07,9210.473663926265,8719.25895267842,20895.018173217773,20694.208551248637,302.89348947598467
2270,4,Case4,6x8_171,-6.0,-18.0,6x8,3,3,7.946465530039859e-08,9.113545274885837e-06,0.9999908208847046,5081.54076738477,4962.883439127088,36766.01670271158,37011.980330242746,517.7036856022696
2271,2,Case4,6x8_172,-68.0,5.0,6x8,2,2,1.5638688566355086e-08,0.999992847442627,7.15718715582625e-06,6756.282934545184,6601.2314504916885,37562.398341178894,37390.05440068523,537.043124122698
2272,5,Case4,6x8_173,82.0,-55.0,6x8,1,1,0.9997534155845642,0.00024513647076673806,1.4242380075302208e-06,7446.86356777576,7177.942870983567,12681.97745513916,12286.615266026713,348.3310689894708
2273,5,Case4,6x8_174,-76.0,51.0,6x8,2,2,0.3107255697250366,0.6892741918563843,2.5251372903767333e-07,9017.341679504323,8023.04523355396,15759.008728027344,13321.22065450685,1569.1794731975901
2274,5,Case4,6x8_175,-73.0,85.0,6x8,1,1,0.9999606609344482,3.819372068392113e-05,1.1498755156935658e-06,4298.531024147931,4128.530797094385,8476.607692718506,7911.366355537714,360.7077612226325
2275,2,Case4,6x8_176,-36.0,30.0,6x8,2,2,4.063383130414877e-06,0.9999936819076538,2.267301397296251e-06,8548.73040465072,8918.782365710591,24883.935117721558,25146.673412215998,534.2231577710959
2276,5,Case4,6x8_177,25.0,-81.0,6x8,2,2,1.9157916142376052e-08,0.9999998807907104,1.0666123273495032e-07,7427.862084587249,7037.644104963335,31097.243665367365,32247.947236862703,987.8290670007042
2277,2,Case4,6x8_178,27.0,63.0,6x8,2,2,2.423465446099726e-07,0.9999996423721313,1.5397756669699447e-07,8186.938122022841,8045.459378213855,28866.799626350403,28895.2112951929,333.6853238999142
2278,3,Case4,6x8_179,73.0,-44.0,6x8,2,2,0.012737110257148743,0.9872605800628662,2.3339889594353735e-06,8956.674580669807,9123.457118131824,18892.421676635742,18365.563104721045,341.82987642844057
2280,4,Case4,6x8_181,88.0,45.0,6x8,2,2,0.0013575449120253325,0.9986420273780823,4.2772219899234187e-07,8447.547484966599,8342.646033880856,19156.094997406006,18502.94642488722,449.5592138134614
2283,2,Case4,6x8_184,83.0,43.0,6x8,2,2,0.0016708102775737643,0.9983283877372742,7.857302080083173e-07,8465.3020747716,8678.03554414807,20165.294631958008,18909.16865310765,787.1816162297686
2284,1,Case4,6x8_185,-18.0,49.0,6x8,2,2,3.520260349887394e-08,0.9999997615814209,1.6583878448273026e-07,7665.455632397459,7498.846044433612,32785.84787464142,33446.95991576472,463.98498522491434
2285,5,Case4,6x8_186,-54.0,1.0,6x8,2,2,8.64069704675785e-09,0.9999669790267944,3.302308323327452e-05,6943.000399302032,6955.019293144199,37860.259395331144,38844.143307855935,999.2091704234393
2286,1,Case4,6x8_187,-47.0,-37.0,6x8,2,2,5.6636243243701756e-05,0.9999432563781738,9.331456141126182e-08,9521.431627939932,9710.52432623003,19392.940742492676,19759.179130608354,276.4013554815236
2287,5,Case4,6x8_188,-40.0,56.0,6x8,2,2,0.00013540788495447487,0.9998645782470703,5.758364451935449e-09,9673.450888141793,9951.158120904649,18708.81195831299,20173.92234416295,1089.2290417793236
2288,1,Case4,6x8_189,34.0,0.0,6x8,3,3,7.693996550983684e-09,3.284096601419151e-05,0.9999672174453735,6082.068388142859,6180.209083658627,36893.51391410828,37441.97252351738,540.1408935838065
2289,4,Case4,6x8_190,-80.0,40.0,6x8,2,2,3.006112763159763e-07,0.9999996423721313,1.6887749865190926e-08,8425.356405442357,7967.736437166515,21859.952493667603,22942.984011250246,776.0520405157735
2290,1,Case4,6x8_191,-75.0,6.0,6x8,2,2,2.3373896151923645e-09,0.9998419284820557,0.00015803833957761526,6429.327393041925,6238.643607584917,36861.98337638378,38302.61409006124,1276.8478636919122
2291,3,Case4,6x8_192,89.0,-86.0,6x8,1,1,0.999990701675415,1.477077802292115e-07,9.119787137024105e-06,3263.3188186067814,3239.092191677155,7514.614477157593,7154.882479423763,253.02089386165196
2292,3,Case4,6x8_193,48.0,41.0,6x8,2,2,0.02118297852575779,0.97881680727005,1.7304297728060192e-07,10046.174480990912,10111.363217510316,17432.919235229492,19218.734457147224,1368.4962501542311
2293,5,Case4,6x8_194,-11.0,-16.0,6x8,3,3,8.57257731468053e-09,1.0602875022414082e-08,1.0,5237.654919306807,5133.049244130796,36505.34897875786,37233.2307885551,892.7121351142677
2294,3,Case4,6x8_195,12.0,71.0,6x8,2,2,4.145370269270643e-09,0.9999996423721313,3.322184340959211e-07,6946.349910892112,6415.234678123576,36242.2918664217,37430.97855788244,1061.6355737320082
2296,5,Case4,6x8_197,-80.0,-38.0,6x8,2,2,1.3891510661778739e-06,0.9999985694885254,1.4515573631967982e-08,8317.76013648186,8558.341870516993,23041.35165977478,24022.35619469049,843.0509960725562
2297,1,Case4,6x8_198,-82.0,-53.0,6x8,1,2,0.0918956845998764,0.9081032276153564,1.1185773018951295e-06,7928.287032672046,7548.948652186146,13490.037986755371,13475.608350980245,330.4488038184981
2298,2,Case4,6x8_199,-45.0,82.0,6x8,2,2,7.287600601557642e-05,0.9999270439147949,1.304131131973918e-07,8574.72791292092,8136.45708889153,18978.885009765625,17652.095401736005,888.5040638203935
2299,5,Case4,6x8_200,88.0,-42.0,6x8,2,2,6.470313110185089e-06,0.9999933242797852,2.570731112427893e-07,8316.444040223607,7578.727589232403,20837.985919952393,23801.829212425426,2127.039446897744
2301,1,Case4,6x8_202,-24.0,-76.0,6x8,2,2,7.81553044504335e-09,0.9999994039535522,5.610322091342823e-07,7462.219246770399,6861.188248506594,31500.960268735886,32851.60373761733,1142.168516841654
2302,1,Case4,6x8_203,33.0,58.0,6x8,2,2,1.2705560266113025e-06,0.9999986886978149,1.9384458482818445e-08,8859.81603558297,9163.70064342363,23758.408853530884,24773.80183423989,826.5012115958403
2303,3,Case4,6x8_204,27.0,-22.0,6x8,3,3,2.4079122340481263e-07,2.8060721888323314e-05,0.9999717473983765,7044.645326569065,6798.4816902220155,32006.37156867981,32764.75677126048,675.7933684966239
2305,4,Case4,6x8_206,4.0,90.0,6x8,2,2,1.7000092000785116e-08,0.9999980926513672,1.9228884866606677e-06,6074.071427162674,5993.078615450258,35682.755324840546,38238.02356105253,1682.162768180752
2306,3,Case4,6x8_207,19.0,-83.0,6x8,2,2,1.0582144049919862e-08,0.9999997615814209,2.0373013853713928e-07,6877.81567878057,6707.169604690356,33729.92104625702,33138.83900729437,427.1499249533046
2307,4,Case4,6x8_208,-87.0,47.0,6x8,2,2,2.506067176000215e-06,0.9999974966049194,3.4119128855536474e-08,8521.277528450852,7510.91027436472,18084.98872756958,19308.565224624464,810.5882917062868
2308,4,Case4,6x8_209,58.0,-69.0,6x8,1,1,0.9999996423721313,4.0913946008913626e-07,3.124749525795778e-08,7790.152050882739,8015.883214378577,11923.441772460938,10738.925319209608,789.2105831245966
2309,2,Case4,6x8_210,-10.0,23.0,6x8,3,3,6.2310171244917e-08,4.044572415295988e-05,0.9999594688415527,5820.59639528756,5073.9080888932585,36468.14674091339,38143.0742592762,1630.3186467869198
2310,4,Case4,6x8_211,55.0,-59.0,6x8,1,1,0.9999949932098389,4.971512225893093e-06,1.4848810181433691e-08,8977.951214951056,10068.35820136434,12644.674362182617,12505.660023317265,281.4621456885718
2311,3,Case4,6x8_212,-63.0,54.0,6x8,1,1,0.9954034090042114,0.0045965067110955715,8.903360537715344e-08,9102.073316116324,9155.120807514622,12866.364707946777,12641.747721291742,178.89933626542128
2312,5,Case4,6x8_213,67.0,-42.0,6x8,2,2,1.1109355000371579e-05,0.9999889135360718,2.900044115961009e-08,9206.236256584609,8851.483360634662,19309.72088623047,21009.972073387424,1232.0693895969905
2313,1,Case4,6x8_214,63.0,-14.0,6x8,2,2,5.9955680420387125e-09,0.9999979734420776,2.0284023776184767e-06,7279.9161091390515,6937.646263300153,35755.06809189916,35680.40572570522,335.3852842651127
2314,1,Case4,6x8_215,9.0,13.0,6x8,3,3,1.3144891397587344e-07,1.3359842341742478e-05,0.9999865293502808,4849.314193866626,5366.620912084273,36314.05093002319,38206.214899752,1837.2684059300393
2315,1,Case4,6x8_216,-10.0,59.0,6x8,2,2,1.5369495898198693e-08,0.9999998807907104,1.420178392663729e-07,7242.66427212453,6930.914031617791,36850.64399167895,35636.73908968422,830.5588078652962
2316,3,Case4,6x8_217,21.0,56.0,6x8,2,2,3.824772321081582e-08,0.9999998807907104,1.1716086589785846e-07,7853.240550876927,8086.198797693025,31811.387053877115,32305.259267241196,481.8413670664273
2317,1,Case4,6x8_218,5.0,-15.0,6x8,3,3,1.0385117832356627e-07,9.419701200386044e-06,0.9999904632568359,4867.449820563283,5081.517326865833,36561.004885196686,39148.13313980926,2269.5170982362265
2319,1,Case4,6x8_220,14.0,-23.0,6x8,3,3,4.9865228390899574e-08,1.945027861438575e-06,0.9999980926513672,5967.011292460819,5350.589326712679,35736.99559402466,38265.02457644451,2214.6819906527267
2320,1,Case4,6x8_221,74.0,-56.0,6x8,1,1,0.9999088048934937,9.107510413741693e-05,1.4393994263173226e-07,8068.908987704633,7645.4111536802775,12262.692710876465,12035.875819958223,307.0393471835878
2322,3,Case4,6x8_223,-78.0,-48.0,6x8,2,1,0.7877724170684814,0.21222466230392456,2.9398506740108132e-06,8770.61738588107,7910.404877177844,17161.52939605713,14319.6332442114,1760.6681165842856
2323,2,Case4,6x8_224,-4.0,-43.0,6x8,3,3,1.3710851476389507e-07,0.08453801274299622,0.9154618978500366,6756.134135417976,6559.022106499648,36963.22048473358,37298.24968230682,826.9829875188698
2324,4,Case4,6x8_225,2.0,-73.0,6x8,2,2,9.541021306347375e-09,0.9998868703842163,0.00011315861047478393,6553.797028649301,6177.883270001159,37239.65524101257,38609.27083015107,1071.3533686481403
2325,1,Case4,6x8_226,-42.0,80.0,6x8,2,2,2.0353936633910052e-06,0.9999979734420776,1.065995558491295e-08,8504.552723978,8522.042421264521,20609.39585876465,21664.661093775692,668.2052783280537
2326,2,Case4,6x8_227,-42.0,-6.0,6x8,3,2,3.1412434964295244e-07,0.7967841625213623,0.203215554356575,6687.500769842818,6860.583904728824,36572.19023132324,36814.7763366825,576.2128958509232
2328,4,Case4,6x8_229,42.0,86.0,6x8,2,2,2.7866002710652538e-05,0.9999721050262451,4.962218369541915e-08,8332.300372542817,8011.656387204803,20845.13359451294,19701.080474316852,787.7342181264801
2329,5,Case4,6x8_230,-44.0,-30.0,6x8,2,2,4.3320349618625187e-07,0.9999994039535522,1.1073654349047501e-07,8628.477266734028,8852.170124261474,23868.806844711304,24080.752019405343,299.46763097080145
2331,1,Case4,6x8_232,-8.0,-27.0,6x8,3,3,2.415796629406941e-08,1.1495685612317175e-06,0.9999988079071045,5854.452901889895,5489.700271801026,36419.698808670044,37418.42770971104,935.1685704218535
2333,3,Case4,6x8_234,-49.0,-40.0,6x8,2,2,0.005144413094967604,0.9948548078536987,8.075078312685946e-07,9870.65127412545,9645.731415047954,17869.689079284668,19004.42505337231,923.5251377174147
2335,2,Case4,6x8_236,16.0,-57.0,6x8,2,2,2.9021659742056727e-08,0.9999973773956299,2.541551111789886e-06,7618.114801552607,7389.783937635043,34626.86268143356,34273.5524159781,348.5698945006725
2336,2,Case4,6x8_237,-32.0,66.0,6x8,2,2,7.878714569642398e-08,0.9999998807907104,5.345086151464784e-08,8551.364840916036,8197.517266977815,25863.995517730713,25368.334450556667,433.3529315888607
2337,2,Case4,6x8_238,64.0,-22.0,6x8,2,2,1.999285892395619e-08,0.9999992847442627,6.76347383432585e-07,7883.04153052559,7605.630051404972,32137.172632336617,32632.053965671865,404.0657470963117
2340,2,Case4,6x8_241,13.0,6.0,6x8,3,3,6.553811005005628e-08,1.1232204087718856e-05,0.9999886751174927,4712.504330772433,4921.131559102578,36207.494529008865,37564.71333310738,1445.4953777520766
2342,5,Case4,6x8_243,-63.0,-63.0,6x8,1,1,0.9999958276748657,4.119060122320661e-06,3.289338579293144e-08,7489.867644310873,8630.942729526241,11255.203315734863,11724.617468721297,437.4492391985982
2343,5,Case4,6x8_244,85.0,-58.0,6x8,1,1,0.9999728202819824,2.5994781026383862e-05,1.1426375294831814e-06,6585.13957749185,6363.390121256296,11602.975784301758,11072.45018942336,400.33923753360654
2344,5,Case4,6x8_245,-34.0,-14.0,6x8,3,3,9.81231096375268e-09,1.0996484888892155e-05,0.9999890327453613,6645.13716517518,6357.328533958164,34110.36566352844,35565.74785009612,1298.8032133767006
2345,4,Case4,6x8_246,60.0,61.0,6x8,1,1,0.9999843835830688,1.5583600543322973e-05,2.5225670441386683e-08,8016.524719105659,8549.078090076437,11652.463493347168,11040.535040106432,469.8139419482336
2346,5,Case4,6x8_247,-83.0,78.0,6x8,1,1,0.9999915361404419,7.242476385727059e-06,1.209898528031772e-06,3910.3576392995824,3806.8157649408745,8075.369565963745,7463.063138815204,387.04065530782464
2347,4,Case4,6x8_248,6.0,27.0,6x8,3,3,3.563142314533252e-08,5.7935267250286415e-06,0.999994158744812,5791.436961737282,5318.260823989875,36677.64201450348,36439.1098628838,160.83421787626403
2348,5,Case4,6x8_249,6.0,16.0,6x8,3,3,7.361478981948721e-09,1.4454866636981478e-08,1.0,5014.3416237022275,4934.126679984881,36580.70262796432,37828.838421356566,1208.4188207166153
2349,5,Case4,6x8_250,-47.0,64.0,6x8,2,2,0.3114711046218872,0.6885287761688232,1.075245990023177e-07,9693.143819672801,10125.667455007673,16260.291786193848,16395.317109363135,289.33795616501214
2351,2,Case4,6x8_252,-82.0,-45.0,6x8,2,2,0.0005922092241235077,0.9994075298309326,3.1707665471003565e-07,8531.870916889393,7894.393041257301,18940.328830718994,17425.743141959323,948.6798217685854
2352,3,Case4,6x8_253,56.0,-34.0,6x8,2,2,8.33034690117529e-08,0.9999998807907104,1.059846699291711e-08,9073.869971416205,8692.589177701599,22709.830249786377,25115.295688380167,1717.0250445586164
2353,3,Case4,6x8_254,-75.0,-17.0,6x8,2,2,8.580033572513912e-09,0.9999978542327881,2.187430936828605e-06,6987.70638296544,6246.547535992382,34583.14906048775,34735.381152609916,450.73961165633443
2354,1,Case4,6x8_255,32.0,-60.0,6x8,2,2,1.8400693591047457e-07,0.9999997615814209,2.2539806465715628e-08,8796.646424600342,8910.331388005618,24922.026947021484,25941.747588601047,770.6506544277278
2355,4,Case4,6x8_256,-25.0,-11.0,6x8,3,3,3.926146519006579e-08,5.592737579718232e-06,0.9999943971633911,5836.440591966097,5367.7761811976525,36003.197551727295,36690.40155485815,723.9438544571001
2356,2,Case4,6x8_257,65.0,80.0,6x8,1,1,0.9997971653938293,0.00020258607401046902,2.1695949214972643e-07,5628.329122277541,5952.201771804737,9745.61672592163,9200.996877666603,359.0332881790175
2357,1,Case4,6x8_258,54.0,-18.0,6x8,2,2,4.363440719856726e-09,0.999998927116394,1.12265195184591e-06,7719.553151008214,7262.430912704653,33344.6894723773,34175.80880064992,761.7511784455679
2360,1,Case4,6x8_261,-14.0,-28.0,6x8,3,3,2.2414090139477594e-08,1.0412362598799518e-06,0.999998927116394,6248.642845926579,5772.439390142405,34847.64225959778,36584.459418248414,1464.8479284332307
2362,5,Case4,6x8_263,-24.0,2.0,6x8,3,3,5.466998409531243e-09,1.3866948478380436e-08,1.0,5480.171510131111,5272.316258244129,37059.00299358368,37601.74493512564,743.2027041774694
2363,1,Case4,6x8_264,87.0,-65.0,6x8,1,1,0.9999984502792358,1.3204131619204418e-06,2.437732007365412e-07,5286.27500763011,5233.066410334954,9712.750240325928,9226.896485501522,349.7923102025008
2365,2,Case4,6x8_266,-26.0,-39.0,6x8,2,2,9.814128816287848e-07,0.999907374382019,9.16443532332778e-05,7999.906321739766,7940.850555149024,26815.10499382019,27475.409905816057,659.3441631753883
2366,1,Case4,6x8_267,-33.0,-46.0,6x8,2,2,1.1386835012672236e-06,0.9999986886978149,1.240622538034586e-07,9025.507685443468,9163.296719834254,21876.491802215576,23073.53123528651,821.3205422388853
2367,1,Case4,6x8_268,-59.0,29.0,6x8,2,2,7.256993939108725e-08,0.9999998807907104,1.103267077695591e-08,8528.921784722004,8608.22932587315,26922.92152786255,26958.1605017713,134.95654635826472
2368,3,Case4,6x8_269,-60.0,60.0,6x8,1,1,0.9999880790710449,1.1888186236319598e-05,2.3166265350482718e-08,8248.923787334112,8727.36420359,11859.778518676758,10927.630857982886,540.2033084540267
2371,4,Case4,6x8_272,72.0,69.0,6x8,1,1,0.9999963045120239,3.568009560694918e-06,9.721069460510989e-08,5881.108702172178,5750.578257411962,9907.176811218262,8648.692675716318,863.5060401266693
2372,1,Case4,6x8_273,81.0,62.0,6x8,1,1,0.9996678829193115,0.00033204694045707583,7.359879816704051e-08,6032.558029957592,6280.254197935059,10386.012912750244,9875.569246843228,392.91497121638673
2373,2,Case4,6x8_274,30.0,-25.0,6x8,3,3,4.769693191519764e-07,0.0015231732977554202,0.9984763264656067,7629.616753920288,7245.9560972676345,29554.85240316391,31406.231734271994,1407.2727407090579
2374,3,Case4,6x8_275,80.0,-20.0,6x8,2,2,5.5020706213326775e-08,0.9999970197677612,2.944779453173396e-06,7028.847522719755,7041.23404982667,33382.14854872227,33986.05596245415,677.6957250744689
2375,2,Case4,6x8_276,-88.0,70.0,6x8,1,1,0.9998185038566589,0.00018074613763019443,7.887430228947778e-07,4555.869102414041,3496.358106534498,8790.9680519104,6937.106805978662,1276.9537914183666
2376,1,Case4,6x8_277,57.0,88.0,6x8,1,1,0.696877121925354,0.3031218647956848,1.1013399898729404e-06,6677.546177430286,6700.519971957593,11867.329853057861,12202.512240681797,264.37341677355664
2377,5,Case4,6x8_278,18.0,78.0,6x8,2,2,1.6538356462092452e-08,1.0,2.050935066222337e-08,6986.401290238939,7093.43723182164,34186.36030507088,33659.97826159822,332.6987575747525
2378,3,Case4,6x8_279,-88.0,-89.0,6x8,1,1,0.9988391995429993,0.0010054880985990167,0.00015533476835116744,3213.761617080221,3805.3759347248515,7474.643984794617,7211.563509433039,186.93340255122695
2380,1,Case4,6x8_281,-72.0,-17.0,6x8,2,2,3.058606035111211e-09,0.9999980926513672,1.8829828150046524e-06,7200.763124621847,6511.10803533285,34638.86068856716,36289.25138435564,1340.7501178310433
2381,4,Case4,6x8_282,25.0,-74.0,6x8,2,2,6.499891469502472e-08,0.9999996423721313,2.6458005208951363e-07,7657.1672168572795,7670.671380659277,31015.85711956024,31038.36701207201,264.15049796335916
2383,3,Case4,6x8_284,16.0,16.0,6x8,3,3,1.034933632126922e-07,4.636846369976411e-06,0.999995231628418,5663.779520126856,5062.530057114406,36058.39754009247,36721.69394826154,518.5852162623465
2384,5,Case4,6x8_285,-21.0,55.0,6x8,2,2,2.1154454188376803e-08,1.0,8.882196311787993e-09,7933.874078893078,7694.885592689891,31769.998810999095,32738.014303645134,655.9421325504559
2385,2,Case4,6x8_286,40.0,-87.0,6x8,2,2,4.6040113375056535e-05,0.9999538660049438,6.923586681750749e-08,8252.835828434652,8434.053422712208,22084.210639953613,21927.339844537957,294.3601760422944
2387,2,Case4,6x8_288,37.0,70.0,6x8,2,2,1.4949566320865415e-05,0.999984860420227,1.4124987046670867e-07,8663.786558560198,8987.072439265026,22898.767457962036,22970.102631491845,330.33967551371427
2388,3,Case4,6x8_289,-9.0,44.0,6x8,2,2,1.8771386578464444e-07,0.996333122253418,0.003666723845526576,6906.107339208253,6695.838585500813,36113.73318004608,36271.57562925804,483.5562400476409
2391,1,Case4,6x8_292,71.0,-88.0,6x8,1,1,0.9999978542327881,1.1908598480658839e-06,9.252921699953731e-07,4440.815415954187,4300.189130937643,8650.598766326904,8121.728881731195,379.2167891648214
2393,2,Case4,6x8_294,-71.0,-57.0,6x8,1,1,0.9999675750732422,3.245088009862229e-05,4.141619669439933e-08,7786.067680964321,7736.311984699953,12198.166442871094,11091.567375414857,724.985765269778
2394,2,Case4,6x8_295,-84.0,-9.0,6x8,2,2,4.940996944924336e-08,0.9998005032539368,0.00019942483049817383,6279.295256327633,6323.309256610051,35719.95810222626,36906.978714319084,1016.4995122048348
2395,4,Case4,6x8_296,-48.0,82.0,6x8,2,2,0.0019200074020773172,0.9980798959732056,8.112601079801607e-08,8642.350030281408,8392.708139112045,17417.97820663452,16671.40923602039,500.88533202454715
2396,2,Case4,6x8_297,-13.0,-4.0,6x8,3,3,6.736701863019334e-08,2.7700776627170853e-05,0.9999722242355347,4755.711890487717,4988.401757914846,36161.53864415735,38387.961061758346,2113.754005326178
2397,5,Case4,6x8_298,-19.0,-23.0,6x8,3,3,1.3946281463006471e-08,7.940705160081052e-08,0.9999998807907104,6383.194555592167,5939.031807352492,34251.41528892517,34675.2117651152,440.5821003416488
2398,5,Case4,6x8_299,5.0,-32.0,6x8,3,3,3.786835289787405e-09,1.4783583424105018e-07,0.9999998807907104,6165.130861327447,5890.017562727553,36667.77972984314,36401.16246218696,256.3139231742383
2400,5,Case4,8x8_001,65.0,19.0,8x8,2,2,2.7724475160084694e-08,0.9999649524688721,3.504493724904023e-05,5243.146533150198,5208.1930192013115,34368.95395588875,32178.82812454536,1409.986190779438
2401,3,Case4,8x8_002,40.0,-51.0,8x8,2,2,2.4671884602867067e-05,0.9999712705612183,4.093832558282884e-06,7021.620575402726,6444.224610242781,18411.45991706848,18360.93051977473,250.1372794107742
2402,3,Case4,8x8_003,-44.0,65.0,8x8,2,2,3.746101356227882e-06,0.9999961853027344,2.8903020421466863e-08,6339.951506160524,5889.625713734456,17952.34709739685,17377.43706295939,487.3578580181874
2404,1,Case4,8x8_005,-52.0,20.0,8x8,2,2,2.0470601214128692e-08,0.9999953508377075,4.646412889997009e-06,5859.593453963796,5457.781522330179,32638.887106895447,32495.420717197827,321.9765868206622
2406,3,Case4,8x8_007,51.0,-83.0,8x8,2,2,0.0002132667723344639,0.9997796416282654,7.101702522049891e-06,5358.196387701002,5449.037137781946,15771.6189661026,15227.32504057234,348.234457543816
2407,2,Case4,8x8_008,86.0,9.0,8x8,3,3,1.6480312581279577e-07,0.005832829978317022,0.9941670894622803,3977.652908810087,3556.420486449336,35124.225829675794,37000.57198387768,1578.3057355730377
2408,4,Case4,8x8_009,-63.0,21.0,8x8,2,2,7.483608399638797e-09,0.9999995231628418,4.794472374669567e-07,5480.785455307892,5431.4231092095615,33301.364924907684,32910.99305370527,419.45739760602225
2409,4,Case4,8x8_010,-74.0,83.0,8x8,2,2,0.0035809113178402185,0.9963891506195068,2.9913569960626774e-05,3176.082725807057,2969.9458638928354,9173.703207015991,7968.359418521212,790.3195191505654
2410,2,Case4,8x8_011,-39.0,-9.0,8x8,3,3,1.1698634949652842e-08,5.5082600738387555e-05,0.9999449253082275,5546.763244744537,5444.351704813098,36390.95762729645,36442.60451514777,440.2955061207335
2411,4,Case4,8x8_012,-56.0,9.0,8x8,2,2,1.4535769921053543e-08,0.9999356269836426,6.438710988732055e-05,5273.534272909072,5263.073686637235,37629.07426786423,38496.34024223144,841.4277673497545
2412,3,Case4,8x8_013,61.0,33.0,8x8,2,2,1.679399730392106e-07,0.9999996423721313,2.2742567296063498e-07,6008.2013620093485,6155.968962489691,24829.24469614029,24006.235298278407,598.4219143218606
2413,2,Case4,8x8_014,19.0,79.0,8x8,2,2,1.2451577546812587e-08,0.9999974966049194,2.4888472580641974e-06,4634.824733294473,4235.21867628613,34225.59701573849,32708.173006681078,864.9212933708264
2414,4,Case4,8x8_015,35.0,60.0,8x8,2,2,6.935191976253918e-08,0.9999996423721313,3.449356711371365e-07,6239.34877250512,6105.483295729602,23158.273713588715,23299.23362755787,306.18935666010736
2417,1,Case4,8x8_018,-53.0,31.0,8x8,2,2,1.7243058891835972e-07,0.9999996423721313,1.8738737139756267e-07,6396.058340830846,6304.459053457722,24980.107803821564,25722.237128125234,468.0202771269356
2418,2,Case4,8x8_019,-79.0,29.0,8x8,2,2,2.0089911956233664e-08,0.9999991655349731,8.365054782188963e-07,5030.325538034453,4794.976840082016,29301.969620743766,28549.548004636104,399.3160911439543
2419,3,Case4,8x8_020,-2.0,48.0,8x8,2,3,4.715239043662223e-08,0.12136317044496536,0.8786368370056152,5331.7997951298075,5313.87139673336,38126.3230509758,39382.79184351656,1393.1365730356601
2421,3,Case4,8x8_022,43.0,-33.0,8x8,2,2,1.4038914741831832e-06,0.9999470710754395,5.155991675565019e-05,6874.125899147057,6584.473649330805,22526.868020817637,23310.952742378657,747.8604109152276
2422,2,Case4,8x8_023,62.0,-67.0,8x8,1,1,0.9999905824661255,9.40281188377412e-06,4.91370180100148e-08,5717.628678366705,5940.62827596325,11283.870931625366,10131.03227830792,891.4317003317117
2423,1,Case4,8x8_024,30.0,75.0,8x8,2,2,1.0527465121867863e-08,0.9999996423721313,3.281100475760468e-07,5187.809762973678,4926.876296142738,28483.715084969997,28586.851536908107,206.3528017590539
2424,2,Case4,8x8_025,80.0,-80.0,8x8,1,1,0.9999955892562866,3.5551747714634985e-06,8.063922223300324e-07,2887.943609067684,2465.1903142171,8823.332853078842,6829.869991968176,1326.853269744122
2425,3,Case4,8x8_026,-81.0,73.0,8x8,2,2,0.0016103428788483143,0.9983806610107422,9.020128345582634e-06,3332.197124562026,3063.084422995731,9302.709329605103,8196.797883382711,708.3958581491055
2427,3,Case4,8x8_028,36.0,-31.0,8x8,2,3,1.7489934180048294e-05,0.14253905415534973,0.8574435114860535,6907.5481421899485,6830.953642823932,24954.35393166542,27633.936490545093,2040.797336439606
2428,2,Case4,8x8_029,52.0,-41.0,8x8,2,2,1.264245497623051e-06,0.9999986886978149,6.877606040234241e-08,7031.156484932987,6807.671029354359,17925.71795272827,18860.65250209081,703.6773902132697
2429,4,Case4,8x8_030,15.0,-12.0,8x8,3,3,7.91289807011708e-08,5.977488399366848e-06,0.9999939203262329,5441.57721996812,4640.504487440805,37362.41138628125,37464.14552835288,532.9740812087579
2430,4,Case4,8x8_031,-55.0,-62.0,8x8,1,2,0.4595380425453186,0.5404583811759949,3.547122105374001e-06,6831.671181465092,6822.117948165969,13168.334457397461,13344.463670673604,264.0959621423812
2431,3,Case4,8x8_032,-19.0,-7.0,8x8,3,3,5.826055371471739e-08,3.969771569245495e-06,0.9999960660934448,5359.584771501703,4980.002146435733,37585.41097345948,38614.40351952768,862.4625077816102
2432,1,Case4,8x8_033,-61.0,86.0,8x8,2,2,2.2069611986808013e-06,0.9999973773956299,4.1144315332530823e-07,4830.024157415195,4431.450721723923,11556.46583366394,12795.831738145436,824.181430195035
2433,4,Case4,8x8_034,-43.0,-15.0,8x8,3,3,5.587172324794665e-08,0.0005517308018170297,0.9994482398033142,5827.978496269107,5565.716000619195,34290.74633693695,35168.8636545188,754.545014430113
2434,2,Case4,8x8_035,70.0,81.0,8x8,2,2,0.0013106754049658775,0.9986853003501892,3.988459411630174e-06,3610.3371868537433,3738.1418746957384,9638.760562896729,8777.923614939285,551.9107615664527
2435,1,Case4,8x8_036,8.0,25.0,8x8,3,3,1.1806710276118793e-08,2.9590298709081253e-06,0.9999970197677612,5475.147959568679,5062.195156520145,37234.78681373596,38570.75348181955,1313.3024666275346
2437,5,Case4,8x8_038,-56.0,52.0,8x8,1,2,0.13026486337184906,0.8697350025177002,1.3575210289218376e-07,7396.749389773339,7272.814224637573,13992.862014770508,13719.430749641011,202.9823852151471
2439,1,Case4,8x8_040,-27.0,-54.0,8x8,2,2,3.193401809653551e-08,0.9998169541358948,0.0001830224646255374,6052.790867714633,5673.348238221304,28086.379722118378,30447.53729160712,1658.0139453490704
2440,4,Case4,8x8_041,-2.0,-68.0,8x8,2,2,1.3261681530707392e-08,0.9945547580718994,0.0054452503100037575,4555.340433428779,4317.620897801922,38012.463999032974,39415.4193322026,1210.7703632081243
2441,4,Case4,8x8_042,84.0,51.0,8x8,2,2,1.5480069350815029e-06,0.9999966621398926,1.7841967974163708e-06,5309.258463234165,4853.975384522884,15789.51280927658,14631.427886661946,768.1026610758684
2442,3,Case4,8x8_043,79.0,-71.0,8x8,1,1,0.9999147653579712,2.6086274374392815e-05,5.915259680477902e-05,3642.8322741126576,2929.90694943734,9605.081888198853,8094.7136947278705,1014.9511991626821
2443,3,Case4,8x8_044,59.0,-56.0,8x8,1,1,0.9904486536979675,0.009539127349853516,1.2151134797022678e-05,7238.789213154945,6592.065568629059,13186.219528198242,11918.596116838586,882.6300496773204
2444,2,Case4,8x8_045,-18.0,-35.0,8x8,3,3,1.1291160895154917e-08,1.3056031093583442e-05,0.9999868869781494,5928.894179967925,5668.619727557836,32770.003299713135,35463.66032882346,2115.8810885649955
2445,4,Case4,8x8_046,-76.0,-77.0,8x8,2,2,0.0039047515019774437,0.9959510564804077,0.00014418739010579884,3325.702933850627,2901.4344116924494,9239.269235610962,7487.689652242954,1152.718466179964
2446,5,Case4,8x8_047,42.0,27.0,8x8,2,2,3.148001951558399e-06,0.9685481190681458,0.03144875168800354,6447.413847677848,6315.726791887926,26579.460785210133,29060.832424831693,1813.4165705805005
2447,1,Case4,8x8_048,1.0,71.0,8x8,2,2,7.433282878110958e-09,0.9999258518218994,7.41443654987961e-05,4561.667684391576,4216.497176782886,37394.83870396018,38649.77648347958,726.832949286683
2448,3,Case4,8x8_049,-37.0,22.0,8x8,3,3,1.0222618129773764e-06,0.02713245339691639,0.9728665351867676,6218.377756499581,5786.867772202548,30326.311512857676,34097.548238732925,2785.289407132744
2449,4,Case4,8x8_050,-16.0,44.0,8x8,2,2,6.570517285808819e-08,0.9961313009262085,0.0038685856852680445,5944.171053835692,5446.731601071691,33971.12632417679,35429.270551931484,1037.5452125188087
2451,1,Case4,8x8_052,-79.0,34.0,8x8,2,2,7.778413468884082e-09,0.9999996423721313,3.407870110549993e-07,5211.287395855482,4977.1000171815485,26054.84589961171,25979.60835807962,201.12939927051406
2452,4,Case4,8x8_053,3.0,87.0,8x8,2,2,2.3585531749859e-08,0.9998866319656372,0.00011333938164170831,3942.826924573259,3984.3814562081793,35300.80510020256,38438.231162435026,2174.412003769955
2453,3,Case4,8x8_054,-17.0,-44.0,8x8,3,3,6.979201572221427e-08,0.0019807661883533,0.9980190992355347,5907.430626773915,5847.943779220856,33349.78262376785,35043.855069924764,1326.485412863012
2455,1,Case4,8x8_056,67.0,-19.0,8x8,2,2,1.2813496930164092e-08,0.9999130964279175,8.69274081196636e-05,5129.169267328459,4938.771555444019,34523.81034786999,34305.47858143111,256.3625321824796
2456,3,Case4,8x8_057,2.0,74.0,8x8,2,2,4.96790875104125e-09,0.9995681643486023,0.00043184446985833347,4353.320318499713,4153.117994295994,36867.15681934357,39289.03162002658,1767.3652653751128
2457,4,Case4,8x8_058,82.0,19.0,8x8,2,2,1.2817500305573049e-07,0.9840288758277893,0.015970977023243904,4483.206267148011,4032.061447679758,34023.60108137131,35164.49065382935,1098.036705620976
2458,5,Case4,8x8_059,14.0,3.0,8x8,3,3,4.69447325457395e-09,1.0046032450361508e-08,1.0,4910.672094088812,4749.577368875352,37199.42845213413,38404.46400159246,1164.122368560937
2459,2,Case4,8x8_060,44.0,-84.0,8x8,2,2,9.890857199934544e-07,0.999998927116394,7.845117266924717e-08,5287.38848041502,5189.7409328936665,19637.798690631986,19961.67511596333,389.83747341414454
2460,2,Case4,8x8_061,0.0,-52.0,8x8,2,2,8.694448894175366e-08,0.943638265132904,0.05636168271303177,5258.231674033918,5058.6716151179835,38457.771136283875,38044.926244059985,720.9345812201032
2461,5,Case4,8x8_062,33.0,26.0,8x8,3,3,1.4302550255251845e-07,0.0005923682474531233,0.9994075298309326,6531.7067096171195,6076.822326664817,28488.842171669006,31702.673938830278,2276.7601823047385
2462,2,Case4,8x8_063,-75.0,38.0,8x8,2,2,3.662440306584358e-08,0.9999998807907104,1.092099992661133e-07,5539.777538259725,5080.788571867023,23088.54741895199,22274.94839017885,490.34257629483096
2463,4,Case4,8x8_064,-20.0,55.0,8x8,2,2,1.808212779508267e-08,0.9999969005584717,3.0776698167755967e-06,5777.092574565379,5507.579546955163,33034.910084724426,33403.369988549806,314.01975753112407
2464,5,Case4,8x8_065,72.0,31.0,8x8,2,2,6.805628771644479e-08,0.999998927116394,1.0129381280421512e-06,5385.415431575042,5299.686927168825,27647.056838810444,24381.054165536447,2110.0021834740346
2466,2,Case4,8x8_067,-83.0,68.0,8x8,2,2,0.0004458338371478021,0.9995399713516235,1.4165433640300762e-05,3750.214207800359,2927.151931528745,9917.712527275085,8503.1028973328,1009.4668893017651
2467,3,Case4,8x8_068,-26.0,-1.0,8x8,3,3,2.051301883909673e-08,2.356914819756639e-06,0.999997615814209,5339.616235800141,5108.783272587501,37809.12155628204,38657.07200689577,596.9542251807122
2472,4,Case4,8x8_073,-22.0,46.0,8x8,2,2,6.465314328352179e-08,0.9999147653579712,8.511112537235022e-05,6117.933401400916,6090.241398883694,30573.391775369644,31947.278200803572,954.5102281516545
2473,1,Case4,8x8_074,-1.0,-8.0,8x8,3,3,8.248767358054465e-08,7.001886842772365e-06,0.999992847442627,4852.647906996622,4784.65803989481,35499.50668609142,40098.85041484758,2977.4928124459316
2474,3,Case4,8x8_075,-22.0,82.0,8x8,2,2,3.239804868826468e-09,0.9999996423721313,3.559237597983156e-07,4601.165845380445,4637.784165179398,32993.25084012747,31201.438154030544,1034.8333511255723
2476,2,Case4,8x8_077,-64.0,20.0,8x8,2,2,1.2663418758052103e-08,0.9999990463256836,9.096370945371746e-07,5379.981001325868,5186.1942373962265,33904.30020189285,32938.29155772625,709.6772958433769
2477,1,Case4,8x8_078,29.0,-79.0,8x8,2,2,1.0062045419090282e-08,0.9999963045120239,3.66484505320841e-06,5029.137264612036,4926.9436463479,29296.080900266767,29755.55511064583,442.90200276104287
2478,3,Case4,8x8_079,-67.0,39.0,8x8,2,2,6.305081114987843e-07,0.9999992847442627,3.2639512426158035e-08,6039.966685547486,6013.653088157538,21502.44856595993,21775.57435509655,310.7650741309344
2480,5,Case4,8x8_081,-38.0,-72.0,8x8,2,2,9.583855131722885e-08,0.9999998807907104,5.2993545551771604e-08,5654.696885076137,5928.469331536661,22732.52862921357,22834.077071235482,390.8695701401281
2481,3,Case4,8x8_082,85.0,48.0,8x8,2,2,3.5777975426753983e-07,0.9999992847442627,3.4655644753911474e-07,5285.141937458496,4881.674801353504,17340.985971689224,17665.792836181165,355.2851725532801
2482,4,Case4,8x8_083,-12.0,85.0,8x8,2,2,2.636894436136572e-08,0.9999861717224121,1.374832027067896e-05,4198.382432559146,4229.942484230678,34967.61535900831,36280.540734547685,827.5631113601007
2483,3,Case4,8x8_084,77.0,-48.0,8x8,2,2,1.5564537534373812e-05,0.9999829530715942,1.5081818673934322e-06,5628.180711447854,5772.654766837807,16980.53556203842,16995.856370441015,320.304117234193
2484,1,Case4,8x8_085,45.0,75.0,8x8,2,2,3.323629300666653e-07,0.9999996423721313,7.199940199598132e-08,5669.4289757575825,5322.923238949824,18499.23530101776,19449.00436080319,708.4075601624152
2485,3,Case4,8x8_086,-41.0,-54.0,8x8,2,2,0.00043921940959990025,0.9995519518852234,8.77816910360707e-06,6841.532431490997,6739.9265498637415,18052.78157234192,18250.78618236971,245.89464910916013
2486,3,Case4,8x8_087,-38.0,89.0,8x8,2,2,1.5626039129301716e-08,1.0,3.116358371357819e-08,5040.7985395543565,5043.9830693063595,23544.523963958025,23863.12555177357,439.29067489532537
2487,1,Case4,8x8_088,23.0,33.0,8x8,3,3,3.844613871706315e-08,2.724094156292267e-05,0.9999727010726929,6275.406838615661,6232.611466580011,30207.822803214192,33034.10849143598,2156.863493063588
2488,4,Case4,8x8_089,18.0,-35.0,8x8,3,3,4.181817914172825e-08,2.469616083544679e-05,0.999975323677063,5925.446041446913,5630.776992212124,32873.479425281286,34136.68886866777,1209.5745476687953
2489,1,Case4,8x8_090,-65.0,24.0,8x8,2,2,1.0457539723063292e-08,0.9999996423721313,3.8600759921791905e-07,5517.707394730965,5420.712260363618,31721.447984218597,32042.871714352048,298.4606912573239
2490,5,Case4,8x8_091,11.0,36.0,8x8,3,3,1.0510388115392288e-08,5.207592039369047e-05,0.9999479055404663,5551.947821633755,5443.929217165274,35733.01303386688,35495.168930323554,369.9452306685751
2491,4,Case4,8x8_092,-38.0,-40.0,8x8,2,2,1.3865640539734159e-05,0.9997230172157288,0.00026307962252758443,7338.688659752844,6820.997718274178,20469.233841225505,20080.20087534907,352.0222929476408
2492,5,Case4,8x8_093,-70.0,-78.0,8x8,2,2,0.00017465163546148688,0.9998201727867126,5.155560756975319e-06,3767.8638945992357,3704.3915558608555,9769.728497505188,9647.346150817251,180.39677693551428
2493,2,Case4,8x8_094,73.0,-55.0,8x8,2,1,0.9829707145690918,0.017028583213686943,7.33805848085467e-07,5911.174039522077,5958.901968160395,13656.953987121582,12379.56089543128,841.7526385382977
2494,4,Case4,8x8_095,68.0,-30.0,8x8,2,2,1.452040532257115e-08,0.9999995231628418,4.287903436761553e-07,5567.214456656735,5592.604400028137,28046.489857673645,29647.88924138331,1177.239387498018
2495,1,Case4,8x8_096,84.0,-52.0,8x8,2,2,0.002591871190816164,0.9974055886268616,2.5671188268461265e-06,5332.283882503391,5095.191876861214,15319.519672393799,14048.425912894414,864.7567593656147
2497,5,Case4,8x8_098,-1.0,36.0,8x8,3,3,4.4792791698000656e-09,7.935833127703518e-05,0.9999206066131592,5556.815577206858,5066.98450534587,37536.084285736084,37789.97491890562,815.1346665740762
2498,1,Case4,8x8_099,90.0,40.0,8x8,2,2,1.9699692543895253e-08,0.9999996423721313,3.9078500435607566e-07,5090.936272818905,4855.015193949822,22255.811595350504,23661.058932894033,1130.496918069588
2499,2,Case4,8x8_100,69.0,62.0,8x8,2,2,0.21941877901554108,0.7805753350257874,5.889463864150457e-06,5541.392523080407,5067.656871916388,11123.933963775635,10478.658865108886,471.6579820223487
2500,2,Case4,8x8_101,48.0,15.0,8x8,3,2,3.343667742683465e-07,0.7214022278785706,0.27859747409820557,5712.411234695455,5472.914263794738,34733.2903137207,34465.31570169625,551.8549845347981
2501,5,Case4,8x8_102,76.0,-24.0,8x8,2,2,1.3155993627833595e-08,0.9999988079071045,1.1421715271353605e-06,4971.603958387639,5032.520002122326,32138.970479905605,31713.1465719451,280.34108800146754
2502,4,Case4,8x8_103,66.0,14.0,8x8,2,2,1.766463064711843e-08,0.9992281198501587,0.000771805236581713,5048.477384049053,4724.054839205832,36413.10548534617,38114.83172698205,1637.984378397955
2503,3,Case4,8x8_104,83.0,3.0,8x8,3,3,5.647815726206318e-08,0.0014186982298269868,0.9985812902450562,3944.2451119482002,3766.045197766183,35606.55335319042,38009.8706941435,1636.9202898056938
2505,3,Case4,8x8_106,-12.0,43.0,8x8,2,3,1.0983593767832645e-07,0.04996408522129059,0.950035810470581,5751.923471731576,5530.260552183183,35670.6035194397,36540.57381852545,941.0482737623305
2506,1,Case4,8x8_107,69.0,8.0,8x8,2,3,6.396651741624737e-08,0.37349867820739746,0.626501202583313,4563.510717066899,4065.8989603341206,37587.24213898182,39745.303237223074,1784.5682225845962
2508,3,Case4,8x8_109,-69.0,17.0,8x8,2,2,6.157305332266105e-09,0.9999977350234985,2.3011273242445895e-06,4929.5489664530605,4812.448772845286,35410.39058342576,35308.38731143187,291.41485922628584
2510,5,Case4,8x8_111,7.0,87.0,8x8,2,2,6.789653284045016e-09,0.9999839067459106,1.6056250387919135e-05,3849.0300386143745,3912.9684836819297,35184.11937749386,38270.0987630882,2101.5756903528495
2511,4,Case4,8x8_112,21.0,-8.0,8x8,3,3,3.923412350559374e-08,4.297710347600514e-06,0.9999957084655762,5386.785174280919,4636.540998484784,37554.984080314636,37640.364379962906,455.1695372555249
2512,5,Case4,8x8_113,35.0,-2.0,8x8,3,3,1.881364397604557e-09,1.088112142610953e-07,0.9999998807907104,5384.739640654454,5407.758973150299,37499.255732536316,37056.50828761151,322.68687986709443
2513,3,Case4,8x8_114,-35.0,-78.0,8x8,2,2,1.528269244488456e-08,0.9999990463256836,9.640926919018966e-07,5222.914055470661,5158.289087289179,25260.451993862167,26814.366982396303,1205.6000036590726
2514,2,Case4,8x8_115,22.0,74.0,8x8,2,2,1.014998574078163e-08,0.9999986886978149,1.3110192185195046e-06,4965.063057742168,4614.254386766147,33094.428084641695,31820.432862050297,742.6740898918345
2515,4,Case4,8x8_116,12.0,-85.0,8x8,2,2,2.6937133412729963e-08,0.9945635199546814,0.005436443258076906,4201.873786700601,3878.263143157493,34968.29138994217,37858.22792472748,2052.873238714139
2516,5,Case4,8x8_117,-87.0,33.0,8x8,2,2,2.098922813331683e-08,0.9999998807907104,1.1931373933293798e-07,4884.778796260707,4908.567432393744,26849.872207522392,27081.2502393639,332.3229153717938
2517,5,Case4,8x8_118,54.0,-88.0,8x8,2,2,0.0010739691788330674,0.998924195766449,1.8605793457027175e-06,5229.660739150098,4955.092495609019,14535.156603813171,13762.742180456782,525.0814761470092
2518,4,Case4,8x8_119,31.0,-10.0,8x8,3,3,2.0686563573235617e-08,2.5433093924220884e-06,0.9999974966049194,5539.759207789687,5032.815959083182,36415.57181930542,36604.904180439415,422.00194018579487
2519,3,Case4,8x8_120,-58.0,-26.0,8x8,2,2,1.1182648762542158e-07,0.9999978542327881,1.986183406188502e-06,5878.255602479533,5960.363543442277,29450.95227432251,27467.182975306358,1326.3709475330193
2521,5,Case4,8x8_122,20.0,-73.0,8x8,2,2,1.963667273230385e-08,0.9999940395355225,5.903501460124971e-06,4920.210070410504,4821.940765322075,34120.70115053654,34222.77285444807,303.4974180177567
2522,4,Case4,8x8_123,76.0,4.0,8x8,3,3,8.316246891126866e-08,0.061260662972927094,0.9387391805648804,4324.6132507525035,3887.296052044227,36499.355161726475,39440.9909435065,2097.9786788685838
2524,1,Case4,8x8_125,-3.0,72.0,8x8,2,2,7.554838532541908e-09,0.9999550580978394,4.4875836465507746e-05,4341.607088190484,4187.048310691616,37208.56110906601,38084.39693253595,480.91569750237915
2525,5,Case4,8x8_126,-8.0,18.0,8x8,3,3,3.861376995928367e-09,1.1075449890540767e-08,1.0,5406.434928622647,4801.55199105959,37573.716035336256,38358.42301405252,1041.8646132156757
2526,4,Case4,8x8_127,-66.0,77.0,8x8,2,2,0.0008418711950071156,0.9991539716720581,4.183546479907818e-06,4342.321180761343,3823.108568693585,10394.299449920654,9448.011954642261,682.8035044465054
2527,2,Case4,8x8_128,59.0,-70.0,8x8,1,1,0.9997475743293762,0.00025228745653294027,1.3337427162696258e-07,6169.744815598298,5793.751617716738,12473.600393295288,10824.343294291335,1147.5220377258504
2529,2,Case4,8x8_130,-59.0,12.0,8x8,2,2,1.9500706827102476e-08,0.9999696016311646,3.0379751478903927e-05,5383.20262964873,5033.129748807266,36959.38739824295,36662.73043786155,550.7613688346416
2530,1,Case4,8x8_131,41.0,53.0,8x8,2,2,3.08635899273213e-05,0.9999690055847168,1.7047369738065754e-07,6908.643982115371,7078.324132223859,17938.696937561035,17841.9433363361,282.8859755350101
2532,1,Case4,8x8_133,-21.0,37.0,8x8,3,3,3.2457755878567696e-06,0.2005423754453659,0.799454391002655,6221.646179193704,6189.007730431385,30951.054872393608,33182.49030277368,1691.8482935487636
2533,1,Case4,8x8_134,-56.0,37.0,8x8,2,2,2.235836291220039e-06,0.999997615814209,9.714020166029513e-08,6591.27454541036,6558.574986825161,21043.112740516663,21222.845859161553,257.3459482734444
2534,5,Case4,8x8_135,39.0,-76.0,8x8,2,2,4.664668438181252e-07,0.9999994039535522,9.589885507921281e-08,5522.12689960489,5386.002312393466,22476.613810777664,22371.502390863934,114.47109107665126
2535,2,Case4,8x8_136,8.0,-68.0,8x8,2,2,4.001656606078541e-08,0.9995531439781189,0.00044673585216514766,4757.9858468053535,4541.935174970169,37803.36699080467,36939.38255995844,529.2455746088584
2536,3,Case4,8x8_137,68.0,53.0,8x8,2,2,0.003960942849516869,0.9960364699363708,2.616486654005712e-06,6257.26568709228,5339.005148379853,13996.258895874023,12649.565647395128,861.9646483774574
2537,5,Case4,8x8_138,-28.0,-75.0,8x8,2,2,5.876405140270435e-09,0.9999994039535522,5.976002057650476e-07,5135.016463880489,5261.753848596148,29740.988512887503,31555.88390971087,1407.4779896962566
2538,1,Case4,8x8_139,-52.0,-36.0,8x8,2,2,1.1363267731212545e-06,0.9999983310699463,5.736195589634008e-07,6649.2554796134755,6730.152334874528,21004.8382730484,20709.00845233701,310.38506109292285
2540,4,Case4,8x8_141,79.0,49.0,8x8,2,2,1.0290310683558346e-06,0.9999979734420776,9.927485962180072e-07,5501.692907303858,5159.629125630473,16570.952990055084,15589.641697399718,640.2827324139798
2541,2,Case4,8x8_142,56.0,10.0,8x8,2,2,8.7164671924711e-08,0.9785056114196777,0.021494315937161446,5378.158773666985,5049.705125543846,37307.92590045929,36576.33113363418,691.2122204856109
2542,1,Case4,8x8_143,39.0,-35.0,8x8,2,2,4.918662853015121e-06,0.9999649524688721,3.0148916266625747e-05,7200.629831170267,6884.568001323195,22063.690896332264,20894.077961241353,841.5479699947117
2543,1,Case4,8x8_144,-86.0,-39.0,8x8,2,2,3.90121819293654e-08,0.9999990463256836,8.731757361601922e-07,5092.2717418326865,4626.751023908475,22842.30921174586,23478.325506914036,519.3905626796462
2544,5,Case4,8x8_145,29.0,32.0,8x8,3,3,6.679678676846379e-07,0.00493203429505229,0.9950672388076782,6818.416907123097,6143.966837647075,27298.378313302994,30613.632795547215,2348.01091171719
2545,4,Case4,8x8_146,-41.0,-28.0,8x8,2,3,4.935543074680027e-06,0.28927719593048096,0.7107179164886475,6497.607281512817,6154.471853144589,25914.316740572453,28186.65921772485,1703.0735826916878
2546,3,Case4,8x8_147,47.0,23.0,8x8,2,2,8.059613492150675e-07,0.9684948921203613,0.031504325568675995,6094.534426967528,5801.329277529192,29876.080837726593,30971.31518905937,1168.919101966435
2547,5,Case4,8x8_148,46.0,-62.0,8x8,2,2,0.0006297777290455997,0.9993700385093689,2.1170555442040495e-07,6610.444312614568,6613.110170186492,16424.313093185425,16105.15295804308,228.22896464353204
2549,3,Case4,8x8_150,15.0,-47.0,8x8,2,2,1.845999975103041e-07,0.835534393787384,0.16446545720100403,5730.032278198862,5407.988095551414,34746.12608242035,36520.72425504714,1380.280333909564
2550,5,Case4,8x8_151,-66.0,-82.0,8x8,2,2,3.130143886664882e-05,0.9999662637710571,2.4792580006760545e-06,4023.532078867632,3910.564098761229,10338.514646530151,10595.713324856373,252.806599230552
2551,2,Case4,8x8_152,-23.0,-66.0,8x8,2,2,1.605454613695656e-08,0.9999499320983887,5.000061355531216e-05,5343.757771973382,5099.171708152309,32286.7543861866,32452.75429068112,493.54651456128323
2552,5,Case4,8x8_153,50.0,-62.0,8x8,2,2,0.11473024636507034,0.88526850938797,1.20574361517356e-06,6765.554546962981,6767.817638560219,14653.02237701416,14501.17621428458,147.86063863733548
2554,1,Case4,8x8_155,11.0,-32.0,8x8,3,3,1.3557696298960309e-08,1.353295942863042e-06,0.9999986886978149,5747.826899139963,5123.921018155961,36084.32733488083,38007.21960251075,1658.9178539182244
2555,3,Case4,8x8_156,70.0,-86.0,8x8,1,1,0.9997649788856506,9.750084427651018e-05,0.00013747881166636944,3437.7405388736584,2906.0405594457147,9593.92038822174,8064.861082777618,1020.5039317037185
2556,2,Case4,8x8_157,78.0,-26.0,8x8,2,2,7.56879785512865e-08,0.9999332427978516,6.668706919299439e-05,4944.276227952215,4811.557602004772,31047.539894774556,31964.58300257477,898.099238332429
2558,4,Case4,8x8_159,-9.0,-4.0,8x8,3,3,6.739201552363738e-08,9.575788681104314e-06,0.9999903440475464,4612.8769843549635,4587.971902820593,35896.16551328823,37963.37815908406,1292.7612827984299
2559,4,Case4,8x8_160,47.0,-13.0,8x8,3,2,2.0778031739610014e-07,0.9441742897033691,0.055825505405664444,5675.996402923296,5221.686132539656,35612.007378578186,37180.022519661616,1314.0286122194343
2561,3,Case4,8x8_162,-71.0,-11.0,8x8,2,2,2.064600934659211e-08,0.9988425970077515,0.0011573386145755649,4599.294178303902,4373.34636097662,36932.742673799396,37343.282501992435,622.364573463375
2562,4,Case4,8x8_163,-84.0,28.0,8x8,2,2,2.1294811247685175e-08,0.9999963045120239,3.6392359561432386e-06,4797.410433362092,4815.514905412007,29918.11446774006,30217.78321578453,383.73410056113147
2563,5,Case4,8x8_164,-16.0,-5.0,8x8,3,3,3.5234635209491216e-09,6.042315980891999e-09,1.0,5056.352614122,4746.2525194726,37481.04876220226,38471.34191501573,1108.7390037557907
2564,4,Case4,8x8_165,-5.0,10.0,8x8,3,3,7.013629499397211e-08,1.2646031791518908e-05,0.9999872446060181,5090.954793240228,4493.181663316042,36292.83956062794,37922.76765510929,1088.0736502997806
2565,2,Case4,8x8_166,-61.0,-3.0,8x8,2,2,5.7051931179330495e-08,0.9975332021713257,0.002466710517182946,4948.3297103265295,4928.502652153074,38608.723622232676,38157.52099670861,619.6500871023634
2567,5,Case4,8x8_168,-5.0,-1.0,8x8,3,3,4.673826214940391e-09,6.382078865385665e-09,1.0,4920.81710064781,4680.005443783887,34967.27252852917,38697.20396157453,2460.3773716494065
2568,5,Case4,8x8_169,58.0,-70.0,8x8,1,1,0.9959403276443481,0.0040586297400295734,1.0119877060787985e-06,6147.733388037361,5629.157655044761,12691.076684951782,11689.124036566864,673.2734594458677
2569,4,Case4,8x8_170,-35.0,-50.0,8x8,2,2,2.573436290731479e-07,0.9999922513961792,7.481517059204634e-06,6667.091255857744,6535.98955023369,21439.490132331848,21690.04144948836,213.59193332638267
2570,4,Case4,8x8_171,-6.0,-18.0,8x8,3,3,4.209831061530167e-08,4.731701665150467e-06,0.999995231628418,5183.317029035286,4671.6250302638755,37609.14368468523,37662.08828296079,470.05029224890063
2571,2,Case4,8x8_172,-68.0,5.0,8x8,2,2,7.927126688400676e-08,0.9947128891944885,0.0052870106883347034,4680.854805367758,4510.987236627177,38014.34830626845,38756.08823679526,883.5446964949198
2572,5,Case4,8x8_173,82.0,-55.0,8x8,2,2,0.010481457225978374,0.9895114302635193,7.148458280425984e-06,5396.066274877702,5150.293726449403,14028.51635837555,13619.553472613807,312.0797734471747
2573,5,Case4,8x8_174,-76.0,51.0,8x8,2,2,6.182816377986455e-06,0.9999938011169434,2.1241373104885497e-08,5716.346537682102,5048.356614571405,15440.200798034668,14282.283122995155,798.2144478745853
2574,5,Case4,8x8_175,-73.0,85.0,8x8,2,2,0.0009527421207167208,0.9990382194519043,9.11441929929424e-06,3184.584675773478,3279.059849406347,9242.469762802124,8987.773746630182,145.93807441593702
2575,2,Case4,8x8_176,-36.0,30.0,8x8,2,2,7.2822317633836064e-06,0.8528334498405457,0.14715927839279175,6826.5865967205,6813.639481330987,25498.137719348073,27273.054477176272,1376.3213340193201
2576,5,Case4,8x8_177,25.0,-81.0,8x8,2,2,3.033552786746441e-08,0.9999972581863403,2.72395709544071e-06,4740.583584099746,4714.730553941943,31586.89203774929,31493.572388156317,220.0203221185503
2577,2,Case4,8x8_178,27.0,63.0,8x8,2,2,2.9591108230420105e-08,0.9999988079071045,1.1403408279875293e-06,5753.656861396799,5517.685670908993,29473.17245912552,28891.05614358,348.05484991530966
2578,3,Case4,8x8_179,73.0,-44.0,8x8,2,2,6.041635742803919e-07,0.999998927116394,4.5281356619852886e-07,5779.634416145858,5677.611771657038,18944.997714996338,19513.691768072516,620.7299083368225
2580,4,Case4,8x8_181,88.0,45.0,8x8,2,2,3.190103257111332e-07,0.9999978542327881,1.8242644728161395e-06,5201.543614533061,4997.4534605482495,19103.136747449636,18833.260641406236,172.5009256469735
2583,2,Case4,8x8_184,83.0,43.0,8x8,2,2,1.7955655948753702e-06,0.9999978542327881,3.983778640304081e-07,5226.493674878216,5220.029290691658,20211.045112907887,19820.404264338562,230.8074885307466
2584,1,Case4,8x8_185,-18.0,49.0,8x8,2,2,4.5228038203504184e-08,0.9999942779541016,5.649958438880276e-06,5804.797852690206,5667.208499901226,33419.45472717285,33196.914806058216,415.2321205555072
2585,5,Case4,8x8_186,-54.0,1.0,8x8,2,2,1.780735559009372e-08,0.9968240261077881,0.0031760267447680235,5219.328430638435,4766.687604717619,38551.14230155945,40635.94161749184,1661.7096484291876
2586,1,Case4,8x8_187,-47.0,-37.0,8x8,2,2,2.798062041620142e-06,0.9999955892562866,1.6467226942040725e-06,6935.742758138661,7056.78683072881,19895.12066936493,20137.48498166865,304.47166869817903
2587,5,Case4,8x8_188,-40.0,56.0,8x8,2,2,2.1710199860081048e-07,0.9999997615814209,6.978858380080055e-09,6776.089686222022,6235.472327775767,19019.169551849365,20680.172967066515,1128.1982325386894
2588,1,Case4,8x8_189,34.0,0.0,8x8,3,3,3.0768756431598376e-09,1.204052978209802e-06,0.9999988079071045,5507.412328101359,5163.632741295369,37547.135993003845,38113.96503253374,635.1199245010606
2589,4,Case4,8x8_190,-80.0,40.0,8x8,2,2,5.6851916951927706e-08,0.9999996423721313,3.1317676985054277e-07,5347.303917829418,5072.37066607141,22049.81611788273,22292.094434381044,294.1451171175074
2590,1,Case4,8x8_191,-75.0,6.0,8x8,2,2,2.4449107627333433e-08,0.9635709524154663,0.03642901033163071,4268.111521146384,4142.195471761673,36645.338681817055,38945.38318276531,1587.6879856074472
2591,3,Case4,8x8_192,89.0,-86.0,8x8,1,1,0.9999090433120728,6.135035619081464e-06,8.481714758090675e-05,2388.625959708781,2396.430837462849,8302.60329863429,7430.63114384267,505.50046006573825
2592,3,Case4,8x8_193,48.0,41.0,8x8,2,2,0.0005585051840171218,0.999439537525177,1.9834262730000773e-06,7161.006423146732,6796.147158938609,17745.825231552124,18005.042571451628,487.0734378609296
2593,5,Case4,8x8_194,-11.0,-16.0,8x8,3,3,3.8207752517394056e-09,7.227582088376039e-09,1.0,5421.383928249801,4877.9598381604,37346.718326330185,38112.53650452023,939.8211572884003
2594,3,Case4,8x8_195,12.0,71.0,8x8,2,2,3.996151853868923e-09,0.9999662637710571,3.372326318640262e-05,4719.397713500662,4432.584259768778,36757.28127115965,38301.21251206833,1426.3183344588178
2596,5,Case4,8x8_197,-80.0,-38.0,8x8,2,2,6.461635848609149e-08,0.9999998807907104,2.7127802226800668e-08,5286.694193507215,5262.557641399783,23319.70100042224,22399.420356577186,584.5641019799292
2597,1,Case4,8x8_198,-82.0,-53.0,8x8,2,2,5.710497589461738e-06,0.9999939203262329,3.803933452672936e-07,5387.4441692054315,4778.754831905464,14802.022415161133,14212.697386208092,451.2671887065072
2598,2,Case4,8x8_199,-45.0,82.0,8x8,2,2,7.747384245249123e-08,0.9999998807907104,3.899703671095267e-08,5346.55003683039,5260.762696789097,18947.28888221085,19873.39621348978,689.5324755988294
2599,5,Case4,8x8_200,88.0,-42.0,8x8,2,2,1.4732015074514493e-07,0.9999997615814209,1.209118778433549e-07,5128.971330250995,5352.780933585049,20933.190840512514,23224.448763049724,1667.5607161437517
2601,1,Case4,8x8_202,-24.0,-76.0,8x8,2,2,5.907843547703351e-09,0.9999926090240479,7.423481747537153e-06,4828.2039051447055,4598.555921353487,32072.64054274559,31722.168595515912,254.6593869209578
2602,1,Case4,8x8_203,33.0,58.0,8x8,2,2,1.0811834272317355e-07,0.9999996423721313,2.2500771024169808e-07,6244.372750498665,5842.228021920005,24287.292871952057,24015.693455767658,347.6222589287197
2603,3,Case4,8x8_204,27.0,-22.0,8x8,3,3,4.8491912707504525e-08,1.4208478660293622e-06,0.9999985694885254,6226.403684229021,5686.722806016041,32660.257042054087,34027.561130048496,997.8734927383913
2605,4,Case4,8x8_206,4.0,90.0,8x8,2,2,2.2883366312953513e-08,0.9999293088912964,7.069459388731048e-05,3933.435720827932,4056.307416847381,35216.689435720444,37961.2892817552,1911.1851363465319
2606,3,Case4,8x8_207,19.0,-83.0,8x8,2,2,1.3554892319689316e-08,0.9999195337295532,8.050516771618277e-05,4493.641383878025,4252.261405124085,34004.47443044186,35159.344923137825,916.8475361985958
2607,4,Case4,8x8_208,-87.0,47.0,8x8,2,2,2.749739849150501e-07,0.999998927116394,7.672852007090114e-07,5243.310154702068,4843.263080034917,17940.525859355927,19987.39171245887,1389.715642467865
2608,4,Case4,8x8_209,58.0,-69.0,8x8,1,1,0.9984608888626099,0.0015379850519821048,1.1596725926210638e-06,6242.166811589561,5834.542591242911,12668.854997634888,11577.85656217355,770.8828726030004
2609,2,Case4,8x8_210,-10.0,23.0,8x8,3,3,2.2320159942523787e-08,4.4674538912659045e-06,0.9999955892562866,5577.351555250903,4823.586917287068,37212.07727050781,38876.10535149931,1765.2710985664824
2610,4,Case4,8x8_211,55.0,-59.0,8x8,1,1,0.9884302616119385,0.011569102294743061,5.753832965638139e-07,7212.237586505177,6838.091199782087,13317.006591796875,12136.752890729924,865.8340089187905
2611,3,Case4,8x8_212,-63.0,54.0,8x8,2,1,0.7320225238800049,0.2679753005504608,2.0946138192812214e-06,6775.949680996342,5899.543963676765,13461.585933685303,11500.104017850743,1289.7923886615301
2612,5,Case4,8x8_213,67.0,-42.0,8x8,2,2,2.8554038067341025e-07,0.9999996423721313,3.674242776696701e-08,6103.323487775923,5824.061956414824,19481.315861701965,21092.235649788,1141.7777165613913
2613,1,Case4,8x8_214,63.0,-14.0,8x8,2,2,2.106827956538382e-08,0.9980999827384949,0.001900042756460607,5204.1017927191015,4724.563049466364,36450.09357562661,36892.4072398869,531.940365756936
2614,1,Case4,8x8_215,9.0,13.0,8x8,3,3,4.859186120143022e-08,4.202777290629456e-06,0.9999958276748657,5128.430687855934,4862.252833736288,37176.81573855877,39385.51533460543,1878.8186396027315
2615,1,Case4,8x8_216,-10.0,59.0,8x8,2,2,1.2939874061146384e-08,0.9999963045120239,3.6242320220480906e-06,5190.278468825795,4874.100712615246,37524.65800189972,35441.523272562205,1555.117749987571
2616,3,Case4,8x8_217,21.0,56.0,8x8,2,2,4.205267956081116e-08,0.9996393918991089,0.00036057832767255604,5728.5584674049005,5489.775391498017,32457.191237449646,33500.50644841697,1024.8478290717028
2617,1,Case4,8x8_218,5.0,-15.0,8x8,3,3,6.85891876628375e-08,4.188212642475264e-06,0.9999957084655762,5131.379349583795,4728.438245642711,37439.65592825413,40008.103890008395,2141.076355084841
2619,1,Case4,8x8_220,14.0,-23.0,8x8,3,3,4.895687411021754e-08,1.0345057717131567e-06,0.999998927116394,5663.074141097864,4966.496133086937,36468.60534763336,38956.90404488476,2217.071242628262
2620,1,Case4,8x8_221,74.0,-56.0,8x8,1,2,0.2546813488006592,0.7453125715255737,6.104434760345612e-06,5848.450496615078,5589.328119201742,13381.223178863525,12352.622147499507,733.2160503873889
2622,3,Case4,8x8_223,-78.0,-48.0,8x8,2,2,3.2834484500199324e-06,0.9999963045120239,4.0696855307942315e-07,5552.409673831452,5422.725037107871,17002.470581531525,15883.945131873992,738.4935665103043
2623,2,Case4,8x8_224,-4.0,-43.0,8x8,3,3,1.5908360850858116e-08,0.0016848311061039567,0.9983152151107788,5449.875206149635,5288.7065071053985,37590.511200904846,37750.45896777828,731.6068150077634
2624,4,Case4,8x8_225,2.0,-73.0,8x8,2,2,1.910979285923986e-08,0.9885425567626953,0.01145741157233715,4350.04428528579,4052.450059848272,37087.68264877796,39333.818150013605,1616.7482694658802
2625,1,Case4,8x8_226,-42.0,80.0,8x8,2,2,4.298232525457024e-08,0.9999998807907104,5.951353188038411e-08,5402.61428433205,4966.776696104686,20721.01615357399,21537.17697376589,633.2051074442813
2626,2,Case4,8x8_227,-42.0,-6.0,8x8,3,3,1.6675000935606477e-08,0.000446289632236585,0.9995537400245667,5609.594139622134,5304.031491461951,37212.33675956726,37508.76667739671,652.3102946689764
2628,4,Case4,8x8_229,42.0,86.0,8x8,2,2,6.535508845217919e-08,0.9999997615814209,2.3146228045334283e-07,5174.879164897978,5100.414263699388,20918.56074231863,21719.11474376753,678.7322922704461
2629,5,Case4,8x8_230,-44.0,-30.0,8x8,2,2,3.0523429472850694e-07,0.999921441078186,7.821580220479518e-05,6609.274191783107,6463.3681217720805,24499.39865154028,24779.49464143346,395.04263822353073
2631,1,Case4,8x8_232,-8.0,-27.0,8x8,3,3,2.6858515411731787e-08,8.020219866011757e-07,0.9999991655349731,5473.562249097838,4999.103366151303,37138.79301071167,38059.033281240176,856.7291212042951
2633,3,Case4,8x8_234,-49.0,-40.0,8x8,2,2,0.0008080264669843018,0.999183714389801,8.26921677798964e-06,7073.029794926691,6990.683349257772,18243.015209197998,18640.97918457989,345.06182039988835
2635,2,Case4,8x8_236,16.0,-57.0,8x8,2,2,2.7200075081168507e-08,0.9999845027923584,1.5515224731643684e-05,5576.126242207978,5307.390040961627,35308.36425971985,34053.576810552484,894.7501160395013
2636,2,Case4,8x8_237,-32.0,66.0,8x8,2,2,2.4151356470270002e-08,0.9999998807907104,1.2204432664475462e-07,5803.6489955198285,5578.249463280086,26398.599876642227,24457.76695623406,1271.4119923155704
2637,2,Case4,8x8_238,64.0,-22.0,8x8,2,2,2.5146070115056318e-08,0.9999823570251465,1.7617889170651324e-05,5469.22873025311,5324.573082738253,32817.53378891945,32294.462884460507,368.44623849338103
2640,2,Case4,8x8_241,13.0,6.0,8x8,3,3,2.8716025113340038e-08,2.064386762867798e-06,0.9999979734420776,4912.369171550609,4712.519138411009,37119.77460980415,38426.988947909485,1357.8483173789284
2642,5,Case4,8x8_243,-63.0,-63.0,8x8,1,1,0.9751233458518982,0.024875521659851074,1.1719670283127925e-06,5845.489505495841,5848.833806995287,11404.1676902771,11002.724772489677,326.21175154820435
2643,5,Case4,8x8_244,85.0,-58.0,8x8,1,2,0.18725191056728363,0.8126887083053589,5.940044138696976e-05,5269.388426168064,4813.89893867629,13053.426951408386,12422.768721710863,465.63119931431356
2644,5,Case4,8x8_245,-34.0,-14.0,8x8,3,3,3.889568223058859e-09,3.341841079418373e-07,0.9999996423721313,5722.014366647285,5664.762043369278,34749.44816851616,36149.05094129687,1020.2255482051488
2645,4,Case4,8x8_246,60.0,61.0,8x8,1,2,0.03648079186677933,0.9635097980499268,9.403855983691756e-06,6414.926868742866,5511.821794502865,11793.771648406982,10424.593383512802,1075.4868057237516
2646,5,Case4,8x8_247,-83.0,78.0,8x8,2,2,0.025951771065592766,0.9739834666252136,6.478778959717602e-05,2875.365408486812,2783.902399946285,8808.048295617104,7794.601278235069,619.2872785231972
2647,4,Case4,8x8_248,6.0,27.0,8x8,3,3,1.3959001954333417e-08,3.88151920560631e-06,0.9999960660934448,5337.155050735757,5031.8353383761505,37370.73360443115,37655.391336852736,527.8209983583079
2648,5,Case4,8x8_249,6.0,16.0,8x8,3,3,4.311886403485232e-09,1.3977280666210845e-08,1.0,5033.920258561974,4815.8092973345,37425.926933050156,38586.59528405254,1208.3085762462065
2649,5,Case4,8x8_250,-47.0,64.0,8x8,2,2,4.9653854148346e-06,0.9999949932098389,4.706966372225452e-09,6510.1726382970855,6054.520225170752,16174.261264801025,16567.52879260195,286.46784750307
2651,2,Case4,8x8_252,-82.0,-45.0,8x8,2,2,4.320251036915579e-07,0.9999991655349731,3.8552477121811535e-07,5345.709180904387,4921.868479602663,18916.02695654705,17361.038193787288,998.0236758774113
2652,3,Case4,8x8_253,56.0,-34.0,8x8,2,2,2.748418914677586e-08,0.9999997615814209,1.6904888866520196e-07,6435.373547005507,6039.8330971050245,23251.43856525421,24169.478332290775,877.4638982187403
2653,3,Case4,8x8_254,-75.0,-17.0,8x8,2,2,2.2199523996846438e-08,0.9995601773262024,0.0004397810553200543,4647.53528096619,4380.882012437333,35137.64240026474,35886.25247074332,812.1742972028853
2654,1,Case4,8x8_255,32.0,-60.0,8x8,2,2,3.6022964167159444e-08,0.9999994039535522,5.016983664063446e-07,6182.533474493076,5805.11342834229,25486.385642051697,26000.155235867795,314.4646652776164
2655,4,Case4,8x8_256,-25.0,-11.0,8x8,3,3,4.242783901986513e-08,2.966432703033206e-06,0.9999970197677612,5465.96567042454,5087.897069282757,36753.837794303894,36599.22314214781,326.8278238687993
2656,2,Case4,8x8_257,65.0,80.0,8x8,2,2,0.00040408282075077295,0.999594509601593,1.48035235270072e-06,4244.860282077907,4363.795585931934,10477.690231323242,10093.437301596088,271.2642383308348
2657,1,Case4,8x8_258,54.0,-18.0,8x8,2,2,2.3340199106769433e-08,0.9975911378860474,0.0024089026264846325,5697.6644276066045,5409.58160712945,34025.866788864136,34620.77758123292,703.8355855070789
2660,1,Case4,8x8_261,-14.0,-28.0,8x8,3,3,2.570872581486583e-08,5.840313974658784e-07,0.9999994039535522,5641.098317175473,5245.715671255678,35527.624478816986,36672.52642397082,956.2994680127467
2662,5,Case4,8x8_263,-24.0,2.0,8x8,3,3,2.7199136276578884e-09,7.504294963212033e-09,1.0,5280.665195874081,4924.893210422781,37851.54274082184,38206.31182752395,732.1057311039378
2663,1,Case4,8x8_264,87.0,-65.0,8x8,1,1,0.9996374845504761,0.0003573620633687824,5.082399638922652e-06,4010.9472648991655,3378.421023931884,10497.50957775116,9196.544035283701,887.338747313892
2665,2,Case4,8x8_266,-26.0,-39.0,8x8,3,3,8.428499995716265e-07,0.08559289574623108,0.9144061803817749,6448.349927870425,6181.272117849863,27417.101002454758,30848.67333564147,2520.5447520679286
2666,1,Case4,8x8_267,-33.0,-46.0,8x8,2,2,2.579448050710198e-07,0.999947190284729,5.259485624264926e-05,6734.943532373052,6667.272632496628,22470.044870972633,24727.221796878464,1632.6314749014737
2667,1,Case4,8x8_268,-59.0,29.0,8x8,2,2,4.105746143068245e-08,0.9999998807907104,1.2259165771411062e-07,6046.986618471814,5948.435282196747,27558.133433818817,28115.812964212942,397.5731026687292
2668,3,Case4,8x8_269,-60.0,60.0,8x8,1,1,0.9959077835083008,0.0040915124118328094,6.697235335195728e-07,6610.134475080261,5837.349692244031,12020.371646881104,10301.591773271424,1220.2026953900343
2671,4,Case4,8x8_272,72.0,69.0,8x8,2,2,0.011142880655825138,0.9888213872909546,3.5747762012761086e-05,4309.3744405898005,3643.895629374368,10057.052396774292,7686.776998480735,1637.0142479881563
2672,1,Case4,8x8_273,81.0,62.0,8x8,2,2,1.2799781870853622e-05,0.999987006187439,2.0428396396710014e-07,4742.611978977223,4456.9875342229625,11137.279244422913,11324.33247922481,166.07719592362855
2673,2,Case4,8x8_274,30.0,-25.0,8x8,3,3,1.7862870294038657e-08,7.365220881183632e-06,0.9999926090240479,6523.920232007052,6092.059170004095,30172.77317211032,33441.07788953975,2649.9237876448756
2674,3,Case4,8x8_275,80.0,-20.0,8x8,2,2,7.400671364621303e-08,0.997852087020874,0.002147904597222805,4520.0351556959895,4435.781345361348,33875.49804353714,35100.8222374049,1011.622211112343
2675,2,Case4,8x8_276,-88.0,70.0,8x8,2,2,0.0008763092919252813,0.9990935325622559,3.0204826543922536e-05,3401.7317264621424,2728.53706590979,9548.030936717987,8291.91832863512,889.8234469286919
2676,1,Case4,8x8_277,57.0,88.0,8x8,2,2,5.221833703217271e-07,0.9999992847442627,2.4160061684597167e-07,5213.697149798556,4420.928067414146,13411.59644317627,14989.848480001989,1057.0432617745419
2677,5,Case4,8x8_278,18.0,78.0,8x8,2,2,3.693963579465276e-09,0.9999991655349731,7.863368978178187e-07,4565.811842110341,4516.616643625318,34615.27819728851,36067.21714495027,1291.0472210803207
2678,3,Case4,8x8_279,-88.0,-89.0,8x8,2,2,0.0006079643499106169,0.9977978467941284,0.0015942170284688473,2344.943979526629,3024.713290000712,8266.440940499306,7803.502379701889,221.26775005672238
2680,1,Case4,8x8_281,-72.0,-17.0,8x8,2,2,6.8140555420370674e-09,0.9999475479125977,5.2394276281120256e-05,4787.612249160009,4436.060142079844,35263.95238664746,34877.15181072007,336.4386914663108
2681,4,Case4,8x8_282,25.0,-74.0,8x8,2,2,1.6519896561817404e-08,0.9999970197677612,2.9621724024764262e-06,5035.503067616418,5119.39506338778,31583.84233444929,31946.425226464533,533.6093543754682
2683,3,Case4,8x8_284,16.0,16.0,8x8,3,3,3.9982452904041565e-08,7.854263230910874e-07,0.9999991655349731,5555.589859873759,4976.59388932273,36863.655093193054,37794.1605322199,769.8879451624439
2684,5,Case4,8x8_285,-21.0,55.0,8x8,2,2,6.235031158041693e-09,0.9999994039535522,6.343422001009458e-07,5843.114011190877,5803.708686372591,32439.419779777527,33012.429399386456,523.787266208561
2685,2,Case4,8x8_286,40.0,-87.0,8x8,2,2,1.6912224509724183e-07,0.9999997615814209,9.061479744332246e-08,5145.964977049403,5200.773231356604,22237.160434752703,23571.90160505406,1083.1422516545267
2687,2,Case4,8x8_288,37.0,70.0,8x8,2,2,1.5983549417342147e-07,0.9999996423721313,1.7180371969516273e-07,5751.779431391062,5650.485621811906,23239.50598409772,22253.242884326126,608.9665440765422
2688,3,Case4,8x8_289,-9.0,44.0,8x8,2,3,5.3072653827257454e-08,0.027075383812189102,0.9729246497154236,5685.163983814196,5431.6497671244215,36711.87814903259,37480.52295791811,954.7229202247729
2691,1,Case4,8x8_292,71.0,-88.0,8x8,1,1,0.9997331500053406,0.00024168507661670446,2.515531195967924e-05,3297.3904128750733,3046.8889349657675,9434.592494010925,8568.925745072112,574.1046190235938
2693,2,Case4,8x8_294,-71.0,-57.0,8x8,2,1,0.8542779684066772,0.14571431279182434,7.742124580545351e-06,6039.465721970441,5368.886581547067,12919.866918563843,11200.003971056532,1157.7808567578547
2694,2,Case4,8x8_295,-84.0,-9.0,8x8,2,2,3.9398670992341067e-07,0.6384999752044678,0.3614996671676636,3975.29723894365,3886.2646793807153,35286.54403823614,37173.47894181263,1396.0318754651485
2695,4,Case4,8x8_296,-48.0,82.0,8x8,2,2,4.0074792195810005e-07,0.9999995231628418,8.778129512165833e-08,5381.438025484839,5161.551473155686,17240.31763267517,17862.36237502883,478.82063868152943
2696,2,Case4,8x8_297,-13.0,-4.0,8x8,3,3,3.524741387650465e-08,5.909720584895695e-06,0.9999940395355225,4957.21357458884,4704.065583075006,37098.99595475197,39591.125902982225,2302.338726675746
2697,5,Case4,8x8_298,-19.0,-23.0,8x8,3,3,5.301020511438992e-09,2.3093612355751247e-08,1.0,5847.20507938656,5445.49176401359,34958.99359154701,36290.970191167944,1053.1894339886912
2698,5,Case4,8x8_299,5.0,-32.0,8x8,3,3,1.3794160258484567e-09,5.299163419181241e-08,1.0,5586.388062633913,5255.366578781337,37334.86614704132,37927.24016334632,646.4234363733624
