dataset_index,fold,case,test_id,theta1,theta2,geometry,actual_type,predicted_type,probability_type1,probability_type2,probability_type3,actual_pt,predicted_pt,actual_max_force,predicted_max_force,curve_force_rmse
0,4,Case2,6x4_001,65.0,19.0,6x4,2,2,4.437444545146718e-07,0.9999995231628418,4.236718975647591e-09,19662.338495438697,21292.078698209054,37137.03176879883,38273.7858893387,826.9339270942015
1,3,Case2,6x4_002,40.0,-51.0,6x4,1,1,0.997795820236206,0.002204147633165121,2.0466540961994184e-10,15516.468243569163,16311.063672333512,20624.775924682617,20945.081064692396,252.08989784463873
3,2,Case2,6x4_004,49.0,48.0,6x4,1,1,0.9999793767929077,2.064703767246101e-05,3.5067565171131854e-13,14685.038124618122,15739.950081513158,17019.488403320312,17676.736515630386,307.8207399335652
4,2,Case2,6x4_005,-52.0,20.0,6x4,2,2,6.0549151385203004e-05,0.9999390840530396,3.902318042037223e-07,19017.402658062972,19763.19060149935,35229.41049003601,35838.06694292169,489.04981698296723
5,4,Case2,6x4_006,-15.0,-74.0,6x4,2,2,1.2397080695336626e-08,1.0,8.375123372594828e-10,20754.70106893895,22617.024514436736,39269.67221146822,40820.20767904094,1085.4798884685056
6,3,Case2,6x4_007,51.0,-83.0,6x4,1,1,0.9999997615814209,8.017345010102872e-08,7.633849463672959e-08,11050.763333309067,11597.248259383447,16119.98941040039,15762.880989413441,310.9877561289596
8,3,Case2,6x4_009,-63.0,21.0,6x4,2,2,2.5492513486824464e-06,0.9999974966049194,3.926891256611498e-09,19810.341364807206,19988.744534192116,36122.34503364563,36530.69742696258,279.5675427153285
9,1,Case2,6x4_010,-74.0,83.0,6x4,1,1,1.0,8.357983749540665e-10,6.670509145045855e-10,6475.1691437324325,6281.382063305744,9510.376041412354,9099.853453190657,292.5851286119729
11,2,Case2,6x4_012,-56.0,9.0,6x4,2,2,1.047777331564248e-07,0.9999998807907104,1.1946077904667618e-08,21548.379771521366,22712.262214576167,40814.75379753113,41924.68952171271,816.7996328582528
12,4,Case2,6x4_013,61.0,33.0,6x4,2,2,0.10399594902992249,0.8960040807723999,5.817700099441936e-09,16122.42566552643,16867.07541535057,27059.23011779785,26663.026220422325,287.73255283627196
13,3,Case2,6x4_014,19.0,79.0,6x4,2,2,3.976368390112839e-08,1.0,4.263551456329395e-10,20603.663841197562,21700.44817191582,37985.37337721884,39710.54238419539,1231.0562550498455
15,5,Case2,6x4_016,75.0,-61.0,6x4,1,1,1.0,1.4680390236776475e-09,2.1840605712863947e-10,9605.86968700014,9607.920900384746,12272.73332977295,11972.868596374366,190.47228730044742
16,2,Case2,6x4_017,-30.0,66.0,6x4,2,2,2.9087352231726982e-05,0.9999709129333496,2.194339848715643e-10,17554.893196468318,18094.10137710121,30523.850940704346,31090.745039624955,394.8158333746424
18,1,Case2,6x4_019,-79.0,29.0,6x4,2,2,1.6315068762651208e-07,0.9999998807907104,7.06340680389772e-11,18047.277970699313,19388.6377987558,32282.749340057373,33571.400558421345,960.3750714727955
19,3,Case2,6x4_020,-2.0,48.0,6x4,2,2,4.289352517616862e-08,0.9998200535774231,0.0001799682795535773,22366.67657833105,22803.511691943986,41537.01729011536,42415.44600819405,608.3045826908924
20,1,Case2,6x4_021,-49.0,-67.0,6x4,1,1,0.9999617338180542,3.8213365769479424e-05,3.011579527423258e-11,13241.473727550778,13991.169430130827,16862.695304870605,17056.432904975554,444.2913616511105
21,4,Case2,6x4_022,43.0,-33.0,6x4,2,2,0.32079488039016724,0.6792033314704895,1.772993186932581e-06,15881.001246662378,16159.092334770974,24317.717407226562,24700.99489517262,359.3033982664972
22,3,Case2,6x4_023,62.0,-67.0,6x4,1,1,1.0,1.473768662663133e-08,5.412478191330061e-12,10922.264530441522,10819.42217950334,12623.779968261719,12412.172000874923,152.97324363305796
23,2,Case2,6x4_024,30.0,75.0,6x4,2,2,6.555542313435581e-06,0.9999934434890747,4.922244209448756e-11,17917.135662089717,18755.14870091994,31518.928310394287,32438.541999096447,644.8256691322757
24,5,Case2,6x4_025,80.0,-80.0,6x4,1,1,1.0,6.497482551992562e-10,1.2211179289955965e-10,5972.071636344868,5621.652337806276,9090.72618484497,8545.101935610732,362.86902472637496
26,5,Case2,6x4_027,54.0,-38.0,6x4,1,1,0.9734198451042175,0.026580149307847023,5.586994755724106e-11,15371.954601045092,16676.254422468948,22093.110076904297,22203.75681916331,286.4672243601171
27,2,Case2,6x4_028,36.0,-31.0,6x4,2,2,0.024671444669365883,0.9750985503196716,0.000229952551308088,16320.794939680867,17333.08424435529,26828.452423095703,27216.584776676656,336.2758227749166
28,2,Case2,6x4_029,52.0,-41.0,6x4,1,1,0.9981769323348999,0.0018231103895232081,1.5987466558953223e-11,15273.761643841104,16029.130321287044,20100.629302978516,20420.544245990448,286.335706848044
29,4,Case2,6x4_030,15.0,-12.0,6x4,3,3,7.208044577877715e-11,3.091631469942513e-06,0.9999969005584717,18261.513326122706,19205.33727379206,40346.919271469116,41155.02825774552,809.3512152653888
30,5,Case2,6x4_031,-55.0,-62.0,6x4,1,1,0.999998927116394,1.1157269454997731e-06,1.4974674278356304e-11,12519.355773543584,13437.061806222477,14600.038009643555,14378.319674002114,170.58098368500944
31,3,Case2,6x4_032,-19.0,-7.0,6x4,3,3,2.2856171816298954e-11,2.986804065585602e-05,0.9999700784683228,18252.393554508428,19349.94333558058,40701.98033905029,41893.822281139364,995.3272065562854
32,5,Case2,6x4_033,-61.0,86.0,6x4,1,1,1.0,6.036901645245507e-09,3.88939334072802e-08,8663.530557652,9133.857763887516,12063.288520812988,11930.370441491441,181.95068130821306
33,5,Case2,6x4_034,-43.0,-15.0,6x4,2,2,3.163445944665e-05,0.9999244213104248,4.399404861032963e-05,20160.04950343554,20735.706466213986,37164.66524505615,37056.841011336015,105.91358517566708
34,5,Case2,6x4_035,70.0,81.0,6x4,1,1,1.0,1.5262541230853799e-09,1.3739247239907826e-10,7250.725122793007,7447.596680003367,10157.417854309082,9905.782845610393,188.34732681661478
35,1,Case2,6x4_036,8.0,25.0,6x4,3,3,2.703605026486977e-13,1.92196625903307e-06,0.9999980926513672,19258.694031637977,20706.68793777078,40618.30241775513,41371.372440287836,662.5940474294998
37,3,Case2,6x4_038,-56.0,52.0,6x4,1,1,0.9999940395355225,5.983974460832542e-06,6.758878938299684e-13,13779.68239296741,14821.904053157206,15559.530044555664,15666.953218989687,151.8960358661258
38,5,Case2,6x4_039,64.0,42.0,6x4,1,1,0.9930344820022583,0.006965592969208956,8.281197949600028e-11,15101.636430104876,15180.380876292033,21462.68901824951,20281.790602335434,829.5116817993502
39,2,Case2,6x4_040,-27.0,-54.0,6x4,2,2,0.013430911116302013,0.986568808555603,2.9197781259426847e-07,17635.6244604274,18065.61068317357,30356.05913925171,30634.304030602125,212.77566414420394
40,4,Case2,6x4_041,-2.0,-68.0,6x4,2,2,4.602363490313621e-10,1.0,5.564828153836743e-09,22256.993284960623,24093.231136302475,41910.84020590782,43824.0896641758,1353.9514701446813
41,3,Case2,6x4_042,84.0,51.0,6x4,1,1,0.9999984502792358,1.498729147897393e-06,4.0256806776994836e-09,10880.446089157313,10945.65145139675,16035.284492492676,15179.048576169307,581.5162009265804
42,3,Case2,6x4_043,79.0,-71.0,6x4,1,1,1.0,9.043308324407917e-10,3.640553969397331e-10,7260.875534046547,6866.416519025108,10099.37686920166,9507.594466392457,402.6642050779574
43,1,Case2,6x4_044,59.0,-56.0,6x4,1,1,0.9999996423721313,3.172130789153016e-07,9.714521721770897e-12,13010.057232788411,12811.690777315753,14537.59326171875,14148.696135334623,213.82837517472714
44,1,Case2,6x4_045,-18.0,-35.0,6x4,2,2,8.103150150873262e-08,0.8747615218162537,0.1252383291721344,19920.166232535616,19572.086384214563,35482.83219528198,35322.44838061246,165.68132771869168
45,3,Case2,6x4_046,-76.0,-77.0,6x4,1,1,1.0,3.36949668167108e-08,1.2009350458530577e-10,6781.751740967857,6609.867896269773,9680.02953338623,9144.403085070251,366.2718980647658
46,5,Case2,6x4_047,42.0,27.0,6x4,2,2,0.3870278000831604,0.6129523515701294,1.985331800824497e-05,17036.221717934684,17508.787956663353,28561.14824295044,28770.988072604185,223.21234894264387
47,1,Case2,6x4_048,1.0,71.0,6x4,2,2,1.3443890445330453e-09,1.0,1.1704311131399692e-10,22383.690349189837,22163.509266817557,42173.39065988362,41884.05491058123,240.84294569412353
48,2,Case2,6x4_049,-37.0,22.0,6x4,2,2,0.02272561937570572,0.9724124073982239,0.004861943423748016,18357.4640474759,18743.06125840376,32737.402591705322,32635.613311749974,152.03685518161143
50,3,Case2,6x4_051,28.0,57.0,6x4,2,2,5.429625161923468e-05,0.9999456405639648,8.277261542843917e-09,17712.049589651342,17665.79662613136,30335.37829208374,30428.99415742938,143.71349481428328
52,5,Case2,6x4_053,3.0,87.0,6x4,2,2,1.8506887133895589e-09,1.0,3.639651358078311e-10,22248.78642704942,18980.282065082116,41152.33970975876,40994.83927747193,251.5259472464688
53,2,Case2,6x4_054,-17.0,-44.0,6x4,2,2,3.356877277838066e-05,0.9998482465744019,0.00011816241749329492,19730.01039931261,20564.337680220844,36037.03637123108,37479.240065359496,937.7555021539216
54,3,Case2,6x4_055,44.0,-49.0,6x4,1,1,0.9997395873069763,0.0002604244218673557,1.8555768033223785e-11,15976.463339044598,16258.917803834001,19088.29020690918,18932.85274646871,128.88371553750324
56,4,Case2,6x4_057,2.0,74.0,6x4,2,2,2.4109542140493545e-10,1.0,1.2125260517859004e-10,22340.2490678272,23797.97988605531,41991.09358549118,43392.823561752535,963.3893333017583
57,1,Case2,6x4_058,82.0,19.0,6x4,2,2,4.549408458842663e-07,0.9999995231628418,2.1524351745405568e-10,20342.67136165196,21419.702429191366,37597.80515027046,38871.90644356668,916.9487157551291
58,1,Case2,6x4_059,14.0,3.0,6x4,3,3,3.302973942530957e-13,1.781588423455105e-07,0.9999998807907104,17257.710775301333,18553.262473065693,39940.503073364496,41214.6123353671,1064.7005437643368
59,2,Case2,6x4_060,44.0,-84.0,6x4,1,1,0.9935761094093323,0.006423917133361101,1.68854058339718e-12,12937.180943069954,13734.116423174402,20193.92555999756,21515.60413075942,887.6705598220942
60,3,Case2,6x4_061,0.0,-52.0,6x4,2,2,2.353746886285535e-08,0.9999716281890869,2.8291808121139184e-05,22306.408156250967,22326.54801930571,41632.16054344177,42172.94512703818,456.65376001803855
61,5,Case2,6x4_062,33.0,26.0,6x4,2,1,0.8064689636230469,0.1238023042678833,0.06972873955965042,17984.52330299771,18323.845938686307,30669.0115776062,30481.612783158085,212.444291476661
62,5,Case2,6x4_063,-75.0,38.0,6x4,2,2,0.002416315022855997,0.9975836277008057,2.0826063096279768e-09,16001.171126272333,16164.821578029105,25878.04421234131,26253.242670721564,346.3066101969938
63,5,Case2,6x4_064,-20.0,55.0,6x4,2,2,1.836578576330794e-06,0.9999982118606567,5.9916938077719806e-09,19963.39258921645,20127.645611900443,35805.245738983154,35568.34135126909,222.39685383887993
64,3,Case2,6x4_065,72.0,31.0,6x4,2,2,3.882418241119012e-05,0.9999611377716064,4.5877412979677956e-10,17401.565138733276,18247.320135717968,30255.924961090088,31292.023596389434,743.1559333366295
65,3,Case2,6x4_066,75.0,72.0,6x4,1,1,1.0,4.898688565901921e-09,5.561851326718603e-11,7640.143350666693,7351.567278094642,10254.928009033203,9694.006083351629,385.54013710846414
66,5,Case2,6x4_067,-83.0,68.0,6x4,1,1,1.0,1.402831295571616e-09,6.07486505543875e-10,7375.888626669171,7326.668992562046,10396.559120178223,9863.757046749783,323.9719767789994
67,3,Case2,6x4_068,-26.0,-1.0,6x4,3,3,9.585273547108031e-12,4.4723190512740985e-05,0.9999552965164185,19456.305973491017,20438.810918030525,41096.747955322266,41785.97712373655,499.71866416843085
68,3,Case2,6x4_069,-36.0,57.0,6x4,2,2,0.21317948400974274,0.7868204712867737,1.9902091086265727e-09,16012.499820929535,16280.776355171476,24273.506149291992,24289.925580113166,91.56582104224667
70,2,Case2,6x4_071,-45.0,-29.0,6x4,2,2,0.3578609824180603,0.6421363353729248,2.685668050617096e-06,16177.961790320023,17098.77412992722,27254.40411376953,26906.00373419108,327.719095654568
71,5,Case2,6x4_072,-29.0,13.0,6x4,3,3,2.3212531896632527e-09,0.001065401011146605,0.9989345669746399,20710.241629599408,21575.200851609457,38879.87706565857,39393.81667875785,483.7412058129517
72,4,Case2,6x4_073,-22.0,46.0,6x4,2,2,9.139193025475834e-06,0.9999686479568481,2.2166988856042735e-05,18878.0105001635,19573.551479823425,33066.51007461548,34203.59144460809,822.5625697403867
73,2,Case2,6x4_074,-1.0,-8.0,6x4,3,3,1.0529273850382048e-12,4.143507936760216e-08,1.0,17026.160511303562,17602.31319391203,38559.52574840188,39029.31063913197,367.062326386195
75,4,Case2,6x4_076,50.0,5.0,6x4,2,2,1.5241559125911408e-08,0.9999951124191284,4.816257842321647e-06,21885.93175823237,22849.142529220335,40961.54466962814,41648.80626104331,473.5483349534231
76,1,Case2,6x4_077,-64.0,20.0,6x4,2,2,2.3792766512542585e-07,0.9999997615814209,1.0746439849107503e-10,19538.7897396166,20050.72440770075,36803.21956062317,36918.3526559247,166.9282129811468
77,2,Case2,6x4_078,29.0,-79.0,6x4,2,2,3.570357876014896e-05,0.9999642372131348,7.270924834434922e-11,18246.36351476399,19072.988941252104,32369.10271835327,33168.832548662096,573.0271198448575
79,1,Case2,6x4_080,-53.0,-64.0,6x4,1,1,0.9999978542327881,2.1293849385983776e-06,8.60247029860206e-12,13114.080150028736,13307.663166739763,15165.436920166016,15132.309986843256,302.4434992015126
81,1,Case2,6x4_082,85.0,48.0,6x4,1,1,0.9999842643737793,1.5765157513669692e-05,1.109629366169429e-08,11621.81100951362,11486.901314284107,17661.911895751953,17272.705392497577,303.8240648528153
82,3,Case2,6x4_083,-12.0,85.0,6x4,2,2,3.0600590950058404e-09,1.0,8.206290091905544e-10,21304.411023413217,20994.203976278222,40045.64442026615,40725.80869554915,545.9181456378658
83,5,Case2,6x4_084,77.0,-48.0,6x4,1,1,0.9999978542327881,2.0916211269650375e-06,4.6963077870998404e-09,12216.006785058336,12332.213701365717,17617.78549194336,16707.701457864787,665.203288286033
85,2,Case2,6x4_086,-41.0,-54.0,6x4,1,1,0.9990474581718445,0.0009524988709017634,2.2248239708866357e-11,15334.76214970965,16126.146889297617,20370.241760253906,20936.94284562707,384.32391505861375
86,1,Case2,6x4_087,-38.0,89.0,6x4,2,2,0.028039300814270973,0.9719606041908264,1.474273432222617e-07,16110.326157228694,15262.627826299018,26626.50227355957,26052.259791012235,268.2918886706035
87,1,Case2,6x4_088,23.0,33.0,6x4,3,2,2.88088335764769e-06,0.9672278761863708,0.03276924788951874,18667.182044892546,19067.154276225832,32820.57548713684,33366.36989985256,415.90089434020405
88,1,Case2,6x4_089,18.0,-35.0,6x4,2,3,4.7151087301244843e-07,0.22881725430488586,0.7711822986602783,20004.824334374945,20521.536569794167,35683.80089759827,36074.595990787435,390.28114666495304
89,5,Case2,6x4_090,-65.0,24.0,6x4,2,2,1.2100988442398375e-06,0.9999988079071045,4.469377090643434e-10,19166.219234683158,19110.800721442953,34469.258419036865,34390.82739848694,79.13881321691346
92,1,Case2,6x4_093,-70.0,-78.0,6x4,1,1,1.0,8.486855662681592e-09,5.7350066917649656e-09,7570.430723745265,7534.836821120968,10318.320999145508,10263.226010655799,80.84218113276542
93,1,Case2,6x4_094,73.0,-55.0,6x4,1,1,1.0,2.680347144234929e-08,5.495756627560411e-10,11130.10844688354,11208.10351100988,14246.254989624023,13862.946165110645,314.1453157402067
95,4,Case2,6x4_096,84.0,-52.0,6x4,1,1,0.9999997615814209,2.5100038669734204e-07,2.7276849667856595e-09,10765.94834339393,11143.854761185292,15570.672637939453,15747.834387824603,246.69235161276782
96,5,Case2,6x4_097,-46.0,-23.0,6x4,2,2,0.0016614863416180015,0.9983313679695129,7.141692094592145e-06,17815.678284165737,18528.364599304918,32120.091911315918,32033.40501576307,96.21394793666263
97,1,Case2,6x4_098,-1.0,36.0,6x4,3,3,2.3396659609709047e-11,0.0007359641022048891,0.9992640614509583,21657.29273727099,21587.090517426797,41026.720178604126,41053.37074000405,196.75199437474396
98,5,Case2,6x4_099,90.0,40.0,6x4,1,1,0.8011195063591003,0.198870450258255,1.0059443411591928e-05,12347.284819586124,14224.397402392637,22755.860969543457,23079.694013849563,356.48608617427595
99,5,Case2,6x4_100,69.0,62.0,6x4,1,1,1.0,1.9550533636447653e-08,8.603341997148739e-12,10335.948527733512,10715.354083140037,12326.815940856934,12360.80006533238,119.95438724795218
101,2,Case2,6x4_102,76.0,-24.0,6x4,2,2,4.611828444467392e-06,0.9999953508377075,2.6719354506710147e-10,19209.213496979915,20054.04554009905,35196.511138916016,36922.062102205484,1270.928883927053
102,2,Case2,6x4_103,66.0,14.0,6x4,2,2,3.159932404628307e-08,1.0,5.576927808448318e-10,20725.43237640009,21833.784522101672,39405.27874740213,40608.2758897153,840.1642159318326
103,5,Case2,6x4_104,83.0,3.0,6x4,2,2,2.0248652532472988e-08,1.0,5.57207946449978e-10,21975.393590152078,21610.391492201794,41024.56811866164,41610.87872304246,380.4311095018711
104,3,Case2,6x4_105,89.0,-77.0,6x4,1,1,1.0,1.1993515069974592e-09,1.1098876262494173e-09,5742.907653147176,5801.62182683834,8954.457775115967,8851.763927526186,98.76370045173167
105,4,Case2,6x4_106,-12.0,43.0,6x4,2,2,1.212840317066366e-07,0.9979423880577087,0.0020574466325342655,21828.546895226827,22061.28647909674,38798.90520095825,40162.92992301629,998.4949751847563
106,3,Case2,6x4_107,69.0,8.0,6x4,2,2,1.0797159610831386e-08,1.0,1.2303486007780862e-09,21621.816505972165,23036.942361239126,41065.04050898552,42237.2750918036,825.2974213409683
107,1,Case2,6x4_108,46.0,-72.0,6x4,1,1,0.9998831748962402,0.0001167629161500372,9.861232719288182e-09,12968.26670199502,13666.085806093117,18720.836822509766,19170.326112766114,347.747868937797
108,5,Case2,6x4_109,-69.0,17.0,6x4,2,2,3.017592931087165e-08,1.0,1.2245886249484528e-10,21042.62463381931,20903.16170135684,38614.60772371292,38379.46919844403,158.50502189244148
113,5,Case2,6x4_114,-35.0,-78.0,6x4,2,2,0.002236965112388134,0.99776291847229,1.223665435645671e-07,16641.048662185567,16470.2578694811,28145.9669380188,28055.890136654212,46.03585559082484
114,4,Case2,6x4_115,22.0,74.0,6x4,2,2,1.30473878812154e-07,0.9999998807907104,3.241256429920014e-10,19382.289896574675,20854.76165554327,36445.74831008911,37252.17291689726,577.3424632788813
115,5,Case2,6x4_116,12.0,-85.0,6x4,2,2,2.749636252019627e-08,1.0,1.6346411724210697e-10,21318.920308209603,21012.261329289304,40062.750755786896,39901.94731094592,268.95148640985843
116,5,Case2,6x4_117,-87.0,33.0,6x4,2,2,2.1203017240623012e-05,0.99997878074646,1.5665090336014487e-09,16964.578443697086,17635.52490817651,29832.947952270508,30074.79409855799,230.67849933194395
117,1,Case2,6x4_118,54.0,-88.0,6x4,1,1,0.9999988079071045,1.1871376415228951e-07,1.0600811037875246e-06,10111.479383002628,10594.862195445981,14682.078651428223,15126.692032776666,339.76421012358134
119,4,Case2,6x4_120,-58.0,-26.0,6x4,2,2,0.0005196385900489986,0.9994803071022034,2.5883876375587533e-08,17659.519380381615,17965.215702054833,31943.719570159912,31789.6398028197,85.3362811500267
120,4,Case2,6x4_121,-50.0,14.0,6x4,2,2,2.2432797663896054e-07,0.9999972581863403,2.499974925740389e-06,21062.79375991071,21323.2845578872,38399.942257881165,39194.69937821706,631.6010386678481
121,2,Case2,6x4_122,20.0,-73.0,6x4,2,2,7.206179475360841e-07,0.9999992847442627,3.883367516444025e-10,20426.1417112616,20835.06935023741,37335.32593250275,38232.60654007147,649.6353870556073
122,1,Case2,6x4_123,76.0,4.0,6x4,2,2,4.562153765874655e-09,1.0,1.4658251001886669e-10,21923.73339124474,23123.720388907044,41322.524722099304,42543.06398249588,874.0476298849428
123,1,Case2,6x4_124,42.0,-66.0,6x4,1,1,0.993403971195221,0.0065960050560534,6.930787610492928e-10,15417.937098843093,14862.842876679471,22005.390563964844,21517.30615096145,262.3029766172981
124,2,Case2,6x4_125,-3.0,72.0,6x4,2,2,1.4784443669313418e-09,1.0,4.1934261618692403e-10,22322.264683286012,23243.497598831404,42042.27668720484,43243.528304704836,828.0897881036542
125,3,Case2,6x4_126,-8.0,18.0,6x4,3,3,9.387075144973167e-11,0.0003380838315933943,0.999661922454834,17949.699023275294,19306.603333692077,40176.9159283638,41979.21186645589,1590.97629941378
126,2,Case2,6x4_127,-66.0,77.0,6x4,1,1,1.0,1.4148528182378328e-10,3.473157972702125e-14,8428.451427525222,8560.746691771192,11095.57219696045,10920.894879308906,168.60765394120136
127,5,Case2,6x4_128,59.0,-70.0,6x4,1,1,1.0,5.865456564890792e-09,9.59933799116186e-11,10891.370894468742,11031.785373980609,13077.116172790527,12873.305698952987,192.84181255394927
128,4,Case2,6x4_129,24.0,11.0,6x4,3,3,6.620443776528262e-11,5.041871645516949e-06,0.9999949932098389,19785.482958492543,20339.78794060384,39819.35524940491,40359.00799005732,442.75998015044445
133,4,Case2,6x4_134,-56.0,37.0,6x4,1,1,0.7332908511161804,0.26670920848846436,8.389486438886706e-09,15585.449355990706,15716.274237612084,23241.95694732666,23137.56416429097,138.71650022877958
135,2,Case2,6x4_136,8.0,-68.0,6x4,2,2,3.269804693672995e-08,1.0,3.2310369935117933e-09,21869.668232739932,22840.695431610315,41306.32139670849,42075.234326483376,554.5415207906063
136,4,Case2,6x4_137,68.0,53.0,6x4,1,1,0.9999995231628418,4.609611607975239e-07,6.1388723965327685e-12,12281.321152881383,13159.542234714667,15012.169082641602,15290.838867951652,357.57906439808744
137,1,Case2,6x4_138,-28.0,-75.0,6x4,2,2,1.4509706716125947e-06,0.9999985694885254,9.821643498497679e-11,18208.514740433136,18629.185390476185,32651.467559814453,33067.39059627302,382.59480764889827
139,2,Case2,6x4_140,1.0,-3.0,6x4,3,3,2.009900926247532e-12,3.866847819722352e-08,1.0,16892.48376444766,18106.034948834582,37631.56885588169,37794.96507164639,359.08918200932874
140,2,Case2,6x4_141,79.0,49.0,6x4,1,1,0.9999877214431763,1.2231340406287927e-05,3.4987800417302095e-14,11723.05325713485,11910.34458842585,17044.90406036377,17049.162556931075,115.6001293997526
141,5,Case2,6x4_142,56.0,10.0,6x4,2,2,7.382980697911989e-07,0.9999992847442627,5.884794429533713e-09,21287.038098368255,21567.48378272414,40217.447687625885,39747.35327162418,342.8505532351189
143,1,Case2,6x4_144,-86.0,-39.0,6x4,2,2,0.049410805106163025,0.9505890607833862,1.2391318193749612e-07,15505.565310891709,15219.39556720567,25881.631576538086,25142.243057386684,305.8476103414367
144,1,Case2,6x4_145,29.0,32.0,6x4,1,2,0.0005043045966885984,0.9986618757247925,0.0008338491315953434,17380.510566070083,17536.84913743918,29553.07538986206,29866.807860370198,297.08557933558086
145,5,Case2,6x4_146,-41.0,-28.0,6x4,2,2,0.13003060221672058,0.8699309229850769,3.845581886707805e-05,16406.185672703003,17243.71730408566,27895.95062637329,28066.24134168298,169.14586524329647
146,5,Case2,6x4_147,47.0,23.0,6x4,2,2,0.004885981325060129,0.9951112866401672,2.721039209063747e-06,17810.62882268262,18368.726105438345,32112.60482788086,32188.699586943476,115.67944269345848
148,5,Case2,6x4_149,24.0,-59.0,6x4,2,2,0.0024116558488458395,0.997588038444519,3.52724526919701e-07,18987.420898164553,18896.461223082762,33617.978969573975,33311.47153865695,224.97348339484435
150,3,Case2,6x4_151,-66.0,-82.0,6x4,1,1,1.0,4.46590178171391e-08,1.1583899395262165e-09,7852.607715837323,7914.189679980675,10842.304023742676,10463.335817423904,251.5625660168457
151,3,Case2,6x4_152,-23.0,-66.0,6x4,2,2,2.628112042657449e-06,0.9999973773956299,3.291622263645877e-08,18913.29779648672,19767.779773441922,35065.66606712341,35938.74207640513,596.2178869173026
152,5,Case2,6x4_153,50.0,-62.0,6x4,1,1,0.9999974966049194,2.5569308945705416e-06,5.34624514797466e-12,14258.02576510243,14212.590680528714,16479.578735351562,15908.101390245803,611.727077744601
153,4,Case2,6x4_154,-65.0,-65.0,6x4,1,1,1.0,1.540389149568e-08,6.97766497359531e-12,10642.305491634826,10203.902824737657,12317.028938293457,12166.631710549012,254.81228234567766
154,1,Case2,6x4_155,11.0,-32.0,6x4,3,3,3.584383831412019e-11,0.00024613167624920607,0.9997538924217224,20998.13037174053,21827.97938293479,39258.65504646301,40098.09185555332,745.5305723302426
155,1,Case2,6x4_156,70.0,-86.0,6x4,1,1,1.0,9.728775562933833e-10,3.224898570408641e-09,6916.165492716169,7308.938256391096,9989.395706176758,10166.041830583661,161.58462572117008
156,4,Case2,6x4_157,78.0,-26.0,6x4,2,2,3.7491076909645926e-06,0.9999963045120239,7.317686456786987e-10,18245.925346530516,20361.603864029057,34098.619928359985,35523.25404768944,997.4858049413862
157,2,Case2,6x4_158,17.0,-43.0,6x4,2,2,9.88921892712824e-05,0.999491810798645,0.0004092998569831252,19805.97391087323,20422.868687247646,36126.09719657898,36780.747048319274,436.9983244555674
158,4,Case2,6x4_159,-9.0,-4.0,6x4,3,3,4.8853344980503977e-11,3.089783149334835e-06,0.9999969005584717,16942.796513979963,18562.21493067523,39027.012247651815,40082.38315242154,888.9400983804642
159,4,Case2,6x4_160,47.0,-13.0,6x4,2,2,1.676171876852095e-07,0.9999383687973022,6.143603241071105e-05,20645.094612575558,21810.543029226545,38430.342754364014,39385.043512045864,693.6220170545826
160,4,Case2,6x4_161,-43.0,-45.0,6x4,1,1,0.999980092048645,1.9955226889578626e-05,1.3217930222575447e-11,15059.704239150913,15292.402639038894,19022.618896484375,18466.933705540574,861.3390945425738
162,2,Case2,6x4_163,-84.0,28.0,6x4,2,2,3.5232712889410323e-06,0.9999964237213135,3.257736094774977e-11,18338.955396095836,19252.628953275016,33021.52264022827,34102.35615353875,767.1956731649938
163,3,Case2,6x4_164,-16.0,-5.0,6x4,3,3,2.5219350913152638e-11,5.109240737510845e-05,0.9999488592147827,17864.734028392748,18641.16525762667,40495.022122718394,41891.77572383348,1158.432786279614
165,1,Case2,6x4_166,-61.0,-3.0,6x4,2,2,4.634810313319804e-09,1.0,2.6436661193507405e-10,22144.237823452062,22325.034996193717,42063.02284401655,41507.55680853323,320.96451860495506
168,2,Case2,6x4_169,58.0,-70.0,6x4,1,1,1.0,4.575442691390208e-09,5.97751997910307e-15,11082.860934759608,11254.38688762644,13358.513961791992,13006.698195535746,290.7574830729045
169,1,Case2,6x4_170,-35.0,-50.0,6x4,1,1,0.9897226095199585,0.010277342982590199,1.592460538435425e-11,15724.71411011459,15845.45442714721,23444.99340057373,23242.394962653172,232.38726127104502
170,3,Case2,6x4_171,-6.0,-18.0,6x4,3,3,6.995406424264994e-12,1.0729651876317803e-05,0.9999892711639404,17771.939868934987,18788.56515788655,40201.53708720207,41988.28016815856,1503.3984990290576
171,1,Case2,6x4_172,-68.0,5.0,6x4,2,2,1.713161834615562e-09,1.0,6.565110260980944e-11,22034.00690293698,22753.999562984303,41884.78419402242,41966.31752575269,183.37305481835332
172,4,Case2,6x4_173,82.0,-55.0,6x4,1,1,1.0,2.288061828892296e-08,1.7045344025135023e-09,10156.859176763548,10582.387277191847,14210.225952148438,14294.030119389365,200.74579818526882
175,4,Case2,6x4_176,-36.0,30.0,6x4,1,2,0.0023900726810097694,0.9975584745407104,5.142488225828856e-05,16474.161043303182,16709.115982274852,27420.61598968506,27056.0846694024,304.727399133652
176,2,Case2,6x4_177,25.0,-81.0,6x4,2,2,2.922601879618014e-06,0.9999970197677612,5.1898887964973994e-11,19280.614771827895,20366.89308488518,34889.351570129395,36435.71512778888,1088.0811893526684
177,4,Case2,6x4_178,27.0,63.0,6x4,2,2,7.47731828596443e-05,0.9999252557754517,7.679687996642315e-09,18243.915034447313,18854.889585329962,32198.668354034424,32044.33383486852,171.53802468230288
179,5,Case2,6x4_180,-14.0,88.0,6x4,2,2,4.706720790892405e-09,1.0,5.587466253564877e-11,20947.33439592328,20505.92441618842,39456.7513461113,39532.47888053154,98.09043198042465
182,3,Case2,6x4_183,37.0,63.0,6x4,1,2,0.01376969926059246,0.9862303137779236,5.539965153289472e-10,16022.572187764572,16142.865454646928,24765.599655151367,25000.240596941774,221.42823214466935
184,5,Case2,6x4_185,-18.0,49.0,6x4,2,2,6.4088881117640994e-06,0.9999933242797852,2.3936269144542166e-07,19636.75276331284,20291.524759316322,36205.86668586731,35916.25169289711,244.9861973674071
186,4,Case2,6x4_187,-47.0,-37.0,6x4,1,1,0.9996582269668579,0.0003417658735997975,9.054001298691716e-11,15392.392221167545,15775.000425370523,21826.337493896484,21405.092357222253,429.4401159368016
188,3,Case2,6x4_189,34.0,0.0,6x4,3,3,2.3799304194049853e-10,0.002800511894747615,0.997199535369873,21648.185159222492,22057.45971391732,40756.55771064758,42067.86835259197,946.9663571115603
189,3,Case2,6x4_190,-80.0,40.0,6x4,2,2,0.16741937398910522,0.8325806260108948,6.582209888250645e-09,15621.070129048341,15269.401877158849,24961.244735717773,24343.273561721016,239.5537613145023
190,4,Case2,6x4_191,-75.0,6.0,6x4,2,2,6.302731114793403e-10,1.0,1.8272192092716466e-10,22399.994698017577,24090.600859456223,41492.36454772949,43564.46547055719,1434.7998706103833
192,3,Case2,6x4_193,48.0,41.0,6x4,1,1,0.9948456287384033,0.005154338665306568,1.364566515338339e-10,15391.811911449251,16376.87057305048,19870.267120361328,20444.22773896679,457.0659611639517
193,5,Case2,6x4_194,-11.0,-16.0,6x4,3,3,4.792306959253145e-13,5.380041412372805e-10,1.0,17995.32653778174,19299.44149593054,40179.73784160614,40956.80164695332,749.0750002749302
194,4,Case2,6x4_195,12.0,71.0,6x4,2,2,2.589430891930533e-09,1.0,1.7011458908200439e-10,21609.72681903185,23172.248302085005,40569.382226228714,41678.199302885754,786.5749965092981
195,3,Case2,6x4_196,-32.0,84.0,6x4,2,2,6.2604826780443545e-06,0.9999936819076538,9.34395671947641e-10,17057.653938905187,18357.773341076987,30565.393714904785,31066.752943010313,399.65328471911903
196,4,Case2,6x4_197,-80.0,-38.0,6x4,2,2,0.0021721033845096827,0.9978278279304504,1.7014125663905588e-09,15949.267921322184,16256.47384299441,26280.285163879395,26959.295740193877,622.8735958601535
197,1,Case2,6x4_198,-82.0,-53.0,6x4,1,1,0.999998927116394,9.855257303570397e-07,6.224599502502315e-08,10525.87463552392,10559.172398390745,15078.33381652832,14260.888817234025,599.823189165918
198,1,Case2,6x4_199,-45.0,82.0,6x4,1,1,0.9996994733810425,0.0003001205332111567,4.865254368269234e-07,12868.27896151428,12737.665849229808,19522.44595336914,19577.205271757455,255.26709553902526
199,4,Case2,6x4_200,88.0,-42.0,6x4,1,1,0.9178297519683838,0.08217014372348785,1.4120104196990724e-07,11945.11328635953,13469.487763924668,21454.208488464355,23283.349057076695,1181.6784068288478
200,5,Case2,6x4_201,-73.0,-27.0,6x4,2,2,8.165544613802922e-07,0.9999991655349731,4.866543834580739e-10,18396.69650336068,18969.4445479278,33264.030002593994,33974.025085085435,500.23245886576996
201,2,Case2,6x4_202,-24.0,-76.0,6x4,2,2,1.316956513619516e-06,0.9999986886978149,5.897540789057132e-10,19436.889317435416,20083.664838026365,35151.07549858093,36491.48581087118,950.5639985341459
202,4,Case2,6x4_203,33.0,58.0,6x4,2,2,0.36586427688598633,0.6341357827186584,1.6735759444941323e-08,16481.520967262808,16659.01103544262,26654.41330718994,25698.412937655037,610.9621020228896
203,5,Case2,6x4_204,27.0,-22.0,6x4,3,3,6.730151653755456e-07,0.007372178602963686,0.9926270842552185,20169.219416635045,20065.6704051068,35366.20693778992,34905.16266833984,271.7696941698945
204,5,Case2,6x4_205,-58.0,-50.0,6x4,1,1,0.9999783039093018,2.1737621864303946e-05,8.552501588876549e-12,15058.90222602965,15060.0338774823,17229.755798339844,16559.170073875874,182.39361356028334
205,1,Case2,6x4_206,4.0,90.0,6x4,2,2,1.3918666219581155e-09,1.0,4.305110434810189e-11,10033.736811180552,20091.530316434382,39175.494170725346,40843.90039664277,1423.7107476134508
206,4,Case2,6x4_207,19.0,-83.0,6x4,2,2,2.469251825232277e-08,1.0,3.4382319213932533e-10,20718.630788170623,22383.045469097913,37883.28714251518,39486.169056753686,1105.0366603721661
207,4,Case2,6x4_208,-87.0,47.0,6x4,1,1,0.9999366998672485,6.32489172858186e-05,2.0248220877761014e-08,11985.412902705066,12117.55922013041,18265.814643859863,18836.262962109526,481.3701393620802
208,3,Case2,6x4_209,58.0,-69.0,6x4,1,1,1.0,2.5994678409801963e-08,6.070550312431422e-12,11262.7522869744,11521.071951931786,13403.90104675293,13095.139166743993,261.1701691296039
209,3,Case2,6x4_210,-10.0,23.0,6x4,3,3,1.0468943767438788e-10,0.00027124976622872055,0.9997287392616272,18592.485941262126,20445.833040878937,40031.91142177582,41565.21474136785,1292.2073780599833
210,4,Case2,6x4_211,55.0,-59.0,6x4,1,1,0.9999996423721313,3.2799025007079763e-07,1.7245949460176213e-11,13082.073949807596,13960.255679905393,14725.264999389648,15337.099945714011,444.04408378184104
211,2,Case2,6x4_212,-63.0,54.0,6x4,1,1,0.9999990463256836,9.249721415471868e-07,6.048267220176359e-14,13149.642813456412,13158.571018464558,14885.563262939453,14854.205575629083,117.19852283163362
212,3,Case2,6x4_213,67.0,-42.0,6x4,1,1,0.9836345911026001,0.016365423798561096,1.5795806329599316e-10,15238.461765495984,15591.87355393049,22070.669059753418,21856.454191894867,84.0760183892797
213,2,Case2,6x4_214,63.0,-14.0,6x4,2,2,1.1785038367406742e-07,0.9999998807907104,1.2085873413170134e-09,21252.83674905893,21749.664093902873,39414.78084182739,40649.06222694698,885.9163453292485
214,4,Case2,6x4_215,9.0,13.0,6x4,3,3,1.0427021052139551e-10,3.688463721118751e-06,0.9999963045120239,17835.088760201925,18865.228637791814,39745.24285906553,40898.89000738904,962.2379264537647
215,1,Case2,6x4_216,-10.0,59.0,6x4,2,2,9.150855184714146e-09,1.0,7.586350436739053e-10,21647.50111512341,22123.944516013085,40853.41557312012,40821.14694243908,134.99237979556779
216,2,Case2,6x4_217,21.0,56.0,6x4,2,2,2.8752581329172244e-06,0.9999970197677612,1.451694373599821e-07,19609.78370155998,19949.30356369407,35258.42631149292,36320.168557491066,776.9900842708851
217,4,Case2,6x4_218,5.0,-15.0,6x4,3,3,1.9342742685335423e-11,2.5787892354856012e-06,0.9999973773956299,17291.633850273225,18688.4655870348,39962.61316564679,41268.85743654499,1129.4182546898578
218,5,Case2,6x4_219,-7.0,65.0,6x4,2,2,7.423787806715154e-09,1.0,3.211209353981559e-10,22070.77677141205,23384.226110234194,41737.54390138388,41873.12715773977,119.13643004457988
219,2,Case2,6x4_220,14.0,-23.0,6x4,3,3,9.828366419328827e-12,1.3980768471810734e-06,0.9999985694885254,19368.438682776316,21094.93168295895,39468.05104827881,40978.777243109645,1175.4424594187626
220,4,Case2,6x4_221,74.0,-56.0,6x4,1,1,1.0,1.6815018710758523e-08,3.6592390229017724e-10,10774.798576776451,11286.777635735127,13862.40316772461,14216.877797106157,310.98616999822167
221,1,Case2,6x4_222,7.0,-80.0,6x4,2,2,2.3358648348903444e-09,1.0,3.5280345311861083e-10,21939.181417166652,22636.70855610032,41041.88960206509,41943.43702340043,621.2522124976753
223,5,Case2,6x4_224,-4.0,-43.0,6x4,2,2,6.777122507628519e-07,0.9967599511146545,0.003239332465454936,22327.81469540721,22913.752617672384,40780.71779632568,41311.99969474419,301.976068853512
224,5,Case2,6x4_225,2.0,-73.0,6x4,2,2,6.351513093250105e-09,1.0,8.211347712894224e-10,22243.855918504287,22987.76459188335,41755.81861922145,42201.86337634644,276.52603559087567
225,1,Case2,6x4_226,-42.0,80.0,6x4,1,1,0.9679192900657654,0.032080359756946564,3.2561567309130623e-07,12636.501192716887,13854.37184745075,21449.459274291992,22104.380801374806,487.5802881003115
226,4,Case2,6x4_227,-42.0,-6.0,6x4,2,2,1.7005714170181818e-08,0.997235119342804,0.0027648769319057465,22027.314876317232,22731.566923593993,40464.47897148132,41388.37696747341,694.5150895408841
227,2,Case2,6x4_228,60.0,-31.0,6x4,2,2,0.004246746189892292,0.995753288269043,9.84015091631818e-09,16943.9259793842,17078.882034751954,28469.997817993164,28690.44201068641,177.35020459810775
229,3,Case2,6x4_230,-44.0,-30.0,6x4,1,2,0.049685195088386536,0.9503134489059448,1.3491601293935673e-06,16292.770338829978,16809.115432330087,26408.767295837402,26840.87956321889,412.3004101645702
230,4,Case2,6x4_231,-69.0,24.0,6x4,2,2,2.981942657243053e-07,0.9999996423721313,4.346562831880618e-10,19228.988106973306,20154.170267185735,34868.6391620636,36038.82281399956,808.0615347811888
231,2,Case2,6x4_232,-8.0,-27.0,6x4,3,3,3.388278589991356e-12,1.1301316362732905e-06,0.999998927116394,20445.4605050078,20759.894246547978,40277.29566001892,40628.10626624366,281.1463527649636
232,5,Case2,6x4_233,61.0,-20.0,6x4,2,2,3.548653467078111e-06,0.9999964237213135,6.305161392994307e-10,19368.7626984714,20480.642532101294,36348.418157577515,36421.21901281431,128.83993082529835
234,4,Case2,6x4_235,-62.0,7.0,6x4,2,2,2.4251098906802326e-09,1.0,1.0675231809642582e-09,21858.485639555445,23267.50322282133,41567.45152771473,42406.064293351534,598.0577264324104
235,5,Case2,6x4_236,16.0,-57.0,6x4,2,2,1.1784592970798258e-05,0.9999877214431763,5.174027251086954e-07,20380.704515986185,21139.430302596815,38179.994592666626,38254.18420631177,126.4248010418836
236,5,Case2,6x4_237,-32.0,66.0,6x4,2,2,8.520508708897978e-05,0.9999147653579712,2.0112195242560915e-10,17161.738009005196,17470.10448680004,29051.662643432617,28927.97986542526,157.3511357361643
237,1,Case2,6x4_238,64.0,-22.0,6x4,2,2,6.033117188053438e-07,0.9999994039535522,3.3237820828979636e-10,19569.55455635698,19351.040668517526,35492.6805267334,35560.85485081145,121.66188340805361
239,1,Case2,6x4_240,53.0,26.0,6x4,2,2,0.0002233680133940652,0.9997766613960266,2.9052231731441225e-09,17742.89028742882,17739.664522262534,30821.335773468018,30924.99349197418,168.44818771340715
240,3,Case2,6x4_241,13.0,6.0,6x4,3,3,1.7998252194173503e-11,2.001276152441278e-05,0.9999799728393555,17186.14571104635,18756.061174966762,39830.687985658646,41861.4814911414,1613.915540065983
241,4,Case2,6x4_242,-31.0,60.0,6x4,2,2,0.00013683043653145432,0.9998631477355957,1.8520739386573837e-09,17150.369386403705,17259.69375224142,28694.030059814453,28827.01558294923,162.28514837671824
243,2,Case2,6x4_244,85.0,-58.0,6x4,1,1,1.0,2.2816633027389344e-09,4.9544823945519775e-14,9226.505402181536,9663.065523585774,13027.071517944336,12847.421966251852,141.6235127092019
245,1,Case2,6x4_246,60.0,61.0,6x4,1,1,0.9999997615814209,1.8282675284808647e-07,1.3511068999716436e-11,12124.704993225623,12064.597555100423,13704.522079467773,13722.9707783553,209.69493046673097
246,4,Case2,6x4_247,-83.0,78.0,6x4,1,1,1.0,2.0953658808053888e-09,4.337605830073699e-09,5901.031192304986,5821.7874845401975,9049.769065856934,9113.934799926175,104.00164257251667
247,2,Case2,6x4_248,6.0,27.0,6x4,3,3,1.8622733563566918e-11,7.396819000859978e-06,0.9999926090240479,19856.12344991926,21112.789341997803,40799.733167648315,41383.076094055534,453.712145907577
249,3,Case2,6x4_250,-47.0,64.0,6x4,1,1,0.999962568283081,3.741625550901517e-05,1.7482696063400582e-12,15090.812055075732,14612.717034677384,19092.761322021484,17242.648281413294,1082.8597968057552
251,2,Case2,6x4_252,-82.0,-45.0,6x4,1,1,0.9753344655036926,0.02466546930372715,6.489450470048563e-12,12763.099799450643,13426.612086043871,19468.7890625,20171.677784073043,521.5248968385016
252,1,Case2,6x4_253,56.0,-34.0,6x4,2,2,0.49662095308303833,0.5033791065216064,4.2440026493117955e-10,15738.299968085543,15939.513395804017,25316.24457550049,25183.588490472303,243.01799498457916
253,1,Case2,6x4_254,-75.0,-17.0,6x4,2,2,1.2359729240074557e-08,1.0,4.234277165005018e-11,20296.055254171773,21801.70598244518,38719.16016744077,39147.27200764385,380.3965007849049
254,1,Case2,6x4_255,32.0,-60.0,6x4,1,2,0.014167295768857002,0.985832691192627,1.8019964409532463e-09,16888.94951834212,16484.55521294841,27816.123878479004,27698.70852178583,159.90056649398784
255,4,Case2,6x4_256,-25.0,-11.0,6x4,3,3,2.0527444327678168e-11,5.470064024848398e-06,0.9999945163726807,19544.900116467492,20683.629038866908,39924.95573043823,40789.56072700921,679.0199249218741
256,3,Case2,6x4_257,65.0,80.0,6x4,1,1,1.0,1.0978576270304075e-08,7.082486819243172e-10,8230.341289271644,8460.118865171777,11139.081932067871,10818.505139908066,207.05580441847286
257,1,Case2,6x4_258,54.0,-18.0,6x4,2,2,7.550844429715653e-07,0.9999992847442627,9.885937402032141e-09,20169.55595728981,19925.089736547474,36635.0611076355,36471.35599533583,89.64933170748844
258,2,Case2,6x4_259,-6.0,38.0,6x4,3,3,1.9984219079560717e-07,0.2255159467458725,0.774483859539032,21158.46303928862,23314.12993282581,40491.78612136841,41961.24069779563,1087.578482113812
259,3,Case2,6x4_260,-50.0,68.0,6x4,1,1,0.9999980926513672,1.931314955072594e-06,2.916122638502161e-12,12916.439480898927,13285.016690211432,16457.928672790527,15550.563603260161,850.3758735206147
260,1,Case2,6x4_261,-14.0,-28.0,6x4,3,3,1.4534050178649505e-11,0.00023460999364033341,0.9997653365135193,20763.839450044543,20454.708692717304,38519.05255317688,39144.655358507385,526.9406697384115
261,3,Case2,6x4_262,-57.0,76.0,6x4,1,1,1.0,1.2113853031792132e-08,1.839366992051339e-10,10374.91503648878,10571.226431322411,13533.71987915039,13076.611354508354,383.2972596788766
262,3,Case2,6x4_263,-24.0,2.0,6x4,3,3,1.7709562982748395e-11,9.194031736114994e-05,0.9999080896377563,19570.39536599779,20162.39892002106,41098.47527217865,42011.49488716543,688.6373064869401
263,5,Case2,6x4_264,87.0,-65.0,6x4,1,1,1.0,5.940211100785575e-10,3.1079987472537596e-09,7712.739051064256,7662.337001260067,10941.29077911377,10405.475407906115,330.506152612533
264,5,Case2,6x4_265,-25.0,-84.0,6x4,2,2,7.8556041671618e-07,0.9999991655349731,1.303398278196255e-09,19152.831678599323,19723.203153349215,34791.86850833893,35462.755155850195,446.3462461056996
266,2,Case2,6x4_267,-33.0,-46.0,6x4,1,1,0.95064777135849,0.04935210198163986,6.148132314365284e-08,15671.874617300973,16602.383550242674,24374.616676330566,24094.527344044098,399.1295615707864
267,3,Case2,6x4_268,-59.0,29.0,6x4,2,2,0.006467959377914667,0.9935320615768433,6.624259363263718e-09,17032.334444544056,18162.501006494975,29915.953693389893,30036.74772725832,132.34303585426673
268,2,Case2,6x4_269,-60.0,60.0,6x4,1,1,0.9999998807907104,8.713626442613531e-08,3.1580664597080296e-14,12347.987714725065,12451.022579916522,13874.702011108398,13508.254745124665,179.7595393361241
269,2,Case2,6x4_270,10.0,76.0,6x4,2,2,3.0531095429608968e-09,1.0,1.4923944025024838e-10,21674.54326783603,22935.757213600227,40932.06395339966,42471.248258038,1085.4647675332174
271,2,Case2,6x4_272,72.0,69.0,6x4,1,1,1.0,1.4883612120542011e-09,1.979927486339076e-14,8584.556018685464,8562.79918975204,10915.688179016113,10983.75475321212,79.30295261202693
272,2,Case2,6x4_273,81.0,62.0,6x4,1,1,1.0,3.2538391980807546e-09,9.31583945455814e-15,8688.00910600487,8936.302590195835,11790.865562438965,11639.279580670154,155.8515269163789
273,3,Case2,6x4_274,30.0,-25.0,6x4,3,2,0.0001611682091606781,0.9741267561912537,0.02571205236017704,18587.120373728012,18720.747541010678,32590.466930389404,32827.35128841627,216.3778697803428
274,2,Case2,6x4_275,80.0,-20.0,6x4,2,2,1.185438918582804e-06,0.9999988079071045,2.0850962623164548e-10,20160.33761725802,20893.78922268222,37336.23114259541,38839.55019305181,1104.2508442053415
275,3,Case2,6x4_276,-88.0,70.0,6x4,1,1,1.0,1.64452718109942e-09,1.1738008343087358e-09,6781.832437735399,6672.80998432225,9913.544708251953,9395.481711237364,348.85716480054106
276,4,Case2,6x4_277,57.0,88.0,6x4,1,1,1.0,3.709169149601621e-08,1.831925189321737e-08,9410.122436155292,10223.782440345965,13427.474403381348,13712.06554153107,282.74500374777404
277,5,Case2,6x4_278,18.0,78.0,6x4,2,2,7.122932288439188e-08,0.9999998807907104,4.240194584337331e-10,20980.223802292832,21263.738667748497,38415.786009937525,38569.40104289609,171.25745913323428
279,1,Case2,6x4_280,-31.0,-12.0,6x4,3,3,1.8348449148941626e-10,0.009418700821697712,0.9905812740325928,20727.153056757856,20719.260671796383,38893.52168464661,39323.59958957916,436.55230968175704
280,1,Case2,6x4_281,-72.0,-17.0,6x4,2,2,1.3608701721068428e-08,1.0,3.436617310170753e-11,20293.4445489537,21326.667409891706,38694.82481741905,38772.20347375073,189.53620857983734
281,3,Case2,6x4_282,25.0,-74.0,6x4,2,2,3.489754362817621e-06,0.999996542930603,7.385418054894899e-09,19086.397246924498,19599.594616761555,34622.14723968506,35462.16051684736,619.1152666710983
283,3,Case2,6x4_284,16.0,16.0,6x4,3,3,9.151731455991907e-11,6.298515927483095e-06,0.9999936819076538,18209.758475005117,19439.480398075328,39748.600335121155,40578.766121692504,747.305139003584
285,2,Case2,6x4_286,40.0,-87.0,6x4,1,2,0.20161229372024536,0.7983877062797546,4.358690144923294e-11,12546.509245976511,15563.703992565135,22872.22066116333,25489.31759034971,1625.788747776134
286,2,Case2,6x4_287,-77.0,22.0,6x4,2,2,2.392660860550677e-07,0.9999997615814209,4.845980908219083e-11,19682.419178480406,20746.71050568779,36375.603675842285,37700.27008671365,962.5579040037829
287,4,Case2,6x4_288,37.0,70.0,6x4,2,2,0.27144014835357666,0.7285598516464233,7.3858599236587e-09,16209.4467206728,16129.477365857461,26012.53813934326,25358.21372402393,355.4894811720984
288,5,Case2,6x4_289,-9.0,44.0,6x4,2,2,1.6944442222666112e-06,0.9996727705001831,0.00032551720505580306,21714.82087123156,22810.174608199406,39967.726778030396,40495.48152365096,429.2512745059592
289,5,Case2,6x4_290,20.0,-82.0,6x4,2,2,3.1419091328643844e-07,0.9999996423721313,1.4601544973125158e-10,20522.18521869169,20915.386790605335,37454.619997918606,37805.52766435006,309.88245560177904
290,1,Case2,6x4_291,26.0,5.0,6x4,3,3,1.5954249098053264e-13,1.0205235412286129e-06,0.999998927116394,19902.574046667247,20891.448255846226,40644.06721496582,41133.96795330537,421.9341944036304
291,4,Case2,6x4_292,71.0,-88.0,6x4,1,1,1.0,3.403000936597067e-10,1.049723241663969e-08,6680.707967500501,6935.080462305005,9787.745292663574,10023.775573163592,223.42797891106417
293,4,Case2,6x4_294,-71.0,-57.0,6x4,1,1,0.9999998807907104,8.674408746855988e-08,8.056695935398928e-12,10964.727394088353,11241.346308995318,13538.20841217041,13480.16580820909,247.62431671265145
294,3,Case2,6x4_295,-84.0,-9.0,6x4,2,2,1.7885469105749507e-08,1.0,2.254427089454225e-09,21555.485153170084,21698.433522005926,40621.71700882912,41188.470629682866,469.7114453948938
295,2,Case2,6x4_296,-48.0,82.0,6x4,1,1,0.9999994039535522,6.556128369084036e-07,2.0645862271314805e-14,11880.68588063415,11730.808783490786,17725.440643310547,16715.029125126486,704.3305626786592
296,2,Case2,6x4_297,-13.0,-4.0,6x4,3,3,1.906874181126228e-12,1.4377580725977168e-07,0.9999998807907104,17336.19490492257,18075.934642867796,40003.40717250109,41075.891300187825,833.1458937813994
297,4,Case2,6x4_298,-19.0,-23.0,6x4,3,3,2.3057698805839522e-10,1.0474876944499556e-05,0.9999895095825195,19757.553204401796,20283.66279848525,37985.175941467285,38054.16325061428,165.851209774339
298,3,Case2,6x4_299,5.0,-32.0,6x4,3,3,1.4059565144053376e-11,0.00010837202717084438,0.9998916387557983,21877.266309314433,22125.498915342265,40615.35860824585,42122.13347164341,1148.9211714608437
300,4,Case2,6x8_001,65.0,19.0,6x8,2,2,1.1200009669698474e-10,1.0,2.2218815676211534e-09,7525.576895339104,7523.170976817785,33537.90040409565,34430.43326942127,656.2922439044097
301,3,Case2,6x8_002,40.0,-51.0,6x8,1,1,0.540969967842102,0.45903006196022034,1.1521245762979859e-10,9876.031555208407,10026.610327774404,18036.517784118652,17782.917096214387,177.3439706120385
303,2,Case2,6x8_004,49.0,48.0,6x8,1,1,0.9990333318710327,0.0009666275582276285,1.4582190706671772e-12,10415.69076322906,10498.69700718602,14790.126861572266,15178.75992076797,255.22138047312436
304,2,Case2,6x8_005,-52.0,20.0,6x8,2,2,1.8494809017610692e-09,0.9999994039535522,5.728132350668602e-07,7818.281589636075,7721.919413163515,31957.508103370667,32814.195394615825,628.9736813011468
305,4,Case2,6x8_006,-15.0,-74.0,6x8,2,2,6.737829738590051e-11,1.0,4.507248796414842e-09,6875.589254158728,6929.037934611334,35132.55062556267,36416.780874554366,917.0069101110056
306,3,Case2,6x8_007,51.0,-83.0,6x8,1,1,0.9964599013328552,0.0035400432534515858,5.798602483592097e-12,8457.827117712022,8355.514637460517,14382.54130935669,14328.91170671846,245.4995118194592
308,3,Case2,6x8_009,-63.0,21.0,6x8,2,2,8.972487752778591e-10,1.0,4.9533305235272e-10,7785.499442875138,7600.308499666049,32615.34884661436,32928.21993072623,243.35146215949285
309,1,Case2,6x8_010,-74.0,83.0,6x8,1,1,1.0,2.8073676716644513e-08,6.17436223676604e-12,4290.894577549593,4072.0451061273793,8423.176399230957,8208.354370704837,155.89261198244793
311,2,Case2,6x8_012,-56.0,9.0,6x8,2,2,9.976076909001819e-11,0.9999997615814209,1.965421745353524e-07,7210.409607503131,7009.749328921685,36986.57615429163,37843.92628916393,580.7403640473923
312,4,Case2,6x8_013,61.0,33.0,6x8,2,2,1.4617596661992138e-06,0.9999985694885254,6.229396859458447e-11,8742.41771984591,8712.256417709734,24208.682991027832,24739.720166660794,348.8357325906673
313,3,Case2,6x8_014,19.0,79.0,6x8,2,2,1.0696530328146991e-09,1.0,3.4814404831218226e-11,6961.530813854964,7004.927188828942,33870.68415784836,34772.41413134224,681.8720111493864
315,5,Case2,6x8_016,75.0,-61.0,6x8,1,1,1.0,4.207595338812098e-08,3.9117401809049546e-13,6870.257234788168,6297.755265256066,10782.099975585938,10209.914491917969,424.08229427843736
316,2,Case2,6x8_017,-30.0,66.0,6x8,2,2,1.7365212556796905e-07,0.9999998807907104,6.044625910917034e-11,8420.170838117543,8315.566809675212,27257.673287391663,27568.48871893067,254.90384384329133
318,1,Case2,6x8_019,-79.0,29.0,6x8,2,2,3.2366189728350037e-09,1.0,4.097492744409292e-12,7800.238583489085,7639.8381362771825,28762.98406752944,29068.43007206816,279.1557880265283
319,3,Case2,6x8_020,-2.0,48.0,6x8,2,2,3.872475257127306e-11,0.9990529417991638,0.0009470286895520985,6919.351101139208,6558.5162997571415,37571.027869939804,38834.69991857144,906.204067872758
320,1,Case2,6x8_021,-49.0,-67.0,6x8,1,1,0.9937921166419983,0.006207951810210943,7.390393852446664e-12,9504.399940379026,9207.950513429725,15661.135093688965,14839.733466878688,544.6517242843664
321,4,Case2,6x8_022,43.0,-33.0,6x8,2,2,0.00021662638755515218,0.9997830986976624,2.6800432806339813e-07,9079.185262723697,9175.386785589559,21914.45180130005,21513.41826351768,272.216767048719
322,3,Case2,6x8_023,62.0,-67.0,6x8,1,1,0.9999991655349731,8.887103604138247e-07,1.4185459989816962e-13,7299.010682036607,7377.515924274903,11132.226661682129,10996.471483887974,58.07814735199953
323,2,Case2,6x8_024,30.0,75.0,6x8,2,2,2.6032941491394013e-07,0.9999997615814209,1.1252360848645893e-10,7938.613961782274,8049.8265783501765,28034.642760396004,28386.18992493138,280.03504436974043
324,5,Case2,6x8_025,80.0,-80.0,6x8,1,1,1.0,4.211133664000499e-09,6.2562299091295515e-12,3995.8827721375274,3755.423942191431,8109.236469268799,7808.268261821325,206.26873924659793
326,5,Case2,6x8_027,54.0,-38.0,6x8,2,2,0.38475319743156433,0.6152467727661133,5.308204570342312e-11,9521.795891327254,9543.896547540113,19552.84359741211,18924.38658109894,409.198744036
327,2,Case2,6x8_028,36.0,-31.0,6x8,2,2,1.0813201924975147e-06,0.9997900128364563,0.00020897590729873627,8691.726691902553,8695.86776233256,24332.255702972412,24154.95453261329,189.45885109176567
328,2,Case2,6x8_029,52.0,-41.0,6x8,1,1,0.6185239553451538,0.3814760446548462,1.0826471663616388e-10,9948.557492059788,10057.499562543519,17599.07147216797,17704.550162401047,145.63211721458364
329,4,Case2,6x8_030,15.0,-12.0,6x8,3,3,2.4511220893144552e-14,2.1911164549415219e-10,1.0,5251.288295759243,5293.893740002781,36480.382539987564,36867.751185981135,448.15188936335153
330,5,Case2,6x8_031,-55.0,-62.0,6x8,1,1,0.9999815225601196,1.843028439907357e-05,4.5325882261880446e-13,8759.641011152311,9200.01629469835,12549.722885131836,12792.820866783317,231.50809893694623
331,3,Case2,6x8_032,-19.0,-7.0,6x8,3,3,8.231430606033506e-15,8.817917063197456e-09,1.0,5185.574417957559,5250.543376312118,36803.94703170657,37416.23856069652,478.5259237377657
332,5,Case2,6x8_033,-61.0,86.0,6x8,1,1,0.9999995231628418,4.2492430907259404e-07,3.722022690055837e-12,5969.546683186627,6165.011662239553,10663.974143981934,10258.243923666956,244.80365715475915
333,5,Case2,6x8_034,-43.0,-15.0,6x8,2,2,3.004216320157127e-10,0.9438712000846863,0.056128859519958496,7189.9768616189285,7103.430025314797,33732.63137626648,33832.1788817665,147.5761177936122
334,5,Case2,6x8_035,70.0,81.0,6x8,1,1,1.0,1.8348556451996956e-08,3.978065164604583e-13,4882.522053844512,4914.910110914571,8949.829738616943,8774.056382717918,117.6834915922825
335,1,Case2,6x8_036,8.0,25.0,6x8,3,3,7.294200508357884e-15,3.78098441444763e-08,1.0,5723.711589671404,6223.170109341898,36613.38258266449,37066.15757551765,451.5320489327738
337,3,Case2,6x8_038,-56.0,52.0,6x8,1,1,0.9981973767280579,0.0018026885809376836,4.234240996020544e-13,9709.61305981702,10023.620724155811,13376.396537780762,13674.39030375027,221.51027537138822
338,5,Case2,6x8_039,64.0,42.0,6x8,2,2,0.3977298438549042,0.6022701859474182,1.5511281495350637e-11,9277.786042753532,9557.539129591521,18735.63468170166,18508.882242649284,197.56212131320558
339,2,Case2,6x8_040,-27.0,-54.0,6x8,2,2,3.345463710502372e-07,0.9999996423721313,7.204253194004195e-08,8417.530425781799,8422.973412059786,27366.39672088623,28239.628059547722,612.2522347538127
340,4,Case2,6x8_041,-2.0,-68.0,6x8,2,2,1.253288618718873e-11,0.9999998807907104,9.05693582353706e-08,6702.931568651364,6606.635181779221,37574.71394568682,38596.634564700944,726.834565615558
341,3,Case2,6x8_042,84.0,51.0,6x8,1,1,0.9994484782218933,0.0005514697986654937,2.405461897378447e-12,8354.811920924474,7955.26223947495,14364.445880889893,14010.679039302056,373.9392331458902
342,3,Case2,6x8_043,79.0,-71.0,6x8,1,1,1.0,2.5479110377091274e-08,6.029010190394812e-12,4939.295628493121,4488.841261483316,8917.130310058594,8416.617585307324,345.56545825810207
343,1,Case2,6x8_044,59.0,-56.0,6x8,1,1,0.999993085861206,6.857710104668513e-06,1.7015542620735236e-12,8818.441250429847,8922.668892502505,12438.66236114502,12564.46705064105,105.28600533839277
344,1,Case2,6x8_045,-18.0,-35.0,6x8,3,3,1.1619958467656843e-11,0.00824938714504242,0.9917506575584412,7093.734274609654,6954.1044457128055,32079.829984664917,32498.18802632798,364.2246247187334
345,3,Case2,6x8_046,-76.0,-77.0,6x8,1,1,0.9999998807907104,1.2511547708982107e-07,2.61794210441868e-12,4637.114811034692,4550.271847941774,8552.32640838623,8207.375893789402,225.4662966861317
346,5,Case2,6x8_047,42.0,27.0,6x8,2,2,1.279765484696327e-07,0.9999953508377075,4.561551577353384e-06,8278.167950223326,8289.75793989251,25934.579126358032,26120.713408746353,180.8922802497716
347,1,Case2,6x8_048,1.0,71.0,6x8,2,2,7.733554768796225e-11,1.0,3.821006566706586e-10,6563.966897470223,6398.600413427165,37586.71997845173,37584.46948600317,42.192561179482254
348,2,Case2,6x8_049,-37.0,22.0,6x8,2,2,3.0896614156006308e-09,0.9103740453720093,0.08962595462799072,7640.59598138308,7630.811664405351,29711.238121032715,30965.342073074673,888.574882347343
350,3,Case2,6x8_051,28.0,57.0,6x8,2,2,2.2684409373141534e-07,0.9999997615814209,6.023749832273495e-10,8471.924162234927,8274.134488071602,27273.869272232056,27348.945280414016,124.72589517719122
352,5,Case2,6x8_053,3.0,87.0,6x8,2,2,6.260984092287813e-11,1.0,9.091109531844666e-10,6098.058186982147,6217.268720201882,35838.348188877106,36201.145287376494,256.57479203286505
353,2,Case2,6x8_054,-17.0,-44.0,6x8,2,2,2.2386394959994504e-09,0.971204936504364,0.028795046731829643,7421.836051918207,7337.262820797519,32653.62983608246,33705.752633194184,740.9042329835344
354,3,Case2,6x8_055,44.0,-49.0,6x8,1,1,0.9884258508682251,0.011574121192097664,4.698724916096797e-12,10521.145497330383,10618.864484277417,16403.453811645508,16004.47630491038,291.10434819816584
356,4,Case2,6x8_057,2.0,74.0,6x8,2,2,4.217220322955129e-12,1.0,2.4261739284270334e-09,6405.916171308049,6467.217570919698,37214.30419319868,38106.94336983611,629.9570820381573
357,1,Case2,6x8_058,82.0,19.0,6x8,2,2,4.158745570137512e-10,1.0,5.859058238577575e-10,6865.43639489073,6836.379973352029,33546.16137933731,34586.70996614419,809.7375766325586
358,1,Case2,6x8_059,14.0,3.0,6x8,3,3,4.1790348274722746e-15,1.426050388886324e-10,1.0,4717.642775501623,4904.538668545315,36176.58513444662,37398.296125686655,1098.5611386464316
359,2,Case2,6x8_060,44.0,-84.0,6x8,2,2,0.08954467624425888,0.9104553461074829,3.896704139916274e-11,8476.139210330086,8608.905496243588,19615.121864318848,18799.20312307282,497.9466420224989
360,3,Case2,6x8_061,0.0,-52.0,6x8,2,2,5.913279588209974e-11,0.9995936751365662,0.0004063332744408399,6982.430546621292,6685.376433653102,37690.86289250851,38527.00244879234,608.839521905476
361,5,Case2,6x8_062,33.0,26.0,6x8,3,2,5.460896446152219e-08,0.8112442493438721,0.18875566124916077,7825.111980807199,8015.157216508236,27847.58517074585,27520.003309494463,265.63908429603504
362,5,Case2,6x8_063,-75.0,38.0,6x8,2,2,1.150540992966853e-05,0.9999884366989136,3.4440430108501063e-12,8563.390357104494,8453.453389547973,22778.14637374878,22540.45325102151,198.8803798576895
363,5,Case2,6x8_064,-20.0,55.0,6x8,2,2,1.109062286452911e-09,1.0,1.0620585300102903e-08,7901.54588920378,7707.4098476695,32359.225291728973,32054.22428824199,278.0599272971105
364,3,Case2,6x8_065,72.0,31.0,6x8,2,2,2.1864391896997404e-07,0.9999997615814209,2.3394512022045788e-11,8147.862665178651,8078.0134276973795,27011.829330921173,27504.87318149514,369.173676313064
365,3,Case2,6x8_066,75.0,72.0,6x8,1,1,0.9999998807907104,1.577576540512382e-07,3.936596328860814e-13,5336.381554559695,4918.7247116347235,9465.111877441406,8647.118305811997,512.1865907723986
366,5,Case2,6x8_067,-83.0,68.0,6x8,1,1,0.9999998807907104,6.175492472948463e-08,1.5842259145151805e-12,5019.2438185102765,4781.390086687259,9201.760932922363,8718.228985135034,309.3116281312497
367,3,Case2,6x8_068,-26.0,-1.0,6x8,3,3,7.792496438700433e-15,3.382933471129945e-07,0.9999996423721313,5676.006513480624,5702.824042450633,37107.45538711548,37815.1213114802,497.67147260785293
368,3,Case2,6x8_069,-36.0,57.0,6x8,2,2,0.00037042173789814115,0.9996296167373657,1.6496361568418827e-11,9222.005104701053,9207.356241725078,21487.746280670166,21853.29696841671,266.71605292505114
370,2,Case2,6x8_071,-45.0,-29.0,6x8,2,2,1.6906616338019376e-06,0.9999974966049194,7.98086716713442e-07,8526.26837285035,8646.863686983803,24679.285696029663,25049.413534568044,308.9620477560071
371,5,Case2,6x8_072,-29.0,13.0,6x8,3,3,9.74937903845674e-13,8.790293941274285e-05,0.9999121427536011,6424.3572839207045,6611.002277095897,35115.72176361084,35319.322242095346,267.54490918191334
372,4,Case2,6x8_073,-22.0,46.0,6x8,2,2,3.001958459591947e-09,0.9999805688858032,1.9465052901068702e-05,7883.061316988637,7829.082249285546,29936.485761642456,30773.481168587634,635.6744960301696
373,2,Case2,6x8_074,-1.0,-8.0,6x8,3,3,1.1273371559178402e-14,7.490001674437252e-11,1.0,4451.753183748477,4766.196694490528,34461.774419784546,36454.959056453765,1362.377863498703
375,4,Case2,6x8_076,50.0,5.0,6x8,2,2,3.639357218365724e-11,0.9998052716255188,0.00019474088912829757,6882.051461065925,7004.506374181509,37179.57150724158,37675.92486901821,357.89987359376244
376,1,Case2,6x8_077,-64.0,20.0,6x8,2,2,2.3850863506424957e-09,1.0,2.2992283077449827e-10,7734.016319599558,7332.671894332039,33220.45456317067,32685.08011416376,329.06084182195735
377,2,Case2,6x8_078,29.0,-79.0,6x8,2,2,4.5149559468882217e-07,0.9999995231628418,2.796791964687628e-10,7801.410685951278,7847.2131833154335,28773.674257993698,29684.066293657997,654.6808943707672
379,1,Case2,6x8_080,-53.0,-64.0,6x8,1,1,0.999935507774353,6.443931488320231e-05,1.210209992115463e-12,10022.690442720746,9180.432913394176,14096.862365722656,13078.819572808694,605.8335017792126
381,1,Case2,6x8_082,85.0,48.0,6x8,1,1,0.9535890817642212,0.04641088470816612,3.277241256149921e-10,8541.133070617376,8268.24197530242,17469.015209197998,15809.852939362449,1011.358543600329
382,3,Case2,6x8_083,-12.0,85.0,6x8,2,2,1.5605175485156053e-10,1.0,3.557157068900807e-10,6469.676495298109,6412.812138745621,35354.474058806896,35938.82819756599,504.0109756064099
383,5,Case2,6x8_084,77.0,-48.0,6x8,1,1,0.8847814798355103,0.11521856486797333,1.1970021328300273e-11,8873.14242246668,8975.453606512103,17125.937965393066,16530.659077442382,282.8893994860708
385,2,Case2,6x8_086,-41.0,-54.0,6x8,1,1,0.5830396413803101,0.41696029901504517,1.4008989801528315e-10,9783.43413189393,10054.269860795586,17747.306327819824,18261.830074824047,415.8529972502472
386,1,Case2,6x8_087,-38.0,89.0,6x8,2,2,5.849706212757155e-06,0.999994158744812,2.0028629362650596e-12,8148.1670531146465,8232.687051519493,23279.057116508484,23598.687776225328,230.3975835779427
387,1,Case2,6x8_088,23.0,33.0,6x8,3,3,5.088549026588396e-11,0.008543090894818306,0.991456925868988,7460.41728258192,7471.2560811670655,29690.739934444427,30361.89901462027,552.0157574227657
388,1,Case2,6x8_089,18.0,-35.0,6x8,3,3,6.080667219743319e-12,0.0040258741937577724,0.9959741234779358,7102.865823575253,7011.780222845112,32255.728176116943,33061.660193019816,690.7851439527723
389,5,Case2,6x8_090,-65.0,24.0,6x8,2,2,1.8373350840761304e-08,1.0,5.845305905971543e-10,7973.467306102667,7829.685360538626,31052.820385724306,30901.799324918553,98.94698755138025
392,1,Case2,6x8_093,-70.0,-78.0,6x8,1,1,0.9999998807907104,1.0019054741405853e-07,6.100042346246504e-12,5141.092540072209,5011.882125943827,9063.96076965332,8817.44194462498,165.32427165781598
393,1,Case2,6x8_094,73.0,-55.0,6x8,1,1,0.9999986886978149,1.253706386705744e-06,2.0498331764623456e-12,8484.175148496359,7884.814345589034,12577.866569519043,12502.295547742266,200.24471471360263
395,4,Case2,6x8_096,84.0,-52.0,6x8,1,1,0.999922513961792,7.753477984806523e-05,5.66233084725587e-12,8136.571470146959,7811.6530619659825,13929.143119812012,14241.0691233578,271.09598150971385
396,5,Case2,6x8_097,-46.0,-23.0,6x8,2,2,2.5149156090975566e-09,0.9999816417694092,1.84036234713858e-05,7986.643707302327,7913.7340837757865,29175.317193984985,29384.425916920216,231.95692351656103
397,1,Case2,6x8_098,-1.0,36.0,6x8,3,3,4.7864266532453986e-14,2.370449510635808e-05,0.9999762773513794,6404.958483913311,6090.2657948536225,36995.227310180664,36986.90521838933,131.17170209276023
398,5,Case2,6x8_099,90.0,40.0,6x8,2,2,0.0005621341988444328,0.9994378685951233,4.852560367418768e-11,8215.773863954897,8291.686774653248,22031.52445793152,21564.50106720496,307.8188401997136
399,5,Case2,6x8_100,69.0,62.0,6x8,1,1,0.9999995231628418,4.2948201439685363e-07,9.570980347237829e-14,7081.632605192604,6996.548750689969,11024.057762145996,10682.492308126097,197.15021725051497
401,2,Case2,6x8_102,76.0,-24.0,6x8,2,2,2.3337594967642872e-08,1.0,2.627228989915409e-10,7455.125014670916,7587.48901388238,31528.764184176922,32487.11537426475,716.2330015894411
402,2,Case2,6x8_103,66.0,14.0,6x8,2,2,3.9427869302777196e-10,1.0,9.344015561296715e-10,7189.015073169982,7095.537055705434,35570.14047908783,36623.17080330496,753.4118225780303
403,5,Case2,6x8_104,83.0,3.0,6x8,2,2,8.781055327311549e-10,1.0,2.7242019751128055e-09,6095.790171109128,6242.426417625464,35912.89284992218,36124.1017357656,232.48741780991318
404,3,Case2,6x8_105,89.0,-77.0,6x8,1,1,1.0,1.638313484875198e-08,2.5477762261028047e-11,3788.5020060740267,3785.7569722971475,8008.884243011475,7923.7752576490675,51.72308194099147
405,4,Case2,6x8_106,-12.0,43.0,6x8,2,2,1.1289406215420072e-10,0.9867037534713745,0.01329630333930254,7102.674060997715,7171.054345165786,35092.675292015076,35716.11742578277,481.4301155412467
406,3,Case2,6x8_107,69.0,8.0,6x8,2,2,2.8141786123647705e-10,1.0,6.249843420569334e-10,6726.984665137455,6670.9197916848325,36929.10456421226,37165.03278913889,211.05151151516128
407,1,Case2,6x8_108,46.0,-72.0,6x8,1,1,0.7313194274902344,0.2686806321144104,8.23049961518052e-11,9080.962746517927,9161.473137115574,17673.70411682129,17907.83622713103,202.831009790563
408,5,Case2,6x8_109,-69.0,17.0,6x8,2,2,1.2376637492650389e-09,1.0,2.5809387960151753e-10,7277.892356259281,7282.460362887479,34756.914181768894,34333.87042004802,287.3742276010133
413,5,Case2,6x8_114,-35.0,-78.0,6x8,2,2,4.499217084230622e-06,0.9999954700469971,2.481135297216497e-10,8150.581691825827,8247.861842450218,24820.80206012726,24689.11329911494,127.37780305795528
414,4,Case2,6x8_115,22.0,74.0,6x8,2,2,2.6560137422748653e-10,1.0,2.1042681486171944e-10,7444.80656374171,7516.567346657613,32600.28460609913,33642.82806270386,768.5061057895064
415,5,Case2,6x8_116,12.0,-85.0,6x8,2,2,2.958671363462173e-10,1.0,4.22992058046745e-10,6472.2934192740395,6581.154857331124,35397.88894927502,35435.531678978376,161.03130057997876
416,5,Case2,6x8_117,-87.0,33.0,6x8,2,2,2.592402381651482e-08,1.0,4.982500089595332e-12,7842.651231101162,7879.008176631582,26404.513097167015,26457.93191024849,110.80857654611397
417,1,Case2,6x8_118,54.0,-88.0,6x8,1,1,0.9998157620429993,0.00018431738135404885,1.856568648817003e-10,7422.019602197723,7882.567606588924,13071.23942565918,13629.574102290335,398.08649312295773
419,4,Case2,6x8_120,-58.0,-26.0,6x8,2,2,5.8906625355348297e-08,0.9999998807907104,3.783990454309105e-09,8290.154780623041,8173.197894307732,28852.6510720253,28750.149254647076,64.83879210284636
420,4,Case2,6x8_121,-50.0,14.0,6x8,2,2,3.512209134637345e-10,0.9999903440475464,9.645436875871383e-06,7343.245294243103,7390.344298834744,34847.24126911163,35504.15783261973,446.4573794566933
421,2,Case2,6x8_122,20.0,-73.0,6x8,2,2,8.337321943940879e-09,1.0,1.767145652031843e-09,7275.527452847364,7368.230620675579,33449.92061805725,34708.99111688081,905.6709289674524
422,1,Case2,6x8_123,76.0,4.0,6x8,2,2,5.893575905080439e-11,1.0,3.900691325497974e-09,6356.380085896413,6220.615148601864,36624.97755384445,37438.943812250705,567.798828244005
423,1,Case2,6x8_124,42.0,-66.0,6x8,2,2,0.30770134925842285,0.6922986507415771,8.387355393546514e-11,9236.750113985738,9132.59997216266,19112.08860015869,19118.05492426763,60.9606719317057
424,2,Case2,6x8_125,-3.0,72.0,6x8,2,2,4.0302927661883814e-11,1.0,1.3601220150150084e-09,6528.777480626151,6605.274258354354,37426.40540206432,38355.32156774871,698.2339337150316
425,3,Case2,6x8_126,-8.0,18.0,6x8,3,3,5.017358581962906e-15,7.131302659502126e-09,1.0,5228.22718184735,5098.865722265316,36798.332318246365,37803.72377804482,846.6738214298358
426,2,Case2,6x8_127,-66.0,77.0,6x8,1,1,0.9999998807907104,1.024296523155499e-07,1.815407768774105e-14,5805.745766411929,5767.08459635621,9717.923076629639,9667.939916255666,99.11397958896096
427,5,Case2,6x8_128,59.0,-70.0,6x8,1,1,0.9999991655349731,7.897436375969846e-07,3.124036673882863e-13,7535.708159767084,7532.91932214353,11673.548545837402,11159.906706698199,306.58147814181103
428,4,Case2,6x8_129,24.0,11.0,6x8,3,3,2.0973316738393845e-14,1.0652944304467837e-08,1.0,5789.050357961961,6594.107907220567,35973.35844421387,37237.93582845567,897.954768454189
433,4,Case2,6x8_134,-56.0,37.0,6x8,2,2,0.0065213777124881744,0.9934786558151245,2.417419597833259e-09,9360.42609771498,9372.576249942069,20607.102256774902,20640.389133715817,71.27805849663788
435,2,Case2,6x8_136,8.0,-68.0,6x8,2,2,1.6004213232445608e-10,1.0,1.7118596318255186e-08,6874.297674547146,6819.770247554548,37103.03989124298,37999.73982068033,645.4943273943888
436,4,Case2,6x8_137,68.0,53.0,6x8,1,1,0.9996683597564697,0.0003316673100925982,2.4499005255029793e-12,9661.755871863594,8961.940707961363,14348.72769165039,13571.646700162244,430.16041097284165
437,1,Case2,6x8_138,-28.0,-75.0,6x8,2,2,9.538137391018608e-08,0.9999998807907104,4.0837232900825526e-11,7785.112977325935,7862.462966367573,29100.06999051571,28948.28468809898,112.33229306875448
439,2,Case2,6x8_140,1.0,-3.0,6x8,3,3,1.6030118855578368e-14,6.9175866423965e-11,1.0,11665.033231579439,5470.142033694865,38647.07679748535,36530.98544078842,1754.993526516364
440,2,Case2,6x8_141,79.0,49.0,6x8,1,1,0.9966104626655579,0.003389546647667885,4.4462903411174315e-13,8738.29844158857,8579.824172771085,16726.04360961914,15272.006750231578,889.0552963448164
441,5,Case2,6x8_142,56.0,10.0,6x8,2,2,2.890866990234997e-10,0.9999998807907104,1.1467103178119942e-07,7095.17391946656,7062.056881826324,36484.359969735146,36263.89633343588,200.63403925731535
443,1,Case2,6x8_144,-86.0,-39.0,6x8,2,2,1.934234433065285e-06,0.9999980926513672,2.042737506924297e-11,8189.143834710542,8295.197934258314,22673.482738494873,22598.01032132309,99.28196844760865
444,1,Case2,6x8_145,29.0,32.0,6x8,2,3,1.3324311654017151e-09,0.046728719025850296,0.9532712697982788,8217.944877826529,7985.450622551538,26754.915828704834,27508.380365874695,620.746435730096
445,5,Case2,6x8_146,-41.0,-28.0,6x8,2,2,2.7730596485753267e-08,0.9999663829803467,3.3569569495739415e-05,8352.300343441795,8315.473485197528,25315.876083374023,25448.002170422624,208.59621677732352
446,5,Case2,6x8_147,47.0,23.0,6x8,2,2,1.5952496212889855e-08,0.9999971389770508,2.8040074084856315e-06,7997.19028647722,7986.3350775624685,29175.603185653687,29120.204586372623,90.53176460208617
448,5,Case2,6x8_149,24.0,-59.0,6x8,2,2,7.375916055707421e-08,0.9999998807907104,2.6427155574992867e-08,8161.082343836658,8006.73289749092,30322.739752590656,30545.511468397704,184.96226993558255
450,3,Case2,6x8_151,-66.0,-82.0,6x8,1,1,0.9999997615814209,2.8141639063505863e-07,4.4841747502688545e-12,5353.531975981881,5313.8408481157285,9548.673721313477,9199.127008659398,222.67124264060797
451,3,Case2,6x8_152,-23.0,-66.0,6x8,2,2,1.4162798933625709e-08,1.0,3.1391036436900777e-09,7795.910182133222,7639.507898610237,31520.93475973606,31929.11877470669,280.0793438331814
452,5,Case2,6x8_153,50.0,-62.0,6x8,1,1,0.9996280670166016,0.0003719471860677004,6.305715498367004e-13,10068.454441796988,9546.841407608565,14871.736511230469,13975.199522841536,523.5401072818989
453,4,Case2,6x8_154,-65.0,-65.0,6x8,1,1,0.9999994039535522,6.072710334592557e-07,3.8398478190496133e-13,7083.937441816275,6947.224674073752,10863.014343261719,10629.225526797767,135.2561933391617
454,1,Case2,6x8_155,11.0,-32.0,6x8,3,3,7.193729525912726e-14,1.3584134649136104e-05,0.9999864101409912,6458.449818304124,6228.557642270084,35400.31163597107,36035.66239381243,557.7047156729334
455,1,Case2,6x8_156,70.0,-86.0,6x8,1,1,1.0,7.637430243789822e-09,8.866339953894631e-12,4612.560869506229,4784.062852127354,8831.48791885376,8958.52862446505,116.40011524819569
456,4,Case2,6x8_157,78.0,-26.0,6x8,2,2,2.8394349094185145e-09,1.0,1.6765748511726741e-10,7607.65070451984,7562.0766437737275,30482.66000175476,31130.68937955587,461.5079060091805
457,2,Case2,6x8_158,17.0,-43.0,6x8,2,2,1.0446563614152637e-09,0.940390944480896,0.059609003365039825,7458.889677252563,7393.023401015323,32730.669410705566,33624.724570105485,676.1510281956279
458,4,Case2,6x8_159,-9.0,-4.0,6x8,3,3,4.796254607125801e-14,2.0239636355778856e-10,1.0,4267.4227905239495,5395.921384887457,34992.68387055397,37177.796450858536,1591.139970318491
459,4,Case2,6x8_160,47.0,-13.0,6x8,2,2,2.4785504204594133e-10,0.9995445609092712,0.00045536537072621286,7192.0652450744265,7349.857474993547,34907.64010429382,35275.58172539938,269.10231196253426
460,4,Case2,6x8_161,-43.0,-45.0,6x8,1,1,0.998648464679718,0.0013515700120478868,1.2841062414781224e-11,10438.019316713633,10453.304560636549,17178.130210876465,16648.14748719091,434.16566518840364
462,2,Case2,6x8_163,-84.0,28.0,6x8,2,2,1.7257301365702915e-08,1.0,2.6474092015837947e-11,7568.7320612622925,7796.379301016344,29385.273773014545,30290.33278121947,712.9758519133466
463,3,Case2,6x8_164,-16.0,-5.0,6x8,3,3,6.738599411001793e-15,3.728247044421096e-09,1.0,5038.840964001595,5027.459108362143,36655.04187941551,37537.69636566284,745.6497032632889
465,1,Case2,6x8_166,-61.0,-3.0,6x8,2,2,3.996946176809679e-11,1.0,5.207056119616027e-08,6830.373341292009,6608.702727083979,38023.29553703964,37933.34847416989,55.285681949204736
468,2,Case2,6x8_169,58.0,-70.0,6x8,1,1,0.9999990463256836,9.423488336324226e-07,6.75684323013623e-15,7720.602925318218,7803.546324037477,11923.239295959473,11645.320570908212,161.50959721228043
469,1,Case2,6x8_170,-35.0,-50.0,6x8,2,2,0.007202463690191507,0.9927975535392761,1.495209789315055e-10,9256.937724435724,9144.018696049996,20868.334518432617,20406.31653302096,311.09172164214755
470,3,Case2,6x8_171,-6.0,-18.0,6x8,3,3,5.344475929928939e-15,2.9334823459237214e-09,1.0,5080.205675128413,5129.891036298508,36619.99357166886,37653.35385283576,831.9228021371548
471,1,Case2,6x8_172,-68.0,5.0,6x8,2,2,1.8113018029897177e-11,1.0,1.3026537626359413e-09,6758.995375179671,6522.705218414052,37638.29869413376,37509.95333919675,150.3273129775533
472,4,Case2,6x8_173,82.0,-55.0,6x8,1,1,0.999997615814209,2.363210114708636e-06,1.908256105215278e-12,7446.145385103274,7167.2527110065475,12652.382217407227,12507.120511953637,135.89552415356334
475,4,Case2,6x8_176,-36.0,30.0,6x8,2,2,1.6016969084375887e-06,0.9999392032623291,5.91943935432937e-05,8549.282438202226,8673.870443023696,24874.555891036987,24658.44348982096,164.34618448455916
476,2,Case2,6x8_177,25.0,-81.0,6x8,2,2,8.16699525785225e-08,0.9999998807907104,2.8312346911363306e-10,7430.202124638852,7496.846066817313,31063.619027495384,32217.335107931896,828.6489524578752
477,4,Case2,6x8_178,27.0,63.0,6x8,2,2,2.3903565349314704e-08,1.0,3.445111418365343e-10,8272.789180832258,8075.6996462319175,28900.924131393433,29012.096364675228,111.5758986670624
479,5,Case2,6x8_180,-14.0,88.0,6x8,2,2,1.3066545068163293e-10,1.0,1.1905419705637854e-10,6545.690092157038,6692.503811275804,34893.68197250366,35020.11236178662,163.44649542038024
482,3,Case2,6x8_183,37.0,63.0,6x8,2,2,0.00010490338172530755,0.9998950958251953,1.3142798481469153e-11,9003.180314314966,8892.424691843156,21851.88270187378,21972.71546714411,146.05487900933664
484,5,Case2,6x8_185,-18.0,49.0,6x8,2,2,3.874342513476847e-10,0.9999995231628418,4.3942372940364294e-07,7668.279566665702,7589.483583655039,32777.582391262054,32496.353250144668,279.4126466862016
486,4,Case2,6x8_187,-47.0,-37.0,6x8,2,2,0.12745706737041473,0.8725428581237793,1.8499607401523122e-09,9525.904863820493,9529.276895513593,19413.14850616455,19432.852921497346,184.3050144935462
488,3,Case2,6x8_189,34.0,0.0,6x8,3,3,1.6771107343594577e-13,0.0001975634804693982,0.9998024106025696,6264.147664952297,6290.9957858594735,36830.94068431854,37505.557198153445,424.3806450410109
489,3,Case2,6x8_190,-80.0,40.0,6x8,2,2,3.737121369340457e-05,0.999962568283081,3.721877840645593e-12,8422.986907255154,8613.194741701604,21832.210340499878,21576.487052513286,161.16675296280263
490,4,Case2,6x8_191,-75.0,6.0,6x8,2,2,8.002084238289964e-12,1.0,1.2723030407002511e-09,6431.526123776949,6618.176453893522,36912.95835340023,37782.3031197496,622.6637728787724
492,3,Case2,6x8_193,48.0,41.0,6x8,1,1,0.6382819414138794,0.3617180585861206,1.6994100571210424e-10,10045.609013157307,10183.171741132644,17414.71452331543,17347.796252099542,111.99609546819259
493,5,Case2,6x8_194,-11.0,-16.0,6x8,3,3,1.7473266486055933e-14,2.30850463744936e-10,1.0,5234.989173717237,5300.553508100929,36341.46675675735,36645.21286307515,385.1368095175636
494,4,Case2,6x8_195,12.0,71.0,6x8,2,2,1.528603632561243e-11,1.0,1.5293080135592163e-09,6949.897117760036,6901.648687216299,36352.64673924446,37059.03320820386,520.2013696289417
495,3,Case2,6x8_196,-32.0,84.0,6x8,2,2,1.1379390763011088e-08,1.0,9.424462078799767e-12,7819.318444286175,7775.078650412078,27015.416583389044,27578.145620828123,425.71692622592815
496,4,Case2,6x8_197,-80.0,-38.0,6x8,2,2,1.9137960407533683e-06,0.9999980926513672,6.669828318123239e-12,8321.619700250285,8173.064641662237,23105.33278465271,23298.481383516733,161.58703382295786
497,1,Case2,6x8_198,-82.0,-53.0,6x8,1,1,0.9928988218307495,0.0071012042462825775,1.161000809379864e-10,7986.8313675062445,8007.363274902679,13460.48669052124,13441.261745718397,168.93525996468048
498,1,Case2,6x8_199,-45.0,82.0,6x8,2,2,0.3674970269203186,0.6325029730796814,2.7417200454404878e-11,8572.063221970291,8725.446972994276,18985.260066986084,18056.528650460248,572.0910872165567
499,4,Case2,6x8_200,88.0,-42.0,6x8,2,2,0.000653683440759778,0.9993463158607483,1.0378629899943093e-10,8319.12630855813,8468.822660844427,20863.006799697876,21417.205349788434,488.02280237624126
500,5,Case2,6x8_201,-73.0,-27.0,6x8,2,2,3.9582907618296304e-08,1.0,1.9351956148661031e-10,7836.179024198517,7842.111566946444,29789.345555007458,29325.17810766535,346.01502842546097
501,2,Case2,6x8_202,-24.0,-76.0,6x8,2,2,1.706073859963908e-08,1.0,3.5077392102067506e-09,7458.751996437072,7521.457013723901,31385.39260289073,32437.015679207507,776.2737969685047
502,4,Case2,6x8_203,33.0,58.0,6x8,2,2,3.1739076803205535e-05,0.9999682903289795,3.6186045826447355e-10,8856.850457360058,8573.898403834753,23772.179973602295,24206.81478311512,279.9294510993491
503,5,Case2,6x8_204,27.0,-22.0,6x8,3,3,1.7849542373674088e-12,2.6967965823132545e-05,0.9999730587005615,7046.353877859408,7340.3209199896755,31996.38845062256,31690.200844744675,187.7448290503107
504,5,Case2,6x8_205,-58.0,-50.0,6x8,1,1,0.9997629523277283,0.00023709621746093035,6.18735911030871e-13,10407.867915898876,10155.798001749059,14636.388565063477,14556.24578718463,74.81212116902138
505,1,Case2,6x8_206,4.0,90.0,6x8,2,2,9.069006656758916e-11,1.0,2.126077647268687e-10,6075.07227135913,6055.730589353938,35677.45970201492,36702.877469676605,594.6813795862464
506,4,Case2,6x8_207,19.0,-83.0,6x8,2,2,1.6422914417280055e-10,1.0,2.071834093175795e-10,6873.175854888429,7073.065120403538,33707.492176532745,34371.58496963243,493.21077925080175
507,4,Case2,6x8_208,-87.0,47.0,6x8,2,2,0.2703746557235718,0.729625403881073,3.127059444718583e-10,8483.835915307347,8384.565261380287,18044.515594482422,17712.13808562556,151.85513745075465
508,3,Case2,6x8_209,58.0,-69.0,6x8,1,1,0.9999970197677612,3.033983148270636e-06,1.4198397232240145e-13,7788.629157755992,8055.064490635457,11910.706268310547,11768.800344989171,69.44357056659295
509,3,Case2,6x8_210,-10.0,23.0,6x8,3,3,8.919262863818413e-15,8.432208886688386e-08,0.9999998807907104,5817.790291600348,5629.016822349022,36506.427490234375,37579.3695652688,815.8744125654503
510,4,Case2,6x8_211,55.0,-59.0,6x8,1,1,0.9999929666519165,7.043666300887708e-06,5.464238545145605e-13,8976.960867943873,9166.670775226632,12625.675674438477,13204.489516261614,448.7863561545264
511,2,Case2,6x8_212,-63.0,54.0,6x8,1,1,0.9998538494110107,0.00014613459643442184,1.108221384126841e-13,9083.72940359844,9045.344068736524,12877.136344909668,13368.456577843197,318.20449954606454
512,3,Case2,6x8_213,67.0,-42.0,6x8,2,2,0.11922405660152435,0.8807759881019592,1.5294949334831998e-11,9160.870649150625,9234.111966823757,19257.956733703613,19230.316200803525,85.88633859585354
513,2,Case2,6x8_214,63.0,-14.0,6x8,2,2,6.851135214702708e-10,1.0,2.493867556907503e-09,7289.189214645425,7277.353234712822,35657.577204585075,36239.102818112915,433.56849219852336
514,4,Case2,6x8_215,9.0,13.0,6x8,3,3,2.248032218276491e-14,2.623718464711544e-10,1.0,4846.3193754628155,5590.520148688541,36417.75442266464,37129.7344232877,788.927899738619
515,1,Case2,6x8_216,-10.0,59.0,6x8,2,2,1.5438025857683613e-10,1.0,6.401081331652847e-10,7240.504647620444,6900.99332165526,36892.74012589455,36588.402905450945,243.2884218313713
516,2,Case2,6x8_217,21.0,56.0,6x8,2,2,8.97295482360505e-09,1.0,3.549935456703679e-08,7852.599044131925,7694.2868209754115,31857.892210416496,32877.95800669096,737.5946650080464
517,4,Case2,6x8_218,5.0,-15.0,6x8,3,3,1.712608800976713e-14,1.5138099107581127e-10,1.0,4866.431889905723,5012.620162314493,36486.391874313354,37530.62139649658,924.2157455152254
518,5,Case2,6x8_219,-7.0,65.0,6x8,2,2,5.7153882321303584e-11,1.0,4.155718880127779e-09,6932.209052608763,6854.8970944237935,37544.81689274311,37092.12768214664,326.4527010920089
519,2,Case2,6x8_220,14.0,-23.0,6x8,3,3,8.585755499298294e-15,2.483794281360474e-09,1.0,5966.654995960726,5856.509611145051,35705.515003204346,36310.419419539474,529.0531258128955
520,4,Case2,6x8_221,74.0,-56.0,6x8,1,1,0.9999984502792358,1.4918983879397274e-06,6.288986258845553e-13,8067.279895111892,7613.544795153998,12234.731674194336,12379.736611707196,145.06445871991085
521,1,Case2,6x8_222,7.0,-80.0,6x8,2,2,7.640321708635156e-11,1.0,6.031454780064394e-10,6389.013921313859,6318.097073734893,36178.77534556389,37152.72488358536,640.3859248649493
523,5,Case2,6x8_224,-4.0,-43.0,6x8,3,3,6.298910004698399e-11,0.2662234306335449,0.7337765693664551,6759.849947953747,6571.083081538768,36879.95633983612,37313.4925585993,343.3493995888261
524,5,Case2,6x8_225,2.0,-73.0,6x8,2,2,7.072088747950289e-11,1.0,5.520216728172045e-09,6399.36084008656,6564.877492447672,37109.46347570419,37404.07554211697,231.74545522363186
525,1,Case2,6x8_226,-42.0,80.0,6x8,2,2,0.006057415623217821,0.9939425587654114,3.2485411929905617e-12,8507.313256683265,8695.683037181003,20617.144901275635,20095.739154159462,339.56543612152507
526,4,Case2,6x8_227,-42.0,-6.0,6x8,3,3,3.326983133433714e-11,0.15354086458683014,0.846459150314331,6695.064652612253,6684.938355071606,36654.66814804077,37394.52307042262,569.4448844297951
527,2,Case2,6x8_228,60.0,-31.0,6x8,2,2,1.84016744242399e-06,0.9999982118606567,9.344854889903331e-10,8667.699960630836,8511.921860553059,25573.698844909668,26463.753726796,619.3620372657391
529,3,Case2,6x8_230,-44.0,-30.0,6x8,2,2,2.7820105330533806e-08,0.9999998807907104,4.5794696035272864e-08,8632.72009166208,8541.37733915321,23895.760383605957,24281.55127171809,322.31014324322405
530,4,Case2,6x8_231,-69.0,24.0,6x8,2,2,9.67455671130324e-10,1.0,6.376429384502558e-10,7849.97411526306,7700.2548529820215,31340.633783698082,31796.84953071684,328.451394661639
531,2,Case2,6x8_232,-8.0,-27.0,6x8,3,3,1.6866426671654534e-14,4.314455281928531e-08,1.0,5847.175897144417,5851.617209430298,36303.91657829285,36588.04095638994,204.19971029854324
532,5,Case2,6x8_233,61.0,-20.0,6x8,2,2,1.0062024990986629e-08,1.0,1.581263897598717e-09,7758.526056016842,7456.452051608888,32903.108267605305,32808.32199566605,139.5290405327684
534,4,Case2,6x8_235,-62.0,7.0,6x8,2,2,1.5933481964380825e-11,1.0,1.1385968612387387e-08,6934.52857999645,7015.858955827081,37561.19657719135,37634.25925300403,158.3216425078376
535,5,Case2,6x8_236,16.0,-57.0,6x8,2,2,2.7218376441595638e-09,0.9999995231628418,4.234106256717496e-07,7502.29953331159,7383.233615547312,34543.32976591587,34194.42922441074,247.5093844140063
536,5,Case2,6x8_237,-32.0,66.0,6x8,2,2,1.0213832410954637e-06,0.999998927116394,4.1312342435873006e-11,8548.21901016473,8415.117328424654,25868.58193206787,25633.837873738907,204.57133444961465
537,1,Case2,6x8_238,64.0,-22.0,6x8,2,2,8.677085716612964e-09,1.0,3.3181274394777915e-10,7784.286215060927,7520.003636206024,32059.362934947014,31570.187328333304,321.9370669766574
539,1,Case2,6x8_240,53.0,26.0,6x8,2,2,1.0291433483189394e-07,0.9999998807907104,1.9510366655595135e-09,8280.67513533609,8214.635692054877,27910.989218711853,28336.030154105305,302.70039394639406
540,3,Case2,6x8_241,13.0,6.0,6x8,3,3,5.8715057589411954e-15,1.2350438449715284e-09,1.0,4707.946590397872,5167.057809635514,36087.453218340874,37566.5045033271,1362.846013544965
541,4,Case2,6x8_242,-31.0,60.0,6x8,2,2,2.3613824851054233e-07,0.9999997615814209,2.7122393220224694e-10,8665.694702331131,8558.261811532899,25651.72793197632,25857.43922199471,157.00154625876246
543,2,Case2,6x8_244,85.0,-58.0,6x8,1,1,0.9999998807907104,9.710041126709257e-08,1.0200272294565507e-14,6585.400227377033,6765.914355242823,11579.18444442749,10922.424694993848,454.3444430176125
545,1,Case2,6x8_246,60.0,61.0,6x8,1,1,0.9999982118606567,1.7834817072071019e-06,6.121463470669386e-13,8069.070996124566,8488.427623835587,11718.437797546387,12095.869118931281,301.98439879669445
546,4,Case2,6x8_247,-83.0,78.0,6x8,1,1,1.0,3.1327772376243956e-08,2.8152135136960688e-11,3910.662687847563,3854.924784953788,8080.155385971069,8078.975360816951,53.876093330097476
547,2,Case2,6x8_248,6.0,27.0,6x8,3,3,1.1446794778865142e-14,4.409959686313414e-08,1.0,5795.185060406668,5872.551254080345,36768.07049560547,36947.5244804686,186.91920531008466
549,3,Case2,6x8_250,-47.0,64.0,6x8,1,1,0.9432234764099121,0.056776560842990875,1.815334666442625e-12,9722.795690861292,9891.059317216223,16280.438911437988,15447.073886455726,548.9697127491114
551,2,Case2,6x8_252,-82.0,-45.0,6x8,2,2,0.04708630591630936,0.9529137015342712,1.661164955590877e-11,8531.391764270313,8579.113679432663,18988.799434661865,18607.690735482476,217.43504788074782
552,1,Case2,6x8_253,56.0,-34.0,6x8,2,2,0.00018073541286867112,0.9998193383216858,1.0801953775896322e-10,9018.917592963477,8733.34738843356,22646.800945281982,22223.853110864336,313.2147800521656
553,1,Case2,6x8_254,-75.0,-17.0,6x8,2,2,2.1493840041131307e-10,1.0,5.499405930642354e-10,6991.139652161381,6941.274177197956,34703.79116797447,34659.35663595644,73.88787743249496
554,1,Case2,6x8_255,32.0,-60.0,6x8,2,2,8.941991109168157e-05,0.9999105930328369,5.908445954716512e-11,8732.75541162058,8476.058621039036,24854.40149307251,24338.520689453104,343.7217321337538
555,4,Case2,6x8_256,-25.0,-11.0,6x8,3,3,4.067525396361793e-14,1.5325236191188196e-08,1.0,5840.17981276812,6012.9639402269795,36062.82810974121,37049.84938141552,712.0656668424272
556,3,Case2,6x8_257,65.0,80.0,6x8,1,1,0.9999991655349731,8.208103849938198e-07,4.162338605295107e-13,5647.170221596212,5593.73189620745,9789.996192932129,9514.117380856367,190.3559371954579
557,1,Case2,6x8_258,54.0,-18.0,6x8,2,2,1.6089922727502426e-09,1.0,1.9134361650685605e-08,7726.9567848106535,7453.2312826419,33263.28808003664,33192.56379740097,80.37943940456425
558,2,Case2,6x8_259,-6.0,38.0,6x8,3,3,4.714341330508409e-12,0.010569571517407894,0.9894304275512695,6512.083361814975,6492.108499083168,36540.15989494324,37432.91169129644,677.3973270794291
559,3,Case2,6x8_260,-50.0,68.0,6x8,1,1,0.993826687335968,0.00617328193038702,6.654327154402562e-13,9567.081432562121,9439.651394648545,15484.950897216797,13896.128034213703,1036.3451754760547
560,1,Case2,6x8_261,-14.0,-28.0,6x8,3,3,8.336815396012276e-14,6.666840818070341e-06,0.9999933242797852,6245.527504103815,6267.615744855155,34730.68506240845,35633.756461835226,709.8690647177458
561,3,Case2,6x8_262,-57.0,76.0,6x8,1,1,0.9999375343322754,6.241826486075297e-05,6.723601710112437e-13,7559.357733009482,7566.7884411722125,11911.506050109863,11742.25554601018,241.52337659043368
562,3,Case2,6x8_263,-24.0,2.0,6x8,3,3,6.2079120937232925e-15,1.133714988554857e-07,0.9999998807907104,5481.067595556632,5565.151957569671,37116.59908914566,37872.26057788517,534.1363581495759
563,5,Case2,6x8_264,87.0,-65.0,6x8,1,1,1.0,2.8721163225498003e-09,1.5293094915436178e-11,5286.590681658748,5031.740203495394,9697.620433807373,9020.8859109518,457.6579365089278
564,5,Case2,6x8_265,-25.0,-84.0,6x8,2,2,2.2543337863112356e-08,1.0,6.029245991356902e-10,7255.995454276849,7389.828954511744,30922.67103649676,30955.514241175864,72.35806857842803
566,2,Case2,6x8_267,-33.0,-46.0,6x8,2,2,0.00011406090925447643,0.9998857975006104,9.370263143182456e-08,9022.182441837189,9124.145463768084,21843.927921295166,22117.57515749182,244.30192409005232
567,3,Case2,6x8_268,-59.0,29.0,6x8,2,2,1.0967801955530376e-07,0.9999998807907104,2.226249462555785e-10,8522.94973684545,8373.41940188513,26920.145174980164,26977.132045695602,93.99174873993316
568,2,Case2,6x8_269,-60.0,60.0,6x8,1,1,0.9999768733978271,2.3130738554755226e-05,6.308899258046508e-14,8248.11079952405,8418.185924079005,11866.406356811523,12134.749385042394,203.87606444069834
569,2,Case2,6x8_270,10.0,76.0,6x8,2,2,2.006061428083683e-10,1.0,6.871445634715201e-10,6605.918039269294,6668.137927037296,36437.610502265394,37489.750710031825,825.8897570511086
571,2,Case2,6x8_272,72.0,69.0,6x8,1,1,1.0,2.8845470012583974e-08,2.5765903692858035e-14,5914.521455823994,5764.830980962788,9938.639419555664,9687.681450770418,168.7477008084829
572,2,Case2,6x8_273,81.0,62.0,6x8,1,1,0.9999998807907104,9.887551755127788e-08,1.7632625570686462e-14,6050.564696641284,6067.219846632348,10426.009243011475,10257.236115015021,175.84466236440278
573,3,Case2,6x8_274,30.0,-25.0,6x8,3,3,8.547867968999867e-11,0.03497958555817604,0.9650204181671143,7630.055451403598,7524.113358410016,29547.165265083313,29885.744635522577,276.00611543034654
574,2,Case2,6x8_275,80.0,-20.0,6x8,2,2,1.0457264387753185e-08,1.0,2.350271921525149e-10,7031.566114529592,7225.535062298875,33373.34182715416,34209.481783127536,652.2800875719124
575,3,Case2,6x8_276,-88.0,70.0,6x8,1,1,0.9999997615814209,2.84836033870306e-07,1.4997952532680436e-11,4555.85416875518,4449.692075372509,8805.932899475098,8394.805478851811,260.46763738048077
576,4,Case2,6x8_277,57.0,88.0,6x8,1,1,0.9999632835388184,3.670087971840985e-05,7.141333531468508e-12,6700.8635065961225,7188.420107835313,11915.027004241943,12428.83808391101,407.50288117819736
577,5,Case2,6x8_278,18.0,78.0,6x8,2,2,8.014769958819556e-10,1.0,2.037372631713552e-10,6988.514101721468,7147.6537874260375,34272.952810168266,34023.75621971492,154.15026612731015
579,1,Case2,6x8_280,-31.0,-12.0,6x8,3,3,6.077913237804988e-13,0.00017589377239346504,0.9998241066932678,6442.4468317275505,6413.494174939011,35151.63201332092,35626.92694927051,372.1279713192447
580,1,Case2,6x8_281,-72.0,-17.0,6x8,2,2,4.2713818593220765e-10,1.0,8.095584203005046e-10,7193.076276587128,7035.2279979625555,34763.620586276054,34531.04379831988,111.77221706441621
581,3,Case2,6x8_282,25.0,-74.0,6x8,2,2,1.4010780091666675e-08,1.0,3.528389386220354e-11,7663.764703293749,7518.1998203593985,30949.87871396169,31386.294417865334,317.51320422623456
583,3,Case2,6x8_284,16.0,16.0,6x8,3,3,1.9395002978325228e-14,4.580524848307732e-09,1.0,11751.284820193521,5606.601724207088,36958.14775085449,36402.212928092944,1834.6641922564488
585,2,Case2,6x8_286,40.0,-87.0,6x8,2,2,0.0005492838681675494,0.9994507431983948,4.60442448058096e-11,8249.377562653859,8312.193791001004,22066.01636314392,22015.596557817134,90.95132629900196
586,2,Case2,6x8_287,-77.0,22.0,6x8,2,2,1.5520879026453827e-09,1.0,9.105891041194525e-11,7283.929959861705,7402.621882276672,32549.83801817894,33877.386175000254,984.4934983253002
587,4,Case2,6x8_288,37.0,70.0,6x8,2,2,1.9056904420722276e-05,0.9999809265136719,1.2396375592693687e-11,8665.051389555934,8508.718650862074,22910.32485961914,23300.2150961839,281.17593139699244
588,5,Case2,6x8_289,-9.0,44.0,6x8,2,2,7.765702664253027e-11,0.9796766638755798,0.020323272794485092,6902.080233405273,6926.708717320727,36142.68238544464,36105.80808194079,215.97290022930216
589,5,Case2,6x8_290,20.0,-82.0,6x8,2,2,2.5196575936803356e-09,1.0,8.557424907573719e-11,7057.992665141844,7112.004341540629,33350.98666369915,33481.99952125886,170.9826149548842
590,1,Case2,6x8_291,26.0,5.0,6x8,3,3,4.824115638343363e-15,5.2894588264962294e-08,1.0,5776.851231913564,5862.649973176159,36710.18316745758,37267.607220344835,432.3065645893017
591,4,Case2,6x8_292,71.0,-88.0,6x8,1,1,1.0,7.530074341843829e-09,1.574592886632864e-11,4440.48009257036,4463.656769215075,8666.619853973389,8668.130416299371,61.13047118665298
593,4,Case2,6x8_294,-71.0,-57.0,6x8,1,1,0.9999828338623047,1.716112092253752e-05,4.4047697347199266e-13,7848.935449728033,7709.5134912643225,12176.108451843262,11975.327037154575,149.73995140088869
594,3,Case2,6x8_295,-84.0,-9.0,6x8,2,2,2.014097361113798e-10,1.0,2.1795631965915163e-09,6280.833585954962,6348.982069188272,35751.44079351425,36396.31832975939,496.20439175599
595,2,Case2,6x8_296,-48.0,82.0,6x8,1,2,0.25929024815559387,0.7407097220420837,3.699762718412103e-12,8639.96047552493,8704.542350324316,17425.625568389893,16314.914354456907,670.2645908457532
596,2,Case2,6x8_297,-13.0,-4.0,6x8,3,3,1.2448152046911493e-14,1.663873483437328e-10,1.0,4755.369332838716,4606.116329031672,36219.73173594475,36549.87632274593,242.1904202581808
597,4,Case2,6x8_298,-19.0,-23.0,6x8,3,3,2.6168927051359314e-13,4.073842063689881e-08,1.0,6376.712946791881,6734.291736037639,34121.493284225464,34481.037646647455,304.6640057424338
598,3,Case2,6x8_299,5.0,-32.0,6x8,3,3,2.1023694869964742e-14,4.222197276249062e-06,0.9999958276748657,6167.241333249499,6030.402479874849,36609.313093185425,37581.74272644064,718.6028974047423
600,4,Case2,8x8_001,65.0,19.0,8x8,2,2,1.5039375300673896e-10,0.9999992847442627,7.51771381146682e-07,5245.443709754744,5207.058768361933,34231.03408489749,34533.388194873776,219.74197452649298
601,3,Case2,8x8_002,40.0,-51.0,8x8,2,2,8.023534064705018e-06,0.9999912977218628,7.193679607553349e-07,7023.092989393881,6826.00546304445,18401.4177570343,18169.314309838614,164.9319679470875
603,2,Case2,8x8_004,49.0,48.0,8x8,1,2,0.069484181702137,0.9305158853530884,3.2353155710040937e-09,7615.382084736431,7180.9947688013435,15534.41817855835,15293.231564395504,178.96218645767476
604,2,Case2,8x8_005,-52.0,20.0,8x8,2,2,7.690879183508414e-11,0.9999252557754517,7.478715997422114e-05,5859.475917983462,5771.0454133359235,32599.56716632843,33073.09973862028,347.0989375254116
605,4,Case2,8x8_006,-15.0,-74.0,8x8,2,2,5.878177805618279e-11,0.9973378777503967,0.0026621418073773384,4656.4360621187025,4592.308213916573,35646.46082893759,37109.87586712824,1131.8625346379872
606,3,Case2,8x8_007,51.0,-83.0,8x8,2,2,0.0006453250534832478,0.9993546605110168,6.280189701612926e-10,5354.975808791502,5194.294904713368,15766.279143810272,15275.418920382666,360.5957688485096
608,3,Case2,8x8_009,-63.0,21.0,8x8,2,2,5.765294908144369e-10,0.9999997615814209,2.2469423299753544e-07,5484.306752952295,5343.427962912439,33260.54744529724,33208.88099385492,186.13741099340263
609,1,Case2,8x8_010,-74.0,83.0,8x8,1,1,0.9547994136810303,0.045200612396001816,2.4497710526816263e-09,3176.3548254643347,2867.0294870793978,9168.852141857147,8990.739623207419,152.84759625704498
611,2,Case2,8x8_012,-56.0,9.0,8x8,2,2,3.015160690567065e-11,0.9999370574951172,6.291415047599003e-05,5266.151607589449,5245.573027507433,37640.73467850685,38087.1664901004,296.50180140320805
612,4,Case2,8x8_013,61.0,33.0,8x8,2,2,2.1297331898040284e-07,0.9999997615814209,2.58307828460147e-08,6098.869968378102,5918.100886318249,24757.352965831757,24479.27871011439,230.1718812005138
613,3,Case2,8x8_014,19.0,79.0,8x8,2,2,1.4575221585211295e-10,0.9999996423721313,3.382523914297053e-07,4635.134950156164,4552.963681051086,34328.3661172688,34752.93923999173,415.2378366199851
615,5,Case2,8x8_016,75.0,-61.0,8x8,1,1,0.998683750629425,0.001316193607635796,6.197599291407618e-12,5563.11147592123,4802.435024601133,5364.080410003662,10534.409936453829,4031.332827065288
616,2,Case2,8x8_017,-30.0,66.0,8x8,2,2,3.6726099938988455e-09,1.0,8.101165072105232e-09,5665.928848025043,5541.335532435249,27791.439455747604,28756.115667393733,685.2247558651817
618,1,Case2,8x8_019,-79.0,29.0,8x8,2,2,2.3248545311105318e-09,0.9999997615814209,2.7096268695459e-07,5026.196368639911,4901.5388110812855,29232.377550661564,29438.586840825996,209.3666764712873
619,3,Case2,8x8_020,-2.0,48.0,8x8,3,3,7.983175752401817e-12,0.13293038308620453,0.8670696020126343,5325.270352479137,5103.326418985176,38178.85500764847,39261.07069338645,848.3944038777611
620,1,Case2,8x8_021,-49.0,-67.0,8x8,2,2,0.17653772234916687,0.8234623074531555,5.016544402103307e-10,6271.898565424734,6139.389428675706,15474.370008468628,15430.175879448301,68.02359437220049
621,4,Case2,8x8_022,43.0,-33.0,8x8,2,2,1.9268442397191166e-09,0.9954219460487366,0.004577991086989641,6873.013713356222,6754.720060502394,22526.099869836587,22351.508203088953,142.2057853635467
622,3,Case2,8x8_023,62.0,-67.0,8x8,1,1,0.9999810457229614,1.8941471353173256e-05,1.252460727360974e-13,5716.871280069032,5715.478552543802,11271.049430847168,9219.941825902994,1622.7773937372633
623,2,Case2,8x8_024,30.0,75.0,8x8,2,2,8.024181319399304e-09,1.0,6.382139705607415e-09,5192.143867522031,5252.449190758109,28540.044861018658,29163.306012057565,459.40196524536185
624,5,Case2,8x8_025,80.0,-80.0,8x8,1,1,0.9997966885566711,0.00020332437998149544,4.589270907739973e-10,2887.8993841308998,2682.982227750103,8818.384215593338,8390.66208234225,284.09559798880207
626,5,Case2,8x8_027,54.0,-38.0,8x8,2,2,1.6521353245479986e-06,0.9999983310699463,2.342112281894515e-08,6727.184640188092,6525.094009314558,19999.676671028137,19444.922755249245,390.31518362839694
627,2,Case2,8x8_028,36.0,-31.0,8x8,3,2,1.0491106872123623e-09,0.8665350079536438,0.13346506655216217,6907.788015230194,6807.537719417403,24953.308174610138,25428.400797224935,309.8317127018281
628,2,Case2,8x8_029,52.0,-41.0,8x8,2,2,2.623914724608767e-06,0.9999973773956299,2.3199111964800068e-08,7028.705863315265,6798.43672307946,17911.965955734253,17891.186357403043,66.81753537944658
629,4,Case2,8x8_030,15.0,-12.0,8x8,3,3,4.244489298471351e-15,8.64427071589624e-11,1.0,5438.2177322714615,5214.702287201806,37339.342389166355,38211.56724387557,772.3050735686103
630,5,Case2,8x8_031,-55.0,-62.0,8x8,1,1,0.9957941770553589,0.004205811303108931,4.623310415063919e-12,6831.5116320028155,6601.429501818199,13145.69713973999,12728.572102542412,275.3888937709636
631,3,Case2,8x8_032,-19.0,-7.0,8x8,3,3,2.1003412242526264e-15,7.605155394330154e-10,1.0,5353.345541568076,5135.926661333326,37647.07451879978,38610.04106205671,707.1441038326063
632,5,Case2,8x8_033,-61.0,86.0,8x8,2,2,0.019758757203817368,0.9802412986755371,1.0711613540603793e-10,4856.438902414364,5027.6023298541095,11532.934149742126,11498.79330453966,100.36527832037899
633,5,Case2,8x8_034,-43.0,-15.0,8x8,3,3,1.0337567390647506e-12,0.002713663736358285,0.997286319732666,5831.153417960552,5616.773855890083,34340.84939479828,34392.96746166181,190.4473598248918
634,5,Case2,8x8_035,70.0,81.0,8x8,2,2,0.0694146379828453,0.9305853247642517,1.0529704885797742e-10,3611.4947923782247,3537.0595060444916,9669.54290008545,9078.138324521886,383.29132928211305
635,1,Case2,8x8_036,8.0,25.0,8x8,3,3,1.3251941632867856e-15,8.41497760362131e-10,1.0,5470.248036442415,5978.622663836715,37345.20094680786,38384.55257404137,897.3252961840753
637,3,Case2,8x8_038,-56.0,52.0,8x8,1,1,0.9586979746818542,0.04130209609866142,3.7275672132297544e-11,7396.421028391188,7045.56259064969,13993.33931350708,13319.493319875492,433.8110175576585
638,5,Case2,8x8_039,64.0,42.0,8x8,2,2,0.0004402464546728879,0.9995597004890442,5.137871725291454e-11,6235.392231474027,6014.132485714839,18925.186779022217,18322.725579990853,427.4019570951786
639,2,Case2,8x8_040,-27.0,-54.0,8x8,2,2,4.081127435995313e-09,0.9999886751174927,1.1324736988171935e-05,6152.389268452867,6032.849891202796,28019.94656944275,28371.678016316175,223.24693987467526
640,4,Case2,8x8_041,-2.0,-68.0,8x8,2,2,1.9839178910796562e-11,0.882675051689148,0.11732496321201324,4551.274031987597,4535.991709815499,37909.11491456628,39754.62612802967,1283.6532525937741
641,3,Case2,8x8_042,84.0,51.0,8x8,2,2,4.648605681722984e-05,0.9999535083770752,2.9309393800858174e-10,5304.112331994,5136.580605767478,15736.713012695312,15607.398196495822,145.4156539380528
642,3,Case2,8x8_043,79.0,-71.0,8x8,1,1,0.999554455280304,0.0004455313319340348,6.793814816274946e-11,3642.838541111375,3197.271248369441,9590.274863243103,9036.035145355629,436.1087475067904
643,1,Case2,8x8_044,59.0,-56.0,8x8,1,1,0.9987745881080627,0.0012253543827682734,7.283231309718197e-12,7214.189626636932,6834.118521999628,13178.894863128662,12884.127091749437,207.333202443827
644,1,Case2,8x8_045,-18.0,-35.0,8x8,3,3,7.14350826484366e-15,1.5803050246177008e-06,0.9999984502792358,5925.911787551522,5757.396596916271,32662.424874067307,33885.94718765374,959.6269015896388
645,3,Case2,8x8_046,-76.0,-77.0,8x8,2,2,0.0013424373464658856,0.9986575841903687,3.256623026803851e-10,3325.4045484087624,3105.339270733374,9216.348378181458,8781.052850603062,275.52393764985
646,5,Case2,8x8_047,42.0,27.0,8x8,2,2,3.925010094718573e-09,0.8339176774024963,0.16608229279518127,6449.470381146225,6390.90188086653,26547.176640655845,26655.413067083846,168.2480963539859
647,1,Case2,8x8_048,1.0,71.0,8x8,2,2,3.1977597653165546e-11,0.9998470544815063,0.00015287630958482623,4558.529609242353,4263.924512289221,37502.10350501537,38493.106030557974,614.4533909358705
648,2,Case2,8x8_049,-37.0,22.0,8x8,3,3,5.1348218212121655e-12,0.0027883772272616625,0.9972116351127625,6208.863158682437,6137.116696367617,30293.77769047022,31266.661196856905,685.6882837757801
650,3,Case2,8x8_051,28.0,57.0,8x8,2,2,4.27475121966836e-08,0.9999978542327881,2.145858843505266e-06,6018.571641259708,5888.897259447705,27904.60384941101,28064.927988370175,163.92822997467812
652,5,Case2,8x8_053,3.0,87.0,8x8,2,2,2.6435795219548197e-10,0.9949105381965637,0.005089445039629936,3942.823764947161,3877.1937015757617,35353.96211016178,35782.8829104097,429.65537373999314
653,2,Case2,8x8_054,-17.0,-44.0,8x8,3,3,9.589974647727928e-11,0.19443592429161072,0.8055641055107117,5905.0899975511975,5814.216274718605,33258.70744085312,34228.21989977206,653.9106101577815
654,3,Case2,8x8_055,44.0,-49.0,8x8,2,2,0.0003035513509530574,0.9996963739395142,9.184341109857996e-08,7440.495367717857,7118.540526717516,16578.16547393799,16090.537669665966,317.66624642289906
656,4,Case2,8x8_057,2.0,74.0,8x8,2,2,3.524908837038154e-11,0.9960397481918335,0.003960196394473314,4350.277696932785,4049.0064101729117,36973.16035848856,38607.50171673345,1185.5403328778357
657,1,Case2,8x8_058,82.0,19.0,8x8,2,2,1.8523060862918328e-09,0.9972020387649536,0.0027979800943285227,4487.650842235879,4610.6730403826805,33876.2078820467,34663.81889565187,623.1050405366533
658,1,Case2,8x8_059,14.0,3.0,8x8,3,3,2.4241267681206343e-15,2.875040136518514e-11,1.0,4906.824952087089,5231.698614765819,37089.773693323135,37966.876746652924,877.2761191943962
659,2,Case2,8x8_060,44.0,-84.0,8x8,2,2,3.6081271446164465e-06,0.9999964237213135,1.9290427033524793e-09,5283.659746593987,5103.337245271939,19635.722774408758,19513.251704660954,83.12850568302953
660,3,Case2,8x8_061,0.0,-52.0,8x8,2,2,3.067502502007713e-11,0.8501152396202087,0.14988476037979126,5259.973044863009,5076.729454569627,38367.783672362566,39213.515291250435,634.4109240792152
661,5,Case2,8x8_062,33.0,26.0,8x8,3,3,6.560663470822625e-12,0.00018493666721042246,0.999815046787262,6532.661567326767,6470.006460229266,28441.357414364815,28422.600100745643,152.34119280386304
662,5,Case2,8x8_063,-75.0,38.0,8x8,2,2,2.4613103732917807e-07,0.9999997615814209,2.978766122652132e-10,5537.1589121300185,5239.961247187823,23048.0099688638,22965.28688702274,124.2353420976013
663,5,Case2,8x8_064,-20.0,55.0,8x8,2,2,7.308069427391928e-11,0.9998642206192017,0.0001357220025965944,5775.144279548085,5707.977053879828,32996.0493812561,32352.362101550698,456.0432923892471
664,3,Case2,8x8_065,72.0,31.0,8x8,2,2,4.199049286057743e-08,1.0,1.3199543680286752e-08,5389.078711684597,5183.364161956222,27536.328324705362,27705.924175379005,202.581692354566
665,3,Case2,8x8_066,75.0,72.0,8x8,1,2,0.016879435628652573,0.9831205606460571,5.871910180310635e-10,3802.546065363662,3368.692529713579,9643.413997650146,8997.359434820217,440.3038993439958
666,5,Case2,8x8_067,-83.0,68.0,8x8,1,1,0.9813714623451233,0.018628599122166634,1.0634787495078513e-10,3750.04629067731,3568.8275749992417,9936.019680023193,9528.782820334653,272.51021898444657
667,3,Case2,8x8_068,-26.0,-1.0,8x8,3,3,1.3832927884136685e-15,8.157620356996631e-09,1.0,5356.440229584633,5279.682280057865,37865.28695487976,38821.10277155995,675.4722512897866
668,3,Case2,8x8_069,-36.0,57.0,8x8,2,2,3.7101813177287113e-07,0.9999995231628418,4.9542116187240026e-08,6497.168688060765,6353.681772504431,21922.345466136932,22400.200971438862,334.11395274675004
670,2,Case2,8x8_071,-45.0,-29.0,8x8,2,2,3.487437227889245e-09,0.999915599822998,8.440369128948078e-05,6507.381217383448,6502.795818743139,25303.228077843785,25129.080872714483,185.6845780996706
671,5,Case2,8x8_072,-29.0,13.0,8x8,3,3,2.760488210156527e-15,7.523025757905089e-09,1.0,5641.422264894557,5799.009123615251,35792.98946237564,36058.450001556084,331.4814079100097
672,4,Case2,8x8_073,-22.0,46.0,8x8,2,2,1.2852958974907125e-10,0.9142243266105652,0.08577565848827362,6113.025656201765,6093.821069510439,30533.361122369766,30735.932206620175,156.73702762785288
673,2,Case2,8x8_074,-1.0,-8.0,8x8,3,3,8.777365363395531e-15,3.856066507768041e-11,1.0,4850.751189382047,5059.9773439645105,35382.07883429527,37441.79863575611,1522.5217855846436
675,4,Case2,8x8_076,50.0,5.0,8x8,3,2,2.5045134369183764e-11,0.9000757336616516,0.09992428123950958,5394.339911148387,5458.329651989465,37859.73669099808,39216.90755034035,913.41304731888
676,1,Case2,8x8_077,-64.0,20.0,8x8,2,2,2.575312185726375e-10,0.9999995231628418,5.054669713899784e-07,5384.563257292823,5230.622396638332,33865.034314394,33423.97054841786,344.6793284788612
677,2,Case2,8x8_078,29.0,-79.0,8x8,2,2,4.054444779910682e-09,0.9999998807907104,1.4822208527220937e-07,5034.99062742488,5047.655171620973,29295.532186090946,29677.129797341593,327.9243873579732
679,1,Case2,8x8_080,-53.0,-64.0,8x8,1,1,0.9742684364318848,0.025731615722179413,4.4059478288005494e-11,6613.877621257254,6407.613542954612,13697.001308441162,13540.946149364383,98.73386694596854
681,1,Case2,8x8_082,85.0,48.0,8x8,2,2,5.573356247623451e-05,0.9999442100524902,6.332793733854203e-10,5285.769770789521,5178.223582120614,17284.60784780979,16982.582600751295,222.4823710486235
682,3,Case2,8x8_083,-12.0,85.0,8x8,2,2,1.21161261579239e-10,0.9996011853218079,0.00039881974225863814,4206.4510157485765,3977.101909530233,34892.74000066519,35534.41793359562,579.405432143315
683,5,Case2,8x8_084,77.0,-48.0,8x8,2,2,0.000530521385371685,0.9994694590568542,1.7276773067731455e-10,5623.399988696108,5462.035062788203,16979.304655075073,16629.10654098502,237.29983705896427
685,2,Case2,8x8_086,-41.0,-54.0,8x8,2,2,8.375016477657482e-05,0.9999161958694458,5.464080299333318e-09,6843.916456755203,6812.018107835871,18027.426204681396,18432.18221220418,290.40520205971023
686,1,Case2,8x8_087,-38.0,89.0,8x8,2,2,1.2185905973183253e-07,0.9999998807907104,2.8748343705586876e-09,5039.277022834803,5095.843735628601,23497.21431159973,23629.5178364783,113.75029865275131
687,1,Case2,8x8_088,23.0,33.0,8x8,3,3,6.149493078384111e-14,1.4208751963451505e-05,0.9999858140945435,6272.23600342667,6221.924536880293,30280.643073141575,31150.874779865626,751.2894318190314
688,1,Case2,8x8_089,18.0,-35.0,8x8,3,3,4.341663459279206e-15,3.8782746969445725e-07,0.9999996423721313,5926.064896432755,5821.046189028739,32857.00304399384,33839.55594101443,791.7066537385695
689,5,Case2,8x8_090,-65.0,24.0,8x8,2,2,1.0423524265945616e-09,0.9999998807907104,7.375508204177095e-08,5520.705433430067,5411.643261749482,31675.055410385132,31410.14528731466,242.8776308486431
692,1,Case2,8x8_093,-70.0,-78.0,8x8,2,2,0.0043146549724042416,0.995685338973999,9.37355859598199e-10,3789.3880033345195,3615.8826359436894,9741.074425697327,9482.057836716958,206.51476103207716
693,1,Case2,8x8_094,73.0,-55.0,8x8,1,1,0.9963066577911377,0.0036933228839188814,2.4199730760954274e-12,5910.468465200709,5659.57103147073,13649.615936279297,12439.666096905421,844.222208921239
695,4,Case2,8x8_096,84.0,-52.0,8x8,2,2,0.05872521921992302,0.9412747621536255,4.1139736062234533e-10,5332.55559180839,5283.181500823093,15335.855710029602,15399.010470451882,199.68690510498553
696,5,Case2,8x8_097,-46.0,-23.0,8x8,2,2,1.360814100292984e-10,0.9670006632804871,0.03299935162067413,6085.6091043387,6000.127304259043,29807.37343931198,30027.792116418565,245.37426392581446
697,1,Case2,8x8_098,-1.0,36.0,8x8,3,3,1.2224616663999294e-15,7.465224172165108e-08,0.9999998807907104,5552.336691623226,5338.273139260387,37612.23062610626,37698.74525658326,181.67907985119786
698,5,Case2,8x8_099,90.0,40.0,8x8,2,2,1.6502883681823732e-07,0.9999998807907104,6.022854992515647e-10,5091.160057513779,5072.102249888274,22187.8688814044,21851.99902250374,213.51432782349283
699,5,Case2,8x8_100,69.0,62.0,8x8,1,1,0.8377377390861511,0.16226229071617126,2.102250882055068e-12,5563.375616949014,5657.413793954342,11185.927089691162,10930.594652842268,194.43867333156305
701,2,Case2,8x8_102,76.0,-24.0,8x8,2,2,3.1676954392878542e-09,0.9999995231628418,4.524007124473428e-07,4976.262058518107,4886.906170548736,32142.42240768671,31821.247025212702,241.2811467245884
702,2,Case2,8x8_103,66.0,14.0,8x8,2,2,3.942984480587164e-11,0.9999990463256836,9.267689620173769e-07,5046.599201298715,4984.632044051785,36263.981833308935,36949.70935191001,525.0883920159223
703,5,Case2,8x8_104,83.0,3.0,8x8,3,3,2.1490761947795534e-10,0.0004787632205989212,0.9995212554931641,3938.8282870176163,3900.924357314054,35530.58465951681,35740.75001989687,276.8628935370924
704,3,Case2,8x8_105,89.0,-77.0,8x8,1,1,0.9999865293502808,1.3516421859094407e-05,8.908484366854097e-11,2785.0264685963316,2784.6696804414587,8766.776408046484,8201.08855771094,365.10038661901024
705,4,Case2,8x8_106,-12.0,43.0,8x8,3,3,2.027686422630473e-13,0.0008155843243002892,0.9991844296455383,5756.247257568508,5655.306781529931,35672.294162750244,37193.07633644446,1141.6567900403356
706,3,Case2,8x8_107,69.0,8.0,8x8,2,2,9.646480142455616e-11,0.9984610080718994,0.0015389954205602407,4574.056619399754,4470.051397584052,37459.932500094175,38899.85564461998,1053.3844274145952
707,1,Case2,8x8_108,46.0,-72.0,8x8,2,2,0.00016853139095474035,0.9998314380645752,1.1004517297408256e-09,5896.19037767833,5639.550988694257,17644.952902793884,17454.049544464327,129.11007479315055
708,5,Case2,8x8_109,-69.0,17.0,8x8,2,2,1.1680148515047506e-10,0.9999991655349731,8.055188231992361e-07,4923.408038451381,4881.59084592581,35373.86673023552,35148.883309693054,213.84963345508376
713,5,Case2,8x8_114,-35.0,-78.0,8x8,2,2,3.4391142378353834e-08,1.0,3.804399018036975e-09,5223.919037000131,5130.814931096509,25189.569352686405,24876.142183426768,208.25339771210693
714,4,Case2,8x8_115,22.0,74.0,8x8,2,2,2.1894701329738808e-10,0.9999998807907104,1.1066417471283785e-07,4967.663079130816,5001.656120834302,33181.78823673725,33625.230944346,359.14180920926935
715,5,Case2,8x8_116,12.0,-85.0,8x8,2,3,1.711589092678878e-09,0.44108808040618896,0.558911919593811,4201.568511421046,3955.6812751116695,34983.37243539095,35401.09754942119,436.81524425191077
716,5,Case2,8x8_117,-87.0,33.0,8x8,2,2,1.6366268340561874e-08,1.0,2.247360741947091e-09,4882.6421052346805,4929.151197750642,26768.121022820473,26583.89054918586,178.30236514913517
717,1,Case2,8x8_118,54.0,-88.0,8x8,2,2,0.03657129779458046,0.9634286761283875,4.743829773445896e-10,5230.0459479491665,5362.654083714452,14539.802382469177,14745.164285771694,168.92948626134176
719,4,Case2,8x8_120,-58.0,-26.0,8x8,2,2,6.203902724877253e-09,0.9999992847442627,7.065740419420763e-07,5885.4709148117345,5735.779848572765,29511.036410331726,29460.080177882017,114.40585676846075
720,4,Case2,8x8_121,-50.0,14.0,8x8,2,2,4.5703777568073534e-11,0.9941157102584839,0.005884230602532625,5679.41895745901,5668.019199284183,35477.039702415466,35958.33412008279,336.00891300108174
721,2,Case2,8x8_122,20.0,-73.0,8x8,2,2,1.4603955544867375e-10,0.9999969005584717,3.0975131721788784e-06,4927.547212368724,4848.4057281276,34092.05478069186,34818.642659192155,524.836985464744
722,1,Case2,8x8_123,76.0,4.0,8x8,3,3,2.32517512188668e-11,0.002952574985101819,0.997047483921051,4315.493301056991,3998.0140933361313,36390.36985719204,37062.716976852316,506.0648910342889
723,1,Case2,8x8_124,42.0,-66.0,8x8,2,2,1.0960626241285354e-05,0.9999890327453613,1.0002215056204022e-08,6158.471279575665,6008.319080343769,19311.95697402954,19492.862548772522,146.60692986711604
724,2,Case2,8x8_125,-3.0,72.0,8x8,2,2,3.5164881423410677e-11,0.9991260170936584,0.0008739953627809882,4337.723015412987,4196.501835363005,37287.32832241058,38844.205682857726,1044.8009971283718
725,3,Case2,8x8_126,-8.0,18.0,8x8,3,3,2.39601268581008e-15,4.568926070813717e-10,1.0,5401.476436129227,5143.824490928545,37624.45603515208,38608.108658281955,964.9310682841622
726,2,Case2,8x8_127,-66.0,77.0,8x8,2,2,0.07991229742765427,0.9200876951217651,2.0751997342749462e-10,4341.862375597012,4053.0099842615964,10389.69221496582,9595.641040772804,656.8825080010942
727,5,Case2,8x8_128,59.0,-70.0,8x8,1,1,0.9993860721588135,0.0006139375036582351,7.632755105041467e-13,6146.200806157948,5700.153832008834,12463.085901260376,11323.250486254756,759.5732757132745
728,4,Case2,8x8_129,24.0,11.0,8x8,3,3,2.0762751123970004e-15,1.4790253466401282e-09,1.0,5616.151698089326,6506.600716289742,36719.135029792786,38292.60754981299,1164.5459250808217
733,4,Case2,8x8_134,-56.0,37.0,8x8,2,2,4.66966730527929e-06,0.9999951124191284,1.6627764409804513e-07,6595.143052200749,6575.40320577673,21017.621990203857,20230.83722081627,520.4727611918948
735,2,Case2,8x8_136,8.0,-68.0,8x8,2,2,1.4208728811582194e-11,0.9993332028388977,0.0006667461129836738,4753.636747515623,4547.435747783949,37726.24022564292,38914.73532432018,938.8655221589091
736,4,Case2,8x8_137,68.0,53.0,8x8,2,2,0.30718740820884705,0.6928125619888306,1.6069841290988762e-10,6255.139627078279,6121.322078219204,13950.363624572754,13842.24533986302,92.78692834311065
737,1,Case2,8x8_138,-28.0,-75.0,8x8,2,2,1.3803607146201102e-08,0.9999994039535522,6.294075660662202e-07,5135.269359186797,4935.361049171369,29637.61697164178,29858.354885168013,167.77619729018386
739,2,Case2,8x8_140,1.0,-3.0,8x8,3,3,1.3742600502399723e-14,3.581732480051336e-11,1.0,4583.033747370783,5626.211146379869,34734.89978814125,37422.909080131205,2205.1526989204594
740,2,Case2,8x8_141,79.0,49.0,8x8,2,2,0.00037387985503301024,0.9996260404586792,1.7644906369351787e-10,5501.998946384676,5430.436401493736,16511.2956533432,16879.1233563824,272.45685090937314
741,5,Case2,8x8_142,56.0,10.0,8x8,2,2,4.946161882846134e-11,0.9912569522857666,0.008743015117943287,5381.495172553362,5244.809022293566,37190.55562019348,37024.32584885341,270.98924671588645
743,1,Case2,8x8_144,-86.0,-39.0,8x8,2,2,6.520897386508295e-07,0.9999992847442627,1.1478830330702294e-08,5092.526461682307,5086.064920266512,22895.517724335194,23300.099288471738,285.327206829156
744,1,Case2,8x8_145,29.0,32.0,8x8,3,3,2.813762460876501e-12,0.001010491861961782,0.9989895224571228,6818.973927286509,6622.462450920878,27355.92408055067,27359.009402389576,168.7556035534786
745,5,Case2,8x8_146,-41.0,-28.0,8x8,2,2,6.023222476336798e-10,0.9445677399635315,0.055432189255952835,6498.918056289,6423.516894749591,25928.754863858223,26242.111235501867,247.2588368745631
746,5,Case2,8x8_147,47.0,23.0,8x8,2,2,1.1808073407948427e-09,0.9591740369796753,0.04082599654793739,6087.938731672308,6050.707108104434,29821.611676692963,29563.610832860475,220.1602807290931
748,5,Case2,8x8_149,24.0,-59.0,8x8,2,2,2.616545591305197e-10,0.9999212026596069,7.880880002630875e-05,5826.785428118063,5566.99164450004,31029.711255550385,30985.887379393298,65.72849223325478
750,3,Case2,8x8_151,-66.0,-82.0,8x8,2,2,0.00226080440916121,0.9977391958236694,2.4069815585114895e-10,4022.8190443347034,3994.5821632298675,10307.866649627686,9916.046662428971,273.4636613701306
751,3,Case2,8x8_152,-23.0,-66.0,8x8,2,2,4.668980313482507e-09,0.9999983310699463,1.7148356619145488e-06,5334.59699260307,5215.933371573444,32177.71460850537,33082.192896794564,647.8621743286833
752,5,Case2,8x8_153,50.0,-62.0,8x8,2,1,0.7270845770835876,0.27291542291641235,9.602411921161291e-11,6768.342423421428,6603.946685814306,14634.828567504883,14410.858880663214,141.192561173773
753,4,Case2,8x8_154,-65.0,-65.0,8x8,1,1,0.9853333830833435,0.014666631817817688,1.2890770048623601e-11,5429.065308218205,5534.8384239412935,10990.738075256348,9961.270740970345,760.4909398572668
754,1,Case2,8x8_155,11.0,-32.0,8x8,3,3,1.1733854244689625e-15,1.6882474085377908e-08,1.0,5750.285051577952,5541.506018007733,36046.03637123108,36518.962180907125,451.14951159583234
755,1,Case2,8x8_156,70.0,-86.0,8x8,1,1,0.9997082352638245,0.0002917366800829768,1.66156477465762e-10,3437.6711552698616,3382.7356041586772,9605.29425239563,9690.647009793793,53.94671130119564
756,4,Case2,8x8_157,78.0,-26.0,8x8,2,2,8.422340602720624e-10,0.9999991655349731,8.25165670903516e-07,4937.500485691486,5031.099448846833,31060.8826649338,32064.680774242624,789.8089155216541
757,2,Case2,8x8_158,17.0,-43.0,8x8,3,3,1.0973216085785609e-10,0.18944206833839417,0.8105579018592834,5939.211483448766,5898.567779233208,33350.76573371887,33927.81874773321,393.814251633481
758,4,Case2,8x8_159,-9.0,-4.0,8x8,3,3,9.394278940638625e-15,9.304600839810107e-11,1.0,4796.946624828062,4750.085647408431,35940.06597208977,37929.73162470592,1386.8563078445452
759,4,Case2,8x8_160,47.0,-13.0,8x8,3,2,3.687115196493451e-11,0.8007504940032959,0.1992494910955429,5687.811471804471,5730.970294929137,35577.09013080597,35757.90188765538,209.07951577705435
760,4,Case2,8x8_161,-43.0,-45.0,8x8,2,2,0.0007610669126734138,0.9992389678955078,2.3340215093980987e-08,7538.363805832825,7138.222150760848,17466.801191329956,16795.411008007464,480.8041114578796
762,2,Case2,8x8_163,-84.0,28.0,8x8,2,2,4.193937197527475e-09,0.9999992847442627,7.159680421864323e-07,4804.713776061654,4875.397176261849,29832.969073683023,30999.57843330688,847.0656829294521
763,3,Case2,8x8_164,-16.0,-5.0,8x8,3,3,2.426013957527117e-15,4.683560206331094e-10,1.0,5070.676512261307,5062.639673014663,37544.52068141103,38755.43623801129,990.1254458481842
765,1,Case2,8x8_166,-61.0,-3.0,8x8,2,2,1.6365624133651835e-11,0.999828577041626,0.00017144840967375785,4946.219657772605,4819.490004619707,38689.37281256914,39007.75989869777,297.4843990359475
768,2,Case2,8x8_169,58.0,-70.0,8x8,1,1,0.9998880624771118,0.00011190163786523044,2.2416252610634596e-13,6148.203607929557,5859.9918886973255,12679.144262313843,11446.095016641455,885.1773980470625
769,1,Case2,8x8_170,-35.0,-50.0,8x8,2,2,2.1061831034785428e-07,0.9999983310699463,1.4500822089758003e-06,6725.129138554492,6512.198497673586,21400.226607322693,21905.697417691375,347.3087210204508
770,3,Case2,8x8_171,-6.0,-18.0,8x8,3,3,1.7607545983909447e-15,3.6017724913683935e-10,1.0,5181.711601922757,5095.300035454474,37443.27423483133,38791.62410885475,1042.857264197164
771,1,Case2,8x8_172,-68.0,5.0,8x8,2,2,8.162918951892806e-11,0.9204123616218567,0.0795876607298851,4678.2550882518635,4418.2992409502895,38070.420483112335,38494.78683299271,441.03732239601663
772,4,Case2,8x8_173,82.0,-55.0,8x8,1,1,0.8284721970558167,0.17152783274650574,8.030108522572021e-11,5395.142350876158,5248.833596082095,14039.932744979858,12210.108090927086,1342.1696054872439
775,4,Case2,8x8_176,-36.0,30.0,8x8,3,3,4.753321070083416e-10,0.4700640141963959,0.5299360156059265,6826.949939587022,6726.453939157451,25479.800248861313,25307.533414286543,175.0318195050671
776,2,Case2,8x8_177,25.0,-81.0,8x8,2,2,1.585684472615867e-09,0.9999992847442627,6.830179586359009e-07,4748.69536107594,4771.324661519236,31598.31382536888,32069.44439289626,399.8104938059691
777,4,Case2,8x8_178,27.0,63.0,8x8,2,2,2.6413586873275108e-09,0.9999997615814209,2.4018513045120926e-07,5749.7652321896885,5650.312790085233,29522.46343421936,29953.406084039154,275.71173095395113
779,5,Case2,8x8_180,-14.0,88.0,8x8,2,2,1.7787595008034174e-10,0.9998047947883606,0.00019517718465067446,4084.422420677272,4082.6434730346305,34468.06954887509,34868.45171854478,287.90411120831413
782,3,Case2,8x8_183,37.0,63.0,8x8,2,2,7.111526883818442e-06,0.999992847442627,1.4134146297806183e-08,6161.853144610753,5937.975968199522,22246.27665233612,21984.1720665085,187.85388777102503
784,5,Case2,8x8_185,-18.0,49.0,8x8,2,2,3.83704491790926e-11,0.9820776581764221,0.017922285944223404,5804.1197308932815,5770.952333177,33387.21392726898,32967.80013697615,338.63624836029965
786,4,Case2,8x8_187,-47.0,-37.0,8x8,2,2,1.625326945031702e-06,0.9999980926513672,2.701839889596158e-07,6992.555135084752,6813.19175779695,19900.39458179474,19580.91271027469,258.0230991670442
788,3,Case2,8x8_189,34.0,0.0,8x8,3,3,3.1219506265513534e-15,2.94686799406918e-07,0.9999997615814209,5492.604699156051,5415.3463091920075,37504.0495223999,38780.142411314744,894.9914971103279
789,3,Case2,8x8_190,-80.0,40.0,8x8,2,2,5.98052906752855e-07,0.9999994039535522,2.21811591316623e-09,5346.784173342428,5139.268669850847,22004.405047938228,21383.41872686307,415.0153853071923
790,4,Case2,8x8_191,-75.0,6.0,8x8,3,3,2.0780452358870605e-10,0.40224891901016235,0.5977510809898376,4266.773991404063,4201.324490352445,36656.227723002434,37899.58175670206,945.9437737891174
792,3,Case2,8x8_193,48.0,41.0,8x8,2,2,0.00497244019061327,0.9950273633003235,1.9036755816159712e-07,7200.12163879943,6977.294483623389,17741.437240600586,17747.844284429717,85.97698998657555
793,5,Case2,8x8_194,-11.0,-16.0,8x8,3,3,3.5167384954647163e-15,1.6011778708469038e-11,1.0,5417.307489245084,5387.882897290074,37159.8088978529,37538.877892097866,424.9048161825844
794,4,Case2,8x8_195,12.0,71.0,8x8,2,2,1.6838214850212196e-11,0.9999914169311523,8.529938895662781e-06,4718.298943371894,4650.580380571799,36873.198213756084,38328.81802034359,1147.7415021382737
795,3,Case2,8x8_196,-32.0,84.0,8x8,2,2,4.566750533285813e-09,1.0,1.5495714933422278e-08,4952.792517887152,4869.246160619664,27396.95561477542,27561.89116433509,222.2115864988398
796,4,Case2,8x8_197,-80.0,-38.0,8x8,2,2,2.4428598521808453e-07,0.9999997615814209,8.955529651188954e-09,5289.3378367958985,5147.031189227958,23381.720662742853,23191.409690420558,144.99649147426672
797,1,Case2,8x8_198,-82.0,-53.0,8x8,2,2,0.09674399346113205,0.9032559990882874,8.504563164812851e-10,5385.412148727857,5224.7071523056875,14841.068548202515,13259.397728748832,1119.375400481602
798,1,Case2,8x8_199,-45.0,82.0,8x8,2,2,8.126554348564241e-06,0.9999918937683105,2.5351629129310993e-10,5346.120273478756,5253.957514458258,18932.121433116496,18107.485883563713,571.8955810835457
799,4,Case2,8x8_200,88.0,-42.0,8x8,2,2,2.5664046461315593e-06,0.9999973773956299,1.0080112744503822e-08,5134.166864507925,5135.722579490737,20968.080992087722,21554.752787014422,457.7039071090041
800,5,Case2,8x8_201,-73.0,-27.0,8x8,2,2,4.255039431910745e-09,1.0,1.359432921788084e-08,5167.878011208202,5011.062025999865,30363.917664296925,29531.7940365189,599.3499550586765
801,2,Case2,8x8_202,-24.0,-76.0,8x8,2,2,2.8525048989536117e-09,0.9999995231628418,4.960804744769121e-07,4826.767305134777,4963.928385681858,31947.085749991238,32253.968616045084,261.6255732699208
802,4,Case2,8x8_203,33.0,58.0,8x8,2,2,2.617109373659332e-07,0.9999996423721313,1.2219534539781307e-07,6246.365760754372,6130.6187598717515,24316.21920824051,24297.477584702894,64.61310405127647
803,5,Case2,8x8_204,27.0,-22.0,8x8,3,3,1.1850681263939674e-14,3.767149081568277e-08,1.0,6231.774253439833,6167.592640953179,32651.950382232666,31878.56386658645,504.89691349036434
804,5,Case2,8x8_205,-58.0,-50.0,8x8,1,1,0.8990488648414612,0.10095113515853882,3.078504465237053e-11,7065.8323047382955,6872.567887754327,14388.943138122559,14275.208971033626,84.27891570092557
805,1,Case2,8x8_206,4.0,90.0,8x8,2,2,1.4681034166130758e-10,0.9998326301574707,0.0001673100341577083,3933.8161724117786,3887.389223947719,35249.76002073288,36592.718090531365,966.3123669698439
806,4,Case2,8x8_207,19.0,-83.0,8x8,2,2,4.2210523271135614e-11,0.9999579191207886,4.21029471908696e-05,4491.919844502155,4608.048923971981,34016.33739697933,35501.138997215625,1108.980414337864
807,4,Case2,8x8_208,-87.0,47.0,8x8,2,2,0.00011045106657547876,0.9998894929885864,1.2189127485129347e-09,5244.941132193344,5296.521570378898,17897.08074721694,17979.13871408856,109.08585403799677
808,3,Case2,8x8_209,58.0,-69.0,8x8,1,1,0.9998544454574585,0.00014551110507454723,4.2495702594867735e-13,6242.224416117302,6153.912903278926,12657.035480499268,11349.119788557779,936.0879854692367
809,3,Case2,8x8_210,-10.0,23.0,8x8,3,3,1.796544387390399e-15,1.2210021882452793e-09,1.0,5571.4009166578835,5261.335970290946,37256.043420791626,38475.02495346721,986.7128869005252
810,4,Case2,8x8_211,55.0,-59.0,8x8,1,1,0.9942500591278076,0.005749990697950125,7.923693819134048e-12,7210.855872175987,7067.592134541219,13308.920768737793,13589.572368338155,247.5900187484875
811,2,Case2,8x8_212,-63.0,54.0,8x8,1,1,0.9588716626167297,0.041128382086753845,8.155878750137902e-12,6774.947155644791,6702.3439127284155,13464.391128540039,13471.495475688791,35.15480205001828
812,3,Case2,8x8_213,67.0,-42.0,8x8,2,2,2.872551885957364e-05,0.9999712705612183,9.199346173716094e-09,6107.847737616461,5977.908204132667,19459.06462287903,19258.44074056033,156.2513309138458
813,2,Case2,8x8_214,63.0,-14.0,8x8,2,2,6.992133261274347e-11,0.999997615814209,2.424118065391667e-06,5195.729615681295,5155.704080671774,36393.384598106146,36676.76552426605,225.6872855934303
814,4,Case2,8x8_215,9.0,13.0,8x8,3,3,3.900448655735651e-15,1.0934866900846885e-10,1.0,5117.8334161280845,5514.945404887997,37294.78675761819,38098.36484992097,825.3119504633377
815,1,Case2,8x8_216,-10.0,59.0,8x8,2,2,2.912203117544365e-11,0.9999762773513794,2.3759197574690916e-05,5197.570871757705,4950.69892758705,37533.556243523955,37545.10597210783,139.61120154210033
816,2,Case2,8x8_217,21.0,56.0,8x8,2,2,1.9300624987117487e-10,0.9999532699584961,4.6682853280799463e-05,5735.005923478187,5737.768543713738,32518.60441303253,32967.79208017903,292.91504509999
817,4,Case2,8x8_218,5.0,-15.0,8x8,3,3,4.852761445586556e-15,7.841508692374433e-11,1.0,5131.844732610055,4885.166313146738,37356.58763337135,38682.48398052459,1133.7848445714067
818,5,Case2,8x8_219,-7.0,65.0,8x8,2,2,4.545929604971022e-12,0.9999752044677734,2.483354001014959e-05,4805.229795473385,4725.258143885509,38161.024693235755,37295.779790948334,539.7690316714643
819,2,Case2,8x8_220,14.0,-23.0,8x8,3,3,3.150628832804779e-15,1.1846389147418535e-10,1.0,5664.5335329217605,5556.515240096099,36432.721095085144,36628.11266823303,214.46529571800806
820,4,Case2,8x8_221,74.0,-56.0,8x8,1,1,0.9956953525543213,0.004304606467485428,3.015269674569443e-12,5848.237395568851,5624.760636488445,13376.278881072998,11022.691257407827,1706.4764184313601
821,1,Case2,8x8_222,7.0,-80.0,8x8,3,3,6.53363696478948e-10,0.3893715739250183,0.6106284260749817,4052.762693543157,3914.9907660592166,35826.07738685608,37039.24260244677,942.3497021290606
823,5,Case2,8x8_224,-4.0,-43.0,8x8,3,3,2.3248707104427113e-13,0.0006090201786719263,0.9993909597396851,5455.9394697980915,5307.538567645784,37504.490572452545,37980.506017406195,392.41753743751946
824,5,Case2,8x8_225,2.0,-73.0,8x8,3,2,6.607726171781181e-11,0.8737578392028809,0.12624220550060272,4345.573584861094,4182.694689648791,36981.247066020966,38034.09710941416,728.5353998468072
825,1,Case2,8x8_226,-42.0,80.0,8x8,2,2,1.7602491197976633e-06,0.9999982118606567,3.714178131719592e-10,5336.888988663229,5294.026004823263,20701.8272177428,19784.975260920615,625.5530019928227
826,4,Case2,8x8_227,-42.0,-6.0,8x8,3,3,4.56439356796845e-14,0.0001893738517537713,0.9998106360435486,5608.435714844567,5395.76331491569,37270.40453052521,38252.01376354627,715.894056789615
827,2,Case2,8x8_228,60.0,-31.0,8x8,2,2,1.1522839571398436e-08,0.9999997615814209,1.699529832421831e-07,6062.275072882737,6036.60706268285,26210.081033706665,26045.18418898017,125.86950603582233
829,3,Case2,8x8_230,-44.0,-30.0,8x8,2,2,1.024122897597124e-09,0.9999268054962158,7.317134441109374e-05,6612.614734192014,6634.060694645739,24512.59848034382,24804.133455551222,233.24884398633165
830,4,Case2,8x8_231,-69.0,24.0,8x8,2,2,2.8772467741688956e-10,1.0,5.930888491434416e-08,5239.257142425076,5177.813911212986,31939.60465206206,32365.632725544438,318.64325872947603
831,2,Case2,8x8_232,-8.0,-27.0,8x8,3,3,2.6228063927121294e-15,1.0957985630000167e-09,1.0,5477.599797969108,5432.151090480119,37003.61751937866,37135.224597903645,114.69259404645682
832,5,Case2,8x8_233,61.0,-20.0,8x8,2,2,2.877643123788687e-10,0.9999984502792358,1.5286416328308405e-06,5462.180381851,5365.446767407557,33637.87969493866,32995.52116253825,496.383313680746
834,4,Case2,8x8_235,-62.0,7.0,8x8,2,2,7.665713550042419e-12,0.999997615814209,2.408425643807277e-06,5004.80052799166,5041.6193191319835,38217.27147808671,38876.712724487414,504.0974233977773
835,5,Case2,8x8_236,16.0,-57.0,8x8,2,2,3.913005683364723e-11,0.9997178912162781,0.00028213171754032373,5569.803563339273,5370.639928316901,35257.4640455246,35342.34147159155,114.30629228331411
836,5,Case2,8x8_237,-32.0,66.0,8x8,2,2,5.992036200552775e-09,1.0,1.6196405994151064e-08,5802.5472492833,5702.186205118891,26361.88226735592,26466.682586412528,160.428815150765
837,1,Case2,8x8_238,64.0,-22.0,8x8,2,2,8.393523098781941e-10,0.9999992847442627,7.487526545446599e-07,5470.848334585136,5333.4877661161245,32780.91653442383,32106.299645267747,492.2600718943017
839,1,Case2,8x8_240,53.0,26.0,8x8,2,2,2.5253825697291177e-09,0.9999978542327881,2.148260591638973e-06,6081.371542335929,6110.400618904923,28581.85866546631,28698.710503296054,118.52833845867748
840,3,Case2,8x8_241,13.0,6.0,8x8,3,3,4.254767196253334e-15,2.1276518047397275e-10,1.0,4908.210612346571,5365.15532683534,36995.55731958151,38110.34057556063,1266.2240562677757
841,4,Case2,8x8_242,-31.0,60.0,8x8,2,2,4.2907677411108125e-09,0.9999996423721313,2.9608284535243e-07,6069.184247772142,5895.164858592932,26199.32058906555,26763.49269194586,377.20917815164836
843,2,Case2,8x8_244,85.0,-58.0,8x8,1,1,0.9976287484169006,0.0023712420370429754,1.0829302732329182e-11,5270.727817794313,5111.6654370493325,13071.809690475464,10155.086148634738,2181.4378127684313
845,1,Case2,8x8_246,60.0,61.0,8x8,1,1,0.996566653251648,0.003433265956118703,2.9574712904351097e-12,6460.911454329404,6411.5797866713865,11875.910682678223,12282.493352505477,267.6497469778366
846,4,Case2,8x8_247,-83.0,78.0,8x8,1,1,0.9882906675338745,0.011709370650351048,1.6072030373237567e-09,2875.398207287695,2765.2420421298993,8814.845902323723,8710.008108054206,98.62466654040007
847,2,Case2,8x8_248,6.0,27.0,8x8,3,3,3.1676692298794043e-15,5.936575120379928e-10,1.0,5352.677503977403,5450.712023279188,37479.155230522156,37936.31486060003,361.8058074602254
849,3,Case2,8x8_250,-47.0,64.0,8x8,2,2,0.009943927638232708,0.990056037902832,3.7182065759644445e-10,6511.987736465442,6215.10461127951,16171.526365280151,15749.77957931762,297.35361257720405
851,2,Case2,8x8_252,-82.0,-45.0,8x8,2,2,3.0614279239671305e-05,0.9999693632125854,3.8605280083814364e-10,5347.235964959628,5246.922072857124,18963.709765791893,18610.764721920375,245.19462196959833
852,1,Case2,8x8_253,56.0,-34.0,8x8,2,2,8.253118011225524e-08,0.9999994039535522,4.6594087166340614e-07,6435.899569381483,6298.776471789951,23227.199095726013,22764.264455698234,317.9420074061651
853,1,Case2,8x8_254,-75.0,-17.0,8x8,2,2,5.6168542039714e-10,0.9986068606376648,0.0013931314460933208,4648.425634762444,4524.365242532716,35244.93027496338,35792.90458394699,529.8507941780415
854,1,Case2,8x8_255,32.0,-60.0,8x8,2,2,1.756247236528452e-08,0.9999966621398926,3.3455510219937423e-06,6098.8301124615955,5964.18429386059,25458.642995357513,25397.201942141714,72.10650508903598
855,4,Case2,8x8_256,-25.0,-11.0,8x8,3,3,4.23113624757436e-15,2.547778654715671e-09,1.0,5480.099212185348,5620.325222339221,36806.3732881546,37623.46907197046,578.9134283879769
856,3,Case2,8x8_257,65.0,80.0,8x8,2,2,0.0020690658129751682,0.9979308843612671,1.89712509590656e-10,4269.205915701089,4214.013603525511,10520.336594581604,9972.611943410226,390.41842167198143
857,1,Case2,8x8_258,54.0,-18.0,8x8,2,2,1.4455786567779683e-10,0.9994296431541443,0.0005703705828636885,5688.509143935604,5547.446057610949,33984.2711391449,34281.1299639932,215.16819123830362
858,2,Case2,8x8_259,-6.0,38.0,8x8,3,3,1.7715439981939515e-14,7.74506361267413e-07,0.9999992847442627,5641.6804343735685,5390.538728419147,37137.36263179779,37964.67257787387,623.8991265353435
859,3,Case2,8x8_260,-50.0,68.0,8x8,2,2,0.07974168658256531,0.9202582836151123,1.9881099544427627e-10,6250.116898670553,5991.883230902467,15214.128116607666,14591.537169601459,436.44817630218654
860,1,Case2,8x8_261,-14.0,-28.0,8x8,3,3,1.6735289454277097e-15,1.050756814890974e-08,1.0,5648.7774726385815,5589.093331531504,35388.06613230705,36454.72889391891,859.247964014265
861,3,Case2,8x8_262,-57.0,76.0,8x8,2,2,0.02580581046640873,0.9741942286491394,5.057286533993732e-11,5691.792864079667,5469.292128881763,13153.533916473389,11367.508063209818,1344.218920856566
862,3,Case2,8x8_263,-24.0,2.0,8x8,3,3,1.4398353081373268e-15,3.536585913010981e-09,1.0,5276.674226366347,5190.062801322842,37902.03987503052,38957.17841770655,737.3480267628394
863,5,Case2,8x8_264,87.0,-65.0,8x8,1,1,0.9999415874481201,5.837047501699999e-05,1.4963971728398917e-10,4010.895157254301,3720.26483533424,10474.230427742004,9776.611322211413,472.2304616249707
864,5,Case2,8x8_265,-25.0,-84.0,8x8,2,2,5.716238593578282e-10,0.9999994039535522,5.600127792604326e-07,4629.189620661804,4777.855931764214,31386.048790097237,31618.92952445451,225.19369121990124
866,2,Case2,8x8_267,-33.0,-46.0,8x8,2,2,2.7723679352220643e-08,0.9999781847000122,2.1732228560722433e-05,6732.529557148156,6794.290772739031,22423.51983821392,23110.066823469475,486.77773239054164
867,3,Case2,8x8_268,-59.0,29.0,8x8,2,2,2.606213023170767e-08,0.9999994039535522,5.17823934842454e-07,6044.578385543198,5893.536692025447,27515.08880853653,27122.65641289375,271.6248171344699
868,2,Case2,8x8_269,-60.0,60.0,8x8,1,1,0.9977288842201233,0.002271092962473631,7.245121928615983e-13,6610.578452186133,6719.380374443493,12032.294342041016,12266.081487688105,190.19111852479438
869,2,Case2,8x8_270,10.0,76.0,8x8,2,2,8.660782507829978e-11,0.9997568726539612,0.0002431830216664821,4299.298116929787,4214.973676588183,36243.20582532883,37646.688661351196,933.918590146234
871,2,Case2,8x8_272,72.0,69.0,8x8,1,1,0.9805256724357605,0.019474327564239502,3.360378988959134e-11,4330.872447159195,4044.796632514998,10101.263580322266,9483.138261657408,441.6816382428989
872,2,Case2,8x8_273,81.0,62.0,8x8,2,2,0.1661626249551773,0.8338374495506287,2.5079097132341133e-10,4766.9648837146815,4612.307122893895,11179.299845695496,10336.780288689557,610.9962158424922
873,3,Case2,8x8_274,30.0,-25.0,8x8,3,3,5.366532413765557e-14,2.052553099929355e-06,0.9999979734420776,6527.149269553911,6169.14309019459,30168.119362175465,30239.636207010844,109.73217681233803
874,2,Case2,8x8_275,80.0,-20.0,8x8,2,2,4.731594227536107e-09,0.9999264478683472,7.359324081335217e-05,4528.532751947774,4610.4289376619645,33893.871938705444,34081.61258853769,244.94134216801734
875,3,Case2,8x8_276,-88.0,70.0,8x8,1,1,0.9979756474494934,0.002024361863732338,4.812534815101799e-10,3401.720433890821,3164.6930679225834,9566.468822479248,8749.181179481111,544.4362320418625
876,4,Case2,8x8_277,57.0,88.0,8x8,2,2,2.31691992667038e-05,0.9999768733978271,1.5604366410126858e-10,5213.351500878976,5095.94659787087,13423.194843292236,13377.661208323128,124.42346053258744
877,5,Case2,8x8_278,18.0,78.0,8x8,2,2,1.5896611804677718e-10,0.9999983310699463,1.6176188637473388e-06,4565.332054262552,4646.904517441367,34721.76327060163,34260.85477392288,278.47845910716666
879,1,Case2,8x8_280,-31.0,-12.0,8x8,3,3,2.283406431736199e-15,5.206520015121896e-08,1.0,5751.872812914011,5534.066075994215,35815.21242046356,36435.533544081925,506.729915598412
880,1,Case2,8x8_281,-72.0,-17.0,8x8,2,2,2.569508217309391e-10,0.9999215602874756,7.847185770515352e-05,4789.082424571645,4639.480172005937,35370.56253147125,35941.76930914516,492.37782012194117
881,3,Case2,8x8_282,25.0,-74.0,8x8,2,2,1.390476178642075e-09,0.9999998807907104,1.1435127333925266e-07,5041.103961943974,5016.4937974031545,31564.810569554567,32014.32683525469,399.19145422100337
883,3,Case2,8x8_284,16.0,16.0,8x8,3,3,5.54242880025169e-15,3.670101167418949e-10,1.0,14282.37729710516,5420.79257038857,40229.876121520996,37014.08159367308,4146.0053768372845
885,2,Case2,8x8_286,40.0,-87.0,8x8,2,2,4.2213571305182995e-07,0.9999995231628418,5.108470535475362e-09,5152.53057311735,5163.343078701747,22247.276424646378,22303.298473392413,95.3726721795476
886,2,Case2,8x8_287,-77.0,22.0,8x8,2,2,5.584958051585431e-10,0.9999967813491821,3.2032255603553494e-06,4856.326455075598,4778.139490305045,33078.90349173546,34599.60604396298,1077.0644519189543
887,4,Case2,8x8_288,37.0,70.0,8x8,2,2,9.022983249451499e-07,0.9999990463256836,2.451691738514228e-09,5759.037487415036,5563.85648174949,23266.55814179778,22844.351960224078,288.39999839660214
888,5,Case2,8x8_289,-9.0,44.0,8x8,3,3,1.1700070166181797e-13,0.00041611705091781914,0.999583899974823,5675.419555525276,5487.781179386353,36729.49585914612,37173.933153955346,512.9069317266242
889,5,Case2,8x8_290,20.0,-82.0,8x8,2,2,1.0317075666010922e-10,0.9999817609786987,1.8179263861384243e-05,4535.949590047011,4540.325864545916,33789.72718453407,34275.387837140384,471.8719323246738
890,1,Case2,8x8_291,26.0,5.0,8x8,3,3,9.676040638894505e-16,8.20921775002148e-10,1.0,5246.189607094539,5663.568852899618,37458.81169509888,38325.58659813665,661.8638998198143
891,4,Case2,8x8_292,71.0,-88.0,8x8,1,1,0.9992080330848694,0.0007919970666989684,1.9140024287711555e-10,3297.8781462083393,3226.5104326389874,9447.757047653198,9368.128457368275,65.01880581291624
893,4,Case2,8x8_294,-71.0,-57.0,8x8,1,2,0.3434521555900574,0.6565478444099426,1.06283905287885e-10,6041.466865374043,5695.456293270922,12955.695524215698,11162.0081409653,1289.4788989148724
894,3,Case2,8x8_295,-84.0,-9.0,8x8,3,3,2.713916424923468e-09,0.4115293025970459,0.5884706974029541,3973.690619497436,3962.349680363019,35351.92303621769,35959.098832511314,520.2743558760912
895,2,Case2,8x8_296,-48.0,82.0,8x8,2,2,1.505106411059387e-05,0.9999849796295166,5.6441403634144294e-11,5381.798718111826,5228.49104615126,17230.481617450714,16729.6578763566,349.79302282548167
896,2,Case2,8x8_297,-13.0,-4.0,8x8,3,3,8.022978338813064e-15,5.5982829483269825e-11,1.0,4949.984425209532,4876.402007219306,37157.81136727333,37389.2465929598,285.0922216541409
897,4,Case2,8x8_298,-19.0,-23.0,8x8,3,3,1.1410740821465263e-14,5.0551247632313334e-09,1.0,5844.303638956683,5974.681989442089,34803.788177490234,35490.58780723351,518.3756348507883
898,3,Case2,8x8_299,5.0,-32.0,8x8,3,3,1.4094624007146821e-15,2.4896152694964258e-08,1.0,5571.272337672921,5341.035119901435,37272.414216041565,38506.00883695642,931.2654208771179
900,3,Case3,6x4_001,65.0,19.0,6x4,2,2,1.5139974607336626e-07,0.9999984502792358,1.3563113725467701e-06,20279.923491437014,21044.83069679119,37422.625661849976,38371.680427987514,713.195951153399
901,5,Case3,6x4_002,40.0,-51.0,6x4,1,1,0.999206006526947,0.0007940768264234066,3.524344011074376e-11,15556.61473956806,16725.061487761533,20674.34828186035,20683.695124486836,508.7630832834916
905,3,Case3,6x4_006,-15.0,-74.0,6x4,2,2,6.569340484929853e-07,0.9999992847442627,3.759908828726566e-09,20879.436434672043,22564.15241237829,39542.791172623634,40744.20674765447,931.4898101365312
906,3,Case3,6x4_007,51.0,-83.0,6x4,1,1,0.9999939203262329,7.622278808128158e-09,6.030975328030763e-06,11082.310852104845,10305.18339398213,16137.60920715332,14064.530789974928,1561.9796744165292
907,2,Case3,6x4_008,86.0,9.0,6x4,2,2,1.5441163014884296e-08,1.0,1.091766410610262e-08,21509.70463796609,22681.780901276587,40498.062683820724,42159.11561522828,1164.747343177732
908,2,Case3,6x4_009,-63.0,21.0,6x4,2,2,2.7548994694370776e-06,0.9999963045120239,9.870882422546856e-07,19251.815448846046,19989.81955865323,36124.77734565735,36705.425169111455,463.604996640087
909,5,Case3,6x4_010,-74.0,83.0,6x4,1,1,1.0,1.0500871283625202e-09,1.6131744828840056e-09,6481.632761335873,6119.304670001915,9516.103061676025,8797.27339130324,481.5237501028757
910,5,Case3,6x4_011,-39.0,-9.0,6x4,2,3,2.979852198325972e-10,0.0014563286677002907,0.9985437393188477,20502.16122153169,22442.773220629533,39593.43251514435,41012.70298631986,1211.89529731825
911,5,Case3,6x4_012,-56.0,9.0,6x4,2,2,4.867836800315217e-09,0.9999992847442627,7.646870585631405e-07,21551.135354916772,22260.39851939422,40781.320182561874,40712.23578269123,124.33184968396992
912,3,Case3,6x4_013,61.0,33.0,6x4,2,2,0.10004007816314697,0.8999598026275635,1.8655413214219152e-07,16557.71990006798,17915.69891246603,27247.412559509277,27740.938444035914,445.30234005038653
913,5,Case3,6x4_014,19.0,79.0,6x4,2,2,2.514227844585548e-06,0.9999974966049194,3.617795840682447e-08,20720.16069294209,21838.047751877137,37970.81121481955,38886.69677254868,679.582334804693
914,4,Case3,6x4_015,35.0,60.0,6x4,2,2,0.23098327219486237,0.769016683101654,3.0927107541600662e-09,16265.619753031,16800.214647218396,25641.560913085938,26476.958734532025,625.7504702658201
915,1,Case3,6x4_016,75.0,-61.0,6x4,1,1,1.0,5.163165539556758e-08,7.878421803830804e-10,9627.785438115676,10279.449658904108,12290.33390045166,12863.440085804552,394.9798744178085
918,2,Case3,6x4_019,-79.0,29.0,6x4,2,2,8.408449502894655e-06,0.9999915361404419,4.425854349676683e-09,18070.251752433138,18687.33190980603,32345.939556121826,33034.158334828506,531.953394698768
919,1,Case3,6x4_020,-2.0,48.0,6x4,2,2,1.7820775610744022e-06,0.9999973773956299,8.68672600518039e-07,22366.159931756138,22840.704644890215,41520.1307888031,41498.17865893344,168.51144492443203
920,2,Case3,6x4_021,-49.0,-67.0,6x4,1,1,0.9999910593032837,8.894617167243268e-06,1.7521575824356456e-13,13319.084810233135,13126.332453478753,16955.240280151367,16743.99695771963,406.159412511004
921,4,Case3,6x4_022,43.0,-33.0,6x4,1,1,0.598311185836792,0.40168333053588867,5.437545041786507e-06,15889.038536401165,16457.704823152035,24354.474700927734,25713.20282147871,1014.4165035383393
922,2,Case3,6x4_023,62.0,-67.0,6x4,1,1,1.0,2.7890332265911866e-09,2.8136028934217655e-15,10932.381073716295,10651.286580789734,12634.481971740723,12354.394794906591,198.18640932936748
923,1,Case3,6x4_024,30.0,75.0,6x4,2,2,0.025302642956376076,0.9746059775352478,9.143359056906775e-05,17977.90860553779,18044.758354782418,31549.048610687256,31157.778384520458,286.9290006245331
925,2,Case3,6x4_026,-81.0,73.0,6x4,1,1,1.0,1.9510619508888993e-10,2.7563016227597804e-14,6744.9138728114285,7305.230667445958,9710.667488098145,9768.87507677137,138.69443904434195
929,3,Case3,6x4_030,15.0,-12.0,6x4,3,3,4.300194315215444e-12,1.3977128219266888e-06,0.9999985694885254,17744.380938128746,18072.55481046985,40376.06671333313,41339.183632434884,1050.8552021112255
930,2,Case3,6x4_031,-55.0,-62.0,6x4,1,1,0.9999984502792358,1.4938345884729642e-06,7.39798847182449e-14,12596.629945386905,13026.356826913927,14665.389587402344,14836.934622990831,105.78436335119598
931,5,Case3,6x4_032,-19.0,-7.0,6x4,3,3,1.236589904909588e-13,5.909900901990284e-10,1.0,18265.84956987515,19562.863864658684,40714.15295505524,41184.49118264953,638.8000879075844
933,4,Case3,6x4_034,-43.0,-15.0,6x4,2,2,2.4873623161170144e-08,0.974277138710022,0.025722835212945938,20219.92060986161,21468.9283485063,37196.032636642456,38980.49404194311,1308.866071316951
934,1,Case3,6x4_035,70.0,81.0,6x4,1,1,1.0,8.64256488597448e-09,8.049209077043429e-10,7269.449927975162,6961.433480862297,10163.050888061523,9826.530573914877,226.27215860503728
935,3,Case3,6x4_036,8.0,25.0,6x4,3,3,8.713912404145763e-12,0.00010643312998581678,0.9998935461044312,19590.312251762076,21079.58998404732,40633.60528373718,41171.43480893103,416.36371404992417
936,4,Case3,6x4_037,-85.0,67.0,6x4,1,1,1.0,8.751860902656006e-10,3.4282148231312704e-09,7437.374438342424,8294.751076678396,10538.78508758545,10986.72322114532,397.10385271545437
937,4,Case3,6x4_038,-56.0,52.0,6x4,1,1,0.9999731779098511,2.6772677301778458e-05,6.797059443064413e-12,13793.36665248805,14483.795355093242,15560.548538208008,16481.00631340332,647.6131347867251
938,5,Case3,6x4_039,64.0,42.0,6x4,1,1,0.993990957736969,0.0060090189799666405,1.864764592740542e-11,15236.895707091195,15722.886251992557,21607.415046691895,21119.75162713573,327.92815583787365
941,4,Case3,6x4_042,84.0,51.0,6x4,1,1,0.9999988079071045,1.2005729104203056e-06,1.308069347283336e-10,11029.187226315635,11464.706016630578,16071.617630004883,15883.70062705431,150.18463274164094
942,1,Case3,6x4_043,79.0,-71.0,6x4,1,1,1.0,2.0042305592937737e-09,4.410165010959588e-10,7265.906238969385,7498.544690247273,10107.807083129883,10307.576559182886,190.39285311640432
944,3,Case3,6x4_045,-18.0,-35.0,6x4,2,2,0.00010286130418535322,0.8975403904914856,0.10235679894685745,20742.239262719024,20235.503250497426,35693.89655685425,35906.17958926555,167.75798209006098
945,1,Case3,6x4_046,-76.0,-77.0,6x4,1,1,1.0,1.0490466273438415e-08,1.0349315848756646e-09,6801.598728565306,6529.360604905036,9700.97885131836,9343.89845684178,241.8225351672242
946,1,Case3,6x4_047,42.0,27.0,6x4,2,2,0.00012925414193887264,0.9995667338371277,0.0003039542934857309,16670.4063688223,17591.8024993598,28720.93271636963,30179.946831817353,1099.919977090085
947,3,Case3,6x4_048,1.0,71.0,6x4,2,2,1.6871825891939807e-07,0.9999998807907104,3.584440244619458e-10,22351.737191512922,22482.01638382602,42091.08841216564,42593.210943852275,412.62890926903236
948,4,Case3,6x4_049,-37.0,22.0,6x4,2,2,4.422450388119614e-07,0.9703803062438965,0.029619215056300163,18986.188840685034,19664.4879603583,32748.98812675476,34660.961697435094,1423.0419890918363
949,4,Case3,6x4_050,-16.0,44.0,6x4,2,2,3.791924973484129e-05,0.9999610185623169,1.007719902190729e-06,20112.13068030207,21190.441585604178,36874.16790390015,37416.41953472474,540.726466956252
950,2,Case3,6x4_051,28.0,57.0,6x4,2,2,0.0035741161555051804,0.9964259266853333,9.507756804083556e-10,17702.527798828363,18352.73595468224,30388.947158813477,31526.83391477086,776.1179512100393
951,3,Case3,6x4_052,-79.0,34.0,6x4,2,2,0.06458161771297455,0.9354183077812195,8.438363785501224e-09,16829.45536165559,17146.718458555646,28983.418991088867,28763.78764641423,156.0339754180799
952,2,Case3,6x4_053,3.0,87.0,6x4,2,2,1.7815333208659467e-08,1.0,8.328555900494194e-11,22220.532735999415,18013.9914994921,41105.154223680496,42544.75423438695,909.3227742089753
953,5,Case3,6x4_054,-17.0,-44.0,6x4,2,2,0.0002941924030892551,0.9957096576690674,0.003996175713837147,20540.564821381304,20917.9197541888,36245.92529678345,37069.20532779384,654.2887064040474
954,3,Case3,6x4_055,44.0,-49.0,6x4,1,1,0.9998316764831543,0.00016830768436193466,1.5584518051059426e-11,15997.367575066146,16428.611515228928,19112.665100097656,19506.041782499135,314.30053175049073
955,5,Case3,6x4_056,67.0,-19.0,6x4,2,2,3.346280550431402e-07,0.9999996423721313,1.1394024390654067e-08,20247.081969890616,20440.776618287706,37567.611417770386,37395.1472581479,146.70485495695777
956,4,Case3,6x4_057,2.0,74.0,6x4,2,2,3.669293135999396e-08,1.0,5.984300277539489e-10,22307.3810493151,23464.91394163366,41904.277087807655,43441.64006208395,1065.4328178517296
957,3,Case3,6x4_058,82.0,19.0,6x4,2,2,5.105641776026459e-07,0.9999995231628418,1.2630088086496016e-08,19825.92013785666,21589.48941254535,37835.0983479023,39324.52906739956,1107.710951947675
958,4,Case3,6x4_059,14.0,3.0,6x4,3,3,8.250583376223641e-12,4.3450754674267955e-06,0.9999957084655762,17907.041420745703,19720.763776701424,40131.24034371122,40273.984088563724,549.315406401473
959,2,Case3,6x4_060,44.0,-84.0,6x4,1,1,0.9999961853027344,3.858956915792078e-06,2.1814916816324456e-14,11896.605474082471,13125.63968421404,20217.372261047363,19353.92618776888,827.1954746684104
960,2,Case3,6x4_061,0.0,-52.0,6x4,2,2,0.00022882298799231648,0.9947417974472046,0.005029331427067518,22402.342271727717,22370.366721049046,41842.07814741135,42123.0558370293,185.3100419258568
961,3,Case3,6x4_062,33.0,26.0,6x4,2,2,6.642741482210113e-06,0.9911887645721436,0.00880459789186716,17685.15756520484,18825.696855552782,30842.858379364014,32267.135892988474,1079.8279834246594
962,3,Case3,6x4_063,-75.0,38.0,6x4,2,1,0.8939760327339172,0.10602395981550217,2.945209187643627e-09,16012.548531386854,15962.530597874033,25902.093643188477,25402.374690335764,244.34546609564705
963,3,Case3,6x4_064,-20.0,55.0,6x4,2,2,4.704345701611601e-05,0.9999529123306274,1.7195630475086432e-09,19359.54785727134,19778.968981031918,35809.98430252075,36137.839708733205,365.3109756086934
964,5,Case3,6x4_065,72.0,31.0,6x4,2,2,0.00042794091859832406,0.9995719790458679,3.4368952128716046e-08,17499.697679404366,17488.58422402433,30475.296558380127,30103.685112423103,205.50873251965908
966,4,Case3,6x4_067,-83.0,68.0,6x4,1,1,1.0,6.868000057558277e-10,2.564741086175104e-09,7387.256006503648,8097.203049376915,10400.089736938477,10749.191484930907,329.9532840340313
967,4,Case3,6x4_068,-26.0,-1.0,6x4,3,3,3.462890391103812e-11,0.0005320851923897862,0.9994679093360901,19306.640859573567,20449.048207269916,41091.133419036865,41852.27436945727,720.9769462629346
968,5,Case3,6x4_069,-36.0,57.0,6x4,1,1,0.8884349465370178,0.11156507581472397,8.112598787191061e-11,15982.069252168067,16600.650428222587,24265.466011047363,23917.697042365373,603.4419842760082
969,1,Case3,6x4_070,-89.0,-51.0,6x4,1,1,0.9999349117279053,6.513199332403019e-05,5.626118682044989e-09,10878.994333085067,11602.479092221387,16122.313507080078,16900.52651154722,522.0486631997795
970,2,Case3,6x4_071,-45.0,-29.0,6x4,2,2,0.0051807016134262085,0.9947123527526855,0.00010695780656533316,16257.495189212224,17716.56074729462,27310.43235015869,29223.321881767268,1331.9655807274642
971,4,Case3,6x4_072,-29.0,13.0,6x4,3,3,1.1904555119457427e-10,0.000726478174328804,0.9992734789848328,20882.91104651696,21101.65027908641,38875.468366622925,40462.84160669521,1267.616703038096
972,4,Case3,6x4_073,-22.0,46.0,6x4,2,2,0.0009199720807373524,0.9990799427032471,1.8425900805141282e-08,18371.96950636458,18991.927467895443,33080.89477157593,32697.69136716962,449.28679675273435
973,4,Case3,6x4_074,-1.0,-8.0,6x4,3,3,1.1047883961834426e-11,3.3037563298421446e-06,0.9999966621398926,16633.331228700798,19697.411283675847,38464.0998326838,40184.49750363611,1567.2645634240985
974,5,Case3,6x4_075,-22.0,82.0,6x4,2,2,2.271738821946201e-06,0.9999977350234985,4.984131773966283e-09,19756.321916457244,21356.595504113535,36566.12572145462,37676.18956115374,818.4827799399065
975,4,Case3,6x4_076,50.0,5.0,6x4,2,2,2.8994471268362076e-09,0.9044031500816345,0.09559682756662369,21956.812747095355,22632.47889145917,41202.041227817535,41435.3404134154,280.91059782756736
978,4,Case3,6x4_079,-67.0,39.0,6x4,1,2,0.2610895335674286,0.738910436630249,2.7671427371700474e-09,15675.124287693527,15608.110767589393,24091.010040283203,23869.66931924333,112.54499449909301
979,4,Case3,6x4_080,-53.0,-64.0,6x4,1,1,0.9999998807907104,1.6871874208845838e-07,2.7438112545907778e-11,13188.68719536989,13041.52582260459,15239.640075683594,15209.758331875557,170.70884436204324
980,2,Case3,6x4_081,-38.0,-72.0,6x4,1,1,0.9875074028968811,0.012492571026086807,1.6689103224387658e-11,16101.966755035071,15583.42371212221,25615.441818237305,25079.246339141995,347.35410779382966
981,1,Case3,6x4_082,85.0,48.0,6x4,1,1,0.9997053742408752,0.0002946280292235315,1.9541821494328815e-09,11681.724205184206,11985.350751597876,17705.572463989258,18034.38336869504,272.071504960704
982,5,Case3,6x4_083,-12.0,85.0,6x4,2,2,1.1649738240748775e-07,0.9999998807907104,6.347319336796886e-10,21318.504605026796,21348.710467459365,40094.91276025772,40424.52952663332,239.45889691023453
983,4,Case3,6x4_084,77.0,-48.0,6x4,1,1,0.9996411800384521,0.00035883820964954793,1.3520537467393012e-10,12369.496645623376,13793.00381176675,17667.234535217285,19185.809332583653,1013.574357931182
984,1,Case3,6x4_085,45.0,75.0,6x4,1,1,0.9999933242797852,5.546616193896625e-06,1.0213960877081263e-06,12709.042168351167,12897.717722414303,19410.427352905273,18730.564877624274,777.2641508159343
985,2,Case3,6x4_086,-41.0,-54.0,6x4,1,1,0.9996708631515503,0.0003291464236099273,1.7528073176925618e-12,15448.245617651613,15959.225942334873,20476.673141479492,21130.90811394056,417.72249509117427
986,1,Case3,6x4_087,-38.0,89.0,6x4,1,2,0.307566374540329,0.6027606129646301,0.0896729975938797,16215.94096466197,14693.302045363922,26707.4246673584,23463.460719390256,2209.3097646989027
988,3,Case3,6x4_089,18.0,-35.0,6x4,2,2,0.00014692888362333179,0.9236004948616028,0.07625261694192886,20031.033295417208,20141.0754898107,35728.64016342163,36213.63637212442,395.51391235669195
989,4,Case3,6x4_090,-65.0,24.0,6x4,2,2,9.676701893113204e-07,0.999998927116394,9.248569199371559e-08,18567.623358161043,19951.0029881342,34478.24237060547,35464.12974049828,733.5338671195582
990,5,Case3,6x4_091,11.0,36.0,6x4,3,2,4.0911381802288815e-06,0.9875029921531677,0.012492883019149303,20529.061392558167,21867.897096556604,39056.2629776001,39419.50960200214,297.8852462543208
991,3,Case3,6x4_092,-38.0,-40.0,6x4,1,1,0.9111934304237366,0.08880661427974701,3.0301556819267716e-08,16184.331037269763,16869.56040018094,22498.24920654297,21756.399547592777,766.931662659431
992,4,Case3,6x4_093,-70.0,-78.0,6x4,1,1,1.0,7.511755661937514e-09,1.0898896896094357e-08,7602.417950602328,7026.756972636852,10353.585884094238,9649.63893895759,434.89358215299507
993,3,Case3,6x4_094,73.0,-55.0,6x4,1,1,0.9999997615814209,2.7127475732413586e-07,8.369172542488368e-12,11154.074047091275,12193.028606029486,14274.26976776123,14505.406618133833,215.64329585783523
994,3,Case3,6x4_095,68.0,-30.0,6x4,2,2,0.18864136934280396,0.8113585114479065,1.7032917298820394e-07,17598.910685998562,18094.46589739699,30702.8660736084,30943.90174290599,231.8979467882271
995,5,Case3,6x4_096,84.0,-52.0,6x4,1,1,0.9999998807907104,1.4110710822023975e-07,6.718468004152101e-10,10698.233320148027,11112.689271694622,15612.355102539062,14951.762335267422,461.6091152169498
1000,3,Case3,6x4_101,48.0,15.0,6x4,2,2,2.4140957677332153e-08,0.9932293891906738,0.006770594045519829,20891.245745716828,20328.79614451508,37662.19671821594,38517.23526204439,672.1961958903903
1002,1,Case3,6x4_103,66.0,14.0,6x4,2,2,4.341611514746546e-09,0.9999998807907104,7.386699962808052e-08,21532.906827779134,21039.8560194721,39705.77760577202,39276.851373103054,266.5952678099986
1003,2,Case3,6x4_104,83.0,3.0,6x4,2,2,7.2518848703850836e-09,1.0,2.6252179097241424e-08,22607.115395730732,22905.04463737746,41168.72165155411,43199.37031661421,1400.927759633796
1004,1,Case3,6x4_105,89.0,-77.0,6x4,1,1,1.0,1.264971238867929e-09,7.800519119527394e-10,5746.904316018119,6010.329537096403,8960.64404296875,9056.478662053509,132.31978900076186
1005,1,Case3,6x4_106,-12.0,43.0,6x4,2,2,6.039082109055016e-06,0.999970555305481,2.3366632376564667e-05,21143.621819788485,22056.310017691743,38799.57304954529,39256.571604693236,502.1802068880476
1010,2,Case3,6x4_111,7.0,87.0,6x4,2,2,3.1538988309876004e-08,1.0,7.403318930121472e-11,22731.6621763032,18687.657555548198,40832.36160326004,42301.9356425756,941.9756684098453
1011,5,Case3,6x4_112,21.0,-8.0,6x4,3,3,2.600844886679887e-13,1.7591285095264197e-09,1.0,18946.00444524986,19359.281892950552,40701.92778015137,40993.3424352187,554.8070421262495
1012,5,Case3,6x4_113,35.0,-2.0,6x4,3,3,1.346007159896967e-11,1.8760083548841067e-05,0.9999812841415405,21540.828092740405,21813.804428276668,40853.06104373932,41274.20233562616,491.659646274433
1013,2,Case3,6x4_114,-35.0,-78.0,6x4,2,1,0.7292144894599915,0.27078545093536377,8.59221860327608e-11,16457.21199092562,16442.179092065995,28300.54103088379,27719.769350850456,349.02757031440126
1014,3,Case3,6x4_115,22.0,74.0,6x4,2,2,1.5288154827430844e-05,0.9999847412109375,1.0891104906818327e-08,19993.581323305487,20853.463534645674,36448.19676589966,37680.54229027869,946.7063978275648
1015,1,Case3,6x4_116,12.0,-85.0,6x4,2,2,2.4830233869010954e-08,1.0,3.391593494939116e-08,21298.765641703387,22014.58159392129,40110.06309199333,40993.87805323546,574.1739982022739
1016,3,Case3,6x4_117,-87.0,33.0,6x4,2,2,0.008242192678153515,0.9917578101158142,7.505708943256195e-09,16676.73551302453,17050.52562416529,29941.16683959961,29480.480052180206,282.1407991918116
1017,4,Case3,6x4_118,54.0,-88.0,6x4,1,1,0.9999686479568481,3.663071623805081e-09,3.129939068458043e-05,10226.84260858503,9849.126040124149,14693.859146118164,13680.09700227357,745.3091071706011
1018,4,Case3,6x4_119,31.0,-10.0,6x4,3,3,2.0840008538303145e-11,0.00016754900570958853,0.9998323917388916,21158.14945828343,21701.174794684488,39606.68015098572,41236.939661682816,1318.1116230589985
1019,2,Case3,6x4_120,-58.0,-26.0,6x4,2,2,0.0007219054386951029,0.9989386200904846,0.0003395122766960412,18123.611622573513,18766.31911907469,31961.63512802124,32753.08746870851,558.8621872542315
1021,2,Case3,6x4_122,20.0,-73.0,6x4,2,2,4.4776393224310596e-06,0.9999954700469971,4.126809657889474e-11,20533.187549933256,22055.79756538026,37463.032448768616,39726.78878008633,1645.535057750173
1022,5,Case3,6x4_123,76.0,4.0,6x4,2,2,2.4721344971112558e-09,1.0,3.1677573897326283e-09,22005.424993925648,22807.003141080582,41557.93491703272,41935.18738368961,261.0275479084819
1024,4,Case3,6x4_125,-3.0,72.0,6x4,2,2,7.999932449820335e-08,0.9999998807907104,7.021742076673831e-10,22291.73227272642,23303.475149272195,41964.81791947037,43032.772889466214,748.8467415493574
1025,4,Case3,6x4_126,-8.0,18.0,6x4,3,3,1.0565648182747633e-11,2.9116297810105607e-05,0.9999709129333496,17936.599686716796,19849.160783523945,40233.79939508438,41562.89523449715,931.6463466532545
1026,5,Case3,6x4_127,-66.0,77.0,6x4,1,1,1.0,2.1717614373528704e-09,2.322404046850579e-09,8438.8519584146,7902.880103971924,11102.557975769043,10141.19190519974,596.9524395575484
1027,3,Case3,6x4_128,59.0,-70.0,6x4,1,1,1.0,7.082760600241045e-09,1.2643097679898574e-10,10901.946422125704,10387.678143804105,13090.227416992188,12552.882346993818,340.69963982680645
1028,3,Case3,6x4_129,24.0,11.0,6x4,3,3,4.311869871570506e-12,1.370137124467874e-05,0.9999862909317017,19215.557040940086,19965.88569121992,40062.92600822449,41655.5740154561,1388.5104871692622
1030,4,Case3,6x4_131,41.0,53.0,6x4,1,1,0.9991317391395569,0.0008682846091687679,2.3030483770059007e-11,15463.574186148373,16103.7591164812,20357.25357055664,20460.443970781766,604.9874540423557
1031,2,Case3,6x4_132,38.0,35.0,6x4,1,2,0.16083113849163055,0.8391665816307068,2.278690317325527e-06,15853.528947769119,15887.458051613601,24144.331840515137,24056.572656656455,194.76736515228532
1032,2,Case3,6x4_133,-21.0,37.0,6x4,2,2,0.0002675361465662718,0.9988025426864624,0.0009299174416810274,18858.637339791876,19275.388590969404,33570.67789268494,33503.20540113882,197.15500816639306
1033,1,Case3,6x4_134,-56.0,37.0,6x4,1,1,0.875560462474823,0.12443955987691879,6.894009807467683e-10,15613.98066548602,15773.802035534243,23229.713844299316,22764.69526540485,266.2828759299758
1034,1,Case3,6x4_135,39.0,-76.0,6x4,1,1,0.9962051510810852,0.0024752365425229073,0.0013195903738960624,15970.020756198352,14392.555252244816,25436.251846313477,23374.289293045516,1332.3369316822934
1035,4,Case3,6x4_136,8.0,-68.0,6x4,2,2,1.8724158508121036e-06,0.9999980926513672,1.6889227794081307e-09,21942.21733271239,23162.43157686495,41499.52680230141,42121.48091475443,474.93795037232456
1036,2,Case3,6x4_137,68.0,53.0,6x4,1,1,0.9999924898147583,7.497296792280395e-06,3.91110416080552e-14,12350.068907289819,13044.50022317846,15050.175346374512,15371.391542609117,349.63634809630946
1037,2,Case3,6x4_138,-28.0,-75.0,6x4,2,2,0.0014701720792800188,0.9985297918319702,1.8390640399434943e-10,17983.163256646327,19033.554810796566,32856.86795043945,33286.770278520504,374.0686580229919
1039,4,Case3,6x4_140,1.0,-3.0,6x4,3,3,1.468245143521063e-11,1.7049814005076769e-06,0.9999983310699463,16479.08891848038,19524.622991937325,37629.38040417433,38660.50493787282,827.3604432112862
1043,5,Case3,6x4_144,-86.0,-39.0,6x4,1,2,0.3631134629249573,0.6368852257728577,1.3145983075446566e-06,15821.081223506479,15238.408381638372,25898.06160736084,24838.360309542022,535.8170021352234
1044,1,Case3,6x4_145,29.0,32.0,6x4,2,2,0.0016610936727374792,0.9980535507202148,0.000285427930066362,17417.389883857024,17161.582650103897,29619.676483154297,28973.064486587096,510.1163531847714
1047,5,Case3,6x4_148,46.0,-62.0,6x4,1,1,0.9999878406524658,1.2149439498898573e-05,5.042731857085592e-11,15172.3322432431,14677.641320601391,19241.628692626953,17542.298793324873,1160.8066860134404
1048,2,Case3,6x4_149,24.0,-59.0,6x4,2,2,0.04055890813469887,0.959441065788269,1.147792350053578e-08,18997.599674229477,19062.571791420945,33744.0302734375,34063.13894747417,294.6019616246804
1049,2,Case3,6x4_150,15.0,-47.0,6x4,2,2,0.0015214792219921947,0.9983583092689514,0.00012015448737656698,20405.900384903987,20610.950185617352,37694.778911590576,38259.71525004486,394.3334030275193
1050,1,Case3,6x4_151,-66.0,-82.0,6x4,1,1,1.0,3.889986999183748e-08,4.966788580418324e-08,7884.62066735183,7416.7539514213395,10878.75968170166,10304.291446167916,361.7512569311819
1051,3,Case3,6x4_152,-23.0,-66.0,6x4,2,2,0.004449295345693827,0.9955505132675171,1.5729121116692113e-07,19588.66220643706,19780.59779363148,35302.369079589844,35497.97311231627,138.74918061097569
1052,5,Case3,6x4_153,50.0,-62.0,6x4,1,1,0.9999988079071045,1.1505600241434877e-06,1.9939197862250957e-11,14290.840122513191,13717.099667741555,16503.672134399414,15462.165343305804,936.9600169917788
1053,2,Case3,6x4_154,-65.0,-65.0,6x4,1,1,1.0,5.0783693694711474e-08,2.688552031286824e-14,10694.434718737653,10594.063728454179,12363.599197387695,12235.994539955449,174.77720689078137
1054,4,Case3,6x4_155,11.0,-32.0,6x4,3,2,9.77788729983331e-08,0.6213808655738831,0.378618985414505,21032.456055075923,21548.09752818805,39333.652030944824,39493.54416920451,248.27687782248552
1055,5,Case3,6x4_156,70.0,-86.0,6x4,1,1,1.0,3.3347125061311544e-10,3.793153791065151e-09,6923.025836043321,6578.130116132802,9991.3129196167,9358.182822457522,408.9602336631108
1056,3,Case3,6x4_157,78.0,-26.0,6x4,2,2,0.00023689892259426415,0.9997630715370178,2.0501518704918453e-08,18668.95348620785,19836.730271487446,34175.028535842896,34907.187787938776,559.4792059002551
1057,4,Case3,6x4_158,17.0,-43.0,6x4,2,2,0.0002456418005749583,0.9993247985839844,0.0004295716353226453,19849.177278895735,20747.099970324412,36207.13248252869,36423.19030055916,224.67891932248926
1059,4,Case3,6x4_160,47.0,-13.0,6x4,2,2,2.5025862271377264e-08,0.9722855091094971,0.027714448049664497,20684.774715667143,21713.662431086042,38554.691517829895,39336.128871656234,612.7479949576558
1060,3,Case3,6x4_161,-43.0,-45.0,6x4,1,1,0.9988452196121216,0.0011548013426363468,1.1285661988269524e-10,15156.201961397343,16829.699859266726,19133.940338134766,19487.35102041733,457.19521847466325
1062,1,Case3,6x4_163,-84.0,28.0,6x4,2,2,2.195210129229963e-07,0.9999997615814209,4.732281788655257e-10,18266.868850108156,18681.34152023304,33120.64805984497,33599.98333014712,396.386535720065
1064,4,Case3,6x4_165,-5.0,10.0,6x4,3,3,2.4731371464636887e-11,1.5069275832502171e-05,0.9999849796295166,16950.112781421787,19384.590548687098,39262.59055125713,40634.80314279013,1149.744067171251
1065,3,Case3,6x4_166,-61.0,-3.0,6x4,2,2,8.980775567657417e-10,0.9999829530715942,1.707194678601809e-05,22146.754272526483,23233.305452406104,41999.85085952282,42879.188547444486,700.2719003730317
1066,5,Case3,6x4_167,-4.0,-6.0,6x4,3,3,8.298114121839048e-14,6.310306444046176e-11,1.0,16754.90672422311,19086.294273692605,38295.836345911026,39970.51173808441,1446.4298431061118
1067,5,Case3,6x4_168,-5.0,-1.0,6x4,3,3,6.989845985003185e-14,5.064364899665108e-11,1.0,17139.61928521297,19069.862775196452,37908.13997143507,39981.66702758523,1615.3292475563173
1068,5,Case3,6x4_169,58.0,-70.0,6x4,1,1,1.0,4.212652005008977e-09,1.9364879144667668e-10,11099.265634864609,10759.92749602061,13372.781242370605,12840.963694906233,362.3925725033588
1070,1,Case3,6x4_171,-6.0,-18.0,6x4,3,3,1.3159782508501139e-12,8.798968337941915e-06,0.9999911785125732,17540.320712343866,20339.77460596967,40203.499713897705,41697.76906735556,1099.7246228086467
1072,4,Case3,6x4_173,82.0,-55.0,6x4,1,1,1.0,5.484923804033315e-08,1.4956257066156553e-10,10106.262755440353,11170.75348198884,14243.19287109375,14635.887613133706,367.7607993436697
1073,5,Case3,6x4_174,-76.0,51.0,6x4,1,1,0.9999552965164185,4.4751523091690615e-05,3.153392477694972e-11,11688.244810745935,13551.47327260088,16035.628219604492,16032.70130271005,420.45444181577335
1074,1,Case3,6x4_175,-73.0,85.0,6x4,1,1,1.0,1.391035953091091e-09,1.1684042622306379e-09,6493.408798879067,5982.744618484712,9566.293472290039,9002.590868801519,385.3173033634023
1075,1,Case3,6x4_176,-36.0,30.0,6x4,2,2,0.006205660756677389,0.9937356114387512,5.8742160035762936e-05,16861.418796414117,16798.931143241705,27426.308544158936,28069.999680141584,468.13324686630517
1076,5,Case3,6x4_177,25.0,-81.0,6x4,2,2,1.4542235476255883e-05,0.9999839067459106,1.5490518308070023e-06,19231.55483406084,20258.40465949804,34969.16928100586,35993.843040239255,690.7204077218269
1077,3,Case3,6x4_178,27.0,63.0,6x4,2,2,0.0010449258843436837,0.9989550113677979,1.2589636000370774e-08,18268.280616398955,18658.805768746235,32240.031280517578,32363.074306251732,244.6133816916059
1078,4,Case3,6x4_179,73.0,-44.0,6x4,1,1,0.9774554967880249,0.02254454232752323,7.556801850938655e-10,15100.34955432096,15056.44766620913,21838.350715637207,21791.937955086818,162.86856953206225
1079,2,Case3,6x4_180,-14.0,88.0,6x4,2,2,1.5008802733973425e-07,0.9999998807907104,2.7598616100799056e-11,20981.1283021967,20271.161005076352,39556.224086523056,40843.832861171904,881.3280626344643
1080,2,Case3,6x4_181,88.0,45.0,6x4,1,1,0.9990500807762146,0.0009499286534264684,6.134787122746843e-12,12618.453308520386,12579.678086187152,19524.275802612305,20155.111748122687,445.8305924629785
1081,3,Case3,6x4_182,-14.0,42.0,6x4,2,2,2.3069411327014677e-05,0.9990381002426147,0.0009388105827383697,20685.679771739804,21745.537887481645,37819.16490936279,39252.53152158255,1136.3455697383677
1083,1,Case3,6x4_184,83.0,43.0,6x4,1,1,0.9818341135978699,0.018165871500968933,2.9049094241173634e-09,12057.478693098097,13631.30033501656,20777.539070129395,21631.01031656014,545.1730524306663
1084,2,Case3,6x4_185,-18.0,49.0,6x4,2,2,7.369407830992714e-05,0.9999262094497681,6.674579822174564e-08,20106.6583107552,20645.10526243672,36214.44086456299,37290.90677791688,793.3867089219048
1085,3,Case3,6x4_186,-54.0,1.0,6x4,2,2,7.486120612298919e-10,0.9983838796615601,0.001616072840988636,22192.93997980658,23245.87230186849,41827.7437735945,43046.432445879225,994.7101110789517
1086,3,Case3,6x4_187,-47.0,-37.0,6x4,1,1,0.8185568451881409,0.18144303560256958,8.156535358239125e-08,15469.306103976014,16939.059702591185,21882.617919921875,22676.83721049856,580.813209062138
1087,3,Case3,6x4_188,-40.0,56.0,6x4,1,1,0.9986650943756104,0.0013348744250833988,5.5436630980176815e-11,15505.556137508522,16389.817393184007,21403.67987060547,21060.446648325407,566.0460766504053
1089,3,Case3,6x4_190,-80.0,40.0,6x4,2,1,0.9549696445465088,0.045030321925878525,2.166627321997794e-09,15660.035271325043,15210.8291626677,25004.57660675049,24253.20314295842,370.6044553137163
1090,2,Case3,6x4_191,-75.0,6.0,6x4,2,2,1.6098741895120838e-08,1.0,3.8260861146000025e-08,21882.010175929852,23676.530138940198,41441.21379196644,43054.73074268311,1174.7397364780165
1091,5,Case3,6x4_192,89.0,-86.0,6x4,1,1,1.0,3.928816716403105e-10,5.544336101337421e-10,4974.456344214698,4992.885861024684,8324.810726165771,8109.671556918488,170.15943250887636
1092,2,Case3,6x4_193,48.0,41.0,6x4,1,1,0.9973614811897278,0.002638544188812375,6.161904320123313e-11,15500.57236990941,15994.740339182237,19973.023391723633,20370.93254824039,395.2616096935244
1093,2,Case3,6x4_194,-11.0,-16.0,6x4,3,3,4.3596328803963136e-12,1.0034399338110234e-06,0.9999990463256836,18009.31869637085,19396.187414251868,40202.231090545654,41149.27773677501,722.9129133884618
1094,1,Case3,6x4_195,12.0,71.0,6x4,2,2,1.5437681213370524e-06,0.9999984502792358,1.3359312545091484e-09,21377.041338223076,22059.316556549307,40525.23951153457,40058.203927839146,346.21191398110034
1095,4,Case3,6x4_196,-32.0,84.0,6x4,2,2,0.21589712798595428,0.7837463021278381,0.00035658988053910434,17440.041142761896,18547.625764844597,30635.0838432312,31705.01072240949,833.1438492866826
1096,5,Case3,6x4_197,-80.0,-38.0,6x4,1,2,0.19091197848320007,0.809087336063385,6.409097750292858e-07,16056.639305761139,15955.461364101182,26291.074905395508,25863.247170507522,177.65689861104127
1097,5,Case3,6x4_198,-82.0,-53.0,6x4,1,1,0.9999992847442627,6.910460683684505e-07,1.1962435486623235e-09,10604.521694320127,11246.205331236679,15126.537368774414,14629.101407202495,393.010277133813
1099,4,Case3,6x4_200,88.0,-42.0,6x4,1,2,0.43248018622398376,0.5675197243690491,2.210130212176864e-08,12008.926351299118,14989.241379487725,21528.413333892822,24449.941897779445,1872.9152762901847
1100,2,Case3,6x4_201,-73.0,-27.0,6x4,2,2,0.0005258340388536453,0.9994509816169739,2.3145907107391395e-05,18014.9650621937,18524.29438395005,33256.143882751465,33088.12414860191,164.08124068197196
1101,2,Case3,6x4_202,-24.0,-76.0,6x4,2,2,3.574811125872657e-05,0.9999642372131348,1.0339036571327398e-10,19495.640169757466,20725.198473132536,35379.7084236145,36889.95802369461,1128.4850009999707
1102,2,Case3,6x4_203,33.0,58.0,6x4,2,2,0.07301550358533859,0.9269844889640808,2.1027968255538099e-10,16482.04080712149,17639.70544466502,26712.24139404297,28534.99096997505,1236.7768541538737
1104,1,Case3,6x4_205,-58.0,-50.0,6x4,1,1,0.9999430179595947,5.700540714315139e-05,5.254005563948283e-12,15124.68535354721,14281.140557299497,17267.338439941406,16700.641881451,227.14184103592362
1105,1,Case3,6x4_206,4.0,90.0,6x4,2,2,8.966060782711338e-09,1.0,6.752718384461787e-10,10038.600722349593,21923.859336358528,39183.069727897644,41611.10814589167,1926.282940065745
1106,1,Case3,6x4_207,19.0,-83.0,6x4,2,2,1.4177287255279225e-07,0.9999996423721313,2.4381813545915065e-07,20564.91963223016,21689.538815254375,37949.672283649445,39651.281188140354,1170.5285808310314
1108,4,Case3,6x4_209,58.0,-69.0,6x4,1,1,1.0,1.5415082543768222e-09,2.1578375197783828e-10,11282.766392551277,10963.07565290971,13418.060317993164,13224.526762760408,175.20559236431123
1109,3,Case3,6x4_210,-10.0,23.0,6x4,3,3,6.77562216402916e-12,4.811741746379994e-05,0.9999518394470215,18468.04259986061,20786.182378931575,40090.53999328613,41064.45621890624,732.2413588865775
1110,3,Case3,6x4_211,55.0,-59.0,6x4,1,1,0.9999992847442627,6.611998628613946e-07,2.6151557048353924e-12,13100.177711280565,13762.725987650309,14740.599578857422,15104.287592785124,361.86822915094905
1111,5,Case3,6x4_212,-63.0,54.0,6x4,1,1,0.9999954700469971,4.526153588813031e-06,2.8350776587471316e-12,13170.06214727101,13959.967909167768,14893.418167114258,14706.270611288212,309.5274245922625
1112,4,Case3,6x4_213,67.0,-42.0,6x4,1,1,0.9862141013145447,0.013785948976874352,7.066738860750377e-10,15292.9758923371,15542.267039508177,22148.292037963867,22178.66822099358,167.42669659024696
1113,1,Case3,6x4_214,63.0,-14.0,6x4,2,2,8.103466342390675e-09,0.9999998807907104,8.68903029527246e-08,20812.492840603652,21495.242745860443,39578.9530415535,39395.700750777636,172.03346183242277
1116,4,Case3,6x4_217,21.0,56.0,6x4,2,2,0.0002553506928961724,0.9997445940971375,2.5632658662289032e-08,19720.401500551343,19729.74350092002,35297.25032043457,35474.081703501426,245.9831477812411
1118,4,Case3,6x4_219,-7.0,65.0,6x4,2,2,3.55320821654459e-06,0.9999964237213135,2.580103908300657e-09,22867.58007996084,22596.847674159428,41684.48186695576,41222.95273066277,335.44415636350413
1119,5,Case3,6x4_220,14.0,-23.0,6x4,3,3,1.450041059447571e-10,6.13308438914828e-05,0.9999386072158813,18941.57052539226,21025.7754438463,39468.324993133545,39897.61573471021,335.4862000856961
1120,2,Case3,6x4_221,74.0,-56.0,6x4,1,1,1.0,5.1689891478190475e-08,3.6860586875549564e-15,10793.905735864098,11407.360044826846,13888.81356048584,13736.096871330743,263.97315596412767
1122,3,Case3,6x4_223,-78.0,-48.0,6x4,1,1,0.999983549118042,1.6461292034364305e-05,1.2688983197506332e-10,12260.421951534236,13360.413320008673,17681.606452941895,18059.98692192739,314.94170756116006
1123,1,Case3,6x4_224,-4.0,-43.0,6x4,3,2,1.6763698340582778e-06,0.999404788017273,0.0005935478839091957,21096.36439751405,22517.434814514123,40980.294503211975,40954.531424332046,164.67639219664264
1124,5,Case3,6x4_225,2.0,-73.0,6x4,2,2,2.996532444399236e-08,1.0,2.8873625712577677e-10,22999.862364438683,22995.826441382098,41968.421342909336,42211.378785496134,235.82613116708004
1125,5,Case3,6x4_226,-42.0,80.0,6x4,1,1,0.9989442229270935,0.0002631043898873031,0.0007927815895527601,12703.70335130492,14426.490298514924,21541.13759613037,20723.47930523024,1106.9048153523102
1126,1,Case3,6x4_227,-42.0,-6.0,6x4,3,2,1.1502713226363426e-09,0.9924576282501221,0.007542435545474291,22070.71955774193,21813.36295790344,40465.71224403381,40431.7623934031,139.49915684758267
1127,1,Case3,6x4_228,60.0,-31.0,6x4,1,2,0.05680936947464943,0.9431905150413513,1.2435012308742444e-07,16921.061657142618,16873.07044488965,28580.81658935547,28220.37019821992,187.1344802205261
1128,5,Case3,6x4_229,42.0,86.0,6x4,1,1,0.966850996017456,0.0038645092863589525,0.029284551739692688,12216.487732381484,13251.73200533502,21525.879875183105,20381.431180535732,1356.3209352869915
1130,2,Case3,6x4_231,-69.0,24.0,6x4,2,2,4.812938641407527e-06,0.9999951124191284,7.594921669351606e-08,18672.066403642337,19529.270252258175,34886.8862285614,35456.233760302894,466.6495299845799
1131,5,Case3,6x4_232,-8.0,-27.0,6x4,3,3,9.333545047951475e-10,0.0028148554265499115,0.9971851706504822,20370.07284750744,21715.747832733312,40508.553062438965,40974.10027724104,251.6492221741101
1132,4,Case3,6x4_233,61.0,-20.0,6x4,2,2,1.0943512052108417e-06,0.9999967813491821,2.069623860734282e-06,20089.811395422636,21505.547455429365,36489.54779243469,37677.15505682596,930.3826873682654
1133,3,Case3,6x4_234,-49.0,-40.0,6x4,1,1,0.9849900007247925,0.015010038390755653,1.99132754730158e-09,15399.378258803974,16987.88045188548,20398.454147338867,21215.438227910196,622.1309283837372
1134,2,Case3,6x4_235,-62.0,7.0,6x4,2,2,6.581637901348358e-09,0.9999994039535522,6.059422048565466e-07,21848.001063428106,23705.81771030909,41518.02455928922,42990.74942205496,1044.1709115954504
1135,1,Case3,6x4_236,16.0,-57.0,6x4,2,2,0.00033954804530367255,0.9996604919433594,5.140395220593064e-09,21060.347674631616,20425.34429331894,38326.90448188782,37606.06927790679,479.31448766842465
1136,5,Case3,6x4_237,-32.0,66.0,6x4,1,2,0.06519429385662079,0.934805691242218,2.0248009491297125e-08,17257.4661116269,17918.59946532677,29053.475440979004,29267.549205917687,352.76033444117394
1137,4,Case3,6x4_238,64.0,-22.0,6x4,2,2,4.475775767787127e-06,0.9999949932098389,5.064673587185098e-07,19603.9716603638,21176.866254941135,35627.2828578949,36845.82249260372,965.793480360546
1138,2,Case3,6x4_239,30.0,17.0,6x4,3,3,1.4153242466896643e-10,0.0004620938852895051,0.9995379447937012,19685.40104714372,21638.577308050837,36959.55843925476,39033.11661813402,1616.5276988839705
1139,1,Case3,6x4_240,53.0,26.0,6x4,2,2,1.1457853361207526e-05,0.9998756647109985,0.00011290294787613675,17367.955799762494,17770.292236168276,31025.218383789062,31590.240839279737,517.6790899871895
1140,1,Case3,6x4_241,13.0,6.0,6x4,3,3,2.425395821681331e-12,8.177920562957297e-07,0.9999991655349731,17775.53588470045,18802.168603056092,40049.98613855243,40141.59767565629,386.41107317839527
1141,1,Case3,6x4_242,-31.0,60.0,6x4,2,1,0.6233658194541931,0.3766342103481293,4.657024210708016e-10,17185.84743144669,17390.32802524995,28694.180694580078,28630.082917718995,261.98856739168417
1142,1,Case3,6x4_243,-63.0,-63.0,6x4,1,1,0.9999997615814209,2.3772376778197213e-07,1.446080616362977e-10,11571.045094294217,11037.69770802043,13211.640167236328,12761.78157335073,185.9222698879932
1143,3,Case3,6x4_244,85.0,-58.0,6x4,1,1,1.0,1.3368464557572679e-08,1.8833418158337167e-10,9248.263805205346,10202.813065305809,13054.657936096191,13167.966932539966,145.80600130865534
1145,5,Case3,6x4_246,60.0,61.0,6x4,1,1,0.9999997615814209,1.9159713815497526e-07,7.601564343262535e-12,12186.420540176798,12175.617236636952,13738.070739746094,13281.142930784372,191.60635464356452
1146,3,Case3,6x4_247,-83.0,78.0,6x4,1,1,1.0,2.0840222880735837e-09,1.3795133924077163e-09,5904.1324528991545,5965.431456705941,9049.45775604248,8705.483346843619,255.11524670858094
1147,4,Case3,6x4_248,6.0,27.0,6x4,3,3,3.8826275527981124e-11,0.0005434797494672239,0.9994564652442932,19913.879655588986,21256.918440692076,40807.63076210022,41232.45632907092,313.1345907950457
1148,1,Case3,6x4_249,6.0,16.0,6x4,3,3,1.5835732248073442e-12,4.109274868824286e-06,0.9999959468841553,17617.310269223028,19315.83568742986,40035.808016486466,41553.00086951003,1082.7517526325203
1149,4,Case3,6x4_250,-47.0,64.0,6x4,1,1,0.9999992847442627,7.622137445650878e-07,3.9068349250159784e-11,15079.348337583882,13599.964392095413,19080.55908203125,17047.294403511278,1163.401671537845
1150,3,Case3,6x4_251,-69.0,0.0,6x4,2,2,8.165861875575331e-10,0.9999994039535522,6.019972715876065e-07,22181.976651935638,23699.56036066359,42062.09203660488,43362.96661144358,1002.3380094818127
1151,1,Case3,6x4_252,-82.0,-45.0,6x4,1,1,0.9989812970161438,0.001018697046674788,4.626396488127682e-10,12805.992993890331,13761.567768355828,19541.514533996582,20543.990271352952,616.9142988441293
1152,2,Case3,6x4_253,56.0,-34.0,6x4,1,1,0.9522806406021118,0.04771927744150162,1.3993277647728064e-08,16048.898978965943,16476.26727622535,25409.768951416016,25084.466334952118,215.5650307962597
1153,4,Case3,6x4_254,-75.0,-17.0,6x4,2,2,1.1487182760561154e-08,1.0,6.9098260446764925e-09,20295.581441903447,22702.490745194802,38675.09308671951,40868.03083814631,1612.4633398350898
1154,5,Case3,6x4_255,32.0,-60.0,6x4,1,2,0.17801912128925323,0.8219808340072632,2.55814813776567e-09,16960.47444659435,17442.465513814852,27923.489051818848,28373.758872592905,436.12550903096906
1155,1,Case3,6x4_256,-25.0,-11.0,6x4,3,3,2.1226674931651424e-11,0.00030771640012972057,0.9996923208236694,19471.70339355408,21045.015793965245,39964.87413215637,41773.736221091865,1580.2795017753228
1156,2,Case3,6x4_257,65.0,80.0,6x4,1,1,1.0,1.2241174740523775e-09,1.3415500095092635e-14,8254.977994858447,8036.328488878579,11147.02173614502,10514.525391495325,447.5232917467272
1157,5,Case3,6x4_258,54.0,-18.0,6x4,2,2,1.0329357564842212e-06,0.9999945163726807,4.402170816319995e-06,19646.974082873447,20456.784042355903,36768.65112495422,37199.08312207337,367.5914903056496
1158,5,Case3,6x4_259,-6.0,38.0,6x4,3,2,1.8039070255326806e-06,0.9888538122177124,0.011144371703267097,21161.761987119058,22411.996737757025,40482.76174163818,40901.17681383331,281.48505644890406
1161,3,Case3,6x4_262,-57.0,76.0,6x4,1,1,1.0,1.1645601816212547e-08,8.280269803151441e-09,10344.068553316582,9748.64954687523,13554.630020141602,12287.050837137765,893.8628132760067
1163,2,Case3,6x4_264,87.0,-65.0,6x4,1,1,1.0,4.834831424105346e-10,1.4912672333979027e-14,7725.825405550275,8598.168343555502,10958.162864685059,11179.619529057944,185.93020062673133
1164,5,Case3,6x4_265,-25.0,-84.0,6x4,2,2,6.105325155658647e-06,0.9999936819076538,2.272270336334259e-07,19275.03920096971,20145.872420503074,34975.148639678955,35945.734951910585,672.0960115369263
1165,3,Case3,6x4_266,-26.0,-39.0,6x4,2,2,0.0145722059533,0.9853524565696716,7.531305163865909e-05,17236.994143611984,17781.21014111794,29703.704746246338,29074.59920434591,481.51658772348316
1166,3,Case3,6x4_267,-33.0,-46.0,6x4,1,1,0.5582648515701294,0.44173505902290344,5.030447525200543e-08,15783.547365565131,17079.06139637234,24502.54744720459,23780.86619045395,727.5532416142751
1169,1,Case3,6x4_270,10.0,76.0,6x4,2,2,1.230503414717532e-07,0.9999998807907104,8.398940987142112e-10,21637.279173263676,22679.04150656053,40869.86350476742,41097.71863136769,196.3688410067828
1170,5,Case3,6x4_271,-30.0,50.0,6x4,2,2,0.42030131816864014,0.5796986818313599,1.3418671729326093e-09,16433.395853451722,16865.527434621014,27386.645797729492,26611.2288466759,675.3724672942393
1173,3,Case3,6x4_274,30.0,-25.0,6x4,2,2,4.1327930375700817e-05,0.9706532955169678,0.029305350035429,19119.897610543696,18579.078178733358,32603.662313461304,33168.19374159167,438.8955695266185
1174,5,Case3,6x4_275,80.0,-20.0,6x4,2,2,2.110331962512646e-07,0.9999997615814209,1.7685884978746458e-09,20363.18272349178,20670.27828609944,37404.778424322605,37682.70674443542,266.53621577414253
1175,2,Case3,6x4_276,-88.0,70.0,6x4,1,1,1.0,3.0146790619411945e-10,1.6748868662971005e-14,6795.8041052207645,7612.166460079943,9920.324508666992,10144.90158574512,190.9479540359179
1176,3,Case3,6x4_277,57.0,88.0,6x4,1,1,0.9999997615814209,5.3086306905925085e-08,2.564931662618619e-07,9435.268850119559,8825.250005989375,13436.074676513672,11773.330447356822,1176.0449231617085
1177,2,Case3,6x4_278,18.0,78.0,6x4,2,2,9.406060712535691e-07,0.9999990463256836,4.7255747925856184e-11,20986.89993534419,22081.139861708223,38395.97978037596,39793.63534991437,1018.1743836510753
1179,1,Case3,6x4_280,-31.0,-12.0,6x4,3,3,1.261298981924952e-10,0.008601220324635506,0.991398811340332,20774.18053463553,21276.21072360495,38936.22353363037,40715.7996184672,1440.609911897282
1180,3,Case3,6x4_281,-72.0,-17.0,6x4,2,2,5.180733708698426e-08,0.9999997615814209,2.2104534025402245e-07,20711.036763829376,21281.121346623717,38652.7662832737,39438.06721458382,558.8263872650297
1181,4,Case3,6x4_282,25.0,-74.0,6x4,2,2,0.00020486616995185614,0.9997950196266174,1.033024688013029e-07,19272.65176735183,20706.36275133157,34735.819149017334,36765.217137155014,1431.5442196130725
1182,1,Case3,6x4_283,34.0,-21.0,6x4,2,2,1.1844833380791897e-07,0.7537049651145935,0.24629497528076172,19016.767768615802,19989.68335384469,33876.189390182495,35267.30185976121,1080.1411403755035
1183,5,Case3,6x4_284,16.0,16.0,6x4,3,3,1.0910543302156128e-12,1.6881088527043175e-08,1.0,18689.25204022269,19584.63129619447,40013.31519699097,40881.072489367194,797.3166391323533
1184,1,Case3,6x4_285,-21.0,55.0,6x4,2,2,0.00019934936426579952,0.9998006224632263,2.670544063665403e-10,19670.234272744197,18916.67217447634,35159.78921127319,34475.59045442177,453.9564278065308
1185,2,Case3,6x4_286,40.0,-87.0,6x4,3,1,0.9995586276054382,0.0004413006827235222,2.424955039288107e-13,11036.653496965433,14744.02327204392,14015.524353027344,23419.115309089706,7600.150157439436
1186,4,Case3,6x4_287,-77.0,22.0,6x4,2,2,2.9761805464545432e-08,1.0,1.6765306920518697e-09,19868.523250725088,20326.479823997983,36425.47486972809,37420.208526772665,733.4009908764216
1187,3,Case3,6x4_288,37.0,70.0,6x4,1,1,0.9572843313217163,0.04271523654460907,4.3172707364647067e-07,16300.188756217416,15948.946690451232,26060.21315765381,25523.877445364633,185.9128143383385
1188,3,Case3,6x4_289,-9.0,44.0,6x4,2,2,1.0842957635759376e-05,0.9957088232040405,0.004280366934835911,21717.376436376882,22891.32839534693,39961.837451934814,41517.771684590334,1206.467996592248
1189,1,Case3,6x4_290,20.0,-82.0,6x4,2,2,2.1241098124846758e-07,0.9999994039535522,3.271416915140435e-07,20449.8820843123,21627.974927941003,37528.4433876276,39344.41486474933,1246.1781448949428
1191,2,Case3,6x4_292,71.0,-88.0,6x4,1,1,1.0,2.9390306854892856e-10,7.023524014986016e-14,6687.873343672521,6527.393307523822,9789.160976409912,9440.101409960818,253.14655247670365
1192,1,Case3,6x4_293,-28.0,11.0,6x4,3,3,8.056034138392842e-12,0.00012232987501192838,0.9998776912689209,19541.8698952902,20824.94549755437,39641.33066749573,41397.933800648636,1515.047321453864
1194,2,Case3,6x4_295,-84.0,-9.0,6x4,2,2,1.1989638437626127e-07,0.9999998807907104,3.2796670268453454e-08,21530.979419450596,22445.69069003153,40561.31958556175,41842.24640877126,913.1175638476108
1195,5,Case3,6x4_296,-48.0,82.0,6x4,1,1,0.9999058246612549,1.1824057537523913e-06,9.301365935243666e-05,12059.051590994488,12377.657369807674,17790.885147094727,16616.181875381673,1059.723243302449
1196,4,Case3,6x4_297,-13.0,-4.0,6x4,3,3,4.260977681802558e-11,3.11084404529538e-05,0.9999688863754272,17592.469012780097,19606.484021386095,39999.29505825043,40415.90684362818,601.2619941402534
1197,1,Case3,6x4_298,-19.0,-23.0,6x4,3,3,7.906493515452695e-11,0.0002974574745167047,0.999702513217926,20759.94345842013,20313.798909481513,38049.22520637512,37393.29371115215,385.1769073339057
1198,2,Case3,6x4_299,5.0,-32.0,6x4,3,3,7.008704727695658e-08,0.08487730473279953,0.9151225090026855,21929.104553035253,21462.70634950036,40736.26416969299,40983.02758942146,292.2092310227421
1199,2,Case3,6x4_300,51.0,46.0,6x4,1,1,0.9999113082885742,8.868189615895972e-05,8.360004312077396e-13,15725.886817545963,15697.320712718003,18333.07551574707,18496.572029727893,359.81916540084444
1200,3,Case3,6x8_001,65.0,19.0,6x8,2,2,1.0615944789904574e-09,0.9999887943267822,1.1176097359566484e-05,7524.224038148656,7382.076185794379,33776.032391786575,34226.940810940214,354.4195021669046
1201,5,Case3,6x8_002,40.0,-51.0,6x8,1,1,0.984815239906311,0.015184791758656502,1.98203797124874e-11,9915.333132586313,10174.607265383995,18071.812156677246,17937.20755288603,338.73803156664474
1205,3,Case3,6x8_006,-15.0,-74.0,6x8,2,2,4.903278671974931e-09,1.0,3.106148116494012e-10,7008.388160707061,6716.761556233792,35363.48408406973,36030.79006549986,512.5742711410333
1206,3,Case3,6x8_007,51.0,-83.0,6x8,1,1,0.995201826095581,0.004798164591193199,1.6638428135262728e-10,8488.488042930307,7839.560823073225,14388.524192810059,13973.888057205068,463.535562549864
1207,2,Case3,6x8_008,86.0,9.0,6x8,2,2,1.8774319876513346e-09,0.9999998807907104,1.4683988069918996e-07,6278.405559330977,6466.690689335707,35618.45208120346,37591.91711109973,1349.8023934134926
1208,2,Case3,6x8_009,-63.0,21.0,6x8,2,2,6.219197379309094e-10,0.9999920129776001,7.955567525641527e-06,7795.507660502387,7535.99465958821,32629.113290786743,33801.21482603868,852.3392584741804
1209,5,Case3,6x8_010,-74.0,83.0,6x8,1,1,1.0,1.1368000762956854e-08,5.39057470536064e-12,4291.496303165601,3993.2209585129676,8427.660251617432,7826.355256854101,396.3347951712414
1210,5,Case3,6x8_011,-39.0,-9.0,6x8,3,3,3.8416795786200275e-12,0.0029302712064236403,0.9970697164535522,6767.43965099748,6417.86086854314,35850.71823883057,35741.51340164588,138.18918799128588
1211,5,Case3,6x8_012,-56.0,9.0,6x8,2,2,3.8117741602006205e-11,0.9998854398727417,0.00011459544475656003,7210.366591820945,6957.148718748992,36972.372891783714,36290.64434381251,445.90843125623445
1212,3,Case3,6x8_013,61.0,33.0,6x8,2,2,4.688185526902089e-06,0.999995231628418,2.358345874142742e-08,8807.624154653906,8700.480499528836,24362.78973197937,24187.55954568047,113.86094250185236
1213,5,Case3,6x8_014,19.0,79.0,6x8,2,2,3.215613375573412e-08,1.0,9.913578291609326e-11,7084.47014887711,7232.471962757822,33844.269014418125,33482.231825804876,210.82049789261123
1214,4,Case3,6x8_015,35.0,60.0,6x8,2,2,0.0048299022018909454,0.9951700568199158,9.902383080184762e-11,9054.329212065408,8982.385509169268,22749.634941101074,23321.914903814853,463.2006651859083
1215,1,Case3,6x8_016,75.0,-61.0,6x8,1,1,0.9999994039535522,5.862120815436356e-07,1.3421263883248158e-12,6890.709439484805,6884.381833545285,10801.775253295898,11036.424539063986,181.62533111809276
1218,2,Case3,6x8_019,-79.0,29.0,6x8,2,2,4.2983292480869295e-09,1.0,9.527606259496224e-09,7800.312944908193,7916.588820900997,28823.66388696432,29731.778717743156,672.0284866408058
1219,1,Case3,6x8_020,-2.0,48.0,6x8,2,2,5.717620821243941e-10,0.999998927116394,1.075144496098801e-06,6911.159924844127,6480.356250505053,37567.49886202812,37588.65822435404,207.2134905919369
1220,2,Case3,6x8_021,-49.0,-67.0,6x8,1,1,0.9965118765830994,0.0034880766179412603,7.708158113531316e-13,9587.902988942242,9195.057778225097,15741.880012512207,15186.293427398965,368.10010284287114
1221,4,Case3,6x8_022,43.0,-33.0,6x8,2,2,7.683356670895591e-06,0.9999874830245972,4.861509751208359e-06,9082.27771426675,9016.940642081507,21935.41286087036,22552.564361484525,454.4365037082496
1222,2,Case3,6x8_023,62.0,-67.0,6x8,1,1,0.9999996423721313,4.039561360968946e-07,4.503108786058823e-15,7299.230124218186,7137.888470055538,11145.458297729492,10587.340980955936,358.5274212227679
1223,1,Case3,6x8_024,30.0,75.0,6x8,2,2,4.783944405062357e-07,0.9999995231628418,3.593034203497325e-11,8015.284047360245,7959.769487869524,28051.139772698283,28278.70749724744,194.4513011710075
1225,2,Case3,6x8_026,-81.0,73.0,6x8,1,1,1.0,1.1762577578622313e-08,2.7559021620218553e-14,4542.146692198235,4821.281471355821,8605.720348358154,8640.147962658919,81.51143404336763
1229,3,Case3,6x8_030,15.0,-12.0,6x8,3,3,3.9078208069920784e-15,3.8806971525140455e-10,1.0,5244.46613065066,5313.231074673694,36504.724475085735,37052.750860015585,581.166704865078
1230,2,Case3,6x8_031,-55.0,-62.0,6x8,1,1,0.9999583959579468,4.1610546759329736e-05,9.159898317276371e-14,8800.720495346392,8763.230906634828,12615.7841796875,12837.629481158889,154.83732431471435
1231,5,Case3,6x8_032,-19.0,-7.0,6x8,3,3,6.016043037544196e-15,2.3239493662785549e-10,1.0,5181.719601493141,5050.13050377047,36802.607921898365,37031.816428986844,421.49804319262836
1233,4,Case3,6x8_034,-43.0,-15.0,6x8,2,3,3.405034587622424e-11,0.020701635628938675,0.9792983531951904,7322.088663289745,7005.354158965455,33762.03829574585,34983.68598941623,917.9330815317751
1234,1,Case3,6x8_035,70.0,81.0,6x8,1,1,0.9999998807907104,1.1278464029373936e-07,2.294962830884373e-12,4898.790939411711,4506.680127617465,8948.375633239746,8595.567416645463,255.7541623931415
1235,3,Case3,6x8_036,8.0,25.0,6x8,3,3,3.422758157087778e-14,3.4312959087401396e-06,0.999996542930603,5722.520737528544,6008.6696173114215,36613.93920326233,37180.03931970223,411.3738755052639
1236,4,Case3,6x8_037,-85.0,67.0,6x8,1,1,0.9999997615814209,2.6622197424330807e-07,1.6022059980830283e-12,5061.911776993923,5536.49392633194,9331.517364501953,9723.929052441497,322.61772551687477
1237,4,Case3,6x8_038,-56.0,52.0,6x8,1,1,0.9997116923332214,0.0002883157576434314,1.6674261797688938e-12,9708.364401091494,9665.684531451745,13366.981964111328,13939.669744682804,407.5574485300375
1238,5,Case3,6x8_039,64.0,42.0,6x8,2,1,0.5375284552574158,0.46247148513793945,1.9388120275909415e-10,9354.945515556834,9504.831976178208,18853.009757995605,18363.22580382035,266.6525809063637
1241,4,Case3,6x8_042,84.0,51.0,6x8,1,1,0.9982542395591736,0.0017457229550927877,5.2645162534892265e-12,8418.101373652402,8482.689094606878,14383.835975646973,14587.455156879672,280.74601062079483
1242,1,Case3,6x8_043,79.0,-71.0,6x8,1,1,1.0,1.7143330310886995e-08,2.0200778983597845e-12,4955.136996827559,4977.582507010187,8927.211688995361,9070.69806371905,132.37672512168993
1244,3,Case3,6x8_045,-18.0,-35.0,6x8,3,2,5.314098050490657e-10,0.7389039993286133,0.2610960006713867,7104.411917835755,7305.12648236882,32258.847714424133,32148.896967346845,174.7658085087642
1245,1,Case3,6x8_046,-76.0,-77.0,6x8,1,1,0.9999998807907104,8.34033144769819e-08,1.1773506431930758e-12,4637.413712708471,4583.081652698731,8579.262161254883,8572.812716126386,55.27191274067208
1246,1,Case3,6x8_047,42.0,27.0,6x8,2,2,4.831241184888313e-09,0.9933393597602844,0.006660631857812405,8279.967262373988,8025.940113885192,26066.88731956482,27677.38074803199,1158.1330074120867
1247,3,Case3,6x8_048,1.0,71.0,6x8,2,2,1.0644022330197345e-09,1.0,1.2604525756465534e-10,6563.468961879951,6544.392623656257,37520.93623316288,37860.813862438765,275.20840056438266
1248,4,Case3,6x8_049,-37.0,22.0,6x8,2,3,1.8838848536706365e-10,0.06254842877388,0.9374515414237976,7642.469373378412,7361.035519658056,29730.569416046143,31681.997996950395,1433.0559083587955
1249,4,Case3,6x8_050,-16.0,44.0,6x8,2,2,3.4806748594462533e-09,0.9999983310699463,1.6713247532607056e-06,7429.534916811786,7384.4830140587055,33391.49010181427,34400.24487419705,720.6788769554321
1250,2,Case3,6x8_051,28.0,57.0,6x8,2,2,9.038953430717811e-05,0.9999096393585205,5.551950565951813e-10,8469.189546572357,8324.079046615283,27317.886525154114,27452.268289084142,186.85619749721613
1251,3,Case3,6x8_052,-79.0,34.0,6x8,2,2,2.7822480319628085e-07,0.9999997615814209,1.2321324516229026e-10,8162.8014153166905,8538.611392768827,25674.852959632874,25374.417573608727,184.8980230394482
1252,2,Case3,6x8_053,3.0,87.0,6x8,2,2,1.825123274734608e-09,1.0,2.1452063736493443e-10,6097.274114105937,6340.55978911251,35786.184359550476,37555.86732327195,1137.5211563502098
1253,5,Case3,6x8_054,-17.0,-44.0,6x8,2,2,6.372452787672955e-08,0.9910629987716675,0.008936915546655655,7415.760628275197,7216.998830809914,32829.24737453461,33107.62311620682,259.22323411104213
1254,3,Case3,6x8_055,44.0,-49.0,6x8,1,1,0.9923096895217896,0.0076903728768229485,3.2072790603909773e-12,10549.651234647934,10344.955288763993,16422.475189208984,16589.065377051167,131.88265152923645
1255,5,Case3,6x8_056,67.0,-19.0,6x8,2,2,3.8925351830698673e-10,0.9999997615814209,2.3642553514946485e-07,7575.267173406533,7393.3201901749,33866.84399306774,33883.18202195359,178.21993268823627
1256,4,Case3,6x8_057,2.0,74.0,6x8,2,2,1.1981939052052581e-10,1.0,1.2958982775757022e-09,6404.5765113421485,6476.437168264944,37143.717519164085,38015.67517361989,602.2860043006287
1257,3,Case3,6x8_058,82.0,19.0,6x8,2,2,2.4220219163595402e-09,1.0,1.2795339898730163e-08,6990.421326106947,7123.981277991913,33747.492173314095,34408.7476158955,493.10892280951595
1258,4,Case3,6x8_059,14.0,3.0,6x8,3,3,5.733742202817388e-15,1.8805598744897623e-10,1.0,4721.089115915396,5113.298355924917,36336.157368421555,37810.73856932424,1521.8398781206245
1259,2,Case3,6x8_060,44.0,-84.0,6x8,2,1,0.6553658246994019,0.34463417530059814,2.3450045724682234e-11,8518.496274441966,8802.696103675602,19655.73733139038,18955.593639575633,366.27458252501015
1260,2,Case3,6x8_061,0.0,-52.0,6x8,2,2,7.525308376443718e-08,0.998722493648529,0.0012774007627740502,6986.884563563323,6571.240041943784,37861.77801042795,38903.570996315124,690.1905148854996
1261,3,Case3,6x8_062,33.0,26.0,6x8,2,2,1.009674677199257e-09,0.8693063259124756,0.13069362938404083,7828.853848038589,7753.063489781972,27993.73330116272,29719.729222930866,1176.2298390809262
1262,3,Case3,6x8_063,-75.0,38.0,6x8,2,2,2.0128252799622715e-05,0.9999798536300659,4.4987538000418326e-11,8564.10510985636,8911.376574778944,22802.475021362305,22823.061412772542,112.76776656579416
1263,3,Case3,6x8_064,-20.0,55.0,6x8,2,2,3.0735293421457754e-07,0.9999996423721313,5.954024495657961e-10,7891.335126607133,7606.769028902556,32376.72755739093,32355.826573192968,148.4156562386387
1264,5,Case3,6x8_065,72.0,31.0,6x8,2,2,3.473539607057319e-07,0.9999995231628418,1.6174918471278943e-07,8228.556080062759,8355.319992819293,27195.764330387115,26866.35057496186,179.0116590003514
1266,4,Case3,6x8_067,-83.0,68.0,6x8,1,1,0.9999998807907104,1.417783295210029e-07,1.5048952752352851e-12,5037.133195018236,5368.846880099764,9199.939998626709,9530.24349469871,270.67984054011833
1267,4,Case3,6x8_068,-26.0,-1.0,6x8,3,3,4.279345974800286e-15,4.531730102286247e-09,1.0,5677.412801135068,5102.498094711801,37100.69652557373,37801.785094166196,617.1041534159923
1268,5,Case3,6x8_069,-36.0,57.0,6x8,2,1,0.5859954357147217,0.4140045940876007,1.437982285329431e-11,9272.518168259172,9202.153422743191,21486.99746322632,19903.29157970689,1045.441906847004
1269,1,Case3,6x8_070,-89.0,-51.0,6x8,1,1,0.9764469861984253,0.023553060367703438,1.3105398710688831e-10,8249.701067765836,8195.395614192275,14458.86022567749,14896.922808150584,271.0632491182494
1270,2,Case3,6x8_071,-45.0,-29.0,6x8,2,2,4.170712770701357e-07,0.9988023042678833,0.0011973236687481403,8588.500874257914,8408.90135510524,24727.49139213562,25950.37830808673,881.6993810551406
1271,4,Case3,6x8_072,-29.0,13.0,6x8,3,3,4.7245149822515084e-14,5.239309643911838e-07,0.9999995231628418,6421.020342466547,6146.96513000182,35117.59205055237,36505.635831007785,1050.6396413487273
1272,4,Case3,6x8_073,-22.0,46.0,6x8,2,2,1.3005646337660437e-07,0.9999998807907104,1.0490666113582847e-08,7991.318059068361,8006.681925651671,29961.142296791077,30107.233970113153,250.3237105636193
1273,4,Case3,6x8_074,-1.0,-8.0,6x8,3,3,6.551236993618563e-15,1.1995224258321002e-10,1.0,4458.615577910378,5427.021097533537,34581.82697916031,37710.8206860349,2294.360722427837
1274,5,Case3,6x8_075,-22.0,82.0,6x8,2,2,3.660582947873081e-08,1.0,1.5622678498083964e-11,7138.576514473828,7175.886207656075,32541.30011790991,32514.358329856128,117.20591038638075
1275,4,Case3,6x8_076,50.0,5.0,6x8,2,2,3.316082131110676e-11,0.8554709553718567,0.14452901482582092,7036.320129332741,6880.388519862117,37377.317967653275,37331.87185666972,107.2840963329945
1278,4,Case3,6x8_079,-67.0,39.0,6x8,2,2,5.1634629926411435e-05,0.9999483823776245,7.572785454268427e-11,9028.989566253744,8944.227322050827,21204.891162872314,21239.700865730214,134.29280720959767
1279,4,Case3,6x8_080,-53.0,-64.0,6x8,1,1,0.9999722242355347,2.7787482395069674e-05,8.45580658444256e-13,10111.146711082843,8761.676978820293,14173.245239257812,13213.981464273082,529.7970094079626
1280,2,Case3,6x8_081,-38.0,-72.0,6x8,2,2,0.012922115623950958,0.9870778322219849,9.08238623198443e-11,8680.800592914631,8764.21670633631,22483.64617919922,23191.470453402035,510.37626289997377
1281,1,Case3,6x8_082,85.0,48.0,6x8,1,2,0.2643846869468689,0.7356152534484863,2.1363667779272788e-11,8578.513992319487,8715.340393203582,17553.98579788208,17058.44504884015,252.58622343529316
1282,5,Case3,6x8_083,-12.0,85.0,6x8,2,2,3.3567875146189863e-09,1.0,3.6275763642956704e-11,6463.958490693491,6499.59172584652,35424.888345718384,35301.02695676986,176.54668141443108
1283,4,Case3,6x8_084,77.0,-48.0,6x8,1,1,0.6529439091682434,0.347056120634079,5.2615471007877446e-11,8906.27660502941,8931.758522077125,17159.611248016357,16886.698875343915,75.31396012275873
1284,1,Case3,6x8_085,45.0,75.0,6x8,2,2,0.41410696506500244,0.5858930349349976,8.896601511043656e-11,8900.982015934325,8871.944647406428,18554.359394073486,18011.488655687415,316.22648766539197
1285,2,Case3,6x8_086,-41.0,-54.0,6x8,1,1,0.9556190967559814,0.04438084363937378,1.3959290320886275e-11,9852.83434575456,10019.445923893603,17830.686027526855,18495.68087803718,483.30580403535936
1286,1,Case3,6x8_087,-38.0,89.0,6x8,2,2,7.304132304852828e-05,0.9999269247055054,7.529214751667013e-11,8149.316952421689,8575.032693724674,23348.006154060364,24163.909101921232,611.2206573875127
1288,3,Case3,6x8_089,18.0,-35.0,6x8,3,2,3.695646011436793e-10,0.801308810710907,0.1986912190914154,7100.982621180198,7239.8028127054895,32288.256896018982,32782.07755252247,372.39307784991985
1289,4,Case3,6x8_090,-65.0,24.0,6x8,2,2,2.3791779657500456e-10,0.9999997615814209,1.8258715783758817e-07,7982.342931067636,7898.507362708217,31071.103372842073,31514.56991685612,375.63465126765504
1290,5,Case3,6x8_091,11.0,36.0,6x8,3,2,1.1175218528336472e-09,0.93030846118927,0.06969160586595535,6627.652973903583,6790.564379001557,35250.075733184814,35180.880981537426,228.29068081256506
1291,3,Case3,6x8_092,-38.0,-40.0,6x8,1,2,0.02088533341884613,0.9791146516799927,5.550000459209059e-09,9785.012728640324,9906.280516677627,19993.843063354492,19087.795513611723,643.3259134177675
1292,4,Case3,6x8_093,-70.0,-78.0,6x8,1,1,0.9999998807907104,6.94696282721452e-08,1.61506528637001e-12,5159.2463290288115,4736.09966288745,9096.195659637451,8592.564888006016,335.3623024200451
1293,3,Case3,6x8_094,73.0,-55.0,6x8,1,1,0.9999768733978271,2.309910451003816e-05,1.220999484245061e-13,8508.131886261093,8672.84487068224,12606.26262664795,12857.45720192502,210.65188542238047
1294,3,Case3,6x8_095,68.0,-30.0,6x8,2,2,7.57760687974951e-07,0.9999991655349731,2.6176058653959444e-08,8333.378532982306,8278.069828620995,27488.70371723175,27629.532609654692,102.5140468510494
1295,5,Case3,6x8_096,84.0,-52.0,6x8,1,1,0.9993460774421692,0.0006539651658385992,6.276010527245246e-12,8166.172607527085,8389.22045760673,13970.095970153809,14362.332035317111,319.90496212907703
1300,3,Case3,6x8_101,48.0,15.0,6x8,2,2,2.0922184817973033e-10,0.9819668531417847,0.0180331040173769,7432.226229484006,7055.398137483422,34197.79351615906,35788.90908238516,1131.9112711259168
1302,1,Case3,6x8_103,66.0,14.0,6x8,2,2,8.789347721860352e-11,0.9999945163726807,5.46665887668496e-06,7184.262851352114,7045.986251454057,35819.824682056904,35203.31956282315,380.441669965887
1303,2,Case3,6x8_104,83.0,3.0,6x8,2,2,1.1807320676737731e-09,0.9999996423721313,3.518791515944031e-07,6092.318340201479,6309.694402323712,35993.04936885834,38292.34381906748,1505.5250391267841
1304,1,Case3,6x8_105,89.0,-77.0,6x8,1,1,1.0,6.924827378185228e-09,8.234488611813529e-12,3805.380473736686,3859.5234844343872,8015.602584838867,8054.334756075392,67.88813490076426
1305,1,Case3,6x8_106,-12.0,43.0,6x8,2,2,4.97726970749568e-10,0.9999251365661621,7.484872912755236e-05,7094.357934988239,6850.63493594827,35105.361810684204,35905.95954144151,655.0759295959181
1310,2,Case3,6x8_111,7.0,87.0,6x8,2,2,2.9782800670119514e-09,1.0,1.545263778046646e-10,6249.152885527738,6453.168434570151,35699.10906779766,37300.62732396723,1075.6627722377887
1311,5,Case3,6x8_112,21.0,-8.0,6x8,3,3,5.088017646906386e-15,4.695492328288253e-10,1.0,5371.162629558365,5288.3304181632775,36769.71540403366,36835.629612425764,353.80430319817594
1312,5,Case3,6x8_113,35.0,-2.0,6x8,3,3,6.574049030844131e-14,7.33033175492892e-06,0.9999927282333374,6318.030640230154,5787.948950906367,36915.87106132507,36970.73109946691,263.2375466496325
1313,2,Case3,6x8_114,-35.0,-78.0,6x8,2,2,0.0004487979458644986,0.9995512366294861,9.880857937405452e-11,8222.349213646074,8411.346719101244,24949.17180633545,25374.168356736405,355.8851523378895
1314,3,Case3,6x8_115,22.0,74.0,6x8,2,2,7.030821791431663e-08,0.9999998807907104,2.2624109183300156e-11,7445.467270484865,7410.132235263298,32591.521212637424,32150.106861914537,263.0847950445418
1315,1,Case3,6x8_116,12.0,-85.0,6x8,2,2,1.4879071308371294e-09,1.0,3.950949789555125e-09,6465.063323678779,6470.269075788677,35431.03103160858,35451.230738846534,117.99694329131333
1316,3,Case3,6x8_117,-87.0,33.0,6x8,2,2,1.4783485369207483e-07,0.9999998807907104,1.0156339658173863e-10,7847.524023385839,8300.149892166526,26501.251106262207,26057.617196600462,276.6841128369461
1317,4,Case3,6x8_118,54.0,-88.0,6x8,1,1,0.9999966621398926,3.3096089282480534e-06,2.6871321140431448e-11,7423.67117461338,6881.956033825481,13072.950675964355,12049.644901857673,724.4703749632441
1318,4,Case3,6x8_119,31.0,-10.0,6x8,3,3,6.172068200494332e-15,5.780298550916996e-08,1.0,6210.350260559193,5888.449956248576,35777.01540184021,37144.0406781041,1070.3346685540064
1319,2,Case3,6x8_120,-58.0,-26.0,6x8,2,2,3.572563045395327e-08,0.9986795783042908,0.0013203921262174845,8283.694255242888,7924.527117442307,28866.781861782074,29934.096536758414,760.3158419935045
1321,2,Case3,6x8_122,20.0,-73.0,6x8,2,2,3.104081827132177e-07,0.9999996423721313,4.6521655971965004e-10,7393.279409982616,7374.784084178556,33537.74735723436,34347.59901455313,614.9370757430495
1322,5,Case3,6x8_123,76.0,4.0,6x8,2,2,3.970246700846225e-11,1.0,3.146904603568146e-08,6354.458186437243,6506.43110605545,36811.26624801755,36848.80440275503,186.3318408244846
1324,4,Case3,6x8_125,-3.0,72.0,6x8,2,2,1.7012108388669844e-10,1.0,1.2377817659725565e-09,6524.992565918011,6613.416962518437,37366.78928772174,37803.788113384,321.80187083681784
1325,4,Case3,6x8_126,-8.0,18.0,6x8,3,3,6.640026798798021e-15,3.834383477396841e-09,1.0,5232.978617811867,5362.797968027486,36770.634955149144,37811.61892656416,710.0796522462364
1326,5,Case3,6x8_127,-66.0,77.0,6x8,1,1,0.9999998807907104,9.093788833069993e-08,5.331916548903526e-13,5823.02316160585,5134.006510293977,9722.757888793945,8947.965004015003,521.297220354998
1327,3,Case3,6x8_128,59.0,-70.0,6x8,1,1,0.9999921321868896,7.887434549047612e-06,2.5451597209999455e-13,7556.256506674854,7438.200317707162,11689.819610595703,11383.688271118444,163.82064096978442
1328,3,Case3,6x8_129,24.0,11.0,6x8,3,3,2.261905982677806e-15,4.57428228628487e-09,1.0,5787.35396635674,5432.312165046727,36175.08353614807,37719.125120934135,1258.9273065036766
1330,4,Case3,6x8_131,41.0,53.0,6x8,1,1,0.9732308983802795,0.026769159361720085,2.3766372550526604e-11,9893.351128859907,10121.643121944828,17725.2247467041,17533.66614103736,316.2167463259112
1331,2,Case3,6x8_132,38.0,35.0,6x8,2,2,0.0012935377890244126,0.9987053871154785,1.032970544656564e-06,9260.239153875234,9156.575653594966,21754.505031585693,21729.140688794483,115.83268915256784
1332,2,Case3,6x8_133,-21.0,37.0,6x8,2,2,8.251883620857825e-09,0.9806649684906006,0.019335051998496056,7573.1538247700055,7633.967702925948,30381.42730998993,30718.906804926395,349.88590532821246
1333,1,Case3,6x8_134,-56.0,37.0,6x8,2,2,0.0015994133427739143,0.9984006285667419,1.1529684845745791e-10,9358.531050478816,9170.264787008138,20602.47836303711,20510.547440179493,47.63098272985798
1334,1,Case3,6x8_135,39.0,-76.0,6x8,2,2,0.0003616119211073965,0.9996383190155029,9.335894557427338e-11,8590.93301384347,8440.754239764163,22243.89108657837,22476.41049606384,207.76652855653282
1335,4,Case3,6x8_136,8.0,-68.0,6x8,2,2,2.373160779001182e-09,1.0,3.257086600427783e-09,6874.274104496997,6872.158601973598,37250.71263194084,37311.64405873304,121.2255276235515
1336,2,Case3,6x8_137,68.0,53.0,6x8,1,1,0.9985700845718384,0.0014298856258392334,4.637540351737357e-13,9757.606540082235,9245.875077549752,14443.67292022705,13731.945544760913,440.893050708782
1337,2,Case3,6x8_138,-28.0,-75.0,6x8,2,2,1.9572626115405e-05,0.9999804496765137,4.259501640291319e-10,7885.83162693426,7958.856803048824,29272.32391630113,29695.71890405471,342.1209652796709
1339,4,Case3,6x8_140,1.0,-3.0,6x8,3,3,1.4122510025836327e-14,1.215320760694638e-10,1.0,11666.361419880124,5939.574611214352,38677.14109802246,37499.95491153582,1225.6514968012696
1343,5,Case3,6x8_144,-86.0,-39.0,6x8,2,2,3.854583701468073e-05,0.9999613761901855,2.983863822692001e-08,8245.2091005155,8428.763103144967,22677.733964920044,22635.489890051707,59.897294247565334
1344,1,Case3,6x8_145,29.0,32.0,6x8,2,2,5.6608161713711524e-08,0.9919474720954895,0.00805248599499464,8213.725370626771,8199.483797899438,26804.465641498566,26261.73236980776,377.96994863514317
1347,5,Case3,6x8_148,46.0,-62.0,6x8,1,1,0.9962111711502075,0.003788785543292761,3.623769687099987e-12,9783.137497338115,9449.51208998878,16456.991203308105,15620.811517959712,578.8622544131048
1348,2,Case3,6x8_149,24.0,-59.0,6x8,2,2,6.810597551520914e-05,0.9999319314956665,3.555817640332748e-09,8155.214235977045,7933.587238894342,30409.301865816116,30937.015046945744,369.2178048574337
1349,2,Case3,6x8_150,15.0,-47.0,6x8,2,2,4.977142111783905e-07,0.999919056892395,8.041703404160216e-05,7446.097303996584,7389.773667241197,34138.97739696503,34903.7348974977,507.7818642447832
1350,1,Case3,6x8_151,-66.0,-82.0,6x8,1,1,0.9999996423721313,3.814206479546556e-07,4.034165362876152e-12,5373.7745298167065,4915.824589801596,9582.351867675781,8899.310194031617,469.21249775787896
1351,3,Case3,6x8_152,-23.0,-66.0,6x8,2,2,5.269448138278676e-06,0.9999947547912598,3.285456906532147e-10,7800.064742828617,7584.202494020638,31717.45244203182,31782.914840744415,129.0158089517467
1352,5,Case3,6x8_153,50.0,-62.0,6x8,1,1,0.9997648596763611,0.00023518403759226203,8.984097103412192e-13,10092.907418373728,9246.96517803269,14907.856819152832,13662.484191278578,763.6685649797896
1353,2,Case3,6x8_154,-65.0,-65.0,6x8,1,1,0.9999971389770508,2.802114750011242e-06,3.9755938612776737e-14,7118.58233050215,7237.161375041745,10910.121948242188,10807.319071137012,85.08290183263664
1354,4,Case3,6x8_155,11.0,-32.0,6x8,3,3,1.642429681841806e-12,0.0002467407030053437,0.9997532963752747,6456.77124940812,6607.308975828462,35461.84052848816,36320.648616717444,573.9618990571627
1355,5,Case3,6x8_156,70.0,-86.0,6x8,1,1,1.0,2.732220671930463e-09,7.187867488711586e-12,4628.682805172048,4081.838054003533,8830.880466461182,8142.9331510557595,489.01764380803564
1356,3,Case3,6x8_157,78.0,-26.0,6x8,2,2,4.4057220094373406e-08,0.9999998807907104,2.384632047380819e-08,7605.588560620867,7728.834885905324,30528.765560388565,31610.195970804914,744.6012077032763
1357,4,Case3,6x8_158,17.0,-43.0,6x8,2,2,1.0520975202155114e-08,0.9992954730987549,0.0007045114180073142,7452.457229851058,7545.194597189845,32788.26205825806,32838.55750919718,191.64042650657217
1359,4,Case3,6x8_160,47.0,-13.0,6x8,2,2,4.5640470569541236e-11,0.5011513233184814,0.49884867668151855,7323.676722964833,7001.258338185042,35000.142886161804,36030.96301209342,788.6962289906462
1360,3,Case3,6x8_161,-43.0,-45.0,6x8,1,1,0.9736203551292419,0.026379579678177834,3.282784113989301e-11,10526.70491771137,10495.326014994318,17255.99666595459,16597.683875659437,492.0049860078718
1362,1,Case3,6x8_163,-84.0,28.0,6x8,2,2,1.484763201275996e-09,1.0,1.1594442073104005e-09,7573.259908729455,7737.52419285799,29475.75877714157,29869.215809298945,308.1092628171625
1364,4,Case3,6x8_165,-5.0,10.0,6x8,3,3,1.0763858371515365e-14,3.1026545221912727e-10,1.0,4616.933906948276,5274.190235572174,35385.63230009377,37550.734070217855,1657.98713157648
1365,3,Case3,6x8_166,-61.0,-3.0,6x8,2,2,1.4123577307678659e-11,0.9997231364250183,0.0002768126723822206,6983.137187310844,6596.7673139649105,37977.43780386448,38328.21119215979,292.863595054585
1366,5,Case3,6x8_167,-4.0,-6.0,6x8,3,3,6.9194324749111136e-15,2.3729546105855093e-11,1.0,4475.429064875118,5465.996148939332,34403.83818817139,37100.007486307215,2112.118095649814
1367,5,Case3,6x8_168,-5.0,-1.0,6x8,3,3,6.4410638416856694e-15,2.329842221926448e-11,1.0,11596.198175792388,5457.692409299772,38294.377558231354,37129.790632785836,1633.854753973889
1368,5,Case3,6x8_169,58.0,-70.0,6x8,1,1,0.9999972581863403,2.6922812139673624e-06,3.0262283564480574e-13,7739.77926808732,7248.476812578588,11941.01375579834,11169.777670669524,486.01994245087815
1370,1,Case3,6x8_171,-6.0,-18.0,6x8,3,3,1.7305363803602923e-15,6.950587883025605e-10,1.0,5089.866871509018,5222.128507569722,36823.1075347662,37561.64581127163,579.6245344312812
1372,4,Case3,6x8_173,82.0,-55.0,6x8,1,1,0.9999812841415405,1.87558434845414e-05,1.7746084549769003e-12,7472.678202325305,8016.980691400847,12685.558261871338,13273.514493565122,474.6554195634719
1373,5,Case3,6x8_174,-76.0,51.0,6x8,1,1,0.995621383190155,0.0043785846792161465,1.1686237914865227e-12,9047.427144463363,9076.46443973254,15764.211769104004,14226.941451682993,971.3981348754853
1374,1,Case3,6x8_175,-73.0,85.0,6x8,1,1,1.0,1.7715743538815332e-08,7.548137462287663e-12,4298.767565050063,3751.8681824429304,8476.20136642456,7972.297054200494,372.785108078356
1375,1,Case3,6x8_176,-36.0,30.0,6x8,2,2,3.683791760522581e-08,0.9902660250663757,0.009733874350786209,8548.896667769483,8153.962229402626,24884.28039932251,25915.08127327091,745.5260206346775
1376,5,Case3,6x8_177,25.0,-81.0,6x8,2,2,4.666550879051101e-08,1.0,2.8815895850020645e-11,7423.009736441361,7467.791059340761,31113.929184675217,30971.06364990571,112.55730314732263
1377,3,Case3,6x8_178,27.0,63.0,6x8,2,2,6.726694209646666e-06,0.9999933242797852,1.186367670769073e-10,8265.42436139755,8067.3503868326325,28932.5890045166,28545.382256235072,254.8566418899779
1378,4,Case3,6x8_179,73.0,-44.0,6x8,1,2,0.0022503798827528954,0.9977496266365051,3.054503178168133e-11,8955.63071410123,8956.639623094654,18908.00440979004,19108.96486011858,200.32580196239434
1379,2,Case3,6x8_180,-14.0,88.0,6x8,2,2,7.459228790196448e-09,1.0,6.691047022000518e-11,6545.629000487574,6631.131486892878,34994.410708904266,35938.380260010395,787.0697682226285
1380,2,Case3,6x8_181,88.0,45.0,6x8,2,2,0.06938350945711136,0.9306164979934692,5.3255649890004975e-11,8451.107427438883,8862.990151107922,19176.272129058838,19023.93784483691,123.80981324113496
1381,3,Case3,6x8_182,-14.0,42.0,6x8,2,2,7.000586221828087e-10,0.9996451139450073,0.0003549190587364137,7194.064545145668,7086.289002443642,34222.03645515442,35385.14509719163,823.4867499945988
1383,1,Case3,6x8_184,83.0,43.0,6x8,2,2,0.00019814848201349378,0.9998018145561218,1.519009744377353e-11,8463.30543035326,8630.48330953982,20192.0601272583,20165.373216598284,86.89114064422496
1384,2,Case3,6x8_185,-18.0,49.0,6x8,2,2,3.2775222535974535e-08,1.0,2.2219165174419686e-08,7673.002966797708,7610.136134316628,32798.60225439072,33586.23456829477,616.311932789269
1385,3,Case3,6x8_186,-54.0,1.0,6x8,2,2,1.3834333852102976e-11,0.9940065145492554,0.0059934137389063835,6935.904182205977,6595.87392842428,37927.22586289048,38454.009401027055,389.81073899205865
1386,3,Case3,6x8_187,-47.0,-37.0,6x8,2,2,0.0026018572971224785,0.9973981380462646,1.0243959458478002e-08,9606.501330315676,9637.167408744912,19459.410552978516,19947.852311429855,366.57180167209646
1387,3,Case3,6x8_188,-40.0,56.0,6x8,1,2,0.3557876944541931,0.6442123055458069,3.238644075143071e-11,9675.16863801265,9789.069333278047,18709.24757385254,18830.215195529476,180.42599658141543
1389,3,Case3,6x8_190,-80.0,40.0,6x8,2,2,0.00010257364920107648,0.9998973608016968,3.0311399223936775e-11,8422.872777840304,8857.647511826664,21871.981464385986,21783.252746020917,93.82401552747164
1390,2,Case3,6x8_191,-75.0,6.0,6x8,2,2,7.682333102998484e-10,0.9999994039535522,5.695558229490416e-07,6422.412645482792,6532.444901136218,36881.030034542084,38370.952616031405,1102.186634232562
1391,5,Case3,6x8_192,89.0,-86.0,6x8,1,1,1.0,1.941785177095312e-09,2.2239142818958335e-11,3263.2384852150544,3302.058324889257,7514.056431770325,7398.78162214278,99.25878000397948
1392,2,Case3,6x8_193,48.0,41.0,6x8,1,1,0.7160102128982544,0.283989816904068,1.4338376042033474e-09,10138.970888222835,9925.651487502719,17494.41123199463,18124.49171730084,431.2380745257408
1393,2,Case3,6x8_194,-11.0,-16.0,6x8,3,3,6.37523413509096e-15,3.9641118165789635e-10,1.0,5228.982367353595,5234.3718175352715,36571.86664223671,36521.50355714003,142.65328555984328
1394,1,Case3,6x8_195,12.0,71.0,6x8,2,2,2.981707547533574e-09,1.0,9.275964718558072e-11,6943.969177304097,6818.2918434688345,36307.831359386444,36076.32197016613,173.46925407471358
1395,4,Case3,6x8_196,-32.0,84.0,6x8,2,2,5.421384230430704e-07,0.9999994039535522,8.123292316586372e-11,7819.0313174857465,8041.16235505675,27077.732695817947,28437.11630822028,957.9919538652093
1396,5,Case3,6x8_197,-80.0,-38.0,6x8,2,2,5.3057767217978835e-05,0.9999468326568604,5.0233143866762475e-08,8318.639383663185,8566.129197772256,23104.887689590454,23055.623519981138,54.68477709436376
1397,5,Case3,6x8_198,-82.0,-53.0,6x8,1,1,0.999775230884552,0.00022472125419881195,4.103813643074883e-12,8013.239517912473,8580.663279318538,13509.727100372314,13283.943893354473,341.34459767680505
1399,4,Case3,6x8_200,88.0,-42.0,6x8,2,2,5.363777745515108e-05,0.9999463558197021,1.237162594591723e-10,8369.427687454398,8411.566668936806,20877.812116622925,21264.336199559904,290.1876434601879
1400,2,Case3,6x8_201,-73.0,-27.0,6x8,2,2,1.8142351621008856e-08,0.9999401569366455,5.9797472204081714e-05,7833.200873076521,7812.945414032183,29774.032919727266,30799.149175040453,742.8843998440855
1401,2,Case3,6x8_202,-24.0,-76.0,6x8,2,2,2.011724745898391e-06,0.9999979734420776,5.337083552880983e-10,7562.042931729598,7596.189469872351,31578.735417425632,32327.343778895978,592.5081254595658
1402,2,Case3,6x8_203,33.0,58.0,6x8,2,2,0.0033193593844771385,0.9966805577278137,1.215009620691987e-10,8922.736624749012,8824.837139688796,23818.8722114563,24191.40306967294,337.97664278043175
1404,1,Case3,6x8_205,-58.0,-50.0,6x8,1,1,0.9993177652359009,0.0006822082214057446,3.688933652903209e-13,10472.657888161299,9810.017656391035,14659.891571044922,14491.799630781676,119.94761898401129
1405,1,Case3,6x8_206,4.0,90.0,6x8,2,2,3.003275406143757e-10,1.0,1.972498414604118e-10,6074.178893100809,5954.0385727154935,35691.74726486206,36702.50104247243,636.0064656296213
1406,1,Case3,6x8_207,19.0,-83.0,6x8,2,2,7.1504393517329845e-09,1.0,1.1593469517734434e-09,6869.886997972456,7003.802114124161,33745.33498287201,33693.93512952547,77.76281740496667
1408,4,Case3,6x8_209,58.0,-69.0,6x8,1,1,0.9999984502792358,1.6039350612118142e-06,4.2720042997893004e-13,7789.59403319423,7267.266388204234,11928.541625976562,11739.531663074531,62.575692104729846
1409,3,Case3,6x8_210,-10.0,23.0,6x8,3,3,1.6535394337406292e-14,6.248126283026068e-07,0.9999994039535522,5824.119094159258,5938.0665032873985,36487.62014293671,36966.32142422719,363.91571891637926
1410,3,Case3,6x8_211,55.0,-59.0,6x8,1,1,0.9999679327011108,3.205478424206376e-05,1.0165961361564488e-13,8978.187506220806,9423.852338360688,12645.484909057617,13042.365333318903,308.7785238530111
1411,5,Case3,6x8_212,-63.0,54.0,6x8,1,1,0.9999011754989624,9.880869038170204e-05,3.599618975287655e-13,9101.960891233519,9375.211005790981,12869.153778076172,12909.461144973633,140.37352743023365
1412,4,Case3,6x8_213,67.0,-42.0,6x8,1,2,0.0014693904668092728,0.9985306262969971,4.887214244408966e-11,9206.72136326551,9142.901884440484,19318.765064239502,19421.066138247275,142.94204966531356
1413,1,Case3,6x8_214,63.0,-14.0,6x8,2,2,1.2689996276016302e-10,0.9999966621398926,3.3469104891992174e-06,7290.130246442609,7070.665841779659,35777.06127180159,35462.13336482806,201.82058132933986
1416,4,Case3,6x8_217,21.0,56.0,6x8,2,2,4.476826802601863e-07,0.9999995231628418,4.697274569309684e-09,7964.986209461052,7781.5510580338505,31890.01699630916,32102.421734783584,191.57524364566143
1418,4,Case3,6x8_219,-7.0,65.0,6x8,2,2,8.365033110635522e-10,1.0,1.1856228221418519e-09,6930.127787248348,6956.566460573884,37508.93577504158,37203.71848421257,226.04133606434297
1419,5,Case3,6x8_220,14.0,-23.0,6x8,3,3,6.995496711200908e-14,6.551696856149647e-07,0.9999994039535522,5959.955807120186,6496.213401654697,35741.71966743469,35607.49230599711,185.09696108174174
1420,2,Case3,6x8_221,74.0,-56.0,6x8,1,1,0.9999973773956299,2.681928435777081e-06,8.56767303994031e-15,8090.578951756315,8145.393529448511,12261.87915802002,12045.098301065264,361.9188578984929
1422,3,Case3,6x8_223,-78.0,-48.0,6x8,1,1,0.8829917311668396,0.11700824648141861,2.149267569473423e-11,8840.226574770282,9194.4880868773,17212.463150024414,16253.677711864679,580.5228086273621
1423,1,Case3,6x8_224,-4.0,-43.0,6x8,3,2,5.845973150009343e-10,0.9993703961372375,0.0006296178908087313,6764.1115453021275,6419.875056387163,37047.11306476593,37630.095331995006,408.61875130562373
1424,5,Case3,6x8_225,2.0,-73.0,6x8,2,2,1.971480090290356e-09,1.0,6.211931524724434e-10,6553.010319310652,6652.593769524401,37281.19411754608,37346.233211843064,186.9288318023155
1425,5,Case3,6x8_226,-42.0,80.0,6x8,2,2,0.009543565101921558,0.9904564023017883,8.951601265794196e-11,8552.20040250302,8826.338931437436,20635.96471786499,20347.917933312256,158.11234180334566
1426,1,Case3,6x8_227,-42.0,-6.0,6x8,3,3,3.1212567253025014e-12,0.023096976801753044,0.9769030809402466,6693.42287489041,6368.3206912748665,36662.48963356018,37072.583055555435,466.6320552026986
1427,1,Case3,6x8_228,60.0,-31.0,6x8,2,2,1.0859946542041143e-06,0.999998927116394,4.626134852969699e-08,8738.366091642509,8457.13847741446,25650.132709503174,25770.380865794,76.81969549894356
1428,5,Case3,6x8_229,42.0,86.0,6x8,2,2,0.0024551560636609793,0.9975448250770569,1.6243510703173314e-10,8381.00800029211,8644.301006077121,20871.077533721924,20629.210846310667,203.17319664422294
1430,2,Case3,6x8_231,-69.0,24.0,6x8,2,2,1.093065304935692e-09,0.9999994039535522,5.958918336546049e-07,7857.202257117829,7699.60647470382,31365.772940337658,32386.029464314877,735.2863730033265
1431,5,Case3,6x8_232,-8.0,-27.0,6x8,3,3,2.557343171862708e-13,2.7582498660194688e-05,0.9999724626541138,5850.978171923159,6144.909394702298,36499.58576965332,36753.55657546703,273.21300853128406
1432,4,Case3,6x8_233,61.0,-20.0,6x8,2,2,7.288298436991525e-11,0.9999971389770508,2.8877345812361455e-06,7748.886318284446,7601.042748493766,33002.07320702076,33388.820807176526,378.85470058487033
1433,3,Case3,6x8_234,-49.0,-40.0,6x8,1,2,0.2911301255226135,0.7088698744773865,1.601632271253095e-09,9970.38659431247,10121.833730392476,17933.274459838867,18265.19196603304,274.3628334091961
1434,2,Case3,6x8_235,-62.0,7.0,6x8,2,2,8.448522437198847e-11,0.9999982118606567,1.8393146774542402e-06,7078.423705696617,6857.744451395423,37531.34736967087,38246.127519734175,516.4939707898006
1435,1,Case3,6x8_236,16.0,-57.0,6x8,2,2,1.869195557446801e-06,0.9999980926513672,2.7053112527930523e-10,7628.289549770601,7407.578338550473,34648.86843544245,33546.95676222272,787.5118913357611
1436,5,Case3,6x8_237,-32.0,66.0,6x8,2,2,0.00023158371914178133,0.9997684359550476,3.1430223007555824e-11,8548.647654237193,8430.271568465452,25876.330978393555,25912.107089493576,114.83537339928718
1437,4,Case3,6x8_238,64.0,-22.0,6x8,2,2,1.6739794272968567e-10,0.9999995231628418,5.163663558960252e-07,7889.215706722138,7708.946998317158,32152.48348426819,32277.409571611977,254.23274652895444
1438,2,Case3,6x8_239,30.0,17.0,6x8,3,3,7.845908303475216e-14,3.961949914810248e-06,0.9999960660934448,6747.046115477801,6425.414136479865,33418.43165397644,35803.80025157281,1772.4557061573657
1439,1,Case3,6x8_240,53.0,26.0,6x8,2,2,2.0342731943401304e-09,0.999474823474884,0.0005251601687632501,8363.402857447778,7992.808283287978,28078.979966163635,28829.543907900756,556.6322763368735
1440,1,Case3,6x8_241,13.0,6.0,6x8,3,3,1.3378066321021679e-14,4.875640863266639e-11,1.0,4704.787468038525,5171.603768832848,36269.21293282509,36656.24403545891,836.0664842695562
1441,1,Case3,6x8_242,-31.0,60.0,6x8,2,2,0.00021422634017653763,0.999785840511322,3.2386068653245115e-12,8739.001060592402,8462.035942295031,25660.53000831604,25903.821262897094,183.96641606161825
1442,1,Case3,6x8_243,-63.0,-63.0,6x8,1,1,0.9999988079071045,1.217837052536197e-06,1.0044543322096366e-12,7559.22667347828,7395.157324171901,11283.315803527832,10992.147227171894,181.55826114469576
1443,3,Case3,6x8_244,85.0,-58.0,6x8,1,1,0.9999973773956299,2.5908138923114166e-06,6.594968711762239e-13,6607.7843090574115,7390.8844289278095,11607.80205154419,11854.099940374312,197.7792073258817
1445,5,Case3,6x8_246,60.0,61.0,6x8,1,1,0.999954342842102,4.5672873966395855e-05,1.1487708570859234e-12,8105.285428792315,8135.787498223502,11728.886848449707,11662.509749864337,66.44982381806375
1446,3,Case3,6x8_247,-83.0,78.0,6x8,1,1,1.0,4.176213508344517e-08,2.3018467340540916e-11,3927.089122401204,3965.307538355914,8077.906858444214,7888.589464864744,113.37749046786628
1447,4,Case3,6x8_248,6.0,27.0,6x8,3,3,6.97424702624655e-14,6.369705261022318e-06,0.9999936819076538,5791.7739625133845,6121.1929853237725,36765.45414066315,37561.58722399338,460.49330618185843
1448,1,Case3,6x8_249,6.0,16.0,6x8,3,3,2.8857254195398642e-15,2.2413365607931723e-10,1.0,5014.305032626578,4991.256717145587,36650.955443531275,37406.477260708074,623.6868958069681
1449,4,Case3,6x8_250,-47.0,64.0,6x8,1,1,0.995918333530426,0.0040817419067025185,3.1499945880864022e-12,9722.968671250654,9198.462450594934,16264.392684936523,15910.166403400313,220.83844826717367
1450,3,Case3,6x8_251,-69.0,0.0,6x8,2,2,7.064528649569635e-12,0.9999933242797852,6.658669008174911e-06,6711.061950537175,6411.496146997309,37716.01933825016,39027.56508748935,1001.7608003676849
1451,1,Case3,6x8_252,-82.0,-45.0,6x8,2,2,0.3541390597820282,0.6458609104156494,4.511436710319394e-11,8573.790222531932,8671.771180559785,18991.271076202393,18078.654892669776,549.2039908276471
1452,2,Case3,6x8_253,56.0,-34.0,6x8,2,2,0.00022875341528560966,0.9997711777687073,4.057379143773687e-08,9076.25692555082,9043.71372808094,22711.182048797607,22891.316437514506,242.4010812525898
1453,4,Case3,6x8_254,-75.0,-17.0,6x8,2,2,2.565604152737766e-11,0.9999998807907104,8.009643437389968e-08,6985.666126218877,7194.502172979367,34658.53632116318,35436.70910656594,582.2915506000966
1454,5,Case3,6x8_255,32.0,-60.0,6x8,2,2,0.015707718208432198,0.9842922687530518,3.4948965943470967e-10,8800.27444921991,8620.526506557777,24929.107805252075,24648.95286021922,251.39911200913676
1455,1,Case3,6x8_256,-25.0,-11.0,6x8,3,3,3.351013534719097e-15,2.7290749660124902e-09,1.0,5843.190840480883,5225.7876987637355,36087.1326007843,36960.602676089205,918.0375595770926
1456,2,Case3,6x8_257,65.0,80.0,6x8,1,1,0.9999997615814209,1.9503443127177889e-07,2.4320699466384536e-14,5664.080186782016,5315.032119371537,9788.989952087402,9208.37809976511,422.16806757205865
1457,5,Case3,6x8_258,54.0,-18.0,6x8,2,2,1.0538331318699079e-10,0.9998154044151306,0.00018462236039340496,7728.867450559708,7431.744206808022,33358.00868475437,33914.29140691482,461.9226256066374
1458,5,Case3,6x8_259,-6.0,38.0,6x8,3,2,6.912084793420092e-10,0.9272502660751343,0.07274971902370453,6503.150773829434,6642.3822491691135,36540.38571357727,36653.0416077151,191.60563535625693
1461,3,Case3,6x8_262,-57.0,76.0,6x8,1,1,0.9999637603759766,3.621832365752198e-05,2.0639475371841964e-12,7558.61398659881,6658.479325053822,11929.749137878418,10985.931214077715,713.9769970012325
1463,2,Case3,6x8_264,87.0,-65.0,6x8,1,1,1.0,1.2074361954717006e-08,1.0260997780620063e-14,5305.039548140751,5998.17214044942,9715.960308074951,9747.613868888511,106.43808911938785
1464,5,Case3,6x8_265,-25.0,-84.0,6x8,2,2,5.6415430549350276e-08,1.0,1.6089454768497546e-10,7364.07269066722,7373.232723730085,31080.692709445953,31676.305375180724,515.9386966415564
1465,3,Case3,6x8_266,-26.0,-39.0,6x8,2,2,1.205663977543736e-07,0.9999938011169434,6.125394065747969e-06,8088.4267124801745,8328.751107242515,26895.88272190094,26550.419285201016,255.78515650325684
1466,3,Case3,6x8_267,-33.0,-46.0,6x8,2,2,0.013958585448563099,0.9860413670539856,3.2167655206194468e-09,9075.226822935181,9396.24241234309,21948.852729797363,20904.200019651318,713.4958984548558
1469,1,Case3,6x8_270,10.0,76.0,6x8,2,2,7.47145678658967e-10,1.0,8.584102872966071e-11,6608.6895829612595,6498.069976877393,36378.26493644714,36701.22545727641,309.0828557796778
1470,5,Case3,6x8_271,-30.0,50.0,6x8,2,2,0.004945699125528336,0.9950542449951172,1.8843070159757502e-10,8791.8371612224,9096.905395387917,24624.884134292603,23489.410361835347,760.8528348252942
1473,3,Case3,6x8_274,30.0,-25.0,6x8,3,3,1.9735792861075296e-11,0.003228679532185197,0.9967712759971619,7630.3017033136175,7405.00355258907,29556.07977771759,30525.538705226172,707.7348265799263
1474,5,Case3,6x8_275,80.0,-20.0,6x8,2,2,1.0596521438088757e-09,1.0,2.0483470919430147e-08,7032.5052651227315,7253.795476496498,33411.7796984911,33483.83978184811,164.06956725113565
1475,2,Case3,6x8_276,-88.0,70.0,6x8,1,1,1.0,2.6057673352397615e-08,1.7494174647325958e-14,4574.052525793893,5009.243141913965,8807.066261291504,8854.78623838905,92.71186808681797
1476,3,Case3,6x8_277,57.0,88.0,6x8,1,1,0.9999617338180542,3.820797064690851e-05,6.075437895824987e-12,6725.494631969182,6179.566146152896,11914.519344329834,10575.601461669834,963.6325790412577
1477,2,Case3,6x8_278,18.0,78.0,6x8,2,2,8.610644641748877e-09,1.0,1.2493704681926232e-10,6994.610887125247,7063.569012669703,34242.59471428394,35827.94656867022,1169.2673436273546
1479,1,Case3,6x8_280,-31.0,-12.0,6x8,3,3,1.1419314488957371e-14,4.54300021601739e-07,0.9999995231628418,6447.859363591536,5881.7838582779805,35183.37922668457,36526.60646816147,1151.5658609280583
1480,3,Case3,6x8_281,-72.0,-17.0,6x8,2,2,9.060688310746912e-11,0.9999940395355225,5.991415036987746e-06,7202.390950658451,7140.018528090018,34721.428447917104,34980.37854760986,226.4041207825019
1481,4,Case3,6x8_282,25.0,-74.0,6x8,2,2,1.423785676024636e-07,0.9999998807907104,9.089942687445784e-11,7661.928819118145,7572.6751497855685,31027.632568597794,31304.89407011606,229.18086386170776
1482,1,Case3,6x8_283,34.0,-21.0,6x8,3,3,4.885620987632455e-12,0.002194190863519907,0.9978057742118835,7418.9342705987065,7150.400356403503,30713.59774684906,32138.366873393363,1075.635647810823
1483,5,Case3,6x8_284,16.0,16.0,6x8,3,3,7.25712079405888e-15,1.7790127149197588e-09,1.0,5666.968376549154,5817.494437026453,36179.35737705231,36197.814249321564,208.60447219508438
1484,1,Case3,6x8_285,-21.0,55.0,6x8,2,2,8.889392120181583e-07,0.9999991655349731,1.9648508514658047e-11,7927.092649356544,7840.228522622807,31780.06294933334,31032.06668638,518.6384935034824
1485,2,Case3,6x8_286,40.0,-87.0,6x8,2,2,0.02740754932165146,0.9725924730300903,3.6580367207550424e-11,8307.12792888511,8683.568304591865,22103.942890167236,22221.877557911,176.87315898965744
1486,4,Case3,6x8_287,-77.0,22.0,6x8,2,2,5.190280497058275e-11,1.0,3.1541620426622785e-09,7289.995661164521,7524.662020644618,32600.262277796865,32749.513614378517,150.74307809392008
1487,3,Case3,6x8_288,37.0,70.0,6x8,2,2,0.00033743242966011167,0.9996625185012817,9.702951116186131e-12,8722.215526615664,8695.546226064153,22944.639335632324,23207.68196088649,235.79418385388374
1488,3,Case3,6x8_289,-9.0,44.0,6x8,2,2,9.284070179305104e-10,0.9984288811683655,0.001571100321598351,6906.853491022047,6798.479991008435,36149.827916145325,37519.31680971162,923.8584814307513
1489,1,Case3,6x8_290,20.0,-82.0,6x8,2,2,1.009362637915956e-08,1.0,7.912863142500726e-10,7056.508461354513,7089.840673219619,33394.8585934639,33294.27360825272,62.89800369717053
1491,2,Case3,6x8_292,71.0,-88.0,6x8,1,1,1.0,3.0914681925509058e-09,1.557306800875624e-13,4440.792589714523,3973.2332889626095,8665.215435028076,8049.53765961325,446.6973561596092
1492,1,Case3,6x8_293,-28.0,11.0,6x8,3,3,5.569238663581709e-15,3.852764152156851e-08,1.0,6153.353974245149,5609.057520533659,35796.95371437073,37245.283190240756,1258.084667225856
1494,2,Case3,6x8_295,-84.0,-9.0,6x8,2,2,6.315615141971875e-09,0.9999988079071045,1.2051361863996135e-06,6274.695035308122,6532.857142599879,35747.97952961922,37095.9362354012,961.4351275360334
1495,5,Case3,6x8_296,-48.0,82.0,6x8,1,1,0.8510763049125671,0.14892375469207764,2.1798310378962071e-10,8675.147398280957,8742.483837624324,17442.02188873291,15915.921446344706,900.1966787226578
1496,4,Case3,6x8_297,-13.0,-4.0,6x8,3,3,9.545930872482088e-15,2.985917346709499e-10,1.0,4763.426686540797,5216.308107124036,36202.91110479832,37634.487386700894,1486.6758740692837
1497,1,Case3,6x8_298,-19.0,-23.0,6x8,3,3,1.2609025965264892e-13,3.7614809116348624e-06,0.9999961853027344,6549.298616527987,6601.7499401368605,34338.11218833923,33559.081391153755,476.5094083691253
1498,2,Case3,6x8_299,5.0,-32.0,6x8,3,3,5.722752566966749e-12,0.0010993456235155463,0.9989006519317627,6169.698890063019,6286.701027738424,36711.27350616455,37358.07978014395,332.9328080138184
1499,2,Case3,6x8_300,51.0,46.0,6x8,1,1,0.9880942702293396,0.011905723251402378,1.7901532686770416e-11,10662.987299966431,10280.830631932884,15722.65591430664,16507.53569483222,565.7725697513971
1500,3,Case3,8x8_001,65.0,19.0,8x8,2,2,1.1951173384261438e-10,0.9995214939117432,0.0004784670891240239,5249.885931590668,5163.216656719722,34452.03413248062,34839.68550971462,314.3016387355511
1501,5,Case3,8x8_002,40.0,-51.0,8x8,2,2,9.351277549285442e-05,0.9999064207077026,2.266798659888991e-08,7021.8386147931415,6914.427033793054,18412.525003433228,18218.232731284384,179.70885276901396
1505,3,Case3,8x8_006,-15.0,-74.0,8x8,2,2,5.042466000304557e-09,0.9732040166854858,0.026795953512191772,4657.426772073546,4417.2022184876,35881.84691384435,36699.244523469555,746.5364711350046
1506,3,Case3,8x8_007,51.0,-83.0,8x8,2,1,0.7553651332855225,0.24463480710983276,4.493794503179771e-10,5358.561529995737,5234.015096047337,15783.713052749634,13480.694866067424,1566.854074090232
1507,2,Case3,8x8_008,86.0,9.0,8x8,3,3,1.1768964691682982e-09,0.09510624408721924,0.9048938155174255,3983.205115277853,4450.498286628403,35154.51866543293,36881.07245967156,1169.203610801436
1508,2,Case3,8x8_009,-63.0,21.0,8x8,2,2,5.2851223397709646e-11,0.9998356103897095,0.00016436685109511018,5483.825365886914,5386.522214900322,33315.96741056442,34210.656665009315,656.7985543318122
1509,5,Case3,8x8_010,-74.0,83.0,8x8,1,1,0.9977536797523499,0.0022463654167950153,1.057392728931461e-09,3176.3702391040138,2775.434395704836,9171.731014251709,8671.696134671569,346.761226662827
1510,5,Case3,8x8_011,-39.0,-9.0,8x8,3,3,2.34538023259677e-15,1.8747208230252e-08,1.0,5553.11723712837,5485.342055141588,36482.12752723694,37403.69288673618,892.8059483322098
1511,5,Case3,8x8_012,-56.0,9.0,8x8,2,3,7.41160084694048e-12,0.44720757007598877,0.552792489528656,5279.982570696419,5099.756933493752,37665.944999694824,37564.733666073895,210.01326460764108
1512,3,Case3,8x8_013,61.0,33.0,8x8,2,2,7.708754523605421e-09,0.999903678894043,9.624483936931938e-05,6095.091333950158,5966.441343366691,24898.351163864136,24699.381195063674,133.01504299851445
1513,5,Case3,8x8_014,19.0,79.0,8x8,2,2,4.4170365143259005e-09,1.0,2.130622434037832e-08,4626.262337022605,4499.254363752964,34300.86974918842,33729.48413985551,248.2801453733569
1514,4,Case3,8x8_015,35.0,60.0,8x8,2,2,5.177392449695617e-05,0.999948263168335,7.0075634184263436e-09,6236.716872559574,6134.591323517363,23225.473264217377,22470.089568068473,508.2722270503212
1515,1,Case3,8x8_016,75.0,-61.0,8x8,1,1,0.9999314546585083,6.855695392005146e-05,6.852223324339823e-13,5549.9100503634645,5247.1367497704505,5370.413635253906,10922.764479372165,4287.738732422075
1518,2,Case3,8x8_019,-79.0,29.0,8x8,2,2,5.057509411265926e-10,0.9999990463256836,9.107629921345506e-07,5027.526667669692,5111.359545999854,29322.26257455349,29508.184358528095,179.204769852558
1519,1,Case3,8x8_020,-2.0,48.0,8x8,3,3,4.70205575864302e-11,0.08117738366127014,0.9188226461410522,5540.376296649255,5331.962265037841,38193.06614303589,37697.742901569654,327.44551511845697
1520,2,Case3,8x8_021,-49.0,-67.0,8x8,2,1,0.8164604902267456,0.1835395246744156,9.835372100086559e-11,6311.469582236376,6322.524273774897,15547.08102607727,15398.820616265117,123.25181248178711
1521,4,Case3,8x8_022,43.0,-33.0,8x8,2,2,3.239940982169287e-09,0.988667905330658,0.011332031339406967,6874.43643120363,6787.129059631647,22527.435329034925,23006.715773119187,346.3649929872173
1522,2,Case3,8x8_023,62.0,-67.0,8x8,1,1,0.999968409538269,3.1587042030878365e-05,9.937993624645897e-14,5740.128486120003,5467.707109557707,11286.691679000854,9043.636323350958,1803.4198471616405
1523,1,Case3,8x8_024,30.0,75.0,8x8,2,2,2.3611482902197167e-07,0.9999997615814209,5.385751400410754e-09,5191.835791314596,5070.616010897174,28549.890460073948,28371.2950227959,117.22234706945538
1525,2,Case3,8x8_026,-81.0,73.0,8x8,1,1,0.9938575625419617,0.006142419297248125,7.112219146954146e-11,3332.922459357667,3226.124877809552,9307.78972530365,9226.721289517563,65.82508678234272
1529,3,Case3,8x8_030,15.0,-12.0,8x8,3,3,2.2540421287954972e-15,9.009352985867025e-11,1.0,5420.938910714249,5356.6022482291555,37365.155726894736,37905.70281509367,664.4944995996482
1530,2,Case3,8x8_031,-55.0,-62.0,8x8,1,1,0.9984966516494751,0.0015033796662464738,2.4078326138488038e-12,6883.1918046711235,6611.875663182875,13209.253517150879,13182.230535902658,53.95398219232813
1531,5,Case3,8x8_032,-19.0,-7.0,8x8,3,3,2.371624066159787e-15,1.5451806500976772e-11,1.0,5371.942930876189,5277.479167493642,37647.8641153276,38116.076923011264,672.1413423602792
1533,4,Case3,8x8_034,-43.0,-15.0,8x8,3,3,3.661851502361965e-14,4.914052988169715e-05,0.9999508857727051,5831.730698019243,5728.384652599351,34387.77961349487,36267.29853636552,1481.1545535831685
1534,1,Case3,8x8_035,70.0,81.0,8x8,2,2,0.005984486546367407,0.9940154552459717,1.25486865343305e-09,3633.3851980297864,3321.7733012447898,9670.358058929443,9315.156892519153,281.23237891574087
1535,3,Case3,8x8_036,8.0,25.0,8x8,3,3,1.0200928956857866e-15,7.27778282083591e-09,1.0,5474.213299871946,5412.9853631586,37337.51970100403,38220.99662652339,624.605018328368
1536,4,Case3,8x8_037,-85.0,67.0,8x8,1,1,0.9120588898658752,0.08794108778238297,4.4926180831073026e-11,3813.9161898024972,3955.240330887414,10084.442770957947,9092.96426411352,734.663904882144
1537,4,Case3,8x8_038,-56.0,52.0,8x8,1,1,0.9862927198410034,0.013707266189157963,1.1471373330407264e-11,7397.043263639474,7014.298912464042,13993.282787322998,13891.514430416062,84.35596012996542
1538,5,Case3,8x8_039,64.0,42.0,8x8,2,2,1.0954418030451052e-05,0.9999890327453613,2.769063378593728e-08,6285.040829903519,6206.1579095251045,19027.24028301239,18861.386652389563,131.52641716718222
1541,4,Case3,8x8_042,84.0,51.0,8x8,2,2,0.0005276976153254509,0.9994723200798035,1.0798086869101553e-09,5348.180374441878,5456.020527910699,15812.822853565216,15804.606765578426,62.361240774952726
1542,1,Case3,8x8_043,79.0,-71.0,8x8,1,1,0.9990999698638916,0.0009000160498544574,2.4787416910698745e-11,3642.6658084653036,3471.056984380189,9602.93884563446,9448.48067168266,160.31457772020582
1544,3,Case3,8x8_045,-18.0,-35.0,8x8,3,3,1.5469814014859584e-12,0.001349507481791079,0.9986504912376404,5928.598590199871,5832.782547120871,32856.90267294645,33072.14618758707,158.84481247156984
1545,1,Case3,8x8_046,-76.0,-77.0,8x8,2,2,0.003454948076978326,0.9965450167655945,3.0689795149640986e-10,3347.7292768776624,3085.5495474425143,9243.324171066284,9131.173334456573,100.1472983188854
1546,1,Case3,8x8_047,42.0,27.0,8x8,2,3,5.115385545706452e-12,0.019387222826480865,0.9806128144264221,6450.379956556271,6329.821455918604,26675.51511862874,28703.50990375299,1469.0721498026514
1547,3,Case3,8x8_048,1.0,71.0,8x8,2,2,1.982299602243387e-10,0.9999860525131226,1.3970964573672973e-05,4553.660200435887,4290.992490205224,37461.26421266794,39037.39683552026,1043.1209404964754
1548,4,Case3,8x8_049,-37.0,22.0,8x8,3,3,3.4135029330049915e-13,0.0006210603751242161,0.9993789196014404,6207.354961413228,6085.93375984368,30329.981103539467,32351.86535218529,1485.9053549060734
1549,4,Case3,8x8_050,-16.0,44.0,8x8,3,3,8.10710873433429e-12,0.020813943818211555,0.9791861176490784,5947.781685524517,5791.772797229141,33992.02436494827,34590.90366570878,524.3473443825255
1550,2,Case3,8x8_051,28.0,57.0,8x8,2,2,1.3881071403432088e-08,0.9999994039535522,5.568546725953638e-07,6126.628938420282,5913.990890026405,27947.16068172455,28249.253715706254,228.69323284115185
1551,3,Case3,8x8_052,-79.0,34.0,8x8,2,2,8.334982481983388e-09,0.9999997615814209,2.4815020083224226e-07,5220.891009173367,5247.557743570785,26073.660051018,25943.785145651724,128.74326042570019
1552,2,Case3,8x8_053,3.0,87.0,8x8,2,2,1.6331277441494763e-09,0.9999887943267822,1.120173965318827e-05,3943.115029893595,3834.799379667342,35311.39213657379,37679.542305858646,1646.6858579547115
1553,5,Case3,8x8_054,-17.0,-44.0,8x8,3,3,2.8069565768951144e-11,0.0287032350897789,0.9712967276573181,5908.987445203608,5740.522007240701,33442.87475442886,34076.67902225368,466.3732158065483
1554,3,Case3,8x8_055,44.0,-49.0,8x8,2,2,0.0005192356184124947,0.9994807839393616,6.383563544432036e-08,7442.492046960056,7149.147054068337,16585.514389038086,16808.43900272359,181.41960036438218
1555,5,Case3,8x8_056,67.0,-19.0,8x8,2,2,6.233102922692524e-11,0.9999619722366333,3.796878445427865e-05,5132.090918845852,5141.112461734875,34542.23857961595,34357.929116134466,232.70267091846375
1556,4,Case3,8x8_057,2.0,74.0,8x8,2,2,4.85466944422086e-10,0.998823344707489,0.0011766544776037335,4344.4968603083435,4110.052379034506,36923.884520709515,39099.72602961717,1409.2250325283567
1557,3,Case3,8x8_058,82.0,19.0,8x8,2,2,7.009777203137446e-10,0.9992559552192688,0.0007440857589244843,4489.293875571406,4693.920068414719,34094.537759148516,35281.88435093071,790.4617074734207
1558,4,Case3,8x8_059,14.0,3.0,8x8,3,3,2.582636066946831e-15,8.289047920273518e-11,1.0,4921.611228210336,4783.066832891755,37254.16969817877,37910.370690629585,936.4266143679706
1559,2,Case3,8x8_060,44.0,-84.0,8x8,2,2,0.0007952262531034648,0.9992048144340515,3.4212296884383875e-10,5283.577696641293,5469.988783430386,19657.016021072865,20292.464211728497,461.47975403958793
1560,2,Case3,8x8_061,0.0,-52.0,8x8,3,2,6.760180193410292e-10,0.8354054093360901,0.1645946055650711,5259.409566822118,5229.969644498245,38522.6861243248,39362.41523026793,567.4050195332231
1561,3,Case3,8x8_062,33.0,26.0,8x8,3,3,2.679750681338494e-13,0.0001628054742468521,0.9998371601104736,6530.413429655113,6128.840998296028,28590.272008255124,29894.303624093085,935.810470857495
1562,3,Case3,8x8_063,-75.0,38.0,8x8,2,2,1.6260327129202778e-07,0.9999997615814209,7.721934736082403e-08,5538.664598345508,5500.813865073065,23101.30088479002,22488.629380284117,378.0714681202198
1563,3,Case3,8x8_064,-20.0,55.0,8x8,2,2,1.6570209648847367e-09,0.9999943971633911,5.642539235850563e-06,5779.840861607853,5587.42528595544,33048.32648563385,33332.92254579422,300.60719512001594
1564,5,Case3,8x8_065,72.0,31.0,8x8,2,2,3.962818517777578e-09,0.9999039173126221,9.608610707800835e-05,5388.663344614085,5527.790828202765,27711.084936166182,27795.89543445163,100.55545276084315
1566,4,Case3,8x8_067,-83.0,68.0,8x8,1,1,0.9110456705093384,0.08895432949066162,4.426091090858897e-11,3750.7804404152307,3789.3892290749736,9929.941216468811,9145.259035604116,591.9860626985053
1567,4,Case3,8x8_068,-26.0,-1.0,8x8,3,3,8.778265653539344e-16,7.635154175567038e-10,1.0,5350.398986052726,5024.670490179718,37865.17369174957,39202.447799810136,1133.6759984481387
1568,5,Case3,8x8_069,-36.0,57.0,8x8,2,2,2.227078402938787e-05,0.999977707862854,2.0562847258265293e-10,6497.167422563909,6136.969017338019,21955.555240154266,21504.5637694647,336.64391981365884
1569,1,Case3,8x8_070,-89.0,-51.0,8x8,2,2,0.00038037067861296237,0.9996196031570435,9.239427556373414e-10,5274.035749725038,5242.541371378339,15877.536015510559,16349.828921468177,312.5422312286357
1570,2,Case3,8x8_071,-45.0,-29.0,8x8,2,2,1.2502806567837865e-09,0.6872520446777344,0.312747985124588,6502.998871865988,6465.073316626064,25363.053272992373,26922.863039335105,1098.6291897688607
1571,4,Case3,8x8_072,-29.0,13.0,8x8,3,3,2.539009846756735e-15,1.82423338657145e-08,1.0,5647.739476774786,5590.041236511813,35803.52616024017,37465.19227595511,1306.459521619329
1572,4,Case3,8x8_073,-22.0,46.0,8x8,2,2,3.2410901740220766e-10,0.9670838117599487,0.032916124910116196,6119.742900706886,6002.834853377958,30582.436377763748,30402.91181161136,182.77720591013176
1573,4,Case3,8x8_074,-1.0,-8.0,8x8,3,3,2.357876297909376e-15,7.112739563996939e-11,1.0,4856.577143173642,4747.26868131175,35507.5942813158,37642.944863827586,1513.4763182237525
1574,5,Case3,8x8_075,-22.0,82.0,8x8,2,2,9.93679716287943e-09,1.0,4.51463089135018e-09,4608.206134035633,4499.705095213428,33021.91255390644,32966.67889994017,170.68879063445726
1575,4,Case3,8x8_076,50.0,5.0,8x8,3,3,4.4001447993026466e-13,0.008328414522111416,0.9916715025901794,5382.168414968588,5356.829904229893,38033.15480995178,39061.87240784242,884.6785375432069
1578,4,Case3,8x8_079,-67.0,39.0,8x8,2,2,1.3927723330198205e-06,0.9999985694885254,7.286429593023058e-08,6044.526130261882,5926.756336223505,21509.75355052948,21109.656880259558,229.1971900301186
1579,4,Case3,8x8_080,-53.0,-64.0,8x8,1,1,0.8747591376304626,0.12524078786373138,3.07841876989734e-11,6644.6655795994875,6409.488732838281,13762.279037475586,13530.623888138467,173.02937428956966
1580,2,Case3,8x8_081,-38.0,-72.0,8x8,2,2,0.0009092850377783179,0.9990906715393066,1.7146428721304119e-09,5655.087621661269,5540.65107039649,22800.410252388567,22531.139017442758,203.37083811729406
1581,1,Case3,8x8_082,85.0,48.0,8x8,2,2,9.43535542319296e-06,0.9999905824661255,3.4561953299316883e-10,5286.125437731896,5282.575901320897,17366.951471805573,17486.84700489835,145.06789716125837
1582,5,Case3,8x8_083,-12.0,85.0,8x8,2,2,1.4406633663810453e-09,0.9999997615814209,2.8026923359902867e-07,4201.438323537264,3995.8756710446332,34981.966918326914,35503.303566679824,352.2829937075654
1583,4,Case3,8x8_084,77.0,-48.0,8x8,2,2,0.014502516947686672,0.9854975342750549,1.0922304838345553e-08,5623.585807680663,5687.357878774738,16997.38800096512,17074.945113624097,95.4383630079378
1584,1,Case3,8x8_085,45.0,75.0,8x8,2,2,0.001150372438132763,0.998849630355835,1.511439862156294e-10,5672.140705210102,5660.4588390156605,18537.99300956726,18047.25240962783,379.00595412217945
1585,2,Case3,8x8_086,-41.0,-54.0,8x8,2,2,0.0021644835360348225,0.9978355765342712,2.4063981918232002e-09,6930.272882243081,6579.692101828034,18110.54278564453,18394.16143661461,208.77583079225985
1586,1,Case3,8x8_087,-38.0,89.0,8x8,2,2,5.347097612684593e-06,0.9999946355819702,1.2093904766530272e-09,5040.058857679851,5043.047487450323,23587.148132503033,22796.99899405315,490.56358460290915
1588,3,Case3,8x8_089,18.0,-35.0,8x8,3,3,2.527921448558512e-12,0.0025268266908824444,0.9974731802940369,6098.592294911362,5782.675792605788,32880.70824846625,33691.45067114509,509.5798572176303
1589,4,Case3,8x8_090,-65.0,24.0,8x8,2,2,9.540328943513643e-11,0.9999793767929077,2.0568582840496674e-05,5520.991574004026,5443.821376912971,31734.275712013245,31744.28408189125,189.07587743962029
1590,5,Case3,8x8_091,11.0,36.0,8x8,3,3,1.916929288914293e-12,0.0016537003684788942,0.9983463287353516,5756.204223993358,5631.66282323515,35846.22623205185,35739.74646513003,230.59948826344427
1591,3,Case3,8x8_092,-38.0,-40.0,8x8,2,2,1.1413225564638196e-07,0.9997850060462952,0.0002148450876120478,7393.548918073455,7058.399892924853,20528.733144819736,19964.195570908723,398.59872754362317
1592,4,Case3,8x8_093,-70.0,-78.0,8x8,2,2,0.0006190192652866244,0.9993809461593628,3.58278212653218e-10,3790.5545394259084,3417.9474114147333,9775.115530014038,9369.600019766707,288.6516355875812
1593,3,Case3,8x8_094,73.0,-55.0,8x8,1,1,0.9951157569885254,0.004884251859039068,7.059484073701494e-12,5911.547476973112,5973.808356402265,13664.204362869263,12864.531956965515,574.6667184216981
1594,3,Case3,8x8_095,68.0,-30.0,8x8,2,2,1.3150193822752954e-08,0.9999144077301025,8.560782589484006e-05,5570.077008994459,5512.855529910519,28061.63241624832,28267.048913161845,172.98462286869702
1595,5,Case3,8x8_096,84.0,-52.0,8x8,1,2,0.17366786301136017,0.8263320922851562,1.1310694603139382e-09,5333.457020636271,5300.367493467474,15341.266901016235,14725.201116159225,458.8188876910992
1600,3,Case3,8x8_101,48.0,15.0,8x8,3,3,1.9424537932993813e-12,0.01402788981795311,0.9859720468521118,5707.6396820687,5507.703785712731,34836.17203330994,36086.46844584201,965.9807356355929
1602,1,Case3,8x8_103,66.0,14.0,8x8,2,2,3.1896475044534967e-11,0.9951367974281311,0.004863245878368616,5048.013179687234,5019.065022826206,36493.53687566519,36869.512133880446,348.220434319965
1603,2,Case3,8x8_104,83.0,3.0,8x8,3,3,1.0488698104493821e-10,0.001956658437848091,0.9980432987213135,3947.690262640613,4411.225121529476,35629.24977374077,37223.350767895536,1190.387935429095
1604,1,Case3,8x8_105,89.0,-77.0,8x8,1,1,0.9999555349349976,4.445178637979552e-05,1.186234582783996e-10,2807.0771366656504,2836.6088718570672,8777.520187541842,8878.92206365379,87.61513008463929
1605,1,Case3,8x8_106,-12.0,43.0,8x8,3,3,8.984023377664463e-13,0.0009428926277905703,0.9990571141242981,5757.3247083130245,5601.274120221445,35703.098172187805,36258.759830365896,451.2066999515285
1610,2,Case3,8x8_111,7.0,87.0,8x8,2,2,2.368958362808371e-09,0.9999958276748657,4.170381544099655e-06,3850.447344215616,3882.018369078716,35205.984220184386,37068.89903618604,1279.726107360981
1611,5,Case3,8x8_112,21.0,-8.0,8x8,3,3,3.176127277374212e-15,2.9361662406968136e-11,1.0,5391.9244752419545,5452.007940291436,37579.20257282257,37898.71982050405,516.7110475032201
1612,5,Case3,8x8_113,35.0,-2.0,8x8,3,3,1.5955468571387426e-15,9.83009562638415e-10,1.0,5381.040400223258,5388.668837407715,37568.754967689514,38125.2219330571,601.6221450581893
1613,2,Case3,8x8_114,-35.0,-78.0,8x8,2,2,0.00012803725257981569,0.9998719692230225,7.525822631748724e-09,5223.22926702861,5352.180211230623,25326.74476237595,24371.8412020982,642.4733397204977
1614,3,Case3,8x8_115,22.0,74.0,8x8,2,2,6.033654909032293e-09,1.0,6.297470989125031e-09,4962.814640314434,4783.52992823319,33171.169850587845,33195.58482094704,166.27265617646827
1615,1,Case3,8x8_116,12.0,-85.0,8x8,2,2,8.227127423765523e-09,0.9908889532089233,0.009111014194786549,4203.184483281064,4061.1700768886594,34982.29497691989,35669.0476089418,470.25113520284935
1616,3,Case3,8x8_117,-87.0,33.0,8x8,2,2,5.373458566992895e-09,0.9999997615814209,2.3945577254380623e-07,4879.189192698475,5074.722702207545,26881.77640904486,26889.60388428148,134.4857014557375
1617,4,Case3,8x8_118,54.0,-88.0,8x8,1,2,0.015948394313454628,0.9840515851974487,4.199167680241089e-09,5266.477018412107,5294.977126349462,14549.296549797058,14209.576731046034,220.39182916683592
1618,4,Case3,8x8_119,31.0,-10.0,8x8,3,3,1.2353958595045025e-15,5.376576961424462e-09,1.0,5527.860068546979,5439.227914968911,36448.9380569458,38146.05568434508,1339.420881060105
1619,2,Case3,8x8_120,-58.0,-26.0,8x8,2,2,8.740100310156151e-10,0.9860261082649231,0.013973930850625038,5998.724240110403,6031.224594387258,29544.20613670349,29862.44672656755,263.3140643349993
1621,2,Case3,8x8_122,20.0,-73.0,8x8,2,2,1.2314015407355328e-07,0.9999942779541016,5.553464689000975e-06,4922.733945447431,4816.274321812871,34136.142651319504,34848.18841227778,480.96653185529374
1622,5,Case3,8x8_123,76.0,4.0,8x8,3,3,8.775802133598187e-12,0.0002368153800489381,0.9997631907463074,4320.21217350221,4059.0020129539234,36553.10387158394,36990.86494652338,384.4471323428524
1624,4,Case3,8x8_125,-3.0,72.0,8x8,2,2,5.715612427792394e-10,0.9991940855979919,0.0008058974053710699,4528.249823603524,4223.76517463337,37256.244676709175,39224.15023322102,1212.9202082868499
1625,4,Case3,8x8_126,-8.0,18.0,8x8,3,3,1.6318955820042664e-15,6.34085839390508e-10,1.0,5407.299045768533,5349.875638799028,37592.72018203139,38353.4923578688,509.4628874154807
1626,5,Case3,8x8_127,-66.0,77.0,8x8,2,2,0.4136303663253784,0.5863696336746216,2.0473274464638536e-10,4341.616095371216,3816.7530836672327,10391.44662284851,9949.10839806232,329.37352592111273
1627,3,Case3,8x8_128,59.0,-70.0,8x8,1,1,0.9987718462944031,0.0012280832743272185,6.349804796551561e-12,6171.577306306022,5582.885670637483,12474.834701538086,10483.574029781375,1608.5610926593672
1628,3,Case3,8x8_129,24.0,11.0,8x8,3,3,9.169657873246283e-16,2.893045802920824e-10,1.0,5607.855346922115,5277.763842098855,36924.69934082031,38226.62045429564,1135.9673645517971
1630,4,Case3,8x8_131,41.0,53.0,8x8,2,2,0.0014434934128075838,0.9985565543174744,4.682442877879112e-09,6953.484298133568,6973.676661589657,17998.843620300293,17478.17049084283,354.24413932130255
1631,2,Case3,8x8_132,38.0,35.0,8x8,2,2,1.364090507216531e-09,0.9871542453765869,0.012845697812736034,7201.650528077289,6891.437657618113,22346.860164999962,22807.491175024326,319.1414822115985
1632,2,Case3,8x8_133,-21.0,37.0,8x8,3,3,1.0534260096173309e-11,0.01640661247074604,0.9835934042930603,6222.871446863896,6117.696776193992,30960.224705815315,31707.99150905213,502.41246349409016
1633,1,Case3,8x8_134,-56.0,37.0,8x8,2,2,1.1694176293985947e-07,0.9999971389770508,2.7460148430691333e-06,6592.751577507929,6549.136876105642,21046.521034240723,20944.354708741783,44.03061241184747
1634,1,Case3,8x8_135,39.0,-76.0,8x8,2,2,1.6475851225550286e-05,0.999983549118042,1.4291997585402783e-09,5528.130682211812,5294.4232154850115,22490.814384937286,23010.95603220894,334.4720820873194
1635,4,Case3,8x8_136,8.0,-68.0,8x8,2,2,2.248820907269078e-09,0.7959089875221252,0.20409096777439117,4763.886189528951,4662.518785315424,37831.80491554737,38828.21007146985,893.8969656370576
1636,2,Case3,8x8_137,68.0,53.0,8x8,2,2,0.48821738362312317,0.5117825865745544,1.0511062159546114e-10,6288.045847233345,6416.609688755409,14028.180269241333,14046.184599969001,90.29766282117926
1637,2,Case3,8x8_138,-28.0,-75.0,8x8,2,2,6.360950465023052e-06,0.9999935626983643,4.8173163236242544e-08,5143.737737882451,5096.298253625938,29817.38700258732,28989.01534127631,555.742268151115
1639,4,Case3,8x8_140,1.0,-3.0,8x8,3,3,4.757775170881459e-15,7.399677398600701e-11,1.0,15115.76819325892,4760.149621562804,49075.25743578188,36765.76012170626,11404.203168459286
1643,5,Case3,8x8_144,-86.0,-39.0,8x8,2,2,3.5471802561914956e-07,0.9999955892562866,4.096408702025656e-06,5163.778739299267,5233.862723694467,22894.511475235224,23001.25163091493,138.67796068252088
1644,1,Case3,8x8_145,29.0,32.0,8x8,3,3,8.324896761530143e-13,0.0006383911822922528,0.9993615746498108,6818.732974453065,6495.383523156221,27395.850054502487,27591.440542513123,250.24919328705394
1647,5,Case3,8x8_148,46.0,-62.0,8x8,2,2,0.2681626081466675,0.7318373918533325,2.032160134612937e-10,6606.473821787559,6356.611928372899,16427.31901359558,16448.368458480825,92.79666507839086
1648,2,Case3,8x8_149,24.0,-59.0,8x8,2,2,1.320484876998762e-08,0.9999994039535522,5.635164939121751e-07,5827.379741392489,5576.106548160592,31077.613557338715,31092.98732600736,137.81931392278466
1649,2,Case3,8x8_150,15.0,-47.0,8x8,3,3,3.9641440130466776e-10,0.47121745347976685,0.5287826061248779,5720.393876130314,5603.561796033433,34766.721135139465,35760.18487716712,692.6354083755595
1650,1,Case3,8x8_151,-66.0,-82.0,8x8,2,2,0.0022048717364668846,0.9977951049804688,5.00878227782664e-10,4046.661424927777,3650.322904801535,10343.24330329895,10158.799075320652,173.0664415051424
1651,3,Case3,8x8_152,-23.0,-66.0,8x8,2,2,5.8673951031096294e-08,0.9999254941940308,7.438868487952277e-05,5340.8502003192225,5190.168042963378,32376.21830677986,32383.69141330062,66.84935328862196
1652,5,Case3,8x8_153,50.0,-62.0,8x8,1,1,0.9235696792602539,0.07643033564090729,2.4890482036576955e-11,6766.683986551653,6572.254912188439,14654.877090454102,14496.258329868064,146.91482670062118
1653,2,Case3,8x8_154,-65.0,-65.0,8x8,1,1,0.9969292283058167,0.003070809179916978,2.684683421752543e-12,5451.491957366099,5416.636002399309,11043.120422363281,9780.442424874065,978.6982225334103
1654,4,Case3,8x8_155,11.0,-32.0,8x8,3,3,5.013500262184868e-14,6.8235663093219046e-06,0.9999932050704956,5754.902065569732,5690.716052911769,36103.71962308884,36838.087142901095,498.9460346045247
1655,5,Case3,8x8_156,70.0,-86.0,8x8,1,1,0.9998586177825928,0.00014142134750727564,2.3523386016854886e-10,3437.7435832611004,3007.518249026458,9607.4998254776,9083.567522851685,382.65416828994915
1656,3,Case3,8x8_157,78.0,-26.0,8x8,2,2,5.225453847401695e-09,0.9999550580978394,4.4916167098563164e-05,4936.949684400817,5055.19214242071,31075.81435775757,31625.01908059505,404.44511835826097
1657,4,Case3,8x8_158,17.0,-43.0,8x8,3,3,1.5050190260712526e-11,0.017752964049577713,0.9822470545768738,5946.100738257999,5906.319821340598,33390.24031829834,33831.928055538614,414.0872807638471
1659,4,Case3,8x8_160,47.0,-13.0,8x8,3,3,1.5397568203096013e-12,0.009040292352437973,0.9909597635269165,5683.696208764226,5685.723968463901,35639.37969779968,37094.64447094491,1142.2136467134876
1660,3,Case3,8x8_161,-43.0,-45.0,8x8,2,2,9.551187395118177e-05,0.999902606010437,1.910724677145481e-06,7580.10665487782,7157.25398917476,17544.061140060425,17034.08776662721,348.0086595597578
1662,1,Case3,8x8_163,-84.0,28.0,8x8,2,2,3.6422617699649606e-10,0.9999979734420776,2.030672476394102e-06,4797.462136387985,4995.363087631806,29946.40360406041,30168.550276996815,221.2476444576238
1664,4,Case3,8x8_165,-5.0,10.0,8x8,3,3,3.662777139966725e-15,1.2559431272762822e-10,1.0,5090.810670592551,4911.36019192577,36302.99132877588,37858.50748707557,1139.188143904134
1665,3,Case3,8x8_166,-61.0,-3.0,8x8,2,2,6.6282621752344895e-12,0.9826306700706482,0.017369339242577553,4944.995286480741,4874.115132061961,38678.26850331575,39351.12283416193,566.8083858733482
1666,5,Case3,8x8_167,-4.0,-6.0,8x8,3,3,5.115614827360879e-15,6.933156306010435e-12,1.0,4873.765567150204,5694.098679760275,35330.09557723999,38096.302909904145,2165.213535548459
1667,5,Case3,8x8_168,-5.0,-1.0,8x8,3,3,4.98488842096286e-15,6.396303191963382e-12,1.0,4920.797506811458,5674.638814179896,34969.51766073704,38116.36108333258,2406.273475935774
1668,5,Case3,8x8_169,58.0,-70.0,8x8,1,1,0.9950679540634155,0.004932092037051916,2.6891381916388513e-12,6175.571353189595,5508.318244006993,12692.589544296265,11354.559739465376,1006.2198898750827
1670,1,Case3,8x8_171,-6.0,-18.0,8x8,3,3,1.3125160917696384e-15,8.096645576216588e-11,1.0,5179.341492865561,5369.8988166856625,37661.93266826868,38439.29461037707,543.8302676126979
1672,4,Case3,8x8_173,82.0,-55.0,8x8,1,1,0.9973003268241882,0.0026996517553925514,5.933512015054987e-11,5397.111333146299,5532.166935478503,14044.774441719055,13228.914918501956,690.9190580825282
1673,5,Case3,8x8_174,-76.0,51.0,8x8,2,2,0.050606872886419296,0.9493931531906128,6.30740043527922e-11,5715.892696055978,5831.789109869123,15446.716616630554,15007.191272772377,289.25264849009193
1674,1,Case3,8x8_175,-73.0,85.0,8x8,1,1,0.9883762001991272,0.011623748578131199,8.07048650131037e-10,3184.7245720165924,2686.6892188774436,9240.645545482635,8804.16180193121,318.05301175905106
1675,1,Case3,8x8_176,-36.0,30.0,8x8,2,3,8.14886439576279e-12,0.00884933304041624,0.9911507368087769,6826.592638243861,6579.559125636053,25497.799449682236,26171.94211413936,536.9815494392864
1676,5,Case3,8x8_177,25.0,-81.0,8x8,2,2,2.3479922450775348e-09,1.0,2.8698166065765918e-09,4745.606668109516,4744.470300607448,31611.921134501696,31392.078591259946,248.01147046903068
1677,3,Case3,8x8_178,27.0,63.0,8x8,2,2,1.5774665484968864e-07,0.9999997615814209,5.7756022187049894e-08,5754.349317084124,5398.250598221646,29553.945811271667,28998.974902921724,382.31080440328606
1678,4,Case3,8x8_179,73.0,-44.0,8x8,2,2,0.00018050720973405987,0.9998194575309753,5.048799422979755e-08,5777.4189916049845,5848.977697008013,18959.606976032257,19026.396068047034,83.7299676845644
1679,2,Case3,8x8_180,-14.0,88.0,8x8,2,2,4.5589052533046015e-09,0.9999991655349731,8.444938544016622e-07,4081.4735048190696,4047.5750450385112,34601.36700582504,36094.76401658575,991.4994256322843
1680,2,Case3,8x8_181,88.0,45.0,8x8,2,2,4.99069017223519e-07,0.9999995231628418,3.3481473149521435e-09,5202.068039744682,5257.950434547446,19129.70141340792,19194.6251711187,124.19061597637541
1681,3,Case3,8x8_182,-14.0,42.0,8x8,3,3,2.6434022071947227e-12,0.0030429705511778593,0.9969570636749268,5873.429434211921,5490.869114799803,34813.91478395462,36513.81117386771,1227.3556280291978
1683,1,Case3,8x8_184,83.0,43.0,8x8,2,2,4.0927369582277606e-07,0.9999996423721313,6.189001311440734e-09,5291.445391873969,5257.397144884763,20245.634344644845,20324.811507430477,124.80547034396274
1684,2,Case3,8x8_185,-18.0,49.0,8x8,2,2,1.83044676638211e-10,0.9708841443061829,0.029115857556462288,5962.078097438884,5704.942235821728,33435.784481048584,34457.75859505428,751.5541618270154
1685,3,Case3,8x8_186,-54.0,1.0,8x8,3,2,5.079535316671047e-12,0.8883594870567322,0.11164052039384842,5232.132874777761,5046.179000526407,38615.17892789841,39279.73762263639,566.8417163870505
1686,3,Case3,8x8_187,-47.0,-37.0,8x8,2,2,1.2303272001190635e-07,0.9998452663421631,0.00015455026004929096,6994.009266043199,6928.975375736934,19954.798350334167,20671.35269621616,507.68969312182156
1687,3,Case3,8x8_188,-40.0,56.0,8x8,2,2,6.891484372317791e-05,0.9999310970306396,2.7254694057177176e-09,6770.638554625867,6440.861373747796,19019.528928756714,19275.162931848157,217.3047370567207
1689,3,Case3,8x8_190,-80.0,40.0,8x8,2,2,4.4810468580180896e-07,0.9999995231628418,2.146075139819459e-08,5349.8765703494455,5342.664894158584,22066.355809899047,21430.81475253532,398.7285834551427
1690,2,Case3,8x8_191,-75.0,6.0,8x8,3,3,5.151234439004782e-10,0.06616661697626114,0.9338333010673523,4270.208134824356,4333.690285669465,36659.98568454385,37679.67677775234,757.6420656460762
1691,5,Case3,8x8_192,89.0,-86.0,8x8,1,1,0.9999943971633911,5.553825758397579e-06,2.6376781314674247e-10,2388.867239563106,2400.547516234319,8301.899574637413,7882.503951958332,254.62413973707885
1692,2,Case3,8x8_193,48.0,41.0,8x8,2,2,3.206517646958673e-07,0.9999983310699463,1.3907625771025778e-06,7242.769970301273,7053.482932107044,17810.995653152466,18242.396184309462,344.1578894706635
1693,2,Case3,8x8_194,-11.0,-16.0,8x8,3,3,4.079441540567061e-15,6.144559860921106e-11,1.0,5421.525098284705,5260.832036727726,37408.816889464855,37242.68249030182,153.16885506566211
1694,1,Case3,8x8_195,12.0,71.0,8x8,2,2,4.685457577480179e-10,0.9999969005584717,3.117888354609022e-06,4706.9342716235105,4495.071092720559,36844.66521680541,37083.365360262265,296.1848722721191
1695,4,Case3,8x8_196,-32.0,84.0,8x8,2,2,5.1944077483767614e-08,0.9999998807907104,1.1594248228163906e-08,4958.6223892495045,5019.6925030325965,27490.047073483467,28130.57711305585,513.9432726111779
1696,5,Case3,8x8_197,-80.0,-38.0,8x8,2,2,3.781603368224751e-07,0.9999915361404419,8.045259164646268e-06,5282.9562133231275,5311.238980090417,23382.045663520694,23357.968377375546,56.61853963836623
1697,5,Case3,8x8_198,-82.0,-53.0,8x8,2,2,0.002946839202195406,0.9970531463623047,3.6110639478614814e-10,5387.821406485224,5483.021584698125,14838.171663284302,14438.24811423709,299.5041822942368
1699,4,Case3,8x8_200,88.0,-42.0,8x8,2,2,2.5513558284728788e-05,0.999974250793457,2.570534718415729e-07,5198.299041796948,5223.990788117067,20972.18330794573,21509.206909899738,380.87879738212195
1700,2,Case3,8x8_201,-73.0,-27.0,8x8,2,2,6.266432373003283e-10,0.999646782875061,0.0003531758557073772,5166.4215147847635,5353.570713962865,30359.658266343176,30811.799036428358,356.84067028037066
1701,2,Case3,8x8_202,-24.0,-76.0,8x8,2,2,1.4795072047490976e-06,0.9999979734420776,5.096682116345619e-07,4968.131794773383,4875.0941533018195,32147.84327158332,31692.420054463008,305.0703077137723
1702,2,Case3,8x8_203,33.0,58.0,8x8,2,2,4.3562883433878596e-07,0.9999995231628418,3.018247696218168e-08,6241.045062249921,6121.46968949515,24360.294213294983,24483.942082280548,147.62542054244852
1704,1,Case3,8x8_205,-58.0,-50.0,8x8,1,2,0.15483614802360535,0.845163881778717,2.3188787001693356e-10,7095.178509784934,6871.219558787056,14416.560455322266,14640.957120192534,186.8990820698095
1705,1,Case3,8x8_206,4.0,90.0,8x8,2,2,6.359753834672688e-10,0.9999886751174927,1.1286569133517332e-05,3933.4545736091645,3846.8241658152942,35222.0357170105,36037.43209169003,603.8996111558064
1706,1,Case3,8x8_207,19.0,-83.0,8x8,2,2,1.7046067668502474e-08,0.9997425675392151,0.00025743708829395473,4497.129943712244,4328.502891744778,34031.26275789738,34791.72392246055,688.0626843128523
1708,4,Case3,8x8_209,58.0,-69.0,8x8,1,1,0.9990069270133972,0.0009931570384651423,1.477944155947597e-11,6243.904793502636,5719.819709192452,12670.14143371582,11731.002440904911,750.0759024865346
1709,3,Case3,8x8_210,-10.0,23.0,8x8,3,3,1.069227582890114e-15,2.6786546314383486e-09,1.0,5559.610299271045,5411.3502034153325,37234.8157749176,38115.58069489809,604.0250297695692
1710,3,Case3,8x8_211,55.0,-59.0,8x8,1,1,0.9935956597328186,0.006404337007552385,7.954414904531859e-12,7212.33676000874,6975.314784350585,13317.324100494385,13391.984395288904,94.69282420302793
1711,5,Case3,8x8_212,-63.0,54.0,8x8,1,1,0.9731118083000183,0.026888176798820496,4.183857687384274e-12,6774.443910717802,6733.019509326753,13462.727996826172,12722.49178528737,486.23073327922015
1712,4,Case3,8x8_213,67.0,-42.0,8x8,2,2,2.7759719159803353e-05,0.9999721050262451,1.738514612270592e-07,6106.0732669513745,6178.907147712047,19489.55974817276,19558.02036571837,72.62955231084948
1713,1,Case3,8x8_214,63.0,-14.0,8x8,2,2,2.7039112268645304e-11,0.998857855796814,0.001142136170528829,5193.800020087588,5087.390837469473,36472.25288248062,36922.52502664964,373.5975892039499
1716,4,Case3,8x8_217,21.0,56.0,8x8,2,2,8.985955091134201e-09,0.9999600648880005,3.989064498455264e-05,5737.265404756296,5739.010302619783,32552.618171691895,32953.94120023174,294.89728834775593
1718,4,Case3,8x8_219,-7.0,65.0,8x8,2,2,1.035938890225907e-09,0.9998321533203125,0.00016783172031864524,4799.787472637127,4752.066553553333,38163.16721343994,38873.610648256814,623.7549158124823
1719,5,Case3,8x8_220,14.0,-23.0,8x8,3,3,2.7980187577417073e-15,1.8051128369833691e-09,1.0,5665.395858330512,5929.030316638884,36471.588790893555,36109.38216755155,340.8095327464807
1720,2,Case3,8x8_221,74.0,-56.0,8x8,1,1,0.9998904466629028,0.0001095024126698263,1.3549887123778803e-13,5846.085833740932,5931.053494089545,13388.711812973022,12423.665800220839,684.6068953225865
1722,3,Case3,8x8_223,-78.0,-48.0,8x8,2,2,0.00017929052410181612,0.9998206496238708,3.796042946646594e-08,5555.413104176416,5437.98480180121,17050.1347990036,17129.472641582663,107.75428954329158
1723,1,Case3,8x8_224,-4.0,-43.0,8x8,3,3,1.9988130074699573e-12,0.0009671514271758497,0.9990328550338745,5457.344525212982,5449.346022753084,37668.635001182556,37406.12653046642,209.31963203165026
1724,5,Case3,8x8_225,2.0,-73.0,8x8,3,2,7.26030138786804e-11,0.9999936819076538,6.267955996008823e-06,4356.822568308358,4384.73808804989,37116.33476319909,38172.72059006185,567.9740108259632
1725,5,Case3,8x8_226,-42.0,80.0,8x8,2,2,4.250689744367264e-05,0.9999574422836304,1.4611348242432598e-10,5397.785351249031,5282.218744163863,20746.07805214962,20101.98575556567,423.3273837497358
1726,1,Case3,8x8_227,-42.0,-6.0,8x8,3,3,1.1305534035460359e-15,6.152132669967614e-08,0.9999998807907104,5614.952409790191,5251.706980796381,37299.45906543732,38299.65793059792,897.4712799027491
1727,1,Case3,8x8_228,60.0,-31.0,8x8,2,2,8.127528650092586e-10,0.9998563528060913,0.0001435898884665221,6069.922138516716,6006.397397432958,26245.815669059753,26579.942250427048,269.6725289568482
1728,5,Case3,8x8_229,42.0,86.0,8x8,2,2,1.0916290193563327e-05,0.9999890327453613,3.412381488487881e-10,5177.462342928828,5201.329601916394,20952.93077376485,19511.173888904377,937.4187534935852
1730,2,Case3,8x8_231,-69.0,24.0,8x8,2,2,1.0518680371163214e-10,0.9999822378158569,1.7745300283422694e-05,5237.734076991936,5255.187110890771,32004.170913994312,32629.583346600433,458.41219468653253
1731,5,Case3,8x8_232,-8.0,-27.0,8x8,3,3,2.7530427905501616e-15,1.7086660974996448e-08,1.0,5481.867491010049,5498.519428788115,37213.749324798584,37423.11657174935,296.9764501183808
1732,4,Case3,8x8_233,61.0,-20.0,8x8,2,2,3.23366021459659e-11,0.9999600648880005,3.9911574276629835e-05,5462.1176414835345,5525.866126281965,33695.84735107422,34031.907343237974,245.2130154366797
1733,3,Case3,8x8_234,-49.0,-40.0,8x8,2,2,3.7895256355113816e-06,0.9999761581420898,2.0011368178529665e-05,7120.0896312514715,6960.044257171945,18298.289140701294,18806.882330659573,358.2515536102931
1734,2,Case3,8x8_235,-62.0,7.0,8x8,2,2,3.379704502370906e-11,0.9972585439682007,0.002741399221122265,4999.324310713121,4879.856683341532,38227.97145083547,38299.133198463125,203.99223660914743
1735,1,Case3,8x8_236,16.0,-57.0,8x8,2,2,3.253017410997927e-09,0.9944869875907898,0.005513026844710112,5566.615641574086,5410.537936782703,35328.84413576126,35076.02703830899,192.1991212758906
1736,5,Case3,8x8_237,-32.0,66.0,8x8,2,2,1.5287612313841237e-06,0.9999984502792358,1.6314957718144285e-10,5807.467092097251,5574.747157963608,26409.683910131454,25223.16939809967,848.1181943813476
1737,4,Case3,8x8_238,64.0,-22.0,8x8,2,2,5.939457953241245e-11,0.9999843835830688,1.560515011078678e-05,5472.088403026538,5468.055775188864,32832.63784503937,33124.65386385367,239.05002778703607
1738,2,Case3,8x8_239,30.0,17.0,8x8,3,3,2.3681705010755944e-15,2.0357187047181924e-09,1.0,5880.429518866012,5501.248106869656,34060.47795462608,36060.42612102643,1528.335469140638
1739,1,Case3,8x8_240,53.0,26.0,8x8,2,2,1.0737576106034652e-10,0.8228321671485901,0.17716778814792633,6082.4864290737705,6068.90545031671,28737.186310768127,30186.8934070547,1069.4620016647264
1740,1,Case3,8x8_241,13.0,6.0,8x8,3,3,6.468716502798207e-15,1.0784814881426019e-11,1.0,4905.690510197189,5212.662450380508,37184.66409897804,37595.941311995804,846.4897415612875
1741,1,Case3,8x8_242,-31.0,60.0,8x8,2,2,4.783552185472217e-07,0.9999995231628418,2.247093622287366e-09,6066.0867857631765,5817.427040650344,26246.58770799637,25151.388345459593,769.1875286783077
1742,1,Case3,8x8_243,-63.0,-63.0,8x8,1,1,0.9998340606689453,0.0001658652035985142,2.3190309264911613e-13,5913.621136216408,5737.822365808555,11418.224117279053,10867.002224711592,434.82973145407976
1743,3,Case3,8x8_244,85.0,-58.0,8x8,1,1,0.9999639987945557,3.5980407119495794e-05,2.1247665085710743e-12,5269.352450921268,5267.080066399262,13069.730445861816,8877.756786431448,3140.973130665998
1745,5,Case3,8x8_246,60.0,61.0,8x8,1,1,0.9245599508285522,0.07544009387493134,6.609473818947054e-12,6485.1826145387195,6101.773311152378,11874.194355010986,11072.273638995117,625.0532351394154
1746,3,Case3,8x8_247,-83.0,78.0,8x8,1,1,0.9987254738807678,0.0012745133135467768,2.049296010664392e-10,2875.238860492064,2637.638023550208,8810.714976668358,8171.382212343512,407.61043805367217
1747,4,Case3,8x8_248,6.0,27.0,8x8,3,3,3.663503470718995e-15,6.247167050332791e-08,0.9999998807907104,5354.112101100512,5429.245793984746,37469.84407424927,38023.53416127758,359.52273423372566
1748,1,Case3,8x8_249,6.0,16.0,8x8,3,3,2.0745255658444466e-15,2.73011856177785e-11,1.0,5042.747269595202,5243.42922894747,37503.09897363186,38367.88881032349,640.4573556759888
1749,4,Case3,8x8_250,-47.0,64.0,8x8,2,2,0.18269473314285278,0.8173052668571472,1.1816415901311217e-10,6512.934130064226,6316.272611885556,16177.629182815552,16379.658460479037,161.96395649834537
1750,3,Case3,8x8_251,-69.0,0.0,8x8,3,3,5.0636816788240946e-12,0.14318916201591492,0.8568108081817627,4553.5443822794305,4379.885906358128,37872.94665110111,39600.66890708468,1349.1791539498136
1751,1,Case3,8x8_252,-82.0,-45.0,8x8,2,2,1.498665278631961e-05,0.9999849796295166,9.27790466676015e-09,5347.023070769125,5274.340037025925,18965.01058895886,18860.852026750057,69.99085891570728
1752,2,Case3,8x8_253,56.0,-34.0,8x8,2,2,4.229636640928902e-09,0.9999819993972778,1.7942369595402852e-05,6436.434060848709,6392.994943107114,23253.410700798035,23241.422875441334,47.1554376196043
1753,4,Case3,8x8_254,-75.0,-17.0,8x8,2,2,4.330542174857399e-11,0.9995748400688171,0.0004251414502505213,4651.889045972212,4829.725112100817,35216.610562205315,35966.365380031675,539.3940633376735
1754,5,Case3,8x8_255,32.0,-60.0,8x8,2,2,4.421457560965791e-06,0.9999955892562866,1.6152156945281604e-08,6184.521144021543,5847.703551854743,25493.828986644745,25118.999999358184,293.71086363407846
1755,1,Case3,8x8_256,-25.0,-11.0,8x8,3,3,1.233832236683871e-15,9.240154474898787e-11,1.0,5468.516814199878,5302.468346395611,36835.69642162323,37883.962084232095,963.7274729499745
1756,2,Case3,8x8_257,65.0,80.0,8x8,2,2,0.002512781647965312,0.9974871873855591,4.779907025742602e-10,4292.177977127072,3829.575878076089,10519.827226638794,10114.875102373628,309.32742228797974
1757,5,Case3,8x8_258,54.0,-18.0,8x8,2,2,2.6674435230078508e-11,0.7207163572311401,0.27928367257118225,5687.607866439596,5548.678194775344,34041.80451774597,34291.21646325601,274.34190071015786
1758,5,Case3,8x8_259,-6.0,38.0,8x8,3,3,9.822123583219655e-13,0.0006190428975969553,0.9993809461593628,5657.783187473294,5471.191120588572,37146.64178562164,37328.74865927023,180.27240047217467
1761,3,Case3,8x8_262,-57.0,76.0,8x8,2,2,0.0021003687288612127,0.9978996515274048,5.724178075983133e-11,5690.6713193469495,5016.612604783207,13159.863752365112,11932.041043198187,936.3823064373759
1763,2,Case3,8x8_264,87.0,-65.0,8x8,1,1,0.9998865127563477,0.00011343311780365184,3.4618818228748793e-12,4035.5426996117335,4336.166753497445,10497.863772392273,8300.886416083136,1738.2181853066936
1764,5,Case3,8x8_265,-25.0,-84.0,8x8,2,2,2.81244822986082e-08,0.9999998807907104,5.354718624062116e-08,4630.568188365377,4781.689933735918,31562.356076478958,31285.430306619735,144.7353777431919
1765,3,Case3,8x8_266,-26.0,-39.0,8x8,3,2,9.028674474720333e-10,0.6972606778144836,0.30273935198783875,6446.9128453524845,6295.830190315431,27495.386883497238,27753.98421604933,212.21351583725325
1766,3,Case3,8x8_267,-33.0,-46.0,8x8,2,2,1.0673058881138786e-07,0.9996390342712402,0.0003608356637414545,6799.059504460685,6708.587355656938,22537.99858212471,22081.135907767133,306.76643681069675
1769,1,Case3,8x8_270,10.0,76.0,8x8,2,2,4.703190614741004e-10,0.9999902248382568,9.831070201471448e-06,4297.747765295715,4087.4450146770905,36203.116288110614,36806.031531324385,426.3529038737344
1770,5,Case3,8x8_271,-30.0,50.0,8x8,2,2,3.851814867061876e-08,0.9999996423721313,2.768991294033185e-07,6481.748375694178,6251.927398563654,25247.32079052925,24227.98960561309,695.0915713523497
1773,3,Case3,8x8_274,30.0,-25.0,8x8,3,3,5.1411545647864904e-14,4.291714503779076e-06,0.9999957084655762,6524.43345691036,6082.559629568944,30174.612033754587,31647.493646275438,1046.327772461949
1774,5,Case3,8x8_275,80.0,-20.0,8x8,2,2,4.092741701100522e-10,0.9998001456260681,0.00019983103265985847,4523.13290434335,4839.396702277379,33903.024252295494,34249.14292796801,271.49504025787564
1775,2,Case3,8x8_276,-88.0,70.0,8x8,1,1,0.9992989301681519,0.0007010734989307821,1.1974994780505899e-11,3401.517722204122,3579.204448888649,9563.800482273102,9617.376624604869,70.10015161754588
1776,3,Case3,8x8_277,57.0,88.0,8x8,2,2,0.0007468637195415795,0.9992530941963196,4.536538644739352e-10,5212.706653886073,4406.085554488362,13426.617642402649,11189.571126896166,1533.7465933760586
1777,2,Case3,8x8_278,18.0,78.0,8x8,2,2,6.197271140706562e-09,0.9999998807907104,1.0517979376345465e-07,4568.790407289279,4401.898839463155,34694.292286515236,35225.39895114406,497.2375353863458
1779,1,Case3,8x8_280,-31.0,-12.0,8x8,3,3,8.954270100253723e-16,7.275988700428115e-10,1.0,5746.12340597148,5454.228178769356,35855.45750951767,37423.43863156915,1315.4421200867703
1780,3,Case3,8x8_281,-72.0,-17.0,8x8,2,2,5.5524626563219215e-11,0.9997925162315369,0.00020753691205754876,4794.036968247527,4848.1592841125075,35346.68734419346,35784.16617231851,320.6425825976963
1781,4,Case3,8x8_282,25.0,-74.0,8x8,2,2,1.475818045548749e-08,0.9999991655349731,8.148663823703828e-07,5038.763186578957,4932.471329298426,31600.694993674755,31964.375058456524,350.87386194072735
1782,1,Case3,8x8_283,34.0,-21.0,8x8,3,3,3.522564599834168e-15,1.9686935104346048e-07,0.9999997615814209,6264.969018114951,5913.441925538962,31317.37016955018,33192.66692987869,1457.4299854021476
1783,5,Case3,8x8_284,16.0,16.0,8x8,3,3,1.9489256146014476e-15,4.403262129915042e-11,1.0,5553.548677453177,5633.36632817455,36964.394048690796,37259.90096714432,402.8041790042724
1784,1,Case3,8x8_285,-21.0,55.0,8x8,2,2,4.160984001799761e-09,0.9999940395355225,5.9223016251053195e-06,5845.705286279004,5766.60472764625,32451.39860534668,31944.97324495394,363.33599982879565
1785,2,Case3,8x8_286,40.0,-87.0,8x8,2,2,0.00018394201470073313,0.9998161196708679,5.455511598029261e-10,5149.985176296318,5320.441527770591,22264.509815454483,22564.423775015595,252.33468516770847
1786,4,Case3,8x8_287,-77.0,22.0,8x8,2,2,5.391964999490462e-11,0.9999828338623047,1.716446058708243e-05,4853.914392463762,5000.031975368117,33163.182190179825,33662.04638351949,443.9561231005255
1787,3,Case3,8x8_288,37.0,70.0,8x8,2,2,6.847235454188194e-06,0.9999932050704956,4.941256293022889e-10,5757.461667433211,5241.286478992943,23296.085282973945,22636.518716981984,445.05654105940266
1788,3,Case3,8x8_289,-9.0,44.0,8x8,3,3,3.3135620983171243e-12,0.0020906871650367975,0.9979092478752136,5676.253997762439,5345.159503019026,36754.53237247467,38035.58371323485,941.5786162978027
1789,1,Case3,8x8_290,20.0,-82.0,8x8,2,2,1.8962081682616372e-08,0.9998723268508911,0.00012767064617946744,4541.78602587344,4404.937660502547,33800.97462964058,34555.99368550659,697.9190042063905
1791,2,Case3,8x8_292,71.0,-88.0,8x8,1,1,0.9999773502349854,2.268476782774087e-05,4.866453420793171e-11,3297.6021150671536,2849.6173657186073,9449.338585853577,8832.822066679766,452.12155907736525
1792,1,Case3,8x8_293,-28.0,11.0,8x8,3,3,9.85740309839586e-16,2.5787735835614e-10,1.0,5569.869558665755,5387.800419586612,36504.97427082062,37876.48468792763,1197.2865070540195
1794,2,Case3,8x8_295,-84.0,-9.0,8x8,3,3,7.298448512216282e-09,0.2869013249874115,0.7130987048149109,3979.3376936816653,4396.050542301769,35311.889598190784,37063.32180326676,1196.9928929154944
1795,5,Case3,8x8_296,-48.0,82.0,8x8,2,2,0.0006482352036982775,0.9993517994880676,2.296130091616888e-10,5381.955964322032,5453.818928566645,17262.949614048004,16818.88429543962,301.114306743526
1796,4,Case3,8x8_297,-13.0,-4.0,8x8,3,3,2.765579301685999e-15,1.2467708809804634e-10,1.0,4962.165396971114,4775.924297452599,37137.13344955444,38003.231084288425,1067.0870405097703
1797,1,Case3,8x8_298,-19.0,-23.0,8x8,3,3,1.777986319032531e-15,1.8308168314717932e-09,1.0,6066.59636168633,5784.10909912748,35041.4200091362,34446.470270726684,359.1513083152374
1798,2,Case3,8x8_299,5.0,-32.0,8x8,3,3,1.0882043692799631e-13,5.760241037933156e-06,0.9999942779541016,5580.502181314948,5523.861460798724,37373.881885528564,37872.258613876926,248.0127297655326
1799,2,Case3,8x8_300,51.0,46.0,8x8,2,2,0.001633201027289033,0.9983667731285095,7.559258108358335e-09,7414.346946578003,7122.265749627051,15749.325908660889,16124.693683029169,292.94399895820186
1800,5,Case4,6x4_001,65.0,19.0,6x4,2,2,9.163326467387378e-06,0.9999908208847046,3.1638820452428718e-09,19701.10650899933,21169.111114855714,37350.569036483765,38051.72049803755,500.13272629093746
1801,3,Case4,6x4_002,40.0,-51.0,6x4,1,1,0.9710871577262878,0.028912849724292755,5.819273951601645e-10,15564.192522589261,16329.97198244237,20673.4737701416,20520.01365606181,243.07380404863497
1802,3,Case4,6x4_003,-44.0,65.0,6x4,1,1,0.9974428415298462,0.0025571768637746572,8.297804804380249e-11,15263.321046334091,15432.91728141294,20740.22917175293,20115.129897368977,357.6900008113876
1804,1,Case4,6x4_005,-52.0,20.0,6x4,2,2,1.9727203834918328e-06,0.9999979734420776,3.646831281400864e-09,19521.12811538156,19172.7986043813,35214.2325592041,34726.57909504438,293.1108905487291
1806,3,Case4,6x4_007,51.0,-83.0,6x4,1,1,0.9999996423721313,6.840837585286863e-08,1.9208083301691659e-07,11044.194985803253,11265.662311472617,16095.619613647461,15331.878412064425,599.6706494804063
1807,2,Case4,6x4_008,86.0,9.0,6x4,2,2,8.984054744587411e-08,0.9999998807907104,7.801381207706015e-10,21499.399687200803,21794.08952773809,40478.00227152556,42126.62457569762,1128.1149075684643
1808,4,Case4,6x4_009,-63.0,21.0,6x4,2,2,3.629818081662961e-07,0.9999996423721313,7.057617268380056e-10,19848.72024440584,19422.0864734908,36108.73595619202,35898.17906052334,133.39749817488163
1809,4,Case4,6x4_010,-74.0,83.0,6x4,1,1,1.0,9.051470684084961e-10,5.032447236708038e-10,6417.199673460506,6380.9652205019065,9515.437217712402,9148.670849716613,241.39184204468873
1810,2,Case4,6x4_011,-39.0,-9.0,6x4,2,2,1.8537510015903536e-07,0.9961864352226257,0.0038133482448756695,21782.93383721275,22433.793055833703,39491.98932170868,40821.84633444705,912.2289933140221
1811,4,Case4,6x4_012,-56.0,9.0,6x4,2,2,1.6083578913139718e-08,1.0,9.84139525428418e-09,21623.457561322022,22530.65006874502,40738.51266956329,41421.23368922197,460.6848811016315
1812,3,Case4,6x4_013,61.0,33.0,6x4,1,2,0.0020914666820317507,0.9979085922241211,6.623186998844233e-10,16488.202908673717,17321.48661268984,27184.160499572754,26961.42380249547,243.21357395945782
1813,2,Case4,6x4_014,19.0,79.0,6x4,2,2,3.894990996400338e-08,1.0,1.4684387039665125e-10,20609.78711097851,21362.35481072117,37917.93340614438,39513.238991787846,1132.8602450518786
1814,4,Case4,6x4_015,35.0,60.0,6x4,2,2,0.07896620780229568,0.9210337996482849,3.4911449287022833e-09,16099.168102698402,16321.229842045674,25577.474166870117,24992.696836180123,350.85084359914134
1817,1,Case4,6x4_018,-53.0,31.0,6x4,2,2,0.02623165398836136,0.9737682938575745,4.4390227604829136e-10,16509.679046427784,15894.369897427687,27068.17584991455,25789.67108015605,872.4852333555091
1818,2,Case4,6x4_019,-79.0,29.0,6x4,2,2,8.932196351452149e-07,0.9999991655349731,4.686234386652721e-11,18071.218289483906,18965.689671793276,32330.65562057495,33512.34895885104,868.9007731354063
1819,3,Case4,6x4_020,-2.0,48.0,6x4,2,2,3.911373003262497e-09,0.9997802376747131,0.0002198244328610599,22328.79345310121,22890.952251145878,41459.19886684418,42534.013873822914,752.4269863160132
1821,3,Case4,6x4_022,43.0,-33.0,6x4,2,2,0.022207198664546013,0.9777926206588745,1.5301009170798352e-07,15643.776629233736,16800.874226351556,24355.487991333008,24443.635399173603,151.20352919453143
1822,2,Case4,6x4_023,62.0,-67.0,6x4,1,1,1.0,2.012232158676852e-09,5.49068186343803e-15,10919.917889467906,10867.876458699111,12632.890686035156,12419.604895421144,216.44377534768492
1823,1,Case4,6x4_024,30.0,75.0,6x4,2,2,8.727489330340177e-06,0.9999912977218628,5.978495476455237e-11,17431.666497748745,18241.831261962652,31495.8843460083,31966.052344974527,338.6453948142396
1824,2,Case4,6x4_025,80.0,-80.0,6x4,1,1,1.0,1.7696409615464148e-10,1.3587658016962767e-13,5974.146129044565,5831.220720967444,9094.801483154297,8759.323922968812,247.79108317717078
1825,3,Case4,6x4_026,-81.0,73.0,6x4,1,1,1.0,4.848177859173575e-09,1.2923068171133423e-09,6741.47187366278,6656.660365685092,9706.180961608887,9233.365745535559,316.5477149992133
1827,3,Case4,6x4_028,36.0,-31.0,6x4,2,2,0.0008843575487844646,0.9991111159324646,4.569007160171168e-06,16700.334618625035,17524.35649508759,26843.896026611328,27495.52210862523,502.1735194722035
1828,2,Case4,6x4_029,52.0,-41.0,6x4,1,1,0.9658506512641907,0.034149400889873505,3.479442775566888e-11,15305.02527292944,15929.884371150094,20152.315338134766,20841.521287145428,529.6143144723991
1829,4,Case4,6x4_030,15.0,-12.0,6x4,3,3,1.3487698069525322e-08,0.03091392293572426,0.9690861105918884,17924.24390293732,18887.562761795063,40373.207304000854,41164.18953795475,739.9910486823161
1830,4,Case4,6x4_031,-55.0,-62.0,6x4,1,1,0.9999938011169434,6.17060459262575e-06,3.602784086689792e-12,12458.905489669378,13715.552641357646,14601.530502319336,15106.877588203737,407.1417114174941
1831,3,Case4,6x4_032,-19.0,-7.0,6x4,3,3,3.850738339306048e-10,0.013308345340192318,0.9866917133331299,18193.504559718982,19362.012586205376,40640.38336849213,41933.20317427041,1026.4232713337217
1832,1,Case4,6x4_033,-61.0,86.0,6x4,1,1,1.0,5.575633288401605e-09,5.225561849897531e-08,8603.9325816845,8977.591653428288,12078.867164611816,12003.09718866968,115.56182984354193
1833,4,Case4,6x4_034,-43.0,-15.0,6x4,2,2,9.432728376168598e-08,0.9999382495880127,6.161533383419737e-05,20448.84284785929,20944.249316441594,37089.08568954468,37770.45994037237,516.537823389702
1834,2,Case4,6x4_035,70.0,81.0,6x4,1,1,1.0,1.4494173639079122e-09,2.258919640967319e-14,7229.269718547071,7684.689406552618,10126.80069732666,10054.920618528562,158.95035843503797
1835,1,Case4,6x4_036,8.0,25.0,6x4,3,3,2.6309085118803033e-12,0.00034833484096452594,0.9996516704559326,19860.29223620826,21083.891960897534,40534.4266204834,41760.68534867032,974.0017484501602
1837,5,Case4,6x4_038,-56.0,52.0,6x4,1,1,0.9999617338180542,3.829256456810981e-05,3.7554473419909584e-12,13793.266474940921,14783.069891654948,15560.372680664062,16102.42663865876,344.38143511616397
1839,1,Case4,6x4_040,-27.0,-54.0,6x4,2,2,0.0001373732229694724,0.999862551689148,3.9120977568529725e-09,17787.812425229233,17414.458778204837,30433.128074645996,29867.721905437546,388.38897395035434
1840,4,Case4,6x4_041,-2.0,-68.0,6x4,2,2,1.7603335455973479e-09,1.0,6.432747667872718e-09,22358.117936279017,24066.686038874243,42109.17192720063,43864.76321748389,1197.36588700092
1841,4,Case4,6x4_042,84.0,51.0,6x4,1,1,0.999977707862854,2.2312879082164727e-05,4.272215359257814e-10,10860.970880970019,11084.960587226175,15995.24104309082,15521.731019860636,221.21952085091237
1842,3,Case4,6x4_043,79.0,-71.0,6x4,1,1,1.0,8.750108415611635e-10,3.248516455833794e-10,7263.017948467875,6875.897719001855,10107.692413330078,9533.190618285566,384.8936569240965
1843,3,Case4,6x4_044,59.0,-56.0,6x4,1,1,0.9999984502792358,1.497933226346504e-06,9.673327677067745e-13,13020.757742860987,13708.576927164111,14551.699737548828,14506.071835560484,149.4802103495686
1844,2,Case4,6x4_045,-18.0,-35.0,6x4,2,2,1.4595575521525461e-06,0.9948545694351196,0.005143954884260893,19995.27729445088,20404.313725402626,35595.73935890198,36181.43126319447,370.5567437188024
1845,4,Case4,6x4_046,-76.0,-77.0,6x4,1,1,1.0,1.7121328799163393e-09,6.360941773309037e-10,6767.080412473619,6473.933713365257,9683.249488830566,9218.1625956046,325.12990332718385
1846,5,Case4,6x4_047,42.0,27.0,6x4,2,2,0.0017379903001710773,0.9982618689537048,2.0636100828141934e-07,16941.948790650924,17670.641331310602,28633.428565979004,28971.581703329142,349.3800697137517
1847,1,Case4,6x4_048,1.0,71.0,6x4,2,2,4.2808101508029495e-10,1.0,9.1210136665687e-11,22333.915636394122,22643.126164153895,42045.441725969315,42162.063426461005,169.14896541224095
1848,3,Case4,6x4_049,-37.0,22.0,6x4,2,2,1.5421455827890895e-05,0.9998143315315247,0.00017031173047143966,18894.133918603293,19442.124676485873,32743.136184692383,33698.69842021676,784.636721681429
1849,4,Case4,6x4_050,-16.0,44.0,6x4,2,2,8.622739500196985e-08,0.9999765157699585,2.344339736737311e-05,20095.47310657902,21159.438048169315,36857.12417411804,38751.57218349501,1341.3904624285158
1851,1,Case4,6x4_052,-79.0,34.0,6x4,2,2,2.0717097868327983e-06,0.9999979734420776,2.2461037196830347e-10,16823.46663263932,17920.776170938072,28968.699157714844,30087.588045773962,796.3375191328283
1852,4,Case4,6x4_053,3.0,87.0,6x4,2,2,3.0370431169934875e-10,1.0,1.9281437557694403e-10,22215.838817931355,20817.73882883782,41099.454046964645,42073.02568910595,598.4533856505401
1853,3,Case4,6x4_054,-17.0,-44.0,6x4,2,2,1.3356341241888003e-06,0.9992846846580505,0.0007140141678974032,19802.670513986137,19609.382550357383,36139.97483062744,36407.49479146973,241.03626974723443
1855,1,Case4,6x4_056,67.0,-19.0,6x4,2,2,1.5032939870707196e-07,0.9999998807907104,3.090910513647849e-11,20518.220862411847,20276.24646083862,37544.964814186096,37225.07075351107,223.3426486750047
1856,3,Case4,6x4_057,2.0,74.0,6x4,2,2,6.383889528116526e-10,1.0,2.2923110076789044e-09,22293.436635106573,22476.673746396853,41863.14856123924,42576.440477081145,506.66724137725566
1857,4,Case4,6x4_058,82.0,19.0,6x4,2,2,4.929476062898175e-07,0.9999995231628418,4.465894876126697e-10,20273.166907762425,21665.074097126693,37789.81520932913,39099.21968010439,941.8276374825342
1858,5,Case4,6x4_059,14.0,3.0,6x4,3,3,9.194781166923377e-14,2.929812503715823e-10,1.0,17403.926771403785,19124.71534028818,39952.56978067383,40678.329519175815,564.0351382582985
1859,2,Case4,6x4_060,44.0,-84.0,6x4,1,1,0.9888416528701782,0.011158374138176441,4.7188745966320056e-12,13059.554858234635,13605.933312041023,20156.150016784668,21067.039781127314,601.1731180156294
1860,2,Case4,6x4_061,0.0,-52.0,6x4,2,2,6.667745822142024e-08,0.9999432563781738,5.662910916726105e-05,22390.338402721325,22807.763838661685,41764.64590930939,42388.41228799046,397.43855276465996
1861,5,Case4,6x4_062,33.0,26.0,6x4,2,2,0.00017897499492391944,0.9997559189796448,6.5095882746391e-05,17848.77388656686,18764.381764657956,30750.735805511475,30856.301345814027,210.61396150946416
1862,2,Case4,6x4_063,-75.0,38.0,6x4,2,2,0.0005656289868056774,0.9994342923164368,1.1701187761781195e-11,15942.54751799103,16398.816586141285,25891.064376831055,26705.19580429214,666.5796640699851
1863,4,Case4,6x4_064,-20.0,55.0,6x4,2,2,2.3772217616624403e-07,0.9999997615814209,2.969262524743499e-08,19917.952698060064,20383.903533612305,35796.84496116638,36853.992053984955,731.51072547471
1864,5,Case4,6x4_065,72.0,31.0,6x4,2,2,0.007153807673603296,0.9928461909294128,5.630799382316809e-09,17410.69061531813,17495.243152688498,30421.14262008667,30023.195538671433,227.2645269705809
1866,2,Case4,6x4_067,-83.0,68.0,6x4,1,1,1.0,4.722679469715274e-10,9.5234531591608e-15,7376.135864080732,7672.696259556928,10388.116424560547,10089.495902897443,236.23461102082828
1867,3,Case4,6x4_068,-26.0,-1.0,6x4,3,3,3.244852303518897e-11,0.004133283160626888,0.9958667755126953,19576.793491775054,20815.705825325986,41025.13437271118,42637.01551898238,1146.4406440693335
1872,4,Case4,6x4_073,-22.0,46.0,6x4,2,2,2.5648600967542734e-06,0.999995231628418,2.178180238843197e-06,18362.65095522395,19507.186532411295,33074.880352020264,34565.08200386364,1045.543801237279
1873,1,Case4,6x4_074,-1.0,-8.0,6x4,3,3,3.238143087003209e-10,0.0036684595979750156,0.996331512928009,16957.129742286947,19059.799221162088,38304.23893435509,38572.957371155404,520.6774325426504
1874,3,Case4,6x4_075,-22.0,82.0,6x4,2,2,4.4102957730274284e-08,1.0,4.96753138623518e-10,19855.135779360873,20850.730228567543,36530.56619501114,37601.80443137305,746.4899410273599
1876,2,Case4,6x4_077,-64.0,20.0,6x4,2,2,1.6909615396798472e-07,0.9999998807907104,1.9479540203093393e-09,19512.41367375843,20324.839754321405,36788.09573173523,37699.334488741595,657.0140125964508
1877,1,Case4,6x4_078,29.0,-79.0,6x4,2,2,2.8289166493777884e-06,0.9999971389770508,1.7199400237366547e-10,18169.39831242523,19098.0355107732,32441.25168991089,33177.828274471794,542.1996830896838
1878,3,Case4,6x4_079,-67.0,39.0,6x4,2,2,0.017863990738987923,0.9821359515190125,1.7116959238894225e-10,15675.109831677206,16273.370658918466,24083.856620788574,24994.241342741807,714.1902392255453
1880,5,Case4,6x4_081,-38.0,-72.0,6x4,2,2,0.07240236550569534,0.9275975823402405,2.2502437246885165e-08,16101.298190734396,15808.156525789967,25535.441902160645,25402.672950478463,51.111402852870874
1881,3,Case4,6x4_082,85.0,48.0,6x4,1,1,0.9578859806060791,0.04211386665701866,6.240245653543752e-08,11736.197462441638,11916.254874235141,17622.416023254395,18342.265510091638,562.5780717525895
1882,4,Case4,6x4_083,-12.0,85.0,6x4,2,2,9.082392060655309e-10,1.0,6.865887719476049e-11,21326.424718647988,22286.890595051293,40070.832342624664,41141.78327810185,696.72025941352
1883,3,Case4,6x4_084,77.0,-48.0,6x4,1,1,0.9999493360519409,5.068095197202638e-05,9.60207913180966e-10,12337.943110434046,12418.798037629578,17657.656860351562,17234.909503878825,278.9048052500311
1884,1,Case4,6x4_085,45.0,75.0,6x4,1,1,0.8972841501235962,0.10271590203046799,6.512998584895513e-09,12589.587008838233,13718.495582334563,19291.559448242188,19561.856973057536,400.41156746824674
1885,3,Case4,6x4_086,-41.0,-54.0,6x4,1,1,0.945120632648468,0.05487941578030586,2.9086694164348614e-10,15341.482645335416,16552.247850352633,20395.549438476562,20177.95153394808,292.4161855123245
1886,3,Case4,6x4_087,-38.0,89.0,6x4,2,2,0.11744754016399384,0.8825517892837524,7.017570737843926e-07,16189.267634561245,15885.654202519601,26659.70269012451,26067.260437026394,299.3063799303017
1887,1,Case4,6x4_088,23.0,33.0,6x4,2,2,4.389199261822796e-07,0.985798180103302,0.014201382175087929,18608.451507404636,18966.931677501394,32788.068967819214,32824.729802755,227.48395087816888
1888,4,Case4,6x4_089,18.0,-35.0,6x4,2,2,1.8430755233111995e-07,0.995799720287323,0.004200104624032974,20032.379657876594,20874.978339889065,35718.26697349548,37490.11845998739,1238.1443983417576
1889,1,Case4,6x4_090,-65.0,24.0,6x4,2,2,6.431744168367004e-07,0.9999994039535522,2.0349312512824014e-11,18553.21629145018,18930.633098302886,34464.85930252075,34230.19453044509,182.99205297215673
1890,5,Case4,6x4_091,11.0,36.0,6x4,3,2,1.250696897159287e-07,0.7604502439498901,0.2395496368408203,21767.84320171658,22119.37864664656,38954.52271270752,39981.392893854085,852.0852712900082
1891,4,Case4,6x4_092,-38.0,-40.0,6x4,2,1,0.826587438583374,0.17341248691082,1.811043937038903e-08,16099.213392153637,15945.9643868766,22421.030807495117,21540.352768822402,682.274956607034
1892,5,Case4,6x4_093,-70.0,-78.0,6x4,1,1,1.0,8.63832916309093e-09,1.4057877084638903e-10,7555.890633922434,7742.240296544591,10329.256454467773,10190.157619279345,130.61447319451563
1893,2,Case4,6x4_094,73.0,-55.0,6x4,1,1,1.0,1.5361115046630403e-08,4.227909475561795e-15,11135.612813237853,11015.088749097436,14270.253921508789,13599.658130713202,488.51208888537184
1894,4,Case4,6x4_095,68.0,-30.0,6x4,2,2,3.2514599297428504e-05,0.9999674558639526,6.254007534067796e-09,17661.643455896938,18435.93031622706,30685.306797027588,31457.092352471078,563.909634971899
1895,1,Case4,6x4_096,84.0,-52.0,6x4,1,1,0.9999994039535522,4.901401098322822e-07,1.0126793625886421e-07,10662.045194364207,10710.250231181599,15596.21597290039,15232.121912614346,248.79304898813595
1897,5,Case4,6x4_098,-1.0,36.0,6x4,3,3,5.937023761504179e-09,0.16229800879955292,0.8377020359039307,21625.61055912366,22454.80426651307,40947.409863471985,41726.32901419634,635.696064970903
1898,1,Case4,6x4_099,90.0,40.0,6x4,1,2,0.0009454676765017211,0.999054491519928,1.9052814881348468e-09,12361.552384112701,14967.892595208836,22734.604961395264,25641.107881092823,1821.37147280056
1899,2,Case4,6x4_100,69.0,62.0,6x4,1,1,1.0,5.6836757522660264e-08,1.1530590054271116e-14,10290.846377699652,10665.778919362761,12280.447204589844,12315.379898475367,110.44119601406913
1900,2,Case4,6x4_101,48.0,15.0,6x4,2,2,4.514027125424036e-07,0.9999749660491943,2.4605009457445703e-05,20115.567029852402,20582.774613852776,37571.81036758423,38148.12591079801,419.24500621992416
1901,5,Case4,6x4_102,76.0,-24.0,6x4,2,2,6.771439529984491e-06,0.9999932050704956,3.4976718743529034e-10,18748.451080897223,19740.83365502535,35256.70406913757,35074.32438714181,163.5968841924922
1902,4,Case4,6x4_103,66.0,14.0,6x4,2,2,2.3441808494339966e-08,1.0,1.068285016003756e-09,20779.429796308756,22872.222817919388,39634.29720568657,41364.77729804728,1242.2546071602249
1903,3,Case4,6x4_104,83.0,3.0,6x4,2,2,2.485862005130457e-08,1.0,1.7712422639704073e-09,22013.511892918705,22354.450143720605,41152.61290860176,42670.13670968361,1091.2838212440656
1905,3,Case4,6x4_106,-12.0,43.0,6x4,2,2,2.317022484987774e-08,0.9992647767066956,0.0007351529784500599,21892.502054630153,21845.674855400535,38771.460247039795,39755.93982600655,780.055602806759
1906,1,Case4,6x4_107,69.0,8.0,6x4,2,2,5.262477120737685e-09,1.0,4.929068958547944e-11,21693.39061803584,22861.265010794123,41295.13650110364,41747.09904308121,380.78912822725056
1908,3,Case4,6x4_109,-69.0,17.0,6x4,2,2,7.580785776895027e-09,1.0,2.562729750632542e-10,20635.671601532737,20963.2996376463,38599.600392341614,39067.59630984375,422.61627552568797
1910,5,Case4,6x4_111,7.0,87.0,6x4,2,2,2.381931096806511e-09,1.0,4.2297104707600397e-10,21920.621936815387,19909.367012502826,40819.52363777161,40628.24047790774,227.09678112853385
1911,4,Case4,6x4_112,21.0,-8.0,6x4,3,3,1.6965968629989447e-09,0.016761142760515213,0.9832388162612915,19054.511313868734,20048.734256087708,40676.33984565735,41706.7213169212,829.6050608979011
1912,5,Case4,6x4_113,35.0,-2.0,6x4,3,3,1.2059987453127974e-09,0.012935477308928967,0.9870644807815552,21509.802299412044,21905.970635024336,40786.28412055969,41528.69701323892,596.2491584192502
1913,3,Case4,6x4_114,-35.0,-78.0,6x4,2,2,0.00028281655977480114,0.9997171759605408,1.9728378930494728e-08,16760.714683028644,16997.34117480401,28226.175842285156,28369.345787923467,163.93368054862339
1914,2,Case4,6x4_115,22.0,74.0,6x4,2,2,2.6573192712930904e-07,0.9999997615814209,4.126420316552526e-10,19318.37365424374,20311.388044425723,36387.10043334961,37714.121515336104,955.7164430068342
1915,4,Case4,6x4_116,12.0,-85.0,6x4,2,2,3.3230820317697862e-09,1.0,3.6510822143398514e-10,21286.86687496217,22437.622115518447,40101.164637327194,41450.013853187076,928.4153500898109
1916,5,Case4,6x4_117,-87.0,33.0,6x4,2,2,1.7463660697103478e-05,0.999982476234436,9.532269418244255e-10,17047.571877581824,17282.34114152144,29917.262031555176,29332.268683419657,384.52769217682817
1917,5,Case4,6x4_118,54.0,-88.0,6x4,1,1,0.9999960660934448,1.1951189549108676e-07,3.856929652101826e-06,10093.622702080575,10858.65940773408,14646.298553466797,14976.839192874548,286.36605674391285
1918,4,Case4,6x4_119,31.0,-10.0,6x4,3,3,2.2116451725562314e-10,0.0021258338820189238,0.9978741407394409,21142.379614046542,22137.450592051737,39574.856536865234,40821.60014449585,964.4371519067572
1919,3,Case4,6x4_120,-58.0,-26.0,6x4,2,2,4.087925481144339e-05,0.9999591112136841,3.693043026942178e-08,17662.200542907973,18281.930385011485,31857.670223236084,31527.048198738805,251.8643216713527
1921,5,Case4,6x4_122,20.0,-73.0,6x4,2,2,1.2608269628344715e-07,0.9999998807907104,2.2549248579473158e-10,20516.942125553487,20650.024846588516,37450.48464870453,37932.2629468407,343.3223235564197
1922,4,Case4,6x4_123,76.0,4.0,6x4,2,2,2.204805005234789e-09,1.0,7.841272631203822e-10,21993.004758074017,24149.339350667473,41519.3317643404,43486.842359396294,1378.0937694716288
1924,1,Case4,6x4_125,-3.0,72.0,6x4,2,2,4.210713999697191e-10,1.0,6.66558336304135e-11,22280.06196581888,22530.072041000447,41928.42184317112,41924.00174764876,121.21645714414505
1925,5,Case4,6x4_126,-8.0,18.0,6x4,2,3,1.7243110693627994e-13,3.2043094844169673e-09,1.0,17930.849905103307,19505.68362766941,40213.41088247299,41623.943671261906,1225.9533353791571
1926,4,Case4,6x4_127,-66.0,77.0,6x4,1,1,1.0,5.47093870206794e-10,4.2964007351820044e-10,8433.232191979947,8406.746910719325,11101.270462036133,11036.612405522745,116.18506058834693
1927,2,Case4,6x4_128,59.0,-70.0,6x4,1,1,1.0,3.922693725399995e-09,5.0753591630261444e-15,10901.028508593796,10919.6378087002,13084.530738830566,12736.223276576993,303.8825078664563
1929,2,Case4,6x4_130,-59.0,12.0,6x4,2,2,4.384220630981872e-08,1.0,7.598881524017997e-09,21543.467950390856,21632.863925661193,40032.09632444382,40774.79010358262,533.3457211938427
1930,1,Case4,6x4_131,41.0,53.0,6x4,1,1,0.9744700789451599,0.025529850274324417,1.1664200161298766e-10,15325.026379625706,15202.599031551681,20287.806716918945,20017.33624016845,151.50126196494838
1932,1,Case4,6x4_133,-21.0,37.0,6x4,2,2,3.8826394188617996e-07,0.9997473359107971,0.0002522705472074449,18849.98592227573,19359.903587128552,33564.10712432861,33892.344188776406,311.37338342090504
1933,1,Case4,6x4_134,-56.0,37.0,6x4,2,1,0.6970797777175903,0.30292025208473206,8.481779861790884e-11,15597.112008826294,15387.096107926975,23226.07704925537,22578.470712311137,475.643177826949
1934,5,Case4,6x4_135,39.0,-76.0,6x4,2,1,0.7048419713973999,0.2951577603816986,2.49489175985218e-07,16006.88943855908,14996.548136794607,25424.63882446289,24456.964591426542,447.9085091423542
1935,2,Case4,6x4_136,8.0,-68.0,6x4,2,2,6.495367355086046e-09,1.0,4.000710429608034e-09,21932.581487616357,22842.96950852647,41471.975370168686,42307.12925107363,579.061664691082
1936,3,Case4,6x4_137,68.0,53.0,6x4,1,1,0.9999868869781494,1.309840808971785e-05,1.023885945646008e-12,12230.661588968265,13143.176590263443,14948.632362365723,14718.974937074918,468.87729689147443
1937,5,Case4,6x4_138,-28.0,-75.0,6x4,2,2,3.4618637982930522e-06,0.999996542930603,7.185451122992959e-10,18425.936762558722,18823.28471313958,32772.703540802,33163.67200748215,302.2407365775461
1938,1,Case4,6x4_139,-52.0,-36.0,6x4,2,1,0.6081135869026184,0.3918863832950592,4.0833089687275503e-10,15468.37737358641,15732.858609198933,23009.7333984375,21993.064838941667,723.6275173250133
1940,4,Case4,6x4_141,79.0,49.0,6x4,1,1,0.999650239944458,0.0003498034202493727,1.6403148284105384e-10,11693.184234639493,12005.195861035569,16991.50877380371,16944.0905445379,201.07896879526055
1941,2,Case4,6x4_142,56.0,10.0,6x4,2,2,6.435866595211337e-08,0.9999997615814209,1.33110290789773e-07,21319.723385365323,22162.23697616353,40413.98736286163,41378.08452167595,678.692180557345
1942,1,Case4,6x4_143,39.0,-35.0,6x4,2,2,0.010799736715853214,0.989200234413147,2.934105047813773e-08,16036.190720089693,15968.1504368442,23861.256118774414,23778.380795294823,216.68750264814432
1943,1,Case4,6x4_144,-86.0,-39.0,6x4,2,2,0.04480763152241707,0.9551923274993896,6.925112217004425e-08,15835.30296171324,15287.97441335915,25841.501792907715,25062.993205592993,333.8751911612431
1944,5,Case4,6x4_145,29.0,32.0,6x4,2,2,0.0008606119081377983,0.999110758304596,2.8644524718401954e-05,17321.666898558327,18120.7455068039,29528.379280090332,29115.20626410045,385.0769038736457
1945,4,Case4,6x4_146,-41.0,-28.0,6x4,2,2,3.3161162718897685e-05,0.9999634027481079,3.409555574762635e-06,16422.268749824758,17768.94293370042,27870.418521881104,28962.708295719807,770.4592892843308
1946,3,Case4,6x4_147,47.0,23.0,6x4,2,2,2.235708052467089e-05,0.9999760389328003,1.6140477328008274e-06,18337.610171054326,18506.38595842227,32224.380252838135,31689.78697045992,303.83808070902313
1947,5,Case4,6x4_148,46.0,-62.0,6x4,1,1,0.9998290538787842,0.00017091335030272603,1.4161329227324604e-11,15167.89709263468,15221.463743987639,19239.020248413086,18173.363480535234,749.8188869018495
1949,3,Case4,6x4_150,15.0,-47.0,6x4,2,2,1.1266796491327113e-06,0.9999103546142578,8.855900523485616e-05,20401.415749413034,20245.430383758612,37669.0164604187,37785.603936580344,135.25058601716918
1950,5,Case4,6x4_151,-66.0,-82.0,6x4,1,1,1.0,1.4582639096261119e-08,1.0015167584143114e-09,7839.469686969595,8289.775604550283,10855.268058776855,10821.154217280979,144.33367058978658
1951,2,Case4,6x4_152,-23.0,-66.0,6x4,2,2,4.623220320354449e-06,0.999995231628418,1.0516345128053217e-07,19520.730767560206,19767.403960722302,35202.44256782532,36351.168037927935,797.7459398840649
1952,5,Case4,6x4_153,50.0,-62.0,6x4,1,1,0.9999946355819702,5.365671313484199e-06,5.909277841359417e-12,14286.851173680787,14356.589128513142,16499.066818237305,15898.495024084526,728.0954196854518
1954,1,Case4,6x4_155,11.0,-32.0,6x4,2,3,3.0510988700827024e-12,0.00042443847632966936,0.9995755553245544,21032.385995143206,21566.326006794512,39307.878494262695,40075.51144423505,678.9047461121024
1955,3,Case4,6x4_156,70.0,-86.0,6x4,1,1,1.0,1.008938710356233e-09,6.327403045958135e-09,6910.164352987085,7002.164853477883,9977.699333190918,9795.848959849813,145.2269006203035
1956,2,Case4,6x4_157,78.0,-26.0,6x4,2,2,2.841066634573508e-05,0.9999716281890869,4.683096688218313e-10,18751.314085346956,19510.8288430011,34143.060373306274,34934.587121641016,610.2093419466806
1958,4,Case4,6x4_159,-9.0,-4.0,6x4,3,3,1.4208994869591152e-08,0.028560062870383263,0.9714398980140686,17066.94834169127,18420.806014898586,38760.6311199218,39454.06670420275,504.5574888673427
1959,4,Case4,6x4_160,47.0,-13.0,6x4,2,2,1.2729098841646191e-07,0.9999798536300659,1.998834341065958e-05,20665.2862093019,21896.01741343933,38530.479687690735,39584.32782803958,819.4590061401519
1961,3,Case4,6x4_162,-71.0,-11.0,6x4,2,2,6.8589831592191786e-09,1.0,1.059243914802721e-09,21339.9828165025,22445.401832896543,40580.41236001253,41318.993438421945,561.4997185553583
1962,4,Case4,6x4_163,-84.0,28.0,6x4,2,2,3.052875570119795e-07,0.9999996423721313,1.4007285609185516e-10,18210.240977751277,19075.00954878173,33100.112186431885,34028.4717390498,680.3989777684865
1963,5,Case4,6x4_164,-16.0,-5.0,6x4,2,3,1.0226673295091887e-13,8.177291066502335e-10,1.0,17924.91288582107,19407.93054215784,40431.003135859966,40888.196322335134,460.56097953212
1964,4,Case4,6x4_165,-5.0,10.0,6x4,3,3,1.455562070873384e-08,0.04366576299071312,0.9563342332839966,16755.293177064803,18575.68446024406,39227.18662965298,39126.980536069386,333.54898839321606
1965,2,Case4,6x4_166,-61.0,-3.0,6x4,2,2,8.758594738367265e-09,1.0,1.9905851189605528e-08,22131.98328592722,23033.834233940564,41922.423767507076,43004.14204932713,779.4377875229519
1967,5,Case4,6x4_168,-5.0,-1.0,6x4,3,3,6.241123069739007e-14,4.8629260340771197e-11,1.0,17139.540631082622,18782.180649317692,35472.77913182974,39322.86789935609,3862.19923357869
1968,5,Case4,6x4_169,58.0,-70.0,6x4,1,1,1.0,7.011134339762748e-09,1.8858975492364038e-10,11097.69246060567,11326.452668766913,13366.241691589355,12963.803300914125,309.2554335110774
1969,4,Case4,6x4_170,-35.0,-50.0,6x4,2,2,0.1561371237039566,0.8438628911972046,1.577963004706362e-08,15763.79095797676,16258.11897190234,23481.918731689453,23317.018020877706,148.63174398202153
1970,4,Case4,6x4_171,-6.0,-18.0,6x4,3,3,3.0837801201499815e-09,0.026801537722349167,0.9731984734535217,17410.69431437889,19357.88226303714,40138.85045647621,41886.563450065936,1292.3791916070743
1971,2,Case4,6x4_172,-68.0,5.0,6x4,2,2,3.9686303132668854e-09,1.0,1.3077496863189708e-09,22001.661542988226,23320.804401997975,41786.77072298527,43195.113050801905,1037.1278384437544
1972,5,Case4,6x4_173,82.0,-55.0,6x4,1,1,0.9999997615814209,5.97564806525952e-08,8.097845238808077e-08,10147.57003477745,10250.36674900378,14231.309196472168,13478.637758503426,535.6379919818334
1973,5,Case4,6x4_174,-76.0,51.0,6x4,1,1,0.9999985694885254,1.4553013443219243e-06,2.1833796992609678e-09,11586.020496456618,11671.229317804475,16010.045120239258,15361.12346557044,434.5933564233375
1974,5,Case4,6x4_175,-73.0,85.0,6x4,1,1,1.0,4.365126926586527e-09,2.9694144920711096e-09,6486.307386958716,6752.972131452629,9564.116756439209,9292.638430068062,201.442498953982
1975,2,Case4,6x4_176,-36.0,30.0,6x4,2,2,0.0025222161784768105,0.9974588751792908,1.8902093870565295e-05,16882.71816026857,17000.460057753015,27425.878536224365,27259.96754337213,235.63828799772529
1976,5,Case4,6x4_177,25.0,-81.0,6x4,2,2,1.0202121529800934e-06,0.999998927116394,2.415223021579038e-10,19145.919367808307,19932.470311426037,34952.29942703247,35525.367837112615,419.37664597323834
1977,2,Case4,6x4_178,27.0,63.0,6x4,2,2,1.4081611880101264e-05,0.999985933303833,7.05617786422863e-09,17812.74790622233,18664.444719350744,32171.261039733887,33559.09732055405,979.0153752783388
1978,3,Case4,6x4_179,73.0,-44.0,6x4,1,1,0.6907509565353394,0.3092491030693054,7.816579383757016e-09,15042.643394652185,14544.648143842345,21821.834632873535,21573.691327009525,343.0902800285878
1980,4,Case4,6x4_181,88.0,45.0,6x4,2,1,0.9913486838340759,0.008651281706988811,2.047649694247866e-08,12392.318254241229,12301.487286301512,19440.69637298584,19883.528157157758,411.734808092589
1983,2,Case4,6x4_184,83.0,43.0,6x4,2,1,0.6614533066749573,0.33854666352272034,1.1049960252362823e-10,11956.04729499557,13197.965060144044,20672.77809906006,22267.516982306082,1040.4814063256438
1984,1,Case4,6x4_185,-18.0,49.0,6x4,2,2,3.1792237109584676e-07,0.9999995231628418,2.176031586031968e-07,19624.96577963115,19877.894296864954,36200.83619117737,36249.062485170565,116.60039143819625
1985,5,Case4,6x4_186,-54.0,1.0,6x4,2,2,5.373644640371822e-09,1.0,3.033948559050259e-08,22179.04572113914,23313.64068907494,41754.846172749996,42466.87730700369,464.5651850148418
1986,1,Case4,6x4_187,-47.0,-37.0,6x4,1,2,0.4737069308757782,0.5262930989265442,1.4539447423800311e-09,15396.657748207082,15550.935564290789,21801.105545043945,21217.750229537018,366.8363689054495
1987,5,Case4,6x4_188,-40.0,56.0,6x4,1,1,0.946826696395874,0.053173284977674484,3.1177581349961514e-11,15513.92063728736,15943.225462543289,21403.307205200195,20986.428023098455,405.67448597987766
1988,1,Case4,6x4_189,34.0,0.0,6x4,3,3,3.5026920600089717e-12,0.00023483358381781727,0.9997652173042297,21657.906151661224,20907.39367439269,40842.209557533264,40446.938010753285,220.09651344428883
1989,4,Case4,6x4_190,-80.0,40.0,6x4,2,2,0.014551264233887196,0.9854487776756287,1.960669671063897e-08,15648.583910240095,15304.169836696245,24990.77540588379,24516.891353138923,121.91457358692936
1990,1,Case4,6x4_191,-75.0,6.0,6x4,2,2,8.391384254125001e-10,1.0,1.061075463604233e-10,21874.91778887755,22686.173358614316,41424.22816514969,41760.14796616146,341.2420961895778
1991,3,Case4,6x4_192,89.0,-86.0,6x4,1,1,1.0,2.265099219300737e-09,7.351653175113881e-10,4973.9925900578555,4967.966408583728,8325.08712387085,8202.759348253312,115.74180056713566
1992,3,Case4,6x4_193,48.0,41.0,6x4,1,1,0.9953858256340027,0.004614133853465319,4.1583805843181665e-11,15388.243323403005,17094.905445155273,19897.840744018555,19482.407899710022,464.95497839157224
1993,5,Case4,6x4_194,-11.0,-16.0,6x4,3,3,3.9807217309777154e-13,4.014530485818568e-09,1.0,17756.135113982586,19344.06329527582,40126.27185535431,40997.76396602424,834.8281680557179
1994,3,Case4,6x4_195,12.0,71.0,6x4,2,2,2.0063954941917927e-09,1.0,3.0650766369433313e-09,21996.260955284524,22482.08942552205,40460.92272722721,41385.77798522569,695.0911996477282
1996,5,Case4,6x4_197,-80.0,-38.0,6x4,2,2,0.015646981075406075,0.9843530058860779,4.073512371860488e-08,15893.15974336097,15640.580986101888,26222.593955993652,25461.41739905734,346.0972471571461
1997,1,Case4,6x4_198,-82.0,-53.0,6x4,1,1,0.9999961853027344,3.718860398294055e-06,1.2388896664106142e-07,10577.037843011174,10515.623337287921,15089.862396240234,14258.295448927514,592.0438519310298
1998,2,Case4,6x4_199,-45.0,82.0,6x4,1,1,0.9999428987503052,5.703966598957777e-05,2.905526974615949e-14,12884.544918881533,12791.749074999887,19586.481552124023,19287.667042572717,283.15502725211655
1999,5,Case4,6x4_200,88.0,-42.0,6x4,1,1,0.9605849981307983,0.039407018572092056,7.963145435496699e-06,11926.17822368546,13208.200621505832,21503.02456665039,21865.56774443163,226.09209126544712
2001,1,Case4,6x4_202,-24.0,-76.0,6x4,2,2,1.8634025877872773e-07,0.9999997615814209,6.948303044040927e-11,19533.891318677703,20367.869377249102,35297.19714355469,36086.72820100408,580.1471604526183
2002,1,Case4,6x4_203,33.0,58.0,6x4,2,2,0.007064464036375284,0.9929354786872864,3.1362173968929596e-10,16486.365230660547,16306.83618112457,26644.18016052246,26354.30659945355,280.02508721686985
2003,3,Case4,6x4_204,27.0,-22.0,6x4,3,2,7.238792250063852e-07,0.8273720741271973,0.17262721061706543,20176.706110514904,20561.211951541543,35379.805713653564,36160.896929438946,640.9428854030288
2005,4,Case4,6x4_206,4.0,90.0,6x4,2,2,3.790418257043626e-10,1.0,1.802431814912353e-10,10036.736432191612,19713.881310297722,39174.30488228798,41513.906663580965,1851.148746406457
2006,3,Case4,6x4_207,19.0,-83.0,6x4,2,2,3.1335659400610893e-08,1.0,3.441801288417423e-10,19995.28621372993,20965.422870314025,37934.218438744545,38762.098165105235,660.1254589015501
2007,4,Case4,6x4_208,-87.0,47.0,6x4,1,1,0.9999346733093262,6.528833182528615e-05,3.633417833270869e-08,11851.482992077586,12304.090469529541,18244.729026794434,18890.922787437958,504.8773565559872
2008,4,Case4,6x4_209,58.0,-69.0,6x4,1,1,1.0,2.556501677020151e-09,5.2597624172756596e-11,11273.829196034098,11703.19417311376,13412.545066833496,13646.07756273728,242.4136937875529
2009,2,Case4,6x4_210,-10.0,23.0,6x4,3,3,5.27795229743333e-09,0.1550590544939041,0.8449410200119019,18809.799572454758,20101.75873190759,40067.85463523865,40688.00848206498,468.7494963037211
2010,4,Case4,6x4_211,55.0,-59.0,6x4,1,1,0.9999994039535522,6.351491492750938e-07,2.5909077400881886e-12,13099.915601604815,13791.545295993088,14740.223693847656,14946.439670794898,276.812573690129
2011,3,Case4,6x4_212,-63.0,54.0,6x4,1,1,0.9999958276748657,4.227056251693284e-06,1.454016594626406e-12,13167.471008135466,13572.853650581957,14890.271011352539,14769.792937653197,205.25473710143905
2012,5,Case4,6x4_213,67.0,-42.0,6x4,2,1,0.9942236542701721,0.005776293110102415,1.1054566151358358e-09,15297.196516776994,15140.326076238667,22138.659698486328,21868.7401881631,113.83375924273915
2013,1,Case4,6x4_214,63.0,-14.0,6x4,2,2,3.599447850888282e-08,1.0,4.381505228079341e-11,21497.268914674736,21289.691271119307,39553.2885093689,39421.65925404841,101.2044863191344
2014,1,Case4,6x4_215,9.0,13.0,6x4,3,3,1.8506578214338987e-10,0.0031660664826631546,0.9968339800834656,17607.910295194793,18359.614168046875,39884.910847365856,40791.397745273855,867.054439833889
2015,1,Case4,6x4_216,-10.0,59.0,6x4,2,2,2.34679231603252e-09,1.0,5.042401496346827e-10,21611.4483428287,22133.107671956885,40790.01819849014,40805.523497466515,173.6762666035043
2016,3,Case4,6x4_217,21.0,56.0,6x4,2,2,4.0355959640692163e-07,0.9999988079071045,7.728334026069206e-07,19024.884481113513,19541.986559545323,35216.01766204834,35466.03113720632,254.33002768210258
2017,1,Case4,6x4_218,5.0,-15.0,6x4,3,3,8.053854805289973e-10,0.057008206844329834,0.9429917931556702,17605.792968490783,18535.101404158173,39929.942858655006,40694.525134976604,794.4903820773412
2019,1,Case4,6x4_220,14.0,-23.0,6x4,3,3,3.0520262966210465e-12,0.0003607968392316252,0.9996391534805298,19382.372791549784,20545.977503816193,39462.51999473572,41043.86498089201,1395.960302244734
2020,1,Case4,6x4_221,74.0,-56.0,6x4,1,1,1.0,2.379502817007051e-08,2.8195046297696535e-09,10787.729413537414,10766.20418108904,13884.575492858887,13539.669816713078,239.37832676284455
2022,3,Case4,6x4_223,-78.0,-48.0,6x4,1,1,0.9999756813049316,2.43620561377611e-05,5.157699822788686e-10,12156.378780918145,12108.75094111067,17635.207153320312,16696.35263140079,656.2832854775961
2023,2,Case4,6x4_224,-4.0,-43.0,6x4,2,2,1.5362836336407781e-07,0.9883033037185669,0.011696563102304935,21078.173809356336,22339.77634213158,40888.068081855774,41112.03881569301,132.76895098289052
2024,4,Case4,6x4_225,2.0,-73.0,6x4,2,2,8.865452261197504e-10,1.0,1.449762976335478e-09,22317.9362294314,24260.882494166955,41939.1175006032,44019.12342237207,1415.3907591820384
2025,1,Case4,6x4_226,-42.0,80.0,6x4,1,1,0.9291236996650696,0.07087582349777222,4.870369139098329e-07,12651.832225226417,14390.261289262953,21526.792266845703,22388.5189292587,668.7027136854109
2026,2,Case4,6x4_227,-42.0,-6.0,6x4,2,2,1.218905367750267e-07,0.9985635876655579,0.0014362819492816925,22052.64681319117,22850.590885866834,40368.082856178284,41565.30118342614,809.600465174761
2028,4,Case4,6x4_229,42.0,86.0,6x4,1,1,0.89664626121521,0.10335296392440796,7.016028575890232e-07,12126.526532711148,13718.477718897631,21427.551780700684,22051.935486432245,499.1052524279457
2029,5,Case4,6x4_230,-44.0,-30.0,6x4,2,2,0.0014150310307741165,0.9985846281051636,3.1393517474498367e-07,16287.154204140936,16736.64871425819,26379.516693115234,26375.15513650503,218.2041621903072
2031,1,Case4,6x4_232,-8.0,-27.0,6x4,3,3,1.133283896413706e-12,0.00016991888696793467,0.9998300075531006,20104.036356437533,20985.312677891005,40418.499338150024,41074.8915469339,616.3674845983799
2033,3,Case4,6x4_234,-49.0,-40.0,6x4,1,1,0.9279240369796753,0.07207590341567993,6.17284223736192e-10,15308.929501320623,16713.48391713084,20318.814880371094,20125.741853888165,288.3557699222134
2035,2,Case4,6x4_236,16.0,-57.0,6x4,2,2,4.799090902452008e-07,0.9999990463256836,5.200989221521013e-07,21051.064603649524,21286.87932495262,38302.59153556824,39160.49619281185,589.6831643016606
2036,2,Case4,6x4_237,-32.0,66.0,6x4,2,2,0.00022168635041452944,0.9997783303260803,8.377000482173713e-11,16872.448392359238,17281.80605552614,29039.536193847656,29255.101792803474,214.8571243074146
2037,2,Case4,6x4_238,64.0,-22.0,6x4,2,2,6.028612006048206e-06,0.9999939203262329,3.6498779554250405e-09,19034.095052135843,19884.968384042822,35609.33871269226,36530.8229766268,644.5075027897126
2040,2,Case4,6x4_241,13.0,6.0,6x4,3,3,4.712387424721243e-11,0.00012330166646279395,0.9998767375946045,17461.919738302284,17697.23876615588,39844.10912939161,40226.46071350341,417.7431538927676
2042,5,Case4,6x4_243,-63.0,-63.0,6x4,1,1,1.0,3.3194410775649885e-08,8.347906567396368e-12,11471.812100818797,11386.641264716432,13156.117813110352,12600.678144671416,286.08833476393323
2043,5,Case4,6x4_244,85.0,-58.0,6x4,1,1,0.9999998807907104,2.0554384860815844e-08,7.859038220203729e-08,9219.000408770862,9424.059907122237,13041.403137207031,12487.607708307767,383.7713274614712
2044,5,Case4,6x4_245,-34.0,-14.0,6x4,2,2,4.602534886544163e-07,0.9948609471321106,0.005138621665537357,19881.196425051658,21179.5182171323,37702.959857940674,38146.59788461474,387.76203180857976
2045,4,Case4,6x4_246,60.0,61.0,6x4,1,1,0.9999994039535522,6.13343956956669e-07,1.2725334024368817e-12,12071.324130888881,12319.65619238673,13655.95573425293,13289.212423486977,219.44471314609703
2046,5,Case4,6x4_247,-83.0,78.0,6x4,1,1,1.0,5.916840795094913e-09,5.044450412938772e-10,5902.682443111473,5996.031490874902,9047.162437438965,8626.887570687406,292.78668257768305
2047,4,Case4,6x4_248,6.0,27.0,6x4,3,3,4.5583196939258386e-11,0.0007458867621608078,0.999254047870636,19351.973849259746,20862.40032511695,40712.27438735962,41052.381933058125,348.8429411847081
2048,5,Case4,6x4_249,6.0,16.0,6x4,3,3,1.6459266404238865e-13,1.1081445761007558e-09,1.0,17597.91997942234,19159.411289461852,39949.529588878155,41154.66814118833,1001.5019546500877
2049,5,Case4,6x4_250,-47.0,64.0,6x4,1,1,0.9999309778213501,6.906200724188238e-05,1.4323159845675004e-11,15084.932570751116,14490.482505526363,19076.27603149414,17403.126220304042,941.5114252861557
2051,2,Case4,6x4_252,-82.0,-45.0,6x4,1,1,0.9830113649368286,0.016988655552268028,2.9109353816281214e-12,12769.51346224902,13181.568811257814,19500.198013305664,20130.307541005117,483.9026069912038
2052,3,Case4,6x4_253,56.0,-34.0,6x4,2,2,0.07993663102388382,0.9200633764266968,4.391818908544565e-09,16106.740025738418,16358.229907619796,25408.312728881836,24719.794432332033,551.5677918106086
2053,3,Case4,6x4_254,-75.0,-17.0,6x4,2,2,3.2590641296792455e-08,1.0,6.780738748268789e-10,21039.167923651,21834.152765948907,38595.90729957819,39698.54115228156,790.6353104247545
2054,1,Case4,6x4_255,32.0,-60.0,6x4,2,2,0.0049408236518502235,0.9950592517852783,1.7775507454853567e-10,16913.702942077303,16806.13015893968,27915.70143890381,28065.50877434767,203.7727679090399
2055,4,Case4,6x4_256,-25.0,-11.0,6x4,3,3,5.163156013843206e-10,0.009002632461488247,0.990997314453125,19397.504730784083,20687.13662267272,39872.809144973755,40531.55346568663,452.36023334380104
2056,2,Case4,6x4_257,65.0,80.0,6x4,1,1,1.0,3.313708196728271e-09,1.1923553202457856e-14,8200.740123507769,8624.530128491835,11099.058334350586,10950.933630683725,192.4993113700048
2057,1,Case4,6x4_258,54.0,-18.0,6x4,2,2,9.76963519860874e-07,0.9999990463256836,2.7679278868930624e-09,20314.08596558775,20199.970456209343,36753.55570793152,36921.86716170726,175.97558509408125
2060,1,Case4,6x4_261,-14.0,-28.0,6x4,2,3,7.929438355924745e-12,0.00064141332404688,0.999358594417572,21004.782456813682,21143.96921190611,38665.482971191406,39162.17226513997,469.2628284594871
2062,5,Case4,6x4_263,-24.0,2.0,6x4,3,3,6.903326109537755e-13,6.376265559993044e-07,0.9999994039535522,19691.9189183975,20407.041528629878,41033.24241924286,42112.20752433648,810.3200677986935
2063,1,Case4,6x4_264,87.0,-65.0,6x4,1,1,1.0,4.479540738344667e-09,2.9256385758458237e-08,7704.507732738949,7929.595100191235,10948.574035644531,11002.378135181927,71.96945941480627
2065,2,Case4,6x4_266,-26.0,-39.0,6x4,2,2,2.740168565651402e-05,0.9998728036880493,9.978417801903561e-05,17615.15288396271,18643.565010450904,29614.4393119812,31070.34228928021,989.5552530624097
2066,1,Case4,6x4_267,-33.0,-46.0,6x4,2,2,0.0021383222192525864,0.9978616833686829,9.602528550090028e-09,15968.063155630864,16036.955894514213,24417.041625976562,24542.832141175626,180.88876659390144
2067,1,Case4,6x4_268,-59.0,29.0,6x4,2,2,0.0005639487062580884,0.99943608045578,6.031729976596623e-11,17341.88221619938,17014.537075374123,29907.205989837646,28869.9902456137,708.6572122465432
2068,3,Case4,6x4_269,-60.0,60.0,6x4,1,1,0.9999994039535522,5.890864827051701e-07,1.2016295077021955e-12,12357.183283795895,12545.936153616523,13876.258666992188,13539.084239264846,181.44857105287988
2071,4,Case4,6x4_272,72.0,69.0,6x4,1,1,1.0,2.626303396979779e-09,1.567927732093466e-11,8556.787257813003,8312.276982707977,10881.313636779785,10547.339025413794,250.08027384932916
2072,1,Case4,6x4_273,81.0,62.0,6x4,1,1,1.0,9.898397657082114e-09,8.168312137790679e-10,8656.637987841574,8693.868346619694,11759.73550415039,11401.472762951307,247.7294637727377
2073,2,Case4,6x4_274,30.0,-25.0,6x4,2,2,1.9620469174697064e-05,0.9445331692695618,0.05544715374708176,19052.604303117045,19885.863869765355,32602.56338119507,33467.29740113372,612.6688594922244
2074,3,Case4,6x4_275,80.0,-20.0,6x4,2,2,9.56493408921233e-07,0.9999990463256836,1.086768119940018e-09,20254.760134148695,21341.949083457977,37373.2635281682,38428.3201287614,797.2112773455772
2075,2,Case4,6x4_276,-88.0,70.0,6x4,1,1,1.0,6.767663096596266e-10,1.518821892798443e-14,6779.553781179912,7188.868462820485,9903.611362457275,9826.025564721554,108.30343459111812
2076,1,Case4,6x4_277,57.0,88.0,6x4,1,1,0.9999995231628418,2.803686243169068e-07,2.4056055281107547e-07,9385.134860089873,10022.584337306127,13386.326713562012,13688.404763155675,251.21385157269418
2077,5,Case4,6x4_278,18.0,78.0,6x4,2,2,1.9328661338136044e-08,1.0,1.6222358178996643e-10,20206.486064621356,22646.036417268646,38341.35233968496,39799.61350465861,1064.0797847607744
2078,3,Case4,6x4_279,-88.0,-89.0,6x4,1,1,0.9999998807907104,9.210429396944164e-08,6.328509383202174e-10,4910.86792918435,4963.251504500956,8274.803367614746,7864.773582023235,320.738157778134
2080,1,Case4,6x4_281,-72.0,-17.0,6x4,2,2,1.7816555342164975e-08,1.0,2.366328834269016e-11,21030.65079267539,21802.47203482427,38566.046637654305,39177.98307152632,476.6824184114861
2081,4,Case4,6x4_282,25.0,-74.0,6x4,2,2,6.627187758567743e-07,0.9999992847442627,6.651142414604294e-10,18957.25163945338,19949.910181883177,34723.058992385864,35742.126289681415,713.1287905052177
2083,3,Case4,6x4_284,16.0,16.0,6x4,3,3,3.884013596855418e-11,0.00028393801767379045,0.9997159838676453,18518.32541803028,18992.3207515131,39910.99075508118,40808.868765957464,791.0861307721134
2084,5,Case4,6x4_285,-21.0,55.0,6x4,2,2,6.559624239343975e-07,0.9999992847442627,2.5141304593745417e-09,19079.6016532544,19921.06306129465,35148.091022491455,35563.88606511909,244.73209597891451
2085,2,Case4,6x4_286,40.0,-87.0,6x4,1,2,0.1231512576341629,0.8768486976623535,8.571319348726902e-11,12552.935520450395,15544.82962603319,22815.928943634033,25011.736510734954,1346.4194114613504
2087,2,Case4,6x4_288,37.0,70.0,6x4,2,2,0.015453471802175045,0.9845464825630188,6.831006593710498e-11,16209.397827074268,16004.04585573528,26008.825035095215,26743.432717081618,557.746882189439
2088,3,Case4,6x4_289,-9.0,44.0,6x4,2,2,9.460312533349224e-09,0.9987244009971619,0.0012755509233102202,21690.846366785077,22525.930514640386,39923.93608093262,41114.41971404383,887.6494151964006
2091,1,Case4,6x4_292,71.0,-88.0,6x4,1,1,1.0,1.2418255312951487e-09,2.2434814894722876e-08,6673.224529845868,7112.325234788346,9773.9221534729,10097.17677248143,231.45405121567492
2093,2,Case4,6x4_294,-71.0,-57.0,6x4,1,1,0.9999998807907104,8.15905494278013e-08,1.740484316457673e-14,10910.039753327488,11269.595032380534,13534.364639282227,13156.04539405846,398.5456471958828
2094,2,Case4,6x4_295,-84.0,-9.0,6x4,2,2,4.655829144439849e-08,1.0,1.125221804620935e-09,21533.987799605206,21931.85708452498,40530.658658742905,42118.83063781572,1122.373696458614
2095,4,Case4,6x4_296,-48.0,82.0,6x4,1,1,0.9999998807907104,1.619332152813513e-07,5.7438507283791296e-09,11897.097229080318,11961.179606658417,17774.949348449707,16888.442476375734,590.638181127558
2096,2,Case4,6x4_297,-13.0,-4.0,6x4,3,3,2.64290056506411e-09,0.009559805504977703,0.9904402494430542,17587.509234222816,17537.432395977597,39752.30374979973,40012.76236123586,264.4423332788758
2097,5,Case4,6x4_298,-19.0,-23.0,6x4,3,3,5.720438025491603e-07,0.2240581214427948,0.7759412527084351,19774.53180813125,20929.29384164792,37954.98165798187,37322.10178117342,501.5832381882323
2098,5,Case4,6x4_299,5.0,-32.0,6x4,3,2,1.5994796598306493e-08,0.5004299283027649,0.49957001209259033,21926.645819261597,22713.75267556281,40686.85452079773,41466.791554803094,505.50503788370764
2100,5,Case4,6x8_001,65.0,19.0,6x8,2,2,2.3765442946910298e-09,1.0,4.427842092979972e-09,7534.715071405816,7546.231940660748,33705.483895242214,33625.543913182664,62.93791804347866
2101,3,Case4,6x8_002,40.0,-51.0,6x8,2,2,0.02894018590450287,0.9710597991943359,3.089097866393331e-10,9914.920416991428,9818.294507084978,18070.49949645996,18269.22726441206,160.5630062994323
2102,3,Case4,6x8_003,-44.0,65.0,6x8,2,2,0.003877287032082677,0.9961226582527161,1.3672558744903807e-11,9432.477883311005,9408.028726995097,17878.788291931152,18287.18897994504,309.22697553244427
2104,1,Case4,6x8_005,-52.0,20.0,6x8,2,2,1.063217291985552e-09,1.0,3.658056257904718e-08,7813.979543973258,7619.196586360716,31957.366971969604,31473.73297524893,300.9314285212859
2106,3,Case4,6x8_007,51.0,-83.0,6x8,1,1,0.9294766783714294,0.07052326202392578,2.3649117386614904e-11,8428.041592901605,8315.842925357309,14345.992431640625,14503.794263993914,231.84219185705814
2107,2,Case4,6x8_008,86.0,9.0,6x8,2,2,6.316851486332098e-09,1.0,8.780306259836834e-09,6282.417083502739,6350.146971880986,35602.07823204994,36876.9721519892,935.4545835512636
2108,4,Case4,6x8_009,-63.0,21.0,6x8,2,2,7.258080803040912e-10,1.0,2.04382666346703e-09,7789.657812953683,7701.9056878807205,32614.913469433784,32668.92586838678,60.617101573081335
2109,4,Case4,6x8_010,-74.0,83.0,6x8,1,1,0.9999998807907104,8.738724943668785e-08,1.6809275325824213e-12,4291.269133329335,4182.243753475337,8428.703804016113,8132.722175661376,194.4366376268566
2110,2,Case4,6x8_011,-39.0,-9.0,6x8,3,3,9.450618759787588e-11,0.13982698321342468,0.8601729869842529,6617.1769490242,6629.167907059561,35756.648736953735,37105.36046837823,869.3097499163927
2111,4,Case4,6x8_012,-56.0,9.0,6x8,2,2,4.3048880432605685e-11,0.9999998807907104,1.0758106583352856e-07,7211.061770148175,7189.927805487795,36933.377395272255,37102.7035837855,177.373623933903
2112,3,Case4,6x8_013,61.0,33.0,6x8,2,2,6.824145202699583e-06,0.9999932050704956,8.313279925564743e-11,8742.194851189088,8776.320113133379,24305.960605621338,23646.28979674351,420.40366219916166
2113,2,Case4,6x8_014,19.0,79.0,6x8,2,2,2.4812787935424296e-10,1.0,7.442058080897596e-10,6960.1225870275575,7044.143160196697,33789.76813340187,35395.97638516203,1172.3860807417734
2114,4,Case4,6x8_015,35.0,60.0,6x8,2,2,4.957951659889659e-06,0.9999949932098389,1.176071323660821e-10,8937.893070147522,8866.179257153946,22693.695697784424,22438.265150362313,194.88956504704296
2117,1,Case4,6x8_018,-53.0,31.0,6x8,2,2,2.4482199023623252e-06,0.9999974966049194,2.2565196933221898e-10,8868.372983953357,8601.765049559493,24358.789821624756,23775.57179259765,396.74937790229313
2118,2,Case4,6x8_019,-79.0,29.0,6x8,2,2,9.333778194786646e-09,1.0,1.66648736477093e-10,7800.330377543276,7817.189347375159,28809.295796453953,29672.533519973604,630.6941277764986
2119,3,Case4,6x8_020,-2.0,48.0,6x8,2,2,3.874437923268026e-11,0.9970459342002869,0.0029540294781327248,6916.845392701806,6614.73609172773,37510.125083208084,38305.64542956517,600.5115929940383
2121,3,Case4,6x8_022,43.0,-33.0,6x8,2,2,1.2116830703234882e-06,0.9999988079071045,9.351426299986088e-09,9081.458872312436,9093.232490665312,21935.990325927734,22274.958105333826,271.1935023364697
2122,2,Case4,6x8_023,62.0,-67.0,6x8,1,1,0.9999998807907104,1.4268142933815398e-07,5.362732878074058e-15,7298.688867118204,7325.674881975941,11143.746047973633,10787.232863696521,251.14734996277406
2123,1,Case4,6x8_024,30.0,75.0,6x8,2,2,5.1682071955383435e-09,1.0,1.9713765342377343e-11,7933.859772224845,7943.6273751629105,27998.774030804634,28198.857091423903,150.15128322995417
2124,2,Case4,6x8_025,80.0,-80.0,6x8,1,1,1.0,2.1370396563469285e-09,4.715822459096242e-13,4242.450811588644,3835.8540883035917,8627.483963012695,7822.580992368975,542.4564103903685
2125,3,Case4,6x8_026,-81.0,73.0,6x8,1,1,0.9999994039535522,5.948896273366699e-07,9.947661618048276e-12,4542.812673731576,4292.645659889965,8600.80205154419,8234.889357971813,235.74468539325937
2127,3,Case4,6x8_028,36.0,-31.0,6x8,2,2,1.067891020056777e-08,0.9999967813491821,3.222058694518637e-06,8694.219410304984,8622.07097715958,24340.502279281616,24629.971728572877,279.63953161275305
2128,2,Case4,6x8_029,52.0,-41.0,6x8,2,2,0.0731770396232605,0.9268229603767395,4.059077518547838e-10,9981.447883419944,9997.93982260317,17637.919509887695,18244.409064392694,434.9935895361079
2129,4,Case4,6x8_030,15.0,-12.0,6x8,3,3,3.25994961548285e-14,1.761821577517253e-09,1.0,5254.507497881742,5243.5471973828935,36502.38508540392,37176.38384217617,696.0317618893868
2130,4,Case4,6x8_031,-55.0,-62.0,6x8,1,1,0.9982262253761292,0.0017737630987539887,2.2157722705251626e-12,8703.90252296249,9081.552059261288,12584.831481933594,12996.168147609045,303.0433714993466
2131,3,Case4,6x8_032,-19.0,-7.0,6x8,3,3,3.884634550610413e-15,9.755035002001478e-09,1.0,5185.704814453898,5203.523287223874,36738.573304884136,37579.53125066474,655.5841968790464
2132,1,Case4,6x8_033,-61.0,86.0,6x8,1,1,0.9999856948852539,1.4319562978926115e-05,1.1076205057303223e-11,5970.411415920815,6084.728203871319,10685.583778381348,10217.783838720828,306.79713481331345
2133,4,Case4,6x8_034,-43.0,-15.0,6x8,2,2,9.679230750236911e-10,0.9605287909507751,0.03947122022509575,7190.763504882399,7273.769587948665,33661.93801498413,34339.11292725427,492.66564010384036
2134,2,Case4,6x8_035,70.0,81.0,6x8,1,1,0.9999998807907104,6.577678846042545e-08,1.755122401038943e-14,4865.016050006694,5040.545133382495,8915.887134552002,8870.223354822874,80.59733787248838
2135,1,Case4,6x8_036,8.0,25.0,6x8,3,3,3.4261383691187386e-15,1.4719573471211334e-07,0.9999998807907104,5720.320830925971,5637.751454603227,36522.732303619385,36880.668388813276,355.87282341191934
2137,5,Case4,6x8_038,-56.0,52.0,6x8,1,1,0.9885940551757812,0.01140590663999319,5.775874136609849e-12,9708.181842461105,9965.187927698917,13366.45329284668,13920.738583832244,378.7777471008773
2139,1,Case4,6x8_040,-27.0,-54.0,6x8,2,2,8.944592622128766e-08,0.9999998807907104,2.3860640130379807e-09,8424.713745640005,7923.24876589395,27420.580761909485,27042.191478301993,266.8055841857192
2140,4,Case4,6x8_041,-2.0,-68.0,6x8,2,2,2.0322096436209414e-11,0.9999998807907104,8.62894609099385e-08,6692.884215057182,6706.394152593071,37726.90247607231,38639.78296647864,617.5628415242084
2141,4,Case4,6x8_042,84.0,51.0,6x8,1,2,0.2599259912967682,0.7400740385055542,8.123086404909774e-12,8357.185167173264,8240.668570392392,14311.45567703247,15113.65596637825,535.7629145811418
2142,3,Case4,6x8_043,79.0,-71.0,6x8,1,1,1.0,1.548818140406638e-08,5.20413660082264e-12,4956.117892093866,4527.648368657007,8928.654529571533,8410.579507700004,356.1864016064123
2143,3,Case4,6x8_044,59.0,-56.0,6x8,1,1,0.9999415874481201,5.845063060405664e-05,3.019182126529074e-13,8837.212253399226,9277.57825208458,12458.33814239502,12536.327442513517,99.30228763516811
2144,2,Case4,6x8_045,-18.0,-35.0,6x8,3,3,4.270469533551591e-10,0.07311493158340454,0.9268850088119507,7103.081242022104,7115.216061796124,32167.812128067017,32996.69670202262,574.1641881491595
2145,4,Case4,6x8_046,-76.0,-77.0,6x8,1,1,1.0,1.968174956346047e-08,4.022393854628825e-13,4604.562149050341,4379.300798128311,8570.702350616455,8169.360257440194,269.7536567523977
2146,5,Case4,6x8_047,42.0,27.0,6x8,2,2,1.9342292034707498e-07,0.9999986886978149,1.1694735349010443e-06,8206.135290238222,8276.425023510214,25985.208335876465,26284.427017975373,254.99147194717588
2147,1,Case4,6x8_048,1.0,71.0,6x8,2,2,1.1198637503428976e-11,1.0,1.565443108475506e-09,6563.388039393604,6389.773447798144,37460.47254657745,37607.05058247255,148.34715223997415
2148,3,Case4,6x8_049,-37.0,22.0,6x8,2,2,7.232621446195964e-11,0.9956681728363037,0.004331756848841906,7640.056383316708,7618.166801635604,29725.13399028778,30611.781905204683,676.8563153053835
2149,4,Case4,6x8_050,-16.0,44.0,6x8,2,2,1.221560907982422e-10,0.9999544620513916,4.5539702114183456e-05,7421.293317093813,7391.781810383145,33374.84113883972,34488.73326120487,750.9744870708257
2151,1,Case4,6x8_052,-79.0,34.0,6x8,2,2,8.072105650569483e-09,1.0,1.3345541685638729e-11,8096.135686112949,7932.344998997638,25661.374096393585,25852.529028706995,143.51077513457668
2152,4,Case4,6x8_053,3.0,87.0,6x8,2,2,1.162317204289609e-11,1.0,3.710250107147317e-09,6096.586330399429,6129.443019547647,35784.17149066925,37184.91972545087,948.5057504445834
2153,3,Case4,6x8_054,-17.0,-44.0,6x8,2,2,2.4718965763170786e-10,0.9923500418663025,0.007649919483810663,7424.493099337768,7336.0651540338695,32731.11966228485,33366.36322333654,447.21671244763087
2155,1,Case4,6x8_056,67.0,-19.0,6x8,2,2,6.95686119822625e-10,1.0,4.325491631540501e-10,7464.384582603821,7359.933964498715,33847.39423036575,33489.67457602462,237.88195855067582
2156,3,Case4,6x8_057,2.0,74.0,6x8,2,2,1.498280319256473e-11,1.0,4.027453925914415e-09,6406.265356381364,6511.072719301371,37083.127145290375,37565.29025427271,352.03818275876887
2157,4,Case4,6x8_058,82.0,19.0,6x8,2,2,1.998652354728847e-10,1.0,8.782462534995261e-10,6870.007684597509,6915.231486563353,33701.59477734566,34976.793557212804,905.8990273452084
2158,5,Case4,6x8_059,14.0,3.0,6x8,3,3,5.2229622773817316e-15,8.635684528579546e-11,1.0,4709.967384803875,4801.349365247759,36283.97216536105,37022.027093719385,688.288827522907
2159,2,Case4,6x8_060,44.0,-84.0,6x8,2,2,0.004521565046161413,0.9954784512519836,3.092166453444456e-11,8477.213186269419,8501.875795715005,19641.73341369629,18805.04471976572,526.4059642044756
2160,2,Case4,6x8_061,0.0,-52.0,6x8,2,2,2.302331519876688e-10,0.9998438358306885,0.00015617837198078632,6987.518535161345,6707.038177521156,37791.60583847761,38493.1415886156,469.3879854622923
2161,5,Case4,6x8_062,33.0,26.0,6x8,2,2,1.6454933415843698e-08,0.9987432360649109,0.001256785006262362,7827.58928641721,7803.045759191513,27905.85082244873,28260.254901863733,278.46041564838436
2162,2,Case4,6x8_063,-75.0,38.0,6x8,2,2,2.1829796423844527e-06,0.9999978542327881,1.9103040330148424e-11,8508.498726557214,8396.8940363367,22792.95470237732,22928.664880268203,128.09084286050293
2163,4,Case4,6x8_064,-20.0,55.0,6x8,2,2,5.314198525674385e-10,1.0,2.0473313711022456e-08,7897.68401295813,7795.869695102061,32365.383768633008,32707.475350505745,235.5445933099508
2164,5,Case4,6x8_065,72.0,31.0,6x8,2,2,1.4807555714924092e-07,0.9999998807907104,8.585903515934135e-11,8148.871497925377,8190.754184549856,27144.148475646973,27133.031019061833,70.74109457194508
2166,2,Case4,6x8_067,-83.0,68.0,6x8,1,1,0.9999998807907104,1.0161489427673587e-07,1.8221411724850083e-14,5018.832270502839,5055.360055078389,9187.676223754883,8934.080823378157,177.3496101282638
2167,3,Case4,6x8_068,-26.0,-1.0,6x8,3,3,5.273371325655203e-15,2.3846445174058317e-07,0.9999997615814209,5685.7966610439935,5725.084624537014,37042.489168167114,37932.182032559285,601.2506572633453
2172,4,Case4,6x8_073,-22.0,46.0,6x8,2,2,1.942493277340418e-09,0.9999984502792358,1.4967008610256016e-06,7986.551751007632,7840.414828945139,29955.00981616974,30732.500344544213,550.6841692860673
2173,1,Case4,6x8_074,-1.0,-8.0,6x8,3,3,8.757099253099525e-15,8.224215752861141e-10,1.0,4454.939969781293,5191.500301017291,34572.73795604706,37300.027088360504,2115.054111875844
2174,3,Case4,6x8_075,-22.0,82.0,6x8,2,2,3.8693151460655884e-10,1.0,2.1449567122466817e-10,7143.206077416182,7210.090855658951,32508.79560136795,33088.568023324326,491.1915576663079
2176,2,Case4,6x8_077,-64.0,20.0,6x8,2,2,1.0070237976833596e-09,1.0,2.488664385680295e-09,7737.312632660686,7520.176877626572,33218.64424107596,33849.3957285666,453.88214885031715
2177,1,Case4,6x8_078,29.0,-79.0,6x8,2,2,5.701632055377104e-09,1.0,2.1555616666613098e-11,7803.462007931789,7693.199893664677,28817.76700347662,29014.52670942012,164.9842638443498
2178,3,Case4,6x8_079,-67.0,39.0,6x8,2,2,0.00047504191752523184,0.9995249509811401,8.087749220342388e-12,8982.995305747301,9057.904652890309,21198.69228744507,20806.71246482289,261.0036412203164
2180,5,Case4,6x8_081,-38.0,-72.0,6x8,2,2,7.32971093384549e-05,0.9999266862869263,3.8365655097294393e-10,8627.018592297212,8614.760380498765,22412.53833580017,22922.939251072843,357.0586500281394
2181,3,Case4,6x8_082,85.0,48.0,6x8,2,2,0.019063733518123627,0.9809362888336182,4.365708749370922e-12,8544.433939422363,8386.331253773162,17533.52880859375,16239.497075689917,783.0803549840757
2182,4,Case4,6x8_083,-12.0,85.0,6x8,2,2,1.977235909722541e-11,1.0,6.429665688756359e-10,6471.801341815617,6646.152675040955,35389.4536447525,36189.63195100939,624.7609503453625
2183,3,Case4,6x8_084,77.0,-48.0,6x8,2,2,0.2971518635749817,0.7028481364250183,8.433073683811187e-11,8872.342836870366,8829.875006130695,17141.75830078125,16687.367524854242,247.82807575794394
2184,1,Case4,6x8_085,45.0,75.0,6x8,2,2,0.0011711400002241135,0.9988288283348083,1.2408779516068225e-12,8820.118349899549,8843.164952374798,18522.13893890381,18380.93782246467,111.84410224772209
2185,3,Case4,6x8_086,-41.0,-54.0,6x8,2,2,0.15090328454971313,0.8490966558456421,9.194194711126258e-11,9785.106877733755,9937.683741324005,17765.097412109375,17587.20571017841,154.5839357405559
2186,3,Case4,6x8_087,-38.0,89.0,6x8,2,2,1.2377167024624214e-07,0.9999998807907104,2.8161528664583102e-11,8152.117779680076,8047.434221964701,23303.865891456604,23874.50631616512,402.2023853905062
2187,1,Case4,6x8_088,23.0,33.0,6x8,2,2,6.252484086033405e-10,0.5764359831809998,0.42356395721435547,7461.225603669868,7638.992745020542,29644.01386642456,29585.19744464728,129.32542718094243
2188,4,Case4,6x8_089,18.0,-35.0,6x8,3,3,5.003231769856731e-12,0.0015000492567196488,0.9984999895095825,7095.691677222553,7134.101737141607,32278.67674446106,33061.05315626168,614.0172836109333
2189,1,Case4,6x8_090,-65.0,24.0,6x8,2,2,4.541499620813738e-09,1.0,9.276531626190021e-11,7976.981791930181,7786.826026082606,31059.3299562037,30879.816745748205,113.20625602549741
2190,5,Case4,6x8_091,11.0,36.0,6x8,3,3,2.583323138738436e-11,0.021963490173220634,0.9780364632606506,6625.152210227835,6452.438134080423,35152.06474304199,35625.071125636125,400.21372921033213
2191,4,Case4,6x8_092,-38.0,-40.0,6x8,2,2,0.0004876281600445509,0.9995123147964478,8.947818486149117e-09,9702.760328515584,9614.965462984417,19931.329193115234,19062.145606954266,635.1516791022109
2192,5,Case4,6x8_093,-70.0,-78.0,6x8,1,1,0.9999998807907104,8.317042698990917e-08,7.341828154542457e-14,5125.362950803406,4908.946550467717,9084.25541305542,8729.145550004592,212.4240549559076
2193,2,Case4,6x8_094,73.0,-55.0,6x8,1,1,0.9999599456787109,4.009595431853086e-05,1.0840068466878676e-14,8508.594598327965,8317.906922092801,12607.300354003906,12499.232195567729,224.4882912227745
2194,4,Case4,6x8_095,68.0,-30.0,6x8,2,2,1.8825895509166912e-08,1.0,2.367490092858304e-10,8337.406838288463,8160.596288334706,27472.71853494644,27818.793742027472,245.9865979964807
2195,1,Case4,6x8_096,84.0,-52.0,6x8,1,1,0.9492990374565125,0.05070102959871292,1.033831215080383e-10,8107.180297654419,8113.446363486141,13964.109455108643,14024.259138390564,223.75012135810567
2197,5,Case4,6x8_098,-1.0,36.0,6x8,3,3,2.173736668095727e-12,0.003983416128903627,0.9960165619850159,6233.452447751497,6181.780181805035,36925.04207992554,37177.82842903153,269.3463371078866
2198,1,Case4,6x8_099,90.0,40.0,6x8,2,2,1.7742939917297917e-07,0.9999998807907104,8.027275025246361e-12,8219.557921999232,8287.183805253993,22097.97560119629,22473.89093378677,297.6237955564771
2199,2,Case4,6x8_100,69.0,62.0,6x8,1,1,0.9999878406524658,1.2138831152697094e-05,2.8043014552213766e-14,7030.441717237739,7333.097728470802,10978.130340576172,10897.358207458643,98.80885163396516
2200,2,Case4,6x8_101,48.0,15.0,6x8,2,2,1.8461968065430767e-10,0.9999164342880249,8.354732563020661e-05,7301.068736934463,7147.269481244006,34110.09099674225,35219.22792686278,798.6407790641837
2201,5,Case4,6x8_102,76.0,-24.0,6x8,2,2,7.241490518339333e-09,1.0,1.5289280952401896e-10,7559.699790121312,7528.892997373822,31557.619253396988,31687.659912493287,120.97921828774723
2202,4,Case4,6x8_103,66.0,14.0,6x8,2,2,4.0237486953476065e-11,1.0,7.3235120190418e-09,7188.988053844833,7104.640120189177,35749.72376251221,36204.68328554446,307.36414446441466
2203,3,Case4,6x8_104,83.0,3.0,6x8,2,2,1.2756337652852778e-10,1.0,4.375763751340855e-09,6097.975702163886,6012.348929791881,35949.53554010391,37879.119334461975,1333.097403278311
2205,3,Case4,6x8_106,-12.0,43.0,6x8,2,2,2.918303446119985e-11,0.9899168610572815,0.01008310541510582,7095.8887279968985,6867.498233544054,35078.30541229248,36527.6963367579,1054.0510026534582
2206,1,Case4,6x8_107,69.0,8.0,6x8,2,2,4.320278509939435e-11,1.0,1.4723772201463703e-09,6732.279195085798,6701.42276179892,37105.37023180723,36848.174289625895,164.4610113165844
2208,3,Case4,6x8_109,-69.0,17.0,6x8,2,2,1.1987699721771605e-10,1.0,1.1920620046623753e-10,7278.778854284408,7085.022973385769,34754.555527091026,35073.27451572132,288.2044070617937
2210,5,Case4,6x8_111,7.0,87.0,6x8,2,2,4.4542744492837016e-11,1.0,1.6544753345115737e-09,6102.399929010011,6250.870241171019,35681.71909940243,35621.541098694295,139.9548432343166
2211,4,Case4,6x8_112,21.0,-8.0,6x8,3,3,5.280801075152044e-15,2.1835409036441433e-09,1.0,5365.207130041489,5101.117001992742,36747.76578569412,37890.23452691397,897.9397474582132
2212,5,Case4,6x8_113,35.0,-2.0,6x8,3,3,8.823437857088945e-13,0.0006631023716181517,0.9993368983268738,6319.804566328414,6173.334241064862,36853.53817367554,36729.38736679393,178.94887285661568
2213,3,Case4,6x8_114,-35.0,-78.0,6x8,2,2,6.363605393744365e-07,0.9999994039535522,6.531122170860826e-11,8154.096991937224,8253.55298302569,24880.792165756226,24492.341180811534,259.94125859458507
2214,2,Case4,6x8_115,22.0,74.0,6x8,2,2,5.218952492391793e-10,1.0,1.2243837055336826e-09,7451.756926284188,7441.215113388495,32529.516162991524,33834.660982932306,973.6057653093834
2215,4,Case4,6x8_116,12.0,-85.0,6x8,2,2,7.15410161666874e-11,1.0,4.131234909721115e-09,6463.706076030276,6476.824903468256,35406.35543906689,36881.66788917735,1085.3588178629698
2216,5,Case4,6x8_117,-87.0,33.0,6x8,2,2,4.5627022160488195e-09,1.0,3.774976164994115e-11,7845.6568553549905,7776.380515218257,26478.1285238266,26650.9083175993,133.06312171681316
2217,5,Case4,6x8_118,54.0,-88.0,6x8,1,1,0.9999454021453857,5.46303708688356e-05,5.0932456169272555e-11,7396.543953430085,7941.150093478077,13026.606548309326,13351.420047288075,281.6646642312436
2218,4,Case4,6x8_119,31.0,-10.0,6x8,3,3,1.7724667558866904e-14,7.255228524627455e-07,0.9999992847442627,6212.083369363901,6270.2811903322945,35747.41060256958,37438.82294537199,1215.6215495004521
2219,3,Case4,6x8_120,-58.0,-26.0,6x8,2,2,2.0006529766192216e-08,1.0,7.611181906952424e-09,8291.989442905944,8031.982438618947,28769.92271757126,28721.6428495721,53.91058190520916
2221,5,Case4,6x8_122,20.0,-73.0,6x8,2,2,1.393970716634385e-09,1.0,1.1127427868018458e-09,7388.882997730079,7334.067465472687,33526.60138350725,33824.791573741466,225.55185669970825
2222,4,Case4,6x8_123,76.0,4.0,6x8,2,2,1.0182015820758838e-11,1.0,9.053426452965141e-09,6353.228650931616,6367.9662868210025,36745.282670378685,38210.55965594425,1001.9833857677332
2224,1,Case4,6x8_125,-3.0,72.0,6x8,2,2,1.3247066638077953e-11,1.0,9.424848679273623e-10,6528.593395970822,6323.161828560291,37317.469690322876,37558.930663221254,210.22824268961116
2225,5,Case4,6x8_126,-8.0,18.0,6x8,3,3,3.1010850286869278e-15,3.3213312655711036e-10,1.0,5230.918348215608,5089.537144860396,36754.269908726215,36848.484575367685,310.80773772554903
2226,4,Case4,6x8_127,-66.0,77.0,6x8,1,1,0.9999990463256836,9.856272527031251e-07,2.6337550304740553e-13,5823.231516011065,5569.298422924788,9724.064674377441,9602.218385280808,113.69332788168053
2227,2,Case4,6x8_128,59.0,-70.0,6x8,1,1,0.9999991655349731,8.061290373007068e-07,5.942434603878376e-15,7537.689137484869,7644.898350290181,11684.552711486816,11260.593432069738,282.7667623701319
2229,2,Case4,6x8_130,-59.0,12.0,6x8,2,2,1.2361296708451874e-10,1.0,3.645845936262049e-08,7269.536334397416,7173.378374908585,36258.40586686134,37004.170990922954,523.7705261979435
2230,1,Case4,6x8_131,41.0,53.0,6x8,2,2,0.009444302879273891,0.9905557036399841,4.9700681070685704e-11,9829.567362078002,9586.40575039717,17669.67562866211,18048.92186063794,315.38732440259713
2232,1,Case4,6x8_133,-21.0,37.0,6x8,2,2,4.3973119590035026e-10,0.7633569836616516,0.2366430163383484,7463.232752412636,7537.0914819576155,30374.55472755432,30664.34524671355,285.7834638339294
2233,1,Case4,6x8_134,-56.0,37.0,6x8,2,2,0.00043150666169822216,0.999568521976471,2.6851517537229697e-11,9356.261202620251,9197.321373677134,20598.71053314209,19976.964968150292,427.1229257941372
2234,5,Case4,6x8_135,39.0,-76.0,6x8,2,2,1.0477834621269722e-05,0.9999895095825195,3.401016621107367e-11,8532.372438883216,8561.3640941218,22233.710041046143,22221.72668304636,84.77391171547022
2235,2,Case4,6x8_136,8.0,-68.0,6x8,2,2,8.758253150498163e-11,1.0,1.3451258773500285e-08,6876.527845280246,6697.779489287615,37225.65834212303,38085.057598822095,605.5598649044845
2236,3,Case4,6x8_137,68.0,53.0,6x8,1,1,0.9906993508338928,0.009300706908106804,4.2686953147588746e-13,9689.06781898347,9343.36297576973,14412.138404846191,13323.302429068071,655.3066136333264
2237,5,Case4,6x8_138,-28.0,-75.0,6x8,2,2,6.986321210433744e-08,0.9999998807907104,3.2289666496154723e-09,7787.798763569689,7783.835075368826,29193.327721953392,29587.129936068817,288.72108022995434
2238,1,Case4,6x8_139,-52.0,-36.0,6x8,2,2,7.549654401373118e-05,0.9999245405197144,7.952598302107816e-11,9305.793114337961,9057.064963866895,20490.91738128662,19962.03109948896,393.34459711668717
2240,4,Case4,6x8_141,79.0,49.0,6x8,2,2,0.05535971000790596,0.9446402788162231,2.6324441758374117e-12,8774.357101799495,8634.75704278985,16800.02375793457,16267.554150145255,265.3721933730557
2241,2,Case4,6x8_142,56.0,10.0,6x8,2,2,8.214597752020936e-11,0.9999994039535522,5.617046099359868e-07,7098.562548082026,6890.343820509352,36636.37007161975,37956.954646585014,908.2731232092466
2242,1,Case4,6x8_143,39.0,-35.0,6x8,2,2,1.226498898176942e-05,0.9999874830245972,2.021701703824874e-07,9348.751601905826,8897.790743740843,21474.658615112305,20696.205860173453,538.1726397721036
2243,1,Case4,6x8_144,-86.0,-39.0,6x8,2,2,2.352782075831783e-07,0.9999997615814209,2.227700662826848e-11,8188.0332908818,8181.234436059729,22624.78446006775,22886.883934236983,187.21708846504808
2244,5,Case4,6x8_145,29.0,32.0,6x8,2,2,5.624057308750707e-08,0.9997319579124451,0.0002680222096387297,8133.6579178682105,8020.174650974658,26719.665184259415,26740.049114907957,149.0825330225927
2245,4,Case4,6x8_146,-41.0,-28.0,6x8,2,2,2.4149429123099253e-07,0.9999921321868896,7.626100796187529e-06,8355.232193454245,8433.070600617317,25290.06001472473,25796.771025723792,343.0428890700765
2246,3,Case4,6x8_147,47.0,23.0,6x8,2,2,1.0228899505193567e-08,0.9999995231628418,4.565920903587539e-07,7994.233175780046,7999.877813178379,29256.78796672821,29574.96719250261,298.8215393075574
2247,5,Case4,6x8_148,46.0,-62.0,6x8,1,1,0.5009568929672241,0.4990431070327759,2.792072822943581e-11,9783.622353743329,9755.002271315574,16454.51943206787,16555.4956818542,149.78840876898857
2249,3,Case4,6x8_150,15.0,-47.0,6x8,2,2,1.1835082913691508e-10,0.9997356534004211,0.0002643343759700656,7448.043010883276,7218.372882487556,34115.008313179016,34718.05694234298,435.7550091802772
2250,5,Case4,6x8_151,-66.0,-82.0,6x8,1,1,0.9999998807907104,1.676717857890253e-07,1.0323348892306988e-13,5337.450907776226,5216.088283826575,9570.851428985596,9110.371554339,277.4362247593048
2251,2,Case4,6x8_152,-23.0,-66.0,6x8,2,2,7.760928788513866e-09,1.0,4.452446589198189e-08,7805.297601571619,7550.703483232175,31623.97051203251,33127.173728457594,1026.1836707634438
2252,5,Case4,6x8_153,50.0,-62.0,6x8,1,1,0.978425920009613,0.021574076265096664,3.744734123484195e-12,10093.466280529354,9853.879408411061,14906.41128540039,14601.335054384646,153.2812174367023
2254,1,Case4,6x8_155,11.0,-32.0,6x8,3,3,9.923226452243465e-15,1.787479732229258e-06,0.9999982118606567,6458.419722424503,6211.990251716278,35438.96967506409,36163.33683767046,621.9893603693382
2255,3,Case4,6x8_156,70.0,-86.0,6x8,1,1,1.0,1.616822586925082e-08,6.461700619020405e-11,4611.594982181081,4516.952921772725,8817.519039154053,8493.890621265118,211.77449100328016
2256,2,Case4,6x8_157,78.0,-26.0,6x8,2,2,3.411439664091631e-08,1.0,8.079818480943857e-10,7610.389501731962,7628.519527714602,30498.66189098358,31202.55057547921,523.3336004320108
2258,4,Case4,6x8_159,-9.0,-4.0,6x8,3,3,4.4392468217038794e-14,1.7397122631379602e-09,1.0,4267.542858404089,5353.869659152431,34946.44998884201,37530.00817269793,1863.9316699748017
2259,4,Case4,6x8_160,47.0,-13.0,6x8,2,2,7.2505702830572e-11,0.9998120665550232,0.00018800364341586828,7323.433927324804,7212.978283872448,34977.15957736969,35525.584655177096,382.4194179662814
2261,3,Case4,6x8_162,-71.0,-11.0,6x8,2,2,2.4484905422617054e-11,1.0,9.3219953978263e-10,6772.271893460154,6728.218575532852,36435.12523508072,36858.51588265802,357.1210594546699
2262,4,Case4,6x8_163,-84.0,28.0,6x8,2,2,3.6506035971939355e-09,1.0,2.9357363762194666e-10,7571.172369407428,7583.372372377203,29455.665850639343,29957.17315832886,373.01878639197986
2263,5,Case4,6x8_164,-16.0,-5.0,6x8,3,3,4.02346409769834e-15,1.8074029772829903e-10,1.0,5038.163977626102,4920.380949362789,36589.599919736385,37001.717217624806,459.71572398228125
2264,4,Case4,6x8_165,-5.0,10.0,6x8,3,3,6.614029663580892e-14,3.292865979886983e-09,1.0,4616.582490604712,5439.657591860522,35375.9841016531,37374.0450683251,1579.7274413894008
2265,2,Case4,6x8_166,-61.0,-3.0,6x8,2,2,3.3030463780781005e-11,0.9999998807907104,1.4974833106862206e-07,6840.473835881717,6801.754114916639,37905.59092140198,39339.785430088836,990.2663205597659
2267,5,Case4,6x8_168,-5.0,-1.0,6x8,3,3,5.8078173516371446e-15,2.0490630026070988e-11,1.0,11591.474641550583,5216.2606112577005,38299.20504760742,36953.61739942452,1784.4464368303175
2268,5,Case4,6x8_169,58.0,-70.0,6x8,1,1,0.9999966621398926,3.359452421136666e-06,2.2739264898125056e-13,7739.8607075403825,7990.91629638998,11935.071678161621,11565.671736318043,227.73227564128084
2269,4,Case4,6x8_170,-35.0,-50.0,6x8,2,2,2.545127790654078e-05,0.9999744892120361,2.083837991051496e-09,9210.473663926265,9208.62667184099,20895.018173217773,20795.969129791498,127.24904815196646
2270,4,Case4,6x8_171,-6.0,-18.0,6x8,3,3,6.4646710734421204e-15,2.207224403250052e-09,1.0,5081.54076738477,5101.134667177987,36766.01670271158,37893.27797069677,855.2802490542769
2271,2,Case4,6x8_172,-68.0,5.0,6x8,2,2,2.200794581297405e-11,1.0,5.8196114594011306e-09,6756.282934545184,6695.675618008558,37562.398341178894,38959.37120689111,985.4117265288053
2272,5,Case4,6x8_173,82.0,-55.0,6x8,1,1,0.9999988079071045,1.1456122592790052e-06,6.5208585059428614e-12,7446.86356777576,7054.758525315723,12681.97745513916,11258.710514296054,956.888890314376
2273,5,Case4,6x8_174,-76.0,51.0,6x8,2,1,0.9432768225669861,0.0567232146859169,1.1293617950547397e-11,9017.341679504323,8677.152153190344,15759.008728027344,14116.574060483981,1015.6093509508796
2274,5,Case4,6x8_175,-73.0,85.0,6x8,1,1,1.0,4.905376016495211e-08,3.705915782581393e-12,4298.531024147931,4206.251104445927,8476.607692718506,7965.422863953377,320.8162819004276
2275,2,Case4,6x8_176,-36.0,30.0,6x8,2,2,1.7104208893670148e-07,0.9999750852584839,2.4753053367021494e-05,8548.73040465072,8566.241534893821,24883.935117721558,25320.578733629554,345.6214320667564
2276,5,Case4,6x8_177,25.0,-81.0,6x8,2,2,3.122740954708547e-09,1.0,1.4748526011576502e-10,7427.862084587249,7515.352499104225,31097.243665367365,31135.588779722657,84.96581589320563
2277,2,Case4,6x8_178,27.0,63.0,6x8,2,2,1.002008254147313e-08,1.0,7.522839240436952e-09,8186.938122022841,8071.5558555682455,28866.799626350403,30061.800628924757,869.4346347347267
2278,3,Case4,6x8_179,73.0,-44.0,6x8,2,2,0.007118981331586838,0.9928809404373169,8.227808712124585e-11,8956.674580669807,9005.890818684495,18892.421676635742,19076.91311614868,168.94991173443182
2280,4,Case4,6x8_181,88.0,45.0,6x8,2,2,5.416448402684182e-05,0.999945878982544,3.856746085689755e-12,8447.547484966599,8504.555183414828,19156.094997406006,19674.701085738925,415.8179014584642
2283,2,Case4,6x8_184,83.0,43.0,6x8,2,2,8.556132343073841e-06,0.9999914169311523,3.2346792345344655e-12,8465.3020747716,8498.739945920406,20165.294631958008,20984.243105237976,589.6627434773822
2284,1,Case4,6x8_185,-18.0,49.0,6x8,2,2,2.2679293165683845e-10,0.9999998807907104,9.765967234898199e-08,7665.455632397459,7418.093526826388,32785.84787464142,32733.443727041187,69.87361465977808
2285,5,Case4,6x8_186,-54.0,1.0,6x8,2,2,3.2409193384541624e-11,0.9999973773956299,2.6775533115142025e-06,6943.000399302032,6749.375146761491,37860.259395331144,38517.94811608523,492.7206641927767
2286,1,Case4,6x8_187,-47.0,-37.0,6x8,2,2,0.00010989668226102367,0.9998900890350342,2.635512086346381e-10,9521.431627939932,9200.330757644535,19392.940742492676,19189.97320568859,193.08434518013516
2287,5,Case4,6x8_188,-40.0,56.0,6x8,2,2,0.01108898501843214,0.9889110326766968,3.300450537868649e-11,9673.450888141793,9592.037578135407,18708.81195831299,18579.926683103033,102.85913018597255
2288,1,Case4,6x8_189,34.0,0.0,6x8,3,3,7.75123915790557e-14,7.368466322077438e-05,0.9999263286590576,6082.068388142859,6077.690572485111,36893.51391410828,37010.6608781954,107.11366779146195
2289,4,Case4,6x8_190,-80.0,40.0,6x8,2,2,5.252389200904872e-06,0.9999947547912598,2.5464753569681697e-11,8425.356405442357,8444.377749306519,21859.952493667603,22330.50268040185,303.4515398789601
2290,1,Case4,6x8_191,-75.0,6.0,6x8,2,2,2.206439198015886e-11,1.0,2.551309163933979e-09,6429.327393041925,6397.6675327802295,36861.98337638378,37189.515239539665,280.19003638954484
2291,3,Case4,6x8_192,89.0,-86.0,6x8,1,1,1.0,2.2816774247758076e-08,6.773741290100332e-11,3263.3188186067814,3443.60656469324,7514.614477157593,7560.472836041058,97.9505555279876
2292,3,Case4,6x8_193,48.0,41.0,6x8,2,2,0.06215347722172737,0.9378465414047241,1.6759608978400564e-10,10046.174480990912,10078.432584188799,17432.919235229492,17360.906389026928,95.10359295355165
2293,5,Case4,6x8_194,-11.0,-16.0,6x8,3,3,5.732517393175658e-15,3.100329992733464e-10,1.0,5237.654919306807,5193.008001516435,36505.34897875786,36609.60127871125,295.53969503154286
2294,3,Case4,6x8_195,12.0,71.0,6x8,2,2,4.5036519652486007e-11,1.0,1.8490127207115847e-09,6946.349910892112,6826.489157280725,36242.2918664217,36517.04182236632,294.2880680532874
2296,5,Case4,6x8_197,-80.0,-38.0,6x8,2,2,4.946339799971611e-07,0.9999995231628418,1.1885334383343604e-10,8317.76013648186,8267.318343902489,23041.35165977478,24207.5306166412,806.1478463590539
2297,1,Case4,6x8_198,-82.0,-53.0,6x8,1,1,0.9427984952926636,0.057201508432626724,7.321981909669262e-11,7928.287032672046,7874.616167241534,13490.037986755371,13126.51577279244,350.68373921680796
2298,2,Case4,6x8_199,-45.0,82.0,6x8,2,2,0.0002606367925181985,0.9997393488883972,6.762472960081256e-12,8574.72791292092,8834.934665538394,18978.885009765625,18874.814592915052,91.90051207053291
2299,5,Case4,6x8_200,88.0,-42.0,6x8,2,2,1.8772861949400976e-05,0.9999812841415405,2.79621270582453e-10,8316.444040223607,8542.570668370583,20837.985919952393,21133.92142321305,248.0330674618033
2301,1,Case4,6x8_202,-24.0,-76.0,6x8,2,2,7.91876675343417e-10,1.0,2.8351040959329055e-10,7462.219246770399,7420.579106459899,31500.960268735886,32191.622319497434,496.57522717786287
2302,1,Case4,6x8_203,33.0,58.0,6x8,2,2,2.995306431330391e-06,0.9999970197677612,4.2466717642408724e-11,8859.81603558297,8502.490599003,23758.408853530884,23764.268038009694,80.79951580095998
2303,3,Case4,6x8_204,27.0,-22.0,6x8,3,3,3.3555731977774617e-13,2.9942046239739284e-05,0.9999700784683228,7044.645326569065,7123.523912028815,32006.37156867981,32507.326696281416,425.94832713317555
2305,4,Case4,6x8_206,4.0,90.0,6x8,2,2,1.4656482624775258e-11,1.0,3.428829220553098e-09,6074.071427162674,6156.4148343972765,35682.755324840546,36911.281592781,808.4202584276501
2306,3,Case4,6x8_207,19.0,-83.0,6x8,2,2,3.750404986568867e-10,1.0,8.100954629330914e-11,6877.81567878057,6854.7440166532615,33729.92104625702,34704.055425616905,719.8829483170123
2307,4,Case4,6x8_208,-87.0,47.0,6x8,2,2,0.010832337662577629,0.9891676902770996,5.666874955401191e-11,8521.277528450852,8538.528999757722,18084.98872756958,17896.388902393825,56.40885411847052
2308,4,Case4,6x8_209,58.0,-69.0,6x8,1,1,0.9999921321868896,7.893642759881914e-06,1.1601452491825232e-13,7790.152050882739,7886.843800367868,11923.441772460938,11864.465481942352,103.60499583655509
2309,2,Case4,6x8_210,-10.0,23.0,6x8,3,3,6.8002913616491655e-15,3.093433775802623e-08,1.0,5820.59639528756,5544.652086686056,36468.14674091339,37462.61160786017,752.4826366651304
2310,4,Case4,6x8_211,55.0,-59.0,6x8,1,1,0.9999595880508423,4.039935447508469e-05,2.980142445752759e-13,8977.951214951056,9188.936622582845,12644.674362182617,12923.09168334299,258.1939327225528
2311,3,Case4,6x8_212,-63.0,54.0,6x8,1,1,0.9936400055885315,0.006359956692904234,6.720404397905777e-13,9102.073316116324,9430.315296382521,12866.364707946777,13055.394653078767,138.92023801992528
2312,5,Case4,6x8_213,67.0,-42.0,6x8,2,2,0.0035091445315629244,0.9964907765388489,7.450048911117335e-11,9206.236256584609,9138.093947824913,19309.72088623047,19306.736635678484,90.70386760055516
2313,1,Case4,6x8_214,63.0,-14.0,6x8,2,2,1.8084099495663253e-10,1.0,1.4116593449742254e-09,7279.9161091390515,7074.916701106211,35755.06809189916,35570.803328734284,138.35551336217534
2314,1,Case4,6x8_215,9.0,13.0,6x8,3,3,8.575379345694429e-15,1.4703059880716296e-09,1.0,4849.314193866626,4719.875464282645,36314.05093002319,36821.42873419945,642.3033306270943
2315,1,Case4,6x8_216,-10.0,59.0,6x8,2,2,2.669771348440264e-11,1.0,5.825408599946513e-09,7242.66427212453,6827.76501604846,36850.64399167895,36658.8717540769,147.6154700839854
2316,3,Case4,6x8_217,21.0,56.0,6x8,2,2,2.0559860480773295e-09,0.9999997615814209,2.144842881079967e-07,7853.240550876927,7687.540417106859,31811.387053877115,32384.83518444268,455.86839023189253
2317,1,Case4,6x8_218,5.0,-15.0,6x8,3,3,3.4790969865634456e-15,1.5018754018214509e-09,1.0,4867.449820563283,4724.00187409166,36561.004885196686,37537.30324232775,937.6532878451947
2319,1,Case4,6x8_220,14.0,-23.0,6x8,3,3,1.4664869880644466e-15,1.4310271190254298e-08,1.0,5967.011292460819,5817.84136336429,35736.99559402466,36818.73165812705,950.4841811713802
2320,1,Case4,6x8_221,74.0,-56.0,6x8,1,1,0.9999786615371704,2.138413219654467e-05,7.988535505841499e-13,8068.908987704633,7811.911647223461,12262.692710876465,11876.864404904682,356.64017305350103
2322,3,Case4,6x8_223,-78.0,-48.0,6x8,2,2,0.23614317178726196,0.7638567686080933,8.924840901036735e-12,8770.61738588107,8753.999560920265,17161.52939605713,16280.494194140287,549.2973157344167
2323,2,Case4,6x8_224,-4.0,-43.0,6x8,3,2,4.3419443040981776e-10,0.7281372547149658,0.2718627452850342,6756.134135417976,6665.613352446919,36963.22048473358,37761.36599230415,503.6184601733995
2324,4,Case4,6x8_225,2.0,-73.0,6x8,2,2,1.6274601458143856e-11,1.0,3.777401857973928e-08,6553.797028649301,6509.846857327508,37239.65524101257,38627.25591968962,899.2163754162603
2325,1,Case4,6x8_226,-42.0,80.0,6x8,2,2,1.6892367966647726e-06,0.9999983310699463,6.576196835347825e-13,8504.552723978,8431.45818617863,20609.39585876465,20713.43512903904,104.92815371313702
2326,2,Case4,6x8_227,-42.0,-6.0,6x8,3,2,1.8357400322077666e-10,0.7777441740036011,0.22225579619407654,6687.500769842818,6691.8273426498945,36572.19023132324,37786.24222431749,760.8840794034875
2328,4,Case4,6x8_229,42.0,86.0,6x8,2,2,6.763229976058938e-06,0.9999932050704956,5.811754289625215e-12,8332.300372542817,8512.420756997051,20845.13359451294,21208.348630203178,259.85786858293426
2329,5,Case4,6x8_230,-44.0,-30.0,6x8,2,2,5.282167876430321e-07,0.9999991655349731,3.1154479529504897e-07,8628.477266734028,8549.634401068575,23868.806844711304,23376.93783555417,358.7010936478261
2331,1,Case4,6x8_232,-8.0,-27.0,6x8,3,3,4.232718081603358e-15,1.0809011996570916e-07,0.9999998807907104,5854.452901889895,5860.416751214803,36419.698808670044,36829.09582658719,394.12240502736154
2333,3,Case4,6x8_234,-49.0,-40.0,6x8,2,2,0.014976481907069683,0.9850234985351562,1.605474087007508e-10,9870.65127412545,9889.306473314316,17869.689079284668,17854.550923122963,86.72405420709515
2335,2,Case4,6x8_236,16.0,-57.0,6x8,2,2,1.4748299248523722e-09,0.9999994039535522,5.556717042054515e-07,7618.114801552607,7280.240321597142,34626.86268143356,35272.252552200705,453.67343884068157
2336,2,Case4,6x8_237,-32.0,66.0,6x8,2,2,2.3115654812499997e-07,0.9999997615814209,2.6714735978927706e-10,8551.364840916036,8371.21742499447,25863.995517730713,26680.320125536873,582.3019149940981
2337,2,Case4,6x8_238,64.0,-22.0,6x8,2,2,1.738200694489933e-08,1.0,5.019192617083945e-09,7883.04153052559,7689.202999398277,32137.172632336617,32600.925122485314,359.3980899119896
2340,2,Case4,6x8_241,13.0,6.0,6x8,3,3,7.264322268176436e-15,5.83386727814883e-10,1.0,4712.504330772433,4614.573773820692,36207.494529008865,36625.29527105464,355.6078929882681
2342,5,Case4,6x8_243,-63.0,-63.0,6x8,1,1,0.9999988079071045,1.2148592531957547e-06,2.1895060363288227e-13,7489.867644310873,7451.563046281626,11255.203315734863,10657.908179546937,416.60348324629297
2343,5,Case4,6x8_244,85.0,-58.0,6x8,1,1,1.0,5.053449925185305e-08,2.4659626771117438e-11,6585.13957749185,6241.8824733182455,11602.975784301758,10315.618779974564,882.3209661267703
2344,5,Case4,6x8_245,-34.0,-14.0,6x8,3,3,4.018909770947543e-12,0.0008209602092392743,0.9991790652275085,6645.13716517518,6683.136498238053,34110.36566352844,35057.13273586251,708.6349705348109
2345,4,Case4,6x8_246,60.0,61.0,6x8,1,1,0.9999362230300903,6.372969801304862e-05,3.5778953584586493e-13,8016.524719105659,8264.19770101497,11652.463493347168,11584.69099848996,107.22348230953905
2346,5,Case4,6x8_247,-83.0,78.0,6x8,1,1,0.9999998807907104,8.464759559956292e-08,2.9085620630725506e-12,3910.3576392995824,3806.013735939376,8075.369565963745,7653.593216550146,268.74490933555677
2347,4,Case4,6x8_248,6.0,27.0,6x8,3,3,8.043539216574715e-15,1.0331259403528747e-07,0.9999998807907104,5791.436961737282,5636.208589884181,36677.64201450348,37914.901287145825,916.5710387075827
2348,5,Case4,6x8_249,6.0,16.0,6x8,3,3,4.982968197271434e-15,2.061624482241342e-10,1.0,5014.3416237022275,4907.011794338749,36580.70262796432,36968.78772201996,437.94209287559227
2349,5,Case4,6x8_250,-47.0,64.0,6x8,2,2,0.43271756172180176,0.5672823786735535,1.6898980478852188e-11,9693.143819672801,9764.146251818025,16260.291786193848,16268.52383963575,84.986680043581
2351,2,Case4,6x8_252,-82.0,-45.0,6x8,2,2,0.00037722737761214375,0.9996227025985718,4.636776639727058e-12,8531.870916889393,8546.61985270161,18940.328830718994,19110.629671456627,180.94128690738268
2352,3,Case4,6x8_253,56.0,-34.0,6x8,2,2,4.769688530359417e-05,0.9999523162841797,1.666382448695103e-10,9073.869971416205,8899.63280876236,22709.830249786377,21942.336720839412,519.7473424538676
2353,3,Case4,6x8_254,-75.0,-17.0,6x8,2,2,1.0126822991285422e-10,1.0,4.281675569650645e-10,6987.70638296544,6950.049890284195,34583.14906048775,35134.619498339365,431.2109257680987
2354,1,Case4,6x8_255,32.0,-60.0,6x8,2,2,1.5585012079100125e-05,0.9999843835830688,7.617344255361758e-11,8796.646424600342,8486.16403186532,24922.026947021484,24472.776058900337,310.90489099638586
2355,4,Case4,6x8_256,-25.0,-11.0,6x8,3,3,1.605634299562536e-14,3.938815140713814e-08,1.0,5836.440591966097,5922.146380629535,36003.197551727295,36840.661351942814,560.5640078244412
2356,2,Case4,6x8_257,65.0,80.0,6x8,1,1,0.9999997615814209,2.824399700784852e-07,6.773054170197256e-15,5628.329122277541,5788.045103438252,9745.61672592163,9682.09978772876,104.3858282343811
2357,1,Case4,6x8_258,54.0,-18.0,6x8,2,2,1.8244167288017366e-09,1.0,7.819815017739984e-09,7719.553151008214,7591.26225901087,33344.6894723773,33050.05332891717,202.31262726816166
2360,1,Case4,6x8_261,-14.0,-28.0,6x8,3,3,1.4392909200621265e-14,9.10698702227819e-07,0.9999990463256836,6248.642845926579,6270.116430610048,34847.64225959778,35238.74252635961,404.23136591280223
2362,5,Case4,6x8_263,-24.0,2.0,6x8,3,3,6.080831317130256e-15,2.6580130096931498e-08,1.0,5480.171510131111,5457.951306148638,37059.00299358368,37051.77284378056,227.5679615710106
2363,1,Case4,6x8_264,87.0,-65.0,6x8,1,1,1.0,2.7086134224418856e-08,1.0077226553217855e-10,5286.27500763011,5162.354624761041,9712.750240325928,9531.451649318466,122.32728905330647
2365,2,Case4,6x8_266,-26.0,-39.0,6x8,2,2,2.2123447962485443e-08,0.9994404911994934,0.0005594615358859301,7999.906321739766,8038.68935400813,26815.10499382019,27821.875526135787,700.7461235266169
2366,1,Case4,6x8_267,-33.0,-46.0,6x8,2,2,2.2175570393301314e-06,0.9999977350234985,3.1555569268704176e-09,9025.507685443468,8583.925566603764,21876.491802215576,21590.373926395616,243.2575293378356
2367,1,Case4,6x8_268,-59.0,29.0,6x8,2,2,2.2306197422494733e-07,0.9999997615814209,1.0340685946408357e-10,8528.921784722004,8287.538347969265,26922.92152786255,26740.953344428304,139.7032614806922
2368,3,Case4,6x8_269,-60.0,60.0,6x8,1,1,0.9996708631515503,0.00032911819289438426,2.310260544067383e-13,8248.923787334112,8516.463024357561,11859.778518676758,11608.650057403385,133.75069871826548
2371,4,Case4,6x8_272,72.0,69.0,6x8,1,1,0.9999997615814209,2.085930930206814e-07,1.2004313558813817e-13,5881.108702172178,5409.65796261744,9907.176811218262,9187.609422524927,433.4922083564949
2372,1,Case4,6x8_273,81.0,62.0,6x8,1,1,0.9999997615814209,2.0155700042323588e-07,1.4554096859978327e-12,6032.558029957592,5907.621108226114,10386.012912750244,10112.623969203822,197.60852246845684
2373,2,Case4,6x8_274,30.0,-25.0,6x8,3,3,1.2202640287117816e-10,0.00757903466001153,0.9924209713935852,7629.616753920288,7638.706772625881,29554.85240316391,30452.1708542325,681.7686680052203
2374,3,Case4,6x8_275,80.0,-20.0,6x8,2,2,4.547645371388853e-09,1.0,6.640702432392231e-10,7028.847522719755,7165.663381986731,33382.14854872227,33837.954482488516,392.87502719607943
2375,2,Case4,6x8_276,-88.0,70.0,6x8,1,1,0.9999998807907104,6.690596876524069e-08,3.894488423699001e-14,4555.869102414041,4658.70119615321,8790.9680519104,8679.983409725404,71.95590796931315
2376,1,Case4,6x8_277,57.0,88.0,6x8,1,1,0.9999582767486572,4.171691034571268e-05,1.5175589951343937e-11,6677.546177430286,6976.133016152924,11867.329853057861,11653.436820958224,151.9184632673056
2377,5,Case4,6x8_278,18.0,78.0,6x8,2,2,1.2853224040654254e-10,1.0,2.72464717454568e-10,6986.401290238939,7116.775833050868,34186.36030507088,34384.28451583452,175.00410540847773
2378,3,Case4,6x8_279,-88.0,-89.0,6x8,1,1,0.9999988079071045,1.1404778206269839e-06,2.9671716472723375e-11,3213.761617080221,3505.049564469965,7474.643984794617,7566.062226095314,156.2227151357993
2380,1,Case4,6x8_281,-72.0,-17.0,6x8,2,2,7.886732239503758e-11,1.0,3.9756817282743384e-10,7200.763124621847,6984.090727078839,34638.86068856716,35167.114143056926,396.84823723455554
2381,4,Case4,6x8_282,25.0,-74.0,6x8,2,2,2.8658782014190365e-09,1.0,8.479634217017917e-10,7657.1672168572795,7577.733760305239,31015.85711956024,31109.784712666355,104.2554393863568
2383,3,Case4,6x8_284,16.0,16.0,6x8,3,3,5.0402056016491965e-15,8.320863109645416e-09,1.0,5663.779520126856,5387.588246348844,36058.39754009247,36798.0848784555,728.737043837817
2384,5,Case4,6x8_285,-21.0,55.0,6x8,2,2,1.943675220772434e-09,1.0,3.712770313413216e-09,7933.874078893078,7774.055011191646,31769.998810999095,32000.57279258837,178.6167442645483
2385,2,Case4,6x8_286,40.0,-87.0,6x8,2,2,3.253690374549478e-05,0.9999674558639526,7.469942026050447e-11,8252.835828434652,8284.170542848511,22084.210639953613,22229.932534715797,108.60336394676149
2387,2,Case4,6x8_288,37.0,70.0,6x8,2,2,4.767844075104222e-06,0.999995231628418,3.7265052155177614e-11,8663.786558560198,8740.579813810433,22898.767457962036,23379.514042763716,374.9924098689331
2388,3,Case4,6x8_289,-9.0,44.0,6x8,2,2,3.544118123977036e-11,0.9644035696983337,0.03559644892811775,6906.107339208253,6692.269199773271,36113.73318004608,37527.80390863395,1016.737539765909
2391,1,Case4,6x8_292,71.0,-88.0,6x8,1,1,1.0,4.5201025145047424e-09,7.995832468354891e-11,4440.815415954187,4597.23944055971,8650.598766326904,8767.318424118303,102.09458256150461
2393,2,Case4,6x8_294,-71.0,-57.0,6x8,1,1,0.9999459981918335,5.399522706284188e-05,3.551534270124744e-14,7786.067680964321,7852.374914507391,12198.166442871094,11837.93612575076,254.99374458668635
2394,2,Case4,6x8_295,-84.0,-9.0,6x8,2,2,1.9646557714025903e-09,1.0,2.4330104153591492e-08,6279.295256327633,6322.725101617068,35719.95810222626,36968.98827445055,970.6094785811543
2395,4,Case4,6x8_296,-48.0,82.0,6x8,2,2,0.044763822108507156,0.9552361965179443,8.903700693396743e-11,8642.350030281408,8686.374751753714,17417.97820663452,17012.246089975793,217.72226431317623
2396,2,Case4,6x8_297,-13.0,-4.0,6x8,3,3,1.316573548993576e-14,1.7167666177542174e-09,1.0,4755.711890487717,4568.609634916471,36161.53864415735,36803.85476545909,502.094791010465
2397,5,Case4,6x8_298,-19.0,-23.0,6x8,3,3,6.605796638858852e-13,4.433664798852988e-06,0.9999955892562866,6383.194555592167,6632.008436588784,34251.41528892517,34350.63823857384,148.49964073412488
2398,5,Case4,6x8_299,5.0,-32.0,6x8,3,3,6.682293742866011e-14,6.680657861579675e-06,0.9999933242797852,6165.130861327447,5941.274323835466,36667.77972984314,36951.396427645115,265.7788422835224
2400,5,Case4,8x8_001,65.0,19.0,8x8,2,2,3.637854600890833e-11,0.9999988079071045,1.152839104179293e-06,5243.146533150198,5063.3639674130045,34368.95395588875,33812.33271376232,434.478297926387
2401,3,Case4,8x8_002,40.0,-51.0,8x8,2,2,4.730816726805642e-06,0.9999951124191284,1.7745189495599334e-07,7021.620575402726,6869.987875307223,18411.45991706848,18654.24105675336,194.51638807220075
2402,3,Case4,8x8_003,-44.0,65.0,8x8,2,2,5.083347059553489e-05,0.9999492168426514,3.749406340958217e-10,6339.951506160524,6078.669469837092,17952.34709739685,18128.459623154362,133.40116718625546
2404,1,Case4,8x8_005,-52.0,20.0,8x8,2,2,2.084139527624984e-10,0.9996428489685059,0.0003570931439753622,5859.593453963796,5681.061917520664,32638.887106895447,32541.16291378731,114.49128170450214
2406,3,Case4,8x8_007,51.0,-83.0,8x8,2,2,0.00027083061286248267,0.9997290968894958,1.9444897081388746e-10,5358.196387701002,5216.637107050972,15771.6189661026,15213.211201663542,399.8516217315728
2407,2,Case4,8x8_008,86.0,9.0,8x8,3,3,1.6729684304550574e-09,0.03687795251607895,0.9631220102310181,3977.652908810087,3839.5248262531154,35124.225829675794,36082.5800788973,762.5667848461109
2408,4,Case4,8x8_009,-63.0,21.0,8x8,2,2,3.734400289001627e-10,0.9999996423721313,3.196467446286988e-07,5480.785455307892,5331.683297828651,33301.364924907684,34237.03056584716,633.0063713596865
2409,4,Case4,8x8_010,-74.0,83.0,8x8,2,2,0.0002736436726991087,0.9997263550758362,2.773269114353383e-10,3176.082725807057,3057.7108795003173,9173.703207015991,8853.42530553659,209.03685751628592
2410,2,Case4,8x8_011,-39.0,-9.0,8x8,3,3,1.6578600471606197e-13,3.903107426594943e-05,0.9999610185623169,5546.763244744537,5511.714923414715,36390.95762729645,37410.06219043507,684.4336472803457
2411,4,Case4,8x8_012,-56.0,9.0,8x8,2,2,2.275227575787575e-11,0.9999878406524658,1.2155395779700484e-05,5273.534272909072,5173.584477718292,37629.07426786423,38649.37473569902,676.4440558219881
2412,3,Case4,8x8_013,61.0,33.0,8x8,2,2,8.949472629637967e-08,0.9999997615814209,1.879250106640029e-07,6008.2013620093485,5913.116711492614,24829.24469614029,23985.83595849319,542.5988535454401
2413,2,Case4,8x8_014,19.0,79.0,8x8,2,2,9.845466109048573e-11,0.9999988079071045,1.1548011116246926e-06,4634.824733294473,4592.104447505623,34225.59701573849,35452.668508705945,976.6178781725806
2414,4,Case4,8x8_015,35.0,60.0,8x8,2,2,1.0261111071940832e-07,0.9999998807907104,2.568369517064184e-08,6239.34877250512,6043.885241556709,23158.273713588715,22083.085275914786,712.4497909704913
2417,1,Case4,8x8_018,-53.0,31.0,8x8,2,2,1.2491368828193572e-08,0.999995231628418,4.720627202914329e-06,6396.058340830846,6359.773659380884,24980.107803821564,24550.59705324727,280.9891318040014
2418,2,Case4,8x8_019,-79.0,29.0,8x8,2,2,1.7755652503836927e-09,1.0,4.0414143143152614e-08,5030.325538034453,5033.9233729382,29301.969620743766,29871.33226715805,424.2329588060558
2419,3,Case4,8x8_020,-2.0,48.0,8x8,2,2,1.602287573454486e-11,0.7773572206497192,0.22264276444911957,5331.7997951298075,5186.663298491868,38126.3230509758,38925.95552851269,592.3899337051047
2421,3,Case4,8x8_022,43.0,-33.0,8x8,2,2,6.19617912533954e-09,0.9999513626098633,4.8652931582182646e-05,6874.125899147057,6770.548394849531,22526.868020817637,22813.12275956234,193.18818620022313
2422,2,Case4,8x8_023,62.0,-67.0,8x8,1,1,0.9999762773513794,2.3663205865886994e-05,1.224786602433553e-13,5717.628678366705,5612.7794264519125,11283.870931625366,9797.001420928393,1139.4151777690674
2423,1,Case4,8x8_024,30.0,75.0,8x8,2,2,1.0928554727840378e-09,1.0,3.1908445663475504e-08,5187.809762973678,5102.758025390729,28483.715084969997,28416.148650251584,51.49235970258661
2424,2,Case4,8x8_025,80.0,-80.0,8x8,1,1,0.9996415376663208,0.00035845799720846117,3.1163569502723476e-09,2887.943609067684,2528.2652901015394,8823.332853078842,8346.177751859315,350.8152650824511
2425,3,Case4,8x8_026,-81.0,73.0,8x8,2,2,6.93197944201529e-05,0.9999306201934814,1.0602578814911112e-09,3332.197124562026,3189.6280906676247,9302.709329605103,9285.510117015054,25.637409464649622
2427,3,Case4,8x8_028,36.0,-31.0,8x8,2,2,5.361515120760885e-10,0.9745748043060303,0.025425158441066742,6907.5481421899485,6547.864942762432,24954.35393166542,25333.978751048646,301.8873413283295
2428,2,Case4,8x8_029,52.0,-41.0,8x8,2,2,2.0223918909323402e-05,0.9999797344207764,1.0552665408170014e-08,7031.156484932987,6826.642703906393,17925.71795272827,18309.791122146147,275.0557409823163
2429,4,Case4,8x8_030,15.0,-12.0,8x8,3,3,7.166228229587863e-15,7.256807377231667e-10,1.0,5441.57721996812,5302.785576561129,37362.41138628125,38150.42523168322,799.9518837865571
2430,4,Case4,8x8_031,-55.0,-62.0,8x8,1,1,0.9198958873748779,0.08010407537221909,2.6183865839413123e-11,6831.671181465092,6555.374362340311,13168.334457397461,12580.173539482983,356.14104347137055
2431,3,Case4,8x8_032,-19.0,-7.0,8x8,3,3,2.158540011025522e-15,1.0966557661973297e-09,1.0,5359.584771501703,5088.402525073876,37585.41097345948,38716.91093495363,934.0132155363483
2432,1,Case4,8x8_033,-61.0,86.0,8x8,2,2,0.0007928971899673343,0.999207079410553,1.6412271541810242e-10,4830.024157415195,4591.964672486776,11556.46583366394,10625.847806614789,671.9347737872396
2433,4,Case4,8x8_034,-43.0,-15.0,8x8,3,3,2.7349468176285363e-12,0.010655234567821026,0.9893447756767273,5827.978496269107,5710.324732717216,34290.74633693695,35326.816934736074,764.8315143982411
2434,2,Case4,8x8_035,70.0,81.0,8x8,2,2,0.0015494381077587605,0.998450517654419,7.206448771057694e-10,3610.3371868537433,3462.3390156517935,9638.760562896729,9454.419746819274,133.2138814857694
2435,1,Case4,8x8_036,8.0,25.0,8x8,3,3,8.08475848676607e-16,4.4434176338370435e-09,1.0,5475.147959568679,5235.346864181749,37234.78681373596,38253.260242214164,783.4726187724319
2437,5,Case4,8x8_038,-56.0,52.0,8x8,1,1,0.7562418580055237,0.2437581866979599,3.8728794476972084e-11,7396.749389773339,7113.195584344491,13992.862014770508,14040.701758607625,71.66159244906885
2439,1,Case4,8x8_040,-27.0,-54.0,8x8,2,2,2.074075799995967e-09,0.9996142387390137,0.0003856850671581924,6052.790867714633,5988.036916779426,28086.379722118378,27803.49246839193,191.45529080788305
2440,4,Case4,8x8_041,-2.0,-68.0,8x8,2,2,2.3189578729487792e-11,0.9874338507652283,0.01256613153964281,4555.340433428779,4604.525136026257,38012.463999032974,39747.802428434195,1192.4779109287808
2441,4,Case4,8x8_042,84.0,51.0,8x8,2,2,1.0578346518741455e-05,0.99998939037323,4.695110966679295e-10,5309.258463234165,5299.456064603442,15789.51280927658,15360.822593812954,330.95985285399354
2442,3,Case4,8x8_043,79.0,-71.0,8x8,1,1,0.9966772794723511,0.003322737291455269,2.3452698116877e-10,3642.8322741126576,3118.212609921479,9605.081888198853,8986.273378525393,471.2522648252667
2443,3,Case4,8x8_044,59.0,-56.0,8x8,1,1,0.9957550764083862,0.0042448933236300945,1.5482949991540984e-11,7238.789213154945,7025.919545003553,13186.219528198242,12736.481203031477,295.22657123538454
2444,2,Case4,8x8_045,-18.0,-35.0,8x8,3,3,1.4657880757686786e-13,8.521629752067383e-06,0.9999915361404419,5928.894179967925,5872.929837277493,32770.003299713135,34247.06229669204,1036.5870817010657
2445,4,Case4,8x8_046,-76.0,-77.0,8x8,2,2,0.0001885393139673397,0.9998114705085754,1.9641419046756425e-10,3325.702933850627,2943.5480104983544,9239.269235610962,8577.95193732598,459.5399382814156
2446,5,Case4,8x8_047,42.0,27.0,8x8,2,2,9.295021974331519e-10,0.9579043388366699,0.042095672339200974,6447.413847677848,6298.5043002574375,26579.460785210133,26991.486131692265,317.9361648159854
2447,1,Case4,8x8_048,1.0,71.0,8x8,2,2,2.93780208493466e-11,0.999853253364563,0.0001467331894673407,4561.667684391576,4309.13289394674,37394.83870396018,37828.37991136468,190.36712197644638
2448,3,Case4,8x8_049,-37.0,22.0,8x8,3,3,3.829368679791889e-12,0.03002389334142208,0.9699760675430298,6218.377756499581,6008.857537609232,30326.311512857676,31845.204107364574,1117.968683082481
2449,4,Case4,8x8_050,-16.0,44.0,8x8,2,2,1.0199278054068284e-11,0.9944709539413452,0.005529110319912434,5944.171053835692,5693.681504606504,33971.12632417679,35235.08511386856,823.4952202280859
2451,1,Case4,8x8_052,-79.0,34.0,8x8,2,2,5.788570067721821e-09,1.0,3.7664523944158645e-08,5211.287395855482,4981.593984132319,26054.84589961171,26265.28411928038,188.77421326611608
2452,4,Case4,8x8_053,3.0,87.0,8x8,2,2,1.7220606884915668e-10,0.9957908391952515,0.004209115635603666,3942.826924573259,3840.601774254383,35300.80510020256,36682.77565014145,1022.0432505767275
2453,3,Case4,8x8_054,-17.0,-44.0,8x8,3,3,3.928931832652971e-12,0.01150921918451786,0.9884908199310303,5907.430626773915,5693.528006353212,33349.78262376785,33969.23681838675,497.13142908948606
2455,1,Case4,8x8_056,67.0,-19.0,8x8,2,2,1.5628766336650557e-10,0.9999961853027344,3.816727712546708e-06,5129.169267328459,5081.515423763774,34523.81034786999,34568.49344791215,124.64939580050887
2456,3,Case4,8x8_057,2.0,74.0,8x8,2,2,9.891365504444138e-12,0.9995465874671936,0.00045342076919041574,4353.320318499713,4179.109614272838,36867.15681934357,38093.55089363845,987.7857304602861
2457,4,Case4,8x8_058,82.0,19.0,8x8,2,2,3.629278821914994e-10,0.9992444515228271,0.0007556104683317244,4483.206267148011,4570.1356906989995,34023.60108137131,35057.46144813872,846.6961200081062
2458,5,Case4,8x8_059,14.0,3.0,8x8,3,3,3.1143387649708526e-15,1.7512461966684434e-11,1.0,4910.672094088812,5069.126724903786,37199.42845213413,38126.910737860264,960.1040748858852
2459,2,Case4,8x8_060,44.0,-84.0,8x8,2,2,1.7072950413421495e-06,0.9999983310699463,1.4424347272168347e-09,5287.38848041502,5107.716284309486,19637.798690631986,19346.109292007015,174.93689032948402
2460,2,Case4,8x8_061,0.0,-52.0,8x8,2,2,5.447108042400117e-11,0.9984287619590759,0.0015712155727669597,5258.231674033918,5253.368126137618,38457.771136283875,38735.439269894516,161.74857000356386
2461,5,Case4,8x8_062,33.0,26.0,8x8,3,3,2.8875350461393667e-12,0.001052456209436059,0.9989475607872009,6531.7067096171195,6235.304035484944,28488.842171669006,29349.2218297963,661.2659421121854
2462,2,Case4,8x8_063,-75.0,38.0,8x8,2,2,1.5051416824007902e-07,0.9999998807907104,1.4269160297786243e-09,5539.777538259725,5373.377466255633,23088.54741895199,23148.01411215348,61.35647412989893
2463,4,Case4,8x8_064,-20.0,55.0,8x8,2,2,2.660558752476394e-11,0.999991774559021,8.242255717050284e-06,5777.092574565379,5624.843989659871,33034.910084724426,34393.26648101082,916.2595939820782
2464,5,Case4,8x8_065,72.0,31.0,8x8,2,2,3.2522011750302227e-09,1.0,1.131303850598897e-08,5385.415431575042,5258.706258890967,27647.056838810444,26721.10483486559,615.8376670169679
2466,2,Case4,8x8_067,-83.0,68.0,8x8,2,2,0.011273686774075031,0.9887263178825378,1.0940018890792658e-09,3750.214207800359,3586.897886654737,9917.712527275085,9332.980971298079,416.07639436594616
2467,3,Case4,8x8_068,-26.0,-1.0,8x8,3,3,1.253946198686727e-15,7.751356889684757e-09,1.0,5339.616235800141,5257.053197054926,37809.12155628204,38994.656857250724,821.5706308094514
2472,4,Case4,8x8_073,-22.0,46.0,8x8,2,2,4.1392680949492444e-11,0.9969071745872498,0.003092875238507986,6117.933401400916,5956.362451381752,30573.391775369644,32044.702026471034,990.9914106184747
2473,1,Case4,8x8_074,-1.0,-8.0,8x8,3,3,4.2009327467411664e-15,9.404481360331118e-11,1.0,4852.647906996622,4997.17813469657,35499.50668609142,37963.42665610688,1917.622898832719
2474,3,Case4,8x8_075,-22.0,82.0,8x8,2,2,1.559826295904898e-10,0.9999995231628418,4.6139615506035625e-07,4601.165845380445,4610.621672679946,32993.25084012747,33555.51215863571,560.5925506471425
2476,2,Case4,8x8_077,-64.0,20.0,8x8,2,2,1.410692118675172e-10,0.9999998807907104,8.698183506794521e-08,5379.981001325868,5285.69110372126,33904.30020189285,34198.11165030588,206.7298527271665
2477,1,Case4,8x8_078,29.0,-79.0,8x8,2,2,8.825833952563755e-10,0.9999996423721313,3.132956862827996e-07,5029.137264612036,4910.683663718393,29296.080900266767,29263.524683671865,67.38181292624076
2478,3,Case4,8x8_079,-67.0,39.0,8x8,2,2,2.6699594855017494e-06,0.9999973773956299,1.2103282820419281e-09,6039.966685547486,5741.651609990466,21502.44856595993,21577.34196997556,100.54870161826281
2480,5,Case4,8x8_081,-38.0,-72.0,8x8,2,2,1.0959871588056558e-06,0.999998927116394,1.4484015098403802e-09,5654.696885076137,5460.350683452618,22732.52862921357,22257.698846785126,312.0370727908022
2481,3,Case4,8x8_082,85.0,48.0,8x8,2,2,3.2191437639994547e-06,0.9999967813491821,1.0206453460170906e-09,5285.141937458496,5134.652230479317,17340.985971689224,17247.306836257256,100.75481175583332
2482,4,Case4,8x8_083,-12.0,85.0,8x8,2,2,1.2391955517276898e-10,0.9997230172157288,0.00027695868629962206,4198.382432559146,4061.7871823509577,34967.61535900831,36393.088739104234,990.4382701082441
2483,3,Case4,8x8_084,77.0,-48.0,8x8,2,2,9.529099042993039e-05,0.9999047517776489,3.749341725978184e-09,5628.180711447854,5347.475333335146,16980.53556203842,17068.79920670729,81.18897345814564
2484,1,Case4,8x8_085,45.0,75.0,8x8,2,2,8.474235983157996e-06,0.9999915361404419,7.258790096775769e-11,5669.4289757575825,5389.251403994379,18499.23530101776,17890.886030386704,413.31619501995874
2485,3,Case4,8x8_086,-41.0,-54.0,8x8,2,2,0.00010979203943861648,0.9998902082443237,1.992284737184491e-08,6841.532431490997,6643.920381144645,18052.78157234192,18376.438066740437,251.2060487035939
2486,3,Case4,8x8_087,-38.0,89.0,8x8,2,2,2.093720929963183e-08,1.0,1.0164606045748315e-08,5040.7985395543565,4951.628459624655,23544.523963958025,23706.172298788693,183.35311537779245
2487,1,Case4,8x8_088,23.0,33.0,8x8,3,3,3.0153322601398497e-14,1.0239502444164827e-05,0.9999897480010986,6275.406838615661,6065.3828428212455,30207.822803214192,31185.9723375855,746.1274785821703
2488,4,Case4,8x8_089,18.0,-35.0,8x8,3,3,2.1795336802715726e-14,1.8560631360742263e-05,0.9999814033508301,5925.446041446913,5899.618534503784,32873.479425281286,33904.21261291114,793.9209546750184
2489,1,Case4,8x8_090,-65.0,24.0,8x8,2,2,8.686252273015782e-10,0.9999997615814209,2.7831052307192294e-07,5517.707394730965,5256.642431426333,31721.447984218597,31927.090202662377,158.1480865114497
2490,5,Case4,8x8_091,11.0,36.0,8x8,3,3,1.5413458541186503e-13,0.00012625214003492147,0.9998737573623657,5551.947821633755,5495.186583050209,35733.01303386688,36223.188880313886,426.0120900893267
2491,4,Case4,8x8_092,-38.0,-40.0,8x8,2,2,7.334715945717107e-08,0.9999889135360718,1.1049643944716081e-05,7338.688659752844,7076.081450538756,20469.233841225505,19552.75698436683,639.9276736152423
2492,5,Case4,8x8_093,-70.0,-78.0,8x8,2,2,0.0006443278980441391,0.9993556141853333,2.632636608712602e-10,3767.8638945992357,3667.7064181205064,9769.728497505188,9368.789054058763,264.85250853860117
2493,2,Case4,8x8_094,73.0,-55.0,8x8,2,1,0.9927083849906921,0.007291627582162619,1.0444129285372417e-12,5911.174039522077,5885.362887012618,13656.953987121582,12891.144988161554,513.282788390141
2494,4,Case4,8x8_095,68.0,-30.0,8x8,2,2,5.272172032277922e-09,1.0,4.30566728937265e-08,5567.214456656735,5455.994484969305,28046.489857673645,28062.68608456391,48.32955126854184
2495,1,Case4,8x8_096,84.0,-52.0,8x8,2,2,0.00027647323440760374,0.999723494052887,5.657851964713245e-10,5332.283882503391,5252.062005317828,15319.519672393799,15136.190188660681,180.4199257664461
2497,5,Case4,8x8_098,-1.0,36.0,8x8,3,3,4.649075517463609e-14,5.620924275717698e-05,0.999943733215332,5556.815577206858,5256.4177520217545,37536.084285736084,38311.21656656611,601.107417688781
2498,1,Case4,8x8_099,90.0,40.0,8x8,2,2,5.02861468021365e-08,1.0,6.373819250171664e-09,5090.936272818905,5077.433324862358,22255.811595350504,23107.111229629278,614.3637183297625
2499,2,Case4,8x8_100,69.0,62.0,8x8,2,1,0.6940835118293762,0.3059164881706238,3.54470272578844e-11,5541.392523080407,5442.550210404402,11123.933963775635,10511.312988333106,510.3914187020134
2500,2,Case4,8x8_101,48.0,15.0,8x8,3,2,1.3858750258499697e-10,0.891930103302002,0.10806983709335327,5712.411234695455,5705.866006981351,34733.2903137207,35230.26633313879,354.52069436440013
2501,5,Case4,8x8_102,76.0,-24.0,8x8,2,2,5.417129522733433e-10,0.9999997615814209,1.9035084619645204e-07,4971.603958387639,4866.335512943905,32138.970479905605,31674.306770297633,327.1366170890191
2502,4,Case4,8x8_103,66.0,14.0,8x8,2,2,1.7964059059738524e-11,0.9999876022338867,1.2358099411358126e-05,5048.477384049053,5011.360794603073,36413.10548534617,37007.997117939856,481.53080295023426
2503,3,Case4,8x8_104,83.0,3.0,8x8,3,3,2.536825437216006e-11,0.000831807847134769,0.9991681575775146,3944.2451119482002,3892.815933085842,35606.55335319042,36578.38883463724,865.0025548479545
2505,3,Case4,8x8_106,-12.0,43.0,8x8,2,3,7.976527424680135e-12,0.27723759412765503,0.722762405872345,5751.923471731576,5458.455717917039,35670.6035194397,37177.59737236704,1073.6529184085668
2506,1,Case4,8x8_107,69.0,8.0,8x8,2,2,3.375424245666281e-11,0.9975259900093079,0.002474060980603099,4563.510717066899,4606.846603006944,37587.24213898182,37897.22067025016,242.69911404366175
2508,3,Case4,8x8_109,-69.0,17.0,8x8,2,2,7.534577128875952e-11,0.9999998807907104,1.4369931022883975e-07,4929.5489664530605,4864.837114756774,35410.39058342576,35892.034164488694,421.00243684074843
2510,5,Case4,8x8_111,7.0,87.0,8x8,2,2,2.3129113901898535e-10,0.9977725148200989,0.0022274910006672144,3849.0300386143745,3916.2931612507914,35184.11937749386,35662.60388124969,390.72922859845517
2511,4,Case4,8x8_112,21.0,-8.0,8x8,3,3,1.860202936783059e-15,7.400358104092675e-10,1.0,5386.785174280919,5249.4668675976945,37554.984080314636,38910.916233356154,1065.6196931459122
2512,5,Case4,8x8_113,35.0,-2.0,8x8,3,3,9.672301411948851e-15,1.614316147424688e-06,0.9999983310699463,5384.739640654454,5333.871376522539,37499.255732536316,37926.343418272445,344.938419267633
2513,3,Case4,8x8_114,-35.0,-78.0,8x8,2,2,6.164852806023191e-08,0.9999997615814209,1.7060156665138493e-07,5222.914055470661,5065.43829175525,25260.451993862167,25941.017292340694,533.819984445968
2514,2,Case4,8x8_115,22.0,74.0,8x8,2,2,9.307368764588375e-11,0.9999998807907104,1.7586002343250584e-07,4965.063057742168,4926.6443801315545,33094.428084641695,34133.00884888416,776.5971087272897
2515,4,Case4,8x8_116,12.0,-85.0,8x8,2,2,4.258628449882451e-10,0.8975306749343872,0.102469302713871,4201.873786700601,3970.299439004021,34968.29138994217,36386.23645335357,1020.0775553270926
2516,5,Case4,8x8_117,-87.0,33.0,8x8,2,2,2.804487087004759e-09,1.0,5.304944927786437e-09,4884.778796260707,4919.546764577956,26849.872207522392,26757.287888390932,77.99818964514047
2517,5,Case4,8x8_118,54.0,-88.0,8x8,2,2,0.006133419461548328,0.9938666224479675,1.6690177018219288e-10,5229.660739150098,5409.147271755966,14535.156603813171,14329.04929362724,152.33894293548062
2518,4,Case4,8x8_119,31.0,-10.0,8x8,3,3,1.6359467288327469e-15,6.280080810938671e-08,0.9999998807907104,5539.759207789687,5503.1175408935105,36415.57181930542,37331.30508226331,677.2325050083138
2519,3,Case4,8x8_120,-58.0,-26.0,8x8,2,2,4.409493215007387e-09,0.9999958276748657,4.198094757157378e-06,5878.255602479533,5759.90445920321,29450.95227432251,29231.226704461875,201.1860069904384
2521,5,Case4,8x8_122,20.0,-73.0,8x8,2,2,1.8000012591556924e-10,0.9999990463256836,9.11705797079776e-07,4920.210070410504,4876.425145337748,34120.70115053654,34605.52436659047,372.5045271050792
2522,4,Case4,8x8_123,76.0,4.0,8x8,3,3,2.8758068842948958e-11,0.039493948221206665,0.960506021976471,4324.6132507525035,4077.077579711941,36499.355161726475,37947.626026849364,1061.4797022930197
2524,1,Case4,8x8_125,-3.0,72.0,8x8,2,2,3.954348307133593e-11,0.9998176693916321,0.00018235233437735587,4341.607088190484,4188.740453663707,37208.56110906601,37712.663849030985,269.19193260186887
2525,5,Case4,8x8_126,-8.0,18.0,8x8,3,3,1.7951605473128223e-15,4.150288793192125e-11,1.0,5406.434928622647,5164.941749712623,37573.716035336256,37937.986242446765,441.17474293782124
2526,4,Case4,8x8_127,-66.0,77.0,8x8,2,2,0.0008705428335815668,0.9991294741630554,3.0439158138495515e-11,4342.321180761343,4157.787403314607,10394.299449920654,9511.270063074331,670.8341242171479
2527,2,Case4,8x8_128,59.0,-70.0,8x8,1,1,0.9998310804367065,0.0001688981574261561,2.4369726072184794e-13,6169.744815598298,5663.175287219845,12473.600393295288,10608.055661298702,1331.1199025711464
2529,2,Case4,8x8_130,-59.0,12.0,8x8,2,2,4.2051442189494637e-11,0.9999986886978149,1.278502963941719e-06,5383.20262964873,5176.955352272863,36959.38739824295,37514.21629455534,360.52404814939655
2530,1,Case4,8x8_131,41.0,53.0,8x8,2,2,7.270353307831101e-06,0.9999927282333374,3.869134346246028e-09,6908.643982115371,6733.724400752888,17938.696937561035,17862.337024859273,146.76644202895827
2532,1,Case4,8x8_133,-21.0,37.0,8x8,3,3,9.818110950979286e-13,0.008941072039306164,0.991058886051178,6221.646179193704,6043.560118650272,30951.054872393608,32223.1961861994,916.7891927030398
2533,1,Case4,8x8_134,-56.0,37.0,8x8,2,2,9.096301596400735e-07,0.9999990463256836,7.424789316701208e-08,6591.27454541036,6526.998121053204,21043.112740516663,20428.39975206178,395.7029603205657
2534,5,Case4,8x8_135,39.0,-76.0,8x8,2,2,1.7337413282803027e-07,0.9999998807907104,1.0486859158831408e-09,5522.12689960489,5213.220030798988,22476.613810777664,21961.788264257117,361.052033879014
2535,2,Case4,8x8_136,8.0,-68.0,8x8,2,2,4.0103406706570865e-11,0.9999924898147583,7.56952840674785e-06,4757.9858468053535,4604.686496926494,37803.36699080467,38290.99197424247,382.24385148398505
2536,3,Case4,8x8_137,68.0,53.0,8x8,2,2,0.19559241831302643,0.80440753698349,2.0183432702935988e-10,6257.26568709228,6113.014860718109,13996.258895874023,12980.743016765831,675.3515929123398
2537,5,Case4,8x8_138,-28.0,-75.0,8x8,2,2,2.141356425511276e-09,0.9999998807907104,1.2574287211464252e-07,5135.016463880489,4998.90151604793,29740.988512887503,30338.277235439982,453.51457702041455
2538,1,Case4,8x8_139,-52.0,-36.0,8x8,2,2,1.9281900165424304e-07,0.9999996423721313,1.1565846591565787e-07,6649.2554796134755,6408.893082516475,21004.8382730484,20845.7740896281,136.26318123543123
2540,4,Case4,8x8_141,79.0,49.0,8x8,2,2,7.584976629004814e-06,0.9999923706054688,2.709406310419382e-10,5501.692907303858,5405.802614717612,16570.952990055084,16245.012986401985,250.9633225499224
2541,2,Case4,8x8_142,56.0,10.0,8x8,2,2,5.769557748225296e-11,0.9991224408149719,0.0008775911410339177,5378.158773666985,5300.300091421089,37307.92590045929,38123.01458194024,584.3075775351476
2542,1,Case4,8x8_143,39.0,-35.0,8x8,2,2,1.2692344064646477e-08,0.9998582601547241,0.00014171574730426073,7200.629831170267,6877.640324567352,22063.690896332264,21526.740721766466,381.64377658146384
2543,1,Case4,8x8_144,-86.0,-39.0,8x8,2,2,2.2116341824585106e-07,0.9999997615814209,1.235593227733034e-08,5092.2717418326865,5036.331346571701,22842.30921174586,22828.213333576274,52.6614042280888
2544,5,Case4,8x8_145,29.0,32.0,8x8,3,3,1.3220850629547254e-11,0.004911845549941063,0.9950881600379944,6818.416907123097,6434.749044517701,27298.378313302994,27716.942265908103,366.4917757117062
2545,4,Case4,8x8_146,-41.0,-28.0,8x8,2,2,1.011052241928212e-09,0.9504162073135376,0.049583856016397476,6497.607281512817,6465.436503380719,25914.316740572453,26349.711694725996,304.971211262296
2546,3,Case4,8x8_147,47.0,23.0,8x8,2,2,4.5999110076522243e-10,0.9850026965141296,0.014997346326708794,6094.534426967528,5920.437130628591,29876.080837726593,30192.255638958624,302.1415506298395
2547,5,Case4,8x8_148,46.0,-62.0,8x8,2,2,0.010726132430136204,0.9892738461494446,3.0608862666703374e-10,6610.444312614568,6297.0180945082075,16424.313093185425,16262.36234765755,112.9610323282361
2549,3,Case4,8x8_150,15.0,-47.0,8x8,2,2,3.7752505982480145e-11,0.6411254405975342,0.3588745594024658,5730.032278198862,5621.776690318293,34746.12608242035,36191.460084419676,1020.2544582402571
2550,5,Case4,8x8_151,-66.0,-82.0,8x8,2,2,0.000683479942381382,0.9993165731430054,2.83512324728008e-10,4023.532078867632,4080.6980151745183,10338.514646530151,9956.028226826553,259.05026997536714
2551,2,Case4,8x8_152,-23.0,-66.0,8x8,2,2,4.5422970940123264e-10,0.9999986886978149,1.2866271390521433e-06,5343.757771973382,5222.871843862317,32286.7543861866,33284.655793973754,716.2916874668541
2552,5,Case4,8x8_153,50.0,-62.0,8x8,2,1,0.6403874754905701,0.35961252450942993,6.74914013565342e-11,6765.554546962981,6529.9817771819025,14653.02237701416,14304.821911493258,211.33202565905637
2554,1,Case4,8x8_155,11.0,-32.0,8x8,3,3,1.106447269383652e-15,1.3449017899347382e-07,0.9999998807907104,5747.826899139963,5515.851408811508,36084.32733488083,37163.59385169116,870.5740921816518
2555,3,Case4,8x8_156,70.0,-86.0,8x8,1,1,0.9967666864395142,0.003233337542042136,5.649646306338241e-10,3437.7405388736584,3223.669018265544,9593.92038822174,9097.140880029448,343.71828655282116
2556,2,Case4,8x8_157,78.0,-26.0,8x8,2,2,2.727970960236803e-09,0.9999996423721313,3.0228125069697853e-07,4944.276227952215,4942.247938701666,31047.539894774556,31533.281643571336,380.8784666459094
2558,4,Case4,8x8_159,-9.0,-4.0,8x8,3,3,1.1498656912159629e-14,4.986079882307592e-10,1.0,4612.8769843549635,4782.1849950303385,35896.16551328823,37724.363338755014,1329.5242003444132
2559,4,Case4,8x8_160,47.0,-13.0,8x8,3,2,1.539109291404106e-11,0.9779012203216553,0.022098764777183533,5675.996402923296,5566.8360741129645,35612.007378578186,36567.492923013524,643.0193211839415
2561,3,Case4,8x8_162,-71.0,-11.0,8x8,2,2,7.732749163213981e-11,0.9999760389328003,2.3923441403894685e-05,4599.294178303902,4488.034035829112,36932.742673799396,37610.82842037153,574.4477755688172
2562,4,Case4,8x8_163,-84.0,28.0,8x8,2,2,7.872120733054544e-10,0.9999991655349731,7.908108727860963e-07,4797.410433362092,4842.247475219854,29918.11446774006,30115.165754554066,278.8869330645086
2563,5,Case4,8x8_164,-16.0,-5.0,8x8,3,3,2.4240435471335666e-15,2.2680498104610258e-11,1.0,5056.352614122,5045.897617506497,37481.04876220226,38110.90433094657,584.9041402145384
2564,4,Case4,8x8_165,-5.0,10.0,8x8,3,3,1.4459179364348547e-14,7.780978639182479e-10,1.0,5090.954793240228,4758.413558498694,36292.83956062794,37374.85552853003,905.213178230408
2565,2,Case4,8x8_166,-61.0,-3.0,8x8,2,2,2.0379864462682917e-11,0.9999889135360718,1.111566052713897e-05,4948.3297103265295,4849.961817851385,38608.723622232676,39543.219433118444,623.2083853560003
2567,5,Case4,8x8_168,-5.0,-1.0,8x8,3,3,4.902178618278793e-15,7.580007801988309e-12,1.0,4920.81710064781,5411.0192406378965,34967.27252852917,38046.92102657315,2305.508819446099
2568,5,Case4,8x8_169,58.0,-70.0,8x8,1,1,0.9942271709442139,0.005772772710770369,1.4516909809664247e-12,6147.733388037361,5839.89233990522,12691.076684951782,11731.197650298907,656.0521071808129
2569,4,Case4,8x8_170,-35.0,-50.0,8x8,2,2,5.949349812794935e-08,0.999998927116394,9.989379350372474e-07,6667.091255857744,6544.558542928211,21439.490132331848,21221.65979962398,198.8454851781331
2570,4,Case4,8x8_171,-6.0,-18.0,8x8,3,3,2.069301278384019e-15,6.01116101339727e-10,1.0,5183.317029035286,5101.051116165631,37609.14368468523,38966.632525684516,1030.9419553487812
2571,2,Case4,8x8_172,-68.0,5.0,8x8,2,2,2.8231762413954975e-11,0.9999805688858032,1.937594970513601e-05,4680.854805367758,4543.741751610991,38014.34830626845,38484.63055280831,293.24488629048125
2572,5,Case4,8x8_173,82.0,-55.0,8x8,2,2,0.24462276697158813,0.7553772330284119,3.1439634229357694e-10,5396.066274877702,5277.745966266333,14028.51635837555,12701.044150481042,946.7503154883077
2573,5,Case4,8x8_174,-76.0,51.0,8x8,2,2,0.0017178350826725364,0.9982821941375732,1.405523007008691e-11,5716.346537682102,5588.999008393974,15440.200798034668,15092.539702382846,242.31170713003544
2574,5,Case4,8x8_175,-73.0,85.0,8x8,2,2,0.0010277731344103813,0.9989722967147827,1.131357008077316e-09,3184.584675773478,3176.178356224726,9242.469762802124,8998.405836114498,137.30387260766094
2575,2,Case4,8x8_176,-36.0,30.0,8x8,2,2,1.120937564991209e-09,0.8164440393447876,0.1835559606552124,6826.5865967205,6658.352919254479,25498.137719348073,25905.87958838974,276.63809882713144
2576,5,Case4,8x8_177,25.0,-81.0,8x8,2,2,4.249310348036772e-10,0.9999996423721313,3.794784220190195e-07,4740.583584099746,4848.501040451791,31586.89203774929,31778.93424094414,190.2081236860947
2577,2,Case4,8x8_178,27.0,63.0,8x8,2,2,3.2603963973087957e-10,0.9999996423721313,3.807998609772767e-07,5753.656861396799,5595.114355367965,29473.17245912552,30648.75233446288,824.7946944779465
2578,3,Case4,8x8_179,73.0,-44.0,8x8,2,2,2.482009404047858e-05,0.9999752044677734,1.1046695114202976e-08,5779.634416145858,5554.339793360642,18944.997714996338,18981.022611323922,53.4962267047422
2580,4,Case4,8x8_181,88.0,45.0,8x8,2,2,7.774027039886278e-07,0.9999991655349731,3.1785825083119335e-09,5201.543614533061,5145.534662089391,19103.136747449636,19178.379452024914,88.25883082971019
2583,2,Case4,8x8_184,83.0,43.0,8x8,2,2,2.113731909503258e-07,0.9999997615814209,3.0485508561994834e-10,5226.493674878216,5175.629465657418,20211.045112907887,21131.168003987317,636.5804280596769
2584,1,Case4,8x8_185,-18.0,49.0,8x8,2,2,5.6404325654568765e-11,0.99918133020401,0.0008186728227883577,5804.797852690206,5661.817139542664,33419.45472717285,33925.39765758156,320.5877001135279
2585,5,Case4,8x8_186,-54.0,1.0,8x8,2,2,6.1920581509444794e-12,0.9975625276565552,0.002437501447275281,5219.328430638435,4986.570327700604,38551.14230155945,39059.73441380523,422.8606568183222
2586,1,Case4,8x8_187,-47.0,-37.0,8x8,2,2,1.4434617412462103e-07,0.9999995231628418,3.227447962217411e-07,6935.742758138661,6640.447468218709,19895.12066936493,19918.299786811247,104.68430646895308
2587,5,Case4,8x8_188,-40.0,56.0,8x8,2,2,5.823531682835892e-05,0.9999417066574097,4.5020689953823023e-10,6776.089686222022,6583.400243052936,19019.169551849365,18809.423273702796,156.06752752692682
2588,1,Case4,8x8_189,34.0,0.0,8x8,3,3,2.0377702651642408e-15,7.516853770539456e-07,0.9999992847442627,5507.412328101359,5306.778698183689,37547.135993003845,38026.67518109129,353.4040827128209
2589,4,Case4,8x8_190,-80.0,40.0,8x8,2,2,1.298969181107168e-07,0.9999998807907104,3.0496869474205823e-09,5347.303917829418,5148.308100820849,22049.81611788273,22204.762132350035,154.59274162573985
2590,1,Case4,8x8_191,-75.0,6.0,8x8,2,2,6.10381412080585e-10,0.6029267311096191,0.39707323908805847,4268.111521146384,4004.3878355660736,36645.338681817055,37330.098875988704,527.2986894920616
2591,3,Case4,8x8_192,89.0,-86.0,8x8,1,1,0.9994342923164368,0.0005656454595737159,1.7282040243316033e-09,2388.625959708781,2450.7784085213607,8302.60329863429,7843.466039061885,274.84096604547864
2592,3,Case4,8x8_193,48.0,41.0,8x8,2,2,2.406836392765399e-05,0.9999759197235107,6.665420926310617e-08,7161.006423146732,6951.321340174662,17745.825231552124,17838.39705979573,158.0820753295742
2593,5,Case4,8x8_194,-11.0,-16.0,8x8,3,3,2.643094949381238e-15,3.167385798086286e-11,1.0,5421.383928249801,5189.628678084103,37346.718326330185,37719.21231459638,427.621471124655
2594,3,Case4,8x8_195,12.0,71.0,8x8,2,2,6.30939528054042e-12,0.9999934434890747,6.542202754644677e-06,4719.397713500662,4523.82390599374,36757.28127115965,37555.38029881135,796.2492636222321
2596,5,Case4,8x8_197,-80.0,-38.0,8x8,2,2,3.750616883735347e-07,0.9999996423721313,1.3288780076337048e-09,5286.694193507215,5117.353538136433,23319.70100042224,22415.525736200878,596.7060189403118
2597,1,Case4,8x8_198,-82.0,-53.0,8x8,2,2,0.0005524613079614937,0.9994475245475769,3.648946700351985e-10,5387.4441692054315,5398.418711545848,14802.022415161133,14273.292058735227,411.75706380781907
2598,2,Case4,8x8_199,-45.0,82.0,8x8,2,2,1.8707863773670397e-06,0.9999980926513672,4.430501243657403e-10,5346.55003683039,5256.998023060058,18947.28888221085,18993.32833796255,53.74322600355155
2599,5,Case4,8x8_200,88.0,-42.0,8x8,2,2,5.163618652659352e-07,0.9999995231628418,1.0274081585492922e-09,5128.971330250995,5284.232895163492,20933.190840512514,20768.51728500386,118.67243832287556
2601,1,Case4,8x8_202,-24.0,-76.0,8x8,2,2,4.5804957049533357e-10,0.9999960660934448,3.954279691242846e-06,4828.2039051447055,4836.751861327074,32072.64054274559,32940.05635457733,675.1332428181737
2602,1,Case4,8x8_203,33.0,58.0,8x8,2,2,1.3039294977090776e-08,0.9999998807907104,1.2821705297483277e-07,6244.372750498665,6102.103329392348,24287.292871952057,24161.058709847766,114.77246536355618
2603,3,Case4,8x8_204,27.0,-22.0,8x8,3,3,6.42636231433665e-15,6.477517189296123e-08,0.9999998807907104,6226.403684229021,5924.725441920091,32660.257042054087,33115.41630888806,365.2272688909184
2605,4,Case4,8x8_206,4.0,90.0,8x8,2,2,1.6585109674505105e-10,0.9982744455337524,0.0017256020801141858,3933.435720827932,3870.753039073779,35216.689435720444,36495.170236456506,930.3673294392664
2606,3,Case4,8x8_207,19.0,-83.0,8x8,2,2,5.970577504621488e-11,0.9999916553497314,8.402943421970122e-06,4493.641383878025,4370.222120890716,34004.47443044186,34985.078754413466,810.123620692746
2607,4,Case4,8x8_208,-87.0,47.0,8x8,2,2,5.3547364586847834e-06,0.9999946355819702,1.3623580041866035e-09,5243.310154702068,5141.974032190568,17940.525859355927,17994.34626008764,77.87253118415565
2608,4,Case4,8x8_209,58.0,-69.0,8x8,1,1,0.9909793138504028,0.009020761586725712,8.455320645028852e-12,6242.166811589561,5895.888602731417,12668.854997634888,11916.332906958976,542.4468665075533
2609,2,Case4,8x8_210,-10.0,23.0,8x8,3,3,2.0729354732442135e-15,1.3311971525098443e-09,1.0,5577.351555250903,5324.142871136456,37212.07727050781,37846.82288099658,514.6623038314713
2610,4,Case4,8x8_211,55.0,-59.0,8x8,1,1,0.9814997911453247,0.01850021816790104,1.926877060687282e-11,7212.237586505177,6868.66646618468,13317.006591796875,13063.447636321534,139.4743922694391
2611,3,Case4,8x8_212,-63.0,54.0,8x8,2,1,0.9550043344497681,0.04499563202261925,1.8414266639288357e-11,6775.949680996342,6717.338875516257,13461.585933685303,12874.043474344619,390.42824839909883
2612,5,Case4,8x8_213,67.0,-42.0,8x8,2,2,3.258528158767149e-05,0.9999674558639526,4.575422818398067e-10,6103.323487775923,5783.911423257581,19481.315861701965,19333.078844844807,131.88921127710313
2613,1,Case4,8x8_214,63.0,-14.0,8x8,2,2,3.857957009412161e-11,0.9999656677246094,3.4327527828281745e-05,5204.1017927191015,5011.984425021882,36450.09357562661,36541.36832527256,145.20016603434195
2614,1,Case4,8x8_215,9.0,13.0,8x8,3,3,3.570361610256544e-15,1.4637520362459355e-10,1.0,5128.430687855934,5021.329966901544,37176.81573855877,37930.023453427384,727.190851646117
2615,1,Case4,8x8_216,-10.0,59.0,8x8,2,2,2.7274807412602797e-11,0.9999698400497437,3.0125811463221908e-05,5190.278468825795,5016.514893813622,37524.65800189972,37015.86757281952,355.9115369539034
2616,3,Case4,8x8_217,21.0,56.0,8x8,2,2,1.5812309794860369e-10,0.9996669292449951,0.0003331107145640999,5728.5584674049005,5689.657649555069,32457.191237449646,33544.68593923204,814.7984116185767
2617,1,Case4,8x8_218,5.0,-15.0,8x8,3,3,2.0558232901273085e-15,1.6205904673771698e-10,1.0,5131.379349583795,4939.564195154149,37439.65592825413,38336.4687379451,915.9518780921005
2619,1,Case4,8x8_220,14.0,-23.0,8x8,3,3,1.284138052816896e-15,2.124242559631284e-09,1.0,5663.074141097864,5536.230937706988,36468.60534763336,37522.26390010206,898.3360464234406
2620,1,Case4,8x8_221,74.0,-56.0,8x8,1,2,0.012649410404264927,0.9873506426811218,6.899990995234973e-11,5848.450496615078,5628.049928775559,13381.223178863525,13123.500035255598,251.42192578961055
2622,3,Case4,8x8_223,-78.0,-48.0,8x8,2,2,4.688071203418076e-05,0.9999531507492065,1.5062572300550414e-09,5552.409673831452,5310.892736791092,17002.470581531525,17294.196194340544,207.93248162553343
2623,2,Case4,8x8_224,-4.0,-43.0,8x8,3,3,9.566363326496408e-12,0.029552921652793884,0.9704471230506897,5449.875206149635,5406.839756959416,37590.511200904846,38568.74883755441,640.6191186394427
2624,4,Case4,8x8_225,2.0,-73.0,8x8,2,3,6.69849106738063e-11,0.3745012581348419,0.6254987716674805,4350.04428528579,4233.298273823734,37087.68264877796,38717.87999120975,1087.5248484936212
2625,1,Case4,8x8_226,-42.0,80.0,8x8,2,2,3.777398660531617e-07,0.9999996423721313,6.005096975236768e-10,5402.61428433205,5132.1208163816445,20721.01615357399,20373.55689179749,239.34935863728313
2626,2,Case4,8x8_227,-42.0,-6.0,8x8,3,3,8.818457032308546e-13,0.001109119039028883,0.9988909363746643,5609.594139622134,5440.722462782063,37212.33675956726,38219.520518356745,663.453087696286
2628,4,Case4,8x8_229,42.0,86.0,8x8,2,2,5.398405278356222e-08,1.0,1.5448637924464492e-09,5174.879164897978,5177.980459437056,20918.56074231863,20829.705285875792,91.7467610110472
2629,5,Case4,8x8_230,-44.0,-30.0,8x8,2,2,1.1004425148897212e-09,0.999704897403717,0.0002950201160274446,6609.274191783107,6511.159599384522,24499.39865154028,24304.357625000885,228.25626041725445
2631,1,Case4,8x8_232,-8.0,-27.0,8x8,3,3,9.095869656837409e-16,4.908958572968913e-09,1.0,5473.562249097838,5350.249684240626,37138.79301071167,37866.486927412145,636.7337683307176
2633,3,Case4,8x8_234,-49.0,-40.0,8x8,2,2,1.32252962430357e-05,0.9999867677688599,5.2055472821166404e-08,7073.029794926691,6984.351142579651,18243.015209197998,18401.307353726555,143.7527135515361
2635,2,Case4,8x8_236,16.0,-57.0,8x8,2,2,1.2290107820334129e-10,0.9999845027923584,1.548205727885943e-05,5576.126242207978,5463.743688391598,35308.36425971985,35850.85921807164,361.13485201823903
2636,2,Case4,8x8_237,-32.0,66.0,8x8,2,2,6.583863676468127e-09,1.0,4.40643432852994e-09,5803.6489955198285,5726.898104385671,26398.599876642227,27172.474165553023,541.8026206674983
2637,2,Case4,8x8_238,64.0,-22.0,8x8,2,2,7.506092969400413e-10,0.9999997615814209,2.5335751274724316e-07,5469.22873025311,5476.140102434176,32817.53378891945,32859.922078776675,109.07015283160301
2640,2,Case4,8x8_241,13.0,6.0,8x8,3,3,5.559093326455971e-15,1.0542226813736733e-10,1.0,4912.369171550609,4893.783636762312,37119.77460980415,37447.43076371232,354.42143810948556
2642,5,Case4,8x8_243,-63.0,-63.0,8x8,1,1,0.977057695388794,0.022942284122109413,3.783996119915978e-12,5845.489505495841,5868.119637850314,11404.1676902771,10980.383354828895,317.48922088800384
2643,5,Case4,8x8_244,85.0,-58.0,8x8,1,1,0.886420726776123,0.11357925832271576,4.236347384001249e-10,5269.388426168064,4976.290378247149,13053.426951408386,11398.36411689946,1192.846537385768
2644,5,Case4,8x8_245,-34.0,-14.0,8x8,3,3,1.0476316096910947e-14,2.3811789162664354e-07,0.9999997615814209,5722.014366647285,5576.036854205517,34749.44816851616,35589.75269991939,650.5037318355608
2645,4,Case4,8x8_246,60.0,61.0,8x8,1,1,0.5777484178543091,0.4222516119480133,2.8041246408205822e-11,6414.926868742866,6350.384451275686,11793.771648406982,11766.576608322019,152.3482578857629
2646,5,Case4,8x8_247,-83.0,78.0,8x8,2,2,0.003003097604960203,0.9969968795776367,2.2810979771747952e-09,2875.365408486812,2781.330713758157,8808.048295617104,8546.643215077493,150.99450866545814
2647,4,Case4,8x8_248,6.0,27.0,8x8,3,3,1.1698501207053598e-15,6.689547582539035e-09,1.0,5337.155050735757,5355.375975195608,37370.73360443115,38567.162837704724,894.684432944514
2648,5,Case4,8x8_249,6.0,16.0,8x8,3,3,2.5923485702365225e-15,3.222620087450778e-11,1.0,5033.920258561974,5032.902103634511,37425.926933050156,38013.01690834577,625.803599023005
2649,5,Case4,8x8_250,-47.0,64.0,8x8,2,2,0.005390832666307688,0.9946091175079346,1.9417906518826022e-11,6510.1726382970855,6250.241798479152,16174.261264801025,15765.57295084372,284.0078306732514
2651,2,Case4,8x8_252,-82.0,-45.0,8x8,2,2,1.1137954061268829e-05,0.9999889135360718,7.108988397952487e-10,5345.709180904387,5185.852464561145,18916.02695654705,19456.933495646044,357.62455582728137
2652,3,Case4,8x8_253,56.0,-34.0,8x8,2,2,2.5062982444978843e-07,0.9999995231628418,2.409407784398354e-07,6435.373547005507,6256.221705463671,23251.43856525421,22898.373674730137,252.40616932553195
2653,3,Case4,8x8_254,-75.0,-17.0,8x8,2,2,2.744304783419693e-10,0.9999903440475464,9.661722288001329e-06,4647.53528096619,4592.428903430995,35137.64240026474,35961.935694632106,691.5509189070948
2654,1,Case4,8x8_255,32.0,-60.0,8x8,2,2,1.6531268798303245e-08,0.9999908208847046,9.183368092635646e-06,6182.533474493076,5919.963481853504,25486.385642051697,25563.000345116867,92.68344284481944
2655,4,Case4,8x8_256,-25.0,-11.0,8x8,3,3,1.6585936369852483e-15,5.052839924246655e-09,1.0,5465.96567042454,5479.468441167747,36753.837794303894,38033.49903612222,874.9654807264095
2656,2,Case4,8x8_257,65.0,80.0,8x8,2,2,0.0008966026362031698,0.9991033673286438,1.8228286935428883e-10,4244.860282077907,4218.285817184439,10477.690231323242,10244.716769462962,197.73801705948512
2657,1,Case4,8x8_258,54.0,-18.0,8x8,2,2,6.043522626786313e-11,0.9950005412101746,0.0049994708970189095,5697.6644276066045,5561.471738601485,34025.866788864136,34540.08020950779,426.87256857851133
2660,1,Case4,8x8_261,-14.0,-28.0,8x8,3,3,1.2017797688059395e-15,7.648568001172862e-09,1.0,5641.098317175473,5534.916234329471,35527.624478816986,36358.284318124475,745.8733987584621
2662,5,Case4,8x8_263,-24.0,2.0,8x8,3,3,1.1402902590329608e-15,2.8668606377735273e-10,1.0,5280.665195874081,5065.834000809377,37851.54274082184,38041.44005842753,243.86119924384258
2663,1,Case4,8x8_264,87.0,-65.0,8x8,1,1,0.9995889067649841,0.000411045562941581,5.389401702693419e-10,4010.9472648991655,3805.955232673425,10497.50957775116,10101.770229766335,277.6446983451532
2665,2,Case4,8x8_266,-26.0,-39.0,8x8,3,3,1.591206749695928e-10,0.10235237330198288,0.8976476788520813,6448.349927870425,6258.669880824631,27417.101002454758,28679.765694590722,878.429650009949
2666,1,Case4,8x8_267,-33.0,-46.0,8x8,2,2,1.2020985096228287e-08,0.9999450445175171,5.4944575822446495e-05,6734.943532373052,6438.682453233354,22470.044870972633,22824.502505035463,257.7165877793482
2667,1,Case4,8x8_268,-59.0,29.0,8x8,2,2,8.330128586919727e-09,0.999998927116394,1.0167126447413466e-06,6046.986618471814,5868.2470071875,27558.133433818817,27086.188053971735,313.4101126070076
2668,3,Case4,8x8_269,-60.0,60.0,8x8,1,1,0.9959047436714172,0.004095227923244238,3.0935247852942327e-12,6610.134475080261,6433.384573333864,12020.371646881104,11830.602780879515,239.81336211425608
2671,4,Case4,8x8_272,72.0,69.0,8x8,2,2,0.004608754068613052,0.9953912496566772,3.311727975185974e-11,4309.3744405898005,4134.098258328051,10057.052396774292,9102.280099971751,717.6584502083102
2672,1,Case4,8x8_273,81.0,62.0,8x8,2,2,0.0002673882117960602,0.9997325539588928,2.823726807932303e-10,4742.611978977223,4612.965648004238,11137.279244422913,10285.816060433586,635.6667259200821
2673,2,Case4,8x8_274,30.0,-25.0,8x8,3,3,2.1645229011935108e-13,6.467797447839985e-06,0.9999935626983643,6523.920232007052,6238.019968146104,30172.77317211032,30993.469558768105,587.8496010166409
2674,3,Case4,8x8_275,80.0,-20.0,8x8,2,2,1.0906687775147361e-09,0.9998644590377808,0.00013555037730839103,4520.0351556959895,4587.341873307824,33875.49804353714,34944.29355009828,888.6339170744823
2675,2,Case4,8x8_276,-88.0,70.0,8x8,2,2,0.039412956684827805,0.9605870842933655,3.199582820911928e-09,3401.7317264621424,3298.0938050016102,9548.030936717987,9069.75845514465,321.37000565517764
2676,1,Case4,8x8_277,57.0,88.0,8x8,2,2,0.00023272831458598375,0.9997672438621521,2.433221402142749e-10,5213.697149798556,5135.926284442443,13411.59644317627,12401.814324890353,730.8844753376507
2677,5,Case4,8x8_278,18.0,78.0,8x8,2,2,4.671307785031331e-11,0.9999979734420776,2.0091306396352593e-06,4565.811842110341,4600.125228438523,34615.27819728851,34223.001918063055,204.52406226164905
2678,3,Case4,8x8_279,-88.0,-89.0,8x8,2,2,0.0018544578924775124,0.998145580291748,2.735882098647835e-08,2344.943979526629,2519.8569545603023,8266.440940499306,7980.613594850277,134.57300094394506
2680,1,Case4,8x8_281,-72.0,-17.0,8x8,2,2,1.537002192186776e-10,0.9999951124191284,4.913601969747106e-06,4787.612249160009,4781.4816752840015,35263.95238664746,35805.43234787094,442.2959769461148
2681,4,Case4,8x8_282,25.0,-74.0,8x8,2,2,2.935925391689409e-10,0.9999995231628418,4.849563310926897e-07,5035.503067616418,5020.569415140573,31583.84233444929,31945.612765376696,328.88888776234836
2683,3,Case4,8x8_284,16.0,16.0,8x8,3,3,1.5017391229006313e-15,4.898629835103918e-10,1.0,5555.589859873759,5276.768778592725,36863.655093193054,37543.096974992295,683.0331810117837
2684,5,Case4,8x8_285,-21.0,55.0,8x8,2,2,4.213309909295582e-11,0.9999873638153076,1.26239692690433e-05,5843.114011190877,5645.359136488917,32439.419779777527,32342.085815403436,116.6172461882371
2685,2,Case4,8x8_286,40.0,-87.0,8x8,2,2,9.0702990007685e-08,0.9999998807907104,3.382372826266078e-09,5145.964977049403,5067.466304740672,22237.160434752703,22502.65022398244,234.09774094540154
2687,2,Case4,8x8_288,37.0,70.0,8x8,2,2,3.010573834671959e-08,1.0,1.1754452966528106e-09,5751.779431391062,5651.020562952532,23239.50598409772,24117.490443313633,641.3979646676039
2688,3,Case4,8x8_289,-9.0,44.0,8x8,2,3,6.885493043784496e-12,0.22507362067699432,0.7749264240264893,5685.163983814196,5346.258328326163,36711.87814903259,38074.19933757734,968.7137163566721
2691,1,Case4,8x8_292,71.0,-88.0,8x8,1,1,0.9994915723800659,0.0005083776195533574,8.989041733187264e-10,3297.3904128750733,3245.539132983851,9434.592494010925,9367.510479223403,66.85258050337856
2693,2,Case4,8x8_294,-71.0,-57.0,8x8,2,1,0.9154672622680664,0.08453266322612762,2.595839862506999e-11,6039.465721970441,5744.68688492981,12919.866918563843,12005.206310941163,703.0593636117321
2694,2,Case4,8x8_295,-84.0,-9.0,8x8,2,3,1.4365964418061594e-08,0.2270321398973465,0.7729678153991699,3975.29723894365,3878.600430712611,35286.54403823614,35772.686162781,405.27278097124406
2695,4,Case4,8x8_296,-48.0,82.0,8x8,2,2,3.6891569834551774e-06,0.9999963045120239,2.425122880289621e-10,5381.438025484839,5288.207575658858,17240.31763267517,16764.40659409845,343.76565901403524
2696,2,Case4,8x8_297,-13.0,-4.0,8x8,3,3,7.353092168081634e-15,1.8262227841070455e-10,1.0,4957.21357458884,4841.373358644378,37098.99595475197,37644.07504209459,540.8493492716945
2697,5,Case4,8x8_298,-19.0,-23.0,8x8,3,3,4.83432153832483e-15,1.7068312319068468e-09,1.0,5847.20507938656,5774.0294880464935,34958.99359154701,35159.90215521265,288.72753005176776
2698,5,Case4,8x8_299,5.0,-32.0,8x8,3,3,1.658840335331136e-15,2.0300433334341506e-08,1.0,5586.388062633913,5307.93062765888,37334.86614704132,38233.27329975664,712.045006811252
