dataset_index,fold,case,test_id,theta1,theta2,geometry,actual_type,predicted_type,probability_type1,probability_type2,probability_type3,actual_pt,predicted_pt,actual_max_force,predicted_max_force,curve_force_rmse
2,0,Case2,6x4_003,-44.0,65.0,6x4,1,1,0.9914640146262103,0.008291320438013292,0.0002446649357762997,15283.103421466823,16136.144530275411,20760.087203979492,19087.51717103813,1024.9825032446563
7,0,Case2,6x4_008,86.0,9.0,6x4,2,2,0.004782258082912548,0.9621480374661302,0.03306970445095723,21473.947435573413,24710.395322285265,40338.21101093292,42021.57054503869,1147.6097243592712
10,0,Case2,6x4_011,-39.0,-9.0,6x4,2,2,0.0025896667870657104,0.8318447325345804,0.1655656006783538,20453.97685275137,26092.090055414665,39574.37623500824,42002.15926649967,1833.7641945105584
14,0,Case2,6x4_015,35.0,60.0,6x4,2,2,0.38685413014155606,0.611893244587573,0.0012526252708709407,15944.291849701582,17726.59966892261,25584.4847946167,25340.843326795926,320.0065785793801
17,0,Case2,6x4_018,-53.0,31.0,6x4,2,1,0.5137541004930648,0.4857557072303315,0.0004901922766035725,16200.86354226923,16977.727311736846,27076.126289367676,25759.449217661822,873.7194635921637
25,0,Case2,6x4_026,-81.0,73.0,6x4,1,1,0.9994043254810223,0.00023069926441415695,0.000364975254563508,6739.4461962730475,6036.036892367285,9710.628128051758,8462.828339714719,804.3848581286155
36,0,Case2,6x4_037,-85.0,67.0,6x4,1,1,0.9993885213263661,0.00026641091282382035,0.00034506776081007386,7423.061614736801,6940.45506037788,10532.988014221191,9323.240055444368,756.917462824544
49,0,Case2,6x4_050,-16.0,44.0,6x4,2,2,0.0012583554873734834,0.9871105267755429,0.011631117737083675,20756.070138869356,23701.52636595833,36865.61903381348,39051.80936717944,1503.9352543688321
51,0,Case2,6x4_052,-79.0,34.0,6x4,2,2,0.006666186227289954,0.9914215149040996,0.0019122988686103748,16870.336402522025,18548.453675432214,28930.105113983154,31478.180742007477,1859.0342871600692
55,0,Case2,6x4_056,67.0,-19.0,6x4,2,2,0.0010743297570808316,0.9974516195037452,0.0014740507391740488,19769.131113534422,20874.199990508605,37428.92671871185,38366.308387880475,608.2925479778957
69,0,Case2,6x4_070,-89.0,-51.0,6x4,1,1,0.9831935063109273,0.015758290857572962,0.0010482028314997727,10759.603122866465,11777.829095577099,16073.89323425293,16204.77458651552,298.83054822749193
74,0,Case2,6x4_075,-22.0,82.0,6x4,2,2,0.0013581954581885168,0.9981209635597423,0.0005208409820692252,20009.09898157673,22451.997151850042,36500.63963794708,38525.5781208761,1503.0799205296016
78,0,Case2,6x4_079,-67.0,39.0,6x4,2,1,0.8659901183251649,0.13322191970124406,0.0007879619735911481,15713.299234921931,16365.557604673242,24094.936096191406,23310.969317125848,363.98887104731506
80,0,Case2,6x4_081,-38.0,-72.0,6x4,2,1,0.8308590769730351,0.16816753696997594,0.0009733860569889375,16048.612139956382,16623.196345156797,25471.119705200195,24847.207790350498,350.3484502209955
84,0,Case2,6x4_085,45.0,75.0,6x4,1,1,0.9801012800569394,0.01940549235702411,0.000493227586036508,12644.76230239052,14467.80354561066,19395.411262512207,19587.67494434979,428.6176433027697
90,0,Case2,6x4_091,11.0,36.0,6x4,2,3,0.0004082378232678091,0.023477794701722152,0.97611396747501,21814.638817993655,22447.708276824666,39022.60404396057,40481.020911916574,1304.9463357975465
91,0,Case2,6x4_092,-38.0,-40.0,6x4,1,1,0.97955197100603,0.02022246922761737,0.00022555976635272717,16069.93561325196,16019.670439929114,22385.280807495117,21345.111722260663,984.9121002820008
94,0,Case2,6x4_095,68.0,-30.0,6x4,2,2,0.0036265964619452387,0.9955507612721033,0.0008226422659514595,17574.428229042365,18584.593712827646,30593.08582687378,32571.730310722574,1437.1698455076432
100,0,Case2,6x4_101,48.0,15.0,6x4,2,2,0.0009006808185666682,0.992738102507526,0.006361216673907333,20117.588072242153,22461.18014431051,37422.40893363953,39022.507474611106,1235.5749836593554
109,0,Case2,6x4_110,-51.0,1.0,6x4,2,2,0.000528590332368498,0.9940757263287687,0.005395683338862621,22174.53314878391,24160.707313782776,41674.814531087875,42735.358559065135,794.6257612303347
110,0,Case2,6x4_111,7.0,87.0,6x4,2,2,0.000508003182504031,0.9960741544613421,0.0034178423561537254,21974.814743022594,20595.863328198655,40873.539714574814,41196.563185211715,303.98396111793767
111,0,Case2,6x4_112,21.0,-8.0,6x4,3,3,0.000510417155142057,0.006972707574853597,0.9925168752700043,18812.197482628868,21387.291212090146,40626.20595264435,41815.81394067333,1163.8691752464651
112,0,Case2,6x4_113,35.0,-2.0,6x4,3,3,0.0002403152564836419,0.01608599354668267,0.9836736911968337,21502.654428246453,22394.81982755467,40706.40828704834,41028.93183945449,376.14240783115423
118,0,Case2,6x4_119,31.0,-10.0,6x4,3,3,0.00035697966775504006,0.007747583450736707,0.9918954368815084,21139.901650976884,21321.004109159257,39530.98643684387,39411.30373717472,189.53757766317545
129,0,Case2,6x4_130,-59.0,12.0,6x4,2,2,0.0006067224270599954,0.998134301540448,0.0012589760324920767,21120.917328111533,22507.022240202037,40090.62219238281,39748.26783745611,345.3232803633082
130,0,Case2,6x4_131,41.0,53.0,6x4,1,1,0.9838056779354135,0.015979563328057726,0.00021475873652863857,15387.775916572398,16439.43465118119,20299.045333862305,19197.836949732966,909.5351336677721
131,0,Case2,6x4_132,38.0,35.0,6x4,2,1,0.9610791947412229,0.03851646852746976,0.00040433673130722234,15773.538665372627,17135.655884743155,24027.956230163574,22478.99241268433,1576.0896546876236
132,0,Case2,6x4_133,-21.0,37.0,6x4,2,2,0.018238945678605907,0.856216341949909,0.125544712371485,18855.466306479895,21851.362099156875,33559.22101974487,35689.0259418423,1401.2146469111665
134,0,Case2,6x4_135,39.0,-76.0,6x4,2,1,0.9784893109822647,0.01910484905857799,0.002405839959157202,15966.862495721263,15106.451830742473,25354.599250793457,23110.80549734468,1387.492452732487
138,0,Case2,6x4_139,-52.0,-36.0,6x4,1,1,0.9815002530734324,0.018359377776545806,0.00014036915002173331,15511.808244009047,16187.462323298876,23050.63249206543,22006.47063087435,734.5759297512136
142,0,Case2,6x4_143,39.0,-35.0,6x4,2,2,0.4164120673760327,0.5814450282367627,0.002142904387204603,15779.242510477306,17982.684689102884,23843.98260498047,24621.245137937716,757.8605528354609
147,0,Case2,6x4_148,46.0,-62.0,6x4,1,1,0.9993070326152457,0.000503013244026483,0.0001899541407280352,15105.283301093265,15677.34127580838,19185.444869995117,17549.161628756356,1148.734900999664
149,0,Case2,6x4_150,15.0,-47.0,6x4,2,2,0.0008856553532744683,0.9971709563862413,0.0019433882604841263,20352.354050625985,22630.583528715404,37585.84859085083,37765.27876636362,424.4239989738049
161,0,Case2,6x4_162,-71.0,-11.0,6x4,2,2,0.0003765623986314566,0.996774971882151,0.0028484657192174613,21359.741658313826,24727.847000469563,40722.5802038908,42415.914384651114,1261.9831878717953
164,0,Case2,6x4_165,-5.0,10.0,6x4,3,3,0.0010274766776240635,0.019677996117326662,0.9792945272050493,17074.09801002604,20466.2414297842,39235.9662604332,42667.646651987154,2648.8068955444114
166,0,Case2,6x4_167,-4.0,-6.0,6x4,3,3,0.0007777281643926928,0.011992309211896122,0.9872299626237112,34578.323502431216,18689.48331348865,38318.25442069769,42134.16864585249,2848.937938201805
167,0,Case2,6x4_168,-5.0,-1.0,6x4,3,3,0.0007191220248535659,0.012848432909085158,0.9864324450660613,16752.135414763357,18830.22538636405,33202.57151687145,42481.09499161618,7899.887227980266
173,0,Case2,6x4_174,-76.0,51.0,6x4,1,1,0.9985825514286316,0.0011900519527684563,0.00022739661860001484,11659.888567397536,12306.60045366493,16014.06713104248,15136.51780249749,670.1797563422774
174,0,Case2,6x4_175,-73.0,85.0,6x4,1,1,0.9992141261845872,0.0003230047702118793,0.0004628690452010995,6422.7368016769005,5919.04563591521,9557.068145751953,8679.5798472848,548.6502215055484
178,0,Case2,6x4_179,73.0,-44.0,6x4,1,1,0.9939857329560915,0.005478135591482296,0.0005361314524261751,15034.989451880107,14689.408731531481,21776.3722076416,18993.46754463171,1587.3239954461321
180,0,Case2,6x4_181,88.0,45.0,6x4,1,1,0.9950859209208196,0.004696036129890799,0.00021804294928951136,12554.388123116472,11705.791671968427,19472.401725769043,17352.396912402586,1537.9011710574662
181,0,Case2,6x4_182,-14.0,42.0,6x4,2,2,0.0017267801476461202,0.9429719873315939,0.05530123252075983,21339.96697323502,24795.047113404264,37814.139123916626,40618.91822600786,1988.6946216901938
183,0,Case2,6x4_184,83.0,43.0,6x4,1,1,0.9906890909559455,0.009057383421194084,0.000253525622860549,11967.243096667527,12688.250082373184,20717.62857055664,18785.31080139851,1474.6699839587116
185,0,Case2,6x4_186,-54.0,1.0,6x4,2,2,0.00044403056620085247,0.9958803124983288,0.003675656935470371,22178.47555914894,23944.997150681804,41872.76620411873,42722.196102087524,669.4417902863389
187,0,Case2,6x4_188,-40.0,56.0,6x4,1,1,0.9073989179114442,0.09206123521972956,0.0005398468688263608,15530.04730188103,17404.46358224153,21416.237991333008,21203.71423645393,315.1904365715554
191,0,Case2,6x4_192,89.0,-86.0,6x4,1,1,0.999361694820961,0.00014772541106711072,0.0004905797679720113,4916.256448855694,4871.310344753826,8324.169456481934,8080.572523905524,228.50015238656465
222,0,Case2,6x4_223,-78.0,-48.0,6x4,1,1,0.9971265372901019,0.002636504360420636,0.0002369583494774401,12092.550507205471,13044.281845753281,17615.179878234863,15728.428965325736,1506.6659357124386
228,0,Case2,6x4_229,42.0,86.0,6x4,1,1,0.8393814851424818,0.15821488167925396,0.0024036331782642086,12147.201106459304,14368.392232837732,21508.509674072266,23396.728374287464,1191.8694373652638
233,0,Case2,6x4_234,-49.0,-40.0,6x4,1,1,0.9952825938348375,0.004628296896064321,8.91092690981967e-05,15305.524143283565,15704.383050652837,20345.436965942383,19710.463826578554,499.9734431323508
238,0,Case2,6x4_239,30.0,17.0,6x4,3,3,0.0008640794022272667,0.008971036470079033,0.9901648841276937,19618.045851961564,20956.075682802075,36735.201471328735,38840.888123644625,1727.5403023268818
242,0,Case2,6x4_243,-63.0,-63.0,6x4,1,1,0.9996698895088417,0.00019404211521578487,0.00013606837594245784,11513.413895177378,11490.34291526279,13160.900939941406,12693.409919841042,201.75589145852297
244,0,Case2,6x4_245,-34.0,-14.0,6x4,3,3,0.003300614578967409,0.3616887625187376,0.635010622902295,19856.71831950007,24093.160171987463,37756.68535614014,40082.43071518047,1917.5995162249847
248,0,Case2,6x4_249,6.0,16.0,6x4,3,3,0.0005636385662982987,0.012472831356174796,0.9869635300775268,17514.902048012034,20656.79007733035,39829.492876946926,42546.43636105192,2194.1065737920594
250,0,Case2,6x4_251,-69.0,0.0,6x4,2,2,0.0003681358306953542,0.9930464018263572,0.00658546234294736,22201.525456809683,25875.818813155027,42141.20088338852,44834.91946469133,1907.4528236443794
265,0,Case2,6x4_266,-26.0,-39.0,6x4,2,2,0.048116371736888146,0.9487245083370518,0.0031591199260598826,17127.531263806726,18690.040886993742,29537.979358673096,30197.63809755123,720.4806761023348
270,0,Case2,6x4_271,-30.0,50.0,6x4,2,2,0.009634584703078496,0.9897455805030165,0.0006198347939051305,16716.32705618474,17633.477032285427,27381.242713928223,28268.702199206098,751.9552045146844
278,0,Case2,6x4_279,-88.0,-89.0,6x4,1,1,0.9977222002031131,0.0009584621023769594,0.0013193376945099407,4911.513135183643,5331.186457863386,8274.618545532227,8129.968954804846,211.58959703736235
282,0,Case2,6x4_283,34.0,-21.0,6x4,2,3,0.003073241019111249,0.15629142028405668,0.8406353386968322,19004.433446355994,20494.7178032223,33846.608629226685,36603.033456396915,2073.3405177079676
284,0,Case2,6x4_285,-21.0,55.0,6x4,2,2,0.0006428886940371475,0.998782824022396,0.000574287283566874,19091.416500846422,20282.358841085315,35153.71208572388,35624.52352038498,450.32178802067153
292,0,Case2,6x4_293,-28.0,11.0,6x4,3,3,0.0014094713503319928,0.02602186431902771,0.9725686643306404,19614.779213469814,24676.04944345771,39650.33387374878,40420.71593131505,744.7270390609891
299,0,Case2,6x4_300,51.0,46.0,6x4,1,1,0.9970905782436199,0.002794882652487965,0.00011453910389227858,15619.052271961038,15536.788762467471,18238.787048339844,17199.387886134173,476.67324154117733
302,0,Case2,6x8_003,-44.0,65.0,6x8,2,1,0.6764315094380583,0.32309188006363865,0.00047661049830308947,9433.471421825043,9555.938138629515,17899.111610412598,16149.560267507819,1092.3052944293456
307,0,Case2,6x8_008,86.0,9.0,6x8,2,2,0.0006059980500335008,0.9732648386861646,0.02612916326380195,6280.1689619866,6185.221220410316,35506.269343853,37058.528017205135,1240.2343233914382
310,0,Case2,6x8_011,-39.0,-9.0,6x8,3,3,7.962548861626287e-05,0.010547079573303258,0.9893732949380805,6612.7033842657875,6384.863077445076,35831.15201950073,35200.11366043712,490.7743547854275
314,0,Case2,6x8_015,35.0,60.0,6x8,2,2,0.005457121122194635,0.9944559296077574,8.694927004802127e-05,8997.773506824675,9043.784097951975,22704.378246307373,22621.031439652186,465.6563943061182
317,0,Case2,6x8_018,-53.0,31.0,6x8,2,2,0.001666769129917503,0.9982414177839324,9.181308615014268e-05,8869.432595235507,8894.082397572885,24355.50992012024,25059.500153302364,525.8690235611729
325,0,Case2,6x8_026,-81.0,73.0,6x8,1,1,0.9991410315120406,0.0005530427274531687,0.00030592576050624497,4541.779297238318,3961.4148262206368,8608.967399597168,7517.971152816825,775.4147960732199
336,0,Case2,6x8_037,-85.0,67.0,6x8,1,1,0.9988985457744111,0.0008311964750407669,0.00027025775054823504,5061.708373461187,4515.418839775249,9331.836544036865,7980.713714057041,957.7186251782837
349,0,Case2,6x8_050,-16.0,44.0,6x8,2,2,0.00043329157686889205,0.9952248644004446,0.004341844022686711,7424.497940941248,7122.209186538454,33371.70227813721,33105.19156432387,277.11570686874825
351,0,Case2,6x8_052,-79.0,34.0,6x8,2,2,0.0003186515370365365,0.9993682885434415,0.0003130599195219787,8089.623952166233,8016.793184429967,25623.90929365158,27612.12171369548,1419.7802280224066
355,0,Case2,6x8_056,67.0,-19.0,6x8,2,2,0.00021636371180450888,0.9994467629670324,0.000336873321162915,7457.372539385561,7262.293280946609,33770.59947490692,33346.976727137786,328.5786742220622
369,0,Case2,6x8_070,-89.0,-51.0,6x8,1,2,0.2899472964192293,0.708368709101345,0.0016839944794257975,8218.407374803135,7717.972284614527,14410.772441864014,14940.388144118868,460.01494471180877
374,0,Case2,6x8_075,-22.0,82.0,6x8,2,2,0.00022135857984229435,0.9996674761533468,0.00011116526681093081,7140.0069826958015,6955.533124316551,32479.96785092354,32433.287300035026,209.86201873904477
378,0,Case2,6x8_079,-67.0,39.0,6x8,2,2,0.0056081768843832674,0.9942302392363694,0.00016158387924722014,9031.897191912816,9291.517773374882,21205.154655456543,22003.9444111384,640.4613919238859
380,0,Case2,6x8_081,-38.0,-72.0,6x8,2,2,0.018525512899270825,0.9811797486194977,0.000294738481231356,8623.329098569639,8663.313302225786,22366.969032287598,21269.69926001294,645.2684498653649
384,0,Case2,6x8_085,45.0,75.0,6x8,2,2,0.1286830103763984,0.8710646516185164,0.000252338005085199,8820.673524178555,8816.172498289938,18524.96186065674,18269.441751148737,256.61101827093745
390,0,Case2,6x8_091,11.0,36.0,6x8,3,3,5.888773657414615e-05,0.0036768308342321728,0.9962642814291937,6623.763100136949,6391.765451609458,35226.54167175293,35680.983267801974,494.81248979236136
391,0,Case2,6x8_092,-38.0,-40.0,6x8,1,2,0.16205435821464864,0.8369708684262229,0.0009747733591284605,9705.169197923227,9212.683864996743,19902.2342376709,19775.397860355806,327.2075807407411
394,0,Case2,6x8_095,68.0,-30.0,6x8,2,2,0.000303719436101985,0.9995336282903551,0.00016265227354281373,8254.737719482788,7481.706804004259,27413.374192237854,29269.241804963345,1364.4847040902566
400,0,Case2,6x8_101,48.0,15.0,6x8,2,2,0.0001867728046856941,0.9949336630464397,0.004879564148874663,7429.178405854709,7086.976257881181,33999.31466150284,34826.81848134792,680.6632825003948
409,0,Case2,6x8_110,-51.0,1.0,6x8,2,2,0.00010852494470667445,0.9720248745391208,0.027866600516172596,7005.36621778317,6493.120537091339,37787.026941783726,38853.86691241886,966.0430536028381
410,0,Case2,6x8_111,7.0,87.0,6x8,2,2,0.00011167425110854902,0.998858153744245,0.001030172004646494,6103.14862576846,6110.685406155753,35703.825221538544,36416.80754987968,486.25899781852456
411,0,Case2,6x8_112,21.0,-8.0,6x8,3,3,5.7394107801021764e-05,0.0004383445201182017,0.9995042613720808,5363.467522077733,5303.814877147408,36705.98860692978,37294.19944192477,707.396907005742
412,0,Case2,6x8_113,35.0,-2.0,6x8,3,3,3.137019253055667e-05,0.0017146703987472422,0.9982539594087222,6309.8617823436425,6245.133299267197,36795.56608772278,36427.792910349104,331.2685462764383
418,0,Case2,6x8_119,31.0,-10.0,6x8,3,3,4.7421303460274005e-05,0.000667777288287902,0.9992848014082517,6211.292233677788,6198.347615145553,35716.47192764282,35521.97711819111,192.56270349442812
429,0,Case2,6x8_130,-59.0,12.0,6x8,2,2,8.64875895794683e-05,0.9990870836896213,0.0008264287207993106,7267.683202843837,7079.669360909151,36296.186784267426,35328.79152592158,712.8725878648208
430,0,Case2,6x8_131,41.0,53.0,6x8,1,1,0.8000265670891235,0.19966398299623456,0.0003094499146419539,9827.464421406341,10349.435574077172,17680.947845458984,17025.984224151085,404.7861369855545
431,0,Case2,6x8_132,38.0,35.0,6x8,2,1,0.5434630455069765,0.45534779940787634,0.0011891550851471015,9204.975311628454,9790.222541551415,21658.98876953125,19778.49768650548,1332.1707860783233
432,0,Case2,6x8_133,-21.0,37.0,6x8,2,2,0.003214500252119901,0.7433869872936834,0.2533985124541968,7462.520355505316,7378.574405573327,30363.345078468323,30214.290342776054,350.0990827660424
434,0,Case2,6x8_135,39.0,-76.0,6x8,2,2,0.0038051963133938064,0.9955818520476717,0.0006129516389345613,8533.707957072267,8687.474146673736,22181.49531364441,23011.0358065373,724.6749837551379
438,0,Case2,6x8_139,-52.0,-36.0,6x8,2,2,0.0884012004021892,0.9113262955891862,0.0002725040086245105,9303.082804276617,9600.982652640041,20526.23406600952,20103.132449840068,381.7703684372761
442,0,Case2,6x8_143,39.0,-35.0,6x8,2,2,0.11426039850323853,0.8846142752076515,0.0011253262891101356,9303.816029788943,9523.929019595567,21464.288284301758,21032.68080411829,413.90150097710057
447,0,Case2,6x8_148,46.0,-62.0,6x8,1,1,0.9846540005787978,0.01505714686118315,0.00028885256001911916,9753.191144833758,10085.541512264943,16407.230155944824,15450.58449380175,493.07783050708895
449,0,Case2,6x8_150,15.0,-47.0,6x8,2,2,0.00020882069367644408,0.9909537081138563,0.00883747119246724,7450.379497600241,7091.123318270351,34059.78612470627,33870.149776873615,291.4603233729716
461,0,Case2,6x8_162,-71.0,-11.0,6x8,2,2,7.243901281088884e-05,0.9966966174949781,0.0032309434922110944,6776.0381295866655,6622.451175224908,36564.99447107315,37616.58458469452,870.0638543525873
464,0,Case2,6x8_165,-5.0,10.0,6x8,3,3,7.59760630693658e-05,0.0006000139682965601,0.9993240099686341,4615.417633628161,4902.869690990529,35412.825343608856,37934.47901526179,1876.3297084709652
466,0,Case2,6x8_167,-4.0,-6.0,6x8,3,3,7.190556821254103e-05,0.00059855489010584,0.9993295395416816,4483.969980956597,4890.542391975933,34264.45270228386,38081.045778028565,2574.141998938879
467,0,Case2,6x8_168,-5.0,-1.0,6x8,3,3,6.750078732079823e-05,0.0005986145917691317,0.9993338846209102,11588.63193082034,4882.51381127089,38287.37233686447,38169.125143714606,1534.4481988690654
473,0,Case2,6x8_174,-76.0,51.0,6x8,1,1,0.9588984926645094,0.04077274934893766,0.00032875798655286305,9016.56679739327,8008.973801661136,15757.849349975586,13172.314261508438,1653.9327185450254
474,0,Case2,6x8_175,-73.0,85.0,6x8,1,1,0.9988228201770522,0.0008226988890891724,0.0003544809338586048,4298.546627302681,3948.419067871453,8468.258792877197,7696.784536581898,540.218969170836
478,0,Case2,6x8_179,73.0,-44.0,6x8,2,2,0.3175640730026759,0.6817433471023538,0.0006925798949701265,8910.85584955233,9103.18200109428,18858.839347839355,18656.67996649922,265.60169962763763
480,0,Case2,6x8_181,88.0,45.0,6x8,2,1,0.5519549803508128,0.44734487077537693,0.0007001488738101524,8402.686332020308,8399.416319467493,19094.757194519043,17713.162595357713,879.8108826629541
481,0,Case2,6x8_182,-14.0,42.0,6x8,2,2,0.0005176576504015525,0.9417257212077652,0.05775662114183332,7189.420068139018,6888.822679441813,34206.04117965698,34603.51863226765,536.6921840346479
483,0,Case2,6x8_184,83.0,43.0,6x8,2,2,0.3437765236164867,0.6555726730666337,0.0006508033168795429,8414.410153673603,8507.491250336496,20085.380950927734,18433.219291370675,1056.3529602529745
485,0,Case2,6x8_186,-54.0,1.0,6x8,2,2,8.737310961713367e-05,0.9901565644072897,0.009756062483093308,6946.8752878813075,6596.20835324463,37953.30374896526,38682.16697876725,665.5990971494136
487,0,Case2,6x8_188,-40.0,56.0,6x8,2,2,0.20136505592330076,0.7982221844763042,0.0004127596003949772,9672.880328985164,9920.145780117302,18717.45729827881,18056.286292197514,398.85637516695056
491,0,Case2,6x8_192,89.0,-86.0,6x8,1,1,0.9993670980270022,0.00025619619267180395,0.0003767057803261587,3263.124877292651,3483.602840320964,7513.094252586365,7480.693408204628,156.70223726814447
522,0,Case2,6x8_223,-78.0,-48.0,6x8,2,1,0.9178268018913628,0.08176783477433269,0.0004053633343045269,8805.191022285495,8454.728109499038,17210.7859916687,14615.039987054839,1665.50220993488
528,0,Case2,6x8_229,42.0,86.0,6x8,2,2,0.0065798263783213755,0.9932572257205523,0.0001629479011263506,8333.647586458595,8525.510825226755,20842.47996711731,22066.487927220376,970.5255223914015
533,0,Case2,6x8_234,-49.0,-40.0,6x8,1,1,0.6593185996526524,0.34030165665899187,0.00037974368835570576,9902.179436097,9902.802250775769,17890.878791809082,17725.89808607501,256.9000943019489
538,0,Case2,6x8_239,30.0,17.0,6x8,3,3,0.00011954795834144243,0.0017683616693516522,0.9981120903723069,6746.491261343217,6825.4063529855775,33232.671129226685,34051.348451919985,637.697141705688
542,0,Case2,6x8_243,-63.0,-63.0,6x8,1,1,0.9995178862586951,0.00034270207307222954,0.00013941166823256402,7524.314508676943,8526.085612609319,11232.461227416992,11271.307565587176,239.69171463550262
544,0,Case2,6x8_245,-34.0,-14.0,6x8,3,3,7.680901798173011e-05,0.0028002542359444557,0.9971229367460738,6643.369394053985,6506.09064327431,34166.84895133972,34319.67444396541,343.72945535423025
548,0,Case2,6x8_249,6.0,16.0,6x8,3,3,6.177906738345498e-05,0.0005605905300707437,0.9993776304025459,5013.545602392656,5260.843733707592,36681.003519415855,37739.771467034865,1060.5055639681254
550,0,Case2,6x8_251,-69.0,0.0,6x8,2,2,7.69203005293423e-05,0.9837572451259382,0.016165834573532392,6563.6650688922755,6223.40372379923,37773.334542393684,39584.73175158465,1337.3459896940715
565,0,Case2,6x8_266,-26.0,-39.0,6x8,2,2,0.0015007174759064117,0.9844378320463735,0.014061450477720219,8083.301867235183,7899.855936335392,26755.080532073975,27932.84100642689,865.8352677330552
570,0,Case2,6x8_271,-30.0,50.0,6x8,2,2,0.0015992626844092983,0.9981229289387409,0.00027780837684996675,8796.702087737242,8574.319242873207,24609.551181793213,25864.733406030442,814.8460275475046
578,0,Case2,6x8_279,-88.0,-89.0,6x8,1,1,0.9856044600173092,0.010314769206029325,0.004080770776661599,3213.6378290081702,3563.810930784254,7472.057421684265,7304.864594880482,147.54027504181695
582,0,Case2,6x8_283,34.0,-21.0,6x8,3,3,0.0003196580915567561,0.018208417521448438,0.9814719243869947,7300.873461401293,7216.634105324496,30694.904911994934,30331.3336216199,411.5314199645723
584,0,Case2,6x8_285,-21.0,55.0,6x8,2,2,0.0002649382830042077,0.9995025109150775,0.00023255080191842775,7924.035897102099,7460.084501690131,31761.612588122487,31853.055866126757,101.59938635663998
592,0,Case2,6x8_293,-28.0,11.0,6x8,3,3,7.337830460254547e-05,0.0007312663603681749,0.9991953553350293,6157.102921295528,5735.07237623759,35799.713289260864,35714.56180723666,236.74509897861776
599,0,Case2,6x8_300,51.0,46.0,6x8,1,1,0.9835169476542613,0.016348954487491178,0.00013409785824755274,10587.348986527171,10541.990608225702,15647.04653930664,14903.534795177267,463.6447968450133
602,0,Case2,8x8_003,-44.0,65.0,8x8,2,2,0.00188581002779502,0.9978517857532675,0.0002624042189375187,6340.934290963928,6357.9818158755825,17943.757222175598,17474.13784179225,361.08011895495383
607,0,Case2,8x8_008,86.0,9.0,8x8,3,3,0.0001936386174213677,0.11460765037855809,0.8851987110040206,3971.12592521655,3966.5608149155746,35014.245439216495,36503.18941873908,973.6922034055266
610,0,Case2,8x8_011,-39.0,-9.0,8x8,3,3,3.495145810287053e-05,0.002652587654341101,0.9973124608875561,5545.9774662356685,5694.651037268295,36445.82937049866,36176.7745726075,364.1878070878394
614,0,Case2,8x8_015,35.0,60.0,8x8,2,2,0.0005484708858487553,0.999220469942711,0.00023105917144041523,6232.269763655698,6097.889261917397,23183.004113674164,23810.498691169425,560.9736865639767
617,0,Case2,8x8_018,-53.0,31.0,8x8,2,2,0.00034434888628551017,0.9991601564295928,0.0004954946841216048,6390.174985571255,6296.33802214726,24940.04356098175,25051.624124963768,321.0717804532076
625,0,Case2,8x8_026,-81.0,73.0,8x8,1,1,0.9452025201712456,0.04966976479923203,0.005127715029522187,3332.8052915034446,2801.449882400755,9313.798823356628,7623.598547576849,1141.0848041517024
636,0,Case2,8x8_037,-85.0,67.0,8x8,1,1,0.8533540680645298,0.14006229079383675,0.006583641141633416,3789.6988880614354,3217.91619717974,10089.318930625916,8188.44955708169,1290.1728870078616
649,0,Case2,8x8_050,-16.0,44.0,8x8,3,3,0.00011801687819287693,0.060707346986495415,0.9391746361353116,5782.42296970098,5566.1912944783,33951.439804553986,35758.02999640654,1617.943358331784
651,0,Case2,8x8_052,-79.0,34.0,8x8,2,2,0.00015051839071783548,0.9990817551749933,0.000767726434288775,5218.475982441628,4984.264371461716,25995.512132287025,26364.790597305488,299.62115490991334
655,0,Case2,8x8_056,67.0,-19.0,8x8,2,2,0.0001512746944709135,0.9944627476174951,0.005385977688033965,5133.812984365671,5223.109019676082,34487.14907243848,33616.80427183051,590.7690146176217
669,0,Case2,8x8_070,-89.0,-51.0,8x8,2,2,0.0008504634340754193,0.9976825464567779,0.0014669901091466677,5228.957314727552,5173.607641478561,15877.862300395966,16768.07844329741,611.2571172397298
674,0,Case2,8x8_075,-22.0,82.0,8x8,2,2,7.818991618174654e-05,0.9990691680221226,0.0008526420616954935,4607.7273268511535,4473.378509481893,32921.84916764498,31665.677236626074,745.7754732440749
678,0,Case2,8x8_079,-67.0,39.0,8x8,2,2,0.00046252817275224656,0.9992836051475359,0.0002538666797117786,5975.169734540399,5927.597327088986,21476.57758998871,21334.947521110167,214.63375304573898
680,0,Case2,8x8_081,-38.0,-72.0,8x8,2,2,0.0004010128482346791,0.9991687302506603,0.00043025690110496393,5658.21080270886,5620.405182563329,22680.740908384323,22285.533592059044,235.98414264271915
684,0,Case2,8x8_085,45.0,75.0,8x8,2,2,0.0007203479000694715,0.9990337941905082,0.0002458579094221688,5674.907944961527,5795.241697371506,18515.37443780899,20026.654921156165,1059.7621979141043
690,0,Case2,8x8_091,11.0,36.0,8x8,3,3,2.808343634537809e-05,0.0010508013131737652,0.9989211152504808,5551.691611531231,5790.358127172259,35827.67864561081,36978.28317765173,987.3340845263384
691,0,Case2,8x8_092,-38.0,-40.0,8x8,2,2,0.004966717532751754,0.9923961181166047,0.002637164350643762,7392.826189776673,7054.214756652297,20429.926789523102,20589.89375712059,211.7726510334432
694,0,Case2,8x8_095,68.0,-30.0,8x8,2,2,0.0001862107507520507,0.9990322238608683,0.0007815653883795549,5564.943577045639,5549.680500346824,28025.16966319084,28087.17913832033,199.5776687263876
700,0,Case2,8x8_101,48.0,15.0,8x8,3,3,0.00014257568443633626,0.42662369815883217,0.5732337261567314,5708.609697971082,5516.285017742173,34654.038621902466,35515.781526416715,827.0673001372459
709,0,Case2,8x8_110,-51.0,1.0,8x8,3,2,0.0001601427288772958,0.728335595423527,0.27150426184759563,5274.184506593638,5167.114769464458,38428.257620573044,39119.31735581859,579.5418725570408
710,0,Case2,8x8_111,7.0,87.0,8x8,2,2,0.00011618914572445936,0.9850963216284461,0.014787489225829535,3862.4930191416047,3993.638986587035,35255.67720532417,36889.91006648976,1210.4332581617057
711,0,Case2,8x8_112,21.0,-8.0,8x8,3,3,3.501582547825191e-05,0.00025440574840427163,0.9997105784261174,5384.844460113308,5278.93947894519,37516.59881925583,38334.40102348372,836.9150883236689
712,0,Case2,8x8_113,35.0,-2.0,8x8,3,3,1.941976436200501e-05,0.00045639132431127174,0.9995241889113268,5388.353778146293,5615.728334529743,37462.2135925293,37653.385226728285,278.87278686541987
718,0,Case2,8x8_119,31.0,-10.0,8x8,3,3,2.8702307991017622e-05,0.00030334441680060725,0.9996679532752085,5539.918097002486,5678.358774902317,36399.234146118164,37115.20975010999,654.9644087725201
729,0,Case2,8x8_130,-59.0,12.0,8x8,2,2,0.00011686662915621525,0.991815368383871,0.008067764986972849,5375.351429730151,5279.473650982058,36954.688395380974,36696.94499253695,378.5362590277597
730,0,Case2,8x8_131,41.0,53.0,8x8,2,2,0.04472956254850533,0.9546267392388558,0.0006436982126387736,6912.032831790356,7103.644241966373,17958.71329689026,17823.29567616798,250.59758365204505
731,0,Case2,8x8_132,38.0,35.0,8x8,2,2,0.02411184583925167,0.9546753839881699,0.02121277017257842,7197.249448758964,7044.074361934128,22249.677031442523,20652.456748287772,1132.5532570274431
732,0,Case2,8x8_133,-21.0,37.0,8x8,3,3,5.679095982720491e-05,0.0018101854973889171,0.9981330235427838,6220.51691614624,6130.936270812115,30930.104908645153,32942.11258111662,1566.449279512988
734,0,Case2,8x8_135,39.0,-76.0,8x8,2,2,0.00025217635331802865,0.9988480796861016,0.0008997439605804403,5450.459886603215,5656.547045681525,22458.998064100742,24488.401354376296,1461.2866893532796
738,0,Case2,8x8_139,-52.0,-36.0,8x8,2,2,0.0028155683217747736,0.9967049414293071,0.00047949024891812245,6652.703034459756,6752.283824171622,21021.483988761902,20556.546882363844,289.94192690190397
742,0,Case2,8x8_143,39.0,-35.0,8x8,2,2,0.0032470472988808856,0.8330762669940707,0.16367668570704846,7203.165992142128,7255.446091731918,22060.79376399517,22865.94452808582,675.6955804006486
747,0,Case2,8x8_148,46.0,-62.0,8x8,2,2,0.0031491054274260986,0.9960140622067826,0.0008368323657914602,6605.992769009551,6494.0718260675485,16402.27493095398,16656.29583805556,188.47422792264123
749,0,Case2,8x8_150,15.0,-47.0,8x8,3,3,0.0002077039572080659,0.30185794029277496,0.697934355750017,5727.255233728309,5581.657266586445,34709.49970245361,34725.263181471986,381.21261794320264
761,0,Case2,8x8_162,-71.0,-11.0,8x8,2,2,0.00013581098211856628,0.891318902898022,0.10854528611985954,4598.811461692567,4584.116437471012,37048.269050598145,37859.267329730705,623.7271758430081
764,0,Case2,8x8_165,-5.0,10.0,8x8,3,3,4.2108022107956e-05,0.0003490676478074568,0.9996088243300846,5088.129185042229,4945.499997603246,36331.85501462221,38491.61406249352,1567.7724409683883
766,0,Case2,8x8_167,-4.0,-6.0,8x8,3,3,4.463656157320082e-05,0.00038508031000836744,0.9995702831284183,4876.812472349739,4972.296388981576,35350.722806453705,38193.75191569527,1743.3140777960975
767,0,Case2,8x8_168,-5.0,-1.0,8x8,3,3,4.156330284686018e-05,0.0003785060291187532,0.9995799306680343,4919.616921132867,4946.176727699921,35004.712979733944,38339.34600837873,2061.152927903755
773,0,Case2,8x8_174,-76.0,51.0,8x8,2,2,0.011283519210575525,0.9875489428028587,0.0011675379865657418,5715.2778637345145,5496.969725919491,15427.841446876526,13905.196153558018,1034.8983678852194
774,0,Case2,8x8_175,-73.0,85.0,8x8,1,1,0.6695307325960749,0.31753392642142114,0.012935340982503938,3184.429099864086,2785.842225582492,9234.273977279663,8034.735745146639,797.5038878302597
778,0,Case2,8x8_179,73.0,-44.0,8x8,2,2,0.002293859208280945,0.9963961223576259,0.0013100184340933284,5779.68081657179,6007.665325914048,18934.129741191864,18970.72421597228,121.89623860070373
780,0,Case2,8x8_181,88.0,45.0,8x8,2,2,0.0004325099721811764,0.9992358961036044,0.0003315939242143805,5195.6691560416475,5334.259535012583,19044.996004268527,20102.070780786937,785.2405811196911
781,0,Case2,8x8_182,-14.0,42.0,8x8,3,3,3.865312240437092e-05,0.004794394238924061,0.9951669526386715,5871.585809613483,5554.218798440398,34780.29693889618,35949.08001545894,1133.79442561239
783,0,Case2,8x8_184,83.0,43.0,8x8,2,2,0.00036458282815506646,0.9993255677225061,0.0003098494493389095,5227.683138878819,5373.869069930152,20140.53394204378,21199.850400884756,771.7901301182651
785,0,Case2,8x8_186,-54.0,1.0,8x8,2,2,0.00014656114528052857,0.8870726754422061,0.11278076341251338,5232.883509148011,5155.065152945563,38606.09290169645,39029.64726942322,410.5069370510883
787,0,Case2,8x8_188,-40.0,56.0,8x8,2,2,0.002780663272702403,0.9968672820712733,0.0003520546560242771,6725.237747245391,6881.694820616379,18998.9737033844,19535.18297665486,363.3762232577775
791,0,Case2,8x8_192,89.0,-86.0,8x8,1,1,0.9960497537270018,0.0010783362334376833,0.0028719100395604917,2388.6068077760133,2508.4466383603967,8299.649158120155,7649.33322525402,398.568560543701
822,0,Case2,8x8_223,-78.0,-48.0,8x8,2,2,0.007053596543614678,0.9920558915331138,0.0008905119232714994,5555.158945370477,5534.882815438524,17047.551785945892,15202.886251714062,1190.7400260448878
828,0,Case2,8x8_229,42.0,86.0,8x8,2,2,0.00022353184255254608,0.9995000236790741,0.0002764444783735028,5176.169475095314,5236.442760244263,20938.226522922516,23201.413588156476,1640.8116763183616
833,0,Case2,8x8_234,-49.0,-40.0,8x8,2,2,0.0187769479089488,0.980533237803817,0.000689814287234182,7074.595391620944,6989.879908514248,18248.255573272705,18052.61420454995,192.7608768951613
838,0,Case2,8x8_239,30.0,17.0,8x8,3,3,4.4396040733891425e-05,0.0005328622121534507,0.9994227417471127,5877.424747761911,6194.663921236618,33873.885659612715,35970.7540938966,1515.1360325564524
842,0,Case2,8x8_243,-63.0,-63.0,8x8,1,1,0.996443672540553,0.0033028118932804697,0.00025351556616651124,5867.660247728416,5932.932504942766,11361.413845062256,10553.476362079893,662.2314831489214
844,0,Case2,8x8_245,-34.0,-14.0,8x8,3,3,4.032462720233254e-05,0.001142183508779934,0.9988174918640177,5722.606546948112,5732.114413486008,34793.426725149155,35429.4322306424,560.4112070126589
848,0,Case2,8x8_249,6.0,16.0,8x8,3,3,3.785318630135416e-05,0.00030997240959671233,0.999652174404102,5022.917602728103,5260.207687687448,37540.67776584625,38787.41303072509,1258.7178902000976
850,0,Case2,8x8_251,-69.0,0.0,8x8,3,2,0.00016748519706672124,0.5557215075844966,0.4441110072184369,4560.283812387573,4375.367890301078,37894.759762465954,39874.51516534735,1394.1301257184298
865,0,Case2,8x8_266,-26.0,-39.0,8x8,3,3,0.0007558526505202415,0.4201917765325846,0.5790523708168951,6445.563038416168,6264.272068635018,27339.651977688074,29599.96071162048,1674.0636973848068
870,0,Case2,8x8_271,-30.0,50.0,8x8,2,2,0.00047475176541477717,0.9978959263198914,0.0016293219146937446,6488.5713978113945,6536.315144412007,25203.073623895645,26579.754120907914,860.118633993784
878,0,Case2,8x8_279,-88.0,-89.0,8x8,1,2,0.028664430946637773,0.917639701439881,0.05369586761348114,2344.9556896146173,2791.955044951182,8264.47785615921,7922.148616564857,152.9131987471724
882,0,Case2,8x8_283,34.0,-21.0,8x8,3,3,4.065121472807538e-05,0.0005459310691642953,0.9994134177161075,6259.778870106225,6214.506806603502,31310.57858003676,33753.18099924072,1797.3665698889433
884,0,Case2,8x8_285,-21.0,55.0,8x8,2,2,0.00015605973951050581,0.998290652481212,0.0015532877792775984,5840.215227663228,5565.319454943939,32398.05576992035,32289.978527561347,249.0325276960181
892,0,Case2,8x8_293,-28.0,11.0,8x8,3,3,3.536053322105419e-05,0.0004450750789883821,0.9995195643877905,5563.350340319536,5451.023069153264,36499.69587993622,37473.56369464191,794.6493638102006
899,0,Case2,8x8_300,51.0,46.0,8x8,1,1,0.6656405871341178,0.3334856875914323,0.0008737252744498874,7380.856082040267,7498.29612752692,15688.217483520508,15189.705495497154,348.8102217486495
902,0,Case3,6x4_003,-44.0,65.0,6x4,1,1,0.99897851870681,0.0008666643794801241,0.0001548169137098694,15269.17077320444,14936.692598350279,20746.71841430664,17741.53217102866,2192.798174114022
903,0,Case3,6x4_004,49.0,48.0,6x4,1,1,0.9974311822847941,0.002428076774051377,0.0001407409411543869,14761.544948240946,16019.972392648122,17056.45460510254,17125.46103893997,257.5800295573289
904,0,Case3,6x4_005,-52.0,20.0,6x4,2,2,0.001191229341643219,0.9966210617348896,0.0021877089234672827,19591.464258347456,21877.335788915607,35231.77793884277,37027.254871966696,1346.2609762095385
916,0,Case3,6x4_017,-30.0,66.0,6x4,2,2,0.40715406892763206,0.5888174282700139,0.004028502802353999,17728.921577513524,20572.219861867055,30528.12272644043,31068.8156471576,758.9260336680966
917,0,Case3,6x4_018,-53.0,31.0,6x4,2,2,0.06585811307466148,0.9336563183736405,0.0004855685516980418,16497.2567466334,18403.14074569932,27073.85147857666,29873.46636194196,2183.3383117485796
924,0,Case3,6x4_025,80.0,-80.0,6x4,1,1,0.999450030902292,0.00010492134161418238,0.00044504775609367574,5974.146129044565,5556.7681162714725,9094.801483154297,8363.587486529852,501.7121509743719
926,0,Case3,6x4_027,54.0,-38.0,6x4,1,1,0.9963735588672026,0.0034725466326787726,0.00015389450011875719,15446.130281350363,17370.00254650555,22165.518180847168,21854.137443405176,556.5283119104881
927,0,Case3,6x4_028,36.0,-31.0,6x4,2,1,0.8703880116607442,0.12831800412561825,0.0012939842136375488,16682.210319863058,18113.72655497941,26843.94125366211,26879.983223346557,887.3696880324628
928,0,Case3,6x4_029,52.0,-41.0,6x4,1,1,0.9984058872623567,0.001449276757991018,0.0001448359796521648,15313.712162579053,17035.2605036176,20151.48843383789,20171.172261270258,492.3484606965779
932,0,Case3,6x4_033,-61.0,86.0,6x4,1,1,0.9987786320894999,0.000520842510966853,0.0007005253995332944,8682.978801978961,7258.327467301782,12091.220352172852,10592.81999223058,959.1361329629036
939,0,Case3,6x4_040,-27.0,-54.0,6x4,2,2,0.4231006159495611,0.570061406484127,0.006837977566311923,17847.394344086144,20429.13134171626,30534.236545562744,29767.288147435826,768.5051779640868
940,0,Case3,6x4_041,-2.0,-68.0,6x4,2,2,0.0001928016422542303,0.9852182945908745,0.014588903766871124,22366.10987565245,23538.355271254924,42165.74519276619,43055.2294837619,612.7911143937637
943,0,Case3,6x4_044,59.0,-56.0,6x4,1,1,0.9997270840392488,0.00013310595216701364,0.00013981000858427766,13023.83583202239,13765.179783332804,14551.612045288086,15293.922998736398,710.9160657779728
965,0,Case3,6x4_066,75.0,72.0,6x4,1,1,0.9995843206873364,0.0003007746851337162,0.00011490462752984354,7625.839698244229,8462.924782851152,10272.681114196777,10307.881309736407,139.74214596267038
976,0,Case3,6x4_077,-64.0,20.0,6x4,2,2,0.000705729818241945,0.998062234703062,0.0012320354786960503,19525.691414505887,21337.464378840796,36804.679346084595,37755.36789980212,759.9732837812246
977,0,Case3,6x4_078,29.0,-79.0,6x4,2,2,0.010731574256982507,0.7848997688757029,0.20436865686731454,18247.13242932,19391.0391033391,32456.875591278076,32499.543967771686,516.9661169341005
987,0,Case3,6x4_088,23.0,33.0,6x4,2,2,0.02013371585901434,0.7951756640096241,0.18469062013136142,18694.66851299173,22096.237146206902,32885.176458358765,34094.04286762803,1176.5870606513804
996,0,Case3,6x4_097,-46.0,-23.0,6x4,2,2,0.0037736835045250727,0.9933699111098607,0.0028564053856142135,18350.670366569502,19834.778940092987,32165.11036682129,34806.235993918766,1962.9632052874485
997,0,Case3,6x4_098,-1.0,36.0,6x4,3,3,0.00012002168099193771,0.024320153332040795,0.9755598249869674,21662.009884847586,21396.51949106243,41019.103058815,41636.11822881618,534.7800483428092
998,0,Case3,6x4_099,90.0,40.0,6x4,1,1,0.6636263723148799,0.33583810400787817,0.0005355236772417833,12441.102931116799,14035.84913053866,22825.075492858887,24139.053964358278,1028.6658200538839
999,0,Case3,6x4_100,69.0,62.0,6x4,1,1,0.9996375384203622,0.0002698035447995791,9.265803483831776e-05,10387.087862504186,11180.1856668997,12355.062850952148,12552.661563022715,176.18237943388587
1001,0,Case3,6x4_102,76.0,-24.0,6x4,2,2,0.007544000969659817,0.9918253812638054,0.0006306177665349156,19346.702310993776,19156.603261325035,35286.01131820679,35145.34185731592,337.3630205331613
1006,0,Case3,6x4_107,69.0,8.0,6x4,2,2,0.0013814817265695415,0.9850191830597596,0.013599335213670951,21723.817042202932,26370.369605816362,41356.54560136795,43826.81135036759,1806.9270646760417
1007,0,Case3,6x4_108,46.0,-72.0,6x4,1,1,0.998415929272657,0.0005041510889168098,0.0010799196384260385,13024.505182488352,13004.187611632708,18752.634727478027,16412.161341895593,1792.1836516673766
1008,0,Case3,6x4_109,-69.0,17.0,6x4,2,2,0.0006443518242079309,0.9966043728109741,0.0027512753648178644,20908.730421593857,22347.51714996634,38615.3913025856,39521.33187690888,681.2332227879731
1009,0,Case3,6x4_110,-51.0,1.0,6x4,2,2,0.0008456909999930664,0.8733068077841895,0.1258475012158175,22195.57094591244,25126.215196283767,41638.194556474686,43759.971144839656,1592.0782850271703
1020,0,Case3,6x4_121,-50.0,14.0,6x4,2,2,0.0010466397271989489,0.9827772802435979,0.016176080029203118,20659.04923228132,23661.261371109897,38391.68213844299,39910.282107260384,1151.447158954542
1023,0,Case3,6x4_124,42.0,-66.0,6x4,1,1,0.9984713699015457,0.0010632751171012762,0.0004653549813530818,15480.572352599325,15600.668623698353,22086.533332824707,20067.282889354836,1255.0324532616478
1029,0,Case3,6x4_130,-59.0,12.0,6x4,2,2,0.0006763109695556763,0.991541341491429,0.007782347539015091,21115.77460837521,23409.956181226757,40064.35822248459,40662.83930829259,449.5135014959674
1038,0,Case3,6x4_139,-52.0,-36.0,6x4,1,1,0.9834373173302041,0.016377701817591215,0.00018498085220487937,15579.427626523031,17245.847613479527,23096.56308746338,23438.16942161951,594.6852882747944
1040,0,Case3,6x4_141,79.0,49.0,6x4,1,1,0.9975172792887669,0.0023746009132829247,0.00010811979795014618,11867.74493785736,12730.888630489204,17086.602752685547,16526.264002405056,687.7865944159398
1041,0,Case3,6x4_142,56.0,10.0,6x4,2,2,0.0009496189129483349,0.9748961641043842,0.024154216982667464,21373.8847428938,25128.589509306334,40493.84724712372,41885.18218055415,1217.325078428362
1042,0,Case3,6x4_143,39.0,-35.0,6x4,1,1,0.9914756468687126,0.008285252162958258,0.0002391009683290308,15800.848549025524,17596.682262500977,23861.016708374023,23282.95064803621,988.4555330160201
1045,0,Case3,6x4_146,-41.0,-28.0,6x4,2,2,0.02125788266331947,0.9768149660742318,0.001927151262448555,16838.211827879044,18493.739346046026,27958.650745391846,31255.820717632734,2448.1041577740225
1046,0,Case3,6x4_147,47.0,23.0,6x4,2,2,0.0030156601568541324,0.9929171742524533,0.004067165590692449,18292.090571211687,19068.58464245325,32311.425693511963,33314.87489271511,1054.958266891145
1058,0,Case3,6x4_159,-9.0,-4.0,6x4,3,3,0.0007861913325745422,0.026341200830281592,0.9728726078371439,32036.752553927407,19518.407081745743,38934.184963688254,42020.62439981225,2258.3493482539393
1061,0,Case3,6x4_162,-71.0,-11.0,6x4,2,2,0.0006500056919701304,0.9904049578938167,0.008945036414213011,22022.413863544887,24772.93396958099,40657.69434583187,42385.75205903217,1251.168688424652
1063,0,Case3,6x4_164,-16.0,-5.0,6x4,3,3,0.0008524222385578414,0.03268002640484811,0.9664675513565941,18183.706992387233,20810.510936391704,40489.68942898512,41867.703188895706,1162.206473801983
1069,0,Case3,6x4_170,-35.0,-50.0,6x4,2,1,0.991266446943597,0.008331035698315743,0.0004025173580873655,15614.023224339771,17718.34923699706,23568.449966430664,21950.91473307587,1434.8450378168907
1071,0,Case3,6x4_172,-68.0,5.0,6x4,2,2,0.0007579788129260843,0.9786031753836861,0.02063884580338783,22011.918442106205,25811.220974782183,41822.25303399563,43591.1860493993,1310.0231011476642
1082,0,Case3,6x4_183,37.0,63.0,6x4,2,1,0.5656810355200487,0.4311959134001372,0.0031230510798140906,16022.617298437033,16861.23935430882,24820.702560424805,24749.984021268618,395.01948086554495
1088,0,Case3,6x4_189,34.0,0.0,6x4,2,3,0.00029275273786900734,0.025651684297678765,0.9740555629644522,21690.79835324644,23171.582675751488,40917.22706031799,41711.27539779931,835.4106685807011
1098,0,Case3,6x4_199,-45.0,82.0,6x4,1,1,0.9961324837067508,0.002715265225414474,0.0011522510678347495,12785.334725510631,11670.111331973683,19603.201110839844,16480.453840548824,2277.4746377405436
1103,0,Case3,6x4_204,27.0,-22.0,6x4,3,3,0.005982845385201282,0.29228433556772093,0.7017328190470778,20179.030442597563,22550.584855160323,35381.59557723999,38211.44295617624,2268.7698769672147
1107,0,Case3,6x4_208,-87.0,47.0,6x4,1,1,0.9398787327479888,0.05949455125637335,0.0006267159956377071,11906.234435663253,14627.91416715884,18307.734268188477,20882.35238955252,1852.222504844624
1114,0,Case3,6x4_215,9.0,13.0,6x4,3,3,0.0005092014015052704,0.01434285956873156,0.9851479390297633,17439.106265007424,20656.313066991603,39975.1802316308,41990.26238219391,1514.0427525864518
1115,0,Case3,6x4_216,-10.0,59.0,6x4,2,2,0.0003243277633717255,0.9941641831650561,0.005511489071572341,22290.258824537737,22133.979915045173,40823.329621315,39944.076622454086,681.7059905727144
1117,0,Case3,6x4_218,5.0,-15.0,6x4,3,3,0.0004774588120915409,0.018146354369905277,0.9813761868180032,17063.771872042933,20820.97950498735,39941.132167607546,42154.00349542174,1580.3067012631514
1121,0,Case3,6x4_222,7.0,-80.0,6x4,2,2,0.00036184475730790936,0.9766776304923266,0.022960524750365516,22708.164994086703,23095.732141770193,41159.254960775375,42527.77745255782,958.2374916170444
1129,0,Case3,6x4_230,-44.0,-30.0,6x4,1,2,0.1037455358052876,0.8948894554166079,0.0013650087781045578,16392.611358614835,18614.99655140258,26467.590301513672,29680.975491386867,2446.7565396593072
1144,0,Case3,6x4_245,-34.0,-14.0,6x4,2,3,0.0014297546407080058,0.24172335697124414,0.7568468883880478,21169.51855098021,23928.23235201564,37803.49417114258,41139.90917832472,2647.8646255088074
1159,0,Case3,6x4_260,-50.0,68.0,6x4,1,1,0.9996320424303218,0.00024928560384239473,0.00011867196583591685,12950.945634514916,12534.154964589634,16486.296310424805,14469.74712731329,1723.3212765395508
1160,0,Case3,6x4_261,-14.0,-28.0,6x4,3,3,0.0005124236940534925,0.06314430878548842,0.9363432675204582,21027.60738804005,22375.91552223141,38762.07406044006,39879.04162820609,1001.2736923724673
1162,0,Case3,6x4_263,-24.0,2.0,6x4,3,3,0.0006564206650950533,0.040757585515203705,0.9585859938197012,19639.621734054886,22516.13217855098,41082.02308368683,42303.62942505842,1214.6429292114703
1167,0,Case3,6x4_268,-59.0,29.0,6x4,2,2,0.006777893738135218,0.9929039508133489,0.0003181554485158133,17461.72884297697,18441.038188803403,29916.687969207764,31796.13677349376,1445.969047262062
1168,0,Case3,6x4_269,-60.0,60.0,6x4,1,1,0.9997756785801463,0.00013863412766171434,8.568729219195091e-05,12357.183283795895,12361.60911623115,13876.258666992188,13593.489758832697,231.09060436360366
1171,0,Case3,6x4_272,72.0,69.0,6x4,1,1,0.9996372509278436,0.00025935183182897647,0.00010339724032738642,8582.788953184589,9353.154715517598,10936.400047302246,10950.200882774245,148.12981622371015
1172,0,Case3,6x4_273,81.0,62.0,6x4,1,1,0.9995693418970383,0.0003300301423840786,0.00010062796057767555,8668.509358412743,10243.400609662382,11812.417854309082,12338.723819670196,387.7274261830759
1178,0,Case3,6x4_279,-88.0,-89.0,6x4,1,1,0.9984079201353899,0.0008198790984139047,0.0007722007661961534,4911.324790713473,4898.294302696809,8274.54581451416,7481.894401651359,551.8144980412594
1190,0,Case3,6x4_291,26.0,5.0,6x4,3,3,0.00038608123256425364,0.01652760362163307,0.9830863151458026,19250.933509499788,21983.39316432971,40848.086585998535,42083.1664218793,1285.5522090315442
1193,0,Case3,6x4_294,-71.0,-57.0,6x4,1,1,0.9997348174231109,0.00012157426916811657,0.0001436083077210583,11009.283649709707,11787.370944974835,13586.606468200684,13735.364715217836,314.61342320575557
1202,0,Case3,6x8_003,-44.0,65.0,6x8,1,1,0.9578932066972932,0.041721990628783436,0.00038480267392339393,9469.274963665786,9334.262009689544,17884.816650390625,15364.226129713777,1607.9406265726072
1203,0,Case3,6x8_004,49.0,48.0,6x8,1,1,0.9936929001144795,0.006224214931560269,8.288495396000512e-05,10489.289558668295,11617.096247073343,14796.995628356934,15339.90988801409,468.0274529540087
1204,0,Case3,6x8_005,-52.0,20.0,6x8,2,2,0.00028246465472795025,0.9991833629849417,0.0005341723603303365,7923.44227699512,7578.4182735941395,31973.68735408783,32171.90682316317,274.49385470640897
1216,0,Case3,6x8_017,-30.0,66.0,6x8,2,2,0.00139372920500096,0.9983054619151687,0.00030080887983034265,8420.446789265701,8661.060132070501,27268.486790657043,27962.06383678121,566.1281765849867
1217,0,Case3,6x8_018,-53.0,31.0,6x8,2,2,0.001973674318390429,0.9979215082508407,0.00010481743076890794,8870.709970794984,8566.674937921422,24364.301071166992,26161.18736624943,1273.0957861967856
1224,0,Case3,6x8_025,80.0,-80.0,6x8,1,1,0.9995351170276887,0.00019334214880290112,0.0002715408235082974,4242.450811588644,3881.21220855692,8627.483963012695,7710.763931742526,611.5842663123509
1226,0,Case3,6x8_027,54.0,-38.0,6x8,1,1,0.6309700097757645,0.3685017190887463,0.0005282711354893494,9566.487532844087,9141.727432860374,19604.45467376709,19193.88960600732,293.65148528654464
1227,0,Case3,6x8_028,36.0,-31.0,6x8,2,2,0.058715131923220226,0.9131035816862672,0.02818128639051273,8694.655884221893,8409.926280976977,24340.75421524048,23411.04778270687,671.1588673319432
1228,0,Case3,6x8_029,52.0,-41.0,6x8,1,1,0.965595416364838,0.03418836960338556,0.00021621403177650656,9981.916982656023,9630.323680931866,17637.217582702637,17326.04483188924,184.92476961025687
1232,0,Case3,6x8_033,-61.0,86.0,6x8,1,1,0.9971795255109687,0.00225942258287462,0.0005610519061567626,5991.575442878556,4753.558479352393,10690.049320220947,8761.224525522703,1375.0762980559114
1239,0,Case3,6x8_040,-27.0,-54.0,6x8,2,2,0.0006550919007904529,0.9989100596134792,0.0004348484857302347,8417.011511067643,8327.28835583419,27512.403447151184,24849.28856874766,1726.859486751319
1240,0,Case3,6x8_041,-2.0,-68.0,6x8,2,2,7.903626459074162e-05,0.9930414002949867,0.006879563440422497,6699.98573717735,6442.596669701235,37784.56441164017,37055.023048185,614.367740621004
1243,0,Case3,6x8_044,59.0,-56.0,6x8,1,1,0.999726870271468,0.0001880160099728693,8.511371855911652e-05,8837.319762667043,10054.593424821462,12457.933113098145,13189.402724253938,425.6885024031005
1265,0,Case3,6x8_066,75.0,72.0,6x8,1,1,0.9990802217568745,0.0008469447776523988,7.283346547316245e-05,5369.6245566530315,5517.888442972915,9476.226577758789,8582.976206369933,572.0816624834695
1276,0,Case3,6x8_077,-64.0,20.0,6x8,2,2,0.00019856769869406685,0.9995319612223074,0.0002694710789986981,7730.400520896431,7545.318537878821,33233.2405193001,32709.8843849751,368.44424419215466
1277,0,Case3,6x8_078,29.0,-79.0,6x8,2,2,0.0002912358230931388,0.9970472814715117,0.0026614827053952797,7810.785798508536,7730.780687744518,28832.875918984413,30677.95681772228,1307.2428887993672
1287,0,Case3,6x8_088,23.0,33.0,6x8,3,2,0.002596281104271483,0.8543275100735527,0.14307620882217584,7564.757786761533,7293.295840290783,29737.17578601837,29633.370347672357,665.5491241314742
1296,0,Case3,6x8_097,-46.0,-23.0,6x8,2,2,0.0003994423355715006,0.997930260997309,0.0016702966671194943,7992.970352737475,7837.974409302746,29215.25081539154,30512.224084457113,1118.8230641210685
1297,0,Case3,6x8_098,-1.0,36.0,6x8,3,3,4.4551329440389743e-05,0.007013101748692377,0.9929423469218672,6410.375303854675,6185.461557313383,36992.35785675049,38112.47292505519,786.5020771071503
1298,0,Case3,6x8_099,90.0,40.0,6x8,2,2,0.009348646700421025,0.9904847051898963,0.00016664810968269861,8274.295847250927,8248.009373186005,22120.160305023193,23339.639281203978,1021.3868813657565
1299,0,Case3,6x8_100,69.0,62.0,6x8,1,1,0.9992934964009462,0.0006532086209008773,5.3294978152847756e-05,7118.9463313999,7836.925953188809,11038.727088928223,10789.491857906274,184.663880744483
1301,0,Case3,6x8_102,76.0,-24.0,6x8,2,2,0.0006405170607984681,0.9991781462818737,0.00018133665732765567,7564.618010245786,7760.919399753193,31584.746515750885,32364.51843436662,689.1103774611595
1306,0,Case3,6x8_107,69.0,8.0,6x8,2,2,0.00036577096774154257,0.9963811140099206,0.003253115022337793,6730.974926442521,6686.800773818686,37168.93218135834,36571.69088427802,416.6417319383253
1307,0,Case3,6x8_108,46.0,-72.0,6x8,1,1,0.9485620213704317,0.04923963865857247,0.002198339970995794,9122.564574484604,8220.312187557822,17728.438934326172,16009.404743168954,1039.5508887557164
1308,0,Case3,6x8_109,-69.0,17.0,6x8,2,2,0.00014234970002410243,0.9994450295806571,0.00041262071931886987,7271.130594758279,7268.465358352551,34767.93302690983,34148.84317467465,446.37825187849893
1309,0,Case3,6x8_110,-51.0,1.0,6x8,2,2,0.00025791557401592973,0.8818586140572648,0.1178834703687192,6995.620333105884,6585.900639957456,37768.4889370203,37872.2075452467,509.1858485244741
1320,0,Case3,6x8_121,-50.0,14.0,6x8,2,2,0.0002164660230506154,0.9961219953601163,0.003661538616832948,7345.364184301592,7148.539890063204,34855.19799232483,34762.13842332792,280.0540040468166
1323,0,Case3,6x8_124,42.0,-66.0,6x8,1,1,0.893597316437184,0.10480203745224997,0.0016006461105661216,9281.094673504855,8720.63182913761,19177.04468536377,17410.28163158171,1072.5434040246337
1329,0,Case3,6x8_130,-59.0,12.0,6x8,2,2,0.00014022737395409662,0.9987292589935304,0.0011305136325155966,7265.771721117012,7097.123694770227,36287.46225345135,35223.08923305968,714.9838911492495
1338,0,Case3,6x8_139,-52.0,-36.0,6x8,2,2,0.04096525334602868,0.9588439879465097,0.00019075870746160063,9395.251857996369,9269.148815421944,20563.966758728027,20948.98655214504,544.8524798846313
1340,0,Case3,6x8_141,79.0,49.0,6x8,1,1,0.9498188056611823,0.04999863489390808,0.00018255944490963244,8807.6106030903,8926.321195178562,16824.539741516113,15237.177878075714,941.7342798904898
1341,0,Case3,6x8_142,56.0,10.0,6x8,2,2,0.00034290975441186796,0.9948794972752697,0.004777592970318395,7242.904118561144,6648.545134317368,36712.741798877716,35904.01154868779,558.7441592220958
1342,0,Case3,6x8_143,39.0,-35.0,6x8,2,2,0.39785574189747674,0.5987440482837073,0.0034002098188157474,9348.97346229211,8879.896502247853,21474.533126831055,20308.413543391463,828.8207162490214
1345,0,Case3,6x8_146,-41.0,-28.0,6x8,2,2,0.0013593030106137376,0.9970802408023298,0.0015604561870563804,8429.968634122459,8328.519758648083,25368.87992668152,26845.18073431712,1170.938946927486
1346,0,Case3,6x8_147,47.0,23.0,6x8,2,2,0.0005210102219221056,0.998207941976684,0.001271047801393914,7997.955129695263,7368.67504138666,29339.98888683319,29695.094902847923,513.283196410776
1358,0,Case3,6x8_159,-9.0,-4.0,6x8,3,3,7.410692432017786e-05,0.0010305570432247758,0.9988953360324551,4267.5360078672375,4954.863570386693,34972.794655412436,38304.15274155934,2271.7979923712387
1361,0,Case3,6x8_162,-71.0,-11.0,6x8,2,2,0.00010761677290858045,0.9962764355367518,0.0036159476903396353,6913.468759873402,6529.019713405638,36508.38504362106,36834.717559137556,508.13071952100483
1363,0,Case3,6x8_164,-16.0,-5.0,6x8,3,3,7.180927932398989e-05,0.0011089546158018293,0.9988192361048741,5049.757238613182,4990.201064182725,36639.02815236151,38199.25319644281,1431.6836561360692
1369,0,Case3,6x8_170,-35.0,-50.0,6x8,2,2,0.42010890194539935,0.5790975867873566,0.0007935112672440801,9307.513992774922,9654.280066806488,20967.52848815918,18650.138613608822,1490.8763041717898
1371,0,Case3,6x8_172,-68.0,5.0,6x8,2,2,0.00016069068640510144,0.989130656966706,0.010708652346888876,6753.878220615981,6694.460095222279,37595.5486587286,37477.91103305544,351.3164366738456
1382,0,Case3,6x8_183,37.0,63.0,6x8,2,2,0.029071104344496085,0.9706227107958418,0.00030618485966190496,9058.052443052731,9218.49307769248,21894.375423431396,21283.41549732739,389.8122776321718
1388,0,Case3,6x8_189,34.0,0.0,6x8,3,3,5.068003012829322e-05,0.0027417901123133197,0.9972075298575583,6261.329657585698,5674.98636435952,36963.37371444702,37477.37926541986,637.7171054846935
1398,0,Case3,6x8_199,-45.0,82.0,6x8,2,2,0.4732936092520246,0.5244850905127698,0.00222130023520563,8572.529269237422,8336.520226553333,19005.78229522705,17593.535402274647,839.9310239149147
1403,0,Case3,6x8_204,27.0,-22.0,6x8,3,3,0.00013654694608044928,0.002404533014090851,0.9974589200398287,7045.469380476001,6608.09866488753,32008.17771434784,33840.37788669127,1349.5503137218268
1407,0,Case3,6x8_208,-87.0,47.0,6x8,2,2,0.06809252260844413,0.9315792224730862,0.0003282549184695948,8524.988985182688,9127.165997428736,18099.10502243042,19187.831089932883,863.6984531697151
1414,0,Case3,6x8_215,9.0,13.0,6x8,3,3,6.511930290389904e-05,0.0008550323068517226,0.9990798483902444,4852.8217401138245,5102.269518139656,36387.65269064903,37686.12036364607,1092.9348887629758
1415,0,Case3,6x8_216,-10.0,59.0,6x8,2,2,0.00012590090946118236,0.9987585174057699,0.0011155816847688248,7240.702476578327,7105.211035639763,36880.05199372396,36418.00758743755,357.8971722353457
1417,0,Case3,6x8_218,5.0,-15.0,6x8,3,3,5.062529639921436e-05,0.0006001818491121593,0.9993491928544885,4859.4613298703125,5210.033943810672,36570.7950963974,38018.325438982334,1136.0811954011328
1421,0,Case3,6x8_222,7.0,-80.0,6x8,2,2,0.00011430030207776649,0.9927783994118365,0.0071073002860856695,6389.277002597616,6352.5620585612,36267.24049818516,37260.89022276906,700.1527140279023
1429,0,Case3,6x8_230,-44.0,-30.0,6x8,2,2,0.0018771683511438699,0.9977020373089558,0.0004207943399002975,8694.96562573713,8523.410546659064,23945.92106628418,24986.018343236734,807.1501800656107
1444,0,Case3,6x8_245,-34.0,-14.0,6x8,3,3,0.00013393807724917115,0.008267623243250328,0.9915984386795005,6785.684103409566,6241.347200234777,34204.09784889221,35488.53006338249,1224.1928636529121
1459,0,Case3,6x8_260,-50.0,68.0,6x8,1,1,0.9963881165086369,0.0034060042833461315,0.00020587920801701893,9567.899370040805,8597.952977008137,15470.936134338379,13256.988551508439,1386.00971101158
1460,0,Case3,6x8_261,-14.0,-28.0,6x8,3,3,3.85936384184578e-05,0.0012176038314262244,0.9987438025301554,6418.458738778324,6197.670779146705,34935.93342590332,35346.75115024906,652.8580255720691
1462,0,Case3,6x8_263,-24.0,2.0,6x8,3,3,6.698680621653453e-05,0.0015416022422335167,0.9983914109515498,5479.198870742019,5075.28950900914,37101.37361097336,38121.515796092455,991.6105875708417
1467,0,Case3,6x8_268,-59.0,29.0,6x8,2,2,0.0006976897280959049,0.9992023546552048,9.99556166993232e-05,8601.747044051053,8298.8623408623,26931.5073223114,28599.05877502944,1137.7781079083231
1468,0,Case3,6x8_269,-60.0,60.0,6x8,1,1,0.9995785518679267,0.0003256917092212733,9.575642285215232e-05,8248.923787334112,9107.957694072966,11859.778518676758,11833.079540367846,124.2674767972484
1471,0,Case3,6x8_272,72.0,69.0,6x8,1,1,0.9992692451721871,0.0006675793865994342,6.317544121369074e-05,5931.320371074177,6073.4765882319,9950.804023742676,9056.612389815204,582.9729197853703
1472,0,Case3,6x8_273,81.0,62.0,6x8,1,1,0.9988317901674804,0.0011102380876817461,5.7971744837895406e-05,6071.882410835587,7126.716483550276,10434.430339813232,10521.47500229983,245.65142184992706
1478,0,Case3,6x8_279,-88.0,-89.0,6x8,1,1,0.988977610759578,0.009315113232728791,0.0017072760076933004,3214.1430085500515,3272.389521391039,7474.123553276062,6717.571413827323,470.960016874349
1490,0,Case3,6x8_291,26.0,5.0,6x8,3,3,5.520553892921698e-05,0.0012632379349312804,0.9986815565261394,5777.273059932448,5298.345141788398,36879.83259677887,37780.78328663385,896.6522128073462
1493,0,Case3,6x8_294,-71.0,-57.0,6x8,1,1,0.9995146292969148,0.00038227000179254754,0.00010310070129255181,7888.013873499853,8928.116845750981,12224.245475769043,12465.272449434626,296.340841783811
1502,0,Case3,8x8_003,-44.0,65.0,8x8,2,2,0.0037752066355860744,0.9955344373015641,0.0006903560628498352,6337.011177400955,6190.805044881696,17957.480937957764,17816.507214389592,265.97981608201195
1503,0,Case3,8x8_004,49.0,48.0,8x8,1,2,0.22040672608756862,0.7783639830017937,0.0012292909106376643,7678.519114548306,7268.0248483596815,15591.901821136475,14921.649252581443,514.3716142431352
1504,0,Case3,8x8_005,-52.0,20.0,8x8,2,2,0.0002010373460559522,0.9814772536955083,0.018321708958435684,5862.340206577789,5543.4061901112755,32653.18706226349,33852.00476318367,924.5419999580348
1516,0,Case3,8x8_017,-30.0,66.0,8x8,2,2,0.00012758586696089524,0.9991087804753724,0.0007636336576665494,5772.640630477044,5227.290088681393,27843.087203145027,27691.70529038336,263.0343325875677
1517,0,Case3,8x8_018,-53.0,31.0,8x8,2,2,0.0007487002895008819,0.9986303582960118,0.0006209414144872602,6397.461983353669,6048.406700579491,24984.42482805252,25197.006497631934,351.98257848127423
1524,0,Case3,8x8_025,80.0,-80.0,8x8,1,1,0.9983196481625338,0.0006903039904094958,0.0009900478470567865,2887.943609067684,2878.1446378924156,8823.332853078842,7840.117835747481,657.0377025944578
1526,0,Case3,8x8_027,54.0,-38.0,8x8,2,2,0.001249582852622975,0.9979134084841446,0.0008370086632324872,6729.771320782916,6436.113641543155,20018.46256351471,20597.933534859072,546.7068324175278
1527,0,Case3,8x8_028,36.0,-31.0,8x8,2,3,0.003115669666129791,0.4779287324708957,0.5189555978629744,6907.795287186744,6977.537048757453,24955.209678411484,26510.316088751482,1220.1321949959408
1528,0,Case3,8x8_029,52.0,-41.0,8x8,2,2,0.004337527732742037,0.9948342386622765,0.0008282336049815199,7031.28408118499,6804.948791842666,17925.203788757324,18832.48814589655,699.1487120959113
1532,0,Case3,8x8_033,-61.0,86.0,8x8,2,2,0.02082082475164654,0.9737040062245669,0.005475169023786508,4858.970079266146,3830.036657872474,11555.959428787231,10602.291491944907,683.1318535350425
1539,0,Case3,8x8_040,-27.0,-54.0,8x8,2,2,0.00019989153437986707,0.9705513797615882,0.02924872870403204,6156.542507679392,5684.911242626125,28173.26127052307,26700.975540715546,991.5515962315475
1540,0,Case3,8x8_041,-2.0,-68.0,8x8,2,2,0.00012358779877286668,0.5006160229319652,0.4992603892692619,4551.971485095972,4511.182139557952,38092.448898762465,39568.87388040519,1100.8874302396637
1543,0,Case3,8x8_044,59.0,-56.0,8x8,1,1,0.9955969144512231,0.0041473312358496816,0.0002557543129272333,7238.748159575772,7214.24837820221,13186.217964172363,12875.155381458022,346.19242303649
1565,0,Case3,8x8_066,75.0,72.0,8x8,1,2,0.331359551244902,0.6633593632557158,0.0052810854993822895,3802.3864164487636,3599.3465935622116,9646.479466438293,8096.314315902629,1048.313140865328
1576,0,Case3,8x8_077,-64.0,20.0,8x8,2,2,0.00011476915109994787,0.9974720721715699,0.002413158677330138,5383.046213220997,5277.110489161683,33919.52107524872,34638.02061512616,553.2362303975274
1577,0,Case3,8x8_078,29.0,-79.0,8x8,2,2,0.0002229638908345626,0.9878936977799417,0.01188333832922373,5034.664813950381,4921.186980368553,29318.309135496616,29949.45412180278,455.30779841747795
1587,0,Case3,8x8_088,23.0,33.0,8x8,3,3,9.601178099412633e-05,0.010206596862394201,0.9896973913566117,6274.172863489964,6230.32038267308,30316.11236537993,31482.743221365436,1074.838099761106
1596,0,Case3,8x8_097,-46.0,-23.0,8x8,2,2,0.00037364727327957406,0.5744942024624912,0.4251321502642292,6211.92405868589,6108.831393806565,29863.035150527954,31706.664152059435,1642.217510481538
1597,0,Case3,8x8_098,-1.0,36.0,8x8,3,3,3.795271633735591e-05,0.0017854503830419392,0.9981765969006207,5551.859482867292,5640.610762621074,37613.16266345978,37268.35492025701,220.9575364784665
1598,0,Case3,8x8_099,90.0,40.0,8x8,2,2,0.0003661323422048133,0.9993514499930929,0.00028241766470223084,5092.943313465015,5640.546507057497,22285.820430457592,23515.62556039283,1041.0792774541017
1599,0,Case3,8x8_100,69.0,62.0,8x8,1,1,0.6650144093899086,0.333136164944974,0.001849425665117283,5587.376125470646,5221.160856244738,11188.145685195923,9793.647550027556,1003.4506470720598
1601,0,Case3,8x8_102,76.0,-24.0,8x8,2,2,0.00017779159619213996,0.9987121532849336,0.0011100551188740818,4975.0575921877125,5478.550592993794,32164.09083802998,31984.516025965168,341.54545509383564
1606,0,Case3,8x8_107,69.0,8.0,8x8,2,3,0.00015847157262428825,0.1244624513914127,0.8753790770359631,4767.3215442507935,4530.4214545971845,37681.772822499275,39085.690644506576,1374.8020569007736
1607,0,Case3,8x8_108,46.0,-72.0,8x8,2,2,0.04218974801809291,0.9514878182482353,0.006322433733671726,5894.562599061555,5952.483482329897,17675.988748550415,17048.683448992197,477.54812679957524
1608,0,Case3,8x8_109,-69.0,17.0,8x8,2,2,0.00012038407490806284,0.9908238356703573,0.009055780254734644,4932.410175987654,5059.45241456539,35425.568538069725,35905.542851935024,498.3556886427588
1609,0,Case3,8x8_110,-51.0,1.0,8x8,3,3,0.00014816236378629034,0.17763703526021307,0.8222148023760008,5273.388532391041,5137.795467280768,38442.834015369415,38801.621709341445,534.5299076075694
1620,0,Case3,8x8_121,-50.0,14.0,8x8,2,2,0.0002846744830513805,0.6846680921874744,0.31504723332947426,5679.631119045203,5409.07392726547,35520.826152801514,36346.78712845035,768.2981963521893
1623,0,Case3,8x8_124,42.0,-66.0,8x8,2,2,0.004814094013122458,0.9931501651433859,0.0020357408434918,6212.547389660108,6244.101934116831,19344.97352027893,19516.786327504076,265.7847036140359
1629,0,Case3,8x8_130,-59.0,12.0,8x8,2,2,0.00018168421889032168,0.9390889077150547,0.060729408066054924,5387.960247755236,5297.023887477277,36987.187782764435,36909.34468914344,326.9960721198348
1638,0,Case3,8x8_139,-52.0,-36.0,8x8,2,2,0.0007013317555465677,0.9981703535991113,0.0011283146453420086,6711.082886921032,6473.252795548513,21071.09661102295,21576.323900337895,521.9792317973073
1640,0,Case3,8x8_141,79.0,49.0,8x8,2,2,0.0018261251891970064,0.9978479994753722,0.00032587533543089117,5505.314129107697,5748.602148519579,16600.381242752075,17028.1623885248,420.2681088883763
1641,0,Case3,8x8_142,56.0,10.0,8x8,2,3,0.00013651987659650612,0.14486637390589074,0.8549971062175127,5377.513188781139,5060.6397128386925,37395.50156164169,37871.53843724221,731.4451228091056
1642,0,Case3,8x8_143,39.0,-35.0,8x8,2,2,0.004368716155371432,0.9637949885225052,0.03183629532212334,7200.719787992477,6946.155509550555,22064.017192065716,22569.243620951707,568.5029723161601
1645,0,Case3,8x8_146,-41.0,-28.0,8x8,2,3,0.000600961130517177,0.47580038541201863,0.5235986534574643,6594.977481166135,6572.143167371143,25990.700934290886,28153.786044598608,1842.0248779569308
1646,0,Case3,8x8_147,47.0,23.0,8x8,2,2,0.00032745011442715283,0.6700203034215216,0.32965224646405134,6086.069174026869,5848.451155593992,29975.44226026535,30841.894218172773,992.4570705637835
1658,0,Case3,8x8_159,-9.0,-4.0,8x8,3,3,3.8829613847643665e-05,0.0004974588703043738,0.9994637115158479,4784.071618648622,4924.4169007580285,35920.61468595266,38902.00830772959,1988.9811795262738
1661,0,Case3,8x8_162,-71.0,-11.0,8x8,2,2,0.00019618654055041516,0.6290666098946561,0.37073720356479367,4599.47291254433,4477.0903298868425,37024.23967695236,38770.324031021126,1420.6462263759865
1663,0,Case3,8x8_164,-16.0,-5.0,8x8,3,3,3.631608708210629e-05,0.0005223518336142026,0.9994413320793036,5064.298756250096,4927.315522104228,37529.08621877432,38923.372922389586,1317.3147203195413
1669,0,Case3,8x8_170,-35.0,-50.0,8x8,2,2,0.001153973364940507,0.9945652521246892,0.004280774510370486,6729.539033237823,6509.834143608233,21506.17272567749,20679.07372422324,574.1524596732087
1671,0,Case3,8x8_172,-68.0,5.0,8x8,2,3,0.0001663937389809755,0.27336433290239165,0.7264692733586274,4685.899680162475,4466.75060025292,38062.803205251694,39174.00007402393,1051.2374814520779
1682,0,Case3,8x8_183,37.0,63.0,8x8,2,2,0.00031271816963057805,0.9991754109942378,0.0005118708361314846,6157.0559242177715,5928.804752942518,22285.64648246765,22013.721183698603,293.14119698063087
1688,0,Case3,8x8_189,34.0,0.0,8x8,3,3,2.3056611876380554e-05,0.0006675102203843045,0.9993094331677393,5508.600371518995,5185.4479522094025,37624.85564517975,39066.22083634689,1397.618013706866
1698,0,Case3,8x8_199,-45.0,82.0,8x8,2,2,0.0003410355557357823,0.9985803317058443,0.001078632738419964,5351.904110029425,5215.14118872066,18972.75307801366,19517.829918304822,531.5793329231199
1703,0,Case3,8x8_204,27.0,-22.0,8x8,3,3,4.8506595145889133e-05,0.000741413764107615,0.9992100796407466,6227.089851817885,6033.744521654812,32662.727853626013,35356.18859505198,1935.7476150023303
1707,0,Case3,8x8_208,-87.0,47.0,8x8,2,2,0.0014730403432466068,0.9982491765952012,0.000277783061552121,5241.285540709097,5774.541775727532,17959.255588173866,18802.310311403555,661.4971897857672
1714,0,Case3,8x8_215,9.0,13.0,8x8,3,3,3.637309677248419e-05,0.00047131099430885944,0.9994923159089187,5137.830275241911,5072.590721450826,37257.1520203352,38461.59677064656,1034.1767769598582
1715,0,Case3,8x8_216,-10.0,59.0,8x8,2,2,9.186899200704473e-05,0.9769878452382152,0.02292028576977765,5195.54750756793,4985.585584799139,37556.780430316925,37998.17263000806,404.36152572496593
1717,0,Case3,8x8_218,5.0,-15.0,8x8,3,3,3.1851546493659676e-05,0.000344402673858312,0.9996237457796481,5135.380989152261,5135.588674742066,37447.23813354969,38747.84511521925,1094.823583006741
1721,0,Case3,8x8_222,7.0,-80.0,8x8,3,2,0.00016379204122628734,0.602382997074478,0.39745321088429586,4040.516102851325,4001.0733332927034,35875.66543221474,37952.82965342172,1343.095359489521
1729,0,Case3,8x8_230,-44.0,-30.0,8x8,2,2,0.0005765704245299694,0.931958265783338,0.06746516379213206,6612.669125424975,6659.731913755103,24572.994671732187,26229.196355252287,1337.5320107799419
1744,0,Case3,8x8_245,-34.0,-14.0,8x8,3,3,3.591520291181858e-05,0.0012150408190760682,0.9987490439780122,5717.613982442492,5603.066952481265,34840.69558274746,36813.03415847878,1560.089573136444
1759,0,Case3,8x8_260,-50.0,68.0,8x8,2,2,0.012088777778185301,0.9867673393882557,0.001143882833558959,6285.180715353422,6004.107116800898,15217.245170593262,15757.900930334097,422.35071228061884
1760,0,Case3,8x8_261,-14.0,-28.0,8x8,3,3,2.5797261710538546e-05,0.00042211490244379647,0.9995520878358457,5641.870263550833,5825.891995796423,35611.23389029503,36158.59032536916,533.390379625732
1762,0,Case3,8x8_263,-24.0,2.0,8x8,3,3,3.4785336754379393e-05,0.0007001118535167833,0.9992651028097287,5287.498657999055,4978.821406613371,37891.93917179108,38820.191902202,954.2179339531864
1767,0,Case3,8x8_268,-59.0,29.0,8x8,2,2,0.00031051353153914435,0.9992079939172679,0.0004814925511929073,6049.489032525358,5581.64977581826,27566.338032245636,27657.68596255209,229.99855280972557
1768,0,Case3,8x8_269,-60.0,60.0,8x8,1,1,0.9930409266062022,0.006569699716947895,0.000389373676849958,6610.134475080261,6336.835370516611,12020.371646881104,12014.61516586122,209.940232649463
1771,0,Case3,8x8_272,72.0,69.0,8x8,1,2,0.4817807955581936,0.5142041053088007,0.0040150991330057464,4354.133201568878,4034.872393508491,10103.812602996826,8513.567619360925,1099.4712459557857
1772,0,Case3,8x8_273,81.0,62.0,8x8,2,2,0.08815742440956437,0.9093801583522588,0.0024624172381768855,4794.198050892342,4728.277118134863,11183.37955570221,10389.493834108996,546.6267538945459
1778,0,Case3,8x8_279,-88.0,-89.0,8x8,1,2,0.04224047898328608,0.9351375673197622,0.022621953696951736,2345.1859644138412,2659.9459145232645,8265.7601801157,7329.364451791955,535.6015505256728
1790,0,Case3,8x8_291,26.0,5.0,8x8,3,3,2.7553462397053253e-05,0.00048361040930977383,0.9994888361282932,5514.936620367583,5116.830432453961,37628.213329315186,39093.87749638283,1414.2493018367445
1793,0,Case3,8x8_294,-71.0,-57.0,8x8,1,1,0.9358769746817721,0.06260752750734622,0.0015154978108815086,6067.17917881581,5829.327505339328,12956.714796066284,11965.993515434791,663.7890290761871
1803,0,Case4,6x4_004,49.0,48.0,6x4,1,1,0.9943628331083914,0.0055117923320439095,0.00012537455956469746,14605.531869322482,15640.078538484875,16929.045028686523,16755.10669167691,282.9293769724009
1805,0,Case4,6x4_006,-15.0,-74.0,6x4,2,2,0.00018582125805088176,0.9991498060687254,0.0006643726732238267,21416.816488874498,21674.7427886665,39465.2301094532,40543.974529987194,692.6593492404118
1815,0,Case4,6x4_016,75.0,-61.0,6x4,1,1,0.9996107902340176,0.0002661979972220031,0.00012301176876065254,9606.218223163476,9404.083987634278,12287.863578796387,11042.910613952008,833.8065677033948
1816,0,Case4,6x4_017,-30.0,66.0,6x4,2,2,0.00834263704225746,0.9913587403106439,0.0002986226470987292,17744.618846286707,19929.11503153516,30512.97803878784,31685.97529011557,1036.7108561267416
1820,0,Case4,6x4_021,-49.0,-67.0,6x4,1,1,0.9970514569014325,0.0028589223513832804,8.962074718423446e-05,13167.318747343248,14346.02156692253,16887.499229431152,15646.757027621285,1166.0470091575373
1826,0,Case4,6x4_027,54.0,-38.0,6x4,1,2,0.15431187633608826,0.8452541015920254,0.0004340220718862043,15434.554916393454,16734.171896586202,22165.987327575684,22790.097122812862,715.0849606530217
1836,0,Case4,6x4_037,-85.0,67.0,6x4,1,1,0.9990927907737885,0.0006291687589326328,0.00027804046727896407,7472.906084422283,7253.065870736161,10522.489624023438,9356.384423946969,745.0500118171348
1838,0,Case4,6x4_039,64.0,42.0,6x4,1,1,0.9476672031847723,0.051943369679300626,0.00038942713592701267,15153.472420711814,14380.405127590384,21554.439155578613,18674.768249142428,1728.0521215825356
1850,0,Case4,6x4_051,28.0,57.0,6x4,2,2,0.014916430719169906,0.9841346583419436,0.0009489109388865856,17211.139894556734,18448.701649153103,30315.12269592285,30527.62235565643,532.4329977772717
1854,0,Case4,6x4_055,44.0,-49.0,6x4,1,1,0.964893514445319,0.03489684595314645,0.0002096396015344592,16003.53308045265,17319.94246231924,19112.50762939453,19446.86644923959,483.81636787926027
1865,0,Case4,6x4_066,75.0,72.0,6x4,1,1,0.9990913014737115,0.0007901080387418737,0.00011859048754667916,7574.793974005972,8076.789826170104,10228.909744262695,9551.839807325829,488.3524829265418
1868,0,Case4,6x4_069,-36.0,57.0,6x4,2,2,0.30961251065511053,0.6898405924487577,0.0005468968961318648,15953.533601743304,18107.253212588945,24263.719841003418,23138.442558416857,726.2481847947465
1869,0,Case4,6x4_070,-89.0,-51.0,6x4,1,1,0.968489673063048,0.030903231960634603,0.0006070949763173958,10741.93579880972,11297.633728858582,16095.344825744629,15675.714834679507,289.25446615840616
1870,0,Case4,6x4_071,-45.0,-29.0,6x4,2,2,0.004687154178886669,0.9950537029910029,0.00025914283011051084,16187.949974005638,17759.4281222596,27219.65446472168,27103.6159162495,495.00782127345997
1871,0,Case4,6x4_072,-29.0,13.0,6x4,3,3,0.004250847393845174,0.4012165874434279,0.5945325651627269,20883.60514859316,22784.93213053332,38859.38718223572,40583.67011407086,1247.006511078722
1875,0,Case4,6x4_076,50.0,5.0,6x4,2,2,0.0011420221747855035,0.9391502411984729,0.05970773662674159,21909.575475465925,24936.13297800604,41123.982788562775,41976.97756256236,795.7265717427089
1879,0,Case4,6x4_080,-53.0,-64.0,6x4,1,1,0.9991441716191048,0.0007884466200892338,6.738176080599765e-05,13084.614568148081,13579.168424016672,15165.633514404297,14371.452509333178,568.5682594461381
1896,0,Case4,6x4_097,-46.0,-23.0,6x4,2,2,0.0010544734967382488,0.9986176116284137,0.00032791487484809675,17833.473577146986,18654.80883396984,32063.492713928223,31847.845631564927,521.9830251402917
1904,0,Case4,6x4_105,89.0,-77.0,6x4,1,1,0.9994051077957159,0.00023155603999620993,0.0003633361642878975,5739.6752127169875,5127.404334144543,8958.086605072021,8160.839662476471,545.241272371643
1907,0,Case4,6x4_108,46.0,-72.0,6x4,1,1,0.986147690079066,0.01354576569130617,0.0003065442296278675,13003.628983356539,15304.973046918749,18727.46742248535,18938.436978788646,722.5600193964535
1909,0,Case4,6x4_110,-51.0,1.0,6x4,2,2,0.0002046473536206722,0.997080730245212,0.0027146224011672833,22182.1381511646,23900.114732152884,41563.2114109993,42223.45623445717,444.56757757866524
1920,0,Case4,6x4_121,-50.0,14.0,6x4,2,2,0.00019769292936467692,0.9992507137875094,0.00055159328312592,20916.586085929557,20851.060759343323,38361.68171977997,37586.2725985997,563.6359126754085
1923,0,Case4,6x4_124,42.0,-66.0,6x4,1,1,0.8444492409521446,0.15511303616319871,0.0004377228846569113,15459.117617288746,16840.31363204228,22080.854751586914,21578.099116899888,385.5019355829069
1928,0,Case4,6x4_129,24.0,11.0,6x4,3,3,0.0006435342307519415,0.030230483032831285,0.9691259827364167,19751.16392023655,21143.006978533653,39960.5693359375,41095.144116433876,835.9061721972979
1931,0,Case4,6x4_132,38.0,35.0,6x4,2,1,0.7451880141302772,0.2536425022798939,0.001169483589828942,15742.111371218838,17936.295304074603,24059.537071228027,23571.762331261496,802.2316812466165
1939,0,Case4,6x4_140,1.0,-3.0,6x4,3,3,0.0028886666263759045,0.1299337724054026,0.8671775609682215,16760.952958425063,19002.61556892918,37636.417872577906,42862.39710006375,3204.158790190224
1948,0,Case4,6x4_149,24.0,-59.0,6x4,2,2,0.0007215297245967604,0.9989944772955324,0.00028399297987069874,18488.535927105037,19388.685333746882,33730.73690032959,33882.71683522833,257.9106118197268
1953,0,Case4,6x4_154,-65.0,-65.0,6x4,1,1,0.9997263507236851,0.00020168308255850924,7.196619375645445e-05,10599.394286375713,11173.268357116416,12310.45386505127,11941.71203225095,231.3754459897542
1957,0,Case4,6x4_158,17.0,-43.0,6x4,2,2,0.0005519485851806266,0.9963807754396258,0.003067275975193528,20408.53420979199,21644.035232015547,36188.637437820435,36958.51765875984,597.0243078785677
1960,0,Case4,6x4_161,-43.0,-45.0,6x4,1,1,0.9492572636274939,0.050552964050648894,0.00018977232185720343,15352.175073884922,17026.58686997837,19067.69985961914,19080.82790333425,404.3443112825096
1966,0,Case4,6x4_167,-4.0,-6.0,6x4,3,3,0.0032934624429517725,0.15579543670830906,0.8409111008487391,16689.115446080476,19163.32614241836,38138.52266561985,42481.918848270296,3064.1762381582053
1979,0,Case4,6x4_180,-14.0,88.0,6x4,2,2,0.0009242918651889671,0.9978134388374109,0.0012622692974001918,21811.848537109374,20151.29123928209,39525.35929477215,38730.06168862498,549.7735579228482
1981,0,Case4,6x4_182,-14.0,42.0,6x4,2,2,0.0009997865154951218,0.9816673924102415,0.017332821074263274,20666.746430570336,22236.413798993468,37796.9808177948,39144.21513499018,943.5535953822094
1982,0,Case4,6x4_183,37.0,63.0,6x4,2,2,0.2972555268002168,0.7015884327178871,0.0011560404818962082,15989.98335424239,16340.0950337806,24761.68881225586,23983.747703722805,368.17810334104934
1995,0,Case4,6x4_196,-32.0,84.0,6x4,2,2,0.02046435441971971,0.9788732613228857,0.0006623842573946282,17519.585877242494,18427.6805089454,30593.83186340332,30953.896135295254,501.8183170045285
2000,0,Case4,6x4_201,-73.0,-27.0,6x4,2,2,0.0009416906218553373,0.9989060762166646,0.00015223316148004238,18501.122888261427,20262.78031459552,33167.381256103516,34634.54534157389,1179.9122147531489
2004,0,Case4,6x4_205,-58.0,-50.0,6x4,1,1,0.9980821278474518,0.0018559745262760165,6.189762627221461e-05,15043.964088905863,14768.38003614319,17203.33462524414,15781.29743963366,390.126419508355
2018,0,Case4,6x4_219,-7.0,65.0,6x4,2,2,0.00043983931124632404,0.9975391462539122,0.0020210144348416234,22026.789682494044,23700.795627246946,41646.88544821739,42385.40143349378,600.095848624027
2021,0,Case4,6x4_222,7.0,-80.0,6x4,2,2,0.0002001143100068078,0.9978271082082887,0.0019727774817044925,21951.63874377695,22569.818434909736,41153.453169465065,42965.44935268206,1158.8216645906334
2027,0,Case4,6x4_228,60.0,-31.0,6x4,2,2,0.004520466139332177,0.9951356624956383,0.0003438713650295871,16621.60805151021,17631.145120874495,28574.11528778076,28921.72848857382,445.8784637217084
2030,0,Case4,6x4_231,-69.0,24.0,6x4,2,2,0.00030334591137878185,0.9994726422762085,0.00022401181241271117,19224.879870378172,19872.401877860444,34874.073947906494,35873.91901264357,752.5170109142939
2032,0,Case4,6x4_233,61.0,-20.0,6x4,2,2,0.0014327490680315792,0.9976564936111669,0.0009107573208014826,19915.969943875163,20181.70988887599,36472.38287734985,36569.350839764666,386.13350785305505
2034,0,Case4,6x4_235,-62.0,7.0,6x4,2,2,0.00020310594697095933,0.9987438108211187,0.001053083231910329,21835.9882752521,24194.405392295354,41476.297364115715,42912.46528132837,944.4570347073986
2038,0,Case4,6x4_239,30.0,17.0,6x4,3,3,0.001067676155390446,0.0665201322089057,0.9324121916357038,19618.95197201205,22200.887780894627,36857.32393074036,38446.200406621356,1338.7344214803145
2039,0,Case4,6x4_240,53.0,26.0,6x4,2,2,0.09424005552069976,0.9036617987031144,0.00209814577618581,17734.917223634024,18602.022542725193,30946.93249130249,29307.327252581086,977.2884693240193
2041,0,Case4,6x4_242,-31.0,60.0,6x4,2,2,0.016577995046242727,0.9831052111736285,0.0003167937801286576,17180.947617492322,19763.41709325955,28687.202659606934,29330.63695258717,687.415767133556
2050,0,Case4,6x4_251,-69.0,0.0,6x4,2,2,0.00024066169623930715,0.9972187784418712,0.0025405598618895146,22172.860475327252,25396.450793521984,42014.18187355995,44999.61490950668,1986.7848889568993
2058,0,Case4,6x4_259,-6.0,38.0,6x4,2,3,0.0009879914950034967,0.363269302887623,0.6357427056173736,22505.43002054607,24422.74181050327,40432.08909416199,42362.675012928645,1446.2688810237673
2059,0,Case4,6x4_260,-50.0,68.0,6x4,1,1,0.9976550208841928,0.0022482471171794576,9.673199862789974e-05,12955.989049221287,14446.997524541686,16483.54901123047,15463.596818989727,1211.9686366234548
2061,0,Case4,6x4_262,-57.0,76.0,6x4,1,1,0.9990876935481873,0.000780086214829875,0.0001322202369830024,10329.062946712249,10548.895710416593,13549.177612304688,12315.148048931755,962.1804819723363
2064,0,Case4,6x4_265,-25.0,-84.0,6x4,2,2,0.00036296965336392767,0.9991141158973318,0.0005229144493042906,19292.212069492394,19441.31086665231,34910.310574531555,36920.265235189814,1393.7550320827277
2069,0,Case4,6x4_270,10.0,76.0,6x4,2,2,0.0006776307069100584,0.9959139871598296,0.0034083821332603014,21611.960588256665,24124.300697150342,40818.75449132919,42297.07131167408,1032.9605339362756
2070,0,Case4,6x4_271,-30.0,50.0,6x4,2,2,0.014423556800591026,0.9852239519847571,0.00035249121465194127,16678.592083709733,18832.735861933186,27386.615921020508,28210.949727043684,721.1678771472258
2079,0,Case4,6x4_280,-31.0,-12.0,6x4,3,2,0.0024651345311619516,0.5838813591768667,0.4136535062919715,20750.043732987455,22116.41520048275,38838.11024284363,40489.11184605512,1124.7573101601633
2082,0,Case4,6x4_283,34.0,-21.0,6x4,2,2,0.004521427804043681,0.8692096732720158,0.12626889892394055,19009.848796371974,22120.018144147536,33870.53034210205,37187.3949736634,2436.1010014781614
2086,0,Case4,6x4_287,-77.0,22.0,6x4,2,2,0.000383833722678454,0.9989459530298163,0.0006702132475052702,19849.465707642335,21850.15381988396,36412.44595813751,38787.28341151348,1679.2406362723152
2089,0,Case4,6x4_290,20.0,-82.0,6x4,2,2,0.00044117313312998913,0.9982872575636974,0.0012715693031725723,20429.775187642066,22616.19701203014,37513.2105971165,39176.64843451329,1152.156899405838
2090,0,Case4,6x4_291,26.0,5.0,6x4,3,3,0.0005760925509476765,0.03547606577342573,0.9639478416756266,19104.838989224707,21198.582589090707,40756.90829086304,41449.57110842611,495.25876836901955
2092,0,Case4,6x4_293,-28.0,11.0,6x4,3,3,0.003583811734287955,0.3385244549830344,0.6578917332826776,19825.369609052064,22628.579401293962,39620.838079452515,40970.472542505544,968.3424516467309
2099,0,Case4,6x4_300,51.0,46.0,6x4,1,1,0.991558027725941,0.008296133725128595,0.00014583854893024045,15617.486585595781,15769.473562971032,18262.02685546875,17321.031350329886,311.6989746946481
2103,0,Case4,6x8_004,49.0,48.0,6x8,1,1,0.7897275629289103,0.20997565969230886,0.0002967773787808578,10345.814402965785,10480.098896585705,14679.040092468262,14892.922430088378,354.05991017824203
2105,0,Case4,6x8_006,-15.0,-74.0,6x8,2,2,7.115937430917373e-05,0.9991796513603411,0.0007491892653497599,6880.468260381428,6755.32854626019,35291.513306736946,36019.400830760875,587.7241229479969
2115,0,Case4,6x8_016,75.0,-61.0,6x8,1,1,0.9994335019814877,0.0004675235550509142,9.897446346149365e-05,6871.359299724581,6206.218958911519,10802.95866394043,9418.992746245976,999.146833708676
2116,0,Case4,6x8_017,-30.0,66.0,6x8,2,2,0.00015050130782362386,0.9997530085808894,9.64901112869194e-05,8414.677848720406,7716.967634902751,27255.210341453552,28450.563712344458,830.1355695645577
2120,0,Case4,6x8_021,-49.0,-67.0,6x8,1,1,0.8844426324205845,0.11534666463805002,0.00021070294136547906,9503.869878837782,9622.753634434572,15686.264122009277,14935.898419049798,349.45771633699917
2126,0,Case4,6x8_027,54.0,-38.0,6x8,2,2,0.001664487276859145,0.9982442124055241,9.130031761673282e-05,9565.27168420092,9253.007640996202,19604.77409362793,20188.727624470084,511.6841391423816
2136,0,Case4,6x8_037,-85.0,67.0,6x8,1,1,0.9740926861452802,0.02491237980103192,0.0009949340536879413,5062.2037207287,4397.395754567071,9315.302597045898,7865.405902872082,1006.309959827235
2138,0,Case4,6x8_039,64.0,42.0,6x8,2,2,0.02406796363159395,0.9757920275750679,0.00014000879333822005,9278.336349474816,9292.202268921108,18809.815963745117,18472.293413334715,345.3541320876636
2150,0,Case4,6x8_051,28.0,57.0,6x8,2,2,0.00024222037337674998,0.9996731234854737,8.465614114966423e-05,8468.996858937608,8117.758452003497,27249.059370040894,27846.773593934966,501.4672183610277
2154,0,Case4,6x8_055,44.0,-49.0,6x8,1,1,0.5435839021820196,0.45598280753550696,0.00043329028247340786,10549.665211453328,10279.224580445607,16422.09864807129,16344.869067673639,223.5710507158503
2165,0,Case4,6x8_066,75.0,72.0,6x8,1,1,0.9971154327353782,0.0027839604238837465,0.0001006068407381336,5336.3009277028705,5097.142814402935,9442.000442504883,8179.598292677713,801.5246971159132
2168,0,Case4,6x8_069,-36.0,57.0,6x8,2,2,0.0004582282895054173,0.9994754191197706,6.635259072402215e-05,9269.875387253875,9010.733249731094,21485.407569885254,22708.464883486362,882.9611651409318
2169,0,Case4,6x8_070,-89.0,-51.0,6x8,1,2,0.10278983219239758,0.8965666689992137,0.0006434988083885579,8186.885156503056,7929.048317377059,14445.537746429443,15180.302299777799,619.172935355858
2170,0,Case4,6x8_071,-45.0,-29.0,6x8,2,2,0.0003552850568214758,0.9993156396383913,0.00032907530478714346,8522.70335144116,8396.744411184156,24647.155527114868,23387.020939545822,874.8831468498261
2171,0,Case4,6x8_072,-29.0,13.0,6x8,3,3,0.0001029029471967373,0.003653860951177109,0.9962432361016261,6416.567888444309,5931.479689955059,35103.31316757202,35932.45015038611,731.8701521033387
2175,0,Case4,6x8_076,50.0,5.0,6x8,2,2,8.514810043906152e-05,0.9910027953377659,0.008912056561795167,6882.240635812853,6702.4313841275125,37303.386585474014,36885.77036310954,507.3653506732674
2179,0,Case4,6x8_080,-53.0,-64.0,6x8,1,1,0.9903020272619605,0.009610676796905658,8.729594113377353e-05,10024.140841406297,9430.041078732922,14122.489807128906,13235.281263469253,418.8233260763088
2196,0,Case4,6x8_097,-46.0,-23.0,6x8,2,2,0.00017517752108252958,0.9989573153636878,0.0008675071152296756,7984.983347223492,7930.123512516158,29121.380992889404,27778.139549614596,942.5809825071891
2204,0,Case4,6x8_105,89.0,-77.0,6x8,1,1,0.9993433010742857,0.0004172511802064151,0.0002394477455077363,3788.9218588223316,3725.206770693996,8015.466123580933,7481.746828928753,373.68434008311465
2207,0,Case4,6x8_108,46.0,-72.0,6x8,2,1,0.6730649562710868,0.3263939917837495,0.0005410519451638185,9086.16488647708,8923.112928922952,17722.85117340088,15206.914689752153,1590.7248885981724
2209,0,Case4,6x8_110,-51.0,1.0,6x8,2,2,4.092847587257016e-05,0.9966526110649606,0.0033064604591668705,6852.670701511454,6825.25703138671,37699.48854830861,37814.32937276478,355.31427254905077
2220,0,Case4,6x8_121,-50.0,14.0,6x8,2,2,6.32902206335654e-05,0.9996615717539757,0.0002751380253907952,7349.083490589079,7456.505238213399,34827.34382390976,33784.00052738676,821.5612031251982
2223,0,Case4,6x8_124,42.0,-66.0,6x8,2,2,0.08927854845682201,0.9104596756014316,0.0002617759417464235,9239.133954507131,9374.304617771408,19172.13052368164,17499.131798469047,1049.8421822206835
2228,0,Case4,6x8_129,24.0,11.0,6x8,3,3,7.192660621633447e-05,0.0015100103607144464,0.9984180630330692,5785.386087532803,5725.6528277247535,36080.30643081665,36111.57858527281,261.74672567679255
2231,0,Case4,6x8_132,38.0,35.0,6x8,2,2,0.009006522563755245,0.9907274657799845,0.00026601165626015134,9210.012389276973,9240.550408699599,21680.69285583496,20487.398587714113,910.0393743334848
2239,0,Case4,6x8_140,1.0,-3.0,6x8,3,3,0.0001328306719896119,0.001986696060563372,0.997880473267447,11665.921143637339,4739.9220908545885,38683.265884399414,37875.49516389517,1640.6992884196256
2248,0,Case4,6x8_149,24.0,-59.0,6x8,2,2,0.00010432455459472993,0.9997690034849898,0.00012667196041542356,8161.766026699633,7886.071470309415,30397.26117360592,30332.362211131487,161.13899336015015
2253,0,Case4,6x8_154,-65.0,-65.0,6x8,1,1,0.9992259654993702,0.0007208115384608413,5.3222962169253566e-05,7049.5342982797365,7851.141505868238,10884.495803833008,10448.054893233875,274.3748750540669
2257,0,Case4,6x8_158,17.0,-43.0,6x8,2,2,9.456322387293071e-05,0.9749823555883452,0.024923081187781932,7455.810587404853,7178.961461011394,32770.88709640503,32878.471243257656,489.26995161523104
2260,0,Case4,6x8_161,-43.0,-45.0,6x8,1,2,0.09792291603931712,0.901707129655363,0.000369954305319796,10437.139162342337,10432.909343596859,17196.649085998535,17303.589672611248,405.3480912316502
2266,0,Case4,6x8_167,-4.0,-6.0,6x8,3,3,0.00013706459645598579,0.0020759932711329515,0.997786942132411,4488.450351485556,4783.916118887022,34392.039455890656,37735.66456855941,2280.4941948610094
2279,0,Case4,6x8_180,-14.0,88.0,6x8,2,2,0.00012639703893943278,0.9994964720360957,0.000377130924964665,6540.939492371669,6307.6153277919,34962.84610271454,34509.59748433197,297.21896139698185
2281,0,Case4,6x8_182,-14.0,42.0,6x8,2,2,7.643012824118598e-05,0.990135660640715,0.009787909231043768,7184.729909020651,6960.767580311066,34200.44633579254,35258.328708329864,819.2129994209992
2282,0,Case4,6x8_183,37.0,63.0,6x8,2,2,0.0017263968721183084,0.998203729247942,6.987387993960566e-05,9004.373983872552,9034.361978709969,21843.580421447754,21973.575038372055,372.05509255205317
2295,0,Case4,6x8_196,-32.0,84.0,6x8,2,2,0.00022881424484185852,0.9996388299102896,0.00013235584486843472,7821.786440860429,7303.484845159289,27039.011424632743,27847.55163940286,640.9925032681604
2300,0,Case4,6x8_201,-73.0,-27.0,6x8,2,2,7.678419989380798e-05,0.9997377546415671,0.00018546115853907967,7831.371908690561,7415.21700673889,29689.18793940544,31170.613386876517,1059.4709981357657
2304,0,Case4,6x8_205,-58.0,-50.0,6x8,1,1,0.966705064557558,0.03318966461849127,0.00010527082395059818,10405.310858162955,10242.382666673857,14604.891159057617,14364.069041315022,243.387171411503
2318,0,Case4,6x8_219,-7.0,65.0,6x8,2,2,8.685479130167308e-05,0.9995089866994927,0.00040415850920563334,6932.388083725194,6923.012397328809,37474.292912602425,36207.93441609496,794.8388771513911
2321,0,Case4,6x8_222,7.0,-80.0,6x8,2,2,7.496550372110184e-05,0.998538958870627,0.001386075625651795,6386.412938996282,6308.5890585752295,36240.229226112366,36944.504205533245,585.9585456860347
2327,0,Case4,6x8_228,60.0,-31.0,6x8,2,2,0.0002405819360752982,0.9996339153186093,0.0001255027453153467,8734.503444664257,8180.950694284047,25644.253595352173,26251.33984088205,527.6461861282011
2330,0,Case4,6x8_231,-69.0,24.0,6x8,2,2,7.235255245836213e-05,0.9998395607743268,8.808667321491274e-05,7851.701228449493,7623.716059299575,31354.561149835587,31024.96985152144,277.57533076403644
2332,0,Case4,6x8_233,61.0,-20.0,6x8,2,2,0.00010221311574467023,0.9996602314256805,0.00023755545857478592,7754.9070704342,7402.540172429157,32987.587532281876,32601.017457266487,322.0577670670007
2334,0,Case4,6x8_235,-62.0,7.0,6x8,2,2,4.2782489468761954e-05,0.9996671454636462,0.00029007204688490156,6933.2492408652315,7005.2773972864325,37493.894362062216,36595.64888819237,692.8112788711994
2338,0,Case4,6x8_239,30.0,17.0,6x8,3,3,0.00012692913861470347,0.008497447021413326,0.991375623839972,6745.651579757251,6895.169843609475,33319.42469787598,32793.58575838251,440.0367472187433
2339,0,Case4,6x8_240,53.0,26.0,6x8,2,2,0.00037794374381549314,0.9994862245126335,0.00013583174355096504,8282.711023932668,7945.403318431936,28005.28789806366,28083.90414683039,212.06518149613515
2341,0,Case4,6x8_242,-31.0,60.0,6x8,2,2,0.00015699937221513486,0.9997653267631306,7.767386465424241e-05,8734.78748660295,8015.345302179749,25654.566709518433,27084.202566593267,983.2297364171413
2350,0,Case4,6x8_251,-69.0,0.0,6x8,2,2,4.328276469374499e-05,0.9988059197024041,0.0011507975329022302,6560.822273593419,6543.377034231122,37665.77717542648,38561.24628232772,671.9879529420575
2358,0,Case4,6x8_259,-6.0,38.0,6x8,3,3,0.00010623852286677987,0.13808064874320836,0.8618131127339249,6513.434386820206,6238.357900111473,36492.4520740509,38255.24429816784,1375.8771489607936
2359,0,Case4,6x8_260,-50.0,68.0,6x8,1,2,0.23677006516261115,0.7627522131081476,0.00047772172924115435,9565.940024932668,9226.755053279496,15464.685592651367,14315.63240061151,654.4631324986619
2361,0,Case4,6x8_262,-57.0,76.0,6x8,1,1,0.9013467751567854,0.0981346260821471,0.00051859876106747,7558.521585328418,7318.345888994921,11929.814750671387,10922.4114849705,771.8242542946084
2364,0,Case4,6x8_265,-25.0,-84.0,6x8,2,2,8.634865103231052e-05,0.9994461964860495,0.00046745486291825043,7362.834359831665,7058.43615967834,31019.5062789917,33495.90318055378,1826.4033240791284
2369,0,Case4,6x8_270,10.0,76.0,6x8,2,2,8.643972708999779e-05,0.9995608827804665,0.00035267749244348836,6605.337987169939,6427.9367266251,36321.2296936512,36087.220813324806,234.1238988494443
2370,0,Case4,6x8_271,-30.0,50.0,6x8,2,2,0.00017543694235181052,0.9997531257333501,7.143732429812877e-05,8798.518890412499,8478.806133840793,24624.598400115967,25782.975654303744,824.6139022057511
2379,0,Case4,6x8_280,-31.0,-12.0,6x8,3,3,5.5292858354247026e-05,0.002393560251146925,0.9975511468904988,6444.851030607163,5969.224725746133,35092.53685760498,35450.47839434695,437.621391368592
2382,0,Case4,6x8_283,34.0,-21.0,6x8,3,3,0.00014587634846895242,0.03572383042263376,0.9641302932288973,7306.768838299252,7091.741453315176,30707.633045196533,32161.362646466852,1211.4855864826043
2386,0,Case4,6x8_287,-77.0,22.0,6x8,2,2,6.700931515026082e-05,0.9997442336578495,0.00018875702700022476,7284.815639990839,7216.369586154452,32588.550181150436,32296.777379155676,312.92117637820655
2389,0,Case4,6x8_290,20.0,-82.0,6x8,2,2,0.00011434525552981746,0.9995646663407941,0.0003209884036760366,7052.750141698297,7171.989253793838,33379.82444143295,33223.68774327929,209.1343023711329
2390,0,Case4,6x8_291,26.0,5.0,6x8,3,3,4.962426673497079e-05,0.0013717751629913036,0.9985786005702738,5775.2654415921625,5627.557990170763,36797.170598983765,36789.910331017614,234.97834597467696
2392,0,Case4,6x8_293,-28.0,11.0,6x8,3,3,8.944822210201957e-05,0.0027616041240182865,0.9971489476538797,6159.111269899296,5641.421501843525,35778.83739280701,36699.93054095878,772.0882192114846
2399,0,Case4,6x8_300,51.0,46.0,6x8,1,2,0.48770708691236847,0.5119253125160935,0.0003676005715380379,10588.056327098047,10324.52877537752,15666.182998657227,15661.72689177315,327.5749323303438
2403,0,Case4,8x8_004,49.0,48.0,8x8,2,2,0.07558308938491284,0.9230234976177384,0.001393412997348741,7585.780562375417,7394.457715951539,15535.198421478271,15036.927149896856,421.08812249659934
2405,0,Case4,8x8_006,-15.0,-74.0,8x8,2,2,6.469123138418154e-05,0.9938719068101762,0.006063401958439584,4661.925220386595,4504.580619266724,35804.23664557934,37105.558920700656,1094.3480175267455
2415,0,Case4,8x8_016,75.0,-61.0,8x8,1,1,0.9808617297726351,0.01839289179174647,0.0007453784356184516,5653.168995551615,4297.414412275288,11439.384811401367,10016.68890304752,1026.364486762817
2416,0,Case4,8x8_017,-30.0,66.0,8x8,2,2,0.00010723154031126837,0.9996423482909719,0.0002504201687168672,5780.0412960457825,5381.43067767769,27831.09952187538,27471.24422302445,261.8988219759147
2420,0,Case4,8x8_021,-49.0,-67.0,8x8,2,2,0.04356755027261181,0.9560336058216934,0.00039884390569498387,6275.321839830937,6379.538475348041,15497.813451766968,14688.526277933148,553.4820350282548
2426,0,Case4,8x8_027,54.0,-38.0,8x8,2,2,0.00030540562071258395,0.9993613248325125,0.00033326954677484434,6729.300388056959,6617.9531440451965,20018.408618927002,21113.12890839251,771.0953068016479
2436,0,Case4,8x8_037,-85.0,67.0,8x8,2,2,0.008083866677089043,0.988313823078759,0.003602310244152042,3789.0757723193256,3647.3749767433414,10068.479219436646,9675.261895765552,283.95016448668576
2438,0,Case4,8x8_039,64.0,42.0,8x8,2,2,0.000871060257260007,0.9987095063800653,0.00041943336267461607,6239.621226951554,6588.851429822156,18977.29539871216,19137.03963005609,180.35124706837328
2450,0,Case4,8x8_051,28.0,57.0,8x8,2,2,9.047889232182061e-05,0.9989235236470939,0.0009859974605843516,6019.939102686109,6108.922145895499,27863.035181045532,28926.991309494788,876.8016498498266
2454,0,Case4,8x8_055,44.0,-49.0,8x8,2,2,0.0065831959712087,0.9929821069402851,0.0004346970885062631,7442.50186389317,7287.9402089355945,16585.179080963135,17157.12667333675,445.267107715213
2465,0,Case4,8x8_066,75.0,72.0,8x8,2,2,0.05035306941595936,0.9460311766309571,0.003615753953083564,3780.185669310454,3488.396141001136,9609.372769355774,8160.027728799015,960.0029767109278
2468,0,Case4,8x8_069,-36.0,57.0,8x8,2,2,0.00022393078889496536,0.9996073950395042,0.0001686741716007938,6495.6425497558785,6209.680058165053,21953.933883666992,22994.34412846186,725.4250325821529
2469,0,Case4,8x8_070,-89.0,-51.0,8x8,2,2,0.0004674255562290654,0.998862940904194,0.0006696335395768335,5229.645843196665,5401.748110601258,15845.932404518127,17017.270157013056,824.8944730909079
2470,0,Case4,8x8_071,-45.0,-29.0,8x8,2,2,0.0002842043015348921,0.9905403660455963,0.00917542965286876,6505.364641964248,6168.1549627753775,25286.295560635626,25028.579961135627,343.919598241719
2471,0,Case4,8x8_072,-29.0,13.0,8x8,3,3,4.961558827748408e-05,0.0013674507546282617,0.9985829336570943,5645.817635348862,5252.191633779863,35791.22953367233,37413.598323768696,1252.107366726706
2475,0,Case4,8x8_076,50.0,5.0,8x8,3,3,0.00010656825834486957,0.24778270257102814,0.752110729170627,5390.371569169298,5228.326985446954,37948.82919025421,38291.56420251969,400.7846067291095
2479,0,Case4,8x8_080,-53.0,-64.0,8x8,2,1,0.6418273920062385,0.3576101290444318,0.0005624789493298107,6614.375037607424,6661.027432496465,13719.039024353027,13060.612645349902,439.52631306212004
2496,0,Case4,8x8_097,-46.0,-23.0,8x8,2,2,0.0002251050653672697,0.9021130493635455,0.09766184557108726,6078.684849307933,5814.134325783276,29772.42515850067,30446.22773637629,633.3489396294713
2504,0,Case4,8x8_105,89.0,-77.0,8x8,1,1,0.9943872663792162,0.003839297670490489,0.0017734359502932623,2784.9680615988336,2590.3450457737636,8778.335271779913,7801.987550307586,631.0682223937391
2507,0,Case4,8x8_108,46.0,-72.0,8x8,2,2,0.002470405897747127,0.9971092573774953,0.00042033672475756727,5896.010147592838,5852.5448920449435,17668.776880264282,17872.02214795514,157.94221285380561
2509,0,Case4,8x8_110,-51.0,1.0,8x8,2,2,9.471932452797171e-05,0.8574931857839553,0.14241209489151677,5278.809007153863,4981.268201556352,38377.04738283157,40315.02228460692,1403.2695489481605
2520,0,Case4,8x8_121,-50.0,14.0,8x8,2,2,6.99398821652393e-05,0.9922510523792737,0.007679007738561165,5675.068779697288,5321.413628058704,35495.68284320831,36815.60459372049,760.3364221734732
2523,0,Case4,8x8_124,42.0,-66.0,8x8,2,2,0.0005758992725395757,0.9991820935338779,0.00024200719358268827,6209.79206527621,6103.208348460401,19338.96273803711,20847.43598620533,1046.3215039897511
2528,0,Case4,8x8_129,24.0,11.0,8x8,3,3,4.0391105586582216e-05,0.0008219718246703865,0.9991376370697431,5614.648460624056,5256.9785682906495,36820.06451702118,37403.05232030364,485.05198875322674
2531,0,Case4,8x8_132,38.0,35.0,8x8,2,2,0.0023768222962562745,0.9843941774677663,0.013229000235977423,7129.9730925313115,7234.83281687351,22264.91788724065,22190.89938913737,317.6566492352678
2539,0,Case4,8x8_140,1.0,-3.0,8x8,3,3,5.997500836215649e-05,0.0009691812009534792,0.9989708437906845,9812.454612273514,4800.846203399484,34721.97467160225,38716.838973557555,2749.3439885068838
2548,0,Case4,8x8_149,24.0,-59.0,8x8,2,2,6.760793224926058e-05,0.9993170882810808,0.0006153037866698748,5824.555485630541,5630.336364350347,31065.63400554657,31787.70181152096,417.4133971788618
2553,0,Case4,8x8_154,-65.0,-65.0,8x8,1,1,0.9427339743762796,0.056787798637582224,0.0004782269861381473,5406.456849993554,5390.121686817152,11030.649911880493,10220.90845866752,573.0096909006095
2557,0,Case4,8x8_158,17.0,-43.0,8x8,3,3,0.0001311687765130977,0.4410900107490486,0.5587788204744384,5941.112348025299,5688.918401171075,33375.96100664139,34499.417368948954,986.72128117959
2560,0,Case4,8x8_161,-43.0,-45.0,8x8,2,2,0.01028242740064381,0.9889043290791011,0.0008132435202549378,7497.737139846917,7214.55357306522,17491.734899520874,16779.5525615357,502.90514533977694
2566,0,Case4,8x8_167,-4.0,-6.0,8x8,3,3,6.11506164799598e-05,0.0010205691016328857,0.998918280281887,4869.091735251847,4799.387890024152,35319.418528586626,38520.875014290694,2158.396136194512
2579,0,Case4,8x8_180,-14.0,88.0,8x8,2,2,0.00010113874098270832,0.9985535711299951,0.0013452901290221706,4076.011142698581,4490.32697745713,34579.684314489365,33712.908028027174,802.690736099182
2581,0,Case4,8x8_182,-14.0,42.0,8x8,2,2,0.00011625355093953617,0.8752352782683287,0.12464846818073173,5869.110792774039,5554.579893693972,34787.594068050385,36949.38730840579,1574.316007875016
2582,0,Case4,8x8_183,37.0,63.0,8x8,2,2,0.00027339195134439855,0.9993502468340922,0.00037636121456314007,6160.717090160206,6258.240721579098,22224.76228952408,22136.67634845557,202.75987376673234
2595,0,Case4,8x8_196,-32.0,84.0,8x8,2,2,0.00014290846435917177,0.9995164335576007,0.00034065797804018466,4956.708120759162,5073.0109171076965,27453.56538492441,26914.10206526956,234.0566306853034
2600,0,Case4,8x8_201,-73.0,-27.0,8x8,2,2,5.6202884808263605e-05,0.9994036591378507,0.000540137977340893,5163.593736433832,4999.347789190839,30276.049669504166,31178.27653081433,662.2303326004759
2604,0,Case4,8x8_205,-58.0,-50.0,8x8,2,1,0.6251898526068356,0.374349450155194,0.0004606972379703465,7034.755052451984,7308.977012182308,14370.762516021729,13839.495667195282,381.36302932681315
2618,0,Case4,8x8_219,-7.0,65.0,8x8,2,2,6.441498727837719e-05,0.9973309447263452,0.0026046402863762895,4811.664253499946,4689.72185949513,38127.46133360267,36371.22744141549,1109.5773200678057
2621,0,Case4,8x8_222,7.0,-80.0,8x8,2,2,9.460908546372982e-05,0.9767269071471497,0.023178483767386477,4039.3082312870124,3933.8811828779594,35871.16446173191,38198.17756992372,1404.4537615565653
2627,0,Case4,8x8_228,60.0,-31.0,8x8,2,2,0.00011657384160053454,0.9993240456263779,0.0005593805320217648,6068.103851150263,5947.669571981634,26239.618679523468,26024.68286931674,238.34702235523068
2630,0,Case4,8x8_231,-69.0,24.0,8x8,2,2,5.4073164253888874e-05,0.9997323814727592,0.00021354536298691173,5233.993220634925,5300.75139488259,31990.690835146233,31652.538247908647,348.1578759747574
2632,0,Case4,8x8_233,61.0,-20.0,8x8,2,2,7.76032923470134e-05,0.9969904566303652,0.0029319400772878403,5473.220378226021,5564.368039353886,33680.73484945297,33413.47434163085,289.9744678221986
2634,0,Case4,8x8_235,-62.0,7.0,8x8,2,2,4.898569736253756e-05,0.9965796995915638,0.003371314711073652,4993.168496667936,4900.451914858517,38191.67038267851,38356.13683233216,211.0889507716458
2638,0,Case4,8x8_239,30.0,17.0,8x8,3,3,3.8792199915267335e-05,0.0012355674942485524,0.9987256403058361,5881.637334703694,5581.295282352229,33948.00286991894,34948.443018697246,863.4675155256925
2639,0,Case4,8x8_240,53.0,26.0,8x8,2,2,0.00014807662838763644,0.9953202908613981,0.00453163251021438,6087.884381825626,6093.322323845528,28647.999208450317,29186.306280899433,578.8215384231107
2641,0,Case4,8x8_242,-31.0,60.0,8x8,2,2,0.00010895868395117293,0.9996753210002233,0.00021572031582536754,6063.706905404642,5671.379297395665,26240.81101846695,26732.303803169623,383.06436417001424
2650,0,Case4,8x8_251,-69.0,0.0,8x8,2,2,6.785300534820269e-05,0.9664074634576184,0.03352468353703343,4562.032906539219,4384.402610399908,37811.6507178545,40198.58360608685,1629.4670111714856
2658,0,Case4,8x8_259,-6.0,38.0,8x8,3,3,5.857563494759281e-05,0.04864553321859896,0.9512958911464535,5648.668518304816,5260.953251713214,37091.18014907837,38409.56023457994,1192.9570662290482
2659,0,Case4,8x8_260,-50.0,68.0,8x8,2,2,0.0027905547506012055,0.9968960143829162,0.0003134308664825986,6246.27831093878,6034.023040324117,15211.815746307373,15225.309446747175,139.9254625060478
2661,0,Case4,8x8_262,-57.0,76.0,8x8,2,2,0.002962729560175196,0.9964167481339081,0.0006205223059166111,5690.678885708298,5033.714043242984,13151.554279327393,12796.165203401311,321.2036059919008
2664,0,Case4,8x8_265,-25.0,-84.0,8x8,2,2,6.277656401318739e-05,0.9980027789735471,0.0019344444624395918,4633.241149601219,4732.2278671109325,31503.218928709626,32936.36153251793,1166.4315966456709
2669,0,Case4,8x8_270,10.0,76.0,8x8,2,2,7.217356449958617e-05,0.9966884550372069,0.00323937139829341,4302.494741084586,4277.061329260142,36121.338998794556,36410.82291555163,236.3097180951905
2670,0,Case4,8x8_271,-30.0,50.0,8x8,2,2,0.00013994288725352428,0.9995507101447589,0.0003093469679875179,6489.578080217858,6125.692435693095,25245.60496544838,26961.363970890212,1127.2781717048858
2679,0,Case4,8x8_280,-31.0,-12.0,8x8,3,3,3.5183297743702874e-05,0.001019568875390382,0.998945247826866,5752.023719295672,5541.59108892353,35766.99856042862,36652.64569987831,660.6549432283938
2682,0,Case4,8x8_283,34.0,-21.0,8x8,3,3,3.716073072240194e-05,0.0029089362072041804,0.9970539030620734,6262.835277893677,5997.581561830655,31309.62019264698,33868.895461201406,1884.3522672590364
2686,0,Case4,8x8_287,-77.0,22.0,8x8,2,2,4.361372934817276e-05,0.9993873151915255,0.0005690710791263221,4848.888679969314,4801.987214681265,33146.467319086194,32190.1071140855,686.5416410910765
2689,0,Case4,8x8_290,20.0,-82.0,8x8,2,2,8.228748199121534e-05,0.997748264167167,0.002169448350841855,4538.223029766521,4425.919402856443,33776.2974858284,34349.188667412694,482.0629736688565
2690,0,Case4,8x8_291,26.0,5.0,8x8,3,3,3.4422459630620616e-05,0.0008115041179093018,0.99915407342246,5242.999440383236,5164.767395546904,37537.48162937164,37961.77849584297,389.7821722814431
2692,0,Case4,8x8_293,-28.0,11.0,8x8,3,3,4.6892319573422864e-05,0.0012442987896913891,0.9987088088907352,5567.338181357731,5171.5949734937185,36488.90571784973,37659.843326715534,997.7056845949121
2699,0,Case4,8x8_300,51.0,46.0,8x8,2,2,0.024964029269002194,0.9739917813121041,0.0010441894188938138,7348.444315920919,7330.849847460006,15693.145656585693,16002.234882025361,243.90725366790636
