dataset_index,fold,case,test_id,theta1,theta2,geometry,actual_type,predicted_type,probability_type1,probability_type2,probability_type3,actual_pt,predicted_pt,actual_max_force,predicted_max_force,curve_force_rmse
2,0,Case2,6x4_003,-44.0,65.0,6x4,1,1,0.9764280139126412,0.02356633585784879,5.650229509977023e-06,15283.103421466823,15162.520773173894,20760.087203979492,20439.32279425717,173.77767750021164
7,0,Case2,6x4_008,86.0,9.0,6x4,2,2,0.00017534493662057338,0.9997769649691879,4.769009419164396e-05,21473.947435573413,21869.16263587306,40338.21101093292,41710.279113149896,904.9320486543484
10,0,Case2,6x4_011,-39.0,-9.0,6x4,2,2,0.0003214045280959534,0.9108082193437576,0.08887037612814636,20453.97685275137,21939.47743697096,39574.37623500824,40764.540356588856,804.9521727323292
14,0,Case2,6x4_015,35.0,60.0,6x4,2,1,0.535427859024181,0.46447624675563304,9.589422018596821e-05,15944.291849701582,16745.568366864725,25584.4847946167,24964.825458403906,427.36148934828725
17,0,Case2,6x4_018,-53.0,31.0,6x4,2,2,0.2781345763551672,0.7216624445105996,0.00020297913423337018,16200.86354226923,16715.891911017392,27076.126289367676,26767.850817361235,281.2632423074532
25,0,Case2,6x4_026,-81.0,73.0,6x4,1,1,0.9999539320213428,1.706830256753925e-05,2.8999676089702673e-05,6739.4461962730475,6366.356260459473,9710.628128051758,9115.811471821893,380.80076139582786
36,0,Case2,6x4_037,-85.0,67.0,6x4,1,1,0.9999384125320171,2.030527716054857e-05,4.1282190822349725e-05,7423.061614736801,7388.119869261228,10532.988014221191,10229.543590478492,179.91241022012392
49,0,Case2,6x4_050,-16.0,44.0,6x4,2,2,0.003981410078596187,0.982569691568194,0.013448898353209823,20756.070138869356,20522.911012775483,36865.61903381348,37457.27207886221,400.87187208324696
51,0,Case2,6x4_052,-79.0,34.0,6x4,2,2,0.002863168265281224,0.9970926303297347,4.4201404983876965e-05,16870.336402522025,17828.471863588355,28930.105113983154,29694.70325023413,521.0094416511216
55,0,Case2,6x4_056,67.0,-19.0,6x4,2,2,0.0007156289634611824,0.9991655861689732,0.00011878486756557372,19769.131113534422,20907.776679442773,37428.92671871185,38416.168019490266,668.1793986993555
69,0,Case2,6x4_070,-89.0,-51.0,6x4,1,1,0.9987604340997968,0.001149182805017059,9.038309518607904e-05,10759.603122866465,10774.408430540934,16073.89323425293,14933.025735770652,761.4548499663146
74,0,Case2,6x4_075,-22.0,82.0,6x4,2,2,0.0001393359929687732,0.9998487383207739,1.1925686257394304e-05,20009.09898157673,21375.255841190625,36500.63963794708,38500.13311562022,1303.5443415004743
78,0,Case2,6x4_079,-67.0,39.0,6x4,2,2,0.48888781796954356,0.5110643997640306,4.778226642576594e-05,15713.299234921931,15587.759988897296,24094.936096191406,23941.12982608605,81.08587331328923
80,0,Case2,6x4_081,-38.0,-72.0,6x4,2,2,0.16762869596891952,0.8321832733083964,0.00018803072268417238,16048.612139956382,16351.813016600016,25471.119705200195,26299.751708439504,585.7417632132349
84,0,Case2,6x4_085,45.0,75.0,6x4,1,1,0.9652508146453781,0.034689505253889585,5.9680100732145415e-05,12644.76230239052,14043.384535563786,19395.411262512207,19757.957534004094,320.55255799645727
90,0,Case2,6x4_091,11.0,36.0,6x4,2,3,0.0004843936709524024,0.11933417899225351,0.880181427336794,21814.638817993655,21229.71417620537,39022.60404396057,39022.25949203578,135.55143218792296
91,0,Case2,6x4_092,-38.0,-40.0,6x4,1,1,0.9884831088599331,0.011495346319139392,2.1544820927567172e-05,16069.93561325196,16288.863713347118,22385.280807495117,21308.591864096306,1121.582313351299
94,0,Case2,6x4_095,68.0,-30.0,6x4,2,2,0.01673647076851843,0.9832114268296825,5.210240179894891e-05,17574.428229042365,18124.066998034203,30593.08582687378,31104.959645509203,352.9938420593468
100,0,Case2,6x4_101,48.0,15.0,6x4,2,2,0.0018500452511953937,0.9947537704230957,0.003396184325708982,20117.588072242153,21053.705067580016,37422.40893363953,38835.79228561405,960.8848039526022
109,0,Case2,6x4_110,-51.0,1.0,6x4,2,2,0.00012999525861343076,0.9986578717694727,0.0012121329719138754,22174.53314878391,23154.126658088288,41674.814531087875,42904.68925019706,835.2615531702471
110,0,Case2,6x4_111,7.0,87.0,6x4,2,2,3.9647889988837715e-05,0.9999410616113621,1.9290498648971435e-05,21974.814743022594,20237.087703776342,40873.539714574814,42203.403741962655,837.1122464863987
111,0,Case2,6x4_112,21.0,-8.0,6x4,3,3,2.856459859600936e-06,0.000730390579893944,0.9992667529602464,18812.197482628868,19758.875950870326,40626.20595264435,41801.26753281646,890.1527431252857
112,0,Case2,6x4_113,35.0,-2.0,6x4,3,3,3.4076734755157735e-05,0.051243239844127875,0.948722683421117,21502.654428246453,22033.045072781086,40706.40828704834,41575.01040103226,667.0403281988731
118,0,Case2,6x4_119,31.0,-10.0,6x4,3,3,2.386259508916627e-05,0.016836532588157878,0.9831396048167529,21139.901650976884,22027.822975631243,39530.98643684387,40756.30730689184,943.1726862784748
129,0,Case2,6x4_130,-59.0,12.0,6x4,2,2,0.00023022596664128993,0.9996515695315843,0.00011820450177435466,21120.917328111533,22210.21342522812,40090.62219238281,41034.87295028934,637.2430285762396
130,0,Case2,6x4_131,41.0,53.0,6x4,1,1,0.9884312713857317,0.011559928463632218,8.80015063611846e-06,15387.775916572398,15959.991796991893,20299.045333862305,19842.18989742756,464.16010973754504
131,0,Case2,6x4_132,38.0,35.0,6x4,2,1,0.8842319576803963,0.11539102311930506,0.0003770192002985021,15773.538665372627,16427.707196543102,24027.956230163574,24204.544483554142,388.91725352074496
132,0,Case2,6x4_133,-21.0,37.0,6x4,2,2,0.0335260179885622,0.8610496318335612,0.1054243501778765,18855.466306479895,18985.02708117426,33559.22101974487,34253.90010120037,479.3358229940524
134,0,Case2,6x4_135,39.0,-76.0,6x4,2,1,0.5907537464820416,0.4088975600358045,0.0003486934821539573,15966.862495721263,15372.326044612608,25354.599250793457,25066.424277304694,78.68501247588426
138,0,Case2,6x4_139,-52.0,-36.0,6x4,1,1,0.9423134586714549,0.05767090204989294,1.563927865217615e-05,15511.808244009047,16230.432999979592,23050.63249206543,22629.119814662427,455.45376194567325
142,0,Case2,6x4_143,39.0,-35.0,6x4,2,2,0.25559973158328064,0.74288843895808,0.0015118294586393068,15779.242510477306,16296.433295770332,23843.98260498047,24652.526607323693,572.0026645270777
147,0,Case2,6x4_148,46.0,-62.0,6x4,1,1,0.995020071912504,0.004976549866321913,3.3782211741198336e-06,15105.283301093265,15269.431086667402,19185.444869995117,18388.616635197883,534.3775917758985
149,0,Case2,6x4_150,15.0,-47.0,6x4,2,2,0.0029281913313249125,0.9894781621230629,0.007593646545612279,20352.354050625985,21178.023188158604,37585.84859085083,38252.21814711151,437.00697160879105
161,0,Case2,6x4_162,-71.0,-11.0,6x4,2,2,7.477948764201128e-05,0.9998925460938707,3.267441848728466e-05,21359.741658313826,22796.221715289033,40722.5802038908,42035.217202958294,894.0450681712151
164,0,Case2,6x4_165,-5.0,10.0,6x4,3,3,5.761280111204406e-06,0.0006624650094810934,0.9993317737104076,17074.09801002604,18339.038753274035,39235.9662604332,40509.38176474355,1125.201056463571
166,0,Case2,6x4_167,-4.0,-6.0,6x4,3,3,4.065883529702945e-06,0.00027737311846406893,0.9997185609980063,34578.323502431216,18108.795889327488,38318.25442069769,40088.83872458189,1378.9091415904718
167,0,Case2,6x4_168,-5.0,-1.0,6x4,3,3,3.9688938470033674e-06,0.00033103620988175834,0.9996649948962714,16752.135414763357,18214.102304515247,33202.57151687145,39890.154612921746,6112.125358771336
173,0,Case2,6x4_174,-76.0,51.0,6x4,1,1,0.9993557898233487,0.0006332775054880144,1.0932671163442551e-05,11659.888567397536,11380.909702931234,16014.06713104248,14912.459371640889,753.318609050683
174,0,Case2,6x4_175,-73.0,85.0,6x4,1,1,0.9999338883186685,1.5533949635423962e-05,5.057773169616275e-05,6422.7368016769005,6316.002289426988,9557.068145751953,9082.471196375975,314.201455970947
178,0,Case2,6x4_179,73.0,-44.0,6x4,1,1,0.9696440676998903,0.030340823375550708,1.5108924558952501e-05,15034.989451880107,13900.581398002745,21776.3722076416,20447.0719010286,607.1047282032835
180,0,Case2,6x4_181,88.0,45.0,6x4,1,1,0.9882595889514394,0.011590105783583543,0.00015030526497701057,12554.388123116472,12353.830602931637,19472.401725769043,19271.438311846472,218.5951371388525
181,0,Case2,6x4_182,-14.0,42.0,6x4,2,2,0.003089203825233966,0.9511707503295576,0.045740045845208535,21339.96697323502,21052.422639627253,37814.139123916626,38505.48550873071,482.8595188282893
183,0,Case2,6x4_184,83.0,43.0,6x4,1,1,0.9445224281671848,0.05531459039767076,0.00016298143514441145,11967.243096667527,13420.939088223395,20717.62857055664,21230.540917450857,414.0475890830648
185,0,Case2,6x4_186,-54.0,1.0,6x4,2,2,9.82160328313899e-05,0.9994907201497769,0.0004110638173916524,22178.47555914894,23290.02549794467,41872.76620411873,43251.599680871426,930.5467069175361
187,0,Case2,6x4_188,-40.0,56.0,6x4,1,1,0.7945241278268457,0.2054623815589226,1.3490614231723328e-05,15530.04730188103,16094.201927855935,21416.237991333008,21562.10114095143,132.2602338846694
191,0,Case2,6x4_192,89.0,-86.0,6x4,1,1,0.9999256087228078,2.5347786869249835e-05,4.904349032287212e-05,4916.256448855694,4803.252024869431,8324.169456481934,8143.206350250195,126.38106020703142
222,0,Case2,6x4_223,-78.0,-48.0,6x4,1,1,0.9958479445653539,0.004132677942666486,1.9377491979635875e-05,12092.550507205471,11917.175220724768,17615.179878234863,16557.571474645134,764.9105241879126
228,0,Case2,6x4_229,42.0,86.0,6x4,1,1,0.8300522454738941,0.16886505453170506,0.0010826999944009053,12147.201106459304,13721.87896707879,21508.509674072266,22258.000351206778,462.5100393877331
233,0,Case2,6x4_234,-49.0,-40.0,6x4,1,1,0.9920144699346997,0.00798096003053751,4.570034762732199e-06,15305.524143283565,16213.404501841816,20345.436965942383,20346.396166243143,295.8960082436867
238,0,Case2,6x4_239,30.0,17.0,6x4,3,3,0.000716967683635102,0.0780744405617234,0.9212085917546414,19618.045851961564,20819.694360002297,36735.201471328735,37189.618705501955,435.51844639248907
242,0,Case2,6x4_243,-63.0,-63.0,6x4,1,1,0.9998250424879538,0.00017194181934512845,3.0156927012510363e-06,11513.413895177378,11236.93737304518,13160.900939941406,12468.219631735376,412.0512149540818
244,0,Case2,6x4_245,-34.0,-14.0,6x4,3,2,0.0003805213067161921,0.5733661819258208,0.42625329676746315,19856.71831950007,21279.63603717637,37756.68535614014,39165.4939100041,1023.204242217742
248,0,Case2,6x4_249,6.0,16.0,6x4,3,3,3.6837726689117346e-06,0.0007506996946013713,0.9992456165327297,17514.902048012034,18018.40841123838,39829.492876946926,41439.93971824946,1255.7281769604645
250,0,Case2,6x4_251,-69.0,0.0,6x4,2,2,3.799687880720692e-05,0.9999240341385968,3.796898259577219e-05,22201.525456809683,23123.759271895626,42141.20088338852,42904.3860417377,504.36284948184334
265,0,Case2,6x4_266,-26.0,-39.0,6x4,2,2,0.06000277339373658,0.9292044625794215,0.010792764026841862,17127.531263806726,18235.49553465392,29537.979358673096,30951.175387782125,975.4300818173414
270,0,Case2,6x4_271,-30.0,50.0,6x4,2,2,0.04422875490694491,0.9555031248209346,0.000268120272120372,16716.32705618474,17597.927726323378,27381.242713928223,28031.830689091017,433.17934539938943
278,0,Case2,6x4_279,-88.0,-89.0,6x4,1,1,0.999865509145804,9.425632198804781e-05,4.0234532207985596e-05,4911.513135183643,4748.6045301942595,8274.618545532227,7689.513640805584,399.3438152919572
282,0,Case2,6x4_283,34.0,-21.0,6x4,2,2,0.005178311754138224,0.5940701370635962,0.40075155118226546,19004.433446355994,19827.940549673338,33846.608629226685,35045.270046603386,838.5937387598534
284,0,Case2,6x4_285,-21.0,55.0,6x4,2,2,0.0020103252196279047,0.9976221138161588,0.0003675609642131324,19091.416500846422,19934.398229023012,35153.71208572388,35409.77875534841,181.36319192984075
292,0,Case2,6x4_293,-28.0,11.0,6x4,3,3,8.41044926101851e-06,0.00982320387588529,0.9901683856748538,19614.779213469814,21176.788698753488,39650.33387374878,40839.55838503103,953.182724668867
299,0,Case2,6x4_300,51.0,46.0,6x4,1,1,0.9968436091441133,0.0031522792790065965,4.1115768799925695e-06,15619.052271961038,15328.505071162757,18238.787048339844,17464.75236701185,449.0110549287699
302,0,Case2,6x8_003,-44.0,65.0,6x8,2,1,0.6530383480200356,0.3469563542133713,5.297766593016983e-06,9433.471421825043,9671.824406587733,17899.111610412598,17274.480835513237,416.0137499669481
307,0,Case2,6x8_008,86.0,9.0,6x8,2,2,3.260177857826553e-05,0.9998757234936956,9.167472772615934e-05,6280.1689619866,6393.7581988258735,35506.269343853,36665.085125222635,723.7377320588179
310,0,Case2,6x8_011,-39.0,-9.0,6x8,3,3,3.475275866143731e-06,0.07567412893083657,0.9243223957932973,6612.7033842657875,6586.542986714456,35831.15201950073,36283.94528539366,360.12501159119535
314,0,Case2,6x8_015,35.0,60.0,6x8,2,2,0.01218835097835002,0.9877920197320005,1.9629289649496768e-05,8997.773506824675,8858.349313123097,22704.378246307373,22844.579884991035,144.63320235145545
317,0,Case2,6x8_018,-53.0,31.0,6x8,2,2,0.0027117506435776345,0.997230844749919,5.740460650324291e-05,8869.432595235507,8887.702355073056,24355.50992012024,23980.626821825008,293.25654395655926
325,0,Case2,6x8_026,-81.0,73.0,6x8,1,1,0.9998754388279556,0.00011918220787489755,5.3789641695352516e-06,4541.779297238318,4250.595959999271,8608.967399597168,8249.290388818583,227.93580337417737
336,0,Case2,6x8_037,-85.0,67.0,6x8,1,1,0.9997826259901543,0.0002126101899013219,4.7638199444256e-06,5061.708373461187,4859.963298350324,9331.836544036865,9021.371919329085,185.97325623178543
349,0,Case2,6x8_050,-16.0,44.0,6x8,2,2,2.1215348699870942e-05,0.986672971971246,0.013305812680054294,7424.497940941248,7352.058677381157,33371.70227813721,34046.54244024538,452.92988760221624
351,0,Case2,6x8_052,-79.0,34.0,6x8,2,2,0.000308452156917528,0.9996805976154947,1.0950227587798988e-05,8089.623952166233,8167.090775723759,25623.90929365158,25850.79197733543,116.51453952404896
355,0,Case2,6x8_056,67.0,-19.0,6x8,2,2,4.8258145879766564e-05,0.999861318075825,9.042377829526032e-05,7457.372539385561,7403.1447863181775,33770.59947490692,33759.815380358414,80.91401238422856
369,0,Case2,6x8_070,-89.0,-51.0,6x8,1,1,0.8317944751857728,0.16819717597097325,8.348843253836353e-06,8218.407374803135,7896.568547970639,14410.772441864014,14104.490082319595,309.4568404194832
374,0,Case2,6x8_075,-22.0,82.0,6x8,2,2,2.6921869343296456e-05,0.9999552149673879,1.7863163268857027e-05,7140.0069826958015,7165.563972641057,32479.96785092354,33293.452232809315,563.7677821631486
378,0,Case2,6x8_079,-67.0,39.0,6x8,2,2,0.030118408435262443,0.9698732445857419,8.346978995676997e-06,9031.897191912816,8994.725700846704,21205.154655456543,21409.631550627844,147.28577527598566
380,0,Case2,6x8_081,-38.0,-72.0,6x8,2,2,0.01645243525028529,0.983532519059667,1.5045690047653755e-05,8623.329098569639,8453.246819566564,22366.969032287598,22718.217538770714,203.8735806016022
384,0,Case2,6x8_085,45.0,75.0,6x8,2,2,0.22957646704825638,0.7704025991248142,2.0933826929435074e-05,8820.673524178555,8756.277437701583,18524.96186065674,18212.744287602032,193.98620646292727
390,0,Case2,6x8_091,11.0,36.0,6x8,3,3,3.579192516197945e-06,0.014179304653865962,0.9858171161536179,6623.763100136949,6632.467188130847,35226.54167175293,35540.73295707879,243.11819630585373
391,0,Case2,6x8_092,-38.0,-40.0,6x8,1,2,0.11513260695138183,0.8847328316719516,0.00013456137666647647,9705.169197923227,9520.743198556087,19902.2342376709,18854.784273687503,770.532269400548
394,0,Case2,6x8_095,68.0,-30.0,6x8,2,2,0.0006728539502663169,0.9992815680848944,4.557796483923641e-05,8254.737719482788,8165.137790977386,27413.374192237854,27849.06717419556,250.06282924100867
400,0,Case2,6x8_101,48.0,15.0,6x8,2,2,3.522399072268743e-05,0.991090721701773,0.00887405430750414,7429.178405854709,7239.800671594565,33999.31466150284,35164.72623663217,759.4385197683644
409,0,Case2,6x8_110,-51.0,1.0,6x8,2,2,5.940569005496547e-06,0.9929863083863738,0.007007751044620746,7005.36621778317,6875.651884706622,37787.026941783726,37930.131705146036,115.68252845016687
410,0,Case2,6x8_111,7.0,87.0,6x8,2,2,1.0226221581661544e-05,0.9999508689422703,3.890483614823482e-05,6103.14862576846,6104.65082410536,35703.825221538544,36937.4352233481,748.2073483351697
411,0,Case2,6x8_112,21.0,-8.0,6x8,3,3,1.8801562360167235e-06,3.9417893102465394e-05,0.9999587019506616,5363.467522077733,5317.236779215496,36705.98860692978,37766.513928250744,766.1533710506967
412,0,Case2,6x8_113,35.0,-2.0,6x8,3,3,1.8758882923308093e-06,0.012257038167866928,0.9877410859438408,6309.8617823436425,6215.952691331578,36795.56608772278,37162.488690576676,208.41033144749548
418,0,Case2,6x8_119,31.0,-10.0,6x8,3,3,1.874629997355217e-06,0.002980984999399963,0.9970171403706026,6211.292233677788,6258.695044190883,35716.47192764282,36297.025138856356,367.0543770521563
429,0,Case2,6x8_130,-59.0,12.0,6x8,2,2,1.022960871878289e-05,0.9997815035303522,0.0002082668609288582,7267.683202843837,7163.176124153122,36296.186784267426,36147.53762272435,172.3988944250717
430,0,Case2,6x8_131,41.0,53.0,6x8,1,1,0.7795127697282034,0.22047028309734337,1.694717445328935e-05,9827.464421406341,10074.92428666068,17680.947845458984,17516.51146130828,131.19449067449264
431,0,Case2,6x8_132,38.0,35.0,6x8,2,2,0.023413698441270083,0.9760162438304937,0.0005700577282360936,9204.975311628454,9176.506878663367,21658.98876953125,21448.875489253758,246.3247738833449
432,0,Case2,6x8_133,-21.0,37.0,6x8,2,2,4.4860991884685146e-05,0.7402090188729231,0.2597461201351922,7462.520355505316,7496.94676147622,30363.345078468323,31218.62575109926,599.3853037472411
434,0,Case2,6x8_135,39.0,-76.0,6x8,2,2,0.0063153283386028864,0.9936776868006622,6.984860734905728e-06,8533.707957072267,8578.838992319359,22181.49531364441,22350.013547589588,93.25387010767865
438,0,Case2,6x8_139,-52.0,-36.0,6x8,2,2,0.07359771323054486,0.9263798011832658,2.248558618923499e-05,9303.082804276617,9269.159084525338,20526.23406600952,20167.362882229805,283.79119386094806
442,0,Case2,6x8_143,39.0,-35.0,6x8,2,2,0.013477746368822055,0.9859946707581339,0.0005275828730440871,9303.816029788943,9171.472419495794,21464.288284301758,20959.026593947503,367.21092030963996
447,0,Case2,6x8_148,46.0,-62.0,6x8,1,1,0.9209206607997467,0.07907760284591452,1.7363543387951259e-06,9753.191144833758,10022.969698941644,16407.230155944824,16260.438235190551,147.61405144765286
449,0,Case2,6x8_150,15.0,-47.0,6x8,2,2,1.9332890675387526e-05,0.9887434486173166,0.011237218492008033,7450.379497600241,7371.281143435918,34059.78612470627,34364.60949928497,212.30382357302838
461,0,Case2,6x8_162,-71.0,-11.0,6x8,2,2,7.611984441067538e-06,0.9999398663384841,5.252167707491838e-05,6776.0381295866655,6729.734050674154,36564.99447107315,37284.91671748855,432.495004122954
464,0,Case2,6x8_165,-5.0,10.0,6x8,3,3,1.880203914884437e-06,1.4059900294408206e-05,0.9999840598957908,4615.417633628161,5023.0482938309615,35412.825343608856,37420.91833374062,1701.659699802356
466,0,Case2,6x8_167,-4.0,-6.0,6x8,3,3,1.8802101631357812e-06,1.0736769519196077e-05,0.9999873830203176,4483.969980956597,5086.7767303256405,34264.45270228386,36898.03016506621,1991.7140369741671
467,0,Case2,6x8_168,-5.0,-1.0,6x8,3,3,1.8802090915656432e-06,1.130668380368376e-05,0.9999868131071048,11588.63193082034,5141.914515143361,38287.37233686447,37133.643158125895,1533.989560645744
473,0,Case2,6x8_174,-76.0,51.0,6x8,1,1,0.8596890405838088,0.14030504960475124,5.909811440045521e-06,9016.56679739327,8678.411928526955,15757.849349975586,14848.058263014113,586.4555075232687
474,0,Case2,6x8_175,-73.0,85.0,6x8,1,1,0.999874694785556,0.00011860528544268572,6.699929001447415e-06,4298.546627302681,4133.871075618684,8468.258792877197,8089.377806555821,234.78255072507685
478,0,Case2,6x8_179,73.0,-44.0,6x8,2,2,0.21432186906093545,0.7856743025319305,3.828407134222154e-06,8910.85584955233,8935.685550307613,18858.839347839355,18858.70630830912,137.00039028936555
480,0,Case2,6x8_181,88.0,45.0,6x8,2,2,0.34172031126297436,0.6582346829214041,4.50058156215261e-05,8402.686332020308,8604.343564337834,19094.757194519043,18495.303517636497,335.52169007261597
481,0,Case2,6x8_182,-14.0,42.0,6x8,2,2,2.0806036721777946e-05,0.92177141796475,0.0782077759985281,7189.420068139018,7195.7836617554785,34206.04117965698,34660.12232748273,318.8384301319208
483,0,Case2,6x8_184,83.0,43.0,6x8,2,2,0.10160729862308386,0.8983665444901292,2.6156886787007095e-05,8414.410153673603,8705.482442850005,20085.380950927734,20061.771346927897,76.1176392657739
485,0,Case2,6x8_186,-54.0,1.0,6x8,2,2,5.220334237031402e-06,0.9983690820170124,0.0016256976487507128,6946.8752878813075,6865.811527383154,37953.30374896526,38091.89249768683,85.9189398376886
487,0,Case2,6x8_188,-40.0,56.0,6x8,2,2,0.28874229507455146,0.711247569918949,1.0135006499556939e-05,9672.880328985164,9723.132163052202,18717.45729827881,18415.140987886913,192.9295591150442
491,0,Case2,6x8_192,89.0,-86.0,6x8,1,1,0.999913949740304,7.563432698229136e-05,1.0415932713593715e-05,3263.124877292651,3276.683424947717,7513.094252586365,7492.479670656447,60.12141316357891
522,0,Case2,6x8_223,-78.0,-48.0,6x8,2,1,0.6354178781471298,0.3645765170178386,5.6048350314034424e-06,8805.191022285495,8807.97345861299,17210.7859916687,16246.685109746108,553.4206160313805
528,0,Case2,6x8_229,42.0,86.0,6x8,2,2,0.022630181360591015,0.9773460670898564,2.375154955261798e-05,8333.647586458595,8583.275648527328,20842.47996711731,20859.640825141953,70.02101650372354
533,0,Case2,6x8_234,-49.0,-40.0,6x8,1,1,0.7660749493835683,0.2339174639941546,7.58662227700726e-06,9902.179436097,10086.730533405764,17890.878791809082,17423.387834061727,352.2779347725582
538,0,Case2,6x8_239,30.0,17.0,6x8,3,3,4.785448247551951e-06,0.006722142115511308,0.9932730724362412,6746.491261343217,7058.071154923002,33232.671129226685,33813.46255291019,374.0872693582053
542,0,Case2,6x8_243,-63.0,-63.0,6x8,1,1,0.9993235339394541,0.0006745870983604919,1.878962185351729e-06,7524.314508676943,7571.032236024665,11232.461227416992,10820.93519844001,403.2672923255576
544,0,Case2,6x8_245,-34.0,-14.0,6x8,3,3,3.3875181905716883e-06,0.03379790688883611,0.9661987055929734,6643.369394053985,6743.116535090167,34166.84895133972,34662.98109964898,386.1699092360127
548,0,Case2,6x8_249,6.0,16.0,6x8,3,3,1.880186946145738e-06,2.308471935159957e-05,0.9999750350937022,5013.545602392656,5230.412006767156,36681.003519415855,37930.268849766246,1216.4075494565275
550,0,Case2,6x8_251,-69.0,0.0,6x8,2,2,4.300760106431678e-06,0.9999305246403022,6.517459959144107e-05,6563.6650688922755,6635.283111395245,37773.334542393684,38132.73962362652,175.4458589758152
565,0,Case2,6x8_266,-26.0,-39.0,6x8,2,2,7.528897533921282e-05,0.9795660645980283,0.020358646426632498,8083.301867235183,7956.176416578467,26755.080532073975,28218.227691719916,1024.4123219011185
570,0,Case2,6x8_271,-30.0,50.0,6x8,2,2,0.0012557462635417972,0.9986157336550835,0.0001285200813748558,8796.702087737242,8716.432668183266,24609.551181793213,24514.116449357352,102.210061091289
578,0,Case2,6x8_279,-88.0,-89.0,6x8,1,1,0.9991835464440031,0.0008044033019719076,1.2050254024886105e-05,3213.6378290081702,3189.628840663292,7472.057421684265,7066.803162671046,255.46409632036736
582,0,Case2,6x8_283,34.0,-21.0,6x8,3,3,1.0163607782489151e-05,0.12454944820071198,0.8754403881915056,7300.873461401293,7315.631557084933,30694.904911994934,32177.01494693286,1035.7203673505383
584,0,Case2,6x8_285,-21.0,55.0,6x8,2,2,6.973246777694102e-05,0.9997023122908277,0.00022795524139519608,7924.035897102099,7701.923966534394,31761.612588122487,32293.59891921209,354.40949665588795
592,0,Case2,6x8_293,-28.0,11.0,6x8,3,3,1.875004939123312e-06,0.0027812324745797776,0.9972168925204812,6157.102921295528,6303.366809214536,35799.713289260864,36345.96775634396,384.8906656057079
599,0,Case2,6x8_300,51.0,46.0,6x8,1,1,0.9781927152661882,0.021803238980034844,4.045753776918925e-06,10587.348986527171,10603.051710994845,15647.04653930664,15389.418108086578,164.35150893161023
602,0,Case2,8x8_003,-44.0,65.0,8x8,2,2,0.0048223077561453265,0.9951457571424579,3.193510139681133e-05,6340.934290963928,5982.003139374917,17943.757222175598,17959.39339983063,82.73096795355505
607,0,Case2,8x8_008,86.0,9.0,8x8,3,3,1.5243226475157985e-05,0.06128887806792167,0.9386958787056032,3971.12592521655,3919.528690403037,35014.245439216495,35677.49912798567,489.67295563301445
610,0,Case2,8x8_011,-39.0,-9.0,8x8,3,3,1.8743458928832589e-06,0.0031323690290324226,0.9968657566250747,5545.9774662356685,5572.539564904614,36445.82937049866,36692.25204058069,195.78181954118833
614,0,Case2,8x8_015,35.0,60.0,8x8,2,2,0.0014401148883566664,0.9982779557709606,0.0002819293406828179,6232.269763655698,5949.157358827486,23183.004113674164,22986.621221265952,166.55360291488617
617,0,Case2,8x8_018,-53.0,31.0,8x8,2,2,0.0001378090116968885,0.9974855772882646,0.002376613700038392,6390.174985571255,6323.035264330384,24940.04356098175,25136.727953823825,148.46842238155972
625,0,Case2,8x8_026,-81.0,73.0,8x8,1,1,0.9582246959590959,0.041739523987893976,3.578005301032022e-05,3332.8052915034446,3025.840027693782,9313.798823356628,8927.772713104774,282.5494412714607
636,0,Case2,8x8_037,-85.0,67.0,8x8,1,1,0.9556932680793545,0.0442917520503775,1.4979870268080276e-05,3789.6988880614354,3532.2148772058326,10089.318930625916,9418.893665842143,488.93086815483997
649,0,Case2,8x8_050,-16.0,44.0,8x8,3,3,3.094704990881212e-06,0.11846005891110015,0.8815368463839091,5782.42296970098,5693.351979557069,33951.439804553986,34510.545613781695,418.48345330849907
651,0,Case2,8x8_052,-79.0,34.0,8x8,2,2,0.00016853679355077972,0.9997411791406715,9.028406577768757e-05,5218.475982441628,5043.019206262757,25995.512132287025,26030.762489883724,46.68818465676331
655,0,Case2,8x8_056,67.0,-19.0,8x8,2,2,1.8130557496554967e-05,0.9986310666727195,0.0013508027697839919,5133.812984365671,5159.953772241639,34487.14907243848,34294.54501185467,223.68745084791362
669,0,Case2,8x8_070,-89.0,-51.0,8x8,2,2,0.014803835914348784,0.985154457425907,4.170665974401449e-05,5228.957314727552,5088.757030640351,15877.862300395966,15801.803612974996,113.30692730129903
674,0,Case2,8x8_075,-22.0,82.0,8x8,2,2,1.8877752867226734e-05,0.9990775455141255,0.0009035767330073318,4607.7273268511535,4742.036005736016,32921.84916764498,33658.146216087116,556.4749501029579
678,0,Case2,8x8_079,-67.0,39.0,8x8,2,2,0.0029241732246082118,0.9970343885127662,4.143826262551232e-05,5975.169734540399,5731.988827785902,21476.57758998871,21163.86892384458,233.64061073969225
680,0,Case2,8x8_081,-38.0,-72.0,8x8,2,2,0.0017356378840162356,0.9981676178045573,9.674431142648564e-05,5658.21080270886,5498.679086215414,22680.740908384323,22152.507751427478,402.06822941286424
684,0,Case2,8x8_085,45.0,75.0,8x8,2,2,0.00565876437747447,0.9943103867609331,3.084886159247175e-05,5674.907944961527,5538.814319916934,18515.37443780899,18489.13730604802,42.99179566482227
690,0,Case2,8x8_091,11.0,36.0,8x8,3,3,1.8789809197141854e-06,0.000664623233923408,0.9993334977851569,5551.691611531231,5659.5785356551505,35827.67864561081,36725.4502996198,648.6192061142457
691,0,Case2,8x8_092,-38.0,-40.0,8x8,2,2,0.00025490739724022484,0.9948422720759814,0.004902820526778425,7392.826189776673,6984.944114559783,20429.926789523102,19946.793777125717,411.91684846972635
694,0,Case2,8x8_095,68.0,-30.0,8x8,2,2,0.00012951570424471012,0.9993206733628011,0.0005498109329541785,5564.943577045639,5439.525223822415,28025.16966319084,27939.67011041071,118.91065858975739
700,0,Case2,8x8_101,48.0,15.0,8x8,3,3,7.435710684483092e-06,0.4140947076143569,0.5858978566749585,5708.609697971082,5638.863096048313,34654.038621902466,35581.52950390738,669.7852764340212
709,0,Case2,8x8_110,-51.0,1.0,8x8,3,2,3.85171025279972e-06,0.7339762655455896,0.2660198827441577,5274.184506593638,5309.408241346893,38428.257620573044,39222.33183705007,574.3995175111812
710,0,Case2,8x8_111,7.0,87.0,8x8,2,2,1.8576596315211317e-05,0.9581325346063383,0.04184888879734665,3862.4930191416047,3945.858978117426,35255.67720532417,36142.758506628175,639.3747709942204
711,0,Case2,8x8_112,21.0,-8.0,8x8,3,3,1.8802118371742737e-06,9.846432601401877e-06,0.9999882733555614,5384.844460113308,5274.050906052288,37516.59881925583,38742.10140367786,874.7881020518696
712,0,Case2,8x8_113,35.0,-2.0,8x8,3,3,1.8793804950509635e-06,0.00045205236926559807,0.9995460682502394,5388.353778146293,5348.81524824619,37462.2135925293,37942.48813952219,264.3942152355939
718,0,Case2,8x8_119,31.0,-10.0,8x8,3,3,1.8800154243056504e-06,0.00011430856328930844,0.9998838114212862,5539.918097002486,5469.57790022524,36399.234146118164,37454.00024268114,704.6015509632768
729,0,Case2,8x8_130,-59.0,12.0,8x8,2,2,3.7831179193204276e-06,0.9979061674842595,0.002090049397821119,5375.351429730151,5270.178999831118,36954.688395380974,37272.024020563316,174.2210681094287
730,0,Case2,8x8_131,41.0,53.0,8x8,2,2,0.05935841602941668,0.9403638177380659,0.000277766232517414,6912.032831790356,6747.320467073478,17958.71329689026,17651.74384102012,188.36638915063682
731,0,Case2,8x8_132,38.0,35.0,8x8,2,2,0.00026869703928421654,0.9681562437048074,0.0315750592559086,7197.249448758964,6947.367212676514,22249.677031442523,22214.704198219515,120.20419991633041
732,0,Case2,8x8_133,-21.0,37.0,8x8,3,3,1.8580349949713087e-06,0.011849000151039296,0.9881491418139656,6220.51691614624,6014.7114812988475,30930.104908645153,31151.73170267789,164.65832814275367
734,0,Case2,8x8_135,39.0,-76.0,8x8,2,2,0.000318714265605156,0.9995619198194678,0.00011936591492704655,5450.459886603215,5221.903168649397,22458.998064100742,22702.410486264213,165.2423311109765
738,0,Case2,8x8_139,-52.0,-36.0,8x8,2,2,0.0016407868093613535,0.9980048432710334,0.000354369919605122,6652.703034459756,6530.757151532742,21021.483988761902,20711.62307971795,230.68768088451233
742,0,Case2,8x8_143,39.0,-35.0,8x8,2,2,7.234549203427588e-05,0.8887072486325712,0.11122040587539438,7203.165992142128,6887.174199250387,22060.79376399517,21761.064730238268,231.7149810540446
747,0,Case2,8x8_148,46.0,-62.0,8x8,2,2,0.02184382807888714,0.9781166965468419,3.947537427098074e-05,6605.992769009551,6401.993540655593,16402.27493095398,16222.43959763507,128.1651038281292
749,0,Case2,8x8_150,15.0,-47.0,8x8,3,3,4.846213350530625e-06,0.40091419056372174,0.5990809632229278,5727.255233728309,5613.733447084194,34709.49970245361,34896.378815094096,119.8507433721953
761,0,Case2,8x8_162,-71.0,-11.0,8x8,2,2,6.3047543968712025e-06,0.9854835057136667,0.014510189531936526,4598.811461692567,4559.045016898177,37048.269050598145,38082.939062857455,700.919099735811
764,0,Case2,8x8_165,-5.0,10.0,8x8,3,3,1.8802219215583444e-06,4.48305567935321e-06,0.9999936367223992,5088.129185042229,5193.844553999874,36331.85501462221,38477.480959197026,1776.0488007564084
766,0,Case2,8x8_167,-4.0,-6.0,8x8,3,3,1.8802229246571402e-06,3.949557859650892e-06,0.9999941702192157,4876.812472349739,5093.008599829702,35350.722806453705,38080.61184831838,2015.5217016118806
767,0,Case2,8x8_168,-5.0,-1.0,8x8,3,3,1.8802225274550383e-06,4.16080968907741e-06,0.9999939589677834,4919.616921132867,5051.941531018086,35004.712979733944,38247.8407109423,2336.8580022466936
773,0,Case2,8x8_174,-76.0,51.0,8x8,2,2,0.107872386604524,0.8921187991229398,8.81427253628095e-06,5715.2778637345145,5627.757867871405,15427.841446876526,14769.803547022995,507.2483910675673
774,0,Case2,8x8_175,-73.0,85.0,8x8,1,1,0.9264177648849486,0.0735069632339709,7.527188108039841e-05,3184.429099864086,2956.8389875629146,9234.273977279663,8905.954580106878,206.69149645055543
778,0,Case2,8x8_179,73.0,-44.0,8x8,2,2,0.004537384839628598,0.9954007945130664,6.182064730511294e-05,5779.68081657179,5539.3222268424815,18934.129741191864,18566.765468298592,266.5861057686763
780,0,Case2,8x8_181,88.0,45.0,8x8,2,2,0.0017026578874141558,0.9981923244036371,0.00010501770894876226,5195.6691560416475,5070.010305476733,19044.996004268527,19100.440743915533,59.46519347357057
781,0,Case2,8x8_182,-14.0,42.0,8x8,3,3,1.8524919007843232e-06,0.014823918427007216,0.9851742290810921,5871.585809613483,5620.361680273563,34780.29693889618,35605.129508572216,618.8252676084295
783,0,Case2,8x8_184,83.0,43.0,8x8,2,2,0.0014578797753161947,0.9984519506168396,9.016960784443505e-05,5227.683138878819,5092.649530902116,20140.53394204378,20277.243210575376,90.05170184607151
785,0,Case2,8x8_186,-54.0,1.0,8x8,2,2,2.944028968270748e-06,0.9590970798061351,0.0408999761648966,5232.883509148011,5218.935529296685,38606.09290169645,39389.92162687647,541.0155948399363
787,0,Case2,8x8_188,-40.0,56.0,8x8,2,2,0.0022829665222417876,0.9975563530929352,0.0001606803848230809,6725.237747245391,6684.385733603158,18998.9737033844,19021.270713401136,67.60173416639697
791,0,Case2,8x8_192,89.0,-86.0,8x8,1,1,0.9971293880034778,0.0027979337780310344,7.267821849108819e-05,2388.6068077760133,2393.6917516754093,8299.649158120155,8058.042716382449,143.1951249615678
822,0,Case2,8x8_223,-78.0,-48.0,8x8,2,2,0.0266793158709069,0.9732997062554246,2.0977873668490952e-05,5555.158945370477,5293.321303624728,17047.551785945892,16543.552093816743,368.4603721696027
828,0,Case2,8x8_229,42.0,86.0,8x8,2,2,0.0007655278122696242,0.9991717360335242,6.27361542063013e-05,5176.169475095314,5099.133515358597,20938.226522922516,20889.443164280347,38.44376805832178
833,0,Case2,8x8_234,-49.0,-40.0,8x8,2,2,0.005704915337002885,0.9940516496099222,0.00024343505307493465,7074.595391620944,6759.717193206032,18248.255573272705,18010.78245364052,190.20646974121703
838,0,Case2,8x8_239,30.0,17.0,8x8,3,3,1.879738215787949e-06,0.00026174183793727,0.999736378423847,5877.424747761911,5951.045568054101,33873.885659612715,35229.1652528479,946.113848032403
842,0,Case2,8x8_243,-63.0,-63.0,8x8,1,1,0.9948277848128502,0.0051703446636616295,1.8705234881290145e-06,5867.660247728416,5819.886313844105,11361.413845062256,10544.68046711996,628.5807843496474
844,0,Case2,8x8_245,-34.0,-14.0,8x8,3,3,1.8785675814106195e-06,0.000884513903298292,0.9991136075291204,5722.606546948112,5705.449290190259,34793.426725149155,35596.48365212279,561.6116425058997
848,0,Case2,8x8_249,6.0,16.0,8x8,3,3,1.8802184524460597e-06,6.328102104457457e-06,0.9999917916794431,5022.917602728103,5517.411946980496,37540.67776584625,38827.90090744564,1229.139407370287
850,0,Case2,8x8_251,-69.0,0.0,8x8,3,2,4.881486570359453e-06,0.8714207241741327,0.12857439433929688,4560.283812387573,4452.352872987699,37894.759762465954,39336.51493369813,913.1716678331472
865,0,Case2,8x8_266,-26.0,-39.0,8x8,3,3,1.4603136338630434e-05,0.4179338827493286,0.5820515141143329,6445.563038416168,6312.798737218737,27339.651977688074,27869.964099016735,354.89863699378816
870,0,Case2,8x8_271,-30.0,50.0,8x8,2,2,8.138055452637219e-05,0.989132726333974,0.010785893111499655,6488.5713978113945,6483.250684081829,25203.073623895645,25261.81191065432,59.526891232834544
878,0,Case2,8x8_279,-88.0,-89.0,8x8,1,2,0.0909620507155504,0.9087687239425841,0.00026922534186560207,2344.9556896146173,2340.4874831903044,8264.47785615921,7862.404562751006,233.14792902382797
882,0,Case2,8x8_283,34.0,-21.0,8x8,3,3,1.8745366133274574e-06,0.0030307078560524894,0.9969674176073341,6259.778870106225,6048.12185530133,31310.57858003676,32368.73058715813,767.7963356528937
884,0,Case2,8x8_285,-21.0,55.0,8x8,2,2,1.9719733483971638e-05,0.9932938862527719,0.006686394013744209,5840.215227663228,5813.022092425203,32398.05576992035,32330.50441098007,108.43973512926628
892,0,Case2,8x8_293,-28.0,11.0,8x8,3,3,1.880089795805163e-06,7.475410152869133e-05,0.9999233658086754,5563.350340319536,5531.644458972387,36499.69587993622,37541.99596501767,746.3473649746029
899,0,Case2,8x8_300,51.0,46.0,8x8,1,1,0.6648498809968872,0.33508789190682375,6.222709628880539e-05,7380.856082040267,7196.392277703633,15688.217483520508,15024.000564195256,451.87212335335886
902,0,Case3,6x4_003,-44.0,65.0,6x4,1,1,0.9978954071554079,0.002092284867175868,1.2307977416174326e-05,15269.17077320444,14079.214426005527,20746.71841430664,18279.789401581515,1575.9137858342608
903,0,Case3,6x4_004,49.0,48.0,6x4,1,1,0.9956271015656787,0.004371026412284802,1.8720220364685531e-06,14761.544948240946,15155.734194323923,17056.45460510254,17078.709067338754,307.3063289976702
904,0,Case3,6x4_005,-52.0,20.0,6x4,2,2,0.0016640833239020254,0.9841260411748478,0.014209875501250243,19591.464258347456,19531.506982325016,35231.77793884277,35886.37135823949,460.32962063719276
916,0,Case3,6x4_017,-30.0,66.0,6x4,2,1,0.582959014958584,0.4165179506775568,0.0005230343638592301,17728.921577513524,17681.729411871616,30528.12272644043,30163.900497694554,312.8572730339091
917,0,Case3,6x4_018,-53.0,31.0,6x4,2,2,0.371922886278097,0.6275407682987573,0.0005363454231456143,16497.2567466334,17186.35249728323,27073.85147857666,26486.79891321464,379.16515011416334
924,0,Case3,6x4_025,80.0,-80.0,6x4,1,1,0.9999570982852859,1.977455276158578e-05,2.312716195256703e-05,5974.146129044565,5741.114363576655,9094.801483154297,8603.049123905068,326.96939721790113
926,0,Case3,6x4_027,54.0,-38.0,6x4,1,1,0.9617911313921026,0.03818866973411825,2.019887377924918e-05,15446.130281350363,16344.546184109768,22165.518180847168,22280.299589746304,155.74466555471105
927,0,Case3,6x4_028,36.0,-31.0,6x4,2,2,0.2898798692370657,0.704314556079698,0.0058055746832362575,16682.210319863058,16871.948365878332,26843.94125366211,27572.313393915407,507.5070126831096
928,0,Case3,6x4_029,52.0,-41.0,6x4,1,1,0.9822999774278286,0.017691546936588143,8.475635583228962e-06,15313.712162579053,16275.67009863654,20151.48843383789,20611.725291116054,322.6352641832667
932,0,Case3,6x4_033,-61.0,86.0,6x4,1,1,0.9997249049049917,2.29252906220063e-05,0.00025216980438637826,8682.978801978961,8386.154445249622,12091.220352172852,11050.003584808619,684.0430861824551
939,0,Case3,6x4_040,-27.0,-54.0,6x4,2,2,0.19927374071722415,0.800557626683402,0.0001686325993739402,17847.394344086144,18333.66800957144,30534.236545562744,31056.19780056923,270.62299967354994
940,0,Case3,6x4_041,-2.0,-68.0,6x4,2,2,0.00046691715111985607,0.9994087781224613,0.00012430472641870223,22366.10987565245,23091.11277590569,42165.74519276619,42365.032979678734,181.71013616052784
943,0,Case3,6x4_044,59.0,-56.0,6x4,1,1,0.9993357988894039,0.0006623221253496845,1.8789852463288567e-06,13023.83583202239,13615.648608719752,14551.612045288086,14611.066670056167,154.34259026488795
965,0,Case3,6x4_066,75.0,72.0,6x4,1,1,0.9999480229647422,3.8466610550897065e-05,1.351042470689162e-05,7625.839698244229,7295.336465225869,10272.681114196777,9704.844444590239,368.4475780973847
976,0,Case3,6x4_077,-64.0,20.0,6x4,2,2,0.0009984867868316595,0.9978897338218883,0.0011117793912799997,19525.691414505887,20207.777398657596,36804.679346084595,37143.66146037864,236.4471548770256
977,0,Case3,6x4_078,29.0,-79.0,6x4,2,2,0.021659890566570215,0.958123450228702,0.020216659204727698,18247.13242932,19583.06198258336,32456.875591278076,32975.71410572661,429.09325563465546
987,0,Case3,6x4_088,23.0,33.0,6x4,2,2,0.0032677437514808043,0.929680492976884,0.06705176327163519,18694.66851299173,19411.734312097353,32885.176458358765,33118.271290047196,277.1980600043614
996,0,Case3,6x4_097,-46.0,-23.0,6x4,2,2,0.0021518208660893084,0.9744142287226001,0.023433950411310717,18350.670366569502,19237.524975418564,32165.11036682129,34141.166281429825,1371.4794891998436
997,0,Case3,6x4_098,-1.0,36.0,6x4,3,3,8.203818500983836e-05,0.045319340284590476,0.9545986215303996,21662.009884847586,21637.182129608824,41019.103058815,41308.87650763876,245.55855570976738
998,0,Case3,6x4_099,90.0,40.0,6x4,1,1,0.8393963999274265,0.16053229705495922,7.130301761422505e-05,12441.102931116799,14218.365493858664,22825.075492858887,23020.442939016248,261.84627999300375
999,0,Case3,6x4_100,69.0,62.0,6x4,1,1,0.9997573944600242,0.00023854236537218892,4.063174603470899e-06,10387.087862504186,10899.701242840405,12355.062850952148,12343.25584839463,107.30725277496204
1001,0,Case3,6x4_102,76.0,-24.0,6x4,2,2,0.001832424374129982,0.997956299252082,0.0002112763737881509,19346.702310993776,20224.264345924796,35286.01131820679,36536.975231195276,861.0343418731704
1006,0,Case3,6x4_107,69.0,8.0,6x4,2,2,5.039320316726162e-05,0.9997272196481133,0.00022238714871951925,21723.817042202932,22829.207870573577,41356.54560136795,42476.971293930146,762.9887713457906
1007,0,Case3,6x4_108,46.0,-72.0,6x4,1,1,0.9995695592824939,0.00037565464896247664,5.478606854378647e-05,13024.505182488352,13018.805354121738,18752.634727478027,17850.285188757807,901.7722652478305
1008,0,Case3,6x4_109,-69.0,17.0,6x4,2,2,0.00015753344648372262,0.9995979466818579,0.00024451987165838784,20908.730421593857,21048.70456574602,38615.3913025856,39195.40132888267,420.4489849519474
1009,0,Case3,6x4_110,-51.0,1.0,6x4,2,2,3.786914381144465e-05,0.9074126201254248,0.09254951073076362,22195.57094591244,22865.747848193845,41638.194556474686,42739.088229820794,889.3197263695957
1020,0,Case3,6x4_121,-50.0,14.0,6x4,2,2,0.0002670306734353446,0.9642699443142855,0.035463025012279305,20659.04923228132,21043.182533181025,38391.68213844299,38921.58071774246,413.6999203501753
1023,0,Case3,6x4_124,42.0,-66.0,6x4,1,1,0.9973220850717182,0.002667630480554712,1.028444772709782e-05,15480.572352599325,14546.719315438884,22086.533332824707,20457.289160128686,1040.648855509604
1029,0,Case3,6x4_130,-59.0,12.0,6x4,2,2,0.00012610918120823454,0.9975330318061795,0.0023408590126122713,21115.77460837521,21968.064770502417,40064.35822248459,40737.9580797452,500.25609270217524
1038,0,Case3,6x4_139,-52.0,-36.0,6x4,1,1,0.8308200058649012,0.16910540601317842,7.458812192040453e-05,15579.427626523031,16205.49014654028,23096.56308746338,23514.50686914307,373.17646860244116
1040,0,Case3,6x4_141,79.0,49.0,6x4,1,1,0.9937374588574384,0.0062557483891476475,6.792753414060444e-06,11867.74493785736,12334.554690142453,17086.602752685547,17087.878202607943,159.4704291027743
1041,0,Case3,6x4_142,56.0,10.0,6x4,2,2,0.00013769236883288063,0.9963329557873835,0.0035293518437837248,21373.8847428938,21843.356789605354,40493.84724712372,40561.14533038614,99.62113243070628
1042,0,Case3,6x4_143,39.0,-35.0,6x4,1,1,0.8594768750153493,0.14023322862985435,0.0002898963547963793,15800.848549025524,16332.3634819128,23861.016708374023,23886.80127562777,253.6717864906451
1045,0,Case3,6x4_146,-41.0,-28.0,6x4,2,2,0.014785095090370867,0.9754448036987556,0.009770101210873568,16838.211827879044,17613.81346983856,27958.650745391846,29706.79358434664,1221.8826081160753
1046,0,Case3,6x4_147,47.0,23.0,6x4,2,2,0.0016241761047800997,0.9783831827466947,0.019992641148525264,18292.090571211687,19198.715711319423,32311.425693511963,34102.4396454976,1219.4156354383763
1058,0,Case3,6x4_159,-9.0,-4.0,6x4,3,3,4.492327225114582e-06,0.0005103559801651358,0.9994851516926098,32036.752553927407,18432.387382635112,38934.184963688254,39868.57823871623,869.058723128639
1061,0,Case3,6x4_162,-71.0,-11.0,6x4,2,2,5.411463930429312e-05,0.999713831288198,0.0002320540724977771,22022.413863544887,22439.992887100565,40657.69434583187,41833.61045294005,836.9831231678634
1063,0,Case3,6x4_164,-16.0,-5.0,6x4,3,3,4.684767576907667e-06,0.0011527839178858714,0.9988425313145372,18183.706992387233,18953.93356861552,40489.68942898512,41446.9371254495,917.7561410864236
1069,0,Case3,6x4_170,-35.0,-50.0,6x4,2,1,0.9324567724389475,0.06753146347509724,1.1764085955378518e-05,15614.023224339771,16389.94992064583,23568.449966430664,23358.063075630896,513.8837803563346
1071,0,Case3,6x4_172,-68.0,5.0,6x4,2,2,2.2762450158011727e-05,0.9997715945010195,0.00020564304882250573,22011.918442106205,23036.24696946394,41822.25303399563,42924.01204283979,772.9315119933162
1082,0,Case3,6x4_183,37.0,63.0,6x4,2,2,0.41568926798325984,0.5842647935305597,4.593848618040414e-05,16022.617298437033,17422.1949000547,24820.702560424805,26140.701535573935,1004.1405287903054
1088,0,Case3,6x4_189,34.0,0.0,6x4,2,3,5.515014951708171e-06,0.012106288693969701,0.9878881962910785,21690.79835324644,21197.79803807428,40917.22706031799,41685.190185338186,603.3714852700764
1098,0,Case3,6x4_199,-45.0,82.0,6x4,1,1,0.9902269498863869,0.0006617769285958238,0.009111273185017274,12785.334725510631,13024.514790638637,19603.201110839844,18785.377181855787,753.5405275018975
1103,0,Case3,6x4_204,27.0,-22.0,6x4,3,3,0.0003722370482767513,0.2067013854477481,0.7929263775039751,20179.030442597563,20375.902248623355,35381.59557723999,35598.7048887573,244.84869161239212
1107,0,Case3,6x4_208,-87.0,47.0,6x4,1,1,0.9468581012420226,0.05311577064182343,2.612811615386463e-05,11906.234435663253,12203.929127310545,18307.734268188477,18433.73634912551,190.87564621852522
1114,0,Case3,6x4_215,9.0,13.0,6x4,3,3,3.451462789750396e-06,0.00045127759793509324,0.999545270939275,17439.106265007424,18301.114473405753,39975.1802316308,41285.41771347039,1034.3115607146187
1115,0,Case3,6x4_216,-10.0,59.0,6x4,2,2,0.0029885920191297876,0.9968346610645408,0.00017674691632938396,22290.258824537737,22618.471079659685,40823.329621315,41067.85354342839,155.58312086871197
1117,0,Case3,6x4_218,5.0,-15.0,6x4,3,3,2.025367368127241e-06,0.0005185408756495081,0.9994794337569824,17063.771872042933,18555.75874531577,39941.132167607546,41817.45419327432,1324.4599718488864
1121,0,Case3,6x4_222,7.0,-80.0,6x4,2,2,0.00013093417907930854,0.9997934389552738,7.56268656467502e-05,22708.164994086703,23048.942760542246,41159.254960775375,42588.84606038428,927.4749812143602
1129,0,Case3,6x4_230,-44.0,-30.0,6x4,1,2,0.06072210265392481,0.9353876910952682,0.0038902062508070294,16392.611358614835,16902.962059932037,26467.590301513672,27672.795869028763,862.2660022960468
1144,0,Case3,6x4_245,-34.0,-14.0,6x4,2,3,5.537604564847965e-05,0.3240995863362499,0.6758450376181017,21169.51855098021,21755.4455370462,37803.49417114258,39775.62287170592,1415.807874987279
1159,0,Case3,6x4_260,-50.0,68.0,6x4,1,1,0.9995162828549561,0.0004640965537369694,1.9620591306948862e-05,12950.945634514916,12659.209875363467,16486.296310424805,15662.122451473802,767.1768344392154
1160,0,Case3,6x4_261,-14.0,-28.0,6x4,3,3,0.0001257300716429273,0.23801342153037897,0.7618608483979782,21027.60738804005,21105.593182012995,38762.07406044006,38555.415115152166,350.4109456645918
1162,0,Case3,6x4_263,-24.0,2.0,6x4,3,3,3.4757338941720904e-06,0.003167693016070014,0.9968288312500359,19639.621734054886,20014.772545842694,41082.02308368683,42188.8403803877,931.3373205877278
1167,0,Case3,6x4_268,-59.0,29.0,6x4,2,2,0.0923834318254871,0.9068313508342457,0.0007852173402672902,17461.72884297697,17922.53360623411,29916.687969207764,29441.915992614733,311.7581056919161
1168,0,Case3,6x4_269,-60.0,60.0,6x4,1,1,0.9994989247554951,0.0004987982252597595,2.2770192451935235e-06,12357.183283795895,12616.585375891893,13876.258666992188,13440.297069699765,182.64182299905593
1171,0,Case3,6x4_272,72.0,69.0,6x4,1,1,0.9999320371036304,5.672734123895277e-05,1.1235555130593278e-05,8582.788953184589,8100.7173382875435,10936.400047302246,10357.894334946388,372.80760097467765
1172,0,Case3,6x4_273,81.0,62.0,6x4,1,1,0.9998147122340556,0.00017237717956705578,1.2910586377382072e-05,8668.509358412743,9290.511420151546,11812.417854309082,11795.680917056743,142.13682401121392
1178,0,Case3,6x4_279,-88.0,-89.0,6x4,1,1,0.9998513069296053,6.381675418447658e-05,8.487631621026214e-05,4911.324790713473,4788.494089766251,8274.54581451416,7730.5073499551445,365.9846402383303
1190,0,Case3,6x4_291,26.0,5.0,6x4,3,3,3.2945537480001966e-06,0.0019531023509355397,0.9980436030953165,19250.933509499788,20060.984932283853,40848.086585998535,41736.581233941564,712.6466179897379
1193,0,Case3,6x4_294,-71.0,-57.0,6x4,1,1,0.999428390671346,0.0005686266300065477,2.9826986472246248e-06,11009.283649709707,11893.663079875418,13586.606468200684,13795.490983465996,183.29069233289368
1202,0,Case3,6x8_003,-44.0,65.0,6x8,1,1,0.8255960446923757,0.17439836713273676,5.588174887567516e-06,9469.274963665786,9439.942098796826,17884.816650390625,17459.306098912293,302.01969126087295
1203,0,Case3,6x8_004,49.0,48.0,6x8,1,1,0.9880081473604372,0.011989994867568639,1.8577719941325351e-06,10489.289558668295,10509.809945046358,14796.995628356934,15036.35626149184,211.99867011696114
1204,0,Case3,6x8_005,-52.0,20.0,6x8,2,2,2.9514743523183972e-05,0.9651306727527,0.03483981250377683,7923.44227699512,7423.749251030614,31973.68735408783,32550.04368012624,388.72747583218364
1216,0,Case3,6x8_017,-30.0,66.0,6x8,2,2,0.006020722654454596,0.9939648149703615,1.4462375183839523e-05,8420.446789265701,8246.854504536757,27268.486790657043,26483.314975899873,544.7064526790089
1217,0,Case3,6x8_018,-53.0,31.0,6x8,2,2,0.0003775438701990301,0.9993140979627533,0.0003083581670476239,8870.709970794984,8515.736624518717,24364.301071166992,24535.979255251303,178.79270149223694
1224,0,Case3,6x8_025,80.0,-80.0,6x8,1,1,0.999908701776778,8.717409050889267e-05,4.124132713086058e-06,4242.450811588644,3752.4049332555733,8627.483963012695,7836.1308844413925,508.0670524746367
1226,0,Case3,6x8_027,54.0,-38.0,6x8,1,2,0.33740802745839166,0.6625624474965194,2.952504508892714e-05,9566.487532844087,9457.81919441514,19604.45467376709,19231.78381147789,227.56913098073755
1227,0,Case3,6x8_028,36.0,-31.0,6x8,2,2,0.00021687433974842024,0.9518246169826053,0.04795850867764621,8694.655884221893,8540.801497645587,24340.75421524048,24977.668916172384,406.83051272262406
1228,0,Case3,6x8_029,52.0,-41.0,6x8,1,1,0.8507333582109636,0.14925894874610604,7.693042930271635e-06,9981.916982656023,9946.957899256915,17637.217582702637,17607.597539052273,49.24026418010243
1232,0,Case3,6x8_033,-61.0,86.0,6x8,1,1,0.999710459379478,0.00028028525234484014,9.255368177098244e-06,5991.575442878556,5617.140639879694,10690.049320220947,9741.577035763241,639.1750714231456
1239,0,Case3,6x8_040,-27.0,-54.0,6x8,2,2,0.014929954252216628,0.9850085972162657,6.144853151762383e-05,8417.011511067643,8423.236607607094,27512.403447151184,27014.944079437373,357.7553885600751
1240,0,Case3,6x8_041,-2.0,-68.0,6x8,2,2,6.35082744146388e-05,0.9998001052596925,0.0001363864658927768,6699.98573717735,6659.733992203515,37784.56441164017,38013.52285980418,139.01971854394807
1243,0,Case3,6x8_044,59.0,-56.0,6x8,1,1,0.9972302836619118,0.002767841307970472,1.8750301176541923e-06,8837.319762667043,9243.035695688859,12457.933113098145,12654.2234788871,148.47295137307108
1265,0,Case3,6x8_066,75.0,72.0,6x8,1,1,0.9994977076118876,0.0005004130985467568,1.8792895657348137e-06,5369.6245566530315,4985.612348743371,9476.226577758789,8807.125052428768,407.7564962057921
1276,0,Case3,6x8_077,-64.0,20.0,6x8,2,2,2.2220155993826364e-05,0.9983072225162742,0.0016705573277318118,7730.400520896431,7405.24953725967,33233.2405193001,33632.054767899106,270.9755771372734
1277,0,Case3,6x8_078,29.0,-79.0,6x8,2,2,0.0002388841198877799,0.9997374921085613,2.362377155080829e-05,7810.785798508536,7541.814068904965,28832.875918984413,30032.590279932687,789.4303315774939
1287,0,Case3,6x8_088,23.0,33.0,6x8,3,2,8.634833699240963e-05,0.8508044812360949,0.14910917042691266,7564.757786761533,7693.143061105911,29737.17578601837,29147.669897088024,495.701319459294
1296,0,Case3,6x8_097,-46.0,-23.0,6x8,2,2,3.553121948079752e-05,0.8653057337003104,0.1346587350802088,7992.970352737475,7690.8000010818405,29215.25081539154,30775.168817340393,1077.950663412881
1297,0,Case3,6x8_098,-1.0,36.0,6x8,3,3,9.148703178030263e-06,0.06312583619628045,0.9368650151005415,6410.375303854675,6238.892168926448,36992.35785675049,37639.54545672338,417.50403978325426
1298,0,Case3,6x8_099,90.0,40.0,6x8,2,2,0.002872939759801872,0.9971081730200843,1.8887220113928353e-05,8274.295847250927,8138.727604720266,22120.160305023193,22132.31937649397,132.8707085503091
1299,0,Case3,6x8_100,69.0,62.0,6x8,1,1,0.994702048106197,0.005296081605986322,1.8702878165640405e-06,7118.9463313999,7160.731748876945,11038.727088928223,10943.171369692034,58.63495936988329
1301,0,Case3,6x8_102,76.0,-24.0,6x8,2,2,6.125463087734739e-05,0.9997389335751521,0.00019981179397054278,7564.618010245786,7496.696184137238,31584.746515750885,31994.10041866151,283.03011267141085
1306,0,Case3,6x8_107,69.0,8.0,6x8,2,2,8.910357023719702e-06,0.9995862744049467,0.0004048152380294966,6730.974926442521,6766.271458114993,37168.93218135834,37157.55808731394,50.40740126152551
1307,0,Case3,6x8_108,46.0,-72.0,6x8,1,1,0.6856256137730693,0.31436384968459136,1.0536542339445365e-05,9122.564574484604,9142.057238947054,17728.438934326172,17647.90602316012,46.15938817561763
1308,0,Case3,6x8_109,-69.0,17.0,6x8,2,2,1.0872487875023602e-05,0.9996655708658179,0.00032355664630696093,7271.130594758279,7204.257032914714,34767.93302690983,35077.88714604708,213.23951757481322
1309,0,Case3,6x8_110,-51.0,1.0,6x8,2,2,6.378520515781024e-06,0.9269453737684813,0.07304824771100295,6995.620333105884,6754.645709351134,37768.4889370203,38118.23083811173,194.01970003162114
1320,0,Case3,6x8_121,-50.0,14.0,6x8,2,2,1.8135960854315907e-05,0.9438803431756165,0.05610152086352916,7345.364184301592,7146.176224852305,34855.19799232483,34733.652720711274,143.46700130002716
1323,0,Case3,6x8_124,42.0,-66.0,6x8,1,1,0.628527732074398,0.3714647344534241,7.533472177872392e-06,9281.094673504855,9182.83812033106,19177.04468536377,19577.64771044656,299.17501794731805
1329,0,Case3,6x8_130,-59.0,12.0,6x8,2,2,8.90961740253227e-06,0.9974151668808556,0.0025759235017418862,7265.771721117012,7119.325847954322,36287.46225345135,35794.5105816249,396.0117045656064
1338,0,Case3,6x8_139,-52.0,-36.0,6x8,2,2,0.030890644547619486,0.9690407273742208,6.862807815971214e-05,9395.251857996369,9273.36002940055,20563.966758728027,20588.531446533154,99.63843671099545
1340,0,Case3,6x8_141,79.0,49.0,6x8,1,1,0.8399530041305252,0.16004467062176428,2.3252477106370093e-06,8807.6106030903,8866.697900214549,16824.539741516113,15616.06454099997,726.64118553118
1341,0,Case3,6x8_142,56.0,10.0,6x8,2,2,1.2543640205281739e-05,0.9948394104091848,0.005148045950609991,7242.904118561144,7133.698451322714,36712.741798877716,36545.64629892018,181.8771819094824
1342,0,Case3,6x8_143,39.0,-35.0,6x8,2,2,0.005795998448802713,0.9934465330185,0.0007574685326973765,9348.97346229211,9077.580162546532,21474.533126831055,21325.01772611779,185.36367571379006
1345,0,Case3,6x8_146,-41.0,-28.0,6x8,2,2,9.794406913016995e-05,0.9320052285829797,0.06789682734789013,8429.968634122459,8238.537536873342,25368.87992668152,26688.021665719312,920.4075378297953
1346,0,Case3,6x8_147,47.0,23.0,6x8,2,2,5.707715409701456e-05,0.9492714280332677,0.050671494812635255,7997.955129695263,7690.050278981899,29339.98888683319,30996.026148595367,1112.635168856754
1358,0,Case3,6x8_159,-9.0,-4.0,6x8,3,3,1.8802038449749542e-06,1.4097081634133985e-05,0.9999840227145208,4267.5360078672375,5264.186619382681,34972.794655412436,36725.56799889046,1347.716969010352
1361,0,Case3,6x8_162,-71.0,-11.0,6x8,2,2,7.829290765304746e-06,0.9995930961465049,0.0003990745627297253,6913.468759873402,6889.948692252813,36508.38504362106,36660.77081348583,87.9557982907886
1363,0,Case3,6x8_164,-16.0,-5.0,6x8,3,3,1.8801936175639497e-06,1.9536527390780865e-05,0.9999785832789916,5049.757238613182,4989.564095784213,36639.02815236151,37067.3137200067,634.9386783324959
1369,0,Case3,6x8_170,-35.0,-50.0,6x8,2,2,0.4016101643915463,0.5983682841348742,2.1551473579473e-05,9307.513992774922,9400.954900877081,20967.52848815918,21281.539479819246,282.03577158376265
1371,0,Case3,6x8_172,-68.0,5.0,6x8,2,2,4.442770242622022e-06,0.9997620103489758,0.00023354688078151205,6753.878220615981,6720.555737857671,37595.5486587286,37495.56527817444,138.35916940588527
1382,0,Case3,6x8_183,37.0,63.0,6x8,2,2,0.04223002752246972,0.9577633121762681,6.660301262080276e-06,9058.052443052731,8893.322556771293,21894.375423431396,22625.640950850968,506.37822955703757
1388,0,Case3,6x8_189,34.0,0.0,6x8,3,3,1.8786481243544828e-06,0.0008416771678477778,0.9991564441840279,6261.329657585698,5793.649908599415,36963.37371444702,37535.640326823566,525.2102229834793
1398,0,Case3,6x8_199,-45.0,82.0,6x8,2,2,0.3558505880239986,0.6440924241839607,5.6987792040772834e-05,8572.529269237422,8787.867280355058,19005.78229522705,18739.29415025194,125.07442908009503
1403,0,Case3,6x8_204,27.0,-22.0,6x8,3,3,1.8740763044454328e-06,0.003275975952779288,0.9967221499709163,7045.469380476001,7110.266862708472,32008.17771434784,32169.858866032773,162.86159485441488
1407,0,Case3,6x8_208,-87.0,47.0,6x8,2,2,0.42657676962498614,0.5734173020592014,5.92831581246596e-06,8524.988985182688,8360.303835044064,18099.10502243042,16842.684429467965,781.6239824924016
1414,0,Case3,6x8_215,9.0,13.0,6x8,3,3,1.8801946757234225e-06,1.8973745564079312e-05,0.9999791460597602,4852.8217401138245,5062.638597350035,36387.65269064903,36869.12732219111,485.21697029894193
1415,0,Case3,6x8_216,-10.0,59.0,6x8,2,2,0.00012258955241665443,0.9997691245649232,0.00010828588266007908,7240.702476578327,7104.423992646577,36880.05199372396,36441.47661604567,358.35828973263267
1417,0,Case3,6x8_218,5.0,-15.0,6x8,3,3,1.8801975785604907e-06,1.7429872458490854e-05,0.9999806899299629,4859.4613298703125,5022.185333058942,36570.7950963974,37740.690489401946,798.1638602968172
1421,0,Case3,6x8_222,7.0,-80.0,6x8,2,2,4.529415245302648e-05,0.9999233428661927,3.136298135443019e-05,6389.277002597616,6338.444821052656,36267.24049818516,37360.63910954598,679.2269741356488
1429,0,Case3,6x8_230,-44.0,-30.0,6x8,2,2,0.00023709069795486664,0.9913482584293872,0.0084146508726579,8694.96562573713,8554.465691484798,23945.92106628418,25142.29552467648,831.1800830165406
1444,0,Case3,6x8_245,-34.0,-14.0,6x8,3,3,1.8556851653619155e-06,0.013109310886448625,0.986888833428386,6785.684103409566,6494.970348562456,34204.09784889221,35805.792731793175,1158.7047955549428
1459,0,Case3,6x8_260,-50.0,68.0,6x8,1,1,0.9523169053540819,0.04767843946166675,4.6551842514892755e-06,9567.899370040805,8976.866513928293,15470.936134338379,14269.540050193938,747.483225159844
1460,0,Case3,6x8_261,-14.0,-28.0,6x8,3,3,2.1692943722485826e-06,0.012601689962589972,0.9873961407430377,6418.458738778324,6554.963047138069,34935.93342590332,35160.920739667425,141.34563045358271
1462,0,Case3,6x8_263,-24.0,2.0,6x8,3,3,1.8801246982247562e-06,5.619125917284277e-05,0.999941928616129,5479.198870742019,5030.854588570581,37101.37361097336,37849.18768882215,608.0114851102684
1467,0,Case3,6x8_268,-59.0,29.0,6x8,2,2,0.00016903896126448516,0.9993791840042074,0.00045177703452806297,8601.747044051053,8210.929265570538,26931.5073223114,27179.614058030023,201.72863031764516
1468,0,Case3,6x8_269,-60.0,60.0,6x8,1,1,0.9960697335067487,0.0039283936409829035,1.872852268515737e-06,8248.923787334112,8325.65697229478,11859.778518676758,11530.134676537473,204.70190111922284
1471,0,Case3,6x8_272,72.0,69.0,6x8,1,1,0.9989273164910023,0.0010708052914732732,1.8782175242966668e-06,5931.320371074177,5424.650583686871,9950.804023742676,9274.888800418266,422.53852230244456
1472,0,Case3,6x8_273,81.0,62.0,6x8,1,1,0.9942231662529953,0.005774964356521655,1.8693904829860226e-06,6071.882410835587,6304.936867103355,10434.430339813232,10612.713933709867,149.72211609587643
1478,0,Case3,6x8_279,-88.0,-89.0,6x8,1,1,0.9996096254348751,0.00038172887517052726,8.645689954363229e-06,3214.1430085500515,3160.4879270621723,7474.123553276062,6951.384829680024,325.78564352088506
1490,0,Case3,6x8_291,26.0,5.0,6x8,3,3,1.8801142668242913e-06,6.173919666965863e-05,0.9999363806890635,5777.273059932448,5231.827683497322,36879.83259677887,37533.68274791309,566.5340680548891
1493,0,Case3,6x8_294,-71.0,-57.0,6x8,1,1,0.996569282545299,0.0034288436651842493,1.8737895165792213e-06,7888.013873499853,8274.81755236721,12224.245475769043,12116.397658317992,168.3044237109921
1502,0,Case3,8x8_003,-44.0,65.0,8x8,2,2,0.02543089915856459,0.9745594986798568,9.602161578588087e-06,6337.011177400955,6136.568770751421,17957.480937957764,18094.530221238278,141.95864151745786
1503,0,Case3,8x8_004,49.0,48.0,8x8,1,2,0.15445957993400256,0.8454930157936519,4.7404272345471616e-05,7678.519114548306,7366.022619228525,15591.901821136475,14893.542541860004,484.29515184061427
1504,0,Case3,8x8_005,-52.0,20.0,8x8,2,2,8.972459683010059e-06,0.6753751313198961,0.32461589622042103,5862.340206577789,5789.859009890278,32653.18706226349,32927.826135396026,198.65284386588866
1516,0,Case3,8x8_017,-30.0,66.0,8x8,2,2,0.0005245292486103346,0.9994268463236984,4.862442769115332e-05,5772.640630477044,5632.865235029516,27843.087203145027,27532.178592498614,259.8885366996233
1517,0,Case3,8x8_018,-53.0,31.0,8x8,2,2,4.853449801236943e-05,0.9654672130933213,0.03448425240866619,6397.461983353669,6422.750397868412,24984.42482805252,24968.141231696056,83.64833851068558
1524,0,Case3,8x8_025,80.0,-80.0,8x8,1,1,0.9930665335883627,0.006908570869529312,2.4895542107736256e-05,2887.943609067684,2737.5918163308324,8823.332853078842,8795.303357835579,32.23062695105182
1526,0,Case3,8x8_027,54.0,-38.0,8x8,2,2,0.00029250303095251686,0.9959439360691446,0.0037635608999028376,6729.771320782916,6793.546211557037,20018.46256351471,20132.071011571854,91.83626392460697
1527,0,Case3,8x8_028,36.0,-31.0,8x8,2,3,1.6854498727420976e-05,0.4515812353575842,0.5484019101436884,6907.795287186744,6609.781126628273,24955.209678411484,25492.275071825577,346.72927894085586
1528,0,Case3,8x8_029,52.0,-41.0,8x8,2,2,0.0011147104271754707,0.9977267563653837,0.001158533207440719,7031.28408118499,7035.674635999127,17925.203788757324,18127.805356269124,153.4630355031435
1532,0,Case3,8x8_033,-61.0,86.0,8x8,2,2,0.2908077169111839,0.7089935197618635,0.0001987633269525904,4858.970079266146,4343.140156543469,11555.959428787231,11238.118502629985,245.8166324582711
1539,0,Case3,8x8_040,-27.0,-54.0,8x8,2,2,0.00023506621964433042,0.9929512954058715,0.006813638374484094,6156.542507679392,5975.6226397446535,28173.26127052307,28367.551361086345,214.91218086047147
1540,0,Case3,8x8_041,-2.0,-68.0,8x8,2,2,2.8912953035790527e-05,0.6832386254584387,0.31673246158852547,4551.971485095972,4529.168534482149,38092.448898762465,38989.86963164954,567.1699424935573
1543,0,Case3,8x8_044,59.0,-56.0,8x8,1,1,0.9803764876163333,0.019621668804373032,1.8435792936409877e-06,7238.748159575772,7087.387326798828,13186.217964172363,12852.313525009407,252.25192120772374
1565,0,Case3,8x8_066,75.0,72.0,8x8,1,2,0.07606514761757506,0.9239065465596608,2.8305822763980323e-05,3802.3864164487636,3554.349578609701,9646.479466438293,9458.128214061235,176.70892422068354
1576,0,Case3,8x8_077,-64.0,20.0,8x8,2,2,9.637120741980578e-06,0.9878586669668499,0.01213169591240813,5383.046213220997,5263.709521015315,33919.52107524872,34082.68949112599,120.36827430659173
1577,0,Case3,8x8_078,29.0,-79.0,8x8,2,2,0.00012421682073813887,0.999614924439492,0.00026085873976986314,5034.664813950381,5007.137105488865,29318.309135496616,30731.721001671332,1016.8616686662542
1587,0,Case3,8x8_088,23.0,33.0,8x8,3,3,1.8312231900533313e-06,0.026304350473885713,0.9736938183029242,6274.172863489964,6071.331439276354,30316.11236537993,31246.49514224437,631.417045567247
1596,0,Case3,8x8_097,-46.0,-23.0,8x8,2,3,5.295831533112553e-06,0.34326257182863107,0.6567321323398357,6211.92405868589,6028.204314896417,29863.035150527954,31188.520622615615,920.0079650428604
1597,0,Case3,8x8_098,-1.0,36.0,8x8,3,3,1.861963697290274e-06,0.009744518295853844,0.9902536197404489,5551.859482867292,5494.6922055655905,37613.16266345978,38112.39984743319,263.2789556779897
1598,0,Case3,8x8_099,90.0,40.0,8x8,2,2,0.0004193958634487387,0.9990280680800581,0.0005525360564931935,5092.943313465015,5104.985526663426,22285.820430457592,22110.83809361978,103.53250563538683
1599,0,Case3,8x8_100,69.0,62.0,8x8,1,1,0.64098447866537,0.35900947669074623,6.044643883707742e-06,5587.376125470646,5712.3394715234035,11188.145685195923,10268.726644369597,711.1913115676566
1601,0,Case3,8x8_102,76.0,-24.0,8x8,2,2,2.9261241201958712e-05,0.9965082233522434,0.003462515406554641,4975.0575921877125,5043.015900945816,32164.09083802998,32303.620135334466,89.89900438484331
1606,0,Case3,8x8_107,69.0,8.0,8x8,2,2,5.3010237366019874e-06,0.617129383253573,0.38286531572269034,4767.3215442507935,4633.077733224167,37681.772822499275,38216.475715005516,480.77163835509253
1607,0,Case3,8x8_108,46.0,-72.0,8x8,2,2,0.11685254123512787,0.8831296949531001,1.776381177205101e-05,5894.562599061555,5717.9830964159455,17675.988748550415,17430.079992434574,228.15049143323156
1608,0,Case3,8x8_109,-69.0,17.0,8x8,2,2,6.3982003796469856e-06,0.9950783248240521,0.004915276975568179,4932.410175987654,4914.19879348164,35425.568538069725,35940.12716709751,311.31014566884414
1609,0,Case3,8x8_110,-51.0,1.0,8x8,3,3,1.8054350513482395e-06,0.0403781559607339,0.9596200386042149,5273.388532391041,5157.955429959765,38442.834015369415,39323.73468948701,762.0830188206382
1620,0,Case3,8x8_121,-50.0,14.0,8x8,2,3,2.70331363746961e-06,0.21210154804141063,0.7878957486449519,5679.631119045203,5564.192640946194,35520.826152801514,36433.892108454136,666.5908680882034
1623,0,Case3,8x8_124,42.0,-66.0,8x8,2,2,0.04476680960616903,0.9552059058265912,2.728456723982858e-05,6212.547389660108,6017.211268249738,19344.97352027893,19645.900674835353,225.99641798220648
1629,0,Case3,8x8_130,-59.0,12.0,8x8,2,2,4.037102609053491e-06,0.9691920969732377,0.030803865924153014,5387.960247755236,5205.553264568395,36987.187782764435,37700.942815701856,418.33120347181193
1638,0,Case3,8x8_139,-52.0,-36.0,8x8,2,2,0.0001296151712552486,0.990068566962984,0.009801817865760743,6711.082886921032,6678.152643572006,21071.09661102295,21391.119765711177,218.63357754518418
1640,0,Case3,8x8_141,79.0,49.0,8x8,2,2,0.006836738833992048,0.9931198049638277,4.3456202180393994e-05,5505.314129107697,5440.191437650479,16600.381242752075,16520.26728583598,99.38199891421512
1641,0,Case3,8x8_142,56.0,10.0,8x8,2,2,3.331529360714557e-06,0.5603844193555374,0.4396122491151018,5377.513188781139,5221.4251758106175,37395.50156164169,38214.92122519862,639.622755309175
1642,0,Case3,8x8_143,39.0,-35.0,8x8,2,2,4.26308364049706e-05,0.9211033083534165,0.07885406081017858,7200.719787992477,6938.564142919453,22064.017192065716,22059.636933480353,102.56048368703483
1645,0,Case3,8x8_146,-41.0,-28.0,8x8,2,3,9.9291158241498e-06,0.4990268266089872,0.5009632442751886,6594.977481166135,6414.864330970928,25990.700934290886,27412.79677705883,962.5519199949514
1646,0,Case3,8x8_147,47.0,23.0,8x8,2,2,7.531145535112037e-06,0.6686479524606868,0.3313445163937782,6086.069174026869,5949.588318413736,29975.44226026535,31357.050544082093,970.1144117952999
1658,0,Case3,8x8_159,-9.0,-4.0,8x8,3,3,1.8802223173455373e-06,4.272556369191533e-06,0.9999938472213136,4784.071618648622,5235.809173551525,35920.61468595266,38035.237178563686,1665.3688989540121
1661,0,Case3,8x8_162,-71.0,-11.0,8x8,2,2,8.677773836945172e-06,0.7020229939451235,0.2979683282810396,4599.47291254433,4565.421962735431,37024.23967695236,38252.553442915116,921.6954267406508
1663,0,Case3,8x8_164,-16.0,-5.0,8x8,3,3,1.880221142121116e-06,4.8975991583266075e-06,0.9999932221796995,5064.298756250096,5054.98414574126,37529.08621877432,38240.365233525736,956.090050736604
1669,0,Case3,8x8_170,-35.0,-50.0,8x8,2,2,0.0006101979276897055,0.997998317478478,0.0013914845938321691,6729.539033237823,6623.054299246223,21506.17272567749,21728.780881183586,238.08651478186005
1671,0,Case3,8x8_172,-68.0,5.0,8x8,2,3,3.469502981005542e-06,0.19064183008928984,0.8093547004077292,4685.899680162475,4458.653814571219,38062.803205251694,38699.258463551436,613.9450639229849
1682,0,Case3,8x8_183,37.0,63.0,8x8,2,2,0.005233923895961863,0.9947212792355296,4.47968685086703e-05,6157.0559242177715,5964.608931808409,22285.64648246765,22359.423315456166,119.53483388273031
1688,0,Case3,8x8_189,34.0,0.0,8x8,3,3,1.8801703211419716e-06,3.192672307402131e-05,0.9999661931066048,5508.600371518995,5187.391859151259,37624.85564517975,38622.856356348006,835.7028305791131
1698,0,Case3,8x8_199,-45.0,82.0,8x8,2,2,0.005671738422857783,0.9942844598617003,4.380171544163916e-05,5351.904110029425,5246.570929057885,18972.75307801366,18630.0057346704,233.78567241250354
1703,0,Case3,8x8_204,27.0,-22.0,8x8,3,3,1.880000235152039e-06,0.00012238691050298477,0.9998757330892619,6227.089851817885,5981.553590801743,32662.727853626013,33277.55311264619,519.4712672627178
1707,0,Case3,8x8_208,-87.0,47.0,8x8,2,2,0.009846518341779383,0.9901190839872175,3.43976710031313e-05,5241.285540709097,5274.004158346999,17959.255588173866,17954.87783392648,67.73300254077598
1714,0,Case3,8x8_215,9.0,13.0,8x8,3,3,1.8802214853833554e-06,4.71503522752452e-06,0.999993404743287,5137.830275241911,5243.0588952112985,37257.1520203352,38122.84614886155,798.8181688664761
1715,0,Case3,8x8_216,-10.0,59.0,8x8,2,2,2.3296220869124177e-05,0.9783321753946191,0.021644528384511714,5195.54750756793,5156.097059374523,37556.780430316925,37837.94678302468,296.37141870439535
1717,0,Case3,8x8_218,5.0,-15.0,8x8,3,3,1.8802195899593102e-06,5.7231159912639266e-06,0.9999923966644187,5135.380989152261,5236.884534981877,37447.23813354969,38712.16129698211,996.5895374232214
1721,0,Case3,8x8_222,7.0,-80.0,8x8,3,2,4.617461076915274e-05,0.8052831334613146,0.1946706919279161,4040.516102851325,3929.8369727648933,35875.66543221474,37601.50381498744,1205.1534681009055
1729,0,Case3,8x8_230,-44.0,-30.0,8x8,2,2,1.8737949870836822e-05,0.8352573280236991,0.16472393402642987,6612.669125424975,6557.378301697057,24572.994671732187,25606.740598743505,698.2513578870479
1744,0,Case3,8x8_245,-34.0,-14.0,8x8,3,3,1.8800843676600463e-06,7.764105902924807e-05,0.9999204788566031,5717.613982442492,5528.146256222999,34840.69558274746,36937.75595949013,1601.8707069645607
1759,0,Case3,8x8_260,-50.0,68.0,8x8,2,2,0.09324944712533571,0.9067408516197452,9.701254919017326e-06,6285.180715353422,6065.900413863527,15217.245170593262,15103.1320082094,174.01424149080052
1760,0,Case3,8x8_261,-14.0,-28.0,8x8,3,3,1.8798040795404537e-06,0.00022671221910368166,0.9997714079768169,5641.870263550833,5593.826118605607,35611.23389029503,35924.678337326855,229.31083368558862
1762,0,Case3,8x8_263,-24.0,2.0,8x8,3,3,1.8802148205732499e-06,8.259712669761492e-06,0.9999898600725098,5287.498657999055,4979.285120426551,37891.93917179108,38680.03941763927,741.3301878419771
1767,0,Case3,8x8_268,-59.0,29.0,8x8,2,2,4.165822293585337e-05,0.9765902723107136,0.023368069466350706,6049.489032525358,5991.141255839804,27566.338032245636,26906.46689739632,418.8369054598604
1768,0,Case3,8x8_269,-60.0,60.0,8x8,1,1,0.9632179261917625,0.0367802618119344,1.811996303152969e-06,6610.134475080261,6499.258334231251,12020.371646881104,11833.441294562585,282.8911221322112
1771,0,Case3,8x8_272,72.0,69.0,8x8,1,2,0.13378812121622313,0.866195982194881,1.5896588895783773e-05,4354.133201568878,4045.6556789509727,10103.812602996826,9869.717031024793,251.5129149988237
1772,0,Case3,8x8_273,81.0,62.0,8x8,2,2,0.17381379735141297,0.8261655152464775,2.068740210969858e-05,4794.198050892342,5241.587339431489,11183.37955570221,9612.930403928942,1138.7141429967064
1778,0,Case3,8x8_279,-88.0,-89.0,8x8,1,2,0.061933095210105295,0.9379192783058983,0.00014762648399664692,2345.1859644138412,2355.1746933358268,8265.7601801157,7868.9791887024,228.09340974319343
1790,0,Case3,8x8_291,26.0,5.0,8x8,3,3,1.8802126133568356e-06,9.43362011846808e-06,0.9999886861672682,5514.936620367583,5083.445416938213,37628.213329315186,38447.5821093632,689.4006807380573
1793,0,Case3,8x8_294,-71.0,-57.0,8x8,1,1,0.7991412464218067,0.20085295965162564,5.793926567461632e-06,6067.17917881581,5734.146708088424,12956.714796066284,11946.634286330758,707.12893918944
1803,0,Case4,6x4_004,49.0,48.0,6x4,1,1,0.9878680567580248,0.012128969070416438,2.9741715587130156e-06,14605.531869322482,15554.393896304235,16929.045028686523,17138.365990013925,375.58794287656616
1805,0,Case4,6x4_006,-15.0,-74.0,6x4,2,2,0.00017023530180152512,0.9997286027859924,0.00010116191220599369,21416.816488874498,22238.744062050006,39465.2301094532,40690.41580300167,809.4048151884384
1815,0,Case4,6x4_016,75.0,-61.0,6x4,1,1,0.9999510469157976,3.8551713096533934e-05,1.040137110594208e-05,9606.218223163476,9364.554920329638,12287.863578796387,11958.229421564221,190.2040920597192
1816,0,Case4,6x4_017,-30.0,66.0,6x4,2,2,0.003141756129412969,0.9968149091245148,4.33347460721992e-05,17744.618846286707,18506.379108643523,30512.97803878784,31378.606762982683,568.5855195946068
1820,0,Case4,6x4_021,-49.0,-67.0,6x4,1,1,0.9864160912383907,0.013578303109653333,5.605651955938825e-06,13167.318747343248,14114.196197888674,16887.499229431152,17085.30488229523,353.846536841504
1826,0,Case4,6x4_027,54.0,-38.0,6x4,1,1,0.6227191070474756,0.3772514750162848,2.9417936239817586e-05,15434.554916393454,15975.442953183901,22165.987327575684,21581.046706746984,503.90894137405627
1836,0,Case4,6x4_037,-85.0,67.0,6x4,1,1,0.9999355279177803,2.8386268992879134e-05,3.60858132269942e-05,7472.906084422283,7445.839209752189,10522.489624023438,10206.531647605414,205.71833716957534
1838,0,Case4,6x4_039,64.0,42.0,6x4,1,1,0.8681356863468297,0.13185615973759146,8.153915578980365e-06,15153.472420711814,15621.684166746196,21554.439155578613,20809.01311458754,633.9306595764623
1850,0,Case4,6x4_051,28.0,57.0,6x4,2,2,0.0067363425652531145,0.9930129826939648,0.0002506747407821461,17211.139894556734,18148.723971614996,30315.12269592285,31659.294810628653,931.234294643058
1854,0,Case4,6x4_055,44.0,-49.0,6x4,1,1,0.9818339647539513,0.01816198039282692,4.054853221694165e-06,16003.53308045265,16273.741188419956,19112.50762939453,18810.859890086587,209.48184553449684
1865,0,Case4,6x4_066,75.0,72.0,6x4,1,1,0.9999491752250736,4.0282856170323255e-05,1.0541918756060112e-05,7574.793974005972,7289.189572676246,10228.909744262695,9719.769198385868,334.21810278733534
1868,0,Case4,6x4_069,-36.0,57.0,6x4,2,2,0.3563037539020466,0.6436576854184318,3.8560679521630876e-05,15953.533601743304,16406.340539116074,24263.719841003418,23462.52982489742,588.905993304338
1869,0,Case4,6x4_070,-89.0,-51.0,6x4,1,1,0.9983917251971502,0.0015421243146891896,6.615048816053296e-05,10741.93579880972,10611.051776588592,16095.344825744629,14558.269838952889,1044.9940192378951
1870,0,Case4,6x4_071,-45.0,-29.0,6x4,2,2,0.01025440005500817,0.9887691884046566,0.0009764115403353802,16187.949974005638,17315.483982617745,27219.65446472168,28036.760706210032,610.4737851564532
1871,0,Case4,6x4_072,-29.0,13.0,6x4,3,3,2.2907958015698875e-05,0.14911617782576653,0.8508609142162178,20883.60514859316,20523.879378448863,38859.38718223572,39681.06031462094,645.8902666978083
1875,0,Case4,6x4_076,50.0,5.0,6x4,2,2,0.00010555679216590602,0.998081467860178,0.0018129753476558803,21909.575475465925,22935.680696450396,41123.982788562775,42318.81431613503,872.9210211401493
1879,0,Case4,6x4_080,-53.0,-64.0,6x4,1,1,0.9964526301094822,0.003545154916805396,2.2149737123121523e-06,13084.614568148081,13573.817783482955,15165.633514404297,15243.542724046338,205.27175789951522
1896,0,Case4,6x4_097,-46.0,-23.0,6x4,2,2,0.002315278988521779,0.9955529060884246,0.0021318149230536063,17833.473577146986,19031.92396123961,32063.492713928223,32781.30770884994,538.8245711858945
1904,0,Case4,6x4_105,89.0,-77.0,6x4,1,1,0.9999543293933776,2.0925487825302736e-05,2.4745118797101836e-05,5739.6752127169875,5634.738012768784,8958.086605072021,8557.369981713486,262.75434935785796
1907,0,Case4,6x4_108,46.0,-72.0,6x4,1,1,0.9805307640379356,0.019447194135892246,2.2041826172195538e-05,13003.628983356539,14036.94946196068,18727.46742248535,19086.838518583285,321.02347667266304
1909,0,Case4,6x4_110,-51.0,1.0,6x4,2,2,7.677903232259769e-05,0.9984329719933077,0.0014902489743696217,22182.1381511646,22962.200842727874,41563.2114109993,42741.399243750115,796.2688448114357
1920,0,Case4,6x4_121,-50.0,14.0,6x4,2,2,0.00045634956890058435,0.9983012413555857,0.001242409075513571,20916.586085929557,21687.02257569116,38361.68171977997,39589.66125767373,834.0604087368486
1923,0,Case4,6x4_124,42.0,-66.0,6x4,1,1,0.8067541658825931,0.19322273193792092,2.3102179486110236e-05,15459.117617288746,15818.269731645381,22080.854751586914,21680.664323103614,237.60332899998883
1928,0,Case4,6x4_129,24.0,11.0,6x4,3,3,6.3603934948548515e-06,0.011381108560719316,0.9886125310457858,19751.16392023655,20013.813210616634,39960.5693359375,40680.37022336989,514.9122991908259
1931,0,Case4,6x4_132,38.0,35.0,6x4,2,2,0.21815551006888978,0.7812996621247004,0.0005448278064097392,15742.111371218838,16481.868507280295,24059.537071228027,23878.50106127072,242.39183945732765
1939,0,Case4,6x4_140,1.0,-3.0,6x4,3,3,1.562280188086507e-05,0.00869809984268932,0.9912862773554297,16760.952958425063,18069.751839346332,37636.417872577906,38899.87398307612,655.233988162255
1948,0,Case4,6x4_149,24.0,-59.0,6x4,2,2,0.003417103739998518,0.9961516060678751,0.00043129019212634914,18488.535927105037,19513.498406767274,33730.73690032959,34564.724858037494,560.6600477773034
1953,0,Case4,6x4_154,-65.0,-65.0,6x4,1,1,0.9998309830100403,0.0001669296358443514,2.0873541152761203e-06,10599.394286375713,10508.03422261807,12310.45386505127,11813.999406247262,409.2529911824843
1957,0,Case4,6x4_158,17.0,-43.0,6x4,2,2,0.0015357661924723393,0.9843323851860624,0.01413184862146546,20408.53420979199,20425.556487044025,36188.637437820435,37185.212117501986,657.6009189261166
1960,0,Case4,6x4_161,-43.0,-45.0,6x4,1,1,0.9730383564756127,0.02695544362307254,6.199901314881438e-06,15352.175073884922,16149.140382731208,19067.69985961914,18542.00399258853,746.4645287734704
1966,0,Case4,6x4_167,-4.0,-6.0,6x4,3,3,2.365232470635651e-05,0.015720537097047512,0.9842558105782462,16689.115446080476,18121.83534234418,38138.52266561985,39327.46717309469,979.7829646983723
1979,0,Case4,6x4_180,-14.0,88.0,6x4,2,2,5.000433041734382e-05,0.9999364757947331,1.3519874849387378e-05,21811.848537109374,21365.622019720267,39525.35929477215,40768.421877278524,762.272386797581
1981,0,Case4,6x4_182,-14.0,42.0,6x4,2,2,0.0004396673652606135,0.9870314569753272,0.012528875659412169,20666.746430570336,21215.25950900074,37796.9808177948,38791.20192790505,676.3474487837366
1982,0,Case4,6x4_183,37.0,63.0,6x4,2,2,0.12300754160120413,0.8769621821824847,3.027621631110915e-05,15989.98335424239,16878.88079247471,24761.68881225586,25762.669006589196,760.358874783729
1995,0,Case4,6x4_196,-32.0,84.0,6x4,2,2,0.0017693169236789993,0.9981968388547384,3.384422158258789e-05,17519.585877242494,19180.22626700112,30593.83186340332,32109.38048613456,1078.658360811547
2000,0,Case4,6x4_201,-73.0,-27.0,6x4,2,2,0.0023250713617304513,0.9975840317951696,9.089684309991573e-05,18501.122888261427,19751.285866136404,33167.381256103516,34142.97124366996,652.5622798041895
2004,0,Case4,6x4_205,-58.0,-50.0,6x4,1,1,0.9892337146156815,0.010763512788680936,2.772595637655944e-06,15043.964088905863,14870.423067141057,17203.33462524414,16883.29751343274,226.14060053772042
2018,0,Case4,6x4_219,-7.0,65.0,6x4,2,2,3.126792180796687e-05,0.9999111064091527,5.7625669039417025e-05,22026.789682494044,23420.337812593363,41646.88544821739,42381.55867481027,507.7859593394151
2021,0,Case4,6x4_222,7.0,-80.0,6x4,2,2,3.434318626038094e-05,0.9999373206186475,2.8336195092093577e-05,21951.63874377695,22990.249598443537,41153.453169465065,43156.042943518885,1337.4984139647986
2027,0,Case4,6x4_228,60.0,-31.0,6x4,2,2,0.017079954864889127,0.9828341587569767,8.588637813405945e-05,16621.60805151021,17183.3300481095,28574.11528778076,29525.930857104617,580.1040115997594
2030,0,Case4,6x4_231,-69.0,24.0,6x4,2,2,0.00044034775360856504,0.9995252044755614,3.444777082989895e-05,19224.879870378172,19705.303528133703,34874.073947906494,36035.75506814334,771.4847786374967
2032,0,Case4,6x4_233,61.0,-20.0,6x4,2,2,0.0016464501647761353,0.9982356600494737,0.00011788978575015547,19915.969943875163,19588.30968338394,36472.38287734985,36333.370866657584,168.7249193506573
2034,0,Case4,6x4_235,-62.0,7.0,6x4,2,2,5.8288202981986994e-05,0.9998892374032757,5.247439374219795e-05,21835.9882752521,22266.82216272663,41476.297364115715,41928.120279426934,301.7625088080598
2038,0,Case4,6x4_239,30.0,17.0,6x4,3,3,0.0001032696543746411,0.31335663758295396,0.6865400927626715,19618.95197201205,20786.7780507478,36857.32393074036,37610.74585094108,634.1707124112693
2039,0,Case4,6x4_240,53.0,26.0,6x4,2,2,0.026174037410895048,0.9735505312960869,0.000275431293018136,17734.917223634024,18518.683079485323,30946.93249130249,31154.185905109316,288.84464090277265
2041,0,Case4,6x4_242,-31.0,60.0,6x4,2,2,0.012303579360163231,0.9876393652319724,5.705540786431291e-05,17180.947617492322,17994.506853185325,28687.202659606934,29310.30011649046,417.6862204351319
2050,0,Case4,6x4_251,-69.0,0.0,6x4,2,2,2.6052594358533572e-05,0.9999460009665729,2.7946439068562425e-05,22172.860475327252,22875.448414703435,42014.18187355995,42900.322315018435,617.182443921166
2058,0,Case4,6x4_259,-6.0,38.0,6x4,2,3,3.5238427191256474e-05,0.23872827902532678,0.761236482547482,22505.43002054607,22518.77986608172,40432.08909416199,41572.97653705965,847.3366106962541
2059,0,Case4,6x4_260,-50.0,68.0,6x4,1,1,0.9986699165849522,0.0013263751217448153,3.7082933028152156e-06,12955.989049221287,13285.146533148127,16483.54901123047,15847.47334591122,708.2292506926384
2061,0,Case4,6x4_262,-57.0,76.0,6x4,1,1,0.9999208020231706,6.576227396820985e-05,1.3435702861215824e-05,10329.062946712249,10402.36413564641,13549.177612304688,13066.018251396095,335.6928254531025
2064,0,Case4,6x4_265,-25.0,-84.0,6x4,2,2,0.0007699268207093954,0.9990889997203174,0.00014107345897323764,19292.212069492394,19996.354601629413,34910.310574531555,35829.639622017545,610.9536528239032
2069,0,Case4,6x4_270,10.0,76.0,6x4,2,2,3.93127714727252e-05,0.9999402747084758,2.0412520051582212e-05,21611.960588256665,23877.772885519254,40818.75449132919,42534.90028877126,1157.5410518781584
2070,0,Case4,6x4_271,-30.0,50.0,6x4,2,2,0.02435181842382643,0.9755096809613233,0.00013850061485039207,16678.592083709733,17634.321174395212,27386.615921020508,27880.29939901548,368.9970499286112
2079,0,Case4,6x4_280,-31.0,-12.0,6x4,3,2,8.26298767095088e-05,0.7178277167845436,0.28208965333874686,20750.043732987455,20861.36484051447,38838.11024284363,39242.9242650239,326.7697073693154
2082,0,Case4,6x4_283,34.0,-21.0,6x4,2,2,0.0012225296617176626,0.9618501240267108,0.036927346311571754,19009.848796371974,19935.00911518025,33870.53034210205,35159.64077516294,878.6275286751751
2086,0,Case4,6x4_287,-77.0,22.0,6x4,2,2,0.000138298932328011,0.9998444041984144,1.7296869257534166e-05,19849.465707642335,20857.966899029823,36412.44595813751,37991.53371572967,1079.2893320712617
2089,0,Case4,6x4_290,20.0,-82.0,6x4,2,2,0.00019796880739761773,0.9997281634009489,7.386779165347716e-05,20429.775187642066,21613.48718649881,37513.2105971165,39356.083872445575,1229.5102450917116
2090,0,Case4,6x4_291,26.0,5.0,6x4,3,3,3.4603826873018507e-06,0.010536555759558234,0.9894599838577545,19104.838989224707,20121.754808300208,40756.90829086304,41070.78743417916,238.35260844935002
2092,0,Case4,6x4_293,-28.0,11.0,6x4,3,3,1.0199782302795992e-05,0.07842731635618469,0.9215624838615125,19825.369609052064,20347.331890198562,39620.838079452515,40514.444171191964,655.0473895045615
2099,0,Case4,6x4_300,51.0,46.0,6x4,1,1,0.9823187270860965,0.017678051455505803,3.2214583976703806e-06,15617.486585595781,15812.088687329298,18262.02685546875,17811.032249657466,311.98239586778715
2103,0,Case4,6x8_004,49.0,48.0,6x8,1,1,0.6463307476325734,0.35366301453224397,6.23783518266888e-06,10345.814402965785,10428.824540984564,14679.040092468262,15092.288226284782,261.53873204610977
2105,0,Case4,6x8_006,-15.0,-74.0,6x8,2,2,9.8322639623071e-06,0.9999407315719913,4.943616404640237e-05,6880.468260381428,6891.780764462494,35291.513306736946,36091.54078759517,534.3796686244174
2115,0,Case4,6x8_016,75.0,-61.0,6x8,1,1,0.9996866706190889,0.00031144973615781943,1.8796447534890489e-06,6871.359299724581,6270.891245632283,10802.95866394043,10235.487769264771,433.67305521630146
2116,0,Case4,6x8_017,-30.0,66.0,6x8,2,2,0.0002653687548396059,0.999710291870508,2.4339374652474932e-05,8414.677848720406,8200.314732552511,27255.210341453552,26968.423548914583,219.63332571898275
2120,0,Case4,6x8_021,-49.0,-67.0,6x8,1,1,0.7959521260078463,0.20404358934387395,4.284648279757503e-06,9503.869878837782,9520.972578912113,15686.264122009277,15258.150247915495,284.93828773150767
2126,0,Case4,6x8_027,54.0,-38.0,6x8,2,2,0.028602497560303423,0.9713665626744828,3.093976521360878e-05,9565.27168420092,9564.56982192373,19604.77409362793,19637.017310292948,36.08936687661346
2136,0,Case4,6x8_037,-85.0,67.0,6x8,1,1,0.9992372490225134,0.0007595178250196295,3.233152466980198e-06,5062.2037207287,4898.1851475724,9315.302597045898,8924.384618796119,241.1684322182257
2138,0,Case4,6x8_039,64.0,42.0,6x8,2,2,0.08154082419522501,0.9184550296736825,4.146131092306735e-06,9278.336349474816,9419.828537081909,18809.815963745117,18746.12762960951,107.31593793774053
2150,0,Case4,6x8_051,28.0,57.0,6x8,2,2,0.00035291696308716665,0.9995105985036292,0.00013648453328369488,8468.996858937608,8310.006808843775,27249.059370040894,27286.712877478232,110.25037312076904
2154,0,Case4,6x8_055,44.0,-49.0,6x8,1,2,0.41748135361646743,0.5825037212452293,1.4925138303283038e-05,10549.665211453328,10270.20057107741,16422.09864807129,16456.16826893044,124.54821891076065
2165,0,Case4,6x8_066,75.0,72.0,6x8,1,1,0.9997673867629823,0.00023073344049906257,1.8797965187179397e-06,5336.3009277028705,4922.218628342793,9442.000442504883,8782.288756046857,411.46467905578965
2168,0,Case4,6x8_069,-36.0,57.0,6x8,2,2,0.00441358996014793,0.9955704386793731,1.5971360479072804e-05,9269.875387253875,9066.479124896061,21485.407569885254,21231.26845351256,196.8006756445314
2169,0,Case4,6x8_070,-89.0,-51.0,6x8,1,1,0.5536071512824883,0.4463877441476669,5.104569844962567e-06,8186.885156503056,7729.546166084183,14445.537746429443,13867.243627698928,477.0140762559244
2170,0,Case4,6x8_071,-45.0,-29.0,6x8,2,2,0.0002640784579343913,0.9993585357398325,0.0003773858022330516,8522.70335144116,8571.204083034225,24647.155527114868,25380.44436895221,479.6548353183886
2171,0,Case4,6x8_072,-29.0,13.0,6x8,3,3,1.8650387018250004e-06,0.008099591137011123,0.991898543824287,6416.567888444309,6536.83402285123,35103.31316757202,35462.78570458024,266.4861022841646
2175,0,Case4,6x8_076,50.0,5.0,6x8,2,2,5.0029004316575605e-06,0.9897523074155161,0.010242689684052191,6882.240635812853,6794.743278256288,37303.386585474014,38073.74473453678,496.41942402762584
2179,0,Case4,6x8_080,-53.0,-64.0,6x8,1,1,0.9700433992661327,0.029954776230742056,1.8245031252610766e-06,10024.140841406297,9457.061259751794,14122.489807128906,13411.475199241122,419.9462748593868
2196,0,Case4,6x8_097,-46.0,-23.0,6x8,2,2,6.338958075601728e-05,0.9982276304428939,0.0017089799763501676,7984.983347223492,7913.8337957800295,29121.380992889404,29697.069919336307,379.8501405052658
2204,0,Case4,6x8_105,89.0,-77.0,6x8,1,1,0.9999479098154408,4.844463933967777e-05,3.645545219372897e-06,3788.9218588223316,3601.1450442217465,8015.466123580933,7544.166029994629,302.243724700848
2207,0,Case4,6x8_108,46.0,-72.0,6x8,2,2,0.24968420532665464,0.7503122499497044,3.544723641012793e-06,9086.16488647708,9086.818426412387,17722.85117340088,17312.578864987452,259.46086235869006
2209,0,Case4,6x8_110,-51.0,1.0,6x8,2,2,3.0811856882112936e-06,0.9932086031955105,0.006788315618801412,6852.670701511454,6778.93359870554,37699.48854830861,38480.29198645461,527.2481713161263
2220,0,Case4,6x8_121,-50.0,14.0,6x8,2,2,8.1179669047461e-06,0.9981266926555082,0.0018651893775870974,7349.083490589079,7283.557017408046,34827.34382390976,35118.63339377644,231.81786202412806
2223,0,Case4,6x8_124,42.0,-66.0,6x8,2,2,0.1531784384859781,0.8468143551774063,7.206336615524879e-06,9239.133954507131,9190.03552830551,19172.13052368164,18905.664022979978,201.68216391504146
2228,0,Case4,6x8_129,24.0,11.0,6x8,3,3,1.8794841014318244e-06,0.0003969493469570383,0.9996011711689416,5785.386087532803,5855.133895940901,36080.30643081665,36887.7669011285,592.2886858541877
2231,0,Case4,6x8_132,38.0,35.0,6x8,2,2,0.0034843126047048533,0.9962188962838759,0.0002967911114191057,9210.012389276973,8951.678203735713,21680.69285583496,21133.11877254155,420.7059658730438
2239,0,Case4,6x8_140,1.0,-3.0,6x8,3,3,1.8801793355679995e-06,2.7132403047802832e-05,0.9999709874176167,11665.921143637339,5260.409624789099,38683.265884399414,36864.868775476636,1704.9666419696725
2248,0,Case4,6x8_149,24.0,-59.0,6x8,2,2,0.00020842642045483542,0.9995117197011065,0.0002798538784387143,8161.766026699633,7978.339792721597,30397.26117360592,30763.447156103677,226.98606082991333
2253,0,Case4,6x8_154,-65.0,-65.0,6x8,1,1,0.9993498811504838,0.000648239837791887,1.8790117242763435e-06,7049.5342982797365,6875.918508610477,10884.495803833008,10363.752966929178,348.09746052265365
2257,0,Case4,6x8_158,17.0,-43.0,6x8,2,2,1.8567732074984902e-05,0.9520346877065545,0.0479467445613705,7455.810587404853,7381.637595862756,32770.88709640503,33653.31365677427,603.5448351803794
2260,0,Case4,6x8_161,-43.0,-45.0,6x8,1,2,0.11763512227948505,0.8823422359854517,2.2641735063065035e-05,10437.139162342337,10175.937620589577,17196.649085998535,16883.211955184597,296.8510030845597
2266,0,Case4,6x8_167,-4.0,-6.0,6x8,3,3,1.880174420408684e-06,2.9746529190758362e-05,0.9999683732963888,4488.450351485556,4950.019048525607,34392.039455890656,37004.8935381033,1960.4434247248512
2279,0,Case4,6x8_180,-14.0,88.0,6x8,2,2,9.775114954632258e-06,0.9999668865879769,2.3338297068527017e-05,6540.939492371669,6651.280490498575,34962.84610271454,35789.29189009847,521.3884470849893
2281,0,Case4,6x8_182,-14.0,42.0,6x8,2,2,6.270122435204587e-06,0.9665822141976159,0.03341151567994901,7184.729909020651,7177.770749383025,34200.44633579254,34769.638743292824,390.938598803891
2282,0,Case4,6x8_183,37.0,63.0,6x8,2,2,0.005547090993834929,0.9944396730426007,1.3235963564329159e-05,9004.373983872552,8969.000657931518,21843.580421447754,22163.0243960675,212.22448715360662
2295,0,Case4,6x8_196,-32.0,84.0,6x8,2,2,6.808462127309915e-05,0.9999159410588556,1.597431987141051e-05,7821.786440860429,7895.0519190123505,27039.011424632743,28299.76470858354,834.6342112540744
2300,0,Case4,6x8_201,-73.0,-27.0,6x8,2,2,6.736460843994854e-05,0.9998959838132827,3.6651578277346864e-05,7831.371908690561,7743.417073850355,29689.18793940544,29896.619496972824,114.08947987519937
2304,0,Case4,6x8_205,-58.0,-50.0,6x8,1,1,0.8934207837700263,0.10657616519354414,3.051036429505893e-06,10405.310858162955,10053.911918269283,14604.891159057617,14552.473336131996,138.73576674220917
2318,0,Case4,6x8_219,-7.0,65.0,6x8,2,2,3.4781824773728934e-06,0.9998997482650788,9.677355244388299e-05,6932.388083725194,6779.20620496329,37474.292912602425,37431.34018519881,98.02573717123389
2321,0,Case4,6x8_222,7.0,-80.0,6x8,2,2,5.827999562567531e-06,0.9999600791582038,3.409284223352438e-05,6386.412938996282,6410.04603354133,36240.229226112366,37345.36735826075,683.2993719025202
2327,0,Case4,6x8_228,60.0,-31.0,6x8,2,2,0.0016405635370226545,0.9982941205805189,6.531588245844697e-05,8734.503444664257,8617.866714836096,25644.253595352173,25560.01590781538,105.50822086319265
2330,0,Case4,6x8_231,-69.0,24.0,6x8,2,2,2.7760407429682584e-05,0.999949774980092,2.2464612478217022e-05,7851.701228449493,7642.86516723326,31354.561149835587,31730.8586472348,230.34600756821743
2332,0,Case4,6x8_233,61.0,-20.0,6x8,2,2,6.620459632725046e-05,0.9998460101062135,8.778529745909986e-05,7754.9070704342,7597.754156044906,32987.587532281876,32782.97702359167,195.71655912360907
2334,0,Case4,6x8_235,-62.0,7.0,6x8,2,2,4.2511231220139655e-06,0.999916509314651,7.923956222679517e-05,6933.2492408652315,6840.105998724034,37493.894362062216,37730.79124301369,109.86675008956912
2338,0,Case4,6x8_239,30.0,17.0,6x8,3,3,2.2390373305155015e-06,0.03809811528792889,0.9618996456747405,6745.651579757251,6849.897440700386,33319.42469787598,33684.61590447956,320.8452821280841
2339,0,Case4,6x8_240,53.0,26.0,6x8,2,2,0.00022849176309296042,0.9996059439757231,0.00016556426118388554,8282.711023932668,8317.86491725441,28005.28789806366,27860.839548401913,159.94334709729472
2341,0,Case4,6x8_242,-31.0,60.0,6x8,2,2,0.0006342414393656394,0.9993373778072059,2.838075342833733e-05,8734.78748660295,8505.411855128577,25654.566709518433,25375.053698661053,206.3879460928961
2350,0,Case4,6x8_251,-69.0,0.0,6x8,2,2,3.0302266681097903e-06,0.999935002117662,6.196765566996446e-05,6560.822273593419,6628.441651790086,37665.77717542648,38117.56364823873,259.52622826154385
2358,0,Case4,6x8_259,-6.0,38.0,6x8,3,3,1.779789382245861e-06,0.05456205683928075,0.9454361633713371,6513.434386820206,6408.126207698453,36492.4520740509,36919.20741878574,330.10592132284063
2359,0,Case4,6x8_260,-50.0,68.0,6x8,1,2,0.45219433946651066,0.5478005879533437,5.07258014555387e-06,9565.940024932668,9378.600333584533,15464.685592651367,15332.7420556976,87.84647467450321
2361,0,Case4,6x8_262,-57.0,76.0,6x8,1,1,0.9781756020248492,0.021820479877981476,3.918097169259399e-06,7558.521585328418,7668.5813931801495,11929.814750671387,11878.324102789342,142.25004761560047
2364,0,Case4,6x8_265,-25.0,-84.0,6x8,2,2,5.296400300184217e-05,0.999912606034324,3.442996267422017e-05,7362.834359831665,7393.83119770713,31019.5062789917,31464.847192639303,301.7418364369568
2369,0,Case4,6x8_270,10.0,76.0,6x8,2,2,5.410835190631182e-06,0.999965793753619,2.8795411190182724e-05,6605.337987169939,6601.447267712573,36321.2296936512,36665.017835737424,240.31915782989725
2370,0,Case4,6x8_271,-30.0,50.0,6x8,2,2,0.0006199568303403341,0.9992888636160975,9.11795535621726e-05,8798.518890412499,8732.513320475775,24624.598400115967,24796.15878997955,151.21676090705012
2379,0,Case4,6x8_280,-31.0,-12.0,6x8,3,3,1.870522590720032e-06,0.005170821946664819,0.9948273075307444,6444.851030607163,6358.972052917363,35092.53685760498,35619.80672096281,361.398063408891
2382,0,Case4,6x8_283,34.0,-21.0,6x8,3,3,4.587094735857878e-06,0.1319610342421716,0.8680343786630925,7306.768838299252,7241.018507613689,30707.633045196533,31972.450680098635,940.4105638432936
2386,0,Case4,6x8_287,-77.0,22.0,6x8,2,2,1.170535648679754e-05,0.9999740304351292,1.4264208383947035e-05,7284.815639990839,7219.604277101208,32588.550181150436,33568.38438672199,682.7170964367491
2389,0,Case4,6x8_290,20.0,-82.0,6x8,2,2,2.25198470394598e-05,0.9999555685549126,2.1911598047932066e-05,7052.750141698297,7139.7643731440485,33379.82444143295,34095.443743583026,472.73702389579296
2390,0,Case4,6x8_291,26.0,5.0,6x8,3,3,1.8793192364000245e-06,0.00048463276423309736,0.9995134879165305,5775.2654415921625,5721.001974744948,36797.170598983765,37483.375947284934,461.9470825751722
2392,0,Case4,6x8_293,-28.0,11.0,6x8,3,3,1.8739854172752426e-06,0.0033244275100264985,0.9966736985045563,6159.111269899296,6275.9032589438775,35778.83739280701,36130.02421344726,261.0736722678098
2399,0,Case4,6x8_300,51.0,46.0,6x8,1,2,0.43366163473968844,0.5663309262506013,7.439009710289067e-06,10588.056327098047,10367.846295021449,15666.182998657227,15776.91416229807,149.9844676879832
2403,0,Case4,8x8_004,49.0,48.0,8x8,2,2,0.17070314884215482,0.8292056394918242,9.121166602088253e-05,7585.780562375417,7318.795387163922,15535.198421478271,14792.061279966736,517.8325790311435
2405,0,Case4,8x8_006,-15.0,-74.0,8x8,2,2,1.3817729040054486e-05,0.9944943392279803,0.005491843042979853,4661.925220386595,4569.37300464125,35804.23664557934,35815.254630920674,67.77341155552374
2415,0,Case4,8x8_016,75.0,-61.0,8x8,1,1,0.9390739238052401,0.06092113457909201,4.94161566789994e-06,5653.168995551615,5024.735924092278,11439.384811401367,9407.81459223625,1509.5420981090806
2416,0,Case4,8x8_017,-30.0,66.0,8x8,2,2,7.8985285298025e-05,0.9995829307271533,0.0003380839875485312,5780.0412960457825,5678.815670436303,27831.09952187538,28360.78334127744,332.2069436837275
2420,0,Case4,8x8_021,-49.0,-67.0,8x8,2,2,0.2517978596864697,0.7481844611198973,1.7679193632969276e-05,6275.321839830937,6175.649511362533,15497.813451766968,15088.385213604915,295.5272597221866
2426,0,Case4,8x8_027,54.0,-38.0,8x8,2,2,0.002308478539857159,0.9972158614107524,0.0004756600493906077,6729.300388056959,6579.2977630234955,20018.408618927002,19634.52965543024,270.3286139253765
2436,0,Case4,8x8_037,-85.0,67.0,8x8,2,2,0.023858944199696978,0.9761068058319716,3.424996833123863e-05,3789.0757723193256,3652.0230680326126,10068.479219436646,9656.145779328646,304.7390487464349
2438,0,Case4,8x8_039,64.0,42.0,8x8,2,2,0.0070136151143848705,0.9929366833965445,4.970148907063188e-05,6239.621226951554,5912.299188612694,18977.29539871216,18550.53125319194,300.50540517116093
2450,0,Case4,8x8_051,28.0,57.0,8x8,2,2,6.352510701831061e-05,0.9955717555980882,0.00436471929489356,6019.939102686109,6010.477132079679,27863.035181045532,27968.020013678375,107.11688287603545
2454,0,Case4,8x8_055,44.0,-49.0,8x8,2,2,0.021082763933967828,0.9787354856734557,0.0001817503925764163,7442.50186389317,7137.706556008775,16585.179080963135,16545.539373318003,101.70961207333576
2465,0,Case4,8x8_066,75.0,72.0,8x8,2,2,0.012858706303097473,0.9871165513711607,2.4742325741834915e-05,3780.185669310454,3535.2267068311953,9609.372769355774,9388.717578340693,181.6409307345589
2468,0,Case4,8x8_069,-36.0,57.0,8x8,2,2,0.0005799065910694637,0.9991561109589377,0.00026398244999295095,6495.6425497558785,6378.743711613555,21953.933883666992,22536.643145335205,399.2616462181601
2469,0,Case4,8x8_070,-89.0,-51.0,8x8,2,2,0.009095303311773049,0.9908668965796144,3.780010861267848e-05,5229.645843196665,5263.267455024826,15845.932404518127,15656.237280133237,183.8668909144898
2470,0,Case4,8x8_071,-45.0,-29.0,8x8,2,2,3.827108598103887e-05,0.9870237846165637,0.012937944297455272,6505.364641964248,6484.1851473689185,25286.295560635626,24874.857520370864,332.6606257407218
2471,0,Case4,8x8_072,-29.0,13.0,8x8,3,3,1.8798490129389353e-06,0.00020281440335792546,0.9997953057476291,5645.817635348862,5593.235358383586,35791.22953367233,36790.755835168944,682.3336758749663
2475,0,Case4,8x8_076,50.0,5.0,8x8,3,2,3.8292779369616114e-06,0.5289584730733781,0.47103769764868486,5390.371569169298,5444.148805279723,37948.82919025421,38022.52663121843,77.58088117065803
2479,0,Case4,8x8_080,-53.0,-64.0,8x8,2,1,0.8211978692315808,0.17879540716293107,6.723605488182304e-06,6614.375037607424,6535.220300187308,13719.039024353027,13388.592917462669,251.625744693091
2496,0,Case4,8x8_097,-46.0,-23.0,8x8,2,2,1.2293418525351258e-05,0.9209035812895826,0.07908412529189192,6078.684849307933,6018.26263801289,29772.42515850067,29804.02386255021,162.24060976404036
2504,0,Case4,8x8_105,89.0,-77.0,8x8,1,1,0.99401697512991,0.005953440117224632,2.9584752865108946e-05,2784.9680615988336,2701.8978692060336,8778.335271779913,8488.251222347528,197.28153855342376
2507,0,Case4,8x8_108,46.0,-72.0,8x8,2,2,0.0057753105856475735,0.9941954601426807,2.9229271671729063e-05,5896.010147592838,5776.588208697005,17668.776880264282,17317.64303011902,238.3129927654381
2509,0,Case4,8x8_110,-51.0,1.0,8x8,2,2,3.0295001990947618e-06,0.924226444676463,0.07577052582333793,5278.809007153863,5193.130703525244,38377.04738283157,39458.5890895513,738.3639178892525
2520,0,Case4,8x8_121,-50.0,14.0,8x8,2,2,5.9471287996125126e-06,0.9552066201582204,0.04478743271297993,5675.068779697288,5483.604380299802,35495.68284320831,36054.71699569422,350.3464811488503
2523,0,Case4,8x8_124,42.0,-66.0,8x8,2,2,0.0036904775669617507,0.9962181503770642,9.137205597406783e-05,6209.79206527621,6080.170666203896,19338.96273803711,18878.567634519743,306.17404775416094
2528,0,Case4,8x8_129,24.0,11.0,8x8,3,3,1.880157213850484e-06,3.8897832484425616e-05,0.9999592220103017,5614.648460624056,5419.418883141543,36820.06451702118,37870.61622868529,745.0371759924342
2531,0,Case4,8x8_132,38.0,35.0,8x8,2,2,7.753791099805641e-05,0.9663013567111599,0.03362110537784206,7129.9730925313115,6885.678365154923,22264.91788724065,22332.907556510625,111.36747484462613
2539,0,Case4,8x8_140,1.0,-3.0,8x8,3,3,1.8802119572188747e-06,9.782586913913226e-06,0.9999883372011288,9812.454612273514,5119.968048580111,34721.97467160225,37853.890703372985,2395.6220665164415
2548,0,Case4,8x8_149,24.0,-59.0,8x8,2,2,3.511468081427277e-05,0.9947475919416614,0.005217293377524434,5824.555485630541,5728.715982939293,31065.63400554657,31474.514681352353,227.36707136498072
2553,0,Case4,8x8_154,-65.0,-65.0,8x8,1,1,0.8687807417378475,0.13121720252277963,2.055739372900881e-06,5406.456849993554,5415.690427700716,11030.649911880493,9956.843972102506,794.174034389475
2557,0,Case4,8x8_158,17.0,-43.0,8x8,3,3,4.751137365678803e-06,0.43868110535186616,0.5613141435107681,5941.112348025299,5667.652822818497,33375.96100664139,33795.466398892735,281.88620233201175
2560,0,Case4,8x8_161,-43.0,-45.0,8x8,2,2,0.0074067197397434965,0.9924284837445188,0.00016479651573772308,7497.737139846917,7314.003532431584,17491.734899520874,16882.663467741353,439.1115721682198
2566,0,Case4,8x8_167,-4.0,-6.0,8x8,3,3,1.880211433553382e-06,1.0061098262667564e-05,0.9999880586903038,4869.091735251847,4998.623534826341,35319.418528586626,37813.340196155725,1818.7310663753967
2579,0,Case4,8x8_180,-14.0,88.0,8x8,2,2,1.9410938034676168e-05,0.9932519823199073,0.006728606742057898,4076.011142698581,4200.303287227829,34579.684314489365,35398.32952489144,513.9004788175756
2581,0,Case4,8x8_182,-14.0,42.0,8x8,2,2,3.465220605450622e-06,0.760327019241818,0.23966951553757648,5869.110792774039,5647.371012647524,34787.594068050385,35429.53995361987,384.0580200748805
2582,0,Case4,8x8_183,37.0,63.0,8x8,2,2,0.000797899047680745,0.9990286721924659,0.00017342875985315443,6160.717090160206,5972.985214422738,22224.76228952408,22440.31321642782,163.81414535138265
2595,0,Case4,8x8_196,-32.0,84.0,8x8,2,2,5.347526434819934e-05,0.9997304280133864,0.00021609672226537914,4956.708120759162,5024.520920826499,27453.56538492441,27911.803470486506,338.71139525853556
2600,0,Case4,8x8_201,-73.0,-27.0,8x8,2,2,8.467508710403588e-05,0.9996628577832155,0.00025246712968055284,5163.593736433832,5195.831986844973,30276.049669504166,30139.11417306292,167.97856129798797
2604,0,Case4,8x8_205,-58.0,-50.0,8x8,2,1,0.7612730837314747,0.2387131866868695,1.3729581655612786e-05,7034.755052451984,6993.369166256314,14370.762516021729,13941.510971047892,319.01321249439275
2618,0,Case4,8x8_219,-7.0,65.0,8x8,2,2,4.621743661383957e-06,0.9960462993297452,0.003949078926593449,4811.664253499946,4765.011085621594,38127.46133360267,37594.94965041045,357.9133616714232
2621,0,Case4,8x8_222,7.0,-80.0,8x8,2,2,1.2804373032461769e-05,0.8739898563840309,0.1259973392429366,4039.3082312870124,4029.9233207990615,35871.16446173191,36629.917602630034,497.01489738637855
2627,0,Case4,8x8_228,60.0,-31.0,8x8,2,2,0.00022073939311303956,0.9990152863134344,0.0007639742934524082,6068.103851150263,5952.529926379734,26239.618679523468,25756.783226876265,355.4737036241984
2630,0,Case4,8x8_231,-69.0,24.0,8x8,2,2,3.1152292630869165e-05,0.9997374114133961,0.0002314362939729056,5233.993220634925,5158.528398934721,31990.690835146233,31758.251866463004,216.22755908722579
2632,0,Case4,8x8_233,61.0,-20.0,8x8,2,2,1.2784797876283314e-05,0.9982207897498151,0.0017664254523087682,5473.220378226021,5322.50789701949,33680.73484945297,33778.645628783765,141.3056006851976
2634,0,Case4,8x8_235,-62.0,7.0,8x8,2,2,4.893133404657859e-06,0.9988967987181923,0.0010983081484032499,4993.168496667936,4888.40989166438,38191.67038267851,38058.991513393645,183.5105947070594
2638,0,Case4,8x8_239,30.0,17.0,8x8,3,3,1.8792558708550967e-06,0.0005183337101291055,0.999479787034,5881.637334703694,5677.13306572303,33948.00286991894,35224.82402906589,907.7447121209872
2639,0,Case4,8x8_240,53.0,26.0,8x8,2,2,3.301522233907678e-05,0.9916840965453588,0.008282888232302107,6087.884381825626,5962.863064276824,28647.999208450317,28040.427296587073,424.2338032031393
2641,0,Case4,8x8_242,-31.0,60.0,8x8,2,2,0.00011646380140249944,0.9993228857315032,0.0005606504670941395,6063.706905404642,6041.754941870906,26240.81101846695,27087.15026158433,562.8041593329857
2650,0,Case4,8x8_251,-69.0,0.0,8x8,2,2,5.11244279247183e-06,0.9930377073641842,0.006957180193023454,4562.032906539219,4501.053643637812,37811.6507178545,38661.6156925573,415.855941140264
2658,0,Case4,8x8_259,-6.0,38.0,8x8,3,3,1.8185386295404274e-06,0.03320460462627833,0.966793576835092,5648.668518304816,5429.740915300142,37091.18014907837,37827.44591807639,541.3367259313043
2659,0,Case4,8x8_260,-50.0,68.0,8x8,2,2,0.049068319330292556,0.9509232754465211,8.405223186240009e-06,6246.27831093878,6036.86978980946,15211.815746307373,15181.838458709584,69.89979700153432
2661,0,Case4,8x8_262,-57.0,76.0,8x8,2,2,0.05931275454823023,0.9406781585924536,9.086859315963193e-06,5690.678885708298,5615.043782570532,13151.554279327393,11701.59436190628,1060.053221948432
2664,0,Case4,8x8_265,-25.0,-84.0,8x8,2,2,3.520062854320831e-05,0.9980158184759572,0.001948980895499604,4633.241149601219,4738.240037210788,31503.218928709626,31974.414251562877,345.6030454500967
2669,0,Case4,8x8_270,10.0,76.0,8x8,2,2,7.244202446762824e-06,0.9889916618375797,0.011001093959973507,4302.494741084586,4288.599059799294,36121.338998794556,36873.324749223364,420.86673031283965
2670,0,Case4,8x8_271,-30.0,50.0,8x8,2,2,5.705869534277635e-05,0.9950141535769542,0.00492878772770305,6489.578080217858,6344.806117607654,25245.60496544838,26186.263226591436,647.7521944960488
2679,0,Case4,8x8_280,-31.0,-12.0,8x8,3,3,1.8797265551286006e-06,0.00026794355643673597,0.9997301767170081,5752.023719295672,5554.702286561254,35766.99856042862,36687.51145180771,615.2386317346231
2682,0,Case4,8x8_283,34.0,-21.0,8x8,3,3,1.8671485715680383e-06,0.006972057382053948,0.9930260754693745,6262.835277893677,5878.531104202775,31309.62019264698,32840.52106397791,1077.5742314023921
2686,0,Case4,8x8_287,-77.0,22.0,8x8,2,2,2.1171040064056027e-05,0.9992836973735861,0.0006951315863497325,4848.888679969314,4840.584061177607,33146.467319086194,33096.18814100031,70.20029572948734
2689,0,Case4,8x8_290,20.0,-82.0,8x8,2,2,1.3082936961818893e-05,0.9968920511666498,0.0030948658963884166,4538.223029766521,4654.349658200969,33776.2974858284,34207.02305840596,303.0245096836658
2690,0,Case4,8x8_291,26.0,5.0,8x8,3,3,1.8801418976388518e-06,4.7043755470640523e-05,0.9999510761026318,5242.999440383236,5286.029812423847,37537.48162937164,38447.95492485937,608.0532987337409
2692,0,Case4,8x8_293,-28.0,11.0,8x8,3,3,1.879985208050223e-06,0.0001303790705101476,0.9998677409442818,5567.338181357731,5469.285999645894,36488.90571784973,37469.565820299315,672.3019007475159
2699,0,Case4,8x8_300,51.0,46.0,8x8,2,2,0.08091195870093003,0.9189936853251025,9.435597396734596e-05,7348.444315920919,7103.771275408872,15693.145656585693,15435.727637780392,183.20037898304804
