dataset_index,fold,case,test_id,theta1,theta2,geometry,actual_type,predicted_type,probability_type1,probability_type2,probability_type3,actual_pt,predicted_pt,actual_max_force,predicted_max_force,curve_force_rmse
0,4,Case2,6x4_001,65.0,19.0,6x4,2,2,2.8383688913891092e-05,0.9999009370803833,7.064696546876803e-05,19662.338495438697,20568.692997640137,37137.03176879883,38600.3016339051,1217.3888578628666
1,3,Case2,6x4_002,40.0,-51.0,6x4,1,1,0.9967547059059143,0.003235812531784177,9.562626473780256e-06,15516.468243569163,16748.999002711378,20624.775924682617,19507.02183743599,827.2999967354339
3,2,Case2,6x4_004,49.0,48.0,6x4,1,1,0.998939573764801,0.0010530954459682107,7.354321951424936e-06,14685.038124618122,14333.352542214057,17019.488403320312,16569.326365046163,691.4352139189107
4,2,Case2,6x4_005,-52.0,20.0,6x4,2,2,0.00032356666633859277,0.9996259212493896,5.0529939471744e-05,19017.402658062972,22519.781517536987,35229.41049003601,36662.56738780676,1128.2898855593266
5,4,Case2,6x4_006,-15.0,-74.0,6x4,2,2,2.5810890292632394e-05,0.9990528225898743,0.0009213756420649588,20754.70106893895,23984.69417144179,39269.67221146822,40093.16154746554,998.674515579113
6,3,Case2,6x4_007,51.0,-83.0,6x4,1,1,0.9999305009841919,4.6049881348153576e-05,2.35350125876721e-05,11050.763333309067,11710.16553024739,16119.98941040039,14497.424808691863,1370.6549028726517
8,3,Case2,6x4_009,-63.0,21.0,6x4,2,2,6.22323714196682e-05,0.9999188184738159,1.8964929040521383e-05,19810.341364807206,20856.182865234507,36122.34503364563,35683.56738682673,504.4199145988881
9,1,Case2,6x4_010,-74.0,83.0,6x4,1,1,0.9999902248382568,7.223615284601692e-06,2.444912070131977e-06,6475.1691437324325,6046.365790651766,9510.376041412354,8694.078213026334,642.9953656455309
11,2,Case2,6x4_012,-56.0,9.0,6x4,2,2,7.621988061146112e-06,0.9999295473098755,6.280745583353564e-05,21548.379771521366,24538.224677906073,40814.75379753113,41603.24075043743,676.4255802751617
12,4,Case2,6x4_013,61.0,33.0,6x4,2,1,0.5148810148239136,0.4850122332572937,0.00010675776866264641,16122.42566552643,18491.919251012638,27059.23011779785,27519.089778570415,770.3204852212762
13,3,Case2,6x4_014,19.0,79.0,6x4,2,2,7.674787411815487e-06,0.9998005032539368,0.00019188928126823157,20603.663841197562,24120.459724137654,37985.37337721884,39400.17227273524,1384.7764466562382
15,5,Case2,6x4_016,75.0,-61.0,6x4,1,1,0.9999827146530151,3.516653578117257e-06,1.3674092770088464e-05,9605.86968700014,9192.00526608543,12272.73332977295,11385.625920406192,581.4334407740004
16,2,Case2,6x4_017,-30.0,66.0,6x4,2,2,0.0008652904070913792,0.9991139769554138,2.0697765648947097e-05,17554.893196468318,18009.384699990722,30523.850940704346,30597.928302294407,469.8921240607425
18,1,Case2,6x4_019,-79.0,29.0,6x4,2,2,7.464696682291105e-05,0.999889612197876,3.567426756490022e-05,18047.277970699313,20113.68031336916,32282.749340057373,35479.321336181994,2200.75551340811
19,3,Case2,6x4_020,-2.0,48.0,6x4,2,2,5.456197413877817e-06,0.9640291929244995,0.03596540167927742,22366.67657833105,24377.465197266043,41537.01729011536,42777.85469626651,1133.7361373638832
20,1,Case2,6x4_021,-49.0,-67.0,6x4,1,1,0.9998748302459717,0.00011926031584152952,5.8383584473631345e-06,13241.473727550778,13631.675520264931,16862.695304870605,15553.183713479511,1252.8214806025378
21,4,Case2,6x4_022,43.0,-33.0,6x4,2,2,0.22910615801811218,0.7703490257263184,0.0005448183510452509,15881.001246662378,18257.36923989375,24317.717407226562,26456.45902525328,1448.868404829063
22,3,Case2,6x4_023,62.0,-67.0,6x4,1,1,0.999991774559021,3.438984776948928e-06,4.765940957440762e-06,10922.264530441522,10744.724309690962,12623.779968261719,11688.622825714381,462.721521034216
23,2,Case2,6x4_024,30.0,75.0,6x4,2,2,0.0007209673058241606,0.9992563128471375,2.265056173200719e-05,17917.135662089717,19611.104293689077,31518.928310394287,33730.27115238563,1659.4838225348985
24,5,Case2,6x4_025,80.0,-80.0,6x4,1,1,0.9999556541442871,2.4282273898279527e-06,4.193806671537459e-05,5972.071636344868,5608.8401405220875,9090.72618484497,8619.904390366437,401.2128899128527
26,5,Case2,6x4_027,54.0,-38.0,6x4,1,1,0.8863774538040161,0.11346309632062912,0.0001594087661942467,15371.954601045092,16910.220905025537,22093.110076904297,21896.599737671575,515.452585697389
27,2,Case2,6x4_028,36.0,-31.0,6x4,2,2,0.34398797154426575,0.655211865901947,0.0008001667447388172,16320.794939680867,19391.933266994012,26828.452423095703,27325.43768704256,784.7180569865209
28,2,Case2,6x4_029,52.0,-41.0,6x4,1,1,0.9941396713256836,0.005855572875589132,4.7323778744612355e-06,15273.761643841104,16219.939981022593,20100.629302978516,19773.224089623953,317.5377141342559
29,4,Case2,6x4_030,15.0,-12.0,6x4,3,3,2.64739337580977e-05,0.00034102011704817414,0.9996324777603149,18261.513326122706,19184.91214722368,40346.919271469116,40929.071010788306,862.1112791735228
30,5,Case2,6x4_031,-55.0,-62.0,6x4,1,1,0.9999616146087646,3.619203562266193e-05,2.150158707081573e-06,12519.355773543584,12434.86141420564,14600.038009643555,13891.272069850256,713.1431714781828
31,3,Case2,6x4_032,-19.0,-7.0,6x4,3,3,6.586771633010358e-06,0.0010157771175727248,0.9989776611328125,18252.393554508428,19489.4301085398,40701.98033905029,41903.839761781404,1097.354260555498
32,5,Case2,6x4_033,-61.0,86.0,6x4,1,1,0.9999703168869019,2.4562928956584074e-05,5.090258127893321e-06,8663.530557652,8917.115019891511,12063.288520812988,11224.734280712928,629.6819991341371
33,5,Case2,6x4_034,-43.0,-15.0,6x4,2,2,0.00016151132876984775,0.998807430267334,0.0010310914367437363,20160.04950343554,23008.965601335247,37164.66524505615,40341.14754450601,2154.1511709123733
34,5,Case2,6x4_035,70.0,81.0,6x4,1,1,0.9999737739562988,2.012202821788378e-05,6.13756265011034e-06,7250.725122793007,7108.5372626419885,10157.417854309082,9373.881905844155,564.6816143481428
35,1,Case2,6x4_036,8.0,25.0,6x4,3,3,1.523557148175314e-05,0.0006193757290020585,0.9993653893470764,19258.694031637977,22002.67977455028,40618.30241775513,44098.19380736034,2758.135207007527
37,3,Case2,6x4_038,-56.0,52.0,6x4,1,1,0.9999749660491943,2.321929787285626e-05,1.7715251487970818e-06,13779.68239296741,14547.557349355533,15559.530044555664,15118.055836756012,657.6765894234663
38,5,Case2,6x4_039,64.0,42.0,6x4,1,1,0.9935564398765564,0.006372377276420593,7.11557368049398e-05,15101.636430104876,15663.58410817139,21462.68901824951,19177.319784701398,1419.3655082358994
39,2,Case2,6x4_040,-27.0,-54.0,6x4,2,2,0.0585518404841423,0.9414089322090149,3.9244019717443734e-05,17635.6244604274,17454.74517778389,30356.05913925171,27739.954567722038,1983.9245805855685
40,4,Case2,6x4_041,-2.0,-68.0,6x4,2,2,7.884194928919896e-06,0.9959720969200134,0.0040200017392635345,22256.993284960623,25036.53355718345,41910.84020590782,42823.76170430105,997.2000195299463
41,3,Case2,6x4_042,84.0,51.0,6x4,1,1,0.9998050332069397,0.00018094237020704895,1.402157977281604e-05,10880.446089157313,10538.965803421941,16035.284492492676,14506.713380547397,1253.7152655845744
42,3,Case2,6x4_043,79.0,-71.0,6x4,1,1,0.9999761581420898,3.7456263726198813e-06,2.016745384025853e-05,7260.875534046547,7120.3609897544675,10099.37686920166,8989.08033174642,773.1412529606877
43,1,Case2,6x4_044,59.0,-56.0,6x4,1,1,0.9999891519546509,9.642418262956198e-06,1.2181877764305682e-06,13010.057232788411,13631.702744993156,14537.59326171875,14114.549697336366,534.7230925961096
44,1,Case2,6x4_045,-18.0,-35.0,6x4,2,2,0.00024510789080522954,0.5843338966369629,0.4154210090637207,19920.166232535616,25274.841808828856,35482.83219528198,40325.83873911277,3812.701145208286
45,3,Case2,6x4_046,-76.0,-77.0,6x4,1,1,0.9999064207077026,7.15547357685864e-05,2.2064037693780847e-05,6781.751740967857,7302.112665328445,9680.02953338623,9256.293588110499,391.1472325562997
46,5,Case2,6x4_047,42.0,27.0,6x4,2,2,0.3825416564941406,0.6121274828910828,0.005330861080437899,17036.221717934684,18962.65237777763,28561.14824295044,29782.01455021933,1013.1096691796733
47,1,Case2,6x4_048,1.0,71.0,6x4,2,2,1.4333000990518485e-06,0.9995148181915283,0.0004837316810153425,22383.690349189837,25300.34836418831,42173.39065988362,44493.03429791848,1721.550560126319
48,2,Case2,6x4_049,-37.0,22.0,6x4,2,2,0.01652291975915432,0.9590121507644653,0.024464886635541916,18357.4640474759,22972.628213907006,32737.402591705322,35209.28230276465,1736.2482917674781
50,3,Case2,6x4_051,28.0,57.0,6x4,2,2,0.0004154965281486511,0.9995368719100952,4.767738209920935e-05,17712.049589651342,18875.83139244422,30335.37829208374,31274.480017407142,1063.8491121021673
52,5,Case2,6x4_053,3.0,87.0,6x4,2,2,3.701210061990423e-06,0.9991958737373352,0.0008004704141058028,22248.78642704942,20240.66515821956,41152.33970975876,43102.56700834068,1749.7349006345876
53,2,Case2,6x4_054,-17.0,-44.0,6x4,2,2,0.00012317884829826653,0.9986942410469055,0.001182548701763153,19730.01039931261,23480.463277081857,36037.03637123108,37048.84994462254,1365.9181161826414
54,3,Case2,6x4_055,44.0,-49.0,6x4,1,1,0.9993290901184082,0.0006660144426859915,4.837439519178588e-06,15976.463339044598,16221.679746277583,19088.29020690918,17817.73557687539,711.3638051860434
56,4,Case2,6x4_057,2.0,74.0,6x4,2,2,5.685646556230495e-06,0.9996609687805176,0.0003333000640850514,22340.2490678272,23329.641306735444,41991.09358549118,44097.764665523326,1718.694431398331
57,1,Case2,6x4_058,82.0,19.0,6x4,2,2,7.071658183122054e-05,0.9993249177932739,0.0006043413886800408,20342.67136165196,22533.739428742825,37597.80515027046,40356.963916946224,2042.584296487702
58,1,Case2,6x4_059,14.0,3.0,6x4,3,3,1.5702262317063287e-05,0.00021603105415124446,0.9997681975364685,17257.710775301333,19529.11504618052,39940.503073364496,42460.19622163849,1697.2626115735736
59,2,Case2,6x4_060,44.0,-84.0,6x4,1,1,0.990069568157196,0.009922616183757782,7.763836038066074e-06,12937.180943069954,14270.129625086829,20193.92555999756,20109.270973252813,714.4482513765366
60,3,Case2,6x4_061,0.0,-52.0,6x4,2,2,5.0351009122096e-06,0.9889083504676819,0.011086640879511833,22306.408156250967,25293.596298295473,41632.16054344177,42503.39641795714,877.621399680165
61,5,Case2,6x4_062,33.0,26.0,6x4,2,1,0.551267147064209,0.14505112171173096,0.30368176102638245,17984.52330299771,20780.50528140561,30669.0115776062,32300.843680516744,1109.6522377588792
62,5,Case2,6x4_063,-75.0,38.0,6x4,2,2,0.2159026563167572,0.7834299802780151,0.0006673458847217262,16001.171126272333,15601.43162841331,25878.04421234131,25521.128437666055,503.0020095282521
63,5,Case2,6x4_064,-20.0,55.0,6x4,2,2,1.8911690858658403e-05,0.9999487400054932,3.2333806302631274e-05,19963.39258921645,20736.8657440918,35805.245738983154,36994.44913553726,870.7704557847433
64,3,Case2,6x4_065,72.0,31.0,6x4,2,2,0.00888991542160511,0.9910053014755249,0.00010481535719009116,17401.565138733276,19441.081254954544,30255.924961090088,31642.632625070302,1389.17824947827
65,3,Case2,6x4_066,75.0,72.0,6x4,1,1,0.9999740123748779,1.682991387497168e-05,9.198262887366582e-06,7640.143350666693,7458.367850319164,10254.928009033203,9486.173719538441,530.7219532010218
66,5,Case2,6x4_067,-83.0,68.0,6x4,1,1,0.9999816417694092,9.933446563081816e-06,8.430398338532541e-06,7375.888626669171,6833.809815410485,10396.559120178223,9382.374442378246,707.1450187164855
67,3,Case2,6x4_068,-26.0,-1.0,6x4,3,3,6.06545700065908e-06,0.003258190117776394,0.9967357516288757,19456.305973491017,21979.11242402064,41096.747955322266,42632.160309076964,1249.7000945128666
68,3,Case2,6x4_069,-36.0,57.0,6x4,2,1,0.6933334469795227,0.30658799409866333,7.852428825572133e-05,16012.499820929535,17824.297470303252,24273.506149291992,25429.523460819255,862.5583691646336
70,2,Case2,6x4_071,-45.0,-29.0,6x4,2,1,0.5811210870742798,0.41878268122673035,9.622142533771694e-05,16177.961790320023,16667.138248946492,27254.40411376953,25694.76069035536,1509.817629396913
71,5,Case2,6x4_072,-29.0,13.0,6x4,3,3,8.6986503447406e-05,0.0008534434600733221,0.9990596175193787,20710.241629599408,23855.729622497245,38879.87706565857,40578.663573681675,1533.2336004892552
72,4,Case2,6x4_073,-22.0,46.0,6x4,2,2,5.709843026124872e-05,0.9986094236373901,0.0013334800023585558,18878.0105001635,20963.906644993505,33066.51007461548,36660.98323992705,2505.738599521723
73,2,Case2,6x4_074,-1.0,-8.0,6x4,3,3,9.384742952533998e-06,0.00027367344591766596,0.9997169375419617,17026.160511303562,17013.829445736297,38559.52574840188,41142.05088550087,1448.7979356208668
75,4,Case2,6x4_076,50.0,5.0,6x4,2,2,1.0800142263178714e-05,0.9948975443840027,0.005091676954180002,21885.93175823237,22183.750186653167,40961.54466962814,40908.722429695365,504.30390716194864
76,1,Case2,6x4_077,-64.0,20.0,6x4,2,2,1.9547753254300915e-05,0.9999486207962036,3.1881703762337565e-05,19538.7897396166,21115.548519774533,36803.21956062317,37705.76041441482,734.6226435712099
77,2,Case2,6x4_078,29.0,-79.0,6x4,2,2,0.0029749604873359203,0.9969409108161926,8.406035340158269e-05,18246.36351476399,19433.623389959877,32369.10271835327,33591.35498460357,988.2917667378343
79,1,Case2,6x4_080,-53.0,-64.0,6x4,1,1,0.9999582767486572,3.7908983358647674e-05,3.8031107578717638e-06,13114.080150028736,13186.445221173542,15165.436920166016,14499.823405139086,532.4339133731426
81,1,Case2,6x4_082,85.0,48.0,6x4,1,1,0.9994562268257141,0.0005368818528950214,6.9283896664273925e-06,11621.81100951362,11833.853932578666,17661.911895751953,16172.681973209517,1276.942623528554
82,3,Case2,6x4_083,-12.0,85.0,6x4,2,2,2.155817355742329e-06,0.999605119228363,0.0003927327925339341,21304.411023413217,21743.551655879975,40045.64442026615,41322.715615510686,1430.773488011367
83,5,Case2,6x4_084,77.0,-48.0,6x4,1,1,0.9998071789741516,0.0001490384602220729,4.385907595860772e-05,12216.006785058336,12271.62404552368,17617.78549194336,16022.469070663441,1327.1722421682387
85,2,Case2,6x4_086,-41.0,-54.0,6x4,1,1,0.9993014335632324,0.0006962207844480872,2.3876232262409758e-06,15334.76214970965,14442.938041532456,20370.241760253906,18335.87529949688,1394.070819632879
86,1,Case2,6x4_087,-38.0,89.0,6x4,2,2,0.025110865011811256,0.9747965931892395,9.254041651729494e-05,16110.326157228694,17382.516435805253,26626.50227355957,27514.68821037791,985.1381917317439
87,1,Case2,6x4_088,23.0,33.0,6x4,3,2,0.012150770053267479,0.6036385893821716,0.38421064615249634,18667.182044892546,19850.00458392973,32820.57548713684,35619.81373500243,1916.7611781424987
88,1,Case2,6x4_089,18.0,-35.0,6x4,2,3,8.205656195059419e-05,0.02616511471569538,0.9737528562545776,20004.824334374945,23870.348511667056,35683.80089759827,40086.080306240365,3368.569495531718
89,5,Case2,6x4_090,-65.0,24.0,6x4,2,2,0.00027121667517349124,0.9996191263198853,0.00010965838009724393,19166.219234683158,20297.980692262965,34469.258419036865,35146.566157009926,733.5933368692209
92,1,Case2,6x4_093,-70.0,-78.0,6x4,1,1,0.999895453453064,8.580072608310729e-05,1.8682774680200964e-05,7570.430723745265,7648.865881678658,10318.320999145508,9527.575454057607,667.271200893261
93,1,Case2,6x4_094,73.0,-55.0,6x4,1,1,0.999984622001648,1.2686125046457164e-05,2.751128704403527e-06,11130.10844688354,10857.012569017308,14246.254989624023,13326.468322417219,789.0335825040496
95,4,Case2,6x4_096,84.0,-52.0,6x4,1,1,0.9999691247940063,2.7130448870593682e-05,3.658972900666413e-06,10765.94834339393,10620.283971763307,15570.672637939453,13762.767354910822,1533.6040634365038
96,5,Case2,6x4_097,-46.0,-23.0,6x4,2,2,0.006817126180976629,0.9928902387619019,0.00029261867166496813,17815.678284165737,20232.822631736388,32120.091911315918,33527.34035386531,851.1811106461225
97,1,Case2,6x4_098,-1.0,36.0,6x4,3,3,9.030906767293345e-06,0.019187873229384422,0.9808031320571899,21657.29273727099,23227.376101136037,41026.720178604126,45107.55827549108,3186.4763322657204
98,5,Case2,6x4_099,90.0,40.0,6x4,1,2,0.12960782647132874,0.8698989748954773,0.0004932243609800935,12347.284819586124,14695.671320246214,22755.860969543457,25414.926597356465,1859.1672561625178
99,5,Case2,6x4_100,69.0,62.0,6x4,1,1,0.9999769926071167,1.814054121496156e-05,4.898367933492409e-06,10335.948527733512,9733.405310877002,12326.815940856934,11472.750313924957,541.0802393354292
101,2,Case2,6x4_102,76.0,-24.0,6x4,2,2,0.000442086806287989,0.9995285272598267,2.9421948056551628e-05,19209.213496979915,20834.03222742927,35196.511138916016,36585.411443454745,1107.9712871561571
102,2,Case2,6x4_103,66.0,14.0,6x4,2,2,2.7265808967058547e-05,0.9999171495437622,5.559287092182785e-05,20725.43237640009,22677.195662289367,39405.27874740213,39718.852201707086,513.1917851614866
103,5,Case2,6x4_104,83.0,3.0,6x4,2,2,1.5763705960125662e-05,0.9736523628234863,0.026331882923841476,21975.393590152078,25232.266683529906,41024.56811866164,44034.00582050551,2463.4013980052264
104,3,Case2,6x4_105,89.0,-77.0,6x4,1,1,0.9999552965164185,5.536058324651094e-06,3.919668961316347e-05,5742.907653147176,5914.557526573801,8954.457775115967,8382.51107895132,465.9105492637776
105,4,Case2,6x4_106,-12.0,43.0,6x4,2,2,4.603775596478954e-05,0.9207327961921692,0.07922118902206421,21828.546895226827,24855.896553099174,38798.90520095825,42084.19325955896,2322.540714329095
106,3,Case2,6x4_107,69.0,8.0,6x4,2,2,1.10744822450215e-05,0.9987855553627014,0.0012033878592774272,21621.816505972165,25363.94466901743,41065.04050898552,43140.46513729628,1633.734533481489
107,1,Case2,6x4_108,46.0,-72.0,6x4,1,1,0.9998396635055542,0.0001515756011940539,8.724004146642983e-06,12968.26670199502,14536.399166932024,18720.836822509766,17524.732338755617,1410.9298772536713
108,5,Case2,6x4_109,-69.0,17.0,6x4,2,2,2.5565985197317787e-05,0.9996552467346191,0.00031918598688207567,21042.62463381931,23754.70014480476,38614.60772371292,41041.49407300325,1829.815133506155
113,5,Case2,6x4_114,-35.0,-78.0,6x4,2,2,0.08635694533586502,0.9131978154182434,0.0004452510620467365,16641.048662185567,20619.852168926587,28145.9669380188,29646.534700655306,1037.511218549563
114,4,Case2,6x4_115,22.0,74.0,6x4,2,2,4.7646732127759606e-05,0.9998225569725037,0.00012980388419236988,19382.289896574675,22568.792814949204,36445.74831008911,39459.04815460429,2149.545838848721
115,5,Case2,6x4_116,12.0,-85.0,6x4,2,2,9.178744221571833e-06,0.9966128468513489,0.0033780133817344904,21318.920308209603,22878.646869381362,40062.750755786896,41713.735849877165,1395.799810295924
116,5,Case2,6x4_117,-87.0,33.0,6x4,2,2,0.0005300539778545499,0.999202311038971,0.0002676447620615363,16964.578443697086,18744.993274948356,29832.947952270508,33108.147391278566,2320.429768021357
117,1,Case2,6x4_118,54.0,-88.0,6x4,1,1,0.9999285936355591,5.563996819546446e-05,1.5760717360535637e-05,10111.479383002628,9878.71406744068,14682.078651428223,13963.570445633904,667.0335861132583
119,4,Case2,6x4_120,-58.0,-26.0,6x4,2,2,0.03255167230963707,0.9673888683319092,5.95057281316258e-05,17659.519380381615,17880.376570876862,31943.719570159912,30072.865630660057,1582.54899374379
120,4,Case2,6x4_121,-50.0,14.0,6x4,2,2,1.0607239346427377e-05,0.9998530149459839,0.00013638348900713027,21062.79375991071,21423.20103544483,38399.942257881165,38785.02973012783,681.0154005787809
121,2,Case2,6x4_122,20.0,-73.0,6x4,2,2,0.00015199520566966385,0.9996774196624756,0.00017063957056961954,20426.1417112616,23095.43411491552,37335.32593250275,38460.17299335453,971.998324688961
122,1,Case2,6x4_123,76.0,4.0,6x4,2,2,7.766941052977927e-06,0.9964075684547424,0.003584698773920536,21923.73339124474,25334.031389336018,41322.524722099304,44837.716160988646,2561.521123656415
123,1,Case2,6x4_124,42.0,-66.0,6x4,1,1,0.998956561088562,0.0010314274113625288,1.203898045787355e-05,15417.937098843093,16058.64154859287,22005.390563964844,19902.585580623072,1634.5875029883894
124,2,Case2,6x4_125,-3.0,72.0,6x4,2,2,6.073799340811092e-06,0.9998015761375427,0.00019242586859036237,22322.264683286012,23457.19212767731,42042.27668720484,42500.637730281655,783.1840728127806
125,3,Case2,6x4_126,-8.0,18.0,6x4,3,3,1.6261101336567663e-05,0.0009163878858089447,0.9990673661231995,17949.699023275294,19616.1233988323,40176.9159283638,42713.45511375539,1982.9916830637612
126,2,Case2,6x4_127,-66.0,77.0,6x4,1,1,0.9999948740005493,4.124646238778951e-06,1.0089109991895384e-06,8428.451427525222,8043.375358372772,11095.57219696045,10025.773675142182,723.2930821095579
127,5,Case2,6x4_128,59.0,-70.0,6x4,1,1,0.9999858140945435,3.0820972369838273e-06,1.1047218322346453e-05,10891.370894468742,10583.395552573296,13077.116172790527,12208.164393622852,601.9621262588523
128,4,Case2,6x4_129,24.0,11.0,6x4,3,3,2.9616863685077988e-05,0.0009547789231874049,0.9990155696868896,19785.482958492543,20096.206376806964,39819.35524940491,41419.393936575885,1618.5513331257523
133,4,Case2,6x4_134,-56.0,37.0,6x4,1,1,0.9250988960266113,0.07484790682792664,5.3201219998300076e-05,15585.449355990706,17106.86030301895,23241.95694732666,22922.356945217238,817.4689529187417
135,2,Case2,6x4_136,8.0,-68.0,6x4,2,2,1.547313149785623e-05,0.9993546605110168,0.0006298550870269537,21869.668232739932,25967.136609953777,41306.32139670849,42997.2197616791,1405.5889088240033
136,4,Case2,6x4_137,68.0,53.0,6x4,1,1,0.9999798536300659,1.8505492334952578e-05,1.7073155049729394e-06,12281.321152881383,12739.406430627361,15012.169082641602,15127.089296568016,279.511584907452
137,1,Case2,6x4_138,-28.0,-75.0,6x4,2,2,0.0003416442486923188,0.9994326233863831,0.0002256917505292222,18208.514740433136,21060.86285414184,32651.467559814453,34821.618526570324,1384.8015618539168
139,2,Case2,6x4_140,1.0,-3.0,6x4,3,3,1.1511178854561877e-05,0.0002302986686117947,0.9997581839561462,16892.48376444766,16391.638166851924,37631.56885588169,40897.8259199495,1641.758818155205
140,2,Case2,6x4_141,79.0,49.0,6x4,1,1,0.9995076656341553,0.0004865869414061308,5.7010079217434395e-06,11723.05325713485,11481.22951997893,17044.90406036377,15698.846527491443,1176.6037735655896
141,5,Case2,6x4_142,56.0,10.0,6x4,2,2,8.902798072085716e-06,0.9990255832672119,0.0009654653258621693,21287.038098368255,24407.246246560193,40217.447687625885,42270.12642011894,1640.9409083038213
143,1,Case2,6x4_144,-86.0,-39.0,6x4,2,2,0.06598009914159775,0.9335214495658875,0.0004984422121196985,15505.565310891709,18011.818457026733,25881.631576538086,27182.26785360028,1037.902746598611
144,1,Case2,6x4_145,29.0,32.0,6x4,1,2,0.13701915740966797,0.8296411633491516,0.03333968669176102,17380.510566070083,18910.408991754815,29553.07538986206,32142.545229639483,1501.7011625069879
145,5,Case2,6x4_146,-41.0,-28.0,6x4,2,2,0.23148351907730103,0.767659068107605,0.0008574425592087209,16406.185672703003,19492.059168614916,27895.95062637329,29897.44875585749,1240.559046846886
146,5,Case2,6x4_147,47.0,23.0,6x4,2,2,0.008080643601715565,0.9902396202087402,0.0016797732096165419,17810.62882268262,18827.938088137194,32112.60482788086,33301.09901008507,962.4789042249732
148,5,Case2,6x4_149,24.0,-59.0,6x4,2,2,0.0016038926551118493,0.9981192946434021,0.00027678324840962887,18987.420898164553,21402.757007940774,33617.978969573975,35316.57585555862,1459.4231954648762
150,3,Case2,6x4_151,-66.0,-82.0,6x4,1,1,0.9997730851173401,0.00020309964020270854,2.3804144802852534e-05,7852.607715837323,8651.775983832102,10842.304023742676,11032.025493733474,310.5326876424611
151,3,Case2,6x4_152,-23.0,-66.0,6x4,2,2,8.163259917637333e-05,0.9998212456703186,9.710840095067397e-05,18913.29779648672,23940.202124241834,35065.66606712341,36771.42902454313,1160.0094716160154
152,5,Case2,6x4_153,50.0,-62.0,6x4,1,1,0.9999706745147705,2.1053558157291263e-05,8.268976671388373e-06,14258.02576510243,14234.455864533045,16479.578735351562,15327.277819814932,740.6827098668862
153,4,Case2,6x4_154,-65.0,-65.0,6x4,1,1,0.9999833106994629,1.5114055713638663e-05,1.6037806744861882e-06,10642.305491634826,11165.874573771029,12317.028938293457,13104.507120427928,857.3877247985579
154,1,Case2,6x4_155,11.0,-32.0,6x4,3,3,9.69952998275403e-06,0.002007126808166504,0.9979830980300903,20998.13037174053,23540.65454784758,39258.65504646301,42632.84504325737,2751.182560752733
155,1,Case2,6x4_156,70.0,-86.0,6x4,1,1,0.9999872446060181,5.827477252751123e-06,6.952356216061162e-06,6916.165492716169,6598.221412343848,9989.395706176758,9924.925215368152,200.23106089125648
156,4,Case2,6x4_157,78.0,-26.0,6x4,2,2,0.0002709955151658505,0.9996206760406494,0.00010832271800609306,18245.925346530516,19818.705036983272,34098.619928359985,35071.43794711036,1292.8497476187583
157,2,Case2,6x4_158,17.0,-43.0,6x4,2,2,0.00045609023072756827,0.9918950200080872,0.007648851722478867,19805.97391087323,25516.201200504383,36126.09719657898,37895.12928967562,1474.2497602194444
158,4,Case2,6x4_159,-9.0,-4.0,6x4,3,3,3.1373776437249035e-05,0.0004309515352360904,0.9995377063751221,16942.796513979963,17699.006482763183,39027.012247651815,41165.69582128194,1462.332087555907
159,4,Case2,6x4_160,47.0,-13.0,6x4,2,2,2.029771167144645e-05,0.9953130483627319,0.004666600376367569,20645.094612575558,21533.550160830266,38430.342754364014,38392.05268880815,496.91717146231014
160,4,Case2,6x4_161,-43.0,-45.0,6x4,1,1,0.9994230270385742,0.0005696789012290537,7.292403552128235e-06,15059.704239150913,15463.478500832338,19022.618896484375,18471.951637235703,723.5918721753877
162,2,Case2,6x4_163,-84.0,28.0,6x4,2,2,9.441904694540426e-05,0.999868631362915,3.695758277899586e-05,18338.955396095836,20877.032133313638,33021.52264022827,35520.28825858092,1660.64456187661
163,3,Case2,6x4_164,-16.0,-5.0,6x4,3,3,6.13504926150199e-06,0.0007363997283391654,0.9992573857307434,17864.734028392748,18721.58269489581,40495.022122718394,42222.746481630726,1363.3823814467178
165,1,Case2,6x4_166,-61.0,-3.0,6x4,2,2,2.6601312583807157e-06,0.9993385672569275,0.0006587911630049348,22144.237823452062,25585.157320477425,42063.02284401655,42878.67371278577,728.2920672729568
168,2,Case2,6x4_169,58.0,-70.0,6x4,1,1,0.9999927282333374,6.776766440452775e-06,4.6382035634451313e-07,11082.860934759608,11219.669942551593,13358.513961791992,12539.319693354973,553.2119912404168
169,1,Case2,6x4_170,-35.0,-50.0,6x4,1,1,0.993133008480072,0.006847086828202009,1.9850536773446947e-05,15724.71411011459,16331.472404632446,23444.99340057373,21198.747961493238,1858.8248050959428
170,3,Case2,6x4_171,-6.0,-18.0,6x4,3,3,5.070830866316101e-06,0.0005980304558761418,0.999396800994873,17771.939868934987,18698.270875056078,40201.53708720207,41896.63560502034,1454.9897483821392
171,1,Case2,6x4_172,-68.0,5.0,6x4,2,2,2.2284314127318794e-06,0.9990496039390564,0.0009481479646638036,22034.00690293698,25760.233732866014,41884.78419402242,43130.518613200424,944.6489437403142
172,4,Case2,6x4_173,82.0,-55.0,6x4,1,1,0.9999845027923584,1.2160260666860268e-05,3.2850350635271752e-06,10156.859176763548,10085.228579294224,14210.225952148438,12793.709887635796,1188.5082318731575
175,4,Case2,6x4_176,-36.0,30.0,6x4,1,2,0.0069801090285182,0.9921827912330627,0.0008371282601729035,16474.161043303182,18951.88365686438,27420.61598968506,30277.753073945933,1963.3775522563744
176,2,Case2,6x4_177,25.0,-81.0,6x4,2,2,0.00028910787659697235,0.999588668346405,0.00012220531061757356,19280.614771827895,21749.98468732208,34889.351570129395,37038.60831028721,1648.5899096699663
177,4,Case2,6x4_178,27.0,63.0,6x4,2,2,0.0006371900672093034,0.9991875290870667,0.00017524833674542606,18243.915034447313,20364.669336144285,32198.668354034424,35371.98582043962,2185.452440282064
179,5,Case2,6x4_180,-14.0,88.0,6x4,2,2,6.533471605507657e-06,0.9998844861984253,0.00010895623563556,20947.33439592328,21366.632674958222,39456.7513461113,40506.19920116221,1045.6461473894105
182,3,Case2,6x4_183,37.0,63.0,6x4,1,2,0.13641031086444855,0.8634384274482727,0.000151239859405905,16022.572187764572,17002.04217447528,24765.599655151367,26455.61963800883,1412.6171551193363
184,5,Case2,6x4_185,-18.0,49.0,6x4,2,2,2.3457687348127365e-05,0.9998687505722046,0.00010772696987260133,19636.75276331284,21537.641774059994,36205.86668586731,37944.45785777679,1259.3638240042194
186,4,Case2,6x4_187,-47.0,-37.0,6x4,1,1,0.9956246018409729,0.004360257647931576,1.5182161405391525e-05,15392.392221167545,16088.816396607966,21826.337493896484,20539.11363316684,1169.5979513358047
188,3,Case2,6x4_189,34.0,0.0,6x4,3,3,1.531666384835262e-05,0.02255077101290226,0.977433979511261,21648.185159222492,23037.97581272811,40756.55771064758,42381.569219959245,1292.9987955557517
189,3,Case2,6x4_190,-80.0,40.0,6x4,2,2,0.4536604583263397,0.5461708903312683,0.00016865493671502918,15621.070129048341,15858.04413733205,24961.244735717773,24781.92088637392,569.2864578675166
190,4,Case2,6x4_191,-75.0,6.0,6x4,2,2,6.082406798668671e-06,0.9995564818382263,0.0004373769916128367,22399.994698017577,23903.047241503064,41492.36454772949,43051.715281445664,1459.972587258068
192,3,Case2,6x4_193,48.0,41.0,6x4,1,1,0.9735271334648132,0.02640790492296219,6.499155279016122e-05,15391.811911449251,16582.304541877285,19870.267120361328,21319.41186194998,1313.5805169039438
193,5,Case2,6x4_194,-11.0,-16.0,6x4,3,3,1.0766612831503153e-05,2.505896736693103e-05,0.9999642372131348,17995.32653778174,19212.04742971459,40179.73784160614,40284.59410772752,471.79104508023505
194,4,Case2,6x4_195,12.0,71.0,6x4,2,2,9.915995178744197e-06,0.9996862411499023,0.0003038532449863851,21609.72681903185,24324.095127229986,40569.382226228714,43411.065604074945,2135.6701065275543
195,3,Case2,6x4_196,-32.0,84.0,6x4,2,2,0.00334322452545166,0.9965046644210815,0.000152078690007329,17057.653938905187,19573.8479406512,30565.393714904785,31155.81048626831,1166.7243866153397
196,4,Case2,6x4_197,-80.0,-38.0,6x4,2,2,0.2023928314447403,0.7973900437355042,0.00021711841691285372,15949.267921322184,15581.133671993459,26280.285163879395,25504.961506726555,885.424634861426
197,1,Case2,6x4_198,-82.0,-53.0,6x4,1,1,0.9992573857307434,0.0007102089584805071,3.2447136618429795e-05,10525.87463552392,10736.599160357207,15078.33381652832,13791.270378801988,1170.3611401274104
198,1,Case2,6x4_199,-45.0,82.0,6x4,1,1,0.9855502843856812,0.0144266989082098,2.2969457859289832e-05,12868.27896151428,13867.027308703178,19522.44595336914,18989.12428845019,904.1852351494717
199,4,Case2,6x4_200,88.0,-42.0,6x4,1,1,0.99522864818573,0.004747814033180475,2.3586146198795177e-05,11945.11328635953,12973.32873904418,21454.208488464355,19249.598111891628,1976.3180820300468
200,5,Case2,6x4_201,-73.0,-27.0,6x4,2,2,0.0001805438514566049,0.9997459053993225,7.353014370892197e-05,18396.69650336068,22009.199788038888,33264.030002593994,36089.330406244655,1971.5720659874753
201,2,Case2,6x4_202,-24.0,-76.0,6x4,2,2,3.658092828118242e-05,0.9999455213546753,1.7897556972457096e-05,19436.889317435416,21925.726647107833,35151.07549858093,37578.78524469228,1748.1890743846295
202,4,Case2,6x4_203,33.0,58.0,6x4,2,1,0.5412963628768921,0.4583841562271118,0.0003195605822838843,16481.520967262808,18673.341490053794,26654.41330718994,27796.69680402551,1117.5716731459509
203,5,Case2,6x4_204,27.0,-22.0,6x4,3,3,0.0005704952054657042,0.0029082896653562784,0.9965212345123291,20169.219416635045,22759.67125272569,35366.20693778992,37444.69385979075,1576.1278942907695
204,5,Case2,6x4_205,-58.0,-50.0,6x4,1,1,0.9999277591705322,7.040222408249974e-05,1.799255414880463e-06,15058.90222602965,13242.123611104667,17229.755798339844,14848.078308619917,1104.0468382906554
205,1,Case2,6x4_206,4.0,90.0,6x4,2,2,1.541936740068195e-06,0.9995983242988586,0.00040010607335716486,10033.736811180552,20570.754375467193,39175.494170725346,42171.19735526612,2524.373974637032
206,4,Case2,6x4_207,19.0,-83.0,6x4,2,2,4.139104567002505e-05,0.9985356330871582,0.0014230074593797326,20718.630788170623,21623.30208485271,37883.28714251518,38984.707811578315,1055.2437038662617
207,4,Case2,6x4_208,-87.0,47.0,6x4,1,1,0.8320660591125488,0.1677868366241455,0.00014711670519318432,11985.412902705066,12660.370207595237,18265.814643859863,19974.993394904577,1415.2229156714723
208,3,Case2,6x4_209,58.0,-69.0,6x4,1,1,0.9999896287918091,5.260924808681011e-06,5.076423803984653e-06,11262.7522869744,11471.52452636653,13403.90104675293,12578.355814220955,444.1374175766038
209,3,Case2,6x4_210,-10.0,23.0,6x4,3,3,2.3414750103256665e-05,0.0014352811267599463,0.9985412359237671,18592.485941262126,20867.563076228686,40031.91142177582,42194.09950011919,1813.769559233404
210,4,Case2,6x4_211,55.0,-59.0,6x4,1,1,0.9999881982803345,1.0324590220989194e-05,1.4577422007278074e-06,13082.073949807596,13157.667594568658,14725.264999389648,15007.738504126459,944.330692381848
211,2,Case2,6x4_212,-63.0,54.0,6x4,1,1,0.999980092048645,1.9048695321544074e-05,8.034826919356419e-07,13149.642813456412,13023.930422474858,14885.563262939453,13850.292472519934,518.4151380399852
212,3,Case2,6x4_213,67.0,-42.0,6x4,1,1,0.9973551034927368,0.00263079977594316,1.4178724995872471e-05,15238.461765495984,15645.663793607806,22070.669059753418,20229.289621950098,1197.9276320501222
213,2,Case2,6x4_214,63.0,-14.0,6x4,2,2,2.490399856469594e-05,0.9998958110809326,7.927126716822386e-05,21252.83674905893,24364.524877424894,39414.78084182739,41259.70863410983,1339.6073215394579
214,4,Case2,6x4_215,9.0,13.0,6x4,3,3,3.6691919376607984e-05,0.00039281483623199165,0.9995704293251038,17835.088760201925,19024.045261896772,39745.24285906553,41350.104408421685,1348.521255234784
215,1,Case2,6x4_216,-10.0,59.0,6x4,2,2,8.16097508504754e-06,0.9996544122695923,0.0003373886283952743,21647.50111512341,24669.65253813212,40853.41557312012,41721.26810014152,732.3998031369018
216,2,Case2,6x4_217,21.0,56.0,6x4,2,2,4.497720146900974e-05,0.9999158382415771,3.9231159462360665e-05,19609.78370155998,21783.988958894806,35258.42631149292,37920.34243925978,1997.820311709819
217,4,Case2,6x4_218,5.0,-15.0,6x4,3,3,2.191911517002154e-05,0.00036921072751283646,0.9996089339256287,17291.633850273225,18478.897811945302,39962.61316564679,41246.421481693535,1129.7736371131455
218,5,Case2,6x4_219,-7.0,65.0,6x4,2,2,3.529473133312422e-06,0.9997972846031189,0.00019915886514354497,22070.77677141205,23611.894829137666,41737.54390138388,42662.49167092866,913.3048216657631
219,2,Case2,6x4_220,14.0,-23.0,6x4,3,3,4.1388051613466814e-05,0.0009941377211362123,0.9989644289016724,19368.438682776316,22434.565110438794,39468.05104827881,39590.004265235104,608.0802012659764
220,4,Case2,6x4_221,74.0,-56.0,6x4,1,1,0.9999890327453613,8.4620287452708e-06,2.519744384699152e-06,10774.798576776451,10936.549882531242,13862.40316772461,13252.47034069289,527.411730177432
221,1,Case2,6x4_222,7.0,-80.0,6x4,2,2,4.439430540514877e-06,0.995468020439148,0.004527532961219549,21939.181417166652,23040.447078342986,41041.88960206509,43118.00891962489,1695.269627646444
223,5,Case2,6x4_224,-4.0,-43.0,6x4,2,2,1.1645008271443658e-05,0.9894464612007141,0.010541866533458233,22327.81469540721,25866.59874742188,40780.71779632568,45803.87418662565,3720.936555832669
224,5,Case2,6x4_225,2.0,-73.0,6x4,2,2,7.1479489633929916e-06,0.9972678422927856,0.002725007012486458,22243.855918504287,23832.94332602906,41755.81861922145,43150.54502999113,1188.5369174378832
225,1,Case2,6x4_226,-42.0,80.0,6x4,1,1,0.8994851112365723,0.1004372239112854,7.760799780953676e-05,12636.501192716887,14647.31201762828,21449.459274291992,21278.930050453484,915.0095683681137
226,4,Case2,6x4_227,-42.0,-6.0,6x4,2,2,4.163195626460947e-05,0.9797476530075073,0.02021072618663311,22027.314876317232,23681.503315798356,40464.47897148132,41011.782493452105,804.8525056391582
227,2,Case2,6x4_228,60.0,-31.0,6x4,2,2,0.029678255319595337,0.9703081250190735,1.3613631381304003e-05,16943.9259793842,16390.706534026274,28469.997817993164,27300.645686117477,945.6756100264332
229,3,Case2,6x4_230,-44.0,-30.0,6x4,1,2,0.06236916780471802,0.9375426769256592,8.809161954559386e-05,16292.770338829978,16980.262406659585,26408.767295837402,26094.233156817034,887.4094846213197
230,4,Case2,6x4_231,-69.0,24.0,6x4,2,2,2.9869654099456966e-05,0.9999449253082275,2.5237179215764627e-05,19228.988106973306,19691.65242115912,34868.6391620636,36906.444829754175,1419.3930129262267
231,2,Case2,6x4_232,-8.0,-27.0,6x4,3,3,1.8458484191796742e-05,0.003068817313760519,0.9969127178192139,20445.4605050078,22881.54342706364,40277.29566001892,41960.36753824877,1416.3071000225766
232,5,Case2,6x4_233,61.0,-20.0,6x4,2,2,1.3615821444545873e-05,0.9998730421066284,0.00011327127867843956,19368.7626984714,21308.014142796615,36348.418157577515,38509.09657940461,1516.5780162287028
234,4,Case2,6x4_235,-62.0,7.0,6x4,2,2,5.28879490957479e-06,0.9998239874839783,0.00017069419845938683,21858.485639555445,24053.888153369826,41567.45152771473,42723.31918532017,1110.9964140357629
235,5,Case2,6x4_236,16.0,-57.0,6x4,2,2,2.65961280092597e-05,0.9997323155403137,0.00024109140213113278,20380.704515986185,23005.664694082996,38179.994592666626,39443.615893218506,1129.155490368855
236,5,Case2,6x4_237,-32.0,66.0,6x4,2,2,0.0021848625037819147,0.997784435749054,3.076111534028314e-05,17161.738009005196,18629.582718455727,29051.662643432617,29929.372023777392,747.1448531639332
237,1,Case2,6x4_238,64.0,-22.0,6x4,2,2,7.433065184159204e-05,0.9998925924301147,3.3017760870279744e-05,19569.55455635698,20921.989334491,35492.6805267334,35254.11611359474,651.0619854692231
239,1,Case2,6x4_240,53.0,26.0,6x4,2,2,0.004546696320176125,0.9953896999359131,6.355322693707421e-05,17742.89028742882,18772.42652080538,30821.335773468018,32069.1081990274,901.1725967513531
240,3,Case2,6x4_241,13.0,6.0,6x4,3,3,1.3022853636357468e-05,0.0005482933484017849,0.9994387030601501,17186.14571104635,17453.073107455915,39830.687985658646,42633.63701455644,1988.7622610278838
241,4,Case2,6x4_242,-31.0,60.0,6x4,2,2,0.000678790092933923,0.9992658495903015,5.530587077373639e-05,17150.369386403705,18611.699387389785,28694.030059814453,30750.185414130534,1492.5025551395727
243,2,Case2,6x4_244,85.0,-58.0,6x4,1,1,0.9999895095825195,9.757775842444971e-06,7.093854037520941e-07,9226.505402181536,9052.661091174421,13027.071517944336,11731.409539659408,994.53481159704
245,1,Case2,6x4_246,60.0,61.0,6x4,1,1,0.9999823570251465,1.6756364857428707e-05,8.700391163074528e-07,12124.704993225623,12738.344779906998,13704.522079467773,13458.303818764554,584.0231470416529
246,4,Case2,6x4_247,-83.0,78.0,6x4,1,1,0.9999895095825195,6.183001460158266e-06,4.2748742998810485e-06,5901.031192304986,5542.535196580244,9049.769065856934,8205.574545491696,621.5356881379282
247,2,Case2,6x4_248,6.0,27.0,6x4,3,3,7.505367830162868e-05,0.002483493648469448,0.9974415302276611,19856.12344991926,21609.854063663835,40799.733167648315,41650.05931151968,740.83954989413
249,3,Case2,6x4_250,-47.0,64.0,6x4,1,1,0.9998507499694824,0.00014552290667779744,3.685012416099198e-06,15090.812055075732,14867.263872289319,19092.761322021484,16899.05934815156,1298.2339319927207
251,2,Case2,6x4_252,-82.0,-45.0,6x4,1,1,0.9314521551132202,0.0685325562953949,1.5246893781295512e-05,12763.099799450643,14409.379443361047,19468.7890625,19511.160977135693,838.3901662477558
252,1,Case2,6x4_253,56.0,-34.0,6x4,2,2,0.39598819613456726,0.603951096534729,6.0689388192258775e-05,15738.299968085543,16563.933291486355,25316.24457550049,25428.618658751177,475.6999102020517
253,1,Case2,6x4_254,-75.0,-17.0,6x4,2,2,9.376253728987649e-06,0.9993434548377991,0.0006470988155342638,20296.055254171773,25647.032655246618,38719.16016744077,40916.59960056393,1611.5257959652406
254,1,Case2,6x4_255,32.0,-60.0,6x4,1,2,0.23735861480236053,0.7623963952064514,0.00024495460093021393,16888.94951834212,17865.87228949849,27816.123878479004,27875.50723255805,604.2027285388227
255,4,Case2,6x4_256,-25.0,-11.0,6x4,3,3,5.0630769692361355e-05,0.005226357840001583,0.9947230815887451,19544.900116467492,21835.60915674851,39924.95573043823,40954.72409281421,967.7053446430019
256,3,Case2,6x4_257,65.0,80.0,6x4,1,1,0.9999562501907349,3.467710121185519e-05,9.019288881972898e-06,8230.341289271644,8150.865426036794,11139.081932067871,10394.138962177916,530.4111150479474
257,1,Case2,6x4_258,54.0,-18.0,6x4,2,2,1.5794501450727694e-05,0.9998973608016968,8.687506488058716e-05,20169.55595728981,20968.909997741815,36635.0611076355,36514.92276303079,607.278686896085
258,2,Case2,6x4_259,-6.0,38.0,6x4,3,3,0.00013510060671251267,0.19464334845542908,0.8052215576171875,21158.46303928862,25152.602662944322,40491.78612136841,43264.923458224555,2118.2755444522313
259,3,Case2,6x4_260,-50.0,68.0,6x4,1,1,0.9999467134475708,5.023675839765929e-05,3.0843525564705487e-06,12916.439480898927,13281.341713782156,16457.928672790527,15237.80323809725,1066.3152363328409
260,1,Case2,6x4_261,-14.0,-28.0,6x4,3,3,2.041950574493967e-05,0.005056540481746197,0.9949230551719666,20763.839450044543,23112.929661563598,38519.05255317688,40776.207251862616,2070.0506141585843
261,3,Case2,6x4_262,-57.0,76.0,6x4,1,1,0.999983549118042,1.370349036733387e-05,2.7869018595083617e-06,10374.91503648878,10380.10399491369,13533.71987915039,12357.50070427566,916.9490431181915
262,3,Case2,6x4_263,-24.0,2.0,6x4,3,3,6.842459242761834e-06,0.0021163716446608305,0.997876763343811,19570.39536599779,21367.073473657503,41098.47527217865,42810.85446615604,1381.858847174973
263,5,Case2,6x4_264,87.0,-65.0,6x4,1,1,0.9999663829803467,5.4958877626631875e-06,2.8087986720493063e-05,7712.739051064256,7410.425012642434,10941.29077911377,10655.828471870429,255.1888362389561
264,5,Case2,6x4_265,-25.0,-84.0,6x4,2,2,5.7863766414811835e-05,0.99972003698349,0.0002220879541710019,19152.831678599323,22085.770695011033,34791.86850833893,37682.13566412777,1979.800912111328
266,2,Case2,6x4_267,-33.0,-46.0,6x4,1,1,0.9613518118858337,0.038622647523880005,2.55065879173344e-05,15671.874617300973,15852.78384542186,24374.616676330566,22967.027729690075,1452.6845364558667
267,3,Case2,6x4_268,-59.0,29.0,6x4,2,2,0.030559558421373367,0.9694031476974487,3.73458860849496e-05,17032.334444544056,17613.67189898219,29915.953693389893,30086.46614533146,603.9474049652489
268,2,Case2,6x4_269,-60.0,60.0,6x4,1,1,0.9999926090240479,6.541586117236875e-06,7.766261660435703e-07,12347.987714725065,11783.944685844232,13874.702011108398,12557.997658285296,609.4023535015614
269,2,Case2,6x4_270,10.0,76.0,6x4,2,2,6.00977182330098e-06,0.9998431205749512,0.00015082744357641786,21674.54326783603,22405.739691984454,40932.06395339966,41571.646007209085,821.7231095004835
271,2,Case2,6x4_272,72.0,69.0,6x4,1,1,0.9999841451644897,1.2345263712632004e-05,3.400988134671934e-06,8584.556018685464,8670.42240577066,10915.688179016113,10495.952637583998,395.43389237225216
272,2,Case2,6x4_273,81.0,62.0,6x4,1,1,0.9999691247940063,2.6991659979103133e-05,3.986448064097203e-06,8688.00910600487,8756.850695073215,11790.865562438965,11295.179792614766,456.8979619429964
273,3,Case2,6x4_274,30.0,-25.0,6x4,3,2,0.001683475449681282,0.5498777031898499,0.4484387934207916,18587.120373728012,20942.238763159075,32590.466930389404,35992.908960558045,2860.559518636693
274,2,Case2,6x4_275,80.0,-20.0,6x4,2,2,0.00013915725867263973,0.999707043170929,0.00015380904369521886,20160.33761725802,22164.241394043747,37336.23114259541,39531.942088034615,1711.9868809126685
275,3,Case2,6x4_276,-88.0,70.0,6x4,1,1,0.9999761581420898,1.208821777254343e-05,1.1796892977145035e-05,6781.832437735399,6421.247784843445,9913.544708251953,8740.630525639213,849.3464124457504
276,4,Case2,6x4_277,57.0,88.0,6x4,1,1,0.9999337196350098,6.336138176266104e-05,2.8383497010509018e-06,9410.122436155292,9579.640751608393,13427.474403381348,12945.03529673539,543.4503766958846
277,5,Case2,6x4_278,18.0,78.0,6x4,2,2,1.509977209934732e-05,0.999764621257782,0.0002202593896072358,20980.223802292832,21376.005756218743,38415.786009937525,39325.17897630647,1020.333481081179
279,1,Case2,6x4_280,-31.0,-12.0,6x4,3,3,5.288032480166294e-05,0.06291089206933975,0.9370362162590027,20727.153056757856,24026.33810997549,38893.52168464661,41986.160314758854,2653.3089394197773
280,1,Case2,6x4_281,-72.0,-17.0,6x4,2,2,1.0671687050489709e-05,0.9995705485343933,0.0004187905869912356,20293.4445489537,25582.26736497412,38694.82481741905,40853.820406091865,1579.893009138823
281,3,Case2,6x4_282,25.0,-74.0,6x4,2,2,0.0002719004114624113,0.9995763897895813,0.00015168085519690067,19086.397246924498,22058.7248654376,34622.14723968506,36319.288756691014,1467.8390937169606
283,3,Case2,6x4_284,16.0,16.0,6x4,3,3,6.654725439148024e-05,0.0009607460233382881,0.9989726543426514,18209.758475005117,18061.16403955467,39748.600335121155,39266.92881826341,646.2516449543176
285,2,Case2,6x4_286,40.0,-87.0,6x4,1,2,0.47500279545783997,0.5249109268188477,8.62148153828457e-05,12546.509245976511,15252.666624729285,22872.22066116333,24982.830526412283,1329.7253721483642
286,2,Case2,6x4_287,-77.0,22.0,6x4,2,2,2.529471748857759e-05,0.9999352693557739,3.938840018236078e-05,19682.419178480406,22317.115740875804,36375.603675842285,38441.18124402022,1373.9662060864678
287,4,Case2,6x4_288,37.0,70.0,6x4,2,1,0.806654155254364,0.19318202137947083,0.0001638499234104529,16209.4467206728,18086.613954881268,26012.53813934326,27368.450392878298,1085.9827078753208
288,5,Case2,6x4_289,-9.0,44.0,6x4,2,2,4.109423389309086e-05,0.9731389880180359,0.02681996300816536,21714.82087123156,25345.691012596,39967.726778030396,42609.01348673522,2261.799497570781
289,5,Case2,6x4_290,20.0,-82.0,6x4,2,2,1.7422460587113164e-05,0.9982866644859314,0.0016958818305283785,20522.18521869169,24977.53030527505,37454.619997918606,41015.954813154865,2699.0862110418893
290,1,Case2,6x4_291,26.0,5.0,6x4,3,3,8.820723451208323e-06,0.0004507898702286184,0.9995404481887817,19902.574046667247,21169.961308204183,40644.06721496582,43472.34028991825,2274.2872789588855
291,4,Case2,6x4_292,71.0,-88.0,6x4,1,1,0.9999836683273315,2.6412797069497174e-06,1.3702211617783178e-05,6680.707967500501,6209.662591539882,9787.745292663574,8997.725849333689,624.251532673967
293,4,Case2,6x4_294,-71.0,-57.0,6x4,1,1,0.9999622106552124,3.614952584030107e-05,1.6889872540559736e-06,10964.727394088353,11668.250800198624,13538.20841217041,13994.767344063745,421.90997858966693
294,3,Case2,6x4_295,-84.0,-9.0,6x4,2,2,2.346091150684515e-06,0.9983829259872437,0.0016147494316101074,21555.485153170084,19464.11027381723,40621.71700882912,40015.41839577047,630.2077623317042
295,2,Case2,6x4_296,-48.0,82.0,6x4,1,1,0.998991072177887,0.0010058569023385644,3.058486754525802e-06,11880.68588063415,12785.697506065215,17725.440643310547,17469.215912086605,550.8245838144782
296,2,Case2,6x4_297,-13.0,-4.0,6x4,3,3,1.0185404789808672e-05,0.00036013824865221977,0.9996297359466553,17336.19490492257,18454.33366660502,40003.40717250109,41360.16344641776,915.9031364997816
297,4,Case2,6x4_298,-19.0,-23.0,6x4,3,3,9.828308975556865e-05,0.004827927332371473,0.9950737357139587,19757.553204401796,21152.20527197566,37985.175941467285,39969.17444433464,1594.0473301797856
298,3,Case2,6x4_299,5.0,-32.0,6x4,3,3,1.3619142009702045e-05,0.020428676158189774,0.9795576930046082,21877.266309314433,24016.76894269146,40615.35860824585,42546.61970171779,1538.5844424002705
300,4,Case2,6x8_001,65.0,19.0,6x8,2,2,1.2056630112056155e-06,0.9999904632568359,8.341740795003716e-06,7525.576895339104,7090.488029423504,33537.90040409565,34542.95239133728,1098.7589424753523
301,3,Case2,6x8_002,40.0,-51.0,6x8,1,1,0.531500518321991,0.46843430399894714,6.521632167277858e-05,9876.031555208407,9592.708851000272,18036.517784118652,18101.980264069985,539.376782546664
303,2,Case2,6x8_004,49.0,48.0,6x8,1,1,0.9866321682929993,0.013348476961255074,1.937607339641545e-05,10415.69076322906,10185.160188805661,14790.126861572266,15022.826283844417,340.5199327732236
304,2,Case2,6x8_005,-52.0,20.0,6x8,2,2,5.5934929150680546e-06,0.9998738765716553,0.00012056800915161148,7818.281589636075,7576.481366198341,31957.508103370667,30561.357072018916,1020.2607081818778
305,4,Case2,6x8_006,-15.0,-74.0,6x8,2,2,1.1245397217862774e-06,0.9992151260375977,0.0007837784360162914,6875.589254158728,6387.221366178167,35132.55062556267,35943.00984537159,1140.3303436345316
306,3,Case2,6x8_007,51.0,-83.0,6x8,1,1,0.9799480438232422,0.0199538953602314,9.807257447391748e-05,8457.827117712022,7810.8379415513555,14382.54130935669,15149.089157029888,696.8783258270153
308,3,Case2,6x8_009,-63.0,21.0,6x8,2,2,3.1205208870233037e-06,0.9999910593032837,5.874493581359275e-06,7785.499442875138,7482.634643142632,32615.34884661436,32409.76743428621,451.07860610473955
309,1,Case2,6x8_010,-74.0,83.0,6x8,1,1,0.9999431371688843,5.4298547183861956e-05,2.560874463597429e-06,4290.894577549593,4108.865911804064,8423.176399230957,7450.268998692584,690.945031008568
311,2,Case2,6x8_012,-56.0,9.0,6x8,2,2,2.0878906070720404e-06,0.9993564486503601,0.0006414389354176819,7210.409607503131,6671.250166669156,36986.57615429163,36722.85974355816,568.8985183547901
312,4,Case2,6x8_013,61.0,33.0,6x8,2,2,0.0003720346139743924,0.9996212720870972,6.6256275204068515e-06,8742.41771984591,8642.65264999189,24208.682991027832,24905.760241566386,720.1067025442809
313,3,Case2,6x8_014,19.0,79.0,6x8,2,2,7.303538609448879e-07,0.9999840259552002,1.522945603937842e-05,6961.530813854964,6543.9218610586495,33870.68415784836,35206.18844750492,1299.1506654587108
315,5,Case2,6x8_016,75.0,-61.0,6x8,1,1,0.9999827146530151,1.0903341717494186e-05,6.447816303989384e-06,6870.257234788168,6334.978910958049,10782.099975585938,9850.243384398129,806.2775260495252
316,2,Case2,6x8_017,-30.0,66.0,6x8,2,2,9.929881343850866e-06,0.9999850988388062,5.028362011216814e-06,8420.170838117543,8012.104402895213,27257.673287391663,26523.11802327313,551.9686000567385
318,1,Case2,6x8_019,-79.0,29.0,6x8,2,2,2.3468778636015486e-06,0.9999758005142212,2.187315112678334e-05,7800.238583489085,7454.83463283462,28762.98406752944,30860.23329062093,1765.831598245478
319,3,Case2,6x8_020,-2.0,48.0,6x8,2,2,1.621131673346099e-06,0.9831059575080872,0.016892461106181145,6919.351101139208,6844.768462345446,37571.027869939804,40067.30007401122,2197.9715979155426
320,1,Case2,6x8_021,-49.0,-67.0,6x8,1,1,0.9986981153488159,0.0012905625626444817,1.1346486644470133e-05,9504.399940379026,9063.842050142268,15661.135093688965,13601.637424004633,1433.3165006980073
321,4,Case2,6x8_022,43.0,-33.0,6x8,2,2,0.008436782285571098,0.9914147257804871,0.00014845756231807172,9079.185262723697,9280.575411245249,21914.45180130005,21128.981330860024,802.510907682374
322,3,Case2,6x8_023,62.0,-67.0,6x8,1,1,0.9999915361404419,5.765638434240827e-06,2.76095397566678e-06,7299.010682036607,7820.813240357349,11132.226661682129,9952.034097231672,860.2464816509402
323,2,Case2,6x8_024,30.0,75.0,6x8,2,2,8.131830327329226e-06,0.9999781847000122,1.3730731552641373e-05,7938.613961782274,7828.386339223554,28034.642760396004,28267.27555014176,399.9184954675903
324,5,Case2,6x8_025,80.0,-80.0,6x8,1,1,0.9999450445175171,1.0827413461811375e-05,4.406646257848479e-05,3995.8827721375274,3663.375066518914,8109.236469268799,7271.230361732331,637.0692699924144
326,5,Case2,6x8_027,54.0,-38.0,6x8,2,2,0.0665484294295311,0.9334218502044678,2.974920062115416e-05,9521.795891327254,9993.244617096167,19552.84359741211,19782.60523896972,565.839850801583
327,2,Case2,6x8_028,36.0,-31.0,6x8,2,2,0.0057000997476279736,0.9896790981292725,0.004620866850018501,8691.726691902553,8387.094162864265,24332.255702972412,22326.490226003956,1474.1237070086622
328,2,Case2,6x8_029,52.0,-41.0,6x8,1,2,0.3349655866622925,0.6649893522262573,4.509981954470277e-05,9948.557492059788,10199.83954643039,17599.07147216797,18610.175633837567,819.2866279007277
329,4,Case2,6x8_030,15.0,-12.0,6x8,3,3,4.856377017858904e-06,2.3438429707312025e-05,0.9999716281890869,5251.288295759243,4900.357070663538,36480.382539987564,37407.371839801584,1042.0894950074703
330,5,Case2,6x8_031,-55.0,-62.0,6x8,1,1,0.9998045563697815,0.0001930149446707219,2.4483497327310033e-06,8759.641011152311,9178.417567434468,12549.722885131836,12718.782003111857,311.5820236553789
331,3,Case2,6x8_032,-19.0,-7.0,6x8,3,3,1.6862543361639837e-06,4.9464528274256736e-05,0.9999488592147827,5185.574417957559,4986.707872891643,36803.94703170657,36713.30817121528,479.0708288838994
332,5,Case2,6x8_033,-61.0,86.0,6x8,1,1,0.9991199374198914,0.0008747088140808046,5.33468210051069e-06,5969.546683186627,5468.62881023992,10663.974143981934,10182.740918565758,469.5420644601943
333,5,Case2,6x8_034,-43.0,-15.0,6x8,2,2,2.1911459043622017e-05,0.8780153393745422,0.12196271866559982,7189.9768616189285,6823.253509426464,33732.63137626648,34543.692579547904,1402.9394424565844
334,5,Case2,6x8_035,70.0,81.0,6x8,1,1,0.9999188184738159,7.405487849609926e-05,7.130054655135609e-06,4882.522053844512,4937.929380203568,8949.829738616943,8131.47679133842,653.8985739543314
335,1,Case2,6x8_036,8.0,25.0,6x8,3,3,1.7973416106542572e-06,0.0001256783725693822,0.9998725652694702,5723.711589671404,5580.720167370922,36613.38258266449,38859.59117434282,1866.6295300002132
337,3,Case2,6x8_038,-56.0,52.0,6x8,1,1,0.9997227787971497,0.0002745759265962988,2.6152085865760455e-06,9709.61305981702,10505.155479208695,13376.396537780762,13265.544459693614,350.4910185781741
338,5,Case2,6x8_039,64.0,42.0,6x8,2,1,0.8249216675758362,0.17501205205917358,6.625909736612812e-05,9277.786042753532,9097.986307185345,18735.63468170166,17540.19683444095,873.3890887194653
339,2,Case2,6x8_040,-27.0,-54.0,6x8,2,2,0.00011972745414823294,0.999836802482605,4.349631490185857e-05,8417.530425781799,7719.04716276548,27366.39672088623,25393.44017171565,1307.2012600296853
340,4,Case2,6x8_041,-2.0,-68.0,6x8,2,2,1.4741929135198006e-06,0.9931964874267578,0.006802013609558344,6702.931568651364,6100.830461219538,37574.71394568682,37818.91053091386,751.3610874434966
341,3,Case2,6x8_042,84.0,51.0,6x8,1,1,0.9920014142990112,0.007981985807418823,1.652134415053297e-05,8354.811920924474,7562.572676346146,14364.445880889893,13853.05175728967,717.6292342831904
342,3,Case2,6x8_043,79.0,-71.0,6x8,1,1,0.999976634979248,6.908785508130677e-06,1.6496442185598426e-05,4939.295628493121,4663.336585855826,8917.130310058594,7589.1249637529145,1000.1987447898796
343,1,Case2,6x8_044,59.0,-56.0,6x8,1,1,0.9999680519104004,3.108104283455759e-05,7.990273047653318e-07,8818.441250429847,10079.787906803227,12438.66236114502,12963.175443216493,340.97050576619614
344,1,Case2,6x8_045,-18.0,-35.0,6x8,3,3,2.9262089356052456e-06,0.009062950499355793,0.9909341335296631,7093.734274609654,6481.03500486531,32079.829984664917,34982.41416322389,2476.152003341623
345,3,Case2,6x8_046,-76.0,-77.0,6x8,1,1,0.9989194869995117,0.0009470778750255704,0.00013354772818274796,4637.114811034692,4392.299315112034,8552.32640838623,7915.481040127703,499.3251008219156
346,5,Case2,6x8_047,42.0,27.0,6x8,2,2,0.005807382054626942,0.9937530159950256,0.0004396576841827482,8278.167950223326,8617.053267877303,25934.579126358032,25510.303200736424,641.0171406132897
347,1,Case2,6x8_048,1.0,71.0,6x8,2,2,4.0253976862913987e-07,0.9993389248847961,0.0006606444949284196,6563.966897470223,6355.209513797626,37586.71997845173,38845.09762749733,1119.8712480171994
348,2,Case2,6x8_049,-37.0,22.0,6x8,2,2,0.00029940687818452716,0.5817473530769348,0.4179532825946808,7640.59598138308,7537.816576372058,29711.238121032715,31586.899264484404,1348.3215852680723
350,3,Case2,6x8_051,28.0,57.0,6x8,2,2,1.9705748854903504e-05,0.9999716281890869,8.661466381454375e-06,8471.924162234927,8165.53365980174,27273.869272232056,28801.783421590182,1281.1646974974071
352,5,Case2,6x8_053,3.0,87.0,6x8,2,2,6.519501880575262e-07,0.9994669556617737,0.0005324492231011391,6098.058186982147,5472.747674824579,35838.348188877106,38302.11448317891,1906.9494794054588
353,2,Case2,6x8_054,-17.0,-44.0,6x8,2,2,1.4910495337971952e-05,0.8624832630157471,0.13750183582305908,7421.836051918207,7188.833325300275,32653.62983608246,32689.69624760261,683.466590674755
354,3,Case2,6x8_055,44.0,-49.0,6x8,1,1,0.9745249152183533,0.025457195937633514,1.7884356566355564e-05,10521.145497330383,10147.529142087875,16403.453811645508,16045.28081555935,462.8598553612503
356,4,Case2,6x8_057,2.0,74.0,6x8,2,2,7.680462772441388e-07,0.9996476173400879,0.0003516645811032504,6405.916171308049,5961.305890669127,37214.30419319868,38888.14626947476,1336.5092653881889
357,1,Case2,6x8_058,82.0,19.0,6x8,2,2,7.543223546235822e-06,0.9990418553352356,0.0009506340720690787,6865.43639489073,6814.906421143501,33546.16137933731,33467.92024488876,491.64897081237257
358,1,Case2,6x8_059,14.0,3.0,6x8,3,3,2.2029128103895346e-06,4.7410725528607145e-05,0.9999504089355469,4717.642775501623,5178.710534232959,36176.58513444662,38163.49174949452,1471.2907129768707
359,2,Case2,6x8_060,44.0,-84.0,6x8,2,2,0.061332907527685165,0.9386199712753296,4.709277709480375e-05,8476.139210330086,8725.053642092043,19615.121864318848,20406.418743615526,656.4029328355207
360,3,Case2,6x8_061,0.0,-52.0,6x8,2,2,2.4745154405536596e-06,0.8984463214874268,0.10155120491981506,6982.430546621292,7018.071308707899,37690.86289250851,39510.51157871677,2045.4588141157942
361,5,Case2,6x8_062,33.0,26.0,6x8,3,2,0.019860288128256798,0.5751917362213135,0.4049479365348816,7825.111980807199,8261.86848928056,27847.58517074585,27009.00733183154,901.0755337680348
362,5,Case2,6x8_063,-75.0,38.0,6x8,2,2,0.00140946835745126,0.9985753297805786,1.5248679119395092e-05,8563.390357104494,8771.741311885296,22778.14637374878,22464.57013495323,467.7833242836111
363,5,Case2,6x8_064,-20.0,55.0,6x8,2,2,2.062703515548492e-06,0.9999881982803345,9.72656471276423e-06,7901.54588920378,7133.465480250969,32359.225291728973,30937.038992206017,1051.981713879043
364,3,Case2,6x8_065,72.0,31.0,6x8,2,2,9.438296547159553e-05,0.9998992681503296,6.301508165051928e-06,8147.862665178651,8187.607016037656,27011.829330921173,27453.313398049875,804.4511036328975
365,3,Case2,6x8_066,75.0,72.0,6x8,1,1,0.9998950958251953,9.472017700318247e-05,1.018923558149254e-05,5336.381554559695,5063.951609895645,9465.111877441406,7956.518190194425,1053.4369193586233
366,5,Case2,6x8_067,-83.0,68.0,6x8,1,1,0.9999204874038696,7.473033474525437e-05,4.771622570842737e-06,5019.2438185102765,4478.3100911566125,9201.760932922363,8185.8644554317625,786.3836760896197
367,3,Case2,6x8_068,-26.0,-1.0,6x8,3,3,1.1160559552081395e-06,7.724312308710068e-05,0.9999216794967651,5676.006513480624,5276.80438989069,37107.45538711548,37187.17574662021,534.3872315609599
368,3,Case2,6x8_069,-36.0,57.0,6x8,2,2,0.0030652836430817842,0.996921181678772,1.3586826753453352e-05,9222.005104701053,9229.22479695464,21487.746280670166,22696.656631601232,862.4760103140636
370,2,Case2,6x8_071,-45.0,-29.0,6x8,2,2,0.0005162392626516521,0.9994169473648071,6.68881184537895e-05,8526.26837285035,8137.762663511596,24679.285696029663,23803.959206693562,746.4027079733685
371,5,Case2,6x8_072,-29.0,13.0,6x8,3,3,2.2765868834540015e-06,5.9857076848857105e-05,0.999937891960144,6424.3572839207045,6071.248620920433,35115.72176361084,37475.25944539674,2000.5946763000557
372,4,Case2,6x8_073,-22.0,46.0,6x8,2,2,1.932735585796763e-06,0.9997618794441223,0.0002362087689107284,7883.061316988637,7819.545318681223,29936.485761642456,31899.935194008565,1782.0798334099375
373,2,Case2,6x8_074,-1.0,-8.0,6x8,3,3,1.7900304101203801e-06,1.7854399629868567e-05,0.9999803304672241,4451.753183748477,5051.280055239746,34461.774419784546,38037.28388930715,1995.9749007391918
375,4,Case2,6x8_076,50.0,5.0,6x8,2,2,1.8922415847555385e-06,0.9967658519744873,0.0032322481274604797,6882.051461065925,6488.061919130876,37179.57150724158,37784.108338847145,1014.3483446167961
376,1,Case2,6x8_077,-64.0,20.0,6x8,2,2,1.459903501199733e-06,0.9999687671661377,2.9734253985225223e-05,7734.016319599558,7444.750607408614,33220.45456317067,32928.5329239826,484.72013400385
377,2,Case2,6x8_078,29.0,-79.0,6x8,2,2,3.015365837200079e-05,0.9998877048492432,8.215507114073262e-05,7801.410685951278,7757.169098989604,28773.674257993698,29159.466531426824,532.3850953147778
379,1,Case2,6x8_080,-53.0,-64.0,6x8,1,1,0.9998247027397156,0.0001704087044345215,4.835792424273677e-06,10022.690442720746,9328.535410611381,14096.862365722656,12767.13562563602,942.9647066304648
381,1,Case2,6x8_082,85.0,48.0,6x8,1,1,0.9358809590339661,0.06402517855167389,9.386705642100424e-05,8541.133070617376,7609.591199852075,17469.015209197998,14659.689467279097,1845.0056557846915
382,3,Case2,6x8_083,-12.0,85.0,6x8,2,2,4.1010630980053975e-07,0.9999490976333618,5.053673157817684e-05,6469.676495298109,6150.420792370546,35354.474058806896,36376.26976805348,1005.1800700235153
383,5,Case2,6x8_084,77.0,-48.0,6x8,1,1,0.9728979468345642,0.027033189311623573,6.893393583595753e-05,8873.14242246668,8557.79618132978,17125.937965393066,16589.4160856127,416.0898270195379
385,2,Case2,6x8_086,-41.0,-54.0,6x8,1,1,0.9289683103561401,0.07101214677095413,1.9511304344632663e-05,9783.43413189393,9261.61428444531,17747.306327819824,16596.584070053497,858.1129450539152
386,1,Case2,6x8_087,-38.0,89.0,6x8,2,2,0.00012713046453427523,0.9998637437820435,9.05702563613886e-06,8148.1670531146465,8080.178110186858,23279.057116508484,25150.94781361283,1402.794642805127
387,1,Case2,6x8_088,23.0,33.0,6x8,3,3,6.288885924732313e-05,0.01452828198671341,0.9854088425636292,7460.41728258192,7145.019269405352,29690.739934444427,32998.14594892315,2539.986178582548
388,1,Case2,6x8_089,18.0,-35.0,6x8,3,3,6.3197817325999495e-06,0.003742542350664735,0.9962511658668518,7102.865823575253,6523.257301494051,32255.728176116943,34203.67410539983,1566.2536614846244
389,5,Case2,6x8_090,-65.0,24.0,6x8,2,2,1.1482604350021575e-05,0.9999746084213257,1.3850175491825212e-05,7973.467306102667,7875.375243332344,31052.820385724306,30682.410269047126,532.4824355608932
392,1,Case2,6x8_093,-70.0,-78.0,6x8,1,1,0.9988844990730286,0.0010530558647587895,6.241060327738523e-05,5141.092540072209,4778.058078906578,9063.96076965332,8166.327477328064,672.8937944664538
393,1,Case2,6x8_094,73.0,-55.0,6x8,1,1,0.9999465942382812,5.148859054315835e-05,1.939238245540764e-06,8484.175148496359,7876.927440970908,12577.866569519043,12110.039950692955,564.7884259607547
395,4,Case2,6x8_096,84.0,-52.0,6x8,1,1,0.9992005228996277,0.0007942962110973895,5.184700057725422e-06,8136.571470146959,7182.910646253673,13929.143119812012,12483.881849047444,1231.4703784818535
396,5,Case2,6x8_097,-46.0,-23.0,6x8,2,2,2.5503424694761634e-05,0.9995666146278381,0.0004078415804542601,7986.643707302327,7560.533910832919,29175.317193984985,30662.703467084586,1390.0532200511009
397,1,Case2,6x8_098,-1.0,36.0,6x8,3,3,1.2370120430205134e-06,0.0034374461974948645,0.9965613484382629,6404.958483913311,5992.161433838278,36995.227310180664,40288.22554105369,2622.3531028838406
398,5,Case2,6x8_099,90.0,40.0,6x8,2,2,0.004400291945785284,0.9955516457557678,4.799055022886023e-05,8215.773863954897,7210.343227589799,22031.52445793152,19851.02927300036,1377.6380160038589
399,5,Case2,6x8_100,69.0,62.0,6x8,1,1,0.9999648332595825,3.2036652555689216e-05,3.0476137453661067e-06,7081.632605192604,7250.452254812359,11024.057762145996,10048.397415617503,721.8200526300959
401,2,Case2,6x8_102,76.0,-24.0,6x8,2,2,5.281433914205991e-06,0.9999264478683472,6.828699406469241e-05,7455.125014670916,7497.793452281889,31528.764184176922,32030.678726837465,743.3519227943405
402,2,Case2,6x8_103,66.0,14.0,6x8,2,2,2.919420239777537e-06,0.9996803998947144,0.00031672153272666037,7189.015073169982,7146.160263529745,35570.14047908783,34976.22097039559,573.8910564759329
403,5,Case2,6x8_104,83.0,3.0,6x8,2,2,5.741333097830648e-06,0.8907073736190796,0.10928690433502197,6095.790171109128,5757.00250598635,35912.89284992218,38767.01652412971,2352.8200556026395
404,3,Case2,6x8_105,89.0,-77.0,6x8,1,1,0.9999469518661499,1.4603778254240751e-05,3.832729271380231e-05,3788.5020060740267,3968.6487725855322,8008.884243011475,7583.992742459695,364.1090257805882
405,4,Case2,6x8_106,-12.0,43.0,6x8,2,2,1.083606548490934e-05,0.7865920066833496,0.21339717507362366,7102.674060997715,6936.591944329757,35092.675292015076,36726.85067362582,1622.9100106497867
406,3,Case2,6x8_107,69.0,8.0,6x8,2,2,3.011135049746372e-06,0.9986661672592163,0.0013308755587786436,6726.984665137455,6470.755889626705,36929.10456421226,37999.90037128093,1219.6558407382265
407,1,Case2,6x8_108,46.0,-72.0,6x8,1,1,0.9865552186965942,0.013430226594209671,1.4594798813050147e-05,9080.962746517927,9165.286197717116,17673.70411682129,15745.057687386889,1294.0644279699097
408,5,Case2,6x8_109,-69.0,17.0,6x8,2,2,2.905265773733845e-06,0.9998699426651001,0.00012718411744572222,7277.892356259281,7203.083466612236,34756.914181768894,34389.086063621166,658.120724878854
413,5,Case2,6x8_114,-35.0,-78.0,6x8,2,2,5.4541222198167816e-05,0.9999268054962158,1.868631807155907e-05,8150.581691825827,8119.193681432107,24820.80206012726,28105.2230531674,2540.9779241667393
414,4,Case2,6x8_115,22.0,74.0,6x8,2,2,1.4568117876478937e-06,0.9999887943267822,9.777611012395937e-06,7444.80656374171,7096.654615757861,32600.28460609913,33051.62513120689,980.212826133498
415,5,Case2,6x8_116,12.0,-85.0,6x8,2,2,1.6758679066697368e-06,0.9970609545707703,0.002937318291515112,6472.2934192740395,5763.956223940666,35397.88894927502,36521.02075527826,1223.7503598195701
416,5,Case2,6x8_117,-87.0,33.0,6x8,2,2,1.1202561836398672e-05,0.9999659061431885,2.2869882741360925e-05,7842.651231101162,8004.403187681113,26404.513097167015,29067.45929082426,2066.4996071104806
417,1,Case2,6x8_118,54.0,-88.0,6x8,1,1,0.9948930740356445,0.005029882770031691,7.711860962444916e-05,7422.019602197723,7312.035758220579,13071.23942565918,12646.724412240472,519.0288131506379
419,4,Case2,6x8_120,-58.0,-26.0,6x8,2,2,0.00018394151993561536,0.9998000264167786,1.6007479644031264e-05,8290.154780623041,8470.554446147169,28852.6510720253,26989.549440290775,1246.5508279126489
420,4,Case2,6x8_121,-50.0,14.0,6x8,2,2,2.212830622738693e-06,0.9998400211334229,0.00015776758664287627,7343.245294243103,7585.1507165927405,34847.24126911163,33012.163382295905,1375.1878629228854
421,2,Case2,6x8_122,20.0,-73.0,6x8,2,2,9.38526227400871e-06,0.9996169805526733,0.00037360170972533524,7275.527452847364,6871.862692218939,33449.92061805725,31585.56475876563,1304.7065296107764
422,1,Case2,6x8_123,76.0,4.0,6x8,2,2,2.3663910724280868e-06,0.9859555959701538,0.014042035676538944,6356.380085896413,6175.764147046269,36624.97755384445,37362.376885425816,811.773807071688
423,1,Case2,6x8_124,42.0,-66.0,6x8,2,1,0.8626729846000671,0.13730427622795105,2.2769070710637607e-05,9236.750113985738,9724.795063956448,19112.08860015869,17744.80418927401,944.8626158491093
424,2,Case2,6x8_125,-3.0,72.0,6x8,2,2,2.6189145501120947e-06,0.9995119571685791,0.0004854140570387244,6528.777480626151,6106.893209307529,37426.40540206432,38427.50375039756,835.5375399992519
425,3,Case2,6x8_126,-8.0,18.0,6x8,3,3,3.882893452100689e-06,5.4149964853422716e-05,0.9999419450759888,5228.22718184735,4950.400525053478,36798.332318246365,37264.59992095685,851.8327430373663
426,2,Case2,6x8_127,-66.0,77.0,6x8,1,1,0.9999668598175049,3.178552651661448e-05,1.3211990790296113e-06,5805.745766411929,4833.764754983812,9717.923076629639,7790.526532475586,1420.6258214712022
427,5,Case2,6x8_128,59.0,-70.0,6x8,1,1,0.9999827146530151,1.3809705706080422e-05,3.473155175015563e-06,7535.708159767084,7228.276060713625,11673.548545837402,10380.60730790775,953.5050876109885
428,4,Case2,6x8_129,24.0,11.0,6x8,3,3,5.041062649979722e-06,7.942425872897729e-05,0.999915599822998,5789.050357961961,5320.701882096471,35973.35844421387,37298.5445179635,1363.1123012741614
433,4,Case2,6x8_134,-56.0,37.0,6x8,2,2,0.12921234965324402,0.8707664608955383,2.113225855282508e-05,9360.42609771498,9985.528169490675,20607.102256774902,19870.039260266272,893.7166334228272
435,2,Case2,6x8_136,8.0,-68.0,6x8,2,2,5.841171969223069e-06,0.9974339604377747,0.0025602017994970083,6874.297674547146,6297.684360493407,37103.03989124298,36019.522833968585,816.5633456094637
436,4,Case2,6x8_137,68.0,53.0,6x8,1,1,0.9995585083961487,0.00043970212573185563,1.8117328863809234e-06,9661.755871863594,7933.6800883269925,14348.72769165039,11856.37409915711,1643.6764206418009
437,1,Case2,6x8_138,-28.0,-75.0,6x8,2,2,3.175713118253043e-06,0.9999414682388306,5.536469689104706e-05,7785.112977325935,7567.162570861739,29100.06999051571,31654.28986396502,1923.9094296478777
439,2,Case2,6x8_140,1.0,-3.0,6x8,3,3,2.1397124783106847e-06,1.7890595700009726e-05,0.9999799728393555,11665.033231579439,5108.131563803152,38647.07679748535,37904.006301740665,2002.5852981054597
440,2,Case2,6x8_141,79.0,49.0,6x8,1,1,0.9824436902999878,0.0175398588180542,1.6536936527700163e-05,8738.29844158857,7729.53609418645,16726.04360961914,13590.31758091403,2122.4270691665597
441,5,Case2,6x8_142,56.0,10.0,6x8,2,2,2.178733211621875e-06,0.9996063113212585,0.00039150239899754524,7095.17391946656,7337.5541995383655,36484.359969735146,36336.05022116001,797.451499938081
443,1,Case2,6x8_144,-86.0,-39.0,6x8,2,2,0.00035774795105680823,0.999545156955719,9.706807759357616e-05,8189.143834710542,8354.939899023295,22673.482738494873,22478.015110660832,411.2001580767951
444,1,Case2,6x8_145,29.0,32.0,6x8,2,3,0.004221535753458738,0.1642652451992035,0.8315132260322571,8217.944877826529,7916.917269252616,26754.915828704834,28367.207140760474,1275.5668899481302
445,5,Case2,6x8_146,-41.0,-28.0,6x8,2,2,0.0002129380009137094,0.9991499185562134,0.0006371843046508729,8352.300343441795,8094.162829917151,25315.876083374023,28254.370943284834,2183.3655361579945
446,5,Case2,6x8_147,47.0,23.0,6x8,2,2,0.00023154180962592363,0.9996590614318848,0.00010940036736428738,7997.19028647722,8241.123316066818,29175.603185653687,28941.814717500667,581.9498171179445
448,5,Case2,6x8_149,24.0,-59.0,6x8,2,2,3.2852901767910225e-06,0.9999877214431763,8.976453500508796e-06,8161.082343836658,7664.8285494056545,30322.739752590656,30577.951555078733,413.8618041324185
450,3,Case2,6x8_151,-66.0,-82.0,6x8,1,1,0.9975625276565552,0.0023505715653300285,8.693081326782703e-05,5353.531975981881,5041.143852270469,9548.673721313477,8939.126252311853,520.1148806748474
451,3,Case2,6x8_152,-23.0,-66.0,6x8,2,2,2.931272319983691e-06,0.9999724626541138,2.4644683435326442e-05,7795.910182133222,7442.275494760635,31520.93475973606,32198.867047728505,703.6719224390831
452,5,Case2,6x8_153,50.0,-62.0,6x8,1,1,0.999637246131897,0.0003604397061280906,2.3139880340750096e-06,10068.454441796988,9859.224516128135,14871.736511230469,13772.814123063712,796.2341371063444
453,4,Case2,6x8_154,-65.0,-65.0,6x8,1,1,0.9999526739120483,4.5306696847546846e-05,1.9727756352949655e-06,7083.937441816275,8289.805935780654,10863.014343261719,10679.788483461609,263.4523249762264
454,1,Case2,6x8_155,11.0,-32.0,6x8,3,3,1.1947360007980024e-06,0.00028940243646502495,0.99970942735672,6458.449818304124,5816.629706779921,35400.31163597107,38708.323762951295,2614.078639039069
455,1,Case2,6x8_156,70.0,-86.0,6x8,1,1,0.9999747276306152,1.6783091268735006e-05,8.450729183095973e-06,4612.560869506229,4442.162010614775,8831.48791885376,8236.907927266713,454.5290691706835
456,4,Case2,6x8_157,78.0,-26.0,6x8,2,2,1.0115300028701313e-05,0.9999443292617798,4.558416912914254e-05,7607.65070451984,7445.461542251437,30482.66000175476,29527.73951472098,689.3679614753198
457,2,Case2,6x8_158,17.0,-43.0,6x8,2,3,3.350407860125415e-05,0.40049636363983154,0.5994701385498047,7458.889677252563,6775.931267067521,32730.669410705566,34536.885628106065,1303.4637030181048
458,4,Case2,6x8_159,-9.0,-4.0,6x8,3,3,3.0801468255958753e-06,2.7006277377950028e-05,0.9999698400497437,4267.4227905239495,4814.334787980661,34992.68387055397,37497.856403544385,1414.4401290885075
459,4,Case2,6x8_160,47.0,-13.0,6x8,2,2,6.179144747875398e-06,0.9948678016662598,0.005125960800796747,7192.0652450744265,7255.730686976742,34907.64010429382,34492.96330233168,786.2574736989478
460,4,Case2,6x8_161,-43.0,-45.0,6x8,1,1,0.9791434407234192,0.02083161473274231,2.4904242309276015e-05,10438.019316713633,10571.15521168456,17178.130210876465,16867.98895497921,605.9944509965027
462,2,Case2,6x8_163,-84.0,28.0,6x8,2,2,3.9064248085196596e-06,0.9999661445617676,2.9966297006467357e-05,7568.7320612622925,7172.932105634165,29385.273773014545,31714.82454644236,1830.8780815657756
463,3,Case2,6x8_164,-16.0,-5.0,6x8,3,3,1.8323900121686165e-06,4.6841527364449576e-05,0.9999513626098633,5038.840964001595,4924.289916221038,36655.04187941551,36998.37935751084,537.3656263050556
465,1,Case2,6x8_166,-61.0,-3.0,6x8,2,2,6.618533348046185e-07,0.9947836995124817,0.005215622950345278,6830.373341292009,6563.888919724338,38023.29553703964,39033.09143649284,1104.5042264483275
468,2,Case2,6x8_169,58.0,-70.0,6x8,1,1,0.9999768733978271,2.253227648907341e-05,5.629923975902784e-07,7720.602925318218,8171.072905337869,11923.239295959473,11045.525583795352,664.3242093393773
469,1,Case2,6x8_170,-35.0,-50.0,6x8,2,2,0.16945624351501465,0.8302791118621826,0.00026466758572496474,9256.937724435724,9160.749051492132,20868.334518432617,19953.86165252113,775.1941601691892
470,3,Case2,6x8_171,-6.0,-18.0,6x8,3,3,1.3266537735034944e-06,3.445128459134139e-05,0.9999642372131348,5080.205675128413,5010.437410476745,36619.99357166886,36871.495931757534,524.6101135781228
471,1,Case2,6x8_172,-68.0,5.0,6x8,2,2,5.824433060297451e-07,0.993696391582489,0.0063030109740793705,6758.995375179671,6379.269585738806,37638.29869413376,38718.63108347948,1206.430636510827
472,4,Case2,6x8_173,82.0,-55.0,6x8,1,1,0.9998629093170166,0.00013413088163360953,2.990771918121027e-06,7446.145385103274,6805.426999671574,12652.382217407227,11121.63882187099,1247.4266513321325
475,4,Case2,6x8_176,-36.0,30.0,6x8,2,2,0.0008363938541151583,0.9954153299331665,0.0037483018822968006,8549.282438202226,8123.526964485013,24874.555891036987,24996.523613118723,796.4224527721033
476,2,Case2,6x8_177,25.0,-81.0,6x8,2,2,1.3788416254101321e-05,0.9997913241386414,0.00019493290164973587,7430.202124638852,7197.264401117299,31063.619027495384,30430.60610545715,561.4071028894508
477,4,Case2,6x8_178,27.0,63.0,6x8,2,2,5.940028586337576e-06,0.999988317489624,5.731405053666094e-06,8272.789180832258,7907.9088117653955,28900.924131393433,29401.88534278574,775.6470346566665
479,5,Case2,6x8_180,-14.0,88.0,6x8,2,2,5.95875860653905e-07,0.9999631643295288,3.6221441405359656e-05,6545.690092157038,6357.945549116908,34893.68197250366,35157.60245124239,761.1387622627059
482,3,Case2,6x8_183,37.0,63.0,6x8,2,2,0.0014618387212976813,0.9985302686691284,7.901852768554818e-06,9003.180314314966,9009.770612170807,21851.88270187378,23971.498070936454,1665.0174803705252
484,5,Case2,6x8_185,-18.0,49.0,6x8,2,2,4.0522745621274225e-06,0.999932050704956,6.390555790858343e-05,7668.279566665702,7090.390205999198,32777.582391262054,32351.24507059627,633.7135772013194
486,4,Case2,6x8_187,-47.0,-37.0,6x8,2,2,0.3856414258480072,0.6142521500587463,0.00010641924745868891,9525.904863820493,9766.918231737931,19413.14850616455,19528.020624284694,487.37649565254833
488,3,Case2,6x8_189,34.0,0.0,6x8,3,3,2.5558740617270814e-06,0.0009765358408913016,0.9990209341049194,6264.147664952297,5833.173637145453,36830.94068431854,39626.69297570233,2033.1609100290182
489,3,Case2,6x8_190,-80.0,40.0,6x8,2,2,0.0003489175287541002,0.999643087387085,8.011727004486602e-06,8422.986907255154,7944.940606249477,21832.210340499878,23571.160217263503,1382.7019747815714
490,4,Case2,6x8_191,-75.0,6.0,6x8,2,2,2.2228423404158093e-06,0.9982179999351501,0.0017797756008803844,6431.526123776949,6714.852388703937,36912.95835340023,37954.65626312927,1392.3919157827213
492,3,Case2,6x8_193,48.0,41.0,6x8,1,1,0.5331662893295288,0.4666822850704193,0.00015141128096729517,10045.609013157307,10406.780427443166,17414.71452331543,19205.464580491927,1323.97418037711
493,5,Case2,6x8_194,-11.0,-16.0,6x8,3,3,1.2092843917343998e-06,7.632947927049827e-06,0.9999911785125732,5234.989173717237,5239.032234643685,36341.46675675735,37458.30255052015,1004.7685828373075
494,4,Case2,6x8_195,12.0,71.0,6x8,2,2,6.945065820218588e-07,0.9999151229858398,8.416692435275763e-05,6949.897117760036,6446.763771915025,36352.64673924446,37339.18823624928,1232.3856791679682
495,3,Case2,6x8_196,-32.0,84.0,6x8,2,2,1.4845751138636842e-05,0.9999809265136719,4.226070359436562e-06,7819.318444286175,7394.772426716468,27015.416583389044,27346.066430029197,548.7279565913569
496,4,Case2,6x8_197,-80.0,-38.0,6x8,2,2,0.0008351284777745605,0.9991563558578491,8.492585038766265e-06,8321.619700250285,8174.6342987610005,23105.33278465271,21507.40496323091,1125.6809131273785
497,1,Case2,6x8_198,-82.0,-53.0,6x8,1,1,0.9691680669784546,0.03066156804561615,0.00017044664127752185,7986.8313675062445,6950.709082295627,13460.48669052124,12183.612371051458,1076.7028059287475
498,1,Case2,6x8_199,-45.0,82.0,6x8,2,2,0.23498757183551788,0.7649780511856079,3.4326578315813094e-05,8572.063221970291,8278.406220068087,18985.260066986084,17302.07226801205,1154.561369379539
499,4,Case2,6x8_200,88.0,-42.0,6x8,2,2,0.17684194445610046,0.8230834603309631,7.460081542376429e-05,8319.12630855813,8215.198573904212,20863.006799697876,20665.631335703456,545.5569444005439
500,5,Case2,6x8_201,-73.0,-27.0,6x8,2,2,1.7566181895745103e-06,0.9999837875366211,1.4497175470751245e-05,7836.179024198517,7410.070168960442,29789.345555007458,32028.99772803741,1935.2824996389704
501,2,Case2,6x8_202,-24.0,-76.0,6x8,2,2,4.412011548993178e-06,0.9998958110809326,9.979703463613987e-05,7458.751996437072,6857.882385525092,31385.39260289073,30573.433370993538,657.926687736521
502,4,Case2,6x8_203,33.0,58.0,6x8,2,2,0.0006227897247299552,0.9993571639060974,2.008514456974808e-05,8856.850457360058,8953.61195426432,23772.179973602295,24432.770428635522,924.5781120850654
503,5,Case2,6x8_204,27.0,-22.0,6x8,3,3,5.522219453268917e-06,9.105161734623834e-05,0.9999034404754639,7046.353877859408,6703.710646224688,31996.38845062256,33775.28416384367,1609.2089832884897
504,5,Case2,6x8_205,-58.0,-50.0,6x8,1,1,0.9988691210746765,0.0011278537567704916,2.985039373015752e-06,10407.867915898876,9718.145576907922,14636.388565063477,14049.634454559126,491.4697906693636
505,1,Case2,6x8_206,4.0,90.0,6x8,2,2,4.823159542866051e-07,0.9995680451393127,0.000431488937465474,6075.07227135913,5813.327889463708,35677.45970201492,37480.90945945285,1254.2318398605878
506,4,Case2,6x8_207,19.0,-83.0,6x8,2,2,3.1976971968106227e-06,0.999413013458252,0.0005838280776515603,6873.175854888429,6660.53271387791,33707.492176532745,35478.79038592489,1449.4854315060525
507,4,Case2,6x8_208,-87.0,47.0,6x8,2,2,0.07944534718990326,0.9205094575881958,4.518730565905571e-05,8483.835915307347,7885.8042349127445,18044.515594482422,18470.13922289309,533.0885138661796
508,3,Case2,6x8_209,58.0,-69.0,6x8,1,1,0.9999842643737793,1.2974077435501385e-05,2.7782900815509493e-06,7788.629157755992,8314.468188624796,11910.706268310547,10844.017852891284,809.191938702104
509,3,Case2,6x8_210,-10.0,23.0,6x8,3,3,3.948557605326641e-06,6.141974881757051e-05,0.9999346733093262,5817.790291600348,5032.438609155416,36506.427490234375,37165.16030647233,1029.4072295991964
510,4,Case2,6x8_211,55.0,-59.0,6x8,1,1,0.9999346733093262,6.405711610568687e-05,1.2672305729211075e-06,8976.960867943873,10185.477916613994,12625.675674438477,12298.377342203265,377.79339628673125
511,2,Case2,6x8_212,-63.0,54.0,6x8,1,1,0.999884843826294,0.00011432401515776291,8.721456765670155e-07,9083.72940359844,8730.931447538464,12877.136344909668,11809.962055708373,836.6074354537359
512,3,Case2,6x8_213,67.0,-42.0,6x8,2,1,0.661754310131073,0.3382294178009033,1.635420267120935e-05,9160.870649150625,9412.168231180285,19257.956733703613,18795.044276848716,527.912651293712
513,2,Case2,6x8_214,63.0,-14.0,6x8,2,2,1.364222157462791e-06,0.9998326301574707,0.0001659533882047981,7289.189214645425,7370.251027711541,35657.577204585075,34935.57495038699,680.7586064931129
514,4,Case2,6x8_215,9.0,13.0,6x8,3,3,5.876038358110236e-06,3.7671197787858546e-05,0.999956488609314,4846.3193754628155,4988.105929190389,36417.75442266464,37199.91041228473,827.7826922016284
515,1,Case2,6x8_216,-10.0,59.0,6x8,2,2,1.1872242566823843e-06,0.9995725750923157,0.00042624247726053,7240.504647620444,6993.491719108881,36892.74012589455,37176.654508336665,582.3744719562036
516,2,Case2,6x8_217,21.0,56.0,6x8,2,2,5.935899480391527e-06,0.999946117401123,4.797711153514683e-05,7852.599044131925,7972.226403037505,31857.892210416496,30665.320830482917,829.0238733853354
517,4,Case2,6x8_218,5.0,-15.0,6x8,3,3,2.5945587367459666e-06,2.4343922632397152e-05,0.9999730587005615,4866.431889905723,4758.111014967919,36486.391874313354,38109.56739048398,1289.8331556765827
518,5,Case2,6x8_219,-7.0,65.0,6x8,2,2,7.111335094123206e-07,0.999901533126831,9.779671381693333e-05,6932.209052608763,6226.575198353305,37544.81689274311,36681.25830089461,927.3493120260608
519,2,Case2,6x8_220,14.0,-23.0,6x8,3,3,1.8440398434904637e-06,2.0741947082569823e-05,0.9999774694442749,5966.654995960726,5347.681818204648,35705.515003204346,36973.60225854041,1299.6857840871814
520,4,Case2,6x8_221,74.0,-56.0,6x8,1,1,0.9999457597732544,5.258439705357887e-05,1.654123138905561e-06,8067.279895111892,7561.067437980721,12234.731674194336,11126.00371439924,1012.6798552265458
521,1,Case2,6x8_222,7.0,-80.0,6x8,2,2,9.14258976081328e-07,0.9952651262283325,0.004733994137495756,6389.013921313859,6013.972389171344,36178.77534556389,37540.111790498064,1313.9024540083274
523,5,Case2,6x8_224,-4.0,-43.0,6x8,3,3,7.387353434751276e-06,0.2740105092525482,0.725982129573822,6759.849947953747,5973.942991806021,36879.95633983612,36941.21926774905,906.6345424079083
524,5,Case2,6x8_225,2.0,-73.0,6x8,2,2,1.1873588618982467e-06,0.9961456060409546,0.003853226313367486,6399.36084008656,5683.913635423568,37109.46347570419,37721.044268577534,1153.7555762139123
525,1,Case2,6x8_226,-42.0,80.0,6x8,2,2,0.026694919914007187,0.973284900188446,2.018652594415471e-05,8507.313256683265,8442.859707671296,20617.144901275635,19681.29909759243,697.8812721389642
526,4,Case2,6x8_227,-42.0,-6.0,6x8,3,2,1.3503494301403407e-05,0.5631943345069885,0.43679216504096985,6695.064652612253,6497.069010505326,36654.66814804077,37741.54937478192,1128.6600449382734
527,2,Case2,6x8_228,60.0,-31.0,6x8,2,2,7.025939703453332e-05,0.9999226331710815,7.0787932600069325e-06,8667.699960630836,8449.35832991237,25573.698844909668,24599.90199649433,725.9701404103808
529,3,Case2,6x8_230,-44.0,-30.0,6x8,2,2,0.0003855637041851878,0.9996028542518616,1.1651867680484429e-05,8632.72009166208,8892.902020678539,23895.760383605957,24393.571425787246,482.7722605695151
530,4,Case2,6x8_231,-69.0,24.0,6x8,2,2,2.727015498749097e-06,0.9999902248382568,7.060797088342952e-06,7849.97411526306,7613.403416653911,31340.633783698082,31636.59012351049,591.857019133333
531,2,Case2,6x8_232,-8.0,-27.0,6x8,3,3,1.2293332929402823e-06,6.767994636902586e-05,0.9999310970306396,5847.175897144417,5614.215877199796,36303.91657829285,37482.84138377074,1034.3802941447884
532,5,Case2,6x8_233,61.0,-20.0,6x8,2,2,2.0461302483454347e-06,0.999967098236084,3.09096576529555e-05,7758.526056016842,7684.681208197795,32903.108267605305,32672.14534073425,583.7497599613109
534,4,Case2,6x8_235,-62.0,7.0,6x8,2,2,8.712896146789717e-07,0.9998316764831543,0.00016736875113565475,6934.52857999645,7069.55383189118,37561.19657719135,37337.77772587758,734.8539162666937
535,5,Case2,6x8_236,16.0,-57.0,6x8,2,2,9.845543900155462e-07,0.9999456405639648,5.333765147952363e-05,7502.29953331159,7020.741425814806,34543.32976591587,34076.07358241278,580.5153173017209
536,5,Case2,6x8_237,-32.0,66.0,6x8,2,2,1.6753499949118122e-05,0.9999818801879883,1.3797853171126917e-06,8548.21901016473,7950.647860116577,25868.58193206787,26536.24578078272,606.5684214677196
537,1,Case2,6x8_238,64.0,-22.0,6x8,2,2,4.765261110151187e-06,0.999957799911499,3.738899977179244e-05,7784.286215060927,7322.764406207667,32059.362934947014,31467.942149685092,653.2401026375417
539,1,Case2,6x8_240,53.0,26.0,6x8,2,2,0.00011303302744636312,0.999824583530426,6.244848918868229e-05,8280.67513533609,8366.398803163569,27910.989218711853,26639.44447283254,1016.6975536556757
540,3,Case2,6x8_241,13.0,6.0,6x8,3,3,4.328236627770821e-06,6.150166154839098e-05,0.999934196472168,4707.946590397872,4999.753373123225,36087.453218340874,37752.52157814083,1348.907135111555
541,4,Case2,6x8_242,-31.0,60.0,6x8,2,2,7.5917064350505825e-06,0.9999903440475464,2.032490101555595e-06,8665.694702331131,8391.796738010713,25651.72793197632,27126.58013139576,1136.1525265532869
543,2,Case2,6x8_244,85.0,-58.0,6x8,1,1,0.9999425411224365,5.531219358090311e-05,2.177691840188345e-06,6585.400227377033,6011.6729072074895,11579.18444442749,10277.587714909816,1027.103898013301
545,1,Case2,6x8_246,60.0,61.0,6x8,1,1,0.9999579191207886,4.0870665543479845e-05,1.247804448212264e-06,8069.070996124566,8662.914608124884,11718.437797546387,11438.300789853458,236.46889980812918
546,4,Case2,6x8_247,-83.0,78.0,6x8,1,1,0.9999758005142212,1.8859052943298593e-05,5.33336333319312e-06,3910.662687847563,3732.69396244092,8080.155385971069,6977.908273886038,806.8984074855839
547,2,Case2,6x8_248,6.0,27.0,6x8,3,3,3.26540794048924e-06,5.7779816415859386e-05,0.99993896484375,5795.185060406668,5680.0222641181135,36768.07049560547,37549.590075277745,861.3336208042409
549,3,Case2,6x8_250,-47.0,64.0,6x8,1,1,0.9751267433166504,0.024859411641955376,1.3814524209010415e-05,9722.795690861292,9993.676723706274,16280.438911437988,15632.110590649812,557.7890716168025
551,2,Case2,6x8_252,-82.0,-45.0,6x8,2,2,0.16145817935466766,0.8384835720062256,5.828179928357713e-05,8531.391764270313,7957.710187448826,18988.799434661865,16366.879500612256,1761.004075301515
552,1,Case2,6x8_253,56.0,-34.0,6x8,2,2,0.0028527958784252405,0.9971333742141724,1.3870829207007773e-05,9018.917592963477,8962.797293350779,22646.800945281982,22564.89511536601,464.2252958154156
553,1,Case2,6x8_254,-75.0,-17.0,6x8,2,2,1.260599105989968e-06,0.9972399473190308,0.002758724382147193,6991.139652161381,6621.232747822722,34703.79116797447,36216.211682551126,1345.7550815676225
554,1,Case2,6x8_255,32.0,-60.0,6x8,2,2,0.0007657466921955347,0.999221682548523,1.2572617379191797e-05,8732.75541162058,9137.88425014741,24854.40149307251,24014.295283110292,707.6375624000507
555,4,Case2,6x8_256,-25.0,-11.0,6x8,3,3,2.282333753100829e-06,6.591859710169956e-05,0.999931812286377,5840.17981276812,5439.212133643871,36062.82810974121,36815.55831187098,898.7263742702593
556,3,Case2,6x8_257,65.0,80.0,6x8,1,1,0.9995601773262024,0.0004291328659746796,1.0701865903683938e-05,5647.170221596212,5566.841410091706,9789.996192932129,8962.38666189699,659.2422601409071
557,1,Case2,6x8_258,54.0,-18.0,6x8,2,2,3.0960620733821997e-06,0.9998679161071777,0.000128948173369281,7726.9567848106535,7102.931326165974,33263.28808003664,32699.960042567083,689.6455896534881
558,2,Case2,6x8_259,-6.0,38.0,6x8,3,3,1.0405534339952283e-05,0.021288253366947174,0.9787013530731201,6512.083361814975,6092.016549480795,36540.15989494324,38952.80911799439,1955.8920487482185
559,3,Case2,6x8_260,-50.0,68.0,6x8,1,1,0.9965104460716248,0.0034833927638828754,6.128707354946528e-06,9567.081432562121,9149.80998840378,15484.950897216797,13730.276941841887,1201.9948611014258
560,1,Case2,6x8_261,-14.0,-28.0,6x8,3,3,9.485038958700898e-07,0.0002110721543431282,0.9997879862785339,6245.527504103815,5638.50192390841,34730.68506240845,37750.0169715444,2525.4407232433964
561,3,Case2,6x8_262,-57.0,76.0,6x8,1,1,0.9997052550315857,0.00029144412837922573,3.1633335311198607e-06,7559.357733009482,7113.357498889928,11911.506050109863,10616.74771914779,1083.7984967005866
562,3,Case2,6x8_263,-24.0,2.0,6x8,3,3,1.3215586704973248e-06,6.00207167735789e-05,0.9999386072158813,5481.067595556632,5163.951034980709,37116.59908914566,37111.49901233279,512.0367385331626
563,5,Case2,6x8_264,87.0,-65.0,6x8,1,1,0.9999525547027588,2.5329793061246164e-05,2.2207659640116617e-05,5286.590681658748,4874.110946580472,9697.620433807373,9029.991350920298,587.3407059958621
564,5,Case2,6x8_265,-25.0,-84.0,6x8,2,2,9.110839869208576e-07,0.9999041557312012,9.492812387179583e-05,7255.995454276849,7238.786794865633,30922.67103649676,33438.13744464444,2108.1995314373708
566,2,Case2,6x8_267,-33.0,-46.0,6x8,2,2,0.007955287583172321,0.9919781684875488,6.648263661190867e-05,9022.182441837189,8182.775249845729,21843.927921295166,20811.108665490297,860.9153935447625
567,3,Case2,6x8_268,-59.0,29.0,6x8,2,2,3.951349208364263e-05,0.9999580383300781,2.388695520494366e-06,8522.94973684545,8027.533580854766,26920.145174980164,27253.33843907316,455.33562877484906
568,2,Case2,6x8_269,-60.0,60.0,6x8,1,1,0.999980092048645,1.9350401998963207e-05,6.549097406605142e-07,8248.11079952405,8131.82375051069,11866.406356811523,10493.919578508961,998.4152332120349
569,2,Case2,6x8_270,10.0,76.0,6x8,2,2,2.759669541774201e-06,0.9994776844978333,0.0005196394049562514,6605.918039269294,6193.101776652316,36437.610502265394,37596.90505868961,960.6298758242758
571,2,Case2,6x8_272,72.0,69.0,6x8,1,1,0.9999488592147827,4.758018985739909e-05,3.5599548482423415e-06,5914.521455823994,6005.7926815928195,9938.639419555664,8201.894797153811,1242.3288052651071
572,2,Case2,6x8_273,81.0,62.0,6x8,1,1,0.9998162388801575,0.00017836401821114123,5.384606538427761e-06,6050.564696641284,5897.6247883455735,10426.009243011475,8863.744881851364,1189.9181400431212
573,3,Case2,6x8_274,30.0,-25.0,6x8,3,3,0.0001286585466004908,0.019805289804935455,0.9800660610198975,7630.055451403598,6991.27525377158,29547.165265083313,29572.743271269457,627.6940931820936
574,2,Case2,6x8_275,80.0,-20.0,6x8,2,2,6.202757049322827e-06,0.9993402361869812,0.00065355229889974,7031.566114529592,6785.731148604789,33373.34182715416,34254.42931858634,1026.0054233507158
575,3,Case2,6x8_276,-88.0,70.0,6x8,1,1,0.9998345375061035,0.00014294349239207804,2.2473899662145413e-05,4555.85416875518,4718.96422111115,8805.932899475098,7972.6376764171855,602.698624073434
576,4,Case2,6x8_277,57.0,88.0,6x8,1,1,0.947654128074646,0.05232837796211243,1.7524855138617568e-05,6700.8635065961225,6456.244447184625,11915.027004241943,12138.985100242558,520.9945559444842
577,5,Case2,6x8_278,18.0,78.0,6x8,2,2,1.5926468677207595e-06,0.9999271631240845,7.126739365048707e-05,6988.514101721468,6599.072974641625,34272.952810168266,35297.49254305012,1147.518524709334
579,1,Case2,6x8_280,-31.0,-12.0,6x8,3,3,1.204924842568289e-06,0.0008227236103266478,0.9991760849952698,6442.4468317275505,6009.238893377446,35151.63201332092,37833.30217263947,2189.762162814468
580,1,Case2,6x8_281,-72.0,-17.0,6x8,2,2,1.2525473493951722e-06,0.9985427856445312,0.0014560191193595529,7193.076276587128,6836.337623594396,34763.620586276054,36038.25751801174,1197.3680526667629
581,3,Case2,6x8_282,25.0,-74.0,6x8,2,2,4.1525718188495375e-06,0.9999734163284302,2.2441059627453797e-05,7663.764703293749,7363.719172995567,30949.87871396169,31387.687583811632,624.5214076268879
583,3,Case2,6x8_284,16.0,16.0,6x8,3,3,1.814742063288577e-05,8.240446913987398e-05,0.9998995065689087,11751.284820193521,5304.080600416922,36958.14775085449,35897.29870043753,1942.4697515828964
585,2,Case2,6x8_286,40.0,-87.0,6x8,2,2,0.001270022476091981,0.9986953139305115,3.471051240921952e-05,8249.377562653859,8890.95103455666,22066.01636314392,24137.691888925263,1526.9998255239561
586,2,Case2,6x8_287,-77.0,22.0,6x8,2,2,2.169892468373291e-06,0.9999356269836426,6.217462942004204e-05,7283.929959861705,6944.243362712888,32549.83801817894,34110.28198427936,1355.2320286154545
587,4,Case2,6x8_288,37.0,70.0,6x8,2,2,0.0006756185903213918,0.9993194341659546,4.964743311575148e-06,8665.051389555934,8365.070873515924,22910.32485961914,23473.104147140184,792.4727730548398
588,5,Case2,6x8_289,-9.0,44.0,6x8,2,2,1.2912050806335174e-05,0.9307696223258972,0.06921739131212234,6902.080233405273,6823.4899819324255,36142.68238544464,36615.39300332883,1295.0725158437
589,5,Case2,6x8_290,20.0,-82.0,6x8,2,2,1.2305963537073694e-06,0.9995895028114319,0.00040929377428255975,7057.992665141844,6487.738470504364,33350.98666369915,34087.429456393664,919.5292635045894
590,1,Case2,6x8_291,26.0,5.0,6x8,3,3,1.1849646170958295e-06,0.00010543637472437695,0.999893307685852,5776.851231913564,5660.531092114965,36710.18316745758,38664.626658917914,1625.4667225259423
591,4,Case2,6x8_292,71.0,-88.0,6x8,1,1,0.9999823570251465,6.557077540492173e-06,1.1073814675910398e-05,4440.48009257036,4006.89035377935,8666.619853973389,7532.169575764011,819.8254747989947
593,4,Case2,6x8_294,-71.0,-57.0,6x8,1,1,0.9997461438179016,0.00025201152311638,1.8234486560686491e-06,7848.935449728033,8388.88579357366,12176.108451843262,11250.375570920627,766.2736496389142
594,3,Case2,6x8_295,-84.0,-9.0,6x8,2,2,2.356922323087929e-06,0.992805540561676,0.007192164193838835,6280.833585954962,5847.663693202103,35751.44079351425,37381.26755891473,1349.1251701491449
595,2,Case2,6x8_296,-48.0,82.0,6x8,1,2,0.18536770343780518,0.8146089315414429,2.3415359464706853e-05,8639.96047552493,8238.984935171185,17425.625568389893,16564.008706797045,608.2487445983136
596,2,Case2,6x8_297,-13.0,-4.0,6x8,3,3,1.5968068964866688e-06,2.41823036049027e-05,0.999974250793457,4755.369332838716,5033.2831814351675,36219.73173594475,38180.921356294646,1354.5634085852857
597,4,Case2,6x8_298,-19.0,-23.0,6x8,3,3,4.587699095282005e-06,6.365378794725984e-05,0.999931812286377,6376.712946791881,5775.774543929787,34121.493284225464,35613.07572791106,1391.485155649205
598,3,Case2,6x8_299,5.0,-32.0,6x8,3,3,7.871372531553789e-07,8.141864964272827e-05,0.99991774559021,6167.241333249499,5542.90730831403,36609.313093185425,37029.11389176042,635.9926714423123
600,4,Case2,8x8_001,65.0,19.0,8x8,2,2,3.0896060252416646e-06,0.9994456171989441,0.0005512592033483088,5245.443709754744,4957.247595833569,34231.03408489749,34559.83371024847,649.6236254154148
601,3,Case2,8x8_002,40.0,-51.0,8x8,2,2,0.0017630383372306824,0.9977982044219971,0.0004388375673443079,7023.092989393881,6795.601177365465,18401.4177570343,19712.825449245294,936.21604108072
603,2,Case2,8x8_004,49.0,48.0,8x8,1,2,0.13763096928596497,0.8621358871459961,0.00023319106549024582,7615.382084736431,6868.6315642657155,15534.41817855835,16717.858387342443,803.5613575196362
604,2,Case2,8x8_005,-52.0,20.0,8x8,2,2,1.6150665032910183e-05,0.9901968240737915,0.00978697557002306,5859.475917983462,5588.432839857066,32599.56716632843,32942.13300020399,577.8307455112599
605,4,Case2,8x8_006,-15.0,-74.0,8x8,2,2,1.7318069467364694e-06,0.917839527130127,0.08215875923633575,4656.4360621187025,3993.730991172373,35646.46082893759,37672.94040308501,1738.1293844182876
606,3,Case2,8x8_007,51.0,-83.0,8x8,2,2,0.008921989239752293,0.9908255934715271,0.00025237270165234804,5354.975808791502,5628.72242356059,15766.279143810272,15496.000185160578,329.52639852540864
608,3,Case2,8x8_009,-63.0,21.0,8x8,2,2,2.9494831323972903e-06,0.9998878240585327,0.00010922522051259875,5484.306752952295,5320.867500176351,33260.54744529724,31080.614925981095,1426.1048249681332
609,1,Case2,8x8_010,-74.0,83.0,8x8,1,1,0.8717105984687805,0.12782728672027588,0.0004620683321263641,3176.3548254643347,2941.7732381893406,9168.852141857147,7845.8577572920685,828.1828411974949
611,2,Case2,8x8_012,-56.0,9.0,8x8,2,2,5.7301949709653854e-06,0.9492693543434143,0.05072489753365517,5266.151607589449,4969.302883943117,37640.73467850685,37783.604395260714,741.82310084157
612,4,Case2,8x8_013,61.0,33.0,8x8,2,2,4.691241338150576e-05,0.9998985528945923,5.456839789985679e-05,6098.869968378102,6014.936187781133,24757.352965831757,25043.337900297895,508.2880379100831
613,3,Case2,8x8_014,19.0,79.0,8x8,2,2,3.3006057265083655e-07,0.9996383190155029,0.0003612977161537856,4635.134950156164,4442.170220509784,34328.3661172688,35686.7070873515,1182.0097298696335
615,5,Case2,8x8_016,75.0,-61.0,8x8,1,1,0.9995822310447693,0.00037413882091641426,4.356867430033162e-05,5563.11147592123,4803.273607732425,5364.080410003662,10334.978240587036,3854.9666657913094
616,2,Case2,8x8_017,-30.0,66.0,8x8,2,2,1.4079334960115375e-06,0.9999858140945435,1.2750120731652714e-05,5665.928848025043,5691.591721100971,27791.439455747604,27219.397272497845,518.1821692178967
618,1,Case2,8x8_019,-79.0,29.0,8x8,2,2,1.192690547213715e-06,0.9990606904029846,0.0009381194249726832,5026.196368639911,4638.304554673796,29232.377550661564,30207.343208480204,1010.3023168112019
619,3,Case2,8x8_020,-2.0,48.0,8x8,3,3,1.8176614275944303e-06,0.23282572627067566,0.7671724557876587,5325.270352479137,5225.601488248577,38178.85500764847,39505.11949286895,1504.6029949042108
620,1,Case2,8x8_021,-49.0,-67.0,8x8,2,1,0.6561535000801086,0.3434310853481293,0.00041544472333043814,6271.898565424734,6681.712686399203,15474.370008468628,14248.507323519923,894.0163763515033
621,4,Case2,8x8_022,43.0,-33.0,8x8,2,2,0.00010654147627064958,0.9664497375488281,0.03344370052218437,6873.013713356222,6688.51038381601,22526.099869836587,24319.593394949465,1330.557647147647
622,3,Case2,8x8_023,62.0,-67.0,8x8,1,1,0.9997134804725647,0.0002743236836977303,1.2144170796091203e-05,5716.871280069032,5493.749070769783,11271.049430847168,9164.781604507183,1535.3829685026317
623,2,Case2,8x8_024,30.0,75.0,8x8,2,2,1.1924317959710606e-06,0.9999390840530396,5.9665311709977686e-05,5192.143867522031,5467.770467048962,28540.044861018658,30480.011279541664,1528.9227972653298
624,5,Case2,8x8_025,80.0,-80.0,8x8,1,1,0.9992222785949707,0.00018672877922654152,0.000590961892157793,2887.8993841308998,2648.411581253004,8818.384215593338,7221.7184674136515,1092.218578767509
626,5,Case2,8x8_027,54.0,-38.0,8x8,2,2,5.708253593184054e-05,0.9999198913574219,2.3013972167973407e-05,6727.184640188092,6502.070590678564,19999.676671028137,20742.44371524257,687.0548143165319
627,2,Case2,8x8_028,36.0,-31.0,8x8,3,3,0.00019126533879898489,0.3412119746208191,0.6585968136787415,6907.788015230194,6861.36410595718,24953.308174610138,26374.446753601587,1002.534042525547
628,2,Case2,8x8_029,52.0,-41.0,8x8,2,2,0.0005795742617920041,0.9994087219238281,1.1697933587129228e-05,7028.705863315265,7177.325997180179,17911.965955734253,18724.676904675733,606.91912089765
629,4,Case2,8x8_030,15.0,-12.0,8x8,3,3,2.1100922822370194e-06,1.4885745258652605e-05,0.9999829530715942,5438.2177322714615,4700.446765282813,37339.342389166355,38300.55122472902,947.5794817321844
630,5,Case2,8x8_031,-55.0,-62.0,8x8,1,1,0.9805347323417664,0.019433481618762016,3.184921297361143e-05,6831.5116320028155,6438.916519433136,13145.69713973999,12042.03484728182,886.5710617740764
631,3,Case2,8x8_032,-19.0,-7.0,8x8,3,3,1.16318210530153e-06,3.370695048943162e-05,0.9999650716781616,5353.345541568076,5065.440190936063,37647.07451879978,37453.35441382839,556.6881624448747
632,5,Case2,8x8_033,-61.0,86.0,8x8,2,2,0.019529957324266434,0.9801660180091858,0.00030401055119000375,4856.438902414364,4368.49504653583,11532.934149742126,12156.144036923073,566.7579409305168
633,5,Case2,8x8_034,-43.0,-15.0,8x8,3,3,5.577549472945975e-06,0.06813661009073257,0.9318577647209167,5831.153417960552,5369.137678387067,34340.84939479828,34615.57513386091,748.7526892946686
634,5,Case2,8x8_035,70.0,81.0,8x8,2,2,0.14006789028644562,0.8590570688247681,0.0008750205743126571,3611.4947923782247,3670.1472979318996,9669.54290008545,8599.1422391706,686.1929203114132
635,1,Case2,8x8_036,8.0,25.0,8x8,3,3,1.8878948822020902e-06,6.500275776488706e-05,0.999933123588562,5470.248036442415,5148.83071254355,37345.20094680786,38657.64144454143,1159.9870825406847
637,3,Case2,8x8_038,-56.0,52.0,8x8,1,1,0.9904587268829346,0.009515038691461086,2.617607606225647e-05,7396.421028391188,7172.643741343567,13993.33931350708,12032.97261763238,1421.8279058148835
638,5,Case2,8x8_039,64.0,42.0,8x8,2,2,0.0005760364583693445,0.9993545413017273,6.940729508642107e-05,6235.392231474027,6311.346537515512,18925.186779022217,19003.267789972866,373.1059302431011
639,2,Case2,8x8_040,-27.0,-54.0,8x8,2,2,9.519959348835982e-06,0.9996572732925415,0.00033326324773952365,6152.389268452867,5755.296818077053,28019.94656944275,27908.97789904659,462.80600193840183
640,4,Case2,8x8_041,-2.0,-68.0,8x8,2,3,1.917638655868359e-06,0.4936351478099823,0.5063629150390625,4551.274031987597,4079.7672968477523,37909.11491456628,40265.67328702142,1910.5058908513104
641,3,Case2,8x8_042,84.0,51.0,8x8,2,2,0.0008660518797114491,0.9991005659103394,3.338495662319474e-05,5304.112331994,5140.939365004349,15736.713012695312,14904.993877536685,531.9568719799285
642,3,Case2,8x8_043,79.0,-71.0,8x8,1,1,0.9998101592063904,0.00011163998715346679,7.814483979018405e-05,3642.838541111375,3299.8107130882986,9590.274863243103,7162.070056629457,1651.2650704208513
643,1,Case2,8x8_044,59.0,-56.0,8x8,1,1,0.9964609742164612,0.003526383312419057,1.2602662536664866e-05,7214.189626636932,6484.704461585896,13178.894863128662,12026.828774363265,911.7024635193177
644,1,Case2,8x8_045,-18.0,-35.0,8x8,3,3,7.051986017359013e-07,0.0008790672291070223,0.9991201758384705,5925.911787551522,5482.8784403539075,32662.424874067307,37268.0068636567,3564.328439687
645,3,Case2,8x8_046,-76.0,-77.0,8x8,2,2,0.22379663586616516,0.7709193825721741,0.005283968523144722,3325.4045484087624,3837.6916169380065,9216.348378181458,8757.95866840601,304.5353010016404
646,5,Case2,8x8_047,42.0,27.0,8x8,2,2,0.00015514252299908549,0.8367907404899597,0.16305412352085114,6449.470381146225,6120.056326358217,26547.176640655845,29021.60593778566,1840.626411455828
647,1,Case2,8x8_048,1.0,71.0,8x8,2,2,4.540795259799779e-07,0.9808792471885681,0.01912025362253189,4558.529609242353,4273.7720863251125,37502.10350501537,38502.91033450338,1142.9972101281917
648,2,Case2,8x8_049,-37.0,22.0,8x8,3,3,8.186838385881856e-06,0.00246796035207808,0.997523844242096,6208.863158682437,6233.911407030552,30293.77769047022,32771.55777220256,1759.8671311411981
650,3,Case2,8x8_051,28.0,57.0,8x8,2,2,3.4478889574529603e-06,0.9998806715011597,0.00011581220314837992,6018.571641259708,5817.840926525054,27904.60384941101,28567.468000000234,656.5510890603941
652,5,Case2,8x8_053,3.0,87.0,8x8,2,2,1.3668823157786392e-06,0.9838780164718628,0.01612061634659767,3942.823764947161,3803.8581121637103,35353.96211016178,39248.87083833922,2650.1461315681304
653,2,Case2,8x8_054,-17.0,-44.0,8x8,3,3,1.0218247552984394e-05,0.42044249176979065,0.5795472860336304,5905.0899975511975,5150.431085668091,33258.70744085312,36116.66541630857,2056.6275486639215
654,3,Case2,8x8_055,44.0,-49.0,8x8,2,2,0.05506333336234093,0.9441789388656616,0.0007577503565698862,7440.495367717857,7260.7532749956345,16578.16547393799,16658.66417520236,397.8602186481143
656,4,Case2,8x8_057,2.0,74.0,8x8,2,2,1.4208935681381263e-06,0.9888957738876343,0.0111027667298913,4350.277696932785,4149.092217153613,36973.16035848856,40218.10949716598,2075.1458334343156
657,1,Case2,8x8_058,82.0,19.0,8x8,2,2,1.9724591311387485e-06,0.9794609546661377,0.02053706906735897,4487.650842235879,4307.421165532846,33876.2078820467,34496.97152359637,708.4296737282418
658,1,Case2,8x8_059,14.0,3.0,8x8,3,3,2.3764989691699157e-06,3.249892688472755e-05,0.9999650716781616,4906.824952087089,4877.96030103977,37089.773693323135,38323.405272118325,837.5529342776537
659,2,Case2,8x8_060,44.0,-84.0,8x8,2,2,5.1529077609302476e-05,0.9999009370803833,4.7553592594340444e-05,5283.659746593987,6439.431495679855,19635.722774408758,23035.60343932361,2563.8314550346563
660,3,Case2,8x8_061,0.0,-52.0,8x8,2,3,1.7481781924288953e-06,0.06688468903303146,0.9331134557723999,5259.973044863009,5465.303863340681,38367.783672362566,39419.0341469484,1149.1769513988045
661,5,Case2,8x8_062,33.0,26.0,8x8,3,3,2.5180743250530213e-05,0.0012997115263715386,0.9986750483512878,6532.661567326767,6513.498338402377,28441.357414364815,32428.9357467646,2846.7687025969612
662,5,Case2,8x8_063,-75.0,38.0,8x8,2,2,1.0312939593859483e-05,0.9999444484710693,4.518123751040548e-05,5537.1589121300185,5534.496197196593,23048.0099688638,23437.458563453387,626.5664597722277
663,5,Case2,8x8_064,-20.0,55.0,8x8,2,2,1.085144958778983e-06,0.9982877373695374,0.0017111458582803607,5775.144279548085,5468.051220218096,32996.0493812561,31082.410904811717,1353.1780495631838
664,3,Case2,8x8_065,72.0,31.0,8x8,2,2,1.2894601013613283e-06,0.9999828338623047,1.581957985763438e-05,5389.078711684597,5362.5644301714165,27536.328324705362,27449.027250045205,428.55116070971695
665,3,Case2,8x8_066,75.0,72.0,8x8,1,1,0.6677646636962891,0.3313666582107544,0.0008686502114869654,3802.546065363662,3633.5012494952134,9643.413997650146,8083.5543609551305,1001.6869009106557
666,5,Case2,8x8_067,-83.0,68.0,8x8,1,1,0.916052520275116,0.08361636847257614,0.0003311116015538573,3750.04629067731,2858.2655692057197,9936.019680023193,7810.6347101334795,1405.0584823978484
667,3,Case2,8x8_068,-26.0,-1.0,8x8,3,3,8.219064966397127e-07,4.1750387026695535e-05,0.9999574422836304,5356.440229584633,5091.978977158964,37865.28695487976,37678.53636108762,547.6688084056331
668,3,Case2,8x8_069,-36.0,57.0,8x8,2,2,9.369801409775391e-05,0.9998693466186523,3.6972731322748587e-05,6497.168688060765,6263.107927089934,21922.345466136932,22553.883204297872,617.2493620294417
670,2,Case2,8x8_071,-45.0,-29.0,8x8,2,2,5.188187788007781e-05,0.9991248250007629,0.0008233477710746229,6507.381217383448,6147.501762690351,25303.228077843785,25180.434546868175,399.93125854182097
671,5,Case2,8x8_072,-29.0,13.0,8x8,3,3,9.607870197214652e-07,1.291719945584191e-05,0.9999861717224121,5641.422264894557,5421.506774075894,35792.98946237564,36564.288328673865,824.2144240326082
672,4,Case2,8x8_073,-22.0,46.0,8x8,2,2,1.0409743481432088e-05,0.7712857127189636,0.22870388627052307,6113.025656201765,5751.868134303944,30533.361122369766,32236.545767663552,1430.5787212502282
673,2,Case2,8x8_074,-1.0,-8.0,8x8,3,3,1.6505017583767767e-06,1.4646297131548636e-05,0.9999836683273315,4850.751189382047,4917.629544167635,35382.07883429527,37806.028180459136,992.3063933972473
675,4,Case2,8x8_076,50.0,5.0,8x8,3,2,9.256110388378147e-06,0.7798773646354675,0.22011342644691467,5394.339911148387,4983.173332204115,37859.73669099808,38465.25775451295,1306.2793498994993
676,1,Case2,8x8_077,-64.0,20.0,8x8,2,2,9.196548376166902e-07,0.9973177313804626,0.002681288868188858,5384.563257292823,5112.322733383136,33865.034314394,34416.21352840246,713.5928447238645
677,2,Case2,8x8_078,29.0,-79.0,8x8,2,2,4.521510163613129e-06,0.9987571239471436,0.0012383953435346484,5034.99062742488,5388.50258028738,29295.532186090946,32574.468609487052,2659.5604127637257
679,1,Case2,8x8_080,-53.0,-64.0,8x8,1,1,0.9850085973739624,0.014914958737790585,7.64372234698385e-05,6613.877621257254,6760.644537431276,13697.001308441162,12417.581611889005,1025.4162870592704
681,1,Case2,8x8_082,85.0,48.0,8x8,2,2,0.0007276131073012948,0.9992109537124634,6.135574221843854e-05,5285.769770789521,5234.792014774943,17284.60784780979,16804.09277809594,359.8404084077809
682,3,Case2,8x8_083,-12.0,85.0,8x8,2,2,6.54620293971675e-07,0.9981759786605835,0.0018233241280540824,4206.4510157485765,4106.504804924577,34892.74000066519,37555.25655596276,1653.2520378300162
683,5,Case2,8x8_084,77.0,-48.0,8x8,2,2,0.03329118341207504,0.9664404988288879,0.0002682486374396831,5623.399988696108,5539.48174390354,16979.304655075073,15991.937289625646,645.4555793759355
685,2,Case2,8x8_086,-41.0,-54.0,8x8,2,2,0.026092560961842537,0.9737840294837952,0.00012339942622929811,6843.916456755203,7065.6741534742305,18027.426204681396,18847.315954873273,666.5021127214646
686,1,Case2,8x8_087,-38.0,89.0,8x8,2,2,1.5243726920743939e-06,0.9999494552612305,4.903756416752003e-05,5039.277022834803,4988.446385062702,23497.21431159973,25773.083335882562,1739.2572487307552
687,1,Case2,8x8_088,23.0,33.0,8x8,3,3,1.0242543794447556e-05,0.0018965963972732425,0.9980931878089905,6272.23600342667,5759.3180731553975,30280.643073141575,34151.450798280326,2931.2702921216937
688,1,Case2,8x8_089,18.0,-35.0,8x8,3,3,1.5315040400309954e-06,0.00011187575728399679,0.9998865127563477,5926.064896432755,5905.266446359265,32857.00304399384,34953.611700589114,1676.3245076925652
689,5,Case2,8x8_090,-65.0,24.0,8x8,2,2,1.7982853250941844e-06,0.999537467956543,0.0004607416340149939,5520.705433430067,5383.343985703169,31675.055410385132,33018.97716795125,1231.5127080665118
692,1,Case2,8x8_093,-70.0,-78.0,8x8,2,2,0.1369861364364624,0.8581331968307495,0.004880708642303944,3789.3880033345195,3472.6252351441267,9741.074425697327,9194.625294331767,386.43086390116406
693,1,Case2,8x8_094,73.0,-55.0,8x8,1,1,0.9869174957275391,0.013034387491643429,4.8170673835556954e-05,5910.468465200709,5224.565618247402,13649.615936279297,10784.525820847202,1940.367157250903
695,4,Case2,8x8_096,84.0,-52.0,8x8,2,1,0.6535256505012512,0.3459663391113281,0.0005080378032289445,5332.55559180839,5146.614025278019,15335.855710029602,13485.244458221032,1248.0783613740725
696,5,Case2,8x8_097,-46.0,-23.0,8x8,2,2,9.608786967874039e-06,0.979106068611145,0.02088424377143383,6085.6091043387,5859.803199053325,29807.37343931198,30352.493363538484,737.9217298446216
697,1,Case2,8x8_098,-1.0,36.0,8x8,3,3,5.941847120993771e-07,0.00040351113420911133,0.9995959401130676,5552.336691623226,5319.9604016110725,37612.23062610626,40853.761993188935,2623.357100394962
698,5,Case2,8x8_099,90.0,40.0,8x8,2,2,8.21657886262983e-06,0.9998680353164673,0.00012370540935080498,5091.160057513779,5074.774408081277,22187.8688814044,23234.750087103625,896.4735548556221
699,5,Case2,8x8_100,69.0,62.0,8x8,1,1,0.8653734922409058,0.13438023626804352,0.0002462737902533263,5563.375616949014,5082.756083033479,11185.927089691162,10121.591687807302,829.7044444444996
701,2,Case2,8x8_102,76.0,-24.0,8x8,2,2,4.400157195050269e-06,0.9974260926246643,0.0025694728828966618,4976.262058518107,4611.484026420504,32142.42240768671,33185.401782378016,1161.1671980564895
702,2,Case2,8x8_103,66.0,14.0,8x8,2,2,1.5789244571351446e-05,0.9644490480422974,0.035535216331481934,5046.599201298715,4850.4144710502505,36263.981833308935,36238.24028932417,451.0052103163979
703,5,Case2,8x8_104,83.0,3.0,8x8,3,3,2.2318643004837213e-06,0.03045397810637951,0.9695438742637634,3938.8282870176163,3885.474879107167,35530.58465951681,38815.77943360229,2261.8514867137765
704,3,Case2,8x8_105,89.0,-77.0,8x8,1,1,0.9995749592781067,0.00020745930669363588,0.0002175532135879621,2785.0264685963316,2937.6480976829093,8766.776408046484,7310.56723067212,937.6790167421051
705,4,Case2,8x8_106,-12.0,43.0,8x8,3,3,1.8941369717140333e-06,0.00818320270627737,0.991814911365509,5756.247257568508,5388.055325022694,35672.294162750244,37505.22804733581,1558.1919789370806
706,3,Case2,8x8_107,69.0,8.0,8x8,2,2,3.205029088348965e-06,0.6512891054153442,0.3487077057361603,4574.056619399754,4407.37569454669,37459.932500094175,40149.73436065224,2113.6422636608377
707,1,Case2,8x8_108,46.0,-72.0,8x8,2,2,0.002597904298454523,0.9971373081207275,0.000264804984908551,5896.19037767833,6076.8217294245715,17644.952902793884,16857.538736911636,641.0293403864196
708,5,Case2,8x8_109,-69.0,17.0,8x8,2,2,2.231827238574624e-06,0.9880741238594055,0.011923654936254025,4923.408038451381,4660.805280178621,35373.86673023552,36871.26643424865,1324.6290504466936
713,5,Case2,8x8_114,-35.0,-78.0,8x8,2,2,1.3322221548150992e-06,0.9998412132263184,0.00015739689115434885,5223.919037000131,5184.812343303159,25189.569352686405,27393.251781345876,1728.118898645801
714,4,Case2,8x8_115,22.0,74.0,8x8,2,2,1.5361559917437262e-06,0.999800980091095,0.00019752475782297552,4967.663079130816,4600.939159818929,33181.78823673725,33330.41925342539,541.8426708629978
715,5,Case2,8x8_116,12.0,-85.0,8x8,2,2,4.882571374764666e-06,0.8899739384651184,0.11002111434936523,4201.568511421046,4151.004845737101,34983.37243539095,38516.672707101054,2462.060925344502
716,5,Case2,8x8_117,-87.0,33.0,8x8,2,2,2.375404392296332e-06,0.9997151494026184,0.0002824232797138393,4882.6421052346805,4889.732624865917,26768.121022820473,28309.05249567324,1325.8854103326473
717,1,Case2,8x8_118,54.0,-88.0,8x8,2,2,0.207622230052948,0.7898719310760498,0.0025058866012841463,5230.0459479491665,5509.683992244987,14539.802382469177,13786.535416292312,517.8475240776594
719,4,Case2,8x8_120,-58.0,-26.0,8x8,2,2,2.053660136880353e-05,0.999705970287323,0.00027343485271558166,5885.4709148117345,5554.40409778183,29511.036410331726,28099.915279132336,1023.3410640712078
720,4,Case2,8x8_121,-50.0,14.0,8x8,2,2,4.685399744630558e-06,0.9825114607810974,0.017483819276094437,5679.41895745901,5112.409716582107,35477.039702415466,35920.496897121986,1165.1701712792606
721,2,Case2,8x8_122,20.0,-73.0,8x8,2,2,6.5029489633161575e-06,0.9828000068664551,0.017193427309393883,4927.547212368724,4842.470397210986,34092.05478069186,35508.6696302223,1492.0826531257576
722,1,Case2,8x8_123,76.0,4.0,8x8,3,3,2.0695497369160876e-06,0.18839730322360992,0.8116006851196289,4315.493301056991,4031.0774818205923,36390.36985719204,38867.600357795716,1577.6119972574695
723,1,Case2,8x8_124,42.0,-66.0,8x8,2,2,0.00029349615215323865,0.9995899796485901,0.00011654080299194902,6158.471279575665,6446.930894902137,19311.95697402954,19174.643762497897,573.5342594369397
724,2,Case2,8x8_125,-3.0,72.0,8x8,2,2,3.065697228521458e-06,0.992771327495575,0.007225599605590105,4337.723015412987,4113.64625154702,37287.32832241058,38705.85873202843,913.9322794195984
725,3,Case2,8x8_126,-8.0,18.0,8x8,3,3,2.4614546418888494e-06,3.700259912875481e-05,0.9999605417251587,5401.476436129227,4852.030780819648,37624.45603515208,38358.58486768906,932.5964782672314
726,2,Case2,8x8_127,-66.0,77.0,8x8,2,1,0.9812572002410889,0.018696840852499008,4.592971527017653e-05,4341.862375597012,3557.670015692649,10389.69221496582,7684.940307372052,1808.0327944182752
727,5,Case2,8x8_128,59.0,-70.0,8x8,1,1,0.9983614087104797,0.0016047254903241992,3.381604255991988e-05,6146.200806157948,5239.099671915903,12463.085901260376,10938.954256408571,1142.5233919729558
728,4,Case2,8x8_129,24.0,11.0,8x8,3,3,2.0468780803639675e-06,2.8746015232172795e-05,0.9999692440032959,5616.151698089326,5070.988392194345,36719.135029792786,37823.25511157722,1182.7880720461167
733,4,Case2,8x8_134,-56.0,37.0,8x8,2,2,0.0007773550460115075,0.9991903901100159,3.225599357392639e-05,6595.143052200749,6986.455432542434,21017.621990203857,21027.924760417627,391.0291374578186
735,2,Case2,8x8_136,8.0,-68.0,8x8,2,2,1.1056946277676616e-05,0.7531347274780273,0.24685421586036682,4753.636747515623,4330.000550553385,37726.24022564292,38372.23775843002,942.9576815124323
736,4,Case2,8x8_137,68.0,53.0,8x8,2,1,0.5305392146110535,0.469296932220459,0.00016387544746976346,6255.139627078279,5758.192156863179,13950.363624572754,12520.902572588413,993.399090923654
737,1,Case2,8x8_138,-28.0,-75.0,8x8,2,2,1.576577233208809e-06,0.9993745684623718,0.0006239247159101069,5135.269359186797,5000.560495725874,29637.61697164178,29202.73628061022,503.4349399394146
739,2,Case2,8x8_140,1.0,-3.0,8x8,3,3,1.7700901935313595e-06,1.3353719623410143e-05,0.999984860420227,4583.033747370783,4912.294350985403,34734.89978814125,37596.52420509187,1242.0963328173054
740,2,Case2,8x8_141,79.0,49.0,8x8,2,2,0.0023024152033030987,0.9976615905761719,3.598441617214121e-05,5501.998946384676,5411.566386496739,16511.2956533432,15682.089163294026,528.1696872991513
741,5,Case2,8x8_142,56.0,10.0,8x8,2,2,6.7667833718587644e-06,0.5865774750709534,0.413415789604187,5381.495172553362,4659.58868157686,37190.55562019348,38351.92671050595,1258.1125821601386
743,1,Case2,8x8_144,-86.0,-39.0,8x8,2,2,1.605820216354914e-05,0.9995924830436707,0.0003915100242011249,5092.526461682307,4829.672456653468,22895.517724335194,22347.795710061415,461.7956355762683
744,1,Case2,8x8_145,29.0,32.0,8x8,3,3,0.00019039076869376004,0.015405175276100636,0.9844045042991638,6818.973927286509,6122.514783740643,27355.92408055067,28959.784455233894,1477.7321320048559
745,5,Case2,8x8_146,-41.0,-28.0,8x8,2,2,4.144030390307307e-05,0.9786892533302307,0.021269269287586212,6498.918056289,6288.775161109512,25928.754863858223,27691.27866370926,1415.8309428522277
746,5,Case2,8x8_147,47.0,23.0,8x8,2,2,2.7187688829144463e-05,0.9261184930801392,0.07385437935590744,6087.938731672308,5569.313624198261,29821.611676692963,31087.32781593761,1157.3875926030657
748,5,Case2,8x8_149,24.0,-59.0,8x8,2,2,1.3666623317476478e-06,0.9992015957832336,0.0007970330188982189,5826.785428118063,5288.3595916509585,31029.711255550385,31852.668671110718,776.0911245365909
750,3,Case2,8x8_151,-66.0,-82.0,8x8,2,2,0.026892656460404396,0.9716094732284546,0.0014978594845160842,4022.8190443347034,4255.695707049194,10307.866649627686,10582.561917177645,455.05738004648765
751,3,Case2,8x8_152,-23.0,-66.0,8x8,2,2,1.0908604508585995e-06,0.9992398023605347,0.0007591248722746968,5334.59699260307,5340.497144856718,32177.71460850537,34057.15126533343,1566.6215655017386
752,5,Case2,8x8_153,50.0,-62.0,8x8,2,1,0.7641120553016663,0.23582158982753754,6.627479160670191e-05,6768.342423421428,6759.799053732994,14634.828567504883,13886.136317027756,620.6288583947627
753,4,Case2,8x8_154,-65.0,-65.0,8x8,1,1,0.9792983531951904,0.02061288058757782,8.877377695171162e-05,5429.065308218205,5198.816082984818,10990.738075256348,9167.023083983375,1306.8308340563171
754,1,Case2,8x8_155,11.0,-32.0,8x8,3,3,6.619840746679984e-07,4.213609281578101e-05,0.9999572038650513,5750.285051577952,5436.267926878939,36046.03637123108,37911.7691938999,1671.2082363145769
755,1,Case2,8x8_156,70.0,-86.0,8x8,1,1,0.9996540546417236,0.0002874752099160105,5.854248229297809e-05,3437.6711552698616,3279.494583894941,9605.29425239563,7817.113457278081,1144.978389011088
756,4,Case2,8x8_157,78.0,-26.0,8x8,2,2,4.330981482780771e-06,0.9981818199157715,0.0018138617742806673,4937.500485691486,4483.308796394599,31060.8826649338,31005.74513446478,684.0591153745454
757,2,Case2,8x8_158,17.0,-43.0,8x8,3,3,6.116958957136376e-06,0.02264772169291973,0.9773461818695068,5939.211483448766,5376.6613573848235,33350.76573371887,33691.79167500107,633.7942632992817
758,4,Case2,8x8_159,-9.0,-4.0,8x8,3,3,2.21614050133212e-06,1.809098648664076e-05,0.9999796152114868,4796.946624828062,4513.385787481734,35940.06597208977,38207.951842740295,1125.808269843821
759,4,Case2,8x8_160,47.0,-13.0,8x8,3,3,6.5404547058278695e-06,0.22052250802516937,0.7794710397720337,5687.811471804471,5524.453535236625,35577.09013080597,35804.108305029375,1082.846016466923
760,4,Case2,8x8_161,-43.0,-45.0,8x8,2,2,0.4032434821128845,0.5961565375328064,0.0005999437998980284,7538.363805832825,7684.31147526552,17466.801191329956,18079.930155438724,541.8197647833471
762,2,Case2,8x8_163,-84.0,28.0,8x8,2,2,4.42228292740765e-06,0.9990859031677246,0.0009097105357795954,4804.713776061654,4702.096875091514,29832.969073683023,32170.855435458852,1906.1062902775745
763,3,Case2,8x8_164,-16.0,-5.0,8x8,3,3,1.3001000525036943e-06,3.329769242554903e-05,0.9999654293060303,5070.676512261307,5015.147771509775,37544.52068141103,37809.402553147935,609.3628345951969
765,1,Case2,8x8_166,-61.0,-3.0,8x8,2,2,2.5694448595459107e-06,0.6518663167953491,0.34813112020492554,4946.219657772605,4650.526387925281,38689.37281256914,38912.51974782167,625.3659426049451
768,2,Case2,8x8_169,58.0,-70.0,8x8,1,1,0.9963488578796387,0.003638812340795994,1.2314762898313347e-05,6148.203607929557,5264.936550691576,12679.144262313843,10800.364114225951,1333.9410297985232
769,1,Case2,8x8_170,-35.0,-50.0,8x8,2,2,0.00043558893958106637,0.9991305470466614,0.0004339010629337281,6725.129138554492,7030.324644602495,21400.226607322693,22309.15008582238,775.0860411235725
770,3,Case2,8x8_171,-6.0,-18.0,8x8,3,3,9.902183819576749e-07,2.96220514428569e-05,0.999969482421875,5181.711601922757,5101.7224588449335,37443.27423483133,37730.22487902089,591.4731320707706
771,1,Case2,8x8_172,-68.0,5.0,8x8,2,3,2.7516337013366865e-06,0.49482905864715576,0.5051681995391846,4678.2550882518635,4274.922307749183,38070.420483112335,38726.73260661689,792.9435656065347
772,4,Case2,8x8_173,82.0,-55.0,8x8,1,1,0.9615464210510254,0.03828258067369461,0.00017102457059081644,5395.142350876158,4897.834532020414,14039.932744979858,11716.578065399175,1574.7201414739445
775,4,Case2,8x8_176,-36.0,30.0,8x8,3,3,0.0001692261139396578,0.16838765144348145,0.831443190574646,6826.949939587022,6778.848789119669,25479.800248861313,28015.820035552282,1811.769096170892
776,2,Case2,8x8_177,25.0,-81.0,8x8,2,2,6.41325914330082e-06,0.9920995235443115,0.007894099690020084,4748.69536107594,4982.1145707477035,31598.31382536888,34434.205779373675,2407.7177308842265
777,4,Case2,8x8_178,27.0,63.0,8x8,2,2,4.441149485501228e-06,0.9998369216918945,0.000158572438522242,5749.7652321896885,5427.054113309642,29522.46343421936,30414.259618579184,820.0463400760688
779,5,Case2,8x8_180,-14.0,88.0,8x8,2,2,7.179995122896798e-07,0.9984678626060486,0.0015313496114686131,4084.422420677272,4040.2207735508864,34468.06954887509,36449.00931537635,1474.968009716499
782,3,Case2,8x8_183,37.0,63.0,8x8,2,2,2.1200314222369343e-05,0.9999667406082153,1.2065068403899204e-05,6161.853144610753,6032.431038648978,22246.27665233612,21981.931389331632,428.148755904707
784,5,Case2,8x8_185,-18.0,49.0,8x8,2,2,7.355017714871792e-06,0.8961247205734253,0.10386797040700912,5804.1197308932815,5363.43091981117,33387.21392726898,32926.81009130819,729.8931180563147
786,4,Case2,8x8_187,-47.0,-37.0,8x8,2,2,0.01849350892007351,0.9811274409294128,0.0003790194750763476,6992.555135084752,7174.655768130153,19900.39458179474,20992.945223847404,863.38540861426
788,3,Case2,8x8_189,34.0,0.0,8x8,3,3,1.0008347999246325e-06,0.0001229036133736372,0.9998761415481567,5492.604699156051,5085.982911464435,37504.0495223999,38144.16338517923,750.3681598912575
789,3,Case2,8x8_190,-80.0,40.0,8x8,2,2,7.858179742470384e-06,0.9999821186065674,9.995924301620107e-06,5346.784173342428,5095.140044120188,22004.405047938228,22928.67560251351,915.6278979269907
790,4,Case2,8x8_191,-75.0,6.0,8x8,3,2,6.712505637551658e-06,0.7953276038169861,0.2046656608581543,4266.773991404063,4033.076274047167,36656.227723002434,39477.04836797903,1843.1521735598246
792,3,Case2,8x8_193,48.0,41.0,8x8,2,2,0.08215834200382233,0.9174998998641968,0.00034180792863480747,7200.12163879943,7376.07008973793,17741.437240600586,17950.007765291368,499.10017483070874
793,5,Case2,8x8_194,-11.0,-16.0,8x8,3,3,9.361381785311096e-07,5.348495051293867e-06,0.9999936819076538,5417.307489245084,5034.0841981417225,37159.8088978529,37843.309531484556,697.8857323340676
794,4,Case2,8x8_195,12.0,71.0,8x8,2,2,1.0717102441049065e-06,0.9984877109527588,0.001511162961833179,4718.298943371894,4339.371074091514,36873.198213756084,37953.006032698046,1061.634287486894
795,3,Case2,8x8_196,-32.0,84.0,8x8,2,2,1.4453934227276477e-06,0.9999783039093018,2.0290270185796544e-05,4952.792517887152,4912.170547897194,27396.95561477542,28794.405604806823,1242.934225693846
796,4,Case2,8x8_197,-80.0,-38.0,8x8,2,2,1.3343321370484773e-05,0.9998544454574585,0.0001322151074418798,5289.3378367958985,4920.507440631929,23381.720662742853,23957.86383495728,683.4719777150223
797,1,Case2,8x8_198,-82.0,-53.0,8x8,2,2,0.012940729036927223,0.9865440726280212,0.0005151369841769338,5385.412148727857,4978.190268403954,14841.068548202515,13699.696833525519,756.3499467155287
798,1,Case2,8x8_199,-45.0,82.0,8x8,2,2,2.0430903532542288e-05,0.9999475479125977,3.196581747033633e-05,5346.120273478756,5182.149431130216,18932.121433116496,20021.235486049416,878.5891193405121
799,4,Case2,8x8_200,88.0,-42.0,8x8,2,2,0.0006901997257955372,0.9991303086280823,0.00017955980729311705,5134.166864507925,5501.809973398132,20968.080992087722,19603.720032885343,878.8332286733107
800,5,Case2,8x8_201,-73.0,-27.0,8x8,2,2,1.1180395631527063e-06,0.9992239475250244,0.0007749133510515094,5167.878011208202,4944.896536354651,30363.917664296925,30880.951731814534,669.3340746159478
801,2,Case2,8x8_202,-24.0,-76.0,8x8,2,2,1.8670408508114633e-06,0.998140811920166,0.0018572756089270115,4826.767305134777,4529.987205722638,31947.085749991238,33984.41341196052,1700.5430397016214
802,4,Case2,8x8_203,33.0,58.0,8x8,2,2,4.168182204011828e-05,0.9998549222946167,0.00010341921733925119,6246.365760754372,6246.740283453778,24316.21920824051,26736.995228012955,1835.6798610401333
803,5,Case2,8x8_204,27.0,-22.0,8x8,3,3,2.2701540274283616e-06,1.4224162441678345e-05,0.999983549118042,6231.774253439833,5707.91728040664,32651.950382232666,34251.21639537952,1370.1619228077286
804,5,Case2,8x8_205,-58.0,-50.0,8x8,1,1,0.8184400796890259,0.18150225281715393,5.764692468801513e-05,7065.8323047382955,7084.288930158103,14388.943138122559,14112.701261095759,405.0720976104181
805,1,Case2,8x8_206,4.0,90.0,8x8,2,2,6.248122303986747e-07,0.9945489764213562,0.005450406111776829,3933.8161724117786,4201.736458910135,35249.76002073288,36608.31998374883,1186.3704362041524
806,4,Case2,8x8_207,19.0,-83.0,8x8,2,2,1.5922655620670412e-06,0.9724817276000977,0.027516700327396393,4491.919844502155,4129.665195309828,34016.33739697933,36631.699539653564,2135.2153684385025
807,4,Case2,8x8_208,-87.0,47.0,8x8,2,2,0.00032802679925225675,0.9996185302734375,5.338217306416482e-05,5244.941132193344,5332.6687714847985,17897.08074721694,18946.953959706432,873.440522612718
808,3,Case2,8x8_209,58.0,-69.0,8x8,1,1,0.9970989227294922,0.0028733883518725634,2.7715592295862734e-05,6242.224416117302,5593.265110793221,12657.035480499268,10292.969832134382,1636.2077648013217
809,3,Case2,8x8_210,-10.0,23.0,8x8,3,3,2.224620629931451e-06,3.65848136425484e-05,0.9999611377716064,5571.4009166578835,4969.753003957436,37256.043420791626,37965.66994375095,989.7160568715202
810,4,Case2,8x8_211,55.0,-59.0,8x8,1,1,0.9827014803886414,0.01726188138127327,3.671382728498429e-05,7210.855872175987,7472.475749329289,13308.920768737793,12294.062047036407,786.5498669793535
811,2,Case2,8x8_212,-63.0,54.0,8x8,1,1,0.982637345790863,0.017348242923617363,1.4391780496225692e-05,6774.947155644791,6300.726543544205,13464.391128540039,11368.081634476112,1478.1303035934268
812,3,Case2,8x8_213,67.0,-42.0,8x8,2,2,0.00022130741854198277,0.999762237071991,1.6437303202110343e-05,6107.847737616461,5879.142932153908,19459.06462287903,19414.955058883294,462.8042770976681
813,2,Case2,8x8_214,63.0,-14.0,8x8,2,2,6.444886366807623e-06,0.9678072929382324,0.032186295837163925,5195.729615681295,4652.282487449562,36393.384598106146,36420.36249307648,747.6921846475509
814,4,Case2,8x8_215,9.0,13.0,8x8,3,3,2.9743678169324994e-06,2.35519419220509e-05,0.9999734163284302,5117.8334161280845,4732.88313593409,37294.78675761819,38165.85772159028,935.6561304459256
815,1,Case2,8x8_216,-10.0,59.0,8x8,2,2,6.88027910200617e-07,0.9729938507080078,0.027005447074770927,5197.570871757705,4702.1133441150905,37533.556243523955,38092.11018705633,970.2596949453615
816,2,Case2,8x8_217,21.0,56.0,8x8,2,2,3.030041398233152e-06,0.9992998838424683,0.0006970823742449284,5735.005923478187,5622.963481704009,32518.60441303253,32515.66819982003,421.9784708623462
817,4,Case2,8x8_218,5.0,-15.0,8x8,3,3,1.627795654712827e-06,1.600752875674516e-05,0.9999823570251465,5131.844732610055,4562.1918802886785,37356.58763337135,38358.084364912145,833.2672660320623
818,5,Case2,8x8_219,-7.0,65.0,8x8,2,2,1.4920124158379622e-06,0.9879373908042908,0.012061093933880329,4805.229795473385,4366.937127597707,38161.024693235755,38570.90802725041,1127.5405278157648
819,2,Case2,8x8_220,14.0,-23.0,8x8,3,3,1.4205918432708131e-06,1.526527375972364e-05,0.9999833106994629,5664.5335329217605,5343.314206632961,36432.721095085144,37360.67251770065,1017.234434481358
820,4,Case2,8x8_221,74.0,-56.0,8x8,1,1,0.9921995997428894,0.007754412945359945,4.596219878294505e-05,5848.237395568851,5443.349255547159,13376.278881072998,11041.112481014989,1600.2058343390659
821,1,Case2,8x8_222,7.0,-80.0,8x8,3,2,2.590081976450165e-06,0.854538083076477,0.14545938372612,4052.762693543157,4318.973777781586,35826.07738685608,37162.834616692744,1196.743095631147
823,5,Case2,8x8_224,-4.0,-43.0,8x8,3,3,1.1307196245979867e-06,0.008795445784926414,0.9912034273147583,5455.9394697980915,4968.1469581451165,37504.490572452545,39040.75508122622,1483.55731790414
824,5,Case2,8x8_225,2.0,-73.0,8x8,3,2,4.210559836792527e-06,0.7436994910240173,0.256296306848526,4345.573584861094,4122.987090343752,36981.247066020966,40711.58445260815,2632.832286272065
825,1,Case2,8x8_226,-42.0,80.0,8x8,2,2,7.623098554176977e-06,0.9999569654464722,3.537088923621923e-05,5336.888988663229,5144.382904594084,20701.8272177428,21998.71170906219,1042.166938214367
826,4,Case2,8x8_227,-42.0,-6.0,8x8,3,3,2.4134571958711604e-06,0.014597652480006218,0.9853999018669128,5608.435714844567,4779.735801124701,37270.40453052521,39975.86211172356,2306.4539524890743
827,2,Case2,8x8_228,60.0,-31.0,8x8,2,2,6.499534720205702e-06,0.9999685287475586,2.491683335392736e-05,6062.275072882737,5956.879638574912,26210.081033706665,26062.21002650038,373.25976534644803
829,3,Case2,8x8_230,-44.0,-30.0,8x8,2,2,9.707910066936165e-05,0.9994194507598877,0.0004835266445297748,6612.614734192014,6301.884375592477,24512.59848034382,26972.7241261959,1748.4943173510972
830,4,Case2,8x8_231,-69.0,24.0,8x8,2,2,1.9693950434884755e-06,0.999933123588562,6.492970715044066e-05,5239.257142425076,5279.609148830537,31939.60465206206,31412.29330274514,559.5110222170234
831,2,Case2,8x8_232,-8.0,-27.0,8x8,3,3,1.0442649909236934e-06,4.516278931987472e-05,0.9999537467956543,5477.599797969108,5357.196713622555,37003.61751937866,37758.259299411155,794.5389854752866
832,5,Case2,8x8_233,61.0,-20.0,8x8,2,2,7.693075758652412e-07,0.9989725351333618,0.0010266541503369808,5462.180381851,5388.437913623531,33637.87969493866,33967.29163000064,1047.6984740555351
834,4,Case2,8x8_235,-62.0,7.0,8x8,2,2,2.849737711585476e-06,0.9858044385910034,0.014192727394402027,5004.80052799166,4748.791478558578,38217.27147808671,39393.18124030232,1384.4593480362057
835,5,Case2,8x8_236,16.0,-57.0,8x8,2,2,2.1380985799623886e-06,0.9821246862411499,0.01787317544221878,5569.803563339273,5155.233371458742,35257.4640455246,35927.74374768625,909.4259153423704
836,5,Case2,8x8_237,-32.0,66.0,8x8,2,2,9.566111884851125e-07,0.9999802112579346,1.8805219951900654e-05,5802.5472492833,5738.966396566234,26361.88226735592,25662.52904601055,569.0800615968939
837,1,Case2,8x8_238,64.0,-22.0,8x8,2,2,2.610373485367745e-06,0.9961915016174316,0.0038058289792388678,5470.848334585136,5110.291387780743,32780.91653442383,32171.327713620198,632.2440011756645
839,1,Case2,8x8_240,53.0,26.0,8x8,2,2,1.0597934306133538e-05,0.9992732405662537,0.0007161442190408707,6081.371542335929,5646.666227274867,28581.85866546631,26892.432330029675,1259.4447801352521
840,3,Case2,8x8_241,13.0,6.0,8x8,3,3,2.9572299808933167e-06,4.104382242076099e-05,0.9999560117721558,4908.210612346571,4807.89916074359,36995.55731958151,38733.50598794828,1330.849326630319
841,4,Case2,8x8_242,-31.0,60.0,8x8,2,2,2.8373578970786184e-06,0.9999161958694458,8.100563718471676e-05,6069.184247772142,5982.965102046965,26199.32058906555,26390.456982882042,487.34587952416626
843,2,Case2,8x8_244,85.0,-58.0,8x8,1,1,0.9739325642585754,0.025922594591975212,0.00014473017654381692,5270.727817794313,4027.6311990723816,13071.809690475464,10188.32740400865,1948.625498608471
845,1,Case2,8x8_246,60.0,61.0,8x8,1,1,0.99140465259552,0.008578083477914333,1.728645474941004e-05,6460.911454329404,5609.045441895123,11875.910682678223,10124.891936838234,1307.622770619562
846,4,Case2,8x8_247,-83.0,78.0,8x8,1,1,0.994154155254364,0.005594755057245493,0.00025118139456026256,2875.398207287695,2608.5861655319763,8814.845902323723,6867.99970572113,1273.5392537850887
847,2,Case2,8x8_248,6.0,27.0,8x8,3,3,2.729212155827554e-06,3.4367330954410136e-05,0.9999629259109497,5352.677503977403,5301.345122157662,37479.155230522156,37679.936413304924,629.0876833389362
849,3,Case2,8x8_250,-47.0,64.0,8x8,2,2,0.03645775094628334,0.963487982749939,5.422876711236313e-05,6511.987736465442,6271.501664124339,16171.526365280151,15068.629565007564,827.072731436434
851,2,Case2,8x8_252,-82.0,-45.0,8x8,2,2,4.668183100875467e-05,0.9999152421951294,3.8087524444563314e-05,5347.235964959628,4979.285760094917,18963.709765791893,18435.53087290109,400.6389430409836
852,1,Case2,8x8_253,56.0,-34.0,8x8,2,2,2.0886764104943722e-05,0.9998055100440979,0.00017367592954542488,6435.899569381483,5998.87013733083,23227.199095726013,23385.73710864359,380.7454550142402
853,1,Case2,8x8_254,-75.0,-17.0,8x8,2,2,2.3559350665891543e-06,0.9148078560829163,0.08518975228071213,4648.425634762444,4410.773159893543,35244.93027496338,34928.51879687866,491.5249074109176
854,1,Case2,8x8_255,32.0,-60.0,8x8,2,2,3.927656052837847e-06,0.9996091723442078,0.000386868545319885,6098.8301124615955,6224.000435245394,25458.642995357513,26348.7576043719,819.7249837967641
855,4,Case2,8x8_256,-25.0,-11.0,8x8,3,3,1.3122504469720297e-06,3.010928412550129e-05,0.9999685287475586,5480.099212185348,4970.185809998847,36806.3732881546,38495.62107996612,1411.673406681289
856,3,Case2,8x8_257,65.0,80.0,8x8,2,2,0.039139073342084885,0.9605359435081482,0.00032503000693395734,4269.205915701089,4132.270622018616,10520.336594581604,9876.320917710911,423.5086154525935
857,1,Case2,8x8_258,54.0,-18.0,8x8,2,2,6.2012359194341116e-06,0.9077799320220947,0.09221392869949341,5688.509143935604,5382.470549625544,33984.2711391449,33868.42847709684,477.9945542960078
858,2,Case2,8x8_259,-6.0,38.0,8x8,3,3,1.2224317060827161e-06,0.00023590849013999104,0.9997629523277283,5641.6804343735685,5428.135280711926,37137.36263179779,38405.73615851103,1159.5702626655507
859,3,Case2,8x8_260,-50.0,68.0,8x8,2,2,0.09121788293123245,0.9087165594100952,6.551590195158496e-05,6250.116898670553,5841.473619224074,15214.128116607666,13742.20673732836,1027.287397659013
860,1,Case2,8x8_261,-14.0,-28.0,8x8,3,3,5.961033480161859e-07,4.55629124189727e-05,0.9999538660049438,5648.7774726385815,5380.478812093838,35388.06613230705,37271.887725538705,1669.5723685108057
861,3,Case2,8x8_262,-57.0,76.0,8x8,2,2,0.08874141424894333,0.9111626744270325,9.591981506673619e-05,5691.792864079667,4738.547569950617,13153.533916473389,11563.93077082382,1066.7122927260466
862,3,Case2,8x8_263,-24.0,2.0,8x8,3,3,9.84618168331508e-07,3.8205856981221586e-05,0.9999607801437378,5276.674226366347,5009.51762517033,37902.03987503052,37965.20264997606,610.2773338747942
863,5,Case2,8x8_264,87.0,-65.0,8x8,1,1,0.9970976114273071,0.0020648681093007326,0.0008375285542570055,4010.895157254301,3408.933743873549,10474.230427742004,9146.914604374742,906.3467102651159
864,5,Case2,8x8_265,-25.0,-84.0,8x8,2,2,7.188197628238413e-07,0.9984081387519836,0.0015911194495856762,4629.189620661804,4651.426114085803,31386.048790097237,32116.81662887169,957.956532007197
866,2,Case2,8x8_267,-33.0,-46.0,8x8,2,2,0.00020914625201839954,0.9995577931404114,0.00023300288012251258,6732.529557148156,6647.155971683276,22423.51983821392,22497.46808224891,328.79293474051985
867,3,Case2,8x8_268,-59.0,29.0,8x8,2,2,1.6889998732949607e-05,0.999957799911499,2.5318819098174572e-05,6044.578385543198,5880.731825245396,27515.08880853653,25909.656658454904,1116.317774255054
868,2,Case2,8x8_269,-60.0,60.0,8x8,1,1,0.9994266033172607,0.0005700982874259353,3.3453916330472566e-06,6610.578452186133,6445.474115861239,12032.294342041016,9930.181760167678,1619.4716194233129
869,2,Case2,8x8_270,10.0,76.0,8x8,2,2,3.1423676318809157e-06,0.9921725988388062,0.007824273779988289,4299.298116929787,4156.414924627025,36243.20582532883,38568.22155496181,1457.8946747151126
871,2,Case2,8x8_272,72.0,69.0,8x8,1,1,0.9122672080993652,0.08751830458641052,0.00021448760526254773,4330.872447159195,4051.038596667386,10101.263580322266,8767.775801671556,911.954346882554
872,2,Case2,8x8_273,81.0,62.0,8x8,2,2,0.20177459716796875,0.7979084849357605,0.00031690983450971544,4766.9648837146815,4193.875342282184,11179.299845695496,10500.057412697195,473.44624956285065
873,3,Case2,8x8_274,30.0,-25.0,8x8,3,3,5.386811608332209e-06,0.00013612759357783943,0.9998584985733032,6527.149269553911,6050.638832633406,30168.119362175465,32018.637233154757,1414.429909530525
874,2,Case2,8x8_275,80.0,-20.0,8x8,2,2,1.4600152098864783e-05,0.9185104370117188,0.0814749151468277,4528.532751947774,4069.2401553358345,33893.871938705444,35127.79894713854,1226.692842920818
875,3,Case2,8x8_276,-88.0,70.0,8x8,1,1,0.898202121257782,0.1009112298488617,0.0008865342242643237,3401.720433890821,3300.1967813357987,9566.468822479248,8257.633405295954,804.5696579472681
876,4,Case2,8x8_277,57.0,88.0,8x8,2,2,0.000457711867056787,0.9994939565658569,4.826594522455707e-05,5213.351500878976,4967.857951359133,13423.194843292236,14508.571256966592,865.8617179002861
877,5,Case2,8x8_278,18.0,78.0,8x8,2,2,1.1372175094948034e-06,0.9988370537757874,0.0011618208372965455,4565.332054262552,4267.099040626148,34721.76327060163,35533.90192193548,967.6776600246181
879,1,Case2,8x8_280,-31.0,-12.0,8x8,3,3,5.608727065009589e-07,0.0001097667554859072,0.999889612197876,5751.872812914011,5492.381875851033,35815.21242046356,37874.69549783684,1743.466195390483
880,1,Case2,8x8_281,-72.0,-17.0,8x8,2,2,2.1841824491275474e-06,0.9517295360565186,0.04826824739575386,4789.082424571645,4535.466679310835,35370.56253147125,34930.89876505941,526.5520444731183
881,3,Case2,8x8_282,25.0,-74.0,8x8,2,2,3.2350944820791483e-06,0.9995741248130798,0.00042269466212019324,5041.103961943974,5076.08566593807,31564.810569554567,30580.590551884936,611.9766969038129
883,3,Case2,8x8_284,16.0,16.0,8x8,3,3,5.854783466929803e-06,5.369447899283841e-05,0.9999405145645142,14282.37729710516,5100.549420887471,40229.876121520996,37503.16127401063,3948.360442499167
885,2,Case2,8x8_286,40.0,-87.0,8x8,2,2,1.1315076335449703e-05,0.9999058246612549,8.287240052595735e-05,5152.53057311735,6252.729519186518,22247.276424646378,26872.641755995355,3478.3324097633595
886,2,Case2,8x8_287,-77.0,22.0,8x8,2,2,5.76296179133351e-06,0.9950828552246094,0.004911428317427635,4856.326455075598,4676.789143693855,33078.90349173546,35018.59179371442,1748.729858826511
887,4,Case2,8x8_288,37.0,70.0,8x8,2,2,2.5160346922348253e-05,0.9999343156814575,4.0479357267031446e-05,5759.037487415036,5548.898633311555,23266.55814179778,23918.787494041324,653.8415068797094
888,5,Case2,8x8_289,-9.0,44.0,8x8,3,3,2.785591277643107e-06,0.008510944433510303,0.9914862513542175,5675.419555525276,4996.168239770781,36729.49585914612,37306.654520955395,821.7181985863803
889,5,Case2,8x8_290,20.0,-82.0,8x8,2,2,2.446602820782573e-06,0.9880241751670837,0.011973326094448566,4535.949590047011,4342.0444211758195,33789.72718453407,35568.491354323385,1657.105304683098
890,1,Case2,8x8_291,26.0,5.0,8x8,3,3,1.164717218671285e-06,3.478664075373672e-05,0.9999639987945557,5246.189607094539,5170.645285987963,37458.81169509888,38947.4617625902,1238.7382947519247
891,4,Case2,8x8_292,71.0,-88.0,8x8,1,1,0.9993383288383484,0.00039604699122719467,0.00026561206323094666,3297.8781462083393,2751.4087104735945,9447.757047653198,7681.81687800236,1142.6741315710958
893,4,Case2,8x8_294,-71.0,-57.0,8x8,1,1,0.5062008500099182,0.4934985935688019,0.0003005489706993103,6041.466865374043,5125.587467494583,12955.695524215698,10638.921865329721,1573.8829052125132
894,3,Case2,8x8_295,-84.0,-9.0,8x8,3,2,3.935084350814577e-06,0.6509267091751099,0.34906935691833496,3973.690619497436,4051.1117909090253,35351.92303621769,38809.60178080652,2140.710317276222
895,2,Case2,8x8_296,-48.0,82.0,8x8,2,2,7.589131564600393e-05,0.9999158382415771,8.300520676129963e-06,5381.798718111826,5586.257922738208,17230.481617450714,17409.773989371282,354.04328170498894
896,2,Case2,8x8_297,-13.0,-4.0,8x8,3,3,1.4686704616906354e-06,1.741935921018012e-05,0.999981164932251,4949.984425209532,4971.290900856902,37157.81136727333,37977.24284563691,605.5302392385868
897,4,Case2,8x8_298,-19.0,-23.0,8x8,3,3,2.206817953265272e-06,2.9145321605028585e-05,0.9999686479568481,5844.303638956683,5233.597722770213,34803.788177490234,37405.48155303569,2022.413995697321
898,3,Case2,8x8_299,5.0,-32.0,8x8,3,3,8.044157766562421e-07,5.3283565648598596e-05,0.999945878982544,5571.272337672921,5369.635869934065,37272.414216041565,37200.64634497307,456.7682492761313
900,3,Case3,6x4_001,65.0,19.0,6x4,2,2,2.180860064981971e-05,0.9996181726455688,0.0003600147319957614,20279.923491437014,23556.194822423062,37422.625661849976,39353.17494112216,1443.1663306021767
901,5,Case3,6x4_002,40.0,-51.0,6x4,1,1,0.9999449253082275,3.5293534892844036e-05,1.9750148567254655e-05,15556.61473956806,16605.607152819208,20674.34828186035,18211.381418372817,1788.194420570983
905,3,Case3,6x4_006,-15.0,-74.0,6x4,2,2,1.1034698218281846e-05,0.9951320886611938,0.004856942221522331,20879.436434672043,24728.389526748208,39542.791172623634,41883.72051471034,1865.1642852582554
906,3,Case3,6x4_007,51.0,-83.0,6x4,1,1,0.9995242357254028,7.035421003820375e-05,0.00040548190008848906,11082.310852104845,9920.650316359932,16137.60920715332,13522.199468799085,1978.943334631922
907,2,Case3,6x4_008,86.0,9.0,6x4,2,2,1.7391585060977377e-05,0.9997311234474182,0.00025150307919830084,21509.70463796609,21014.88231998546,40498.062683820724,40358.554381933325,580.8919665406366
908,2,Case3,6x4_009,-63.0,21.0,6x4,2,2,2.7415426302468404e-05,0.9999440908432007,2.8487531380960718e-05,19251.815448846046,21331.79440769551,36124.77734565735,35961.02787513935,511.6938528594187
909,5,Case3,6x4_010,-74.0,83.0,6x4,1,1,0.999981164932251,6.516927896882407e-06,1.2246199730725493e-05,6481.632761335873,5790.459444181481,9516.103061676025,8460.3060229598,747.3425726750755
910,5,Case3,6x4_011,-39.0,-9.0,6x4,2,3,3.034943620150443e-05,0.0653979629278183,0.9345718026161194,20502.16122153169,28631.428325780646,39593.43251514435,42939.03099039082,2770.6758560034305
911,5,Case3,6x4_012,-56.0,9.0,6x4,2,2,4.566111783788074e-06,0.9973957538604736,0.0025997203774750233,21551.135354916772,27421.43780735993,40781.320182561874,43731.92496580121,2374.4209055248207
912,3,Case3,6x4_013,61.0,33.0,6x4,2,2,0.02738921158015728,0.9725889563560486,2.1815601940033957e-05,16557.71990006798,17282.629243817115,27247.412559509277,29083.60818038669,1412.8494611517337
913,5,Case3,6x4_014,19.0,79.0,6x4,2,2,1.8550656022853218e-05,0.999768078327179,0.00021334933990146965,20720.16069294209,24384.43013444615,37970.81121481955,41976.57084170077,2988.802251671985
914,4,Case3,6x4_015,35.0,60.0,6x4,2,1,0.7432015538215637,0.25665897130966187,0.0001394674036419019,16265.619753031,17681.728680838954,25641.560913085938,26244.67951895251,1077.2727766319492
915,1,Case3,6x4_016,75.0,-61.0,6x4,1,1,0.9999935626983643,3.787785317399539e-06,2.650283477123594e-06,9627.785438115676,10035.643164948015,12290.33390045166,12754.681635420671,335.7526686335324
918,2,Case3,6x4_019,-79.0,29.0,6x4,2,2,6.343061249936e-05,0.9999300241470337,6.590033990505617e-06,18070.251752433138,18649.254194105088,32345.939556121826,33056.505808395166,585.4330086645159
919,1,Case3,6x4_020,-2.0,48.0,6x4,2,2,1.776981480361428e-05,0.9791721701622009,0.020810062065720558,22366.159931756138,22391.026914370876,41520.1307888031,43038.39013597985,1410.4042458049455
920,2,Case3,6x4_021,-49.0,-67.0,6x4,1,1,0.999967098236084,3.095555803156458e-05,1.858059818005131e-06,13319.084810233135,12377.339853800346,16955.240280151367,13504.659434237226,2514.8550664468735
921,4,Case3,6x4_022,43.0,-33.0,6x4,1,1,0.9729571342468262,0.026955975219607353,8.685226202942431e-05,15889.038536401165,17302.535361991337,24354.474700927734,23882.56089338236,1062.6569120557742
922,2,Case3,6x4_023,62.0,-67.0,6x4,1,1,0.999993085861206,6.16017541688052e-06,6.824466254329309e-07,10932.381073716295,10278.720257961573,12634.481971740723,11689.201020720877,595.5822088197008
923,1,Case3,6x4_024,30.0,75.0,6x4,2,2,0.0989498719573021,0.8981735706329346,0.002876528538763523,17977.90860553779,18462.20147325876,31549.048610687256,30090.9119165535,1149.0733178308294
925,2,Case3,6x4_026,-81.0,73.0,6x4,1,1,0.9999963045120239,2.8449148885556497e-06,8.879698611963249e-07,6744.9138728114285,6906.952222653446,9710.667488098145,9118.733674903853,478.014308527544
929,3,Case3,6x4_030,15.0,-12.0,6x4,3,3,6.0613998357439414e-05,0.0034726529847830534,0.9964667558670044,17744.380938128746,20823.182680521008,40376.06671333313,41351.35878571976,970.0091660992629
930,2,Case3,6x4_031,-55.0,-62.0,6x4,1,1,0.9999860525131226,1.26159147839644e-05,1.3498103044184973e-06,12596.629945386905,12129.196871662429,14665.389587402344,12808.761657050765,907.7187048315124
931,5,Case3,6x4_032,-19.0,-7.0,6x4,3,3,5.226709163252963e-06,4.7043296945048496e-05,0.9999476671218872,18265.84956987515,20155.473758903096,40714.15295505524,41533.23730852521,1033.9479643959123
933,4,Case3,6x4_034,-43.0,-15.0,6x4,2,2,0.00017995023517869413,0.8935726284980774,0.10624738037586212,20219.92060986161,24259.732218747682,37196.032636642456,41095.82515373855,2913.911365517417
934,1,Case3,6x4_035,70.0,81.0,6x4,1,1,0.9999721050262451,2.198380207119044e-05,5.900861651753075e-06,7269.449927975162,7347.791980086584,10163.050888061523,9928.711320989274,247.375889518617
935,3,Case3,6x4_036,8.0,25.0,6x4,3,3,1.9600571249611676e-05,0.0012625871459022164,0.9987177848815918,19590.312251762076,20515.744865277087,40633.60528373718,39895.83971901533,915.4267768046781
936,4,Case3,6x4_037,-85.0,67.0,6x4,1,1,0.9999895095825195,8.13350470707519e-06,2.3759043870086316e-06,7437.374438342424,7946.181077059094,10538.78508758545,10635.776106510257,202.58405968671747
937,4,Case3,6x4_038,-56.0,52.0,6x4,1,1,0.9999425411224365,5.552253787755035e-05,1.8586044916446554e-06,13793.36665248805,15011.43775556692,15560.548538208008,17439.638358547763,1895.9274993531826
938,5,Case3,6x4_039,64.0,42.0,6x4,1,1,0.9907582998275757,0.009219900704920292,2.1777937945444137e-05,15236.895707091195,15807.478679828566,21607.415046691895,20046.244697437705,1027.0358476746858
941,4,Case3,6x4_042,84.0,51.0,6x4,1,1,0.9994481205940247,0.0005485641886480153,3.3747971883713035e-06,11029.187226315635,12133.969595576522,16071.617630004883,16526.53070366616,567.2367636211368
942,1,Case3,6x4_043,79.0,-71.0,6x4,1,1,0.9999901056289673,3.4305473946005804e-06,6.3828410930000246e-06,7265.906238969385,7439.490244652183,10107.807083129883,10449.45453203269,244.90508187928137
944,3,Case3,6x4_045,-18.0,-35.0,6x4,2,2,0.0007028534892015159,0.7708150744438171,0.22848208248615265,20742.239262719024,20387.19749478175,35693.89655685425,36505.80886849285,1182.1796638949745
945,1,Case3,6x4_046,-76.0,-77.0,6x4,1,1,0.9999492168426514,3.8630416383966804e-05,1.2199184311612044e-05,6801.598728565306,7430.112598371816,9700.97885131836,9435.803794765417,301.0500942763575
946,1,Case3,6x4_047,42.0,27.0,6x4,2,2,0.013969993218779564,0.9776374101638794,0.008392658084630966,16670.4063688223,20496.297068215375,28720.93271636963,34230.577603270314,3768.000642004266
947,3,Case3,6x4_048,1.0,71.0,6x4,2,2,5.1280512707307935e-06,0.9987717270851135,0.0012230806751176715,22351.737191512922,23777.677961557943,42091.08841216564,43953.824037857295,1470.2055245272884
948,4,Case3,6x4_049,-37.0,22.0,6x4,2,2,0.00028691734769381583,0.7917914986610413,0.20792163908481598,18986.188840685034,22343.278990076793,32748.98812675476,39482.3003393719,4675.379834867714
949,4,Case3,6x4_050,-16.0,44.0,6x4,2,2,6.501792813651264e-05,0.9900352358818054,0.009899790398776531,20112.13068030207,21150.69171730971,36874.16790390015,37615.749775733486,816.8301705573481
950,2,Case3,6x4_051,28.0,57.0,6x4,2,2,0.013678626157343388,0.9861915111541748,0.00012986442015971988,17702.527798828363,19008.424681222874,30388.947158813477,32364.12724859942,1459.7308020034932
951,3,Case3,6x4_052,-79.0,34.0,6x4,2,2,0.01447163987904787,0.985506534576416,2.184102231694851e-05,16829.45536165559,16896.012342225058,28983.418991088867,29357.74147194459,550.6655922224077
952,2,Case3,6x4_053,3.0,87.0,6x4,2,2,9.423446499567945e-06,0.9998606443405151,0.00012986603542231023,22220.532735999415,18515.130925785892,41105.154223680496,42820.73885157844,1377.0061633578098
953,5,Case3,6x4_054,-17.0,-44.0,6x4,2,2,0.0005963419680483639,0.9840333461761475,0.015370331704616547,20540.564821381304,22018.828662252185,36245.92529678345,35529.17737407676,968.9564847648691
954,3,Case3,6x4_055,44.0,-49.0,6x4,1,1,0.9999508857727051,4.4725427869707346e-05,4.456896931515075e-06,15997.367575066146,15797.352735003058,19112.665100097656,17530.73906562293,747.3035000841613
955,5,Case3,6x4_056,67.0,-19.0,6x4,2,2,1.9093131413683295e-05,0.9998249411582947,0.00015602206985931844,20247.081969890616,23018.23131979968,37567.611417770386,39282.750643184845,1332.3805902377983
956,4,Case3,6x4_057,2.0,74.0,6x4,2,2,7.4001764005515724e-06,0.9989020824432373,0.0010905200615525246,22307.3810493151,24610.7298731019,41904.277087807655,44307.71941440974,2195.146905364211
957,3,Case3,6x4_058,82.0,19.0,6x4,2,2,3.948422090616077e-05,0.9991409778594971,0.0008195697446353734,19825.92013785666,24667.93701666488,37835.0983479023,40315.69830907245,1846.273314953123
958,4,Case3,6x4_059,14.0,3.0,6x4,3,3,2.2438149244408123e-05,0.0009630902204662561,0.9990144968032837,17907.041420745703,19602.98721695796,40131.24034371122,41628.51966822934,1123.4579395489325
959,2,Case3,6x4_060,44.0,-84.0,6x4,1,1,0.9993736147880554,0.0006218236521817744,4.521631126408465e-06,11896.605474082471,11968.562939777621,20217.372261047363,16857.022589638946,2695.042270845421
960,2,Case3,6x4_061,0.0,-52.0,6x4,2,2,5.492260243045166e-05,0.9240174293518066,0.07592761516571045,22402.342271727717,20420.442693897734,41842.07814741135,40551.63472762171,1060.483811744375
961,3,Case3,6x4_062,33.0,26.0,6x4,2,2,0.00908424612134695,0.6796367168426514,0.31127896904945374,17685.15756520484,19848.86378488337,30842.858379364014,34477.57052700183,2761.6543847127327
962,3,Case3,6x4_063,-75.0,38.0,6x4,2,1,0.6686775088310242,0.3312922418117523,3.027874481631443e-05,16012.548531386854,16013.31073079985,25902.093643188477,25885.719197499806,498.47801129452876
963,3,Case3,6x4_064,-20.0,55.0,6x4,2,2,0.00027269747806712985,0.999586284160614,0.00014103134162724018,19359.54785727134,21972.516434462435,35809.98430252075,36237.88562880434,575.9137376798288
964,5,Case3,6x4_065,72.0,31.0,6x4,2,2,0.0010118505451828241,0.9989556074142456,3.252493843319826e-05,17499.697679404366,17673.852019149377,30475.296558380127,31396.43240975226,670.5692728306633
966,4,Case3,6x4_067,-83.0,68.0,6x4,1,1,0.9999905824661255,6.855907486169599e-06,2.500351456546923e-06,7387.256006503648,7764.11667813341,10400.089736938477,10381.469529489306,189.21370362451785
967,4,Case3,6x4_068,-26.0,-1.0,6x4,3,3,3.598444891395047e-05,0.011542752385139465,0.9884213209152222,19306.640859573567,21706.72366753557,41091.133419036865,42229.41363955818,1121.461113333173
968,5,Case3,6x4_069,-36.0,57.0,6x4,1,1,0.9598029851913452,0.04012431204319,7.261490827659145e-05,15982.069252168067,19116.128020909106,24265.466011047363,23943.22150256579,854.2037974399018
969,1,Case3,6x4_070,-89.0,-51.0,6x4,1,1,0.9998267292976379,0.00016844140191096812,4.87542229166138e-06,10878.994333085067,13347.045018161207,16122.313507080078,17224.444391809116,918.2609857279618
970,2,Case3,6x4_071,-45.0,-29.0,6x4,2,2,0.2535143792629242,0.745232343673706,0.0012533243279904127,16257.495189212224,20032.668620970133,27310.43235015869,29697.392205238077,1945.1129453213389
971,4,Case3,6x4_072,-29.0,13.0,6x4,3,3,5.925665027461946e-05,0.02414807304739952,0.9757927060127258,20882.91104651696,22386.968325570026,38875.468366622925,41368.4337954727,1919.7555186805216
972,4,Case3,6x4_073,-22.0,46.0,6x4,2,2,0.0006321955588646233,0.9981403350830078,0.0012274290202185512,18371.96950636458,19867.89695742672,33080.89477157593,34015.750646973065,1084.0442545823687
973,4,Case3,6x4_074,-1.0,-8.0,6x4,3,3,2.5486235244898126e-05,0.0008680861792527139,0.9991063475608826,16633.331228700798,18463.033309965278,38464.0998326838,41303.54484526318,1878.5711610384897
974,5,Case3,6x4_075,-22.0,82.0,6x4,2,2,0.00014144448505248874,0.9992433786392212,0.0006151848356239498,19756.321916457244,27008.97989309506,36566.12572145462,41237.745557511866,3463.6199495564797
975,4,Case3,6x4_076,50.0,5.0,6x4,2,2,3.9984966861084104e-05,0.9345783591270447,0.06538167595863342,21956.812747095355,25948.62287227963,41202.041227817535,42557.82190553137,1319.3907627238775
978,4,Case3,6x4_079,-67.0,39.0,6x4,1,1,0.6549109816551208,0.3450244963169098,6.450711225625128e-05,15675.124287693527,17077.54756704212,24091.010040283203,24852.712818295764,824.9269880961949
979,4,Case3,6x4_080,-53.0,-64.0,6x4,1,1,0.9999895095825195,8.711866939847823e-06,1.789290877241001e-06,13188.68719536989,11776.388021281458,15239.640075683594,13939.18577609518,720.3602625999039
980,2,Case3,6x4_081,-38.0,-72.0,6x4,1,1,0.9944390058517456,0.005532946437597275,2.8137394110672176e-05,16101.966755035071,14804.914222408635,25615.441818237305,19807.82193065267,4077.6780315798655
981,1,Case3,6x4_082,85.0,48.0,6x4,1,1,0.9977624416351318,0.0022346707992255688,2.84150632978708e-06,11681.724205184206,12831.174218916773,17705.572463989258,18189.839992881552,722.1407193991292
982,5,Case3,6x4_083,-12.0,85.0,6x4,2,2,6.1003779592283536e-06,0.9995131492614746,0.00048080598935484886,21318.504605026796,22878.538500381073,40094.91276025772,42199.14672224825,1893.2957377218415
983,4,Case3,6x4_084,77.0,-48.0,6x4,1,1,0.9999220371246338,7.583767001051456e-05,2.147106442862423e-06,12369.496645623376,12979.215568589427,17667.234535217285,16397.95734017117,1463.1699419619176
984,1,Case3,6x4_085,45.0,75.0,6x4,1,1,0.9987379908561707,0.0012365513248369098,2.5485900550847873e-05,12709.042168351167,12043.363526639765,19410.427352905273,16883.313342539157,2138.778696891316
985,2,Case3,6x4_086,-41.0,-54.0,6x4,1,1,0.9998778104782104,0.00012028308992739767,1.9011403082913603e-06,15448.245617651613,15447.519763048054,20476.673141479492,16963.23298895631,2377.964873825258
986,1,Case3,6x4_087,-38.0,89.0,6x4,1,1,0.7381255626678467,0.2609151303768158,0.000959303870331496,16215.94096466197,16551.567879627197,26707.4246673584,23658.565471828333,2041.2426505973606
988,3,Case3,6x4_089,18.0,-35.0,6x4,2,2,0.0051453812047839165,0.5737077593803406,0.42114686965942383,20031.033295417208,21871.181779641607,35728.64016342163,36810.41113698986,1234.0950706296899
989,4,Case3,6x4_090,-65.0,24.0,6x4,2,2,2.3434349714079872e-05,0.9999252557754517,5.133403101353906e-05,18567.623358161043,19934.00530340259,34478.24237060547,36902.228942379865,1679.159297028226
990,5,Case3,6x4_091,11.0,36.0,6x4,3,2,2.072597635560669e-05,0.9942986965179443,0.005680507514625788,20529.061392558167,21059.63683045385,39056.2629776001,40617.82868266813,1328.5734593572683
991,3,Case3,6x4_092,-38.0,-40.0,6x4,1,1,0.9943332672119141,0.005646192468702793,2.0499273887253366e-05,16184.331037269763,16966.583126106147,22498.24920654297,20217.13764403732,1958.201031019157
992,4,Case3,6x4_093,-70.0,-78.0,6x4,1,1,0.9999703168869019,1.8788630768540315e-05,1.0853057574422564e-05,7602.417950602328,7350.798305437183,10353.585884094238,9414.276857439709,685.4222375677855
993,3,Case3,6x4_094,73.0,-55.0,6x4,1,1,0.9999890327453613,5.893858087802073e-06,5.0951712182722986e-06,11154.074047091275,12123.699333096798,14274.26976776123,14493.849189128048,362.05077927818496
994,3,Case3,6x4_095,68.0,-30.0,6x4,2,2,0.2577269971370697,0.7418344616889954,0.0004384727799333632,17598.910685998562,18230.109636872974,30702.8660736084,30046.354280429554,750.8278848918433
995,5,Case3,6x4_096,84.0,-52.0,6x4,1,1,0.999971866607666,1.0389383533038199e-05,1.7813888916862197e-05,10698.233320148027,11447.006266220887,15612.355102539062,14655.711421317199,885.2581977890576
1000,3,Case3,6x4_101,48.0,15.0,6x4,2,2,9.552232950227335e-05,0.9676195383071899,0.03228500485420227,20891.245745716828,24912.44282354304,37662.19671821594,41635.00027913341,2978.290334411474
1002,1,Case3,6x4_103,66.0,14.0,6x4,2,2,4.056558736920124e-06,0.9987503290176392,0.0012455598916858435,21532.906827779134,25229.25238299004,39705.77760577202,41407.179996456536,1333.2618496678344
1003,2,Case3,6x4_104,83.0,3.0,6x4,2,2,1.5486220945604146e-05,0.9994620680809021,0.00052247493294999,22607.115395730732,21027.188414476175,41168.72165155411,41048.76489794727,543.8784637233609
1004,1,Case3,6x4_105,89.0,-77.0,6x4,1,1,0.9999819993972778,5.192438038648106e-06,1.2766460713464767e-05,5746.904316018119,6223.022119021871,8960.64404296875,9598.106041298017,458.5387611434766
1005,1,Case3,6x4_106,-12.0,43.0,6x4,2,2,0.00011042920959880576,0.9721303582191467,0.027759261429309845,21143.621819788485,24246.716547384145,38799.57304954529,42763.06380276291,3146.7188256231666
1010,2,Case3,6x4_111,7.0,87.0,6x4,2,2,1.1413232641643845e-05,0.9998818635940552,0.00010666417074389756,22731.6621763032,18999.857166823058,40832.36160326004,42427.7600588821,1281.6275676106125
1011,5,Case3,6x4_112,21.0,-8.0,6x4,3,3,7.709434612479527e-06,6.484876212198287e-05,0.9999274015426636,18946.00444524986,21831.23671496009,40701.92778015137,40888.04502253845,722.214674038098
1012,5,Case3,6x4_113,35.0,-2.0,6x4,3,3,7.505226221837802e-06,0.003466801019385457,0.9965257048606873,21540.828092740405,24960.424716000285,40853.06104373932,42506.55559421948,1683.3667477825043
1013,2,Case3,6x4_114,-35.0,-78.0,6x4,2,1,0.5143361687660217,0.48536068201065063,0.00030311805312521756,16457.21199092562,17375.451498969473,28300.54103088379,26329.89473469183,1442.8259204663311
1014,3,Case3,6x4_115,22.0,74.0,6x4,2,2,0.00012535815767478198,0.9993966817855835,0.00047796545550227165,19993.581323305487,24286.267505313204,36448.19676589966,39427.29388738687,2312.991965902961
1015,1,Case3,6x4_116,12.0,-85.0,6x4,2,2,2.6051648092106916e-05,0.9912569522857666,0.00871699396520853,21298.765641703387,21845.04039441199,40110.06309199333,39978.72954410102,633.6284704315568
1016,3,Case3,6x4_117,-87.0,33.0,6x4,2,2,0.001544734463095665,0.9984362721443176,1.8945696865557693e-05,16676.73551302453,16530.380127647324,29941.16683959961,30162.426431538086,491.05930559902777
1017,4,Case3,6x4_118,54.0,-88.0,6x4,1,1,0.9994866847991943,5.1888644520659e-05,0.00046150211710482836,10226.84260858503,8620.202322280802,14693.859146118164,12589.068264501555,1580.7880226924924
1018,4,Case3,6x4_119,31.0,-10.0,6x4,3,3,4.3159001506865025e-05,0.013291501440107822,0.9866653680801392,21158.14945828343,24401.750910001232,39606.68015098572,42222.7864137919,2203.11129704703
1019,2,Case3,6x4_120,-58.0,-26.0,6x4,2,2,0.007791923359036446,0.9920444488525391,0.000163558594067581,18123.611622573513,20734.066083166817,31961.63512802124,32855.6293116357,1229.8365064735697
1021,2,Case3,6x4_122,20.0,-73.0,6x4,2,2,0.00030370603781193495,0.9991427659988403,0.000553538033273071,20533.187549933256,23705.8798959334,37463.032448768616,40949.77011139122,2429.213944890776
1022,5,Case3,6x4_123,76.0,4.0,6x4,2,2,1.2458549463190138e-05,0.9933074116706848,0.006680194288492203,22005.424993925648,23031.166531771956,41557.93491703272,42311.26939406334,829.6622175994152
1024,4,Case3,6x4_125,-3.0,72.0,6x4,2,2,8.17911950434791e-06,0.9989822506904602,0.0010095613542944193,22291.73227272642,24970.89935982677,41964.81791947037,44093.317778046454,1946.6151099681192
1025,4,Case3,6x4_126,-8.0,18.0,6x4,3,3,1.8926588381873444e-05,0.00140871771145612,0.9985723495483398,17936.599686716796,21172.033993784687,40233.79939508438,41276.526836909616,816.6498676977407
1026,5,Case3,6x4_127,-66.0,77.0,6x4,1,1,0.9999901056289673,4.656538294511847e-06,5.2683831199829e-06,8438.8519584146,7816.586607782033,11102.557975769043,9979.318812960502,741.2502226511662
1027,3,Case3,6x4_128,59.0,-70.0,6x4,1,1,0.9999839067459106,2.7656501515593845e-06,1.3321550795808434e-05,10901.946422125704,10371.851163889572,13090.227416992188,12085.727083301048,524.8511196589703
1028,3,Case3,6x4_129,24.0,11.0,6x4,3,3,3.895699774147943e-05,0.0025924178771674633,0.997368574142456,19215.557040940086,20420.754531059243,40062.92600822449,41761.651992572675,1514.8334359768314
1030,4,Case3,6x4_131,41.0,53.0,6x4,1,1,0.9974319338798523,0.0025605568662285805,7.483521130779991e-06,15463.574186148373,16362.876274107415,20357.25357055664,19872.04570758608,396.8061555531742
1031,2,Case3,6x4_132,38.0,35.0,6x4,1,2,0.16607189178466797,0.833513617515564,0.0004144500708207488,15853.528947769119,18261.06823332463,24144.331840515137,25645.045595473595,981.5049855674566
1032,2,Case3,6x4_133,-21.0,37.0,6x4,2,2,0.0020285246428102255,0.9898003935813904,0.008171111345291138,18858.637339791876,21457.438773024183,33570.67789268494,35774.92629072872,1465.9489176270515
1033,1,Case3,6x4_134,-56.0,37.0,6x4,1,1,0.8112170100212097,0.18876563012599945,1.7315178411081433e-05,15613.98066548602,15423.087792051703,23229.713844299316,22965.784843715304,392.84838661898425
1034,1,Case3,6x4_135,39.0,-76.0,6x4,1,1,0.9863556027412415,0.008424817584455013,0.005219599232077599,15970.020756198352,13673.809039822001,25436.251846313477,20992.52449795341,3056.1353622046554
1035,4,Case3,6x4_136,8.0,-68.0,6x4,2,2,1.6977432096609846e-05,0.988677442073822,0.011305514723062515,21942.21733271239,21985.764334494415,41499.52680230141,40415.13400482279,884.020881600426
1036,2,Case3,6x4_137,68.0,53.0,6x4,1,1,0.9998569488525391,0.00014041279791854322,2.6109887585334945e-06,12350.068907289819,12671.245422213047,15050.175346374512,14423.469138036979,441.4170712680703
1037,2,Case3,6x4_138,-28.0,-75.0,6x4,2,2,0.008840056136250496,0.9908989667892456,0.00026093615451827645,17983.163256646327,21726.45672535537,32856.86795043945,34431.5892686602,1290.9697661278722
1039,4,Case3,6x4_140,1.0,-3.0,6x4,3,3,2.734747431532014e-05,0.0006788757746107876,0.9992936849594116,16479.08891848038,17808.3705002268,37629.38040417433,41077.4580925229,1916.065092541355
1043,5,Case3,6x4_144,-86.0,-39.0,6x4,1,2,0.07945997267961502,0.9203363060951233,0.00020365497039165348,15821.081223506479,15692.649664006363,25898.06160736084,27647.240884356972,1406.5301576673257
1044,1,Case3,6x4_145,29.0,32.0,6x4,2,2,0.3253686726093292,0.5942447185516357,0.08038664609193802,17417.389883857024,20559.477844560613,29619.676483154297,33169.36895908349,2484.0772222174
1047,5,Case3,6x4_148,46.0,-62.0,6x4,1,1,0.9999594688415527,8.418072866334114e-06,3.207011104677804e-05,15172.3322432431,13737.181573475362,19241.628692626953,15455.141806346785,2294.3279253216874
1048,2,Case3,6x4_149,24.0,-59.0,6x4,2,2,0.0721733495593071,0.9275128245353699,0.00031381857115775347,18997.599674229477,22081.77427475371,33744.0302734375,33214.62119675994,1198.1339431749857
1049,2,Case3,6x4_150,15.0,-47.0,6x4,2,2,0.0023056063801050186,0.9900722503662109,0.007622078526765108,20405.900384903987,21134.81190361909,37694.778911590576,36532.653247385984,1026.3775918095903
1050,1,Case3,6x4_151,-66.0,-82.0,6x4,1,1,0.9995099306106567,0.00043054152047261596,5.95545643591322e-05,7884.62066735183,7827.632543713828,10878.75968170166,10863.836968372168,219.97305978914508
1051,3,Case3,6x4_152,-23.0,-66.0,6x4,2,2,0.0010367109207436442,0.995026171207428,0.00393714802339673,19588.66220643706,23134.52098126269,35302.369079589844,37933.114780054355,1882.513703312603
1052,5,Case3,6x4_153,50.0,-62.0,6x4,1,1,0.9999772310256958,3.8055518416513223e-06,1.8976419596583582e-05,14290.840122513191,12790.487815404871,16503.672134399414,14253.087589507708,1425.481837441228
1053,2,Case3,6x4_154,-65.0,-65.0,6x4,1,1,0.9999891519546509,9.027838132169563e-06,1.8048912124868366e-06,10694.434718737653,10193.48063401573,12363.599197387695,10935.56557993164,818.5135208809795
1054,4,Case3,6x4_155,11.0,-32.0,6x4,3,3,8.007935684872791e-05,0.0932803824543953,0.9066395163536072,21032.456055075923,21811.09683867416,39333.652030944824,39343.10521314014,793.6531067870809
1055,5,Case3,6x4_156,70.0,-86.0,6x4,1,1,0.9997473359107971,6.773184395569842e-06,0.000245863338932395,6923.025836043321,6316.470483360208,9991.3129196167,9565.349524019452,400.1458171579768
1056,3,Case3,6x4_157,78.0,-26.0,6x4,2,2,0.006994487717747688,0.9926970601081848,0.0003083717601839453,18668.95348620785,20089.800929014054,34175.028535842896,34207.15103012495,577.9130965414608
1057,4,Case3,6x4_158,17.0,-43.0,6x4,2,2,0.00669789919629693,0.9727289080619812,0.02057320810854435,19849.177278895735,21684.266120080283,36207.13248252869,35803.959337517335,1133.8626027890268
1059,4,Case3,6x4_160,47.0,-13.0,6x4,2,2,6.26573310000822e-05,0.980753481388092,0.01918388530611992,20684.774715667143,24272.996994139157,38554.691517829895,40339.778668144754,1532.056643528365
1060,3,Case3,6x4_161,-43.0,-45.0,6x4,1,1,0.9997084736824036,0.0002869257878046483,4.5139677240513265e-06,15156.201961397343,16031.610460875088,19133.940338134766,17907.928536627394,1139.1947510672726
1062,1,Case3,6x4_163,-84.0,28.0,6x4,2,2,1.0080939318868332e-05,0.9999709129333496,1.9039893231820315e-05,18266.868850108156,19670.573217104196,33120.64805984497,34775.28212152102,1232.0225876597672
1064,4,Case3,6x4_165,-5.0,10.0,6x4,3,3,2.244004099338781e-05,0.0009321891702711582,0.9990454316139221,16950.112781421787,19086.569528966887,39262.59055125713,41024.983361525185,1160.0164959429744
1065,3,Case3,6x4_166,-61.0,-3.0,6x4,2,2,1.1587597327888943e-05,0.9916566610336304,0.008331753313541412,22146.754272526483,26370.138710454157,41999.85085952282,42771.37845834132,906.9173371471967
1066,5,Case3,6x4_167,-4.0,-6.0,6x4,3,3,5.2986492846685e-06,2.013571429415606e-05,0.9999746084213257,16754.90672422311,18000.546459164754,38295.836345911026,41049.58850569724,1874.8985446898469
1067,5,Case3,6x4_168,-5.0,-1.0,6x4,3,3,4.387042736198055e-06,1.8781012840918265e-05,0.9999767541885376,17139.61928521297,17447.968276544012,37908.13997143507,41143.825904349105,2036.484397114243
1068,5,Case3,6x4_169,58.0,-70.0,6x4,1,1,0.9999567270278931,2.9637003535754047e-06,4.0260048990603536e-05,11099.265634864609,9923.367866712202,13372.781242370605,12073.727425598236,869.4830296551663
1070,1,Case3,6x4_171,-6.0,-18.0,6x4,3,3,1.9395791241549887e-05,0.0025675129145383835,0.9974130988121033,17540.320712343866,21852.12273990812,40203.499713897705,42563.73420400377,1879.209179389241
1072,4,Case3,6x4_173,82.0,-55.0,6x4,1,1,0.9999850988388062,1.243229053216055e-05,2.464277486069477e-06,10106.262755440353,10727.741627300244,14243.19287109375,13436.272097473731,871.6812076343581
1073,5,Case3,6x4_174,-76.0,51.0,6x4,1,1,0.9998334646224976,0.00016134284669533372,5.129547844262561e-06,11688.244810745935,14286.378387881705,16035.628219604492,16297.671824613353,491.79434507004584
1074,1,Case3,6x4_175,-73.0,85.0,6x4,1,1,0.9999860525131226,1.003692432277603e-05,3.944620402762666e-06,6493.408798879067,5886.2665195517,9566.293472290039,9046.432967302404,426.3333266722228
1075,1,Case3,6x4_176,-36.0,30.0,6x4,2,2,0.025213129818439484,0.972432017326355,0.0023548882454633713,16861.418796414117,18518.408505054373,27426.308544158936,31990.70149818075,3212.3681223401604
1076,5,Case3,6x4_177,25.0,-81.0,6x4,2,2,0.0004008167888969183,0.953719973564148,0.04587922990322113,19231.55483406084,20212.207937488267,34969.16928100586,36978.30138767727,1557.5622371734898
1077,3,Case3,6x4_178,27.0,63.0,6x4,2,2,0.001275176415219903,0.9985597729682922,0.0001651126513024792,18268.280616398955,20394.243934671536,32240.031280517578,33037.19744862611,740.0285938189952
1078,4,Case3,6x4_179,73.0,-44.0,6x4,1,1,0.9996645450592041,0.0003323252603877336,3.123795067949686e-06,15100.34955432096,14218.003026578197,21838.350715637207,18474.484530949012,2446.08748530658
1079,2,Case3,6x4_180,-14.0,88.0,6x4,2,2,4.7460074711125344e-05,0.9998949766159058,5.754494486609474e-05,20981.1283021967,19759.538433490572,39556.224086523056,39434.29497221008,650.8092421743073
1080,2,Case3,6x4_181,88.0,45.0,6x4,1,1,0.9884759187698364,0.011515907011926174,8.175451512215659e-06,12618.453308520386,13550.984275899385,19524.275802612305,21156.89581216393,1146.126401315219
1081,3,Case3,6x4_182,-14.0,42.0,6x4,2,2,6.306800787569955e-05,0.9856331944465637,0.014303691685199738,20685.679771739804,23553.472231280484,37819.16490936279,39187.35492454843,1099.6349583326157
1083,1,Case3,6x4_184,83.0,43.0,6x4,1,1,0.9508793354034424,0.049107786267995834,1.2948905350640416e-05,12057.478693098097,13425.073156516864,20777.539070129395,21498.60074386985,803.0149996511313
1084,2,Case3,6x4_185,-18.0,49.0,6x4,2,2,0.0003933940315619111,0.9993940591812134,0.00021248242410365492,20106.6583107552,21548.381621236113,36214.44086456299,37664.864998146964,1028.9973734968116
1085,3,Case3,6x4_186,-54.0,1.0,6x4,2,2,1.908388003357686e-05,0.9682061672210693,0.031774796545505524,22192.93997980658,26593.340354001673,41827.7437735945,42556.65652768753,922.2515377331092
1086,3,Case3,6x4_187,-47.0,-37.0,6x4,1,1,0.9928810596466064,0.007105154916644096,1.3776210835203528e-05,15469.306103976014,16570.19229050632,21882.617919921875,20997.09886684285,873.9835780932407
1087,3,Case3,6x4_188,-40.0,56.0,6x4,1,1,0.9983004927635193,0.0016939259367063642,5.550369223783491e-06,15505.556137508522,16588.56972064612,21403.67987060547,21964.612910321397,596.6942967816955
1089,3,Case3,6x4_190,-80.0,40.0,6x4,2,1,0.8035457730293274,0.19642992317676544,2.4343331460841e-05,15660.035271325043,15637.17812665434,25004.57660675049,24810.93190612802,436.3831576379242
1090,2,Case3,6x4_191,-75.0,6.0,6x4,2,2,7.201163043646375e-06,0.9998078942298889,0.00018496550910640508,21882.010175929852,21770.5832045159,41441.21379196644,41357.18189664507,552.1385193282742
1091,5,Case3,6x4_192,89.0,-86.0,6x4,1,1,0.9998853206634521,3.6183664633426815e-06,0.00011105826706625521,4974.456344214698,5586.981547670015,8324.810726165771,8810.873054230533,352.87240672916005
1092,2,Case3,6x4_193,48.0,41.0,6x4,1,1,0.9553966522216797,0.0445670560002327,3.630352148320526e-05,15500.57236990941,16245.322227579876,19973.023391723633,20398.157736738,657.8014637471754
1093,2,Case3,6x4_194,-11.0,-16.0,6x4,3,3,2.3918264560052194e-05,0.0018426829483360052,0.9981334805488586,18009.31869637085,20910.090901917545,40202.231090545654,40490.048046932025,608.7304708890601
1094,1,Case3,6x4_195,12.0,71.0,6x4,2,2,4.636072844732553e-05,0.9987128973007202,0.0012407077010720968,21377.041338223076,24094.731614031407,40525.23951153457,41884.89562550858,1174.413017624649
1095,4,Case3,6x4_196,-32.0,84.0,6x4,2,2,0.4699903130531311,0.5285751223564148,0.001434523263014853,17440.041142761896,19793.043385338533,30635.0838432312,29770.62241014629,821.6582839421898
1096,5,Case3,6x4_197,-80.0,-38.0,6x4,1,2,0.20269756019115448,0.797106921672821,0.0001955193729372695,16056.639305761139,15369.752332245116,26291.074905395508,26465.111231399038,694.9350571662312
1097,5,Case3,6x4_198,-82.0,-53.0,6x4,1,1,0.9998383522033691,0.0001542621903354302,7.377637302852236e-06,10604.521694320127,12926.429601137463,15126.537368774414,15935.662714021177,619.5755297158953
1099,4,Case3,6x4_200,88.0,-42.0,6x4,1,1,0.9923019409179688,0.007685565855354071,1.2589680409291759e-05,12008.926351299118,13053.603076939386,21528.413333892822,20361.78383139742,1461.0569825416928
1100,2,Case3,6x4_201,-73.0,-27.0,6x4,2,2,0.001531933550722897,0.9984385371208191,2.9565168006229214e-05,18014.9650621937,20701.12397637581,33256.143882751465,34086.784195827764,880.2800580815948
1101,2,Case3,6x4_202,-24.0,-76.0,6x4,2,2,0.0005597826093435287,0.9992203712463379,0.00021985308558214456,19495.640169757466,22409.326671636736,35379.7084236145,37407.526614272414,1513.7430444882234
1102,2,Case3,6x4_203,33.0,58.0,6x4,2,2,0.3901251256465912,0.6096891164779663,0.0001857536844909191,16482.04080712149,17793.36413293544,26712.24139404297,26216.24464954363,767.9253308536823
1104,1,Case3,6x4_205,-58.0,-50.0,6x4,1,1,0.9999865293502808,1.2120687642891426e-05,1.2757373042404652e-06,15124.68535354721,14540.787207027919,17267.338439941406,15407.31264080034,715.7242081989652
1105,1,Case3,6x4_206,4.0,90.0,6x4,2,2,5.606189461104805e-06,0.9985392093658447,0.0014552177162840962,10038.600722349593,22430.495315657972,39183.069727897644,43694.4109564806,3706.3651121866887
1106,1,Case3,6x4_207,19.0,-83.0,6x4,2,2,0.00010218544048257172,0.9894165396690369,0.010481261648237705,20564.91963223016,21555.226137404738,37949.672283649445,38010.30996168027,578.7953035567594
1108,4,Case3,6x4_209,58.0,-69.0,6x4,1,1,0.9999901056289673,4.459163392311893e-06,5.4308375183609314e-06,11282.766392551277,9956.97085149158,13418.060317993164,12076.410517073182,867.997686139511
1109,3,Case3,6x4_210,-10.0,23.0,6x4,3,3,2.6661185984266922e-05,0.002622005995362997,0.9973514080047607,18468.04259986061,21937.175697883667,40090.53999328613,40398.88125710329,626.2249233844357
1110,3,Case3,6x4_211,55.0,-59.0,6x4,1,1,0.9999918937683105,4.453977908269735e-06,3.6497788187261904e-06,13100.177711280565,13037.48301945613,14740.599578857422,14391.47008319464,706.3883512704703
1111,5,Case3,6x4_212,-63.0,54.0,6x4,1,1,0.9999819993972778,1.562330908200238e-05,2.4248686258943053e-06,13170.06214727101,13687.09411034876,14893.418167114258,14396.573432586016,524.4325869264991
1112,4,Case3,6x4_213,67.0,-42.0,6x4,1,1,0.9994127750396729,0.0005832055467180908,3.99125838157488e-06,15292.9758923371,15157.674001937377,22148.292037963867,19705.950471724285,1891.9632189796428
1113,1,Case3,6x4_214,63.0,-14.0,6x4,2,2,9.134305400948506e-06,0.9991747736930847,0.0008160340366885066,20812.492840603652,24591.293730745496,39578.9530415535,41739.422680323885,1516.7988155178111
1116,4,Case3,6x4_217,21.0,56.0,6x4,2,2,0.0005352575099095702,0.9988419413566589,0.0006227765115909278,19720.401500551343,19631.410230605405,35297.25032043457,35946.26731672767,1056.2970052553255
1118,4,Case3,6x4_219,-7.0,65.0,6x4,2,2,1.3954291716800071e-05,0.9985641837120056,0.0014218935975804925,22867.58007996084,24740.843005416005,41684.48186695576,42549.684647735994,972.7074021250488
1119,5,Case3,6x4_220,14.0,-23.0,6x4,3,3,1.8824066501110792e-05,0.0005726495292037725,0.999408483505249,18941.57052539226,22298.552235713487,39468.324993133545,40477.171283750606,1141.9470455046999
1120,2,Case3,6x4_221,74.0,-56.0,6x4,1,1,0.9999868869781494,1.2519477422756609e-05,5.518982106877957e-07,10793.905735864098,11559.844084549333,13888.81356048584,13367.257960062672,476.0551307193851
1122,3,Case3,6x4_223,-78.0,-48.0,6x4,1,1,0.9999349117279053,6.262369424803182e-05,2.5085478227993008e-06,12260.421951534236,13308.593723902648,17681.606452941895,16427.56792485898,1406.6718573653243
1123,1,Case3,6x4_224,-4.0,-43.0,6x4,3,2,2.9939901651232503e-05,0.9753608703613281,0.0246091578155756,21096.36439751405,23675.552904524084,40980.294503211975,42715.791351975764,1169.4315776889114
1124,5,Case3,6x4_225,2.0,-73.0,6x4,2,2,3.8068635603849543e-06,0.9920262694358826,0.007969941943883896,22999.862364438683,21581.263509725544,41968.421342909336,42286.497808344226,700.7803735282367
1125,5,Case3,6x4_226,-42.0,80.0,6x4,1,1,0.9988304972648621,0.0011025151470676064,6.707985448883846e-05,12703.70335130492,13277.684885649534,21541.13759613037,17543.632932849632,3136.3804106452153
1126,1,Case3,6x4_227,-42.0,-6.0,6x4,3,2,2.485349068592768e-05,0.9176428318023682,0.08233237266540527,22070.71955774193,26071.057209825514,40465.71224403381,42577.27720208893,1799.5317831707603
1127,1,Case3,6x4_228,60.0,-31.0,6x4,1,2,0.22671087086200714,0.7732064723968506,8.26765171950683e-05,16921.061657142618,16760.140043207117,28580.81658935547,27793.93537811855,774.1497001880057
1128,5,Case3,6x4_229,42.0,86.0,6x4,1,1,0.8498169183731079,0.149462029337883,0.0007211273768916726,12216.487732381484,12943.985707587772,21525.879875183105,20470.016482726183,1267.292413276825
1130,2,Case3,6x4_231,-69.0,24.0,6x4,2,2,3.20117651426699e-05,0.9999552965164185,1.2666097063629422e-05,18672.066403642337,20460.562131631657,34886.8862285614,34963.93274355261,422.78054946528533
1131,5,Case3,6x4_232,-8.0,-27.0,6x4,3,3,1.4120533705863636e-05,0.003206507535651326,0.9967793822288513,20370.07284750744,22539.740389221908,40508.553062438965,40765.19007561735,695.5173122873823
1132,4,Case3,6x4_233,61.0,-20.0,6x4,2,2,6.121004844317213e-05,0.9998906850814819,4.806815559277311e-05,20089.811395422636,19477.198359640337,36489.54779243469,36217.84873289763,788.6474593176871
1133,3,Case3,6x4_234,-49.0,-40.0,6x4,1,1,0.9991133809089661,0.0008816299377940595,4.973058821633458e-06,15399.378258803974,16216.909781629876,20398.454147338867,19139.589193805255,1001.7568795556274
1134,2,Case3,6x4_235,-62.0,7.0,6x4,2,2,9.866443178907502e-06,0.9996565580368042,0.00033356918720528483,21848.001063428106,23895.96077858502,41518.02455928922,41476.59803244924,695.3184523081019
1135,1,Case3,6x4_236,16.0,-57.0,6x4,2,2,0.00033429748145863414,0.9991293549537659,0.0005363304517231882,21060.347674631616,22626.62661108971,38326.90448188782,39323.198447284296,753.2666061520836
1136,5,Case3,6x4_237,-32.0,66.0,6x4,1,2,0.42372050881385803,0.5757020115852356,0.0005774447927251458,17257.4661116269,22831.697071031023,29053.475440979004,30103.46396192451,1169.5331589910852
1137,4,Case3,6x4_238,64.0,-22.0,6x4,2,2,0.00011584662570385262,0.9998555183410645,2.8633174224523827e-05,19603.9716603638,18767.19569698497,35627.2828578949,35071.16253715218,896.1045339516226
1138,2,Case3,6x4_239,30.0,17.0,6x4,3,3,9.754661004990339e-05,0.022494735196232796,0.9774077534675598,19685.40104714372,24743.251964218092,36959.55843925476,39630.63172043726,2204.986164954642
1139,1,Case3,6x4_240,53.0,26.0,6x4,2,2,0.0006176113383844495,0.9991617202758789,0.00022073113359510899,17367.955799762494,20306.134078257877,31025.218383789062,35137.993432715615,2786.922405167321
1140,1,Case3,6x4_241,13.0,6.0,6x4,3,3,2.1060614017187618e-05,0.000990755157545209,0.9989882111549377,17775.53588470045,20340.72794998544,40049.98613855243,42986.948092869425,1913.2911333175878
1141,1,Case3,6x4_242,-31.0,60.0,6x4,2,1,0.8520093560218811,0.14790357649326324,8.708410314284265e-05,17185.84743144669,18067.51360940812,28694.180694580078,26338.87038146973,1865.2260554678437
1142,1,Case3,6x4_243,-63.0,-63.0,6x4,1,1,0.9999927282333374,5.396389951783931e-06,1.964648163266247e-06,11571.045094294217,11491.969287779933,13211.640167236328,12125.930457646897,587.8220403591584
1143,3,Case3,6x4_244,85.0,-58.0,6x4,1,1,0.999985933303833,5.105248419567943e-06,8.882660949893761e-06,9248.263805205346,10499.749111190917,13054.657936096191,13241.879060437675,360.2556771120843
1145,5,Case3,6x4_246,60.0,61.0,6x4,1,1,0.9999734163284302,2.225037314929068e-05,4.348663878772641e-06,12186.420540176798,11976.851964265263,13738.070739746094,13164.965561328278,658.6247119590183
1146,3,Case3,6x4_247,-83.0,78.0,6x4,1,1,0.9999773502349854,1.0446628039062489e-05,1.2099696505174506e-05,5904.1324528991545,5789.839456853828,9049.45775604248,8021.388048869,749.7605995636709
1147,4,Case3,6x4_248,6.0,27.0,6x4,3,3,7.2314323915634304e-06,0.00267568021081388,0.9973170161247253,19913.879655588986,22189.10405212634,40807.63076210022,41709.72537424114,776.0187070616402
1148,1,Case3,6x4_249,6.0,16.0,6x4,3,3,1.6489449990331195e-05,0.0008463594713248312,0.9991372227668762,17617.310269223028,21049.48581946556,40035.808016486466,43367.64863227014,2233.861613988511
1149,4,Case3,6x4_250,-47.0,64.0,6x4,1,1,0.9999128580093384,8.161983714671806e-05,5.525990673049819e-06,15079.348337583882,14248.724646093426,19080.55908203125,17548.53027221126,704.0708391733754
1150,3,Case3,6x4_251,-69.0,0.0,6x4,2,2,5.262507784209447e-06,0.9945328235626221,0.005461877211928368,22181.976651935638,24249.735546787444,42062.09203660488,42300.608878568775,676.6547377493112
1151,1,Case3,6x4_252,-82.0,-45.0,6x4,1,1,0.9995775818824768,0.000416955619584769,5.4507117965840735e-06,12805.992993890331,14716.893999192838,19541.514533996582,19148.075859386074,1132.9425090250247
1152,2,Case3,6x4_253,56.0,-34.0,6x4,1,1,0.9729243516921997,0.02706216834485531,1.3487973774317652e-05,16048.898978965943,17054.30749374191,25409.768951416016,24587.462670322904,806.6284380185854
1153,4,Case3,6x4_254,-75.0,-17.0,6x4,2,2,1.6837260773172602e-05,0.9998268485069275,0.00015633217117283493,20295.581441903447,22322.619380149485,38675.09308671951,41132.33911218491,1977.461699445371
1154,5,Case3,6x4_255,32.0,-60.0,6x4,1,1,0.9821287393569946,0.01486982125788927,0.003001459641382098,16960.47444659435,18539.40538791771,27923.489051818848,25117.93173581043,2176.4643942245675
1155,1,Case3,6x4_256,-25.0,-11.0,6x4,3,3,6.682462844764814e-05,0.018111905083060265,0.9818212389945984,19471.70339355408,22937.2332945596,39964.87413215637,40953.060770713775,1289.6599892525853
1156,2,Case3,6x4_257,65.0,80.0,6x4,1,1,0.999920129776001,7.671626372030005e-05,3.0902297112334054e-06,8254.977994858447,7516.884405662816,11147.02173614502,10156.712812529968,708.3959414731157
1157,5,Case3,6x4_258,54.0,-18.0,6x4,2,2,3.266879866714589e-05,0.9997158646583557,0.00025139370700344443,19646.974082873447,22845.22085744622,36768.65112495422,39136.86851952061,1633.5097840315725
1158,5,Case3,6x4_259,-6.0,38.0,6x4,3,2,1.0619283784762956e-05,0.9953910112380981,0.004598374478518963,21161.761987119058,21865.281811261222,40482.76174163818,42417.01876643332,1466.1296558744255
1161,3,Case3,6x4_262,-57.0,76.0,6x4,1,1,0.9999833106994629,1.2336378858890384e-05,4.4683793021249585e-06,10344.068553316582,8856.978241176274,13554.630020141602,11477.029691059639,1481.888551874688
1163,2,Case3,6x4_264,87.0,-65.0,6x4,1,1,0.9999896287918091,9.445411706110463e-06,9.734006880535162e-07,7725.825405550275,8033.367405778344,10958.162864685059,10787.97624091069,253.19002178594226
1164,5,Case3,6x4_265,-25.0,-84.0,6x4,2,2,5.571965084527619e-05,0.9963387250900269,0.0036055927630513906,19275.03920096971,20698.91597364083,34975.148639678955,37929.93465383652,2070.9494930208043
1165,3,Case3,6x4_266,-26.0,-39.0,6x4,2,2,0.04106113314628601,0.9564387798309326,0.0025001096073538065,17236.994143611984,19503.791860093315,29703.704746246338,29015.402066205446,1246.1535022416176
1166,3,Case3,6x4_267,-33.0,-46.0,6x4,1,1,0.9838353395462036,0.01610780693590641,5.6921551731647924e-05,15783.547365565131,18171.889199710742,24502.54744720459,22926.47258020418,1601.2651172296
1169,1,Case3,6x4_270,10.0,76.0,6x4,2,2,2.3725078790448606e-05,0.9983261227607727,0.0016501821810379624,21637.279173263676,25126.562606999283,40869.86350476742,43236.573230178365,1937.2373662158668
1170,5,Case3,6x4_271,-30.0,50.0,6x4,2,2,0.2671560049057007,0.7326942682266235,0.00014967273455113173,16433.395853451722,18677.9983673748,27386.645797729492,27452.458879760718,738.3430642406952
1173,3,Case3,6x4_274,30.0,-25.0,6x4,2,2,0.04145931079983711,0.6516188979148865,0.3069217801094055,19119.897610543696,21303.93786021773,32603.662313461304,35442.14394661641,2052.2438542647456
1174,5,Case3,6x4_275,80.0,-20.0,6x4,2,2,1.6197313016164117e-05,0.9997550845146179,0.00022874012938700616,20363.18272349178,23186.730319594557,37404.778424322605,39825.390125768114,1847.919827424911
1175,2,Case3,6x4_276,-88.0,70.0,6x4,1,1,0.999995231628418,3.903510332747828e-06,8.729592764211702e-07,6795.8041052207645,7248.957058830021,9920.324508666992,9659.684339838015,291.4270727111283
1176,3,Case3,6x4_277,57.0,88.0,6x4,1,1,0.99949049949646,0.00042748937266878784,8.194171823561192e-05,9435.268850119559,8343.841135142151,13436.074676513672,11878.009278168605,1167.6257362154156
1177,2,Case3,6x4_278,18.0,78.0,6x4,2,2,5.6590361054986715e-05,0.9998843669891357,5.9019061154685915e-05,20986.89993534419,21970.01494476098,38395.97978037596,40582.342865167724,1660.4880389971051
1179,1,Case3,6x4_280,-31.0,-12.0,6x4,3,3,0.00011433402687544003,0.10718964040279388,0.8926960825920105,20774.18053463553,24503.71890834651,38936.22353363037,41026.57244835544,1999.3297014460932
1180,3,Case3,6x4_281,-72.0,-17.0,6x4,2,2,1.9524926756275818e-05,0.9997397065162659,0.00024074557586573064,20711.036763829376,23829.388184483134,38652.7662832737,40138.726190145826,1165.7001499465186
1181,4,Case3,6x4_282,25.0,-74.0,6x4,2,2,0.0030903243459761143,0.9409443140029907,0.05596538633108139,19272.65176735183,22488.243199452096,34735.819149017334,35436.419111345436,825.2151262390978
1182,1,Case3,6x4_283,34.0,-21.0,6x4,2,2,0.0016306849429383874,0.5499297380447388,0.4484395980834961,19016.767768615802,26339.698239120626,33876.189390182495,39633.40711181033,4294.79152841678
1183,5,Case3,6x4_284,16.0,16.0,6x4,3,3,8.31837587611517e-06,6.513170228572562e-05,0.9999265670776367,18689.25204022269,20922.53802006544,40013.31519699097,39855.683481226566,533.6467170806809
1184,1,Case3,6x4_285,-21.0,55.0,6x4,2,2,0.0008153492235578597,0.9989725351333618,0.00021218550682533532,19670.234272744197,22077.754329930685,35159.78921127319,36652.44440725339,1201.6015328061305
1185,2,Case3,6x4_286,40.0,-87.0,6x4,3,1,0.9911487102508545,0.00883406586945057,1.7207719793077558e-05,11036.653496965433,13907.253165290582,14015.524353027344,20937.0129693261,5667.995260561413
1186,4,Case3,6x4_287,-77.0,22.0,6x4,2,2,1.5928942957543768e-05,0.9999276399612427,5.6466011301381513e-05,19868.523250725088,21195.73953948279,36425.47486972809,38412.007823991415,1457.0902114699027
1187,3,Case3,6x4_288,37.0,70.0,6x4,1,1,0.7622190713882446,0.23712953925132751,0.000651393667794764,16300.188756217416,17991.25008784784,26060.21315765381,25779.491646144903,864.6715809459677
1188,3,Case3,6x4_289,-9.0,44.0,6x4,2,2,3.451169322943315e-05,0.955225944519043,0.044739507138729095,21717.376436376882,24237.47251627962,39961.837451934814,41501.2935527786,1251.6654888613168
1189,1,Case3,6x4_290,20.0,-82.0,6x4,2,2,0.0001398432214045897,0.9888851642608643,0.01097503025084734,20449.8820843123,21537.824213968677,37528.4433876276,37679.5102906302,566.0965637461504
1191,2,Case3,6x4_292,71.0,-88.0,6x4,1,1,0.9999903440475464,8.268208148365375e-06,1.4180774314809241e-06,6687.873343672521,6087.153489649719,9789.160976409912,9100.101452771338,570.0427397831335
1192,1,Case3,6x4_293,-28.0,11.0,6x4,3,3,7.103833195287734e-05,0.03754950687289238,0.962379515171051,19541.8698952902,24253.53911562862,39641.33066749573,41828.73153285295,1900.5684494790348
1194,2,Case3,6x4_295,-84.0,-9.0,6x4,2,2,8.730668923817575e-06,0.9998899698257446,0.00010128819849342108,21530.979419450596,20677.52428927974,40561.31958556175,40231.49007719022,490.92212960662846
1195,5,Case3,6x4_296,-48.0,82.0,6x4,1,1,0.9998950958251953,8.627652277937159e-05,1.8567669030744582e-05,12059.051590994488,10494.08245779516,17790.885147094727,13640.72728326765,3043.110030767224
1196,4,Case3,6x4_297,-13.0,-4.0,6x4,3,3,3.3659496693871915e-05,0.0017615328542888165,0.9982048273086548,17592.469012780097,19523.112620255455,39999.29505825043,41187.04378354082,1077.059769422282
1197,1,Case3,6x4_298,-19.0,-23.0,6x4,3,3,0.00019438439630903304,0.0178311076015234,0.9819744229316711,20759.94345842013,23338.052760409566,38049.22520637512,38911.39096828846,1164.0826368861608
1198,2,Case3,6x4_299,5.0,-32.0,6x4,3,3,4.92505932925269e-05,0.03129641339182854,0.9686542749404907,21929.104553035253,20524.441640884885,40736.26416969299,39040.86044504368,1371.1390953422833
1199,2,Case3,6x4_300,51.0,46.0,6x4,1,1,0.997079610824585,0.002911333693191409,8.987880391941871e-06,15725.886817545963,15239.401744242723,18333.07551574707,17036.496024303484,680.2765636348743
1200,3,Case3,6x8_001,65.0,19.0,6x8,2,2,6.326053153316025e-06,0.9999511241912842,4.249321136740036e-05,7524.224038148656,7125.179693795407,33776.032391786575,32551.81058299839,858.5747959789476
1201,5,Case3,6x8_002,40.0,-51.0,6x8,1,1,0.9928927421569824,0.007084006909281015,2.326079447811935e-05,9915.333132586313,10146.248390016715,18071.812156677246,16503.062888716202,1216.5833081749931
1205,3,Case3,6x8_006,-15.0,-74.0,6x8,2,2,1.097195877264312e-06,0.998953104019165,0.0010457198368385434,7008.388160707061,6729.7744962742,35363.48408406973,36217.493346887284,955.3156904600035
1206,3,Case3,6x8_007,51.0,-83.0,6x8,1,1,0.9971387386322021,0.0023261902388185263,0.0005351184518076479,8488.488042930307,6169.499481349076,14388.524192810059,11679.347729309065,2067.715186489017
1207,2,Case3,6x8_008,86.0,9.0,6x8,2,2,2.5056929189304356e-06,0.9991656541824341,0.0008318513864651322,6278.405559330977,6699.631877984477,35618.45208120346,37592.346422169234,1436.6752958604661
1208,2,Case3,6x8_009,-63.0,21.0,6x8,2,2,4.820929916604655e-06,0.9999508857727051,4.432610876392573e-05,7795.507660502387,7518.833614951981,32629.113290786743,30281.134734779476,1578.955723625783
1209,5,Case3,6x8_010,-74.0,83.0,6x8,1,1,0.9999268054962158,5.97296493651811e-05,1.3498585758497939e-05,4291.496303165601,3858.027212064569,8427.660251617432,7658.107206944103,582.7570452010397
1210,5,Case3,6x8_011,-39.0,-9.0,6x8,3,3,2.0485033473960357e-06,0.008380861021578312,0.9916171431541443,6767.43965099748,5885.412838640112,35850.71823883057,37986.28930265995,2055.044989102723
1211,5,Case3,6x8_012,-56.0,9.0,6x8,2,2,1.48389960941131e-06,0.9988337159156799,0.0011648446088656783,7210.366591820945,6623.317258171411,36972.372891783714,37360.64677550395,577.4642052938937
1212,3,Case3,6x8_013,61.0,33.0,6x8,2,2,0.00028878884040750563,0.9997089505195618,2.29046759159246e-06,8807.624154653906,8769.379082075528,24362.78973197937,24577.152324034694,310.21907853963967
1213,5,Case3,6x8_014,19.0,79.0,6x8,2,2,1.9335652723384555e-06,0.9999715089797974,2.6576955860946327e-05,7084.47014887711,6528.5262125742665,33844.269014418125,34357.66362626946,676.2377041819034
1214,4,Case3,6x8_015,35.0,60.0,6x8,2,2,0.0417933352291584,0.9581838250160217,2.2889740648679435e-05,9054.329212065408,9368.895893978564,22749.634941101074,21476.39698691786,980.2500015846157
1215,1,Case3,6x8_016,75.0,-61.0,6x8,1,1,0.9999903440475464,8.118136975099333e-06,1.56506621351582e-06,6890.709439484805,7502.033265235762,10801.775253295898,11480.093677568198,430.05217224027405
1218,2,Case3,6x8_019,-79.0,29.0,6x8,2,2,1.0965123692585621e-05,0.9999825954437256,6.482306162070017e-06,7800.312944908193,7792.715417727133,28823.66388696432,28227.813319019333,517.8267917642655
1219,1,Case3,6x8_020,-2.0,48.0,6x8,2,2,5.181293545319932e-06,0.9293243885040283,0.07067041844129562,6911.159924844127,6559.536853843096,37567.49886202812,38466.6176858301,958.0601235372937
1220,2,Case3,6x8_021,-49.0,-67.0,6x8,1,1,0.9995507597923279,0.0004442839417606592,4.9151203711517155e-06,9587.902988942242,7497.871899103633,15741.880012512207,10682.862096208342,3548.7373762883026
1221,4,Case3,6x8_022,43.0,-33.0,6x8,2,2,0.017148545011878014,0.9825546145439148,0.0002968509215861559,9082.27771426675,8954.43620932538,21935.41286087036,22431.430273741033,922.3151177058899
1222,2,Case3,6x8_023,62.0,-67.0,6x8,1,1,0.9999904632568359,8.911354598239996e-06,5.897169899071741e-07,7299.230124218186,7072.464585980073,11145.458297729492,9929.571091208374,926.4230223978165
1223,1,Case3,6x8_024,30.0,75.0,6x8,2,2,7.991691381903365e-05,0.9997106194496155,0.00020942534320056438,8015.284047360245,8278.683268174233,28051.139772698283,29506.351160232698,1291.8627725338329
1225,2,Case3,6x8_026,-81.0,73.0,6x8,1,1,0.9999723434448242,2.6056968636112288e-05,1.5678780300731887e-06,4542.146692198235,4446.161927470237,8605.720348358154,7572.297006057521,778.1169602954805
1229,3,Case3,6x8_030,15.0,-12.0,6x8,3,3,7.385423486994114e-06,0.000226677002501674,0.999765932559967,5244.46613065066,5203.600837758839,36504.724475085735,37782.712728875165,1251.4145128401508
1230,2,Case3,6x8_031,-55.0,-62.0,6x8,1,1,0.9999380111694336,6.007433694321662e-05,1.9370238533156225e-06,8800.720495346392,8478.385870648335,12615.7841796875,10646.087613717364,1471.6385384203963
1231,5,Case3,6x8_032,-19.0,-7.0,6x8,3,3,7.553406931037898e-07,9.748810953169595e-06,0.9999895095825195,5181.719601493141,5235.573523913322,36802.607921898365,37250.057420604506,801.4391747844465
1233,4,Case3,6x8_034,-43.0,-15.0,6x8,2,3,6.804058557463577e-06,0.013654006645083427,0.9863392114639282,7322.088663289745,6237.3665840901585,33762.03829574585,37556.79667250578,3062.843648728259
1234,1,Case3,6x8_035,70.0,81.0,6x8,1,1,0.9997016787528992,0.00028905319049954414,9.349875654152129e-06,4898.790939411711,5083.132841741507,8948.375633239746,8826.601317370685,236.5898453823989
1235,3,Case3,6x8_036,8.0,25.0,6x8,3,3,2.4732155452511506e-06,0.0002847459982149303,0.9997127652168274,5722.520737528544,5470.349811120712,36613.93920326233,36652.96651763837,594.6541817778251
1236,4,Case3,6x8_037,-85.0,67.0,6x8,1,1,0.9998980760574341,9.951338142855093e-05,2.4138055323419394e-06,5061.911776993923,5697.547131550461,9331.517364501953,9400.360443584013,233.609517039034
1237,4,Case3,6x8_038,-56.0,52.0,6x8,1,1,0.99962317943573,0.00037592818262055516,7.843212870284333e-07,9708.364401091494,10336.606717996208,13366.981964111328,14164.767017391212,566.466290389059
1238,5,Case3,6x8_039,64.0,42.0,6x8,2,1,0.8502185344696045,0.14976084232330322,2.064860746031627e-05,9354.945515556834,9628.330156238731,18853.009757995605,16955.01662185256,1371.7191530734913
1241,4,Case3,6x8_042,84.0,51.0,6x8,1,1,0.9467308521270752,0.05326182395219803,7.291448127944022e-06,8418.101373652402,8901.716537642744,14383.835975646973,15390.887770612226,784.7317477232597
1242,1,Case3,6x8_043,79.0,-71.0,6x8,1,1,0.9999911785125732,4.379823167255381e-06,4.373178853711579e-06,4955.136996827559,5303.378764629893,8927.211688995361,8982.124227205315,204.27090759618855
1244,3,Case3,6x8_045,-18.0,-35.0,6x8,3,3,4.956647535436787e-05,0.1644674837589264,0.8354829549789429,7104.411917835755,6929.0921666428985,32258.847714424133,33794.48292957307,1116.5324902683146
1245,1,Case3,6x8_046,-76.0,-77.0,6x8,1,1,0.9994369149208069,0.0005415416671894491,2.154422145395074e-05,4637.413712708471,4707.158487144292,8579.262161254883,8110.63741036707,342.5559486503792
1246,1,Case3,6x8_047,42.0,27.0,6x8,2,2,7.295153773156926e-05,0.9992617964744568,0.0006652812007814646,8279.967262373988,7830.8902679908015,26066.88731956482,28534.117730208563,1753.6458550532127
1247,3,Case3,6x8_048,1.0,71.0,6x8,2,2,5.853444235981442e-07,0.9998953342437744,0.0001040325514622964,6563.468961879951,6336.574472721761,37520.93623316288,38790.26251939655,1163.8539713904347
1248,4,Case3,6x8_049,-37.0,22.0,6x8,2,3,9.460719593334943e-05,0.4210384488105774,0.5788668990135193,7642.469373378412,7022.217499783932,29730.569416046143,33138.32093246463,2564.982823199337
1249,4,Case3,6x8_050,-16.0,44.0,6x8,2,2,4.90549882670166e-06,0.9986211061477661,0.0013739560963585973,7429.534916811786,7294.765644341597,33391.49010181427,34069.059135631134,712.1549431177524
1250,2,Case3,6x8_051,28.0,57.0,6x8,2,2,0.0002334869932383299,0.99974125623703,2.5268496756325476e-05,8469.189546572357,8689.382937398523,27317.886525154114,27010.14813804596,532.2778677788456
1251,3,Case3,6x8_052,-79.0,34.0,6x8,2,2,1.898052687465679e-05,0.9999799728393555,1.033291141538939e-06,8162.8014153166905,8082.003777587264,25674.852959632874,27348.426569733205,1247.5849219555685
1252,2,Case3,6x8_053,3.0,87.0,6x8,2,2,2.575963662820868e-06,0.9998575448989868,0.0001398255699314177,6097.274114105937,6013.227953779968,35786.184359550476,37345.05112673241,1029.4916804159404
1253,5,Case3,6x8_054,-17.0,-44.0,6x8,2,2,1.4053222002985422e-05,0.9227995872497559,0.07718633860349655,7415.760628275197,7456.26771636698,32829.24737453461,32329.153566104596,851.5286813431509
1254,3,Case3,6x8_055,44.0,-49.0,6x8,1,1,0.9974562525749207,0.0025327657349407673,1.0905674571404234e-05,10549.651234647934,10161.264401389488,16422.475189208984,16340.010178681789,379.3594408409557
1255,5,Case3,6x8_056,67.0,-19.0,6x8,2,2,1.4711420135427034e-06,0.9999631643295288,3.531980109983124e-05,7575.267173406533,7143.729497390261,33866.84399306774,34080.71432638313,564.1967881485662
1256,4,Case3,6x8_057,2.0,74.0,6x8,2,2,9.90636522146815e-07,0.9998194575309753,0.00017953704809769988,6404.5765113421485,6155.783557485458,37143.717519164085,38897.93687813332,1664.9520940221598
1257,3,Case3,6x8_058,82.0,19.0,6x8,2,2,9.228079761669505e-06,0.9998267292976379,0.00016406970098614693,6990.421326106947,6625.322955775645,33747.492173314095,32970.688529123094,630.6251750214868
1258,4,Case3,6x8_059,14.0,3.0,6x8,3,3,3.591585027606925e-06,5.956942914053798e-05,0.9999368190765381,4721.089115915396,4779.676451336722,36336.157368421555,38562.83375252719,1608.1300300723517
1259,2,Case3,6x8_060,44.0,-84.0,6x8,2,1,0.8368609547615051,0.16305124759674072,8.779556810623035e-05,8518.496274441966,7782.610649877733,19655.73733139038,17358.406505533727,1658.7359977180774
1260,2,Case3,6x8_061,0.0,-52.0,6x8,2,2,1.0121011655428447e-05,0.9309231638908386,0.06906675547361374,6986.884563563323,6624.803730207235,37861.77801042795,38461.64378852308,772.161233146008
1261,3,Case3,6x8_062,33.0,26.0,6x8,2,2,0.0006621459033340216,0.9369175434112549,0.06242024526000023,7828.853848038589,7355.8041230958825,27993.73330116272,28428.964749988045,652.0446146097164
1262,3,Case3,6x8_063,-75.0,38.0,6x8,2,2,0.0003170843992847949,0.9996820688247681,9.024063274409855e-07,8564.10510985636,8415.572649266389,22802.475021362305,23247.09743999065,479.4717053190368
1263,3,Case3,6x8_064,-20.0,55.0,6x8,2,2,4.022673238068819e-06,0.9999885559082031,7.3975365921796765e-06,7891.335126607133,7830.908923495072,32376.72755739093,32185.089163623197,410.7869991416738
1264,5,Case3,6x8_065,72.0,31.0,6x8,2,2,3.090049358434044e-05,0.9999643564224243,4.721616278402507e-06,8228.556080062759,7706.948552077909,27195.764330387115,27719.162734985504,526.3124225808008
1266,4,Case3,6x8_067,-83.0,68.0,6x8,1,1,0.9999263286590576,7.112027378752828e-05,2.4887319796107477e-06,5037.133195018236,5574.141350098367,9199.939998626709,9130.610978638304,226.23819698438166
1267,4,Case3,6x8_068,-26.0,-1.0,6x8,3,3,1.605739385013294e-06,0.0001468904665671289,0.9998515844345093,5677.412801135068,5085.821580103213,37100.69652557373,39062.49666879085,1690.0500301811994
1268,5,Case3,6x8_069,-36.0,57.0,6x8,2,2,0.4137807786464691,0.5861927270889282,2.652771581779234e-05,9272.518168259172,9707.065269523086,21486.99746322632,20412.07943560689,818.3948303624022
1269,1,Case3,6x8_070,-89.0,-51.0,6x8,1,1,0.9081234931945801,0.09182354807853699,5.290695480653085e-05,8249.701067765836,8393.470894487436,14458.86022567749,16807.584968446852,1678.10719962343
1270,2,Case3,6x8_071,-45.0,-29.0,6x8,2,2,0.0005908035673201084,0.9963704347610474,0.003038767958059907,8588.500874257914,8054.606929693798,24727.49139213562,25545.767375782878,562.4829075740271
1271,4,Case3,6x8_072,-29.0,13.0,6x8,3,3,2.440945991111221e-06,0.00031294638756662607,0.9996846914291382,6421.020342466547,5380.748119090364,35117.59205055237,38025.428439100346,2402.2174166011237
1272,4,Case3,6x8_073,-22.0,46.0,6x8,2,2,1.5580339095322415e-05,0.9999200105667114,6.441982259275392e-05,7991.318059068361,8101.984403164288,29961.142296791077,30692.796541137584,709.951316178413
1273,4,Case3,6x8_074,-1.0,-8.0,6x8,3,3,3.5947884953202447e-06,4.825878204428591e-05,0.9999481439590454,4458.615577910378,4955.345667866955,34581.82697916031,38199.83580790377,2030.086910070581
1274,5,Case3,6x8_075,-22.0,82.0,6x8,2,2,1.8830154431270785e-06,0.9999791383743286,1.9001392502104864e-05,7138.576514473828,6763.695540888457,32541.30011790991,32546.24853822107,671.0963660160527
1275,4,Case3,6x8_076,50.0,5.0,6x8,2,2,6.663000931439456e-06,0.6458498239517212,0.35414353013038635,7036.320129332741,6366.785355628059,37377.317967653275,38593.85577938652,1480.7847403068884
1278,4,Case3,6x8_079,-67.0,39.0,6x8,2,2,0.005370963364839554,0.9946262240409851,2.830900712069706e-06,9028.989566253744,9067.471680868715,21204.891162872314,22329.508835619148,1051.382442080715
1279,4,Case3,6x8_080,-53.0,-64.0,6x8,1,1,0.9999547004699707,4.312353485147469e-05,2.1273160655255197e-06,10111.146711082843,8963.935190950115,14173.245239257812,12279.209988603969,1272.6379623797193
1280,2,Case3,6x8_081,-38.0,-72.0,6x8,2,2,0.16788946092128754,0.831838071346283,0.0002724060614127666,8680.800592914631,7373.750793938507,22483.64617919922,17386.459125644826,3421.273259170995
1281,1,Case3,6x8_082,85.0,48.0,6x8,1,1,0.6334409713745117,0.36653584241867065,2.3197177142719738e-05,8578.513992319487,8766.713200923326,17553.98579788208,17181.296516948474,410.2741941937331
1282,5,Case3,6x8_083,-12.0,85.0,6x8,2,2,5.829736551277165e-07,0.9999366998672485,6.269396544666961e-05,6463.958490693491,5851.00124137578,35424.888345718384,35845.44049463367,734.2701132146395
1283,4,Case3,6x8_084,77.0,-48.0,6x8,1,1,0.9853717684745789,0.014619220048189163,9.077465620066505e-06,8906.27660502941,8933.196269944083,17159.611248016357,15011.270528461979,1498.8413371304916
1284,1,Case3,6x8_085,45.0,75.0,6x8,2,1,0.8210453987121582,0.17871806025505066,0.00023656649864278734,8900.982015934325,7794.186834787361,18554.359394073486,15552.021347475706,1978.3947159645786
1285,2,Case3,6x8_086,-41.0,-54.0,6x8,1,1,0.9951199889183044,0.00487077422440052,9.22684102988569e-06,9852.83434575456,10060.595823909167,17830.686027526855,15340.080744363018,1787.3810094026464
1286,1,Case3,6x8_087,-38.0,89.0,6x8,2,2,0.003204466076567769,0.9966891407966614,0.0001064333482645452,8149.316952421689,8165.727549470372,23348.006154060364,22108.101912094564,832.8182024765807
1288,3,Case3,6x8_089,18.0,-35.0,6x8,3,3,7.575604104204103e-05,0.2798566520214081,0.7200675010681152,7100.982621180198,7009.337870181171,32288.256896018982,35597.66190978292,2439.3957138007704
1289,4,Case3,6x8_090,-65.0,24.0,6x8,2,2,3.56088503394858e-06,0.9999849796295166,1.1415017979743425e-05,7982.342931067636,7061.156273501505,31071.103372842073,30818.938875555654,407.6156521445441
1290,5,Case3,6x8_091,11.0,36.0,6x8,3,2,5.579946446232498e-06,0.9843990802764893,0.01559529546648264,6627.652973903583,6871.355368566113,35250.075733184814,36551.16155741587,1252.933739120128
1291,3,Case3,6x8_092,-38.0,-40.0,6x8,1,1,0.6559460163116455,0.3437849283218384,0.00026910522137768567,9785.012728640324,9980.814494566981,19993.843063354492,18472.57055040697,1349.134568062057
1292,4,Case3,6x8_093,-70.0,-78.0,6x8,1,1,0.9995658993721008,0.000398265226976946,3.590439519030042e-05,5159.2463290288115,4433.25046253655,9096.195659637451,7715.68052174615,987.8357144931769
1293,3,Case3,6x8_094,73.0,-55.0,6x8,1,1,0.999972939491272,2.4514596589142457e-05,2.561461315053748e-06,8508.131886261093,9051.622593043516,12606.26262664795,13036.479294615294,381.51243541943603
1294,3,Case3,6x8_095,68.0,-30.0,6x8,2,2,4.8549809434916824e-05,0.9999476671218872,3.811621354543604e-06,8333.378532982306,7766.278076378765,27488.70371723175,28523.63670570791,846.8923302476634
1295,5,Case3,6x8_096,84.0,-52.0,6x8,1,1,0.9996657371520996,0.00032185172312892973,1.2373918252706062e-05,8166.172607527085,8088.061582431604,13970.095970153809,14180.646643953494,464.37454743281467
1300,3,Case3,6x8_101,48.0,15.0,6x8,2,2,1.185179098683875e-05,0.9939258694648743,0.006062272470444441,7432.226229484006,6691.808708401913,34197.79351615906,35515.27739430606,1279.523283155635
1302,1,Case3,6x8_103,66.0,14.0,6x8,2,2,2.3044874524202896e-06,0.9991512298583984,0.0008465122082270682,7184.262851352114,7031.009429405365,35819.824682056904,34053.73064049162,1218.4485160986685
1303,2,Case3,6x8_104,83.0,3.0,6x8,2,2,2.6537757094047265e-06,0.9980564117431641,0.0019409736851230264,6092.318340201479,6487.164577617419,35993.04936885834,38393.18005534816,1635.6137302531365
1304,1,Case3,6x8_105,89.0,-77.0,6x8,1,1,0.9999802112579346,9.334872629551683e-06,1.0447902241139673e-05,3805.380473736686,4489.190222630954,8015.602584838867,8354.421321621441,352.29085191492425
1305,1,Case3,6x8_106,-12.0,43.0,6x8,2,2,8.923295354179572e-06,0.9098342657089233,0.09015684574842453,7094.357934988239,6767.705610057848,35105.361810684204,36770.08358688451,1432.724830408953
1310,2,Case3,6x8_111,7.0,87.0,6x8,2,2,2.7233484161115484e-06,0.999887228012085,0.00010998464858857915,6249.152885527738,6129.658444165745,35699.10906779766,37006.56138012346,906.2670849333531
1311,5,Case3,6x8_112,21.0,-8.0,6x8,3,3,8.629200465293252e-07,1.700719258224126e-05,0.9999821186065674,5371.162629558365,5164.368221998936,36769.71540403366,36551.97009475044,488.0140243501446
1312,5,Case3,6x8_113,35.0,-2.0,6x8,3,3,7.599832088089897e-07,0.0005073733045719564,0.9994919300079346,6318.030640230154,5222.629009663157,36915.87106132507,37562.6885460228,993.3862909705557
1313,2,Case3,6x8_114,-35.0,-78.0,6x8,2,2,0.0012647135881707072,0.998548686504364,0.0001866050297394395,8222.349213646074,7537.553265698818,24949.17180633545,22870.96076013486,1341.41280494651
1314,3,Case3,6x8_115,22.0,74.0,6x8,2,2,4.765920948557323e-06,0.9999780654907227,1.7210206351592205e-05,7445.467270484865,6996.297208811057,32591.521212637424,32541.2771695774,516.1393853594914
1315,1,Case3,6x8_116,12.0,-85.0,6x8,2,2,3.437875193412765e-06,0.9921034574508667,0.00789313018321991,6465.063323678779,6386.678296455592,35431.03103160858,35959.182825173084,665.6695444705767
1316,3,Case3,6x8_117,-87.0,33.0,6x8,2,2,7.551069757028017e-06,0.9999904632568359,1.9266844901721925e-06,7847.524023385839,8022.368996075606,26501.251106262207,29372.02665017493,2067.2937077708366
1317,4,Case3,6x8_118,54.0,-88.0,6x8,1,1,0.9914148449897766,0.00788977649062872,0.0006954169948585331,7423.67117461338,6131.873539527552,13072.950675964355,12057.56515455708,881.2038703327576
1318,4,Case3,6x8_119,31.0,-10.0,6x8,3,3,3.4662382404349046e-06,0.00018493513925932348,0.999811589717865,6210.350260559193,5160.843953128429,35777.01540184021,38667.490376794514,2516.151865973914
1319,2,Case3,6x8_120,-58.0,-26.0,6x8,2,2,3.269948865636252e-05,0.9998146891593933,0.0001526293926872313,8283.694255242888,8035.416898560864,28866.781861782074,28401.72402377291,443.2453893463075
1321,2,Case3,6x8_122,20.0,-73.0,6x8,2,2,1.2984757631784305e-05,0.999729573726654,0.00025746345636434853,7393.279409982616,7218.900356877599,33537.74735723436,33138.59900810911,496.7454441002892
1322,5,Case3,6x8_123,76.0,4.0,6x8,2,2,2.7283849703962915e-06,0.9953675270080566,0.004629775881767273,6354.458186437243,6514.519910094641,36811.26624801755,37000.64302195524,623.5916471672781
1324,4,Case3,6x8_125,-3.0,72.0,6x8,2,2,7.802372579135408e-07,0.999849796295166,0.00014938476670067757,6524.992565918011,6194.098438307837,37366.78928772174,38897.61105641791,1507.2116303863522
1325,4,Case3,6x8_126,-8.0,18.0,6x8,3,3,1.956255118784611e-06,5.0311176892137155e-05,0.9999477863311768,5232.978617811867,5031.134608355926,36770.634955149144,38439.36231937463,1273.9717026216276
1326,5,Case3,6x8_127,-66.0,77.0,6x8,1,1,0.9999476671218872,4.645135049941018e-05,5.861272256879602e-06,5823.02316160585,4806.086819101553,9722.757888793945,8630.528762522095,858.3138735204403
1327,3,Case3,6x8_128,59.0,-70.0,6x8,1,1,0.9999828338623047,5.089817477710312e-06,1.1984598131675739e-05,7556.256506674854,6844.350082250128,11689.819610595703,9849.373326916902,1301.098862148419
1328,3,Case3,6x8_129,24.0,11.0,6x8,3,3,4.836950211029034e-06,0.0003981995105277747,0.999596893787384,5787.35396635674,4827.624641720281,36175.08353614807,37892.36076276329,1519.19730302238
1330,4,Case3,6x8_131,41.0,53.0,6x8,1,1,0.9316092133522034,0.06837668269872665,1.4136141544440761e-05,9893.351128859907,10169.981914302543,17725.2247467041,16430.710155531113,1019.6446032884627
1331,2,Case3,6x8_132,38.0,35.0,6x8,2,2,0.0026022219099104404,0.997318685054779,7.913062290754169e-05,9260.239153875234,9152.568117653267,21754.505031585693,21786.961051520768,500.47080056619336
1332,2,Case3,6x8_133,-21.0,37.0,6x8,2,2,4.682124199462123e-05,0.983799934387207,0.01615329273045063,7573.1538247700055,7248.565287919241,30381.42730998993,30510.266701904064,601.0114039505308
1333,1,Case3,6x8_134,-56.0,37.0,6x8,2,2,0.009218835271894932,0.9907756447792053,5.486564987222664e-06,9358.531050478816,9426.280326740163,20602.47836303711,22302.854882974807,1035.0090854819493
1334,1,Case3,6x8_135,39.0,-76.0,6x8,2,2,0.1328742504119873,0.8598188161849976,0.007306978106498718,8590.93301384347,9160.611974109976,22243.89108657837,20796.481351928323,999.3287855952905
1335,4,Case3,6x8_136,8.0,-68.0,6x8,2,2,2.522910563129699e-06,0.9974696636199951,0.0025278530083596706,6874.274104496997,6509.568228305552,37250.71263194084,36395.71308308737,645.9320184044242
1336,2,Case3,6x8_137,68.0,53.0,6x8,1,1,0.9979355335235596,0.002062311163172126,2.153974264729186e-06,9757.606540082235,8922.854608373174,14443.67292022705,12450.3059843163,1256.6875787620227
1337,2,Case3,6x8_138,-28.0,-75.0,6x8,2,2,6.220717477845028e-05,0.9997103810310364,0.000227344615268521,7885.83162693426,7701.604322293439,29272.32391630113,29735.19968085884,783.2203662952135
1339,4,Case3,6x8_140,1.0,-3.0,6x8,3,3,4.776759851665702e-06,4.8788504500407726e-05,0.9999464750289917,11666.361419880124,4979.453161032395,38677.14109802246,37808.87686359056,2268.1494281487962
1343,5,Case3,6x8_144,-86.0,-39.0,6x8,2,2,0.00022671534679830074,0.9997662901878357,7.024067144811852e-06,8245.2091005155,8227.79601341085,22677.733964920044,23879.77384247003,1018.9148359951207
1344,1,Case3,6x8_145,29.0,32.0,6x8,2,2,0.002624657703563571,0.9541248083114624,0.043250590562820435,8213.725370626771,8029.296020548293,26804.465641498566,28158.79929439947,1076.8242828397242
1347,5,Case3,6x8_148,46.0,-62.0,6x8,1,1,0.9998687505722046,0.00012161074118921533,9.679231879999861e-06,9783.137497338115,9760.856638118914,16456.991203308105,14685.020361129156,1289.1807554813192
1348,2,Case3,6x8_149,24.0,-59.0,6x8,2,2,0.0001393078127875924,0.9997441172599792,0.00011661392636597157,8155.214235977045,7944.701005525343,30409.301865816116,28885.231926012013,1033.0819760741183
1349,2,Case3,6x8_150,15.0,-47.0,6x8,2,2,4.904509478365071e-05,0.9853391647338867,0.014611766673624516,7446.097303996584,7196.897788355351,34138.97739696503,33193.58926511826,820.8939278525628
1350,1,Case3,6x8_151,-66.0,-82.0,6x8,1,1,0.9725807309150696,0.027178840711712837,0.0002404698170721531,5373.7745298167065,4810.084071456194,9582.351867675781,9273.470876171732,299.52735060648956
1351,3,Case3,6x8_152,-23.0,-66.0,6x8,2,2,7.599259333801456e-06,0.99979168176651,0.00020068396406713873,7800.064742828617,7964.42946595371,31717.45244203182,31429.015789433284,687.589450046834
1352,5,Case3,6x8_153,50.0,-62.0,6x8,1,1,0.9999716281890869,2.3226355551742017e-05,5.127488748257747e-06,10092.907418373728,9414.905094508513,14907.856819152832,13166.144143087779,1238.7550512358096
1353,2,Case3,6x8_154,-65.0,-65.0,6x8,1,1,0.9999539852142334,4.368528971099295e-05,2.41120233113179e-06,7118.58233050215,6788.045845966189,10910.121948242188,8986.329294724275,1399.035785199763
1354,4,Case3,6x8_155,11.0,-32.0,6x8,3,3,3.0178980523487553e-06,0.00047288797213695943,0.9995241165161133,6456.77124940812,6422.213971000712,35461.84052848816,36646.83475929779,1110.9660687288597
1355,5,Case3,6x8_156,70.0,-86.0,6x8,1,1,0.9998741149902344,2.2519992853631265e-05,0.00010330852819606662,4628.682805172048,3871.889165715814,8830.880466461182,7878.851571750948,742.3904743932505
1356,3,Case3,6x8_157,78.0,-26.0,6x8,2,2,2.673443486855831e-05,0.9999628067016602,1.048665217240341e-05,7605.588560620867,7456.738203543211,30528.765560388565,30390.0178171584,453.8622020075603
1357,4,Case3,6x8_158,17.0,-43.0,6x8,2,2,0.0001456140453228727,0.875133216381073,0.12472113966941833,7452.457229851058,7446.5637472059,32788.26205825806,32906.4918695147,902.2079601883788
1359,4,Case3,6x8_160,47.0,-13.0,6x8,2,2,1.9645185602712445e-05,0.7515200972557068,0.24846024811267853,7323.676722964833,6426.355405573728,35000.142886161804,36944.98159442784,1895.8658062835282
1360,3,Case3,6x8_161,-43.0,-45.0,6x8,1,1,0.9929414987564087,0.0070329224690794945,2.5513321816106327e-05,10526.70491771137,10737.516111582689,17255.99666595459,15662.088544657683,1332.5115421474038
1362,1,Case3,6x8_163,-84.0,28.0,6x8,2,2,1.7574370758666191e-06,0.9999862909317017,1.1917440133402124e-05,7573.259908729455,7615.6149745274815,29475.75877714157,31262.66551408093,1345.1577055802768
1364,4,Case3,6x8_165,-5.0,10.0,6x8,3,3,3.266411795266322e-06,4.8953184887068346e-05,0.9999477863311768,4616.933906948276,4799.991045762123,35385.63230009377,38330.07375030014,1740.8330564996681
1365,3,Case3,6x8_166,-61.0,-3.0,6x8,2,2,5.829949714097893e-06,0.9888233542442322,0.01117075327783823,6983.137187310844,6606.260947571324,37977.43780386448,37100.68027891481,921.7306040751924
1366,5,Case3,6x8_167,-4.0,-6.0,6x8,3,3,9.685796840130934e-07,6.639399089181097e-06,0.9999923706054688,4475.429064875118,5148.175456893463,34403.83818817139,37023.63378967554,1504.296558293624
1367,5,Case3,6x8_168,-5.0,-1.0,6x8,3,3,8.805908464637469e-07,6.782032869523391e-06,0.9999923706054688,11596.198175792388,5140.478294544786,38294.377558231354,37482.18957607444,2111.3761460346514
1368,5,Case3,6x8_169,58.0,-70.0,6x8,1,1,0.9999834299087524,7.048900897643762e-06,9.520233106741216e-06,7739.77926808732,7301.121800155304,11941.01375579834,10816.793175932218,843.022970545832
1370,1,Case3,6x8_171,-6.0,-18.0,6x8,3,3,1.9055777329413104e-06,0.00015686952974647284,0.9998412132263184,5089.866871509018,5272.486211626412,36823.1075347662,38682.660531768786,1542.3205136960567
1372,4,Case3,6x8_173,82.0,-55.0,6x8,1,1,0.9998384714126587,0.00015868659829720855,2.8099705104978057e-06,7472.678202325305,7682.6958077848485,12685.558261871338,11514.991299337993,1047.714914435536
1373,5,Case3,6x8_174,-76.0,51.0,6x8,1,1,0.9840918779373169,0.01590275950729847,5.303005764289992e-06,9047.427144463363,8837.807917357753,15764.211769104004,14721.889584144248,688.9598631140323
1374,1,Case3,6x8_175,-73.0,85.0,6x8,1,1,0.9998797178268433,0.00011332282156217843,6.891777502460172e-06,4298.767565050063,3996.1827002354867,8476.20136642456,7991.001758105043,355.26371271888155
1375,1,Case3,6x8_176,-36.0,30.0,6x8,2,2,0.00022449817333836108,0.9943585991859436,0.00541690643876791,8548.896667769483,8151.975500047652,24884.28039932251,27549.029789407727,1935.0057893707296
1376,5,Case3,6x8_177,25.0,-81.0,6x8,2,2,5.1610832088044845e-06,0.998695433139801,0.0012994237476959825,7423.009736441361,7149.573012115616,31113.929184675217,33410.3190988516,1858.2468579943536
1377,3,Case3,6x8_178,27.0,63.0,6x8,2,2,3.439149077166803e-05,0.9999580383300781,7.528261448896956e-06,8265.42436139755,8139.402869001089,28932.5890045166,28205.75302965223,531.061860313488
1378,4,Case3,6x8_179,73.0,-44.0,6x8,1,1,0.7255194783210754,0.2744485139846802,3.195875251549296e-05,8955.63071410123,9345.0006146824,18908.00440979004,17531.620185898035,1007.2043613208851
1379,2,Case3,6x8_180,-14.0,88.0,6x8,2,2,4.2947285692207515e-06,0.999947190284729,4.8526228056289256e-05,6545.629000487574,6347.034742444912,34994.410708904266,34859.40049426819,506.72948812542177
1380,2,Case3,6x8_181,88.0,45.0,6x8,2,2,0.14252455532550812,0.8574517369270325,2.3755525035085157e-05,8451.107427438883,9103.360029648084,19176.272129058838,19115.22981346634,422.0589001053146
1381,3,Case3,6x8_182,-14.0,42.0,6x8,2,2,4.815020474779885e-06,0.9950287938117981,0.004966409411281347,7194.064545145668,6641.466277224931,34222.03645515442,36949.54371010205,1984.4658344743307
1383,1,Case3,6x8_184,83.0,43.0,6x8,2,2,0.023339703679084778,0.9766478538513184,1.251292178494623e-05,8463.30543035326,9286.397014733122,20192.0601272583,21371.135288631674,926.3888988900463
1384,2,Case3,6x8_185,-18.0,49.0,6x8,2,2,1.0663425200618804e-05,0.9997897744178772,0.00019959508790634573,7673.002966797708,7421.596285650148,32798.60225439072,30898.65162718063,1438.606599892291
1385,3,Case3,6x8_186,-54.0,1.0,6x8,2,2,8.36616163724102e-06,0.9632154703140259,0.03677620366215706,6935.904182205977,6610.018856671055,37927.22586289048,37321.849470714886,1037.085111369163
1386,3,Case3,6x8_187,-47.0,-37.0,6x8,2,2,0.26773548126220703,0.7321578860282898,0.00010663179273251444,9606.501330315676,9524.203428056093,19459.410552978516,19789.348586699565,403.4029709592753
1387,3,Case3,6x8_188,-40.0,56.0,6x8,1,2,0.4088934063911438,0.5910929441452026,1.3646848856296856e-05,9675.16863801265,9987.742692470896,18709.24757385254,19451.05341388465,673.9267773982943
1389,3,Case3,6x8_190,-80.0,40.0,6x8,2,2,0.0005671161343343556,0.9994317889213562,1.108044898501248e-06,8422.872777840304,8438.573241857306,21871.981464385986,22492.02462000207,570.6986328590784
1390,2,Case3,6x8_191,-75.0,6.0,6x8,2,2,2.429624828437227e-06,0.9990246295928955,0.0009728867444209754,6422.412645482792,6279.337541669711,36881.030034542084,38303.981539293905,1342.7062041079398
1391,5,Case3,6x8_192,89.0,-86.0,6x8,1,1,0.999902606010437,1.1104932127636857e-05,8.634647383587435e-05,3263.2384852150544,3634.0614857873848,7514.056431770325,7476.450786026447,224.4973349390324
1392,2,Case3,6x8_193,48.0,41.0,6x8,1,2,0.20279015600681305,0.797154426574707,5.54753169126343e-05,10138.970888222835,9970.03040802082,17494.41123199463,17739.471664503293,384.77422563469327
1393,2,Case3,6x8_194,-11.0,-16.0,6x8,3,3,1.357097971776966e-06,4.883843212155625e-05,0.9999498128890991,5228.982367353595,5462.18212135264,36571.86664223671,36579.93808264841,477.1316512520021
1394,1,Case3,6x8_195,12.0,71.0,6x8,2,2,1.7588142782187788e-06,0.9995823502540588,0.0004158563679084182,6943.969177304097,6968.196331425472,36307.831359386444,37622.77873155004,1106.3076738160173
1395,4,Case3,6x8_196,-32.0,84.0,6x8,2,2,0.00014345695672091097,0.9998449087142944,1.1568437003006693e-05,7819.0313174857465,7563.680339001994,27077.732695817947,25378.524750990095,1070.9886438822853
1396,5,Case3,6x8_197,-80.0,-38.0,6x8,2,2,0.0003457596176303923,0.9996484518051147,5.807491106679663e-06,8318.639383663185,8287.027717308853,23104.887689590454,23919.772852625887,766.2374781501464
1397,5,Case3,6x8_198,-82.0,-53.0,6x8,1,1,0.9959652423858643,0.004027397371828556,7.370142611762276e-06,8013.239517912473,8404.77679640874,13509.727100372314,13886.641871995198,434.3693756084364
1399,4,Case3,6x8_200,88.0,-42.0,6x8,2,2,0.08683132380247116,0.9131460785865784,2.2594576876144856e-05,8369.427687454398,8595.670051475521,20877.812116622925,19453.56173292223,1008.0229251828567
1400,2,Case3,6x8_201,-73.0,-27.0,6x8,2,2,1.3430701073957607e-05,0.9999643564224243,2.215471977251582e-05,7833.200873076521,7547.734554556176,29774.032919727266,29337.39172276197,420.3956696316824
1401,2,Case3,6x8_202,-24.0,-76.0,6x8,2,2,1.7715259673423134e-05,0.9995049238204956,0.00047738582361489534,7562.042931729598,7233.566703508099,31578.735417425632,32942.72444851452,1315.5584203000094
1402,2,Case3,6x8_203,33.0,58.0,6x8,2,2,0.005456740967929363,0.9945181012153625,2.5124834792222828e-05,8922.736624749012,9231.736320662449,23818.8722114563,22760.02041282276,834.332379830507
1404,1,Case3,6x8_205,-58.0,-50.0,6x8,1,1,0.9998874664306641,0.0001099797518691048,2.467147623974597e-06,10472.657888161299,10000.29270890458,14659.891571044922,14079.019881988133,380.54419828472084
1405,1,Case3,6x8_206,4.0,90.0,6x8,2,2,9.060919410330825e-07,0.9991119503974915,0.000887150876224041,6074.178893100809,5991.529009301153,35691.74726486206,37498.95214408691,1320.035128157186
1406,1,Case3,6x8_207,19.0,-83.0,6x8,2,2,6.198083156050416e-06,0.9954741597175598,0.004519584123045206,6869.886997972456,6691.695687399439,33745.33498287201,34271.42626514013,737.9108906129261
1408,4,Case3,6x8_209,58.0,-69.0,6x8,1,1,0.9999836683273315,1.2897754459118005e-05,3.5055702483077766e-06,7789.59403319423,6981.456722820052,11928.541625976562,10128.029419546408,1274.9608288572783
1409,3,Case3,6x8_210,-10.0,23.0,6x8,3,3,2.6266293389198836e-06,0.0002829590521287173,0.9997144341468811,5824.119094159258,5348.634293098154,36487.62014293671,36179.641568164974,686.6637627113495
1410,3,Case3,6x8_211,55.0,-59.0,6x8,1,1,0.9999818801879883,1.5297999198082834e-05,2.9184379854996223e-06,8978.187506220806,9901.180313435008,12645.484909057617,13198.150648777388,489.9442866780061
1411,5,Case3,6x8_212,-63.0,54.0,6x8,1,1,0.9998816251754761,0.0001176688601844944,7.67520191402582e-07,9101.960891233519,9198.377009752672,12869.153778076172,12548.464419168726,356.34899842560776
1412,4,Case3,6x8_213,67.0,-42.0,6x8,1,2,0.49624866247177124,0.5037106275558472,4.078452548128553e-05,9206.72136326551,9605.687718679184,19318.765064239502,18530.818998863157,663.15297658052
1413,1,Case3,6x8_214,63.0,-14.0,6x8,2,2,2.5899694264808204e-06,0.9996095299720764,0.0003878757415805012,7290.130246442609,7111.0763755177995,35777.06127180159,35358.9634412068,564.5300693320214
1416,4,Case3,6x8_217,21.0,56.0,6x8,2,2,1.7905471395351924e-05,0.9999499320983887,3.212754018022679e-05,7964.986209461052,8062.932763845769,31890.01699630916,30848.160012108794,777.7546585880757
1418,4,Case3,6x8_219,-7.0,65.0,6x8,2,2,5.286163400342048e-07,0.9999361038208008,6.336256046779454e-05,6930.127787248348,6604.28238835726,37508.93577504158,38153.63885540665,984.1832533108764
1419,5,Case3,6x8_220,14.0,-23.0,6x8,3,3,1.2779719327227212e-06,3.686601121444255e-05,0.9999618530273438,5959.955807120186,5987.154997985799,35741.71966743469,35952.77157114805,616.562639544443
1420,2,Case3,6x8_221,74.0,-56.0,6x8,1,1,0.9999430179595947,5.6446097005391493e-05,4.406506945997535e-07,8090.578951756315,8258.771747408911,12261.87915802002,12176.135441539078,436.3209707223205
1422,3,Case3,6x8_223,-78.0,-48.0,6x8,1,1,0.9736282825469971,0.026362527161836624,9.221937943948433e-06,8840.226574770282,8561.208280203755,17212.463150024414,15296.944438788643,1344.071965251319
1423,1,Case3,6x8_224,-4.0,-43.0,6x8,3,3,4.560376510198694e-06,0.4610203802585602,0.5389750599861145,6764.1115453021275,6527.063507731544,37047.11306476593,36762.24076530386,772.22947594497
1424,5,Case3,6x8_225,2.0,-73.0,6x8,2,2,9.93397975435073e-07,0.9964648485183716,0.003534154500812292,6553.010319310652,6215.286011823237,37281.19411754608,38149.50828967413,896.4086051471821
1425,5,Case3,6x8_226,-42.0,80.0,6x8,2,2,0.42390450835227966,0.5759400129318237,0.0001554261107230559,8552.20040250302,7498.7430953877165,20635.96471786499,17205.05567308644,2247.4707672904583
1426,1,Case3,6x8_227,-42.0,-6.0,6x8,3,3,9.177010724670254e-06,0.3302142024040222,0.6697766184806824,6693.42287489041,5830.5646282963135,36662.48963356018,38133.105123019166,1529.15057667977
1427,1,Case3,6x8_228,60.0,-31.0,6x8,2,2,0.00023589818738400936,0.9997431635856628,2.093941111525055e-05,8738.366091642509,8002.198689055989,25650.132709503174,25743.77071308212,441.9996552834186
1428,5,Case3,6x8_229,42.0,86.0,6x8,2,2,0.0025430130772292614,0.9974251985549927,3.187065158272162e-05,8381.00800029211,7221.77379535281,20871.077533721924,18885.14797411815,1295.1305934831344
1430,2,Case3,6x8_231,-69.0,24.0,6x8,2,2,7.689513950026594e-06,0.9999741315841675,1.8172990166931413e-05,7857.202257117829,7574.923050983246,31365.772940337658,29166.39093182103,1485.212759777696
1431,5,Case3,6x8_232,-8.0,-27.0,6x8,3,3,6.847433837720018e-07,8.151522342814133e-05,0.99991774559021,5850.978171923159,5964.788544987425,36499.58576965332,36528.21769344438,544.777519850203
1432,4,Case3,6x8_233,61.0,-20.0,6x8,2,2,2.2984652332525e-06,0.9999663829803467,3.136981467832811e-05,7748.886318284446,7317.247941641147,33002.07320702076,33591.538729409796,884.61321181768
1433,3,Case3,6x8_234,-49.0,-40.0,6x8,1,1,0.8993909955024719,0.10056054592132568,4.848478056374006e-05,9970.38659431247,10194.898008383576,17933.274459838867,17435.668924420876,601.3702168196801
1434,2,Case3,6x8_235,-62.0,7.0,6x8,2,2,2.2910501229489455e-06,0.9984195232391357,0.001578241353854537,7078.423705696617,6341.292149687876,37531.34736967087,37398.902423248015,781.0878553418205
1435,1,Case3,6x8_236,16.0,-57.0,6x8,2,2,1.5314632037188858e-05,0.9987176656723022,0.0012670663418248296,7628.289549770601,7894.878578784037,34648.86843544245,33954.274345364254,786.1770988972821
1436,5,Case3,6x8_237,-32.0,66.0,6x8,2,2,0.0020664683543145657,0.9979137778282166,1.969706681848038e-05,8548.647654237193,8783.343972292787,25876.330978393555,25826.168214752026,399.8707667362091
1437,4,Case3,6x8_238,64.0,-22.0,6x8,2,2,3.175076017214451e-06,0.9999829530715942,1.388157943438273e-05,7889.215706722138,7370.029922247673,32152.48348426819,32276.058646289133,670.063699242017
1438,2,Case3,6x8_239,30.0,17.0,6x8,3,3,3.5261170978628797e-06,0.0032927910797297955,0.9967036843299866,6747.046115477801,6246.669149910242,33418.43165397644,34971.99256510269,1461.9582350688966
1439,1,Case3,6x8_240,53.0,26.0,6x8,2,2,7.2921006903925445e-06,0.99996018409729,3.251352609368041e-05,8363.402857447778,7730.047842022963,28078.979966163635,29295.30364937308,911.3291145715182
1440,1,Case3,6x8_241,13.0,6.0,6x8,3,3,2.3527411485702032e-06,0.00014735411969013512,0.9998502731323242,4704.787468038525,5161.882742635415,36269.21293282509,38173.5973147929,1451.950040342363
1441,1,Case3,6x8_242,-31.0,60.0,6x8,2,2,0.004068688955157995,0.9959129691123962,1.8271310182171874e-05,8739.001060592402,9253.480044972932,25660.53000831604,24340.0856889462,997.8247094852161
1442,1,Case3,6x8_243,-63.0,-63.0,6x8,1,1,0.9999840259552002,1.4415712939808145e-05,1.6016297195164952e-06,7559.22667347828,8501.651289592864,11283.315803527832,10688.998957417387,498.77403301620933
1443,3,Case3,6x8_244,85.0,-58.0,6x8,1,1,0.9999740123748779,2.1663396182702854e-05,4.327141596149886e-06,6607.7843090574115,7254.549185802648,11607.80205154419,11133.974190501622,538.039712770289
1445,5,Case3,6x8_246,60.0,61.0,6x8,1,1,0.999943733215332,5.527329267351888e-05,9.917673651216319e-07,8105.285428792315,9546.178032041465,11728.886848449707,11803.385093647532,213.1792231092003
1446,3,Case3,6x8_247,-83.0,78.0,6x8,1,1,0.9998935461044312,8.677106234245002e-05,1.965668889170047e-05,3927.089122401204,3731.8569829181147,8077.906858444214,7049.518183132657,733.0954672977856
1447,4,Case3,6x8_248,6.0,27.0,6x8,3,3,1.1677780094032642e-06,9.768463496584445e-05,0.9999010562896729,5791.7739625133845,5611.775629881751,36765.45414066315,37421.60462219632,779.5088718545096
1448,1,Case3,6x8_249,6.0,16.0,6x8,3,3,1.6922166423682938e-06,0.00010948165436275303,0.9998887777328491,5014.305032626578,5213.419474188376,36650.955443531275,38643.20940431777,1560.588238834531
1449,4,Case3,6x8_250,-47.0,64.0,6x8,1,1,0.9951168298721313,0.004880927503108978,2.2746016838937066e-06,9722.968671250654,9045.893279364886,16264.392684936523,14595.891461626527,1156.0239832877958
1450,3,Case3,6x8_251,-69.0,0.0,6x8,2,2,5.0848379942181055e-06,0.9874600172042847,0.012534890323877335,6711.061950537175,6512.315247843706,37716.01933825016,37902.88498864169,915.7749072791063
1451,1,Case3,6x8_252,-82.0,-45.0,6x8,2,2,0.40886035561561584,0.591074526309967,6.513473636005074e-05,8573.790222531932,8687.81611387075,18991.271076202393,19039.57860951018,534.6806936612694
1452,2,Case3,6x8_253,56.0,-34.0,6x8,2,2,0.015194978564977646,0.9847858548164368,1.918175257742405e-05,9076.25692555082,8349.413486918673,22711.182048797607,22286.26121448871,513.1293561559794
1453,4,Case3,6x8_254,-75.0,-17.0,6x8,2,2,1.467176389269298e-06,0.9996500015258789,0.00034856205456890166,6985.666126218877,6567.11895903647,34658.53632116318,37877.88994446003,2695.193185672997
1454,5,Case3,6x8_255,32.0,-60.0,6x8,2,2,0.017848994582891464,0.9818675518035889,0.0002834845508914441,8800.27444921991,9793.591802199146,24929.107805252075,24640.331334884708,716.803690810166
1455,1,Case3,6x8_256,-25.0,-11.0,6x8,3,3,3.0313954084704164e-06,0.0005574394017457962,0.999439537525177,5843.190840480883,5222.474035361142,36087.1326007843,37512.48134751106,1527.4496667098317
1456,2,Case3,6x8_257,65.0,80.0,6x8,1,1,0.997849702835083,0.0021454652305692434,4.896242899121717e-06,5664.080186782016,5473.989389175639,9788.989952087402,8951.634849570914,628.9247159266866
1457,5,Case3,6x8_258,54.0,-18.0,6x8,2,2,2.7564030915527837e-06,0.9998229146003723,0.0001743966422509402,7728.867450559708,7028.467315359268,33358.00868475437,33969.287033678265,713.1174015766875
1458,5,Case3,6x8_259,-6.0,38.0,6x8,3,2,3.154850446662749e-06,0.9698927402496338,0.030104082077741623,6503.150773829434,6238.301522832737,36540.38571357727,38687.742807366376,1681.8750064634628
1461,3,Case3,6x8_262,-57.0,76.0,6x8,1,1,0.999556839466095,0.00043593626469373703,7.11142320142244e-06,7558.61398659881,5731.14493873385,11929.749137878418,9570.199737546376,1811.5101617791274
1463,2,Case3,6x8_264,87.0,-65.0,6x8,1,1,0.9999798536300659,1.8915958207799122e-05,1.211828930536285e-06,5305.039548140751,5421.662105708121,9715.960308074951,9363.869245115457,400.99634324133484
1464,5,Case3,6x8_265,-25.0,-84.0,6x8,2,2,1.4951679077057634e-06,0.9991600513458252,0.0008384122047573328,7364.07269066722,6701.2695773085525,31080.692709445953,33369.337242353766,1823.0265698701573
1465,3,Case3,6x8_266,-26.0,-39.0,6x8,2,2,0.0009148699464276433,0.9928883910179138,0.006196704693138599,8088.4267124801745,8363.562464230352,26895.88272190094,25049.850234837213,1444.200541809405
1466,3,Case3,6x8_267,-33.0,-46.0,6x8,2,2,0.3338947296142578,0.6655988693237305,0.0005064427386969328,9075.226822935181,9959.2781985343,21948.852729797363,19985.931399693138,1555.5486723887927
1469,1,Case3,6x8_270,10.0,76.0,6x8,2,2,1.3708249753108248e-06,0.9994264841079712,0.000572114484384656,6608.6895829612595,6580.045892341033,36378.26493644714,37588.56417156544,1057.8126876062456
1470,5,Case3,6x8_271,-30.0,50.0,6x8,2,2,0.0027827948797494173,0.9972050786018372,1.2152614544902463e-05,8791.8371612224,9031.315099903548,24624.884134292603,25283.325611644686,753.3980430498972
1473,3,Case3,6x8_274,30.0,-25.0,6x8,3,3,0.001162810018286109,0.253457248210907,0.7453799843788147,7630.3017033136175,7400.76473177907,29556.07977771759,31819.512986191407,1907.520067179938
1474,5,Case3,6x8_275,80.0,-20.0,6x8,2,2,1.2838377188018057e-06,0.9999397993087769,5.8863584854407236e-05,7032.5052651227315,7220.99194522526,33411.7796984911,33662.8477026241,770.4961811749456
1475,2,Case3,6x8_276,-88.0,70.0,6x8,1,1,0.9999315738677979,6.692651368211955e-05,1.5161466535573709e-06,4574.052525793893,4750.1012769960225,8807.066261291504,8017.11414619935,606.9995013112134
1476,3,Case3,6x8_277,57.0,88.0,6x8,1,1,0.8168507814407349,0.18272756040096283,0.00042164584738202393,6725.494631969182,5262.804621709647,11914.519344329834,11064.716982152324,742.281219847661
1477,2,Case3,6x8_278,18.0,78.0,6x8,2,2,4.5450688048731536e-06,0.999954342842102,4.105432526557706e-05,6994.610887125247,6762.4091472214395,34242.59471428394,34307.93779408095,512.5166763394598
1479,1,Case3,6x8_280,-31.0,-12.0,6x8,3,3,3.42432463185105e-06,0.002041118685156107,0.9979554414749146,6447.859363591536,5334.12315965474,35183.37922668457,36952.27113808707,1829.9035855857815
1480,3,Case3,6x8_281,-72.0,-17.0,6x8,2,2,3.951806320401374e-06,0.9997557997703552,0.00024020957062020898,7202.390950658451,7191.27912027174,34721.428447917104,34279.81031043116,549.8844559318974
1481,4,Case3,6x8_282,25.0,-74.0,6x8,2,2,2.5071340132853948e-05,0.9992069602012634,0.0007680149865336716,7661.928819118145,7516.7680127913445,31027.632568597794,32104.24838025343,1018.882725176026
1482,1,Case3,6x8_283,34.0,-21.0,6x8,3,3,4.22245757363271e-05,0.029206842184066772,0.9707509279251099,7418.9342705987065,6661.504020808597,30713.59774684906,33055.92896494793,2013.2217266771179
1483,5,Case3,6x8_284,16.0,16.0,6x8,3,3,1.168404537565948e-06,2.4860331905074418e-05,0.9999738931655884,5666.968376549154,5250.848453642463,36179.35737705231,36020.770171286174,518.0900146372585
1484,1,Case3,6x8_285,-21.0,55.0,6x8,2,2,1.2057102139806375e-05,0.9998898506164551,9.812115604290739e-05,7927.092649356544,7857.857246327628,31780.06294933334,32103.097860512502,578.3346360511916
1485,2,Case3,6x8_286,40.0,-87.0,6x8,2,2,0.1098949983716011,0.8899415731430054,0.0001634374202694744,8307.12792888511,8078.44422588215,22103.942890167236,20997.96727025604,856.6999032146925
1486,4,Case3,6x8_287,-77.0,22.0,6x8,2,2,1.649140926929249e-06,0.9999790191650391,1.9378820070414804e-05,7289.995661164521,6919.879580764346,32600.262277796865,33799.663153011315,1154.7379164290976
1487,3,Case3,6x8_288,37.0,70.0,6x8,2,2,0.003116430016234517,0.9968634843826294,2.0162047803751193e-05,8722.215526615664,8652.507364890213,22944.639335632324,21985.343379651797,701.8004442520607
1488,3,Case3,6x8_289,-9.0,44.0,6x8,2,2,3.290258291599457e-06,0.9879092574119568,0.012087441980838776,6906.853491022047,6444.588232351083,36149.827916145325,38650.23342002825,1927.388683964296
1489,1,Case3,6x8_290,20.0,-82.0,6x8,2,2,7.113957963156281e-06,0.9959883093833923,0.004004623740911484,7056.508461354513,6758.344438933978,33394.8585934639,34011.42813379949,788.6741082637558
1491,2,Case3,6x8_292,71.0,-88.0,6x8,1,1,0.9999779462814331,1.9202998373657465e-05,2.871438255169778e-06,4440.792589714523,4066.989777751646,8665.215435028076,7720.742798444294,741.4605710220625
1492,1,Case3,6x8_293,-28.0,11.0,6x8,3,3,2.8876017950096866e-06,0.0016886981902644038,0.9983084201812744,6153.353974245149,5205.26395399626,35796.95371437073,37725.87908300814,1782.388737518371
1494,2,Case3,6x8_295,-84.0,-9.0,6x8,2,2,2.5300209927081596e-06,0.9994131326675415,0.0005843654507771134,6274.695035308122,6379.011509912345,35747.97952961922,37653.42248633213,1525.189567619316
1495,5,Case3,6x8_296,-48.0,82.0,6x8,1,1,0.9722878932952881,0.027655737474560738,5.643814438371919e-05,8675.147398280957,6342.24319819467,17442.02188873291,13338.863438754304,2770.782431330402
1496,4,Case3,6x8_297,-13.0,-4.0,6x8,3,3,3.4181837236246793e-06,6.068284346838482e-05,0.9999358654022217,4763.426686540797,4922.895130517033,36202.91110479832,38000.996564904526,1306.0616348882
1497,1,Case3,6x8_298,-19.0,-23.0,6x8,3,3,4.200694547762396e-06,0.00022304040612652898,0.999772846698761,6549.298616527987,6036.642437939771,34338.11218833923,35494.58906730081,1300.8887130354594
1498,2,Case3,6x8_299,5.0,-32.0,6x8,3,3,2.7127998691867106e-06,0.0004049565177410841,0.9995923638343811,6169.698890063019,6196.061323500121,36711.27350616455,35957.69615832118,867.0288941315811
1499,2,Case3,6x8_300,51.0,46.0,6x8,1,1,0.9373125433921814,0.0626680850982666,1.9311552023282275e-05,10662.987299966431,10263.384554989818,15722.65591430664,15007.025311898102,495.9270161867303
1500,3,Case3,8x8_001,65.0,19.0,8x8,2,2,3.6104765968048014e-06,0.9882193803787231,0.011776956729590893,5249.885931590668,5224.530232093311,34452.03413248062,35393.44533159274,942.3134610252855
1501,5,Case3,8x8_002,40.0,-51.0,8x8,2,2,0.005517060402780771,0.994148850440979,0.00033413711935281754,7021.8386147931415,6947.543123531756,18412.525003433228,18362.176572667126,441.11711002739224
1505,3,Case3,8x8_006,-15.0,-74.0,8x8,2,2,4.403428647492547e-06,0.9071915745735168,0.09280408918857574,4657.426772073546,4030.747116090779,35881.84691384435,36753.66884945443,901.5939208176411
1506,3,Case3,8x8_007,51.0,-83.0,8x8,2,2,0.4835951328277588,0.49245449900627136,0.02395033836364746,5358.561529995737,4115.706707889922,15783.713052749634,12030.171865238497,2452.3531110432355
1507,2,Case3,8x8_008,86.0,9.0,8x8,3,2,9.556087206874508e-06,0.6740037798881531,0.3259866237640381,3983.205115277853,4364.368635259186,35154.51866543293,38953.42293016447,2578.5944780915797
1508,2,Case3,8x8_009,-63.0,21.0,8x8,2,2,3.6643493785959436e-06,0.998577356338501,0.0014189654029905796,5483.825365886914,5088.579145514777,33315.96741056442,32876.42906260792,551.8676781633333
1509,5,Case3,8x8_010,-74.0,83.0,8x8,1,1,0.9796720147132874,0.01954539678990841,0.0007825783686712384,3176.3702391040138,2628.110321215971,9171.731014251709,7462.6586145900355,1076.9923590808962
1510,5,Case3,8x8_011,-39.0,-9.0,8x8,3,3,3.418200265059568e-07,7.27996593923308e-05,0.9999268054962158,5553.11723712837,4980.105388942922,36482.12752723694,38664.39828025206,2007.801126277261
1511,5,Case3,8x8_012,-56.0,9.0,8x8,2,3,4.5593401409860235e-06,0.2496577352285385,0.7503376603126526,5279.982570696419,4563.853676355645,37665.944999694824,39196.110506542595,1416.063383814728
1512,3,Case3,8x8_013,61.0,33.0,8x8,2,2,9.575865988153964e-06,0.9999411106109619,4.931454895995557e-05,6095.091333950158,5965.145930972074,24898.351163864136,26581.12294395366,1222.3630253753215
1513,5,Case3,8x8_014,19.0,79.0,8x8,2,2,6.748041982973518e-07,0.9991858601570129,0.0008134435629472136,4626.262337022605,4139.444460694699,34300.86974918842,35480.47297299807,1136.2705375215733
1514,4,Case3,8x8_015,35.0,60.0,8x8,2,2,1.9038137907045893e-05,0.9999303817749023,5.052768756286241e-05,6236.716872559574,6064.99709237211,23225.473264217377,23642.139220667414,602.5455966679056
1515,1,Case3,8x8_016,75.0,-61.0,8x8,1,1,0.9999020099639893,9.363586286781356e-05,4.266929408913711e-06,5549.9100503634645,5354.363078759191,5370.413635253906,10721.272015286697,4145.590008449973
1518,2,Case3,8x8_019,-79.0,29.0,8x8,2,2,2.790682174236281e-06,0.9999676942825317,2.948477049358189e-05,5027.526667669692,5360.802397447023,29322.26257455349,30296.106370754387,905.7095269107355
1519,1,Case3,8x8_020,-2.0,48.0,8x8,3,3,1.3646238130604615e-06,0.1377629041671753,0.8622357249259949,5540.376296649255,5478.059886973248,38193.06614303589,39573.721807520604,1358.2999063444383
1520,2,Case3,8x8_021,-49.0,-67.0,8x8,2,2,0.307402104139328,0.6918524503707886,0.0007454166188836098,6311.469582236376,4823.027098427623,15547.08102607727,11279.404864124148,2928.8302129065464
1521,4,Case3,8x8_022,43.0,-33.0,8x8,2,2,0.00038688498898409307,0.9853208661079407,0.014292308129370213,6874.43643120363,6760.484472573221,22527.435329034925,25564.82837478603,2098.7124453019533
1522,2,Case3,8x8_023,62.0,-67.0,8x8,1,1,0.9997962117195129,0.000200297508854419,3.4726233479887014e-06,5740.128486120003,5600.596929010093,11286.691679000854,9794.519657814575,1162.8011872447426
1523,1,Case3,8x8_024,30.0,75.0,8x8,2,2,2.9618452117574634e-06,0.9991573095321655,0.0008396785706281662,5191.835791314596,5020.34057332561,28549.890460073948,30108.39196113344,1346.7440244006762
1525,2,Case3,8x8_026,-81.0,73.0,8x8,1,1,0.9870437979698181,0.012859378010034561,9.67871310422197e-05,3332.922459357667,3114.2131202986698,9307.78972530365,7772.825361125181,981.1437419017806
1529,3,Case3,8x8_030,15.0,-12.0,8x8,3,3,2.810374326145393e-06,7.028180698398501e-05,0.9999268054962158,5420.938910714249,4946.815610153229,37365.155726894736,38364.890237271735,931.1316716408231
1530,2,Case3,8x8_031,-55.0,-62.0,8x8,1,1,0.9912940859794617,0.008646219968795776,5.9698326367652044e-05,6883.1918046711235,5783.751970583016,13209.253517150879,10291.028695189512,2093.135137396686
1531,5,Case3,8x8_032,-19.0,-7.0,8x8,3,3,6.624601383009576e-07,6.013902748236433e-06,0.9999933242797852,5371.942930876189,4782.855521782424,37647.8641153276,37407.94302364992,515.2335553108321
1533,4,Case3,8x8_034,-43.0,-15.0,8x8,3,3,2.4743778794800164e-06,0.0017663558246567845,0.9982311129570007,5831.730698019243,5207.029527429737,34387.77961349487,39410.16539815581,3852.2294545336554
1534,1,Case3,8x8_035,70.0,81.0,8x8,2,2,0.12316066026687622,0.8761551380157471,0.0006842089933343232,3633.3851980297864,3623.4638652201234,9670.358058929443,8824.57629586637,515.4619815128135
1535,3,Case3,8x8_036,8.0,25.0,8x8,3,3,1.5361035821115365e-06,7.708700286457315e-05,0.9999213218688965,5474.213299871946,5314.573399212973,37337.51970100403,36786.27963487952,730.5082165028438
1536,4,Case3,8x8_037,-85.0,67.0,8x8,1,1,0.7894588112831116,0.21025986969470978,0.00028130621649324894,3813.9161898024972,3368.6843117656103,10084.442770957947,8747.041282764094,891.1204929353635
1537,4,Case3,8x8_038,-56.0,52.0,8x8,1,1,0.9743872284889221,0.025601612403988838,1.110786797653418e-05,7397.043263639474,7442.611896685812,13993.282787322998,13544.440119418097,492.1957242737874
1538,5,Case3,8x8_039,64.0,42.0,8x8,2,2,0.0001290284562855959,0.9998608827590942,1.0105528417625464e-05,6285.040829903519,6243.962596347679,19027.24028301239,18574.143147949606,402.14548595647256
1541,4,Case3,8x8_042,84.0,51.0,8x8,2,2,0.0007525956607423723,0.9992305040359497,1.688666634436231e-05,5348.180374441878,5515.2294728572715,15812.822853565216,15042.43462888286,505.25047586971283
1542,1,Case3,8x8_043,79.0,-71.0,8x8,1,1,0.9999598264694214,2.705163205973804e-05,1.307742149947444e-05,3642.6658084653036,3755.079094611094,9602.93884563446,8214.971556569531,918.909024702867
1544,3,Case3,8x8_045,-18.0,-35.0,8x8,3,3,3.605271103879204e-06,0.0007039381307549775,0.9992924928665161,5928.598590199871,5997.7081434245065,32856.90267294645,33186.307055435216,442.66402395703994
1545,1,Case3,8x8_046,-76.0,-77.0,8x8,2,2,0.12367117404937744,0.8730822801589966,0.0032464656978845596,3347.7292768776624,3204.499062626691,9243.324171066284,8424.2111884332,488.3457784115695
1546,1,Case3,8x8_047,42.0,27.0,8x8,2,3,2.4687042241566814e-05,0.18953266739845276,0.8104426264762878,6450.379956556271,6089.733817026399,26675.51511862874,29647.659915608943,2206.4308375923824
1547,3,Case3,8x8_048,1.0,71.0,8x8,2,2,6.992660246396554e-07,0.9974287152290344,0.002570539712905884,4553.660200435887,4549.057858394967,37461.26421266794,40221.55714580244,1717.730275787392
1548,4,Case3,8x8_049,-37.0,22.0,8x8,3,3,6.41439783066744e-06,0.010364064946770668,0.9896295666694641,6207.354961413228,5561.825106487742,30329.981103539467,36353.11121532202,4247.789427803148
1549,4,Case3,8x8_050,-16.0,44.0,8x8,3,3,5.132143542141421e-06,0.12751998007297516,0.8724749088287354,5947.781685524517,5424.844531175344,33992.02436494827,36444.92671999416,1898.981622226298
1550,2,Case3,8x8_051,28.0,57.0,8x8,2,2,9.123059498961084e-06,0.999461829662323,0.0005290471017360687,6126.628938420282,5727.707896155456,27947.16068172455,28585.3496009058,657.5518228509069
1551,3,Case3,8x8_052,-79.0,34.0,8x8,2,2,5.373531166696921e-06,0.9999830722808838,1.1520028238010127e-05,5220.891009173367,5355.485903346344,26073.660051018,26855.35422836698,901.9032635784482
1552,2,Case3,8x8_053,3.0,87.0,8x8,2,2,2.527488504711073e-06,0.9972242116928101,0.0027732772286981344,3943.115029893595,4164.7919094522385,35311.39213657379,37553.719807005466,1532.8247977849564
1553,5,Case3,8x8_054,-17.0,-44.0,8x8,3,3,2.4089645194180775e-06,0.013599077239632607,0.9863986372947693,5908.987445203608,5597.203307608945,33442.87475442886,32923.110274978884,600.5736515214697
1554,3,Case3,8x8_055,44.0,-49.0,8x8,2,2,0.18458014726638794,0.8147784471511841,0.0006414179224520922,7442.492046960056,6888.774687727173,16585.514389038086,16832.424428050694,551.8720610942003
1555,5,Case3,8x8_056,67.0,-19.0,8x8,2,2,1.8523594462749315e-06,0.9930211901664734,0.006976961623877287,5132.090918845852,4866.667988603547,34542.23857961595,33669.0728400083,734.6716958819152
1556,4,Case3,8x8_057,2.0,74.0,8x8,2,2,1.0664469982657465e-06,0.993396520614624,0.006602362729609013,4344.4968603083435,4272.1268771883515,36923.884520709515,39806.66274136511,1920.690093372691
1557,3,Case3,8x8_058,82.0,19.0,8x8,2,2,7.262635335791856e-06,0.9172226190567017,0.08277007192373276,4489.293875571406,4300.74878893509,34094.537759148516,35891.4438339289,1363.2220509830868
1558,4,Case3,8x8_059,14.0,3.0,8x8,3,3,2.1717087292927317e-06,4.4738539145328104e-05,0.9999531507492065,4921.611228210336,4557.590507129715,37254.16969817877,38685.9406866746,1065.2836684925767
1559,2,Case3,8x8_060,44.0,-84.0,8x8,2,2,0.0017264893976971507,0.9980465173721313,0.00022700800036545843,5283.577696641293,5148.567948723472,19657.016021072865,18457.064472761384,776.9573414956069
1560,2,Case3,8x8_061,0.0,-52.0,8x8,3,3,1.1076940609200392e-05,0.20871521532535553,0.7912737727165222,5259.409566822118,5159.890004379546,38522.6861243248,38301.027879297224,586.1720812363801
1561,3,Case3,8x8_062,33.0,26.0,8x8,3,3,2.9683331376872957e-05,0.02070850506424904,0.9792618751525879,6530.413429655113,6191.982646764563,28590.272008255124,32438.83677154043,2699.2748645234196
1562,3,Case3,8x8_063,-75.0,38.0,8x8,2,2,1.8262086086906493e-05,0.999976396560669,5.287664862407837e-06,5538.664598345508,5587.867142192754,23101.30088479002,23935.44237844814,941.7101337376971
1563,3,Case3,8x8_064,-20.0,55.0,8x8,2,2,2.8614654183911625e-06,0.9986491799354553,0.0013480245834216475,5779.840861607853,5767.454171280886,33048.32648563385,34346.51405340264,1256.760740717446
1564,5,Case3,8x8_065,72.0,31.0,8x8,2,2,1.476012130297022e-06,0.9999350309371948,6.347014277707785e-05,5388.663344614085,5575.276936449447,27711.084936166182,26188.277626705833,975.3158576036392
1566,4,Case3,8x8_067,-83.0,68.0,8x8,1,1,0.8637115955352783,0.13603706657886505,0.0002513554645702243,3750.7804404152307,3278.752214049713,9929.941216468811,8484.22896305552,965.8979162290017
1567,4,Case3,8x8_068,-26.0,-1.0,8x8,3,3,1.3794242477160878e-06,7.710245699854568e-05,0.999921441078186,5350.398986052726,4630.075983140398,37865.17369174957,38991.26084351976,967.6836641745629
1568,5,Case3,8x8_069,-36.0,57.0,8x8,2,2,0.00015707882994320244,0.9997058510780334,0.00013707246398553252,6497.167422563909,6244.742407583081,21955.555240154266,21674.175136098624,602.4257045487844
1569,1,Case3,8x8_070,-89.0,-51.0,8x8,2,2,0.0031169033609330654,0.99671870470047,0.0001643220311962068,5274.035749725038,6131.006860154137,15877.536015510559,16552.539674952943,575.3763135139081
1570,2,Case3,8x8_071,-45.0,-29.0,8x8,2,3,0.0003099418827332556,0.2771091163158417,0.7225809693336487,6502.998871865988,6485.074394672279,25363.053272992373,28393.84502960166,2139.5152597586225
1571,4,Case3,8x8_072,-29.0,13.0,8x8,3,3,1.5887695781202638e-06,0.00014169052883516997,0.99985671043396,5647.739476774786,4716.413847895206,35803.52616024017,38386.97747069807,1916.0926525429427
1572,4,Case3,8x8_073,-22.0,46.0,8x8,2,2,9.339773896499537e-06,0.951407790184021,0.04858285188674927,6119.742900706886,5631.153809939638,30582.436377763748,31987.517968893197,1491.8108215788668
1573,4,Case3,8x8_074,-1.0,-8.0,8x8,3,3,2.442272716507432e-06,3.66328822565265e-05,0.9999610185623169,4856.577143173642,4653.675649879699,35507.5942813158,38415.555736561364,1529.6507007260755
1574,5,Case3,8x8_075,-22.0,82.0,8x8,2,2,7.262780741257302e-07,0.9993928670883179,0.0006064213812351227,4608.206134035633,4177.229037295482,33021.91255390644,34066.95434521916,1249.2431572061982
1575,4,Case3,8x8_076,50.0,5.0,8x8,3,3,1.8796544054566766e-06,0.02073727361857891,0.9792608618736267,5382.168414968588,4523.475595219423,38033.15480995178,38696.324387099376,1091.8756877856617
1578,4,Case3,8x8_079,-67.0,39.0,8x8,2,2,0.00010133418982150033,0.999890923500061,7.696870852669235e-06,6044.526130261882,6113.723413281616,21509.75355052948,22018.813430385788,507.2954702621746
1579,4,Case3,8x8_080,-53.0,-64.0,8x8,1,1,0.7899832725524902,0.20964168012142181,0.0003749965690076351,6644.6655795994875,5860.806033570436,13762.279037475586,12282.506036815888,1064.2567462845507
1580,2,Case3,8x8_081,-38.0,-72.0,8x8,2,2,3.951917460653931e-05,0.9994677901268005,0.0004926738329231739,5655.087621661269,4768.353975088658,22800.410252388567,19700.195659191042,2025.97206244582
1581,1,Case3,8x8_082,85.0,48.0,8x8,2,2,0.00017668050713837147,0.9998027682304382,2.0550716726575047e-05,5286.125437731896,5943.870595963362,17366.951471805573,19258.124906458812,1406.8446362078091
1582,5,Case3,8x8_083,-12.0,85.0,8x8,2,2,6.509700369861093e-07,0.9982251524925232,0.001774253323674202,4201.438323537264,4037.1865205163094,34981.966918326914,37047.011797304476,1398.6898114075213
1583,4,Case3,8x8_084,77.0,-48.0,8x8,2,2,0.10363724827766418,0.8963284492492676,3.425898103159852e-05,5623.585807680663,6450.28552311925,16997.38800096512,16566.93347309511,416.386567948142
1584,1,Case3,8x8_085,45.0,75.0,8x8,2,2,0.00016036644228734076,0.9996800422668457,0.00015961012104526162,5672.140705210102,5345.0024942628215,18537.99300956726,18280.739662339434,299.1666089355229
1585,2,Case3,8x8_086,-41.0,-54.0,8x8,2,2,0.07101831585168839,0.9285213351249695,0.0004603290872182697,6930.272882243081,6490.996437132511,18110.54278564453,16488.258806079837,1133.8039560206057
1586,1,Case3,8x8_087,-38.0,89.0,8x8,2,2,8.867852557159495e-06,0.9997432827949524,0.00024783459957689047,5040.058857679851,4440.144121608341,23587.148132503033,24104.22137820335,625.0600740044493
1588,3,Case3,8x8_089,18.0,-35.0,8x8,3,3,5.749274350819178e-06,0.0010543172247707844,0.9989399313926697,6098.592294911362,6149.964434896702,32880.70824846625,34135.92201158273,918.2965290170724
1589,4,Case3,8x8_090,-65.0,24.0,8x8,2,2,3.6286262456997065e-06,0.9996516704559326,0.00034468460944481194,5520.991574004026,5397.471355522418,31734.275712013245,30729.897381353454,687.2003473915915
1590,5,Case3,8x8_091,11.0,36.0,8x8,3,3,7.728709192633687e-07,0.0021724593825638294,0.9978267550468445,5756.204223993358,5584.610255962221,35846.22623205185,35983.29811018053,539.6095036162227
1591,3,Case3,8x8_092,-38.0,-40.0,8x8,2,2,0.010426010936498642,0.9841985702514648,0.005375399719923735,7393.548918073455,7443.042709318724,20528.733144819736,21021.387118499275,520.3777023543445
1592,4,Case3,8x8_093,-70.0,-78.0,8x8,2,2,0.00978363398462534,0.9884522557258606,0.0017641403246670961,3790.5545394259084,3412.4187684289536,9775.115530014038,9336.80041094983,319.0760426813823
1593,3,Case3,8x8_094,73.0,-55.0,8x8,1,1,0.995109498500824,0.004873712547123432,1.6694239093340002e-05,5911.547476973112,6441.177514471817,13664.204362869263,13174.60044647997,444.8879611920614
1594,3,Case3,8x8_095,68.0,-30.0,8x8,2,2,2.8746569569193525e-06,0.999976634979248,2.0498109734035097e-05,5570.077008994459,5728.7299237063435,28061.63241624832,28705.82442878041,681.3552762742574
1595,5,Case3,8x8_096,84.0,-52.0,8x8,1,1,0.5010823607444763,0.49840036034584045,0.0005172808305360377,5333.457020636271,5476.305176502583,15341.266901016235,14199.795397110303,759.8531228304605
1600,3,Case3,8x8_101,48.0,15.0,8x8,3,3,1.129538122768281e-05,0.1846584975719452,0.8153302073478699,5707.6396820687,5513.331798018962,34836.17203330994,37072.24247599617,1701.7419013040344
1602,1,Case3,8x8_103,66.0,14.0,8x8,2,3,2.948394467239268e-06,0.4579143822193146,0.542082667350769,5048.013179687234,4608.316849587667,36493.53687566519,37218.38244613231,1291.1124818901199
1603,2,Case3,8x8_104,83.0,3.0,8x8,3,3,9.541728104522917e-06,0.36860963702201843,0.6313808560371399,3947.690262640613,4319.891081972012,35629.24977374077,39828.969383620126,2840.917952097868
1604,1,Case3,8x8_105,89.0,-77.0,8x8,1,1,0.9998811483383179,6.729433516738936e-05,5.14611710968893e-05,2807.0771366656504,3154.951748358678,8777.520187541842,7648.325928023115,688.183088953561
1605,1,Case3,8x8_106,-12.0,43.0,8x8,3,3,7.466865667993261e-07,0.015856828540563583,0.9841424822807312,5757.3247083130245,5543.239890675337,35703.098172187805,38327.42975732338,2207.9069789263085
1610,2,Case3,8x8_111,7.0,87.0,8x8,2,2,2.395513092778856e-06,0.9976629018783569,0.0023347039241343737,3850.447344215616,4195.128893233492,35205.984220184386,37151.128439781445,1319.3275497104214
1611,5,Case3,8x8_112,21.0,-8.0,8x8,3,3,6.856949426037318e-07,7.94249262980884e-06,0.9999912977218628,5391.9244752419545,4905.908920825981,37579.20257282257,37256.48568864775,514.3642259359785
1612,5,Case3,8x8_113,35.0,-2.0,8x8,3,3,3.4234702184221533e-07,2.276416307722684e-05,0.9999768733978271,5381.040400223258,4801.162310603092,37568.754967689514,38397.64438854945,1145.8366265118161
1613,2,Case3,8x8_114,-35.0,-78.0,8x8,2,2,8.587712727603503e-06,0.9990297555923462,0.000961653480771929,5223.22926702861,4517.395878275896,25326.74476237595,24427.032528311967,553.0506851853872
1614,3,Case3,8x8_115,22.0,74.0,8x8,2,2,1.2502109711931553e-06,0.9997264742851257,0.00027222250355407596,4962.814640314434,4465.765415858814,33171.169850587845,33539.27961927208,643.0924046588325
1615,1,Case3,8x8_116,12.0,-85.0,8x8,2,2,3.7610279832733795e-06,0.8875744342803955,0.11242179572582245,4203.184483281064,4323.879970422908,34982.29497691989,35872.26660027742,788.5585479983195
1616,3,Case3,8x8_117,-87.0,33.0,8x8,2,2,3.165162979712477e-06,0.9999792575836182,1.762452484399546e-05,4879.189192698475,5373.4378208694425,26881.77640904486,28328.61897545877,1342.5826902391184
1617,4,Case3,8x8_118,54.0,-88.0,8x8,1,2,0.060152310878038406,0.9207170605659485,0.019130636006593704,5266.477018412107,4228.489196367447,14549.296549797058,13154.053553130409,901.0852768474998
1618,4,Case3,8x8_119,31.0,-10.0,8x8,3,3,1.957250788109377e-06,0.00011456178617663682,0.9998835325241089,5527.860068546979,4725.073963398729,36448.9380569458,38645.20359947084,1964.2827889467887
1619,2,Case3,8x8_120,-58.0,-26.0,8x8,2,2,4.9885282351169735e-05,0.9678366184234619,0.03211342170834541,5998.724240110403,5746.349661772996,29544.20613670349,30763.050222476635,1050.3520212341214
1621,2,Case3,8x8_122,20.0,-73.0,8x8,2,2,3.7429579151648795e-06,0.9926056861877441,0.007390621118247509,4922.733945447431,4781.471399897803,34136.142651319504,35591.63342944949,1391.1936119880263
1622,5,Case3,8x8_123,76.0,4.0,8x8,3,3,2.2179347070050426e-06,0.05217412859201431,0.9478236436843872,4320.21217350221,4280.634731357755,36553.10387158394,38475.6023971066,1269.3111064111565
1624,4,Case3,8x8_125,-3.0,72.0,8x8,2,2,9.378760523759411e-07,0.9929290413856506,0.00707001518458128,4528.249823603524,4293.69936925092,37256.244676709175,40151.3251497592,1948.2296239043635
1625,4,Case3,8x8_126,-8.0,18.0,8x8,3,3,1.3783048871118808e-06,3.924027623725124e-05,0.9999593496322632,5407.299045768533,4629.289937730311,37592.72018203139,38278.566640503836,624.1203137756811
1626,5,Case3,8x8_127,-66.0,77.0,8x8,2,1,0.9446725249290466,0.05477992072701454,0.0005475832149386406,4341.616095371216,3207.897874650723,10391.44662284851,8739.066513716692,1093.7302749462533
1627,3,Case3,8x8_128,59.0,-70.0,8x8,1,1,0.9996589422225952,0.00027782152756117284,6.326898437691852e-05,6171.577306306022,4597.375629127946,12474.834701538086,9486.455829014854,2108.410487667167
1628,3,Case3,8x8_129,24.0,11.0,8x8,3,3,1.6069845969468588e-06,8.51259392220527e-05,0.9999133348464966,5607.855346922115,4872.733462057845,36924.69934082031,38539.201534542175,1370.3457439869676
1630,4,Case3,8x8_131,41.0,53.0,8x8,2,2,0.0035351829137653112,0.996422290802002,4.252604776411317e-05,6953.484298133568,6882.026561026085,17998.843620300293,17696.031402355206,437.033809374186
1631,2,Case3,8x8_132,38.0,35.0,8x8,2,2,0.0003368218312971294,0.9713735580444336,0.028289608657360077,7201.650528077289,6971.109667495455,22346.860164999962,24594.863983373445,1449.6295044196393
1632,2,Case3,8x8_133,-21.0,37.0,8x8,3,3,1.6894688087631948e-05,0.05308673530817032,0.9468963742256165,6222.871446863896,6132.843001155474,30960.224705815315,32021.585148346658,747.0063772180237
1633,1,Case3,8x8_134,-56.0,37.0,8x8,2,2,0.00016599244554527104,0.9997779726982117,5.6021726777544245e-05,6592.751577507929,6496.060404816151,21046.521034240723,21769.12582115034,555.9453840226746
1634,1,Case3,8x8_135,39.0,-76.0,8x8,2,2,0.0002699662290979177,0.9959749579429626,0.003755092155188322,5528.130682211812,5290.013766678608,22490.814384937286,22412.660701496556,490.2698108074362
1635,4,Case3,8x8_136,8.0,-68.0,8x8,2,2,2.087776920234319e-06,0.5761606097221375,0.423837274312973,4763.886189528951,4610.529262411135,37831.80491554737,39609.34545018821,1487.6258570983089
1636,2,Case3,8x8_137,68.0,53.0,8x8,2,2,0.30223575234413147,0.6977134943008423,5.068436803412624e-05,6288.045847233345,6565.155810827711,14028.180269241333,13211.572936020912,613.0656224157891
1637,2,Case3,8x8_138,-28.0,-75.0,8x8,2,2,4.308568804844981e-06,0.9972917437553406,0.0027038671541959047,5143.737737882451,4534.569594536931,29817.38700258732,29714.20422749377,491.69828249497715
1639,4,Case3,8x8_140,1.0,-3.0,8x8,3,3,2.8234860565135023e-06,3.812996874330565e-05,0.9999589920043945,15115.76819325892,4634.425764961872,49075.25743578188,38221.79307937562,11595.173941053114
1643,5,Case3,8x8_144,-86.0,-39.0,8x8,2,2,7.91170350566972e-06,0.9999314546585083,6.063426917535253e-05,5163.778739299267,5258.988991208235,22894.511475235224,23200.686073498553,500.30746955815033
1644,1,Case3,8x8_145,29.0,32.0,8x8,3,3,2.1463001758093014e-05,0.008618530817329884,0.9913598895072937,6818.732974453065,6529.075537576178,27395.850054502487,29971.44443580912,1906.0729454671919
1647,5,Case3,8x8_148,46.0,-62.0,8x8,2,2,0.2917138636112213,0.7073129415512085,0.0009731996688060462,6606.473821787559,6208.884792136201,16427.31901359558,15203.506063211331,880.8754663118153
1648,2,Case3,8x8_149,24.0,-59.0,8x8,2,2,5.906557817070279e-06,0.9986357092857361,0.001358367153443396,5827.379741392489,5466.772031525023,31077.613557338715,30856.849331607045,504.7654389673586
1649,2,Case3,8x8_150,15.0,-47.0,8x8,3,3,3.131039920845069e-05,0.3495498299598694,0.6504188776016235,5720.393876130314,5418.085215171059,34766.721135139465,34836.607912802705,511.82882122613637
1650,1,Case3,8x8_151,-66.0,-82.0,8x8,2,2,0.002363721141591668,0.9961180686950684,0.0015182743081822991,4046.661424927777,3716.468486991987,10343.24330329895,11117.843596690438,636.1970726394833
1651,3,Case3,8x8_152,-23.0,-66.0,8x8,2,2,2.1775797449663514e-06,0.997688889503479,0.0023088911548256874,5340.8502003192225,4933.1720134153375,32376.21830677986,32374.575317255512,522.8221117600573
1652,5,Case3,8x8_153,50.0,-62.0,8x8,1,1,0.9587612748146057,0.041020043194293976,0.00021861243294551969,6766.683986551653,6283.096767381108,14654.877090454102,13436.12163053823,897.6974763096181
1653,2,Case3,8x8_154,-65.0,-65.0,8x8,1,1,0.9904775619506836,0.009447399526834488,7.514846220146865e-05,5451.491957366099,4586.883371187592,11043.120422363281,8425.103034999956,1869.5823266378877
1654,4,Case3,8x8_155,11.0,-32.0,8x8,3,3,1.0847840030692169e-06,8.538296242477372e-05,0.9999135732650757,5754.902065569732,5722.603579712355,36103.71962308884,36586.387827975435,601.532818662652
1655,5,Case3,8x8_156,70.0,-86.0,8x8,1,1,0.9988484382629395,0.00044326289207674563,0.0007082824595272541,3437.7435832611004,2993.035278450819,9607.4998254776,7937.8310568908455,1164.7820095078002
1656,3,Case3,8x8_157,78.0,-26.0,8x8,2,2,3.1907527500152355e-06,0.9998518228530884,0.00014492892660200596,4936.949684400817,5200.091086105071,31075.81435775757,30895.662566666924,450.3329167928722
1657,4,Case3,8x8_158,17.0,-43.0,8x8,3,3,4.9075306378654204e-06,0.018457818776369095,0.9815372228622437,5946.100738257999,5734.77982902371,33390.24031829834,35041.98810160039,1360.3380301778882
1659,4,Case3,8x8_160,47.0,-13.0,8x8,3,3,4.666808763431618e-06,0.03483634814620018,0.9651588797569275,5683.696208764226,4907.574501958323,35639.37969779968,38087.050163311884,2215.1652520459993
1660,3,Case3,8x8_161,-43.0,-45.0,8x8,2,2,0.25142619013786316,0.7478530406951904,0.0007206900045275688,7580.10665487782,7581.371458369009,17544.061140060425,17795.68194244209,460.35428571723025
1662,1,Case3,8x8_163,-84.0,28.0,8x8,2,2,9.862880006039632e-07,0.9997439980506897,0.00025497772730886936,4797.462136387985,5153.567366032241,29946.40360406041,30687.637125002762,888.80404978245
1664,4,Case3,8x8_165,-5.0,10.0,8x8,3,3,2.080035528706503e-06,3.9510421629529446e-05,0.9999585151672363,5090.810670592551,4524.971231607588,36302.99132877588,38359.97416982302,1074.9949746505213
1665,3,Case3,8x8_166,-61.0,-3.0,8x8,2,3,5.87788736083894e-06,0.285893052816391,0.7141010761260986,4944.995286480741,4619.344526813616,38678.26850331575,39131.39304277055,707.7447158489427
1666,5,Case3,8x8_167,-4.0,-6.0,8x8,3,3,7.815286267032207e-07,5.301112196320901e-06,0.9999939203262329,4873.765567150204,4785.307760915555,35330.09557723999,37446.72440480161,1029.1353115782815
1667,5,Case3,8x8_168,-5.0,-1.0,8x8,3,3,7.138193609534937e-07,5.342613349057501e-06,0.9999939203262329,4920.797506811458,4753.767671625102,34969.51766073704,37638.9421868649,1325.9803866108425
1668,5,Case3,8x8_169,58.0,-70.0,8x8,1,1,0.9996324777603149,0.00029816286405548453,6.937258876860142e-05,6175.571353189595,4745.039946268182,12692.589544296265,10275.954380612937,1743.2643373308017
1670,1,Case3,8x8_171,-6.0,-18.0,8x8,3,3,1.514876089458994e-06,6.907000351930037e-05,0.9999294281005859,5179.341492865561,5038.602351055687,37661.93266826868,38649.81580430438,842.5241709807498
1672,4,Case3,8x8_173,82.0,-55.0,8x8,1,1,0.9962717294692993,0.0037195428740233183,8.658874321554322e-06,5397.111333146299,5384.712265825303,14044.774441719055,11405.660076328666,1797.2832908425416
1673,5,Case3,8x8_174,-76.0,51.0,8x8,2,2,0.01610916666686535,0.9838629961013794,2.7779726224252954e-05,5715.892696055978,5759.1841993980215,15446.716616630554,14383.262516292043,715.1937100126131
1674,1,Case3,8x8_175,-73.0,85.0,8x8,1,1,0.8234761953353882,0.17576660215854645,0.0007571533787995577,3184.7245720165924,2775.3280930333067,9240.645545482635,7772.31581440854,917.7104457771022
1675,1,Case3,8x8_176,-36.0,30.0,8x8,2,3,1.8659193301573396e-05,0.04117361456155777,0.9588077664375305,6826.592638243861,6098.941931611549,25497.799449682236,29877.780301387807,3054.105926990942
1676,5,Case3,8x8_177,25.0,-81.0,8x8,2,2,2.024615696427645e-06,0.9943072199821472,0.0056907120160758495,4745.606668109516,4574.776422407195,31611.921134501696,32108.68122726394,748.6968164720445
1677,3,Case3,8x8_178,27.0,63.0,8x8,2,2,1.8116883211405366e-06,0.9998942613601685,0.00010392386320745572,5754.349317084124,5287.448083922851,29553.945811271667,30753.218826054766,1054.389321020637
1678,4,Case3,8x8_179,73.0,-44.0,8x8,2,2,0.0021722258534282446,0.9978131055831909,1.4673902114736848e-05,5777.4189916049845,6498.229909259571,18959.606976032257,19529.563913423084,649.7535626546169
1679,2,Case3,8x8_180,-14.0,88.0,8x8,2,2,1.9835329112538602e-06,0.9993054866790771,0.0006925591733306646,4081.4735048190696,4289.723068135966,34601.36700582504,35408.02568897034,782.522709689923
1680,2,Case3,8x8_181,88.0,45.0,8x8,2,2,0.0002728982362896204,0.9997183680534363,8.76844296726631e-06,5202.068039744682,5820.836073093907,19129.70141340792,19115.0902240334,292.336686728777
1681,3,Case3,8x8_182,-14.0,42.0,8x8,3,3,6.227508947631577e-06,0.03889277204871178,0.9611010551452637,5873.429434211921,5545.945027895401,34813.91478395462,36244.6566558695,1045.1737561944853
1683,1,Case3,8x8_184,83.0,43.0,8x8,2,2,3.962124537792988e-05,0.9999327659606934,2.7650801712297834e-05,5291.445391873969,5618.445577689399,20245.634344644845,21554.732611900457,1076.4747696075726
1684,2,Case3,8x8_185,-18.0,49.0,8x8,2,2,1.9122211597277783e-05,0.8432289958000183,0.15675193071365356,5962.078097438884,5426.228141566634,33435.784481048584,35221.911058257,1356.5844013208748
1685,3,Case3,8x8_186,-54.0,1.0,8x8,3,3,4.689829893322894e-06,0.15134473145008087,0.8486506938934326,5232.132874777761,4856.800293482528,38615.17892789841,39839.83380221903,1210.7540272288093
1686,3,Case3,8x8_187,-47.0,-37.0,8x8,2,2,0.004868203308433294,0.9942809343338013,0.0008509268518537283,6994.009266043199,7325.272527810823,19954.798350334167,20975.072743246954,704.9272146259766
1687,3,Case3,8x8_188,-40.0,56.0,8x8,2,2,0.004004171583801508,0.995949387550354,4.6365174057427794e-05,6770.638554625867,6598.262846224332,19019.528928756714,19147.93860393753,639.0385037209621
1689,3,Case3,8x8_190,-80.0,40.0,8x8,2,2,2.112571382895112e-05,0.9999749660491943,3.886460035573691e-06,5349.8765703494455,5574.413981034107,22066.355809899047,23177.603026090786,1071.412998228702
1690,2,Case3,8x8_191,-75.0,6.0,8x8,3,2,1.033190346788615e-05,0.8152055144309998,0.18478421866893768,4270.208134824356,4410.206749693333,36659.98568454385,40342.63198045223,2661.5583098474813
1691,5,Case3,8x8_192,89.0,-86.0,8x8,1,1,0.9994412064552307,7.682635623496026e-05,0.0004819222376681864,2388.867239563106,2758.2536211055326,8301.899574637413,7237.693789467757,708.212328441013
1692,2,Case3,8x8_193,48.0,41.0,8x8,2,2,0.0024127752985805273,0.9974810481071472,0.00010617157386150211,7242.769970301273,7088.152303711688,17810.995653152466,18263.05189807045,425.8596800249599
1693,2,Case3,8x8_194,-11.0,-16.0,8x8,3,3,1.2151729151810287e-06,2.609738839964848e-05,0.9999727010726929,5421.525098284705,5153.78253554654,37408.816889464855,37557.40561011699,537.8504499595415
1694,1,Case3,8x8_195,12.0,71.0,8x8,2,2,7.965834925016679e-07,0.9954609274864197,0.004538234323263168,4706.9342716235105,4554.183415904764,36844.66521680541,37268.004814192886,596.542448589607
1695,4,Case3,8x8_196,-32.0,84.0,8x8,2,2,3.6749399896507384e-06,0.9998964071273804,9.993366984417662e-05,4958.6223892495045,4293.0127425267,27490.047073483467,26569.553511076163,548.854622412826
1696,5,Case3,8x8_197,-80.0,-38.0,8x8,2,2,6.966540695430012e-06,0.9999406337738037,5.238272206042893e-05,5282.9562133231275,5333.475073610933,23382.045663520694,23662.17044855199,486.20780741001994
1697,5,Case3,8x8_198,-82.0,-53.0,8x8,2,2,0.008462609723210335,0.991489827632904,4.7592206101398915e-05,5387.821406485224,5386.096653392438,14838.171663284302,14714.745846515438,316.6840840897044
1699,4,Case3,8x8_200,88.0,-42.0,8x8,2,2,0.00040457339491695166,0.9995890259742737,6.366513844113797e-06,5198.299041796948,6700.128821567058,20972.18330794573,19412.38760095392,995.1627819892536
1700,2,Case3,8x8_201,-73.0,-27.0,8x8,2,2,7.4235153988411184e-06,0.9994688630104065,0.0005237855948507786,5166.4215147847635,5352.88218857319,30359.658266343176,31139.630992742863,819.5720044488737
1701,2,Case3,8x8_202,-24.0,-76.0,8x8,2,2,4.401271780807292e-06,0.9918813109397888,0.00811427365988493,4968.131794773383,4401.739902253068,32147.84327158332,32128.633879167726,567.9142882247769
1702,2,Case3,8x8_203,33.0,58.0,8x8,2,2,2.8919293981743976e-05,0.9998250603675842,0.00014604791067540646,6241.045062249921,5789.257703547484,24360.294213294983,24137.42500824946,473.1012694750824
1704,1,Case3,8x8_205,-58.0,-50.0,8x8,1,1,0.8289380669593811,0.17098775506019592,7.41446201573126e-05,7095.178509784934,7391.61365696972,14416.560455322266,14110.80876610276,400.3602273465334
1705,1,Case3,8x8_206,4.0,90.0,8x8,2,2,7.447027314810839e-07,0.9930806756019592,0.006918645463883877,3933.4545736091645,4198.713202932726,35222.0357170105,37611.40833902622,1577.6245658725607
1706,1,Case3,8x8_207,19.0,-83.0,8x8,2,2,3.633817868831102e-06,0.9409605860710144,0.0590357668697834,4497.129943712244,4358.98260430799,34031.26275789738,34880.08166060586,972.413267287825
1708,4,Case3,8x8_209,58.0,-69.0,8x8,1,1,0.9992363452911377,0.0007414084975607693,2.2266693122219294e-05,6243.904793502636,5136.754531856179,12670.14143371582,10493.668200281636,1511.293262188663
1709,3,Case3,8x8_210,-10.0,23.0,8x8,3,3,1.5391440228995634e-06,9.962407784769312e-05,0.9998987913131714,5559.610299271045,5231.828161947269,37234.8157749176,36887.33918802089,674.6899202883529
1710,3,Case3,8x8_211,55.0,-59.0,8x8,1,1,0.9981852173805237,0.001794728683307767,1.998454172280617e-05,7212.33676000874,7055.074337266615,13317.324100494385,12597.289852983926,622.0599675866566
1711,5,Case3,8x8_212,-63.0,54.0,8x8,1,1,0.914321780204773,0.085649274289608,2.8896953153889626e-05,6774.443910717802,6595.7832459582805,13462.727996826172,12426.950758101673,767.1346144024183
1712,4,Case3,8x8_213,67.0,-42.0,8x8,2,2,0.0006878566928207874,0.9992934465408325,1.8681359506445006e-05,6106.0732669513745,6559.479178366856,19489.55974817276,21350.512267806378,1419.7151969831812
1713,1,Case3,8x8_214,63.0,-14.0,8x8,2,2,5.633122782455757e-06,0.7247536778450012,0.2752406895160675,5193.800020087588,4734.277537347241,36472.25288248062,36857.15425929178,1059.9389646552945
1716,4,Case3,8x8_217,21.0,56.0,8x8,2,2,4.140915734751616e-06,0.9962454438209534,0.0037504066713154316,5737.265404756296,5589.853066295842,32552.618171691895,32535.62503478947,722.690354627186
1718,4,Case3,8x8_219,-7.0,65.0,8x8,2,2,7.610208854202938e-07,0.9872794151306152,0.012719884514808655,4799.787472637127,4428.531508908415,38163.16721343994,41067.14606990107,2336.7475762458735
1719,5,Case3,8x8_220,14.0,-23.0,8x8,3,3,9.462235084356507e-07,1.0876336091314442e-05,0.9999881982803345,5665.395858330512,5458.411805458511,36471.588790893555,35796.99700489685,593.4708223103327
1720,2,Case3,8x8_221,74.0,-56.0,8x8,1,1,0.9966253042221069,0.003370105754584074,4.583299414662179e-06,5846.085833740932,6144.23552127105,13388.711812973022,12108.929957253175,927.152383192363
1722,3,Case3,8x8_223,-78.0,-48.0,8x8,2,2,0.018905987963080406,0.9810687899589539,2.5274021027144045e-05,5555.413104176416,6128.134081849499,17050.1347990036,16068.220170500786,650.3413719097738
1723,1,Case3,8x8_224,-4.0,-43.0,8x8,3,3,3.8761220366723137e-07,0.002242614282295108,0.9977570176124573,5457.344525212982,5545.597159575119,37668.635001182556,37451.55544772727,554.6021457801253
1724,5,Case3,8x8_225,2.0,-73.0,8x8,3,2,1.5549907175227418e-06,0.9460657835006714,0.05393267422914505,4356.822568308358,4395.541859559752,37116.33476319909,37616.09642361847,661.7197653044473
1725,5,Case3,8x8_226,-42.0,80.0,8x8,2,2,2.2467953385785222e-05,0.9998121857643127,0.0001653399085626006,5397.785351249031,4599.391200550289,20746.07805214962,20785.851038983703,602.7158216119678
1726,1,Case3,8x8_227,-42.0,-6.0,8x8,3,3,8.956840247265063e-07,0.0034244838170707226,0.9965746402740479,5614.952409790191,4934.059040349086,37299.45906543732,40612.38128839461,2795.0671959828737
1727,1,Case3,8x8_228,60.0,-31.0,8x8,2,2,1.172430256701773e-05,0.9997451901435852,0.00024313821631949395,6069.922138516716,5606.456487178648,26245.815669059753,27084.45333722566,877.5635670377593
1728,5,Case3,8x8_229,42.0,86.0,8x8,2,2,2.839390617737081e-06,0.9999313354492188,6.586954987142235e-05,5177.462342928828,4382.015209121517,20952.93077376485,21913.277884262414,917.7589457341529
1730,2,Case3,8x8_231,-69.0,24.0,8x8,2,2,2.803390088956803e-06,0.9997865557670593,0.0002106515457853675,5237.734076991936,5196.002172765655,32004.170913994312,32044.32877504235,436.02869877257115
1731,5,Case3,8x8_232,-8.0,-27.0,8x8,3,3,5.811001528854831e-07,1.2410235285642557e-05,0.999987006187439,5481.867491010049,5680.332116265225,37213.749324798584,36199.39207124524,813.542918398597
1732,4,Case3,8x8_233,61.0,-20.0,8x8,2,2,3.7048134799988475e-06,0.9985713958740234,0.0014249093364924192,5462.1176414835345,5514.375936546779,33695.84735107422,33625.40327509576,898.68361267747
1733,3,Case3,8x8_234,-49.0,-40.0,8x8,2,2,0.0346553772687912,0.9649505019187927,0.0003941853065043688,7120.0896312514715,7364.746111020378,18298.289140701294,19191.05096568057,612.3796367151998
1734,2,Case3,8x8_235,-62.0,7.0,8x8,2,2,1.1383292985556182e-05,0.7340840697288513,0.2659045159816742,4999.324310713121,4535.55802700224,38227.97145083547,39736.9151810084,1685.002900801985
1735,1,Case3,8x8_236,16.0,-57.0,8x8,2,2,3.5511884561856277e-06,0.6452828645706177,0.3547136187553406,5566.615641574086,5164.817198938723,35328.84413576126,35440.42696378885,646.1642826686186
1736,5,Case3,8x8_237,-32.0,66.0,8x8,2,2,3.7614315715472912e-06,0.9998019337654114,0.00019428262021392584,5807.467092097251,5239.062442515454,26409.683910131454,27508.807164619568,1046.4153952423571
1737,4,Case3,8x8_238,64.0,-22.0,8x8,2,2,3.116710558970226e-06,0.9996256828308105,0.00037117599276825786,5472.088403026538,5658.236308746183,32832.63784503937,32512.807634469915,771.1713814493417
1738,2,Case3,8x8_239,30.0,17.0,8x8,3,3,5.896569632568571e-07,6.399640551535413e-05,0.9999353885650635,5880.429518866012,5373.942070120658,34060.47795462608,37174.456598462915,2464.8123651060837
1739,1,Case3,8x8_240,53.0,26.0,8x8,2,2,6.412836683011847e-06,0.9590215086936951,0.04097210243344307,6082.4864290737705,5540.555247495349,28737.186310768127,29618.219101405797,857.7787768476635
1740,1,Case3,8x8_241,13.0,6.0,8x8,3,3,1.5613750292686746e-06,7.490344432881102e-05,0.999923586845398,4905.690510197189,4820.337822179223,37184.66409897804,39114.73187179755,1298.484536233347
1741,1,Case3,8x8_242,-31.0,60.0,8x8,2,2,7.758548235869966e-06,0.9997736811637878,0.0002186064957641065,6066.0867857631765,5724.410972752466,26246.58770799637,26927.443460234736,604.6618909518781
1742,1,Case3,8x8_243,-63.0,-63.0,8x8,1,1,0.9969469904899597,0.0030326296109706163,2.0469868104555644e-05,5913.621136216408,5335.087464381879,11418.224117279053,9794.876983688877,1202.5951487713594
1743,3,Case3,8x8_244,85.0,-58.0,8x8,1,1,0.997840404510498,0.0021309368312358856,2.8710024707834236e-05,5269.352450921268,5134.565119282475,13069.730445861816,11250.112554307685,1225.8681131679186
1745,5,Case3,8x8_246,60.0,61.0,8x8,1,1,0.8407760858535767,0.15919293463230133,3.092567203566432e-05,6485.1826145387195,6573.527132296155,11874.194355010986,11120.90397764668,697.155659610993
1746,3,Case3,8x8_247,-83.0,78.0,8x8,1,1,0.9901525378227234,0.009648093022406101,0.00019937753677368164,2875.238860492064,2837.5161036567306,8810.714976668358,7069.635624750391,1094.7071854875699
1747,4,Case3,8x8_248,6.0,27.0,8x8,3,3,6.789712188037811e-07,6.39554564259015e-05,0.9999352693557739,5354.112101100512,5222.479220798977,37469.84407424927,38135.694594657514,624.066140633498
1748,1,Case3,8x8_249,6.0,16.0,8x8,3,3,1.0230875204797485e-06,5.8878482377622277e-05,0.999940037727356,5042.747269595202,4929.227332135695,37503.09897363186,39389.60694732874,1329.1581073552616
1749,4,Case3,8x8_250,-47.0,64.0,8x8,2,2,0.02277589589357376,0.9772018790245056,2.222578586952295e-05,6512.934130064226,6058.15397878809,16177.629182815552,15393.99245383634,629.1804062017002
1750,3,Case3,8x8_251,-69.0,0.0,8x8,3,3,4.587206603900995e-06,0.238078311085701,0.7619170546531677,4553.5443822794305,4451.8050046755525,37872.94665110111,38861.08096084912,730.7270517463578
1751,1,Case3,8x8_252,-82.0,-45.0,8x8,2,2,0.0003994749567937106,0.9995293617248535,7.121274393284693e-05,5347.023070769125,6240.987434658193,18965.01058895886,19032.755079371218,346.3960447785357
1752,2,Case3,8x8_253,56.0,-34.0,8x8,2,2,0.00011939074465772137,0.9998167157173157,6.392396608134732e-05,6436.434060848709,6341.473965659964,23253.410700798035,22847.74052779781,452.3608044770597
1753,4,Case3,8x8_254,-75.0,-17.0,8x8,2,2,7.434985946019879e-06,0.9099425077438354,0.09005008637905121,4651.889045972212,4341.944153632061,35216.610562205315,38363.1758470922,2527.832363933991
1754,5,Case3,8x8_255,32.0,-60.0,8x8,2,2,1.0052218385681044e-05,0.9992849230766296,0.0007050402346067131,6184.521144021543,5643.349300625709,25493.828986644745,25398.736710031,664.091526911456
1755,1,Case3,8x8_256,-25.0,-11.0,8x8,3,3,1.5258724488376174e-06,0.0001396025763824582,0.9998588562011719,5468.516814199878,4903.931632348203,36835.69642162323,38310.670703654985,1385.3122630247924
1756,2,Case3,8x8_257,65.0,80.0,8x8,2,2,0.018408462405204773,0.9814440011978149,0.0001475188764743507,4292.177977127072,3893.7686835038853,10519.827226638794,10277.014370891018,222.27425966209515
1757,5,Case3,8x8_258,54.0,-18.0,8x8,2,2,6.0605570979532786e-06,0.668567955493927,0.3314259648323059,5687.607866439596,4910.230077842422,34041.80451774597,34656.58815805735,1088.4560588693432
1758,5,Case3,8x8_259,-6.0,38.0,8x8,3,3,5.398178473114967e-07,0.0019198055379092693,0.9980796575546265,5657.783187473294,5471.6958820482305,37146.64178562164,36803.5118211653,575.7993836756627
1761,3,Case3,8x8_262,-57.0,76.0,8x8,2,2,0.07950833439826965,0.9203466176986694,0.00014500736142508686,5690.6713193469495,4120.261058510692,13159.863752365112,10718.414943271597,1628.4612373158836
1763,2,Case3,8x8_264,87.0,-65.0,8x8,1,1,0.9998010993003845,0.00019241108384449035,6.569895958818961e-06,4035.5426996117335,4443.204902426042,10497.863772392273,9356.231878805767,801.1959694292822
1764,5,Case3,8x8_265,-25.0,-84.0,8x8,2,2,1.5533703390246956e-06,0.9940500259399414,0.005948484875261784,4630.568188365377,4472.786675412073,31562.356076478958,32055.872691466604,819.7721200664752
1765,3,Case3,8x8_266,-26.0,-39.0,8x8,3,3,0.00010769849177449942,0.16519078612327576,0.8347015380859375,6446.9128453524845,6361.646298431712,27495.386883497238,29465.269534372143,1365.2567298531785
1766,3,Case3,8x8_267,-33.0,-46.0,8x8,2,2,0.001732698525302112,0.9934273958206177,0.004839878994971514,6799.059504460685,6926.696885686089,22537.99858212471,22151.723512873516,552.3905566600685
1769,1,Case3,8x8_270,10.0,76.0,8x8,2,2,7.530811103606538e-07,0.9948563575744629,0.00514286570250988,4297.747765295715,4326.932829305509,36203.116288110614,37401.42233184149,756.2327006588487
1770,5,Case3,8x8_271,-30.0,50.0,8x8,2,2,2.0724630303448066e-05,0.9983730316162109,0.0016062300419434905,6481.748375694178,6184.7438471400765,25247.32079052925,26586.9083841792,1216.6281950746152
1773,3,Case3,8x8_274,30.0,-25.0,8x8,3,3,2.9509370506275445e-05,0.0013317855773493648,0.9986386895179749,6524.43345691036,6396.118550186475,30174.612033754587,33168.44934977314,2179.7997052796677
1774,5,Case3,8x8_275,80.0,-20.0,8x8,2,2,2.890483983719605e-06,0.9852664470672607,0.014730647206306458,4523.13290434335,4652.001409866032,33903.024252295494,33257.200635093,617.4914166595196
1775,2,Case3,8x8_276,-88.0,70.0,8x8,1,1,0.922808825969696,0.07704783976078033,0.00014331996499095112,3401.517722204122,3493.036967851962,9563.800482273102,8438.269377436392,705.53376500866
1776,3,Case3,8x8_277,57.0,88.0,8x8,2,2,0.00016046073869802058,0.9995212554931641,0.0003182541986461729,5212.706653886073,4138.364939744034,13426.617642402649,14358.072643542184,701.6106380099916
1777,2,Case3,8x8_278,18.0,78.0,8x8,2,2,1.4724427046530764e-06,0.9992107152938843,0.0007877274765633047,4568.790407289279,4570.386277126405,34694.292286515236,35322.267452319225,712.8683439344464
1779,1,Case3,8x8_280,-31.0,-12.0,8x8,3,3,1.2006928500341019e-06,0.00023679883452132344,0.9997619986534119,5746.12340597148,5013.814273013839,35855.45750951767,38593.668201849265,2353.410099608255
1780,3,Case3,8x8_281,-72.0,-17.0,8x8,2,2,7.359153187280754e-06,0.9308988451957703,0.06909377127885818,4794.036968247527,4392.270495316838,35346.68734419346,35060.266808441535,457.4858968604868
1781,4,Case3,8x8_282,25.0,-74.0,8x8,2,2,2.3200054783956148e-06,0.9938958287239075,0.006101811304688454,5038.763186578957,4779.599804710796,31600.694993674755,33435.839774488195,1607.6607179785265
1782,1,Case3,8x8_283,34.0,-21.0,8x8,3,3,3.545996605680557e-06,0.0006199865019880235,0.9993764758110046,6264.969018114951,5587.743057806961,31317.37016955018,35791.345687573266,3477.640168023288
1783,5,Case3,8x8_284,16.0,16.0,8x8,3,3,9.175680588668911e-07,8.874299965100363e-06,0.9999902248382568,5553.548677453177,4864.230462127211,36964.394048690796,36366.00670847166,584.077903050285
1784,1,Case3,8x8_285,-21.0,55.0,8x8,2,2,2.1711828139814315e-06,0.993684709072113,0.00631304644048214,5845.705286279004,5405.825293670838,32451.39860534668,34640.56464852532,1550.8606064463766
1785,2,Case3,8x8_286,40.0,-87.0,8x8,2,2,0.0001687319454504177,0.9996579885482788,0.00017324340296909213,5149.985176296318,5277.091632488697,22264.509815454483,21778.575257630782,392.6838735626895
1786,4,Case3,8x8_287,-77.0,22.0,8x8,2,2,2.4274850147776306e-06,0.9986398816108704,0.001357649452984333,4853.914392463762,4716.414436478659,33163.182190179825,34079.40369764938,953.3650958380447
1787,3,Case3,8x8_288,37.0,70.0,8x8,2,2,7.028249910945306e-06,0.9999476671218872,4.533482206170447e-05,5757.461667433211,5025.097514407918,23296.085282973945,24322.505788097937,910.0899847266668
1788,3,Case3,8x8_289,-9.0,44.0,8x8,3,3,3.6327660382085014e-06,0.034943725913763046,0.965052604675293,5676.253997762439,5312.40044771949,36754.53237247467,37494.36527608772,653.73400120004
1789,1,Case3,8x8_290,20.0,-82.0,8x8,2,2,3.6101087061979342e-06,0.9472523331642151,0.05274401977658272,4541.78602587344,4386.035740064318,33800.97462964058,34663.723582948114,1034.8576514971292
1791,2,Case3,8x8_292,71.0,-88.0,8x8,1,1,0.9996482133865356,0.0003273515321779996,2.4435714294668287e-05,3297.6021150671536,3067.367952340335,9449.338585853577,7824.569166207396,1077.0587240297696
1792,1,Case3,8x8_293,-28.0,11.0,8x8,3,3,8.501119737047702e-07,0.0001727836497593671,0.9998263716697693,5569.869558665755,4755.491668807644,36504.97427082062,39280.37762110433,2294.097045854007
1794,2,Case3,8x8_295,-84.0,-9.0,8x8,3,2,7.742600246274378e-06,0.9008256196975708,0.09916660934686661,3979.3376936816653,4456.537875227093,35311.889598190784,40268.80253094401,3403.0756367516174
1795,5,Case3,8x8_296,-48.0,82.0,8x8,2,2,0.00027779751690104604,0.9994648098945618,0.00025735574308782816,5381.955964322032,4487.222497946588,17262.949614048004,16582.82985299326,531.6232204540845
1796,4,Case3,8x8_297,-13.0,-4.0,8x8,3,3,2.2691813228448154e-06,4.31429834861774e-05,0.9999545812606812,4962.165396971114,4568.826964884569,37137.13344955444,38560.51320590645,1024.4528069603496
1797,1,Case3,8x8_298,-19.0,-23.0,8x8,3,3,1.9918393263651524e-06,6.35235192021355e-05,0.9999344348907471,6066.59636168633,5586.999691900425,35041.4200091362,36415.58030074557,1316.0342694996755
1798,2,Case3,8x8_299,5.0,-32.0,8x8,3,3,1.7236490066352417e-06,8.838382200337946e-05,0.9999099969863892,5580.502181314948,5862.078733536523,37373.881885528564,35905.48729966642,1296.554599006098
1799,2,Case3,8x8_300,51.0,46.0,8x8,2,2,0.06912598758935928,0.9307522177696228,0.00012184413935756311,7414.346946578003,7243.208493847911,15749.325908660889,15234.564027486129,547.196403336325
1800,5,Case4,6x4_001,65.0,19.0,6x4,2,2,2.7139349185745232e-05,0.9999165534973145,5.631464591715485e-05,19701.10650899933,22832.43418929258,37350.569036483765,39177.94006010796,1351.4006951539106
1801,3,Case4,6x4_002,40.0,-51.0,6x4,1,1,0.8915113210678101,0.10844948142766953,3.922636096831411e-05,15564.192522589261,17372.931240989026,20673.4737701416,21922.595091937514,1251.63657439314
1802,3,Case4,6x4_003,-44.0,65.0,6x4,1,1,0.9824121594429016,0.017579277977347374,8.549645826860797e-06,15263.321046334091,14989.789114906924,20740.22917175293,18997.516347724573,975.3424304883371
1804,1,Case4,6x4_005,-52.0,20.0,6x4,2,2,3.0485176466754638e-05,0.999951958656311,1.7550881239003502e-05,19521.12811538156,21452.845874493047,35214.2325592041,37065.27497443338,1155.5851552194933
1806,3,Case4,6x4_007,51.0,-83.0,6x4,1,1,0.9995313882827759,0.00043910497333854437,2.9571430786745623e-05,11044.194985803253,12127.581768346623,16095.619613647461,15428.364394832097,788.0797963369048
1807,2,Case4,6x4_008,86.0,9.0,6x4,2,2,1.7734550056047738e-05,0.9992344379425049,0.0007478076149709523,21499.399687200803,22807.668396004716,40478.00227152556,42224.91475602328,1483.039368946022
1808,4,Case4,6x4_009,-63.0,21.0,6x4,2,2,9.64816990745021e-06,0.9999752044677734,1.5143220480240416e-05,19848.72024440584,21144.548879399073,36108.73595619202,37212.30473317074,835.9891727041346
1809,4,Case4,6x4_010,-74.0,83.0,6x4,1,1,0.9999734163284302,2.2455231373896822e-05,4.132490630581742e-06,6417.199673460506,6167.846041754286,9515.437217712402,8495.598045197803,744.3222182760686
1810,2,Case4,6x4_011,-39.0,-9.0,6x4,2,2,4.392735718283802e-05,0.9893370866775513,0.010618997737765312,21782.93383721275,23762.62849930916,39491.98932170868,40362.062275395336,778.0903293306453
1811,4,Case4,6x4_012,-56.0,9.0,6x4,2,2,5.504492492036661e-06,0.9999210834503174,7.344385085161775e-05,21623.457561322022,23702.063037422184,40738.51266956329,41051.34355223877,607.4173804577026
1812,3,Case4,6x4_013,61.0,33.0,6x4,1,2,0.009162169881165028,0.990829348564148,8.501397132931743e-06,16488.202908673717,16702.075185581067,27184.160499572754,27256.046095365098,533.3503874168417
1813,2,Case4,6x4_014,19.0,79.0,6x4,2,2,1.691606485110242e-05,0.9999539852142334,2.904270513681695e-05,20609.78711097851,21671.603381177803,37917.93340614438,38913.174561191045,882.159894907913
1814,4,Case4,6x4_015,35.0,60.0,6x4,2,2,0.3106291592121124,0.6892764568328857,9.44194252952002e-05,16099.168102698402,18041.02852955852,25577.474166870117,24861.846669912487,788.7201159909322
1817,1,Case4,6x4_018,-53.0,31.0,6x4,2,2,0.01130792684853077,0.9886766672134399,1.538992000860162e-05,16509.679046427784,17362.862479503638,27068.17584991455,28219.493762563096,716.8269886090646
1818,2,Case4,6x4_019,-79.0,29.0,6x4,2,2,2.180967749154661e-05,0.9999707937240601,7.399281912512379e-06,18071.218289483906,20917.087014286764,32330.65562057495,35331.04808038647,2109.9910205338215
1819,3,Case4,6x4_020,-2.0,48.0,6x4,2,2,1.0684561857488006e-05,0.94407057762146,0.055918700993061066,22328.79345310121,24345.310140173962,41459.19886684418,44262.01470977769,2118.2496033470406
1821,3,Case4,6x4_022,43.0,-33.0,6x4,2,2,0.017301933839917183,0.9826679825782776,3.0155113563523628e-05,15643.776629233736,17598.432282833764,24355.487991333008,26652.39085905627,1757.2822560284203
1822,2,Case4,6x4_023,62.0,-67.0,6x4,1,1,0.9999834299087524,1.620295734028332e-05,3.936412156235747e-07,10919.917889467906,11148.6533344987,12632.890686035156,11952.141036797551,511.9792667583386
1823,1,Case4,6x4_024,30.0,75.0,6x4,2,2,0.004570289980620146,0.9953399896621704,8.9713154011406e-05,17431.666497748745,18247.876438057945,31495.8843460083,30515.469222108317,831.4401956775918
1824,2,Case4,6x4_025,80.0,-80.0,6x4,1,1,0.9999864101409912,1.2290572158235591e-05,1.3222937695900328e-06,5974.146129044565,5706.584420822531,9094.801483154297,8337.260538367911,589.1674049403874
1825,3,Case4,6x4_026,-81.0,73.0,6x4,1,1,0.9999548196792603,3.9322287193499506e-05,5.806468379887519e-06,6741.47187366278,6872.629257194631,9706.180961608887,8866.415313882524,600.1534451209031
1827,3,Case4,6x4_028,36.0,-31.0,6x4,2,2,0.0029558828100562096,0.9969486594200134,9.550710092298687e-05,16700.334618625035,19655.891367124892,26843.896026611328,29799.281951482208,2331.574556372755
1828,2,Case4,6x4_029,52.0,-41.0,6x4,1,1,0.8724770545959473,0.12750855088233948,1.4404777175514027e-05,15305.02527292944,16754.220381118306,20152.315338134766,20646.302048581056,652.9848314576875
1829,4,Case4,6x4_030,15.0,-12.0,6x4,3,3,7.213227218016982e-05,0.005480815656483173,0.9944471120834351,17924.24390293732,20744.838860699932,40373.207304000854,41133.05086287372,869.0628237931397
1830,4,Case4,6x4_031,-55.0,-62.0,6x4,1,1,0.9999674558639526,3.133169957436621e-05,1.199289158648753e-06,12458.905489669378,12127.507043070189,14601.530502319336,13597.9441816012,412.9480924281357
1831,3,Case4,6x4_032,-19.0,-7.0,6x4,3,3,9.302375110564753e-05,0.018870916217565536,0.9810360670089722,18193.504559718982,20601.338301037802,40640.38336849213,41228.42118896505,673.6112871029
1832,1,Case4,6x4_033,-61.0,86.0,6x4,1,1,0.9998619556427002,0.00013531147851608694,2.691975851121242e-06,8603.9325816845,9061.7409007889,12078.867164611816,11390.792471776458,486.5108643296859
1833,4,Case4,6x4_034,-43.0,-15.0,6x4,2,2,3.135695806122385e-05,0.999569833278656,0.00039875347283668816,20448.84284785929,20780.068687485556,37089.08568954468,37545.60350793351,682.0095164612551
1834,2,Case4,6x4_035,70.0,81.0,6x4,1,1,0.9999382495880127,5.9727371990447864e-05,1.983963784368825e-06,7229.269718547071,7376.596981374434,10126.80069732666,9180.922082770492,669.0861230628085
1835,1,Case4,6x4_036,8.0,25.0,6x4,3,3,2.9844082746421918e-05,0.00187155872117728,0.9980985522270203,19860.29223620826,22431.214864622983,40534.4266204834,43043.39617445116,1947.5164202732778
1837,5,Case4,6x4_038,-56.0,52.0,6x4,1,1,0.9998999834060669,9.850928472587839e-05,1.5000958910604822e-06,13793.266474940921,13528.404375984752,15560.372680664062,14736.116895196945,664.6499285865035
1839,1,Case4,6x4_040,-27.0,-54.0,6x4,2,2,0.00036994615220464766,0.9995914101600647,3.8597554521402344e-05,17787.812425229233,19709.554995489932,30433.128074645996,31696.40942216156,976.5043743502938
1840,4,Case4,6x4_041,-2.0,-68.0,6x4,2,2,3.714229706019978e-06,0.998977780342102,0.001018536975607276,22358.117936279017,22618.658517867785,42109.17192720063,43254.89722081495,1020.3493213706173
1841,4,Case4,6x4_042,84.0,51.0,6x4,1,1,0.9974621534347534,0.002526356838643551,1.1463732334959786e-05,10860.970880970019,11316.24751286965,15995.24104309082,16018.588399929104,522.4751888184959
1842,3,Case4,6x4_043,79.0,-71.0,6x4,1,1,0.999977707862854,3.728361434696126e-06,1.8600236217025667e-05,7263.017948467875,6735.303540801759,10107.692413330078,8848.138118024142,868.2972343268823
1843,3,Case4,6x4_044,59.0,-56.0,6x4,1,1,0.999962568283081,3.369822297827341e-05,3.6709654978039907e-06,13020.757742860987,13722.240475862054,14551.699737548828,14543.577891769717,969.2293806355019
1844,2,Case4,6x4_045,-18.0,-35.0,6x4,2,2,0.0001567407452967018,0.9686568379402161,0.03118639998137951,19995.27729445088,21488.187221159256,35595.73935890198,38672.940458144236,2102.2380829070967
1845,4,Case4,6x4_046,-76.0,-77.0,6x4,1,1,0.9999806880950928,1.3557071724790148e-05,5.665151093126042e-06,6767.080412473619,6595.027517373366,9683.249488830566,8365.33618253845,940.9723587780732
1846,5,Case4,6x4_047,42.0,27.0,6x4,2,2,0.006503737065941095,0.9933371543884277,0.00015914146206341684,16941.948790650924,18045.39846921002,28633.428565979004,28187.141207254772,863.1391731864701
1847,1,Case4,6x4_048,1.0,71.0,6x4,2,2,2.327634774701437e-06,0.9998144507408142,0.00018326510326005518,22333.915636394122,25288.91284234116,42045.441725969315,44509.2936484894,1780.5974663620989
1848,3,Case4,6x4_049,-37.0,22.0,6x4,2,2,2.6313826310797594e-05,0.999798595905304,0.0001750667579472065,18894.133918603293,24506.039087626083,32743.136184692383,38011.12001488841,3748.717424858322
1849,4,Case4,6x4_050,-16.0,44.0,6x4,2,2,2.7484094971441664e-05,0.9993072748184204,0.0006652660667896271,20095.47310657902,23535.091188119513,36857.12417411804,38355.70427330275,1061.3134317920612
1851,1,Case4,6x4_052,-79.0,34.0,6x4,2,2,0.000748726655729115,0.9992166757583618,3.457431012066081e-05,16823.46663263932,19623.915695414576,28968.699157714844,31705.253278053533,2100.47599414883
1852,4,Case4,6x4_053,3.0,87.0,6x4,2,2,4.49283425041358e-06,0.9997478127479553,0.0002476970257703215,22215.838817931355,19475.568938136053,41099.454046964645,41589.860032193705,885.807058900939
1853,3,Case4,6x4_054,-17.0,-44.0,6x4,2,2,1.548421823827084e-05,0.9993537068367004,0.0006307958974502981,19802.670513986137,20463.10740136162,36139.97483062744,37142.54092320332,653.8794450518291
1855,1,Case4,6x4_056,67.0,-19.0,6x4,2,2,2.5111119612120092e-05,0.9999003410339355,7.4549883720465e-05,20518.220862411847,23143.417535099863,37544.964814186096,37833.63610240145,507.81845535578486
1856,3,Case4,6x4_057,2.0,74.0,6x4,2,2,1.958304437721381e-06,0.9992221593856812,0.0007759187719784677,22293.436635106573,22952.53902435599,41863.14856123924,43795.52039204785,1744.2841645914034
1857,4,Case4,6x4_058,82.0,19.0,6x4,2,2,0.0001731018564896658,0.9992795586585999,0.0005472994525916874,20273.166907762425,23342.19512759839,37789.81520932913,39408.89274398314,1429.4770835875581
1858,5,Case4,6x4_059,14.0,3.0,6x4,3,3,4.631870979210362e-06,1.7099046090152115e-05,0.9999783039093018,17403.926771403785,17953.802830186418,39952.56978067383,41854.92740643414,1439.786380014904
1859,2,Case4,6x4_060,44.0,-84.0,6x4,1,1,0.7099048495292664,0.2900753915309906,1.9751394574996084e-05,13059.554858234635,13461.788328681487,20156.150016784668,20856.45067030706,726.8643872634807
1860,2,Case4,6x4_061,0.0,-52.0,6x4,2,2,9.735175808600616e-06,0.9954171180725098,0.004573177080601454,22390.338402721325,23908.30083251743,41764.64590930939,42154.030440241,590.639434116697
1861,5,Case4,6x4_062,33.0,26.0,6x4,2,2,0.001674057450145483,0.9942626357078552,0.0040632933378219604,17848.77388656686,18119.07860661489,30750.735805511475,32343.163809653026,1498.1017824646833
1862,2,Case4,6x4_063,-75.0,38.0,6x4,2,2,0.006672245915979147,0.9933140873908997,1.3638250493386295e-05,15942.54751799103,17159.53050703253,25891.064376831055,26818.29150007811,811.1582766761203
1863,4,Case4,6x4_064,-20.0,55.0,6x4,2,2,9.1703659563791e-06,0.999953031539917,3.776935045607388e-05,19917.952698060064,20534.948864903294,35796.84496116638,36869.67118969481,894.009532900357
1864,5,Case4,6x4_065,72.0,31.0,6x4,2,2,0.003318261122331023,0.996632993221283,4.875077138422057e-05,17410.69061531813,18545.425260029613,30421.14262008667,29651.484662535306,652.1676989809367
1866,2,Case4,6x4_067,-83.0,68.0,6x4,1,1,0.9999710321426392,2.7868523829965852e-05,1.0756293704616837e-06,7376.135864080732,6413.407202521601,10388.116424560547,8640.070156571064,1191.9973122520921
1867,3,Case4,6x4_068,-26.0,-1.0,6x4,3,3,4.845840885536745e-05,0.05450389161705971,0.9454476237297058,19576.793491775054,24167.962145458223,41025.13437271118,43297.31834028136,1617.1521469419768
1872,4,Case4,6x4_073,-22.0,46.0,6x4,2,2,5.586571205640212e-05,0.9998425245285034,0.00010161379032069817,18362.65095522395,20636.704321371333,33074.880352020264,34595.37120096337,999.5442009954851
1873,1,Case4,6x4_074,-1.0,-8.0,6x4,3,3,2.0670180674642324e-05,0.0021047373302280903,0.9978746175765991,16957.129742286947,18777.254091470044,38304.23893435509,43130.21738931892,3270.244886240388
1874,3,Case4,6x4_075,-22.0,82.0,6x4,2,2,2.8610878871404566e-05,0.9999358654022217,3.549841494532302e-05,19855.135779360873,20887.832372106197,36530.56619501114,37213.54521553736,1087.114891813677
1876,2,Case4,6x4_077,-64.0,20.0,6x4,2,2,9.519648301647976e-06,0.9999791383743286,1.132313900598092e-05,19512.41367375843,21969.01600682998,36788.09573173523,36806.13925617694,450.9463648121883
1877,1,Case4,6x4_078,29.0,-79.0,6x4,2,2,0.0002946900494862348,0.9994839429855347,0.00022137838823255152,18169.39831242523,21731.8690562161,32441.25168991089,35138.50647062735,1900.17030515926
1878,3,Case4,6x4_079,-67.0,39.0,6x4,2,2,0.3327445387840271,0.6672234535217285,3.207078043487854e-05,15675.109831677206,16961.696933367293,24083.856620788574,22265.75333571159,1246.8547810006605
1880,5,Case4,6x4_081,-38.0,-72.0,6x4,2,2,0.373381108045578,0.6264540553092957,0.0001648762117838487,16101.298190734396,17184.20711447285,25535.441902160645,24700.624716176477,794.754011415088
1881,3,Case4,6x4_082,85.0,48.0,6x4,1,1,0.9313589930534363,0.06855706125497818,8.389879803871736e-05,11736.197462441638,11900.13605492207,17622.416023254395,17762.82872928124,546.8386120508668
1882,4,Case4,6x4_083,-12.0,85.0,6x4,2,2,6.5026683842006605e-06,0.9999289512634277,6.456531264120713e-05,21326.424718647988,20116.74320067161,40070.832342624664,39855.51455174068,661.1055492098332
1883,3,Case4,6x4_084,77.0,-48.0,6x4,1,1,0.9988657236099243,0.0011103302240371704,2.3875303668319248e-05,12337.943110434046,12794.566779701116,17657.656860351562,17496.873042200932,633.0202776561143
1884,1,Case4,6x4_085,45.0,75.0,6x4,1,1,0.9410077333450317,0.0589495450258255,4.269333658157848e-05,12589.587008838233,14454.156149705135,19291.559448242188,19376.604460989587,716.8652752751292
1885,3,Case4,6x4_086,-41.0,-54.0,6x4,1,1,0.7698501944541931,0.23008166253566742,6.813180516473949e-05,15341.482645335416,17213.27546139246,20395.549438476562,21852.507287499888,1297.361195268638
1886,3,Case4,6x4_087,-38.0,89.0,6x4,2,2,0.0677814707159996,0.9321684241294861,5.0123442633775994e-05,16189.267634561245,14792.592281922818,26659.70269012451,24551.601364432758,1560.9724325515865
1887,1,Case4,6x4_088,23.0,33.0,6x4,2,2,0.004110791254788637,0.6033667325973511,0.3925224542617798,18608.451507404636,20978.09884127658,32788.068967819214,35102.42079233097,1822.4376949159716
1888,4,Case4,6x4_089,18.0,-35.0,6x4,2,2,0.00010313939128536731,0.9695205688476562,0.030376238748431206,20032.379657876594,23772.55944630096,35718.26697349548,39982.37463110894,2961.171184944695
1889,1,Case4,6x4_090,-65.0,24.0,6x4,2,2,4.3369589548092335e-05,0.9999423027038574,1.4265674508351367e-05,18553.21629145018,20329.481083410068,34464.85930252075,35631.62448665239,912.0642620535128
1890,5,Case4,6x4_091,11.0,36.0,6x4,3,2,7.202003325801343e-05,0.8260099291801453,0.17391808331012726,21767.84320171658,21896.034929126206,38954.52271270752,41426.25105593872,2048.5000765596924
1891,4,Case4,6x4_092,-38.0,-40.0,6x4,2,1,0.7586684226989746,0.24125589430332184,7.565982377855107e-05,16099.213392153637,15934.360848560693,22421.030807495117,21421.07464421389,1011.6102584413131
1892,5,Case4,6x4_093,-70.0,-78.0,6x4,1,1,0.9998806715011597,0.00011347335384925827,5.814039013785077e-06,7555.890633922434,7620.720243806541,10329.256454467773,9813.78715377934,386.99160133092
1893,2,Case4,6x4_094,73.0,-55.0,6x4,1,1,0.9999107122421265,8.850813173921779e-05,7.327253115363419e-07,11135.612813237853,11420.47952177859,14270.253921508789,13522.382721244987,571.7253478333279
1894,4,Case4,6x4_095,68.0,-30.0,6x4,2,2,0.0005380325601436198,0.9994468092918396,1.5096700735739432e-05,17661.643455896938,17587.950368383015,30685.306797027588,32139.58189555707,976.9645751071646
1895,1,Case4,6x4_096,84.0,-52.0,6x4,1,1,0.9997710585594177,0.00022097406326793134,8.040264219744131e-06,10662.045194364207,11327.033950460718,15596.21597290039,15307.21059937441,514.1657252218478
1897,5,Case4,6x4_098,-1.0,36.0,6x4,3,2,3.1457009754376486e-05,0.5454414486885071,0.4545270502567291,21625.61055912366,23420.274003448132,40947.409863471985,45438.682574489256,3393.9948016694575
1898,1,Case4,6x4_099,90.0,40.0,6x4,1,2,0.026054836809635162,0.9737808704376221,0.0001643042778596282,12361.552384112701,14824.93277358303,22734.604961395264,26380.9993211041,2317.5568155909427
1899,2,Case4,6x4_100,69.0,62.0,6x4,1,1,0.9999377727508545,6.0198774008313194e-05,1.97338067664532e-06,10290.846377699652,10085.60136352291,12280.447204589844,11294.100075822784,595.4632038744259
1900,2,Case4,6x4_101,48.0,15.0,6x4,2,2,8.139171404764056e-05,0.9994039535522461,0.0005146603216417134,20115.567029852402,22581.230885736935,37571.81036758423,38266.70684603162,881.282799229952
1901,5,Case4,6x4_102,76.0,-24.0,6x4,2,2,8.705056825419888e-05,0.9997907280921936,0.00012225030513945967,18748.451080897223,21183.033716087633,35256.70406913757,36623.57609794043,1026.643176330426
1902,4,Case4,6x4_103,66.0,14.0,6x4,2,2,2.0375871827127412e-05,0.9998176693916321,0.00016199739184230566,20779.429796308756,23285.676903577063,39634.29720568657,40301.942713244134,981.9357437950802
1903,3,Case4,6x4_104,83.0,3.0,6x4,2,2,2.6074758352478966e-05,0.9950300455093384,0.004943870007991791,22013.511892918705,25551.585146670852,41152.61290860176,44024.49556275292,2141.758513567486
1905,3,Case4,6x4_106,-12.0,43.0,6x4,2,2,1.794222953321878e-05,0.9893585443496704,0.010623441077768803,21892.502054630153,26749.600202729656,38771.460247039795,41988.515704863144,2335.178713945367
1906,1,Case4,6x4_107,69.0,8.0,6x4,2,2,3.624490773290745e-06,0.9981544613838196,0.001841933699324727,21693.39061803584,24799.35398291176,41295.13650110364,44497.82289643321,2453.128055680535
1908,3,Case4,6x4_109,-69.0,17.0,6x4,2,2,2.77765184364398e-06,0.9999586343765259,3.86344654543791e-05,20635.671601532737,21300.02761108303,38599.600392341614,40154.64145722927,1412.8380080929662
1910,5,Case4,6x4_111,7.0,87.0,6x4,2,2,2.367094566579908e-06,0.9999090433120728,8.863383845891804e-05,21920.621936815387,20732.58953205746,40819.52363777161,42244.35364554786,1300.3101420830242
1911,4,Case4,6x4_112,21.0,-8.0,6x4,3,3,4.1844043153105304e-05,0.00802033394575119,0.9919378161430359,19054.511313868734,21819.144310160907,40676.33984565735,41716.71805784853,1008.0763332514938
1912,5,Case4,6x4_113,35.0,-2.0,6x4,3,3,2.2458412786363624e-05,0.05322666093707085,0.9467509388923645,21509.802299412044,25568.06321739497,40786.28412055969,44876.782105742255,3129.3826713173985
1913,3,Case4,6x4_114,-35.0,-78.0,6x4,2,2,0.0009171353303827345,0.9990020394325256,8.088890899671242e-05,16760.714683028644,20203.29576059054,28226.175842285156,30617.100696239337,1810.0948738098089
1914,2,Case4,6x4_115,22.0,74.0,6x4,2,2,4.648264803108759e-05,0.9999269247055054,2.6551730115897954e-05,19318.37365424374,21663.514654503644,36387.10043334961,38021.39003632506,1332.7873631206319
1915,4,Case4,6x4_116,12.0,-85.0,6x4,2,2,9.35855587158585e-06,0.9982812404632568,0.001709438394755125,21286.86687496217,20966.36559838636,40101.164637327194,41266.60146667484,1046.2317353904982
1916,5,Case4,6x4_117,-87.0,33.0,6x4,2,2,5.644648626912385e-05,0.9999089241027832,3.4565811802167445e-05,17047.571877581824,18669.275345117436,29917.262031555176,32659.720920616463,2136.94052349919
1917,5,Case4,6x4_118,54.0,-88.0,6x4,1,1,0.9999088048934937,2.995977774844505e-05,6.12297881161794e-05,10093.622702080575,10847.224999024616,14646.298553466797,14158.734970836234,546.7499851451967
1918,4,Case4,6x4_119,31.0,-10.0,6x4,3,3,8.518696267856285e-05,0.09680753201246262,0.9031072854995728,21142.379614046542,24256.227242064127,39574.856536865234,41634.42495875119,1728.6739465721678
1919,3,Case4,6x4_120,-58.0,-26.0,6x4,2,2,0.0001181914412882179,0.9998544454574585,2.734028566919733e-05,17662.200542907973,18736.75060890468,31857.670223236084,31943.68042129582,450.97221408758946
1921,5,Case4,6x4_122,20.0,-73.0,6x4,2,2,2.814693834807258e-05,0.9996616840362549,0.000310212024487555,20516.942125553487,21573.095189281557,37450.48464870453,37852.06674110869,551.701115525203
1922,4,Case4,6x4_123,76.0,4.0,6x4,2,2,1.7056912838597782e-05,0.9977303147315979,0.002252593170851469,21993.004758074017,26630.983022701963,41519.3317643404,44445.027484683626,2374.545663593854
1924,1,Case4,6x4_125,-3.0,72.0,6x4,2,2,2.4072910491668154e-06,0.9998716115951538,0.00012597537715919316,22280.06196581888,24705.573292547153,41928.42184317112,43695.768592867804,1325.0880332761817
1925,5,Case4,6x4_126,-8.0,18.0,6x4,2,3,7.31347472537891e-06,4.1094401240115985e-05,0.9999516010284424,17930.849905103307,20743.95981653397,40213.41088247299,42047.63149983396,1619.8576406158722
1926,4,Case4,6x4_127,-66.0,77.0,6x4,1,1,0.9999783039093018,1.985539529414382e-05,1.8043105001197546e-06,8433.232191979947,8315.339879774025,11101.270462036133,10375.506126519822,513.1592756827413
1927,2,Case4,6x4_128,59.0,-70.0,6x4,1,1,0.9999730587005615,2.6460233129910193e-05,4.255099952388264e-07,10901.028508593796,11428.260298882245,13084.530738830566,12530.943352401371,459.5419554710496
1929,2,Case4,6x4_130,-59.0,12.0,6x4,2,2,6.532419320137706e-06,0.9999550580978394,3.8354253774741665e-05,21543.467950390856,23686.786213172825,40032.09632444382,39472.97894598311,556.4274890586573
1930,1,Case4,6x4_131,41.0,53.0,6x4,1,1,0.9183018207550049,0.08164772391319275,5.04337003803812e-05,15325.026379625706,16438.466266462798,20287.806716918945,21242.144540719135,823.6557115776941
1932,1,Case4,6x4_133,-21.0,37.0,6x4,2,2,0.0003761031839530915,0.9893707036972046,0.010253163054585457,18849.98592227573,22214.068078093478,33564.10712432861,38276.068436700654,3169.5621522322617
1933,1,Case4,6x4_134,-56.0,37.0,6x4,2,1,0.5993879437446594,0.40058961510658264,2.2466458176495507e-05,15597.112008826294,16346.345044875185,23226.07704925537,22328.19355206506,847.2739462674078
1934,5,Case4,6x4_135,39.0,-76.0,6x4,2,1,0.9756475687026978,0.023835087195038795,0.0005173489334993064,16006.88943855908,14703.935329207881,25424.63882446289,20747.89607168132,3198.0268569669197
1935,2,Case4,6x4_136,8.0,-68.0,6x4,2,2,5.817395958729321e-06,0.9994766116142273,0.0005175673286430538,21932.581487616357,24836.001062710777,41471.975370168686,42179.05254563184,744.1204866426419
1936,3,Case4,6x4_137,68.0,53.0,6x4,1,1,0.9964393973350525,0.00355506781488657,5.475991656567203e-06,12230.661588968265,12755.4681418742,14948.632362365723,15050.090701391237,378.8459892570449
1937,5,Case4,6x4_138,-28.0,-75.0,6x4,2,2,0.00015733251348137856,0.9997841715812683,5.8489993534749374e-05,18425.936762558722,20810.587472767325,32772.703540802,35071.151421520386,1635.396908989084
1938,1,Case4,6x4_139,-52.0,-36.0,6x4,2,2,0.3237270712852478,0.6762099266052246,6.299429514911026e-05,15468.37737358641,15998.644086611768,23009.7333984375,22481.592801514864,517.816180202299
1940,4,Case4,6x4_141,79.0,49.0,6x4,1,1,0.9951000809669495,0.00488858250901103,1.1369899766577873e-05,11693.184234639493,12254.951124358802,16991.50877380371,17015.305543276692,596.3312555530517
1941,2,Case4,6x4_142,56.0,10.0,6x4,2,2,1.677430554991588e-05,0.9996114373207092,0.00037184363463893533,21319.723385365323,24125.673468802437,40413.98736286163,40145.21450617761,804.8756022336265
1942,1,Case4,6x4_143,39.0,-35.0,6x4,2,2,0.3400326669216156,0.6598817110061646,8.563839946873486e-05,16036.190720089693,18657.49183670674,23861.256118774414,25231.211765459597,733.7961983649085
1943,1,Case4,6x4_144,-86.0,-39.0,6x4,2,2,0.022337796166539192,0.9774972796440125,0.00016490869165863842,15835.30296171324,17589.97896397907,25841.501792907715,27745.337850819113,1452.8353736908045
1944,5,Case4,6x4_145,29.0,32.0,6x4,2,2,0.005795727018266916,0.9913832545280457,0.002820992609485984,17321.666898558327,17956.325196989135,29528.379280090332,30385.41300334099,1199.8287966888956
1945,4,Case4,6x4_146,-41.0,-28.0,6x4,2,2,0.0027274717576801777,0.9971588850021362,0.00011360282223904505,16422.268749824758,17971.312803168,27870.418521881104,29228.255011354726,1133.3251883828132
1946,3,Case4,6x4_147,47.0,23.0,6x4,2,2,5.885271093575284e-05,0.9999152421951294,2.5861569156404585e-05,18337.610171054326,18766.76685807079,32224.380252838135,34231.23123966348,1664.0652416320138
1947,5,Case4,6x4_148,46.0,-62.0,6x4,1,1,0.9997304081916809,0.0002580930304247886,1.1419656402722467e-05,15167.89709263468,14174.59677889308,19239.020248413086,16180.642046399165,1792.36144344314
1949,3,Case4,6x4_150,15.0,-47.0,6x4,2,2,2.249226781714242e-06,0.9997499585151672,0.00024773419136181474,20401.415749413034,23161.27365901327,37669.0164604187,40104.699760440635,1675.228500048736
1950,5,Case4,6x4_151,-66.0,-82.0,6x4,1,1,0.9997343420982361,0.0002577862760517746,7.891261702752672e-06,7839.469686969595,7990.988642006062,10855.268058776855,10465.183918478428,316.6562086517762
1951,2,Case4,6x4_152,-23.0,-66.0,6x4,2,2,3.162157736369409e-05,0.9998890161514282,7.93558283476159e-05,19520.730767560206,21847.755907376475,35202.44256782532,37200.5495246924,1467.574076452974
1952,5,Case4,6x4_153,50.0,-62.0,6x4,1,1,0.9999616146087646,3.263033431721851e-05,5.668317953677615e-06,14286.851173680787,13103.78124762388,16499.066818237305,14588.992320249748,1217.3176808909263
1954,1,Case4,6x4_155,11.0,-32.0,6x4,2,3,8.874635386746377e-05,0.15399236977100372,0.8459188938140869,21032.385995143206,25095.44820909611,39307.878494262695,40890.742828090595,1451.9231361676261
1955,3,Case4,6x4_156,70.0,-86.0,6x4,1,1,0.9999581575393677,1.1650153282971587e-05,3.018622737727128e-05,6910.164352987085,7016.282364935621,9977.699333190918,9526.599627290878,401.47513722256446
1956,2,Case4,6x4_157,78.0,-26.0,6x4,2,2,0.0003523775958456099,0.9996160268783569,3.154837031615898e-05,18751.314085346956,19479.08430426838,34143.060373306274,34781.05176242483,675.1544267139036
1958,4,Case4,6x4_159,-9.0,-4.0,6x4,3,3,8.080724364845082e-05,0.005690453108400106,0.994228720664978,17066.94834169127,19260.832677300554,38760.6311199218,41574.01675322183,1898.4441455292074
1959,4,Case4,6x4_160,47.0,-13.0,6x4,2,2,1.4789078704779968e-05,0.9994256496429443,0.0005596186965703964,20665.2862093019,22330.196623781645,38530.479687690735,38903.35727981663,835.6329988490945
1961,3,Case4,6x4_162,-71.0,-11.0,6x4,2,2,2.1792193365399726e-06,0.9998464584350586,0.00015137770969886333,21339.9828165025,23461.413598575276,40580.41236001253,41602.648571443126,1071.096035816503
1962,4,Case4,6x4_163,-84.0,28.0,6x4,2,2,3.762243068194948e-05,0.9999427795410156,1.9635208445833996e-05,18210.240977751277,19953.826140531994,33100.112186431885,34568.70608666641,1257.0935226724857
1963,5,Case4,6x4_164,-16.0,-5.0,6x4,2,3,1.0803841178130824e-05,5.674505155184306e-05,0.9999324083328247,17924.91288582107,20860.27346517705,40431.003135859966,41730.67518506585,1265.7291721456227
1964,4,Case4,6x4_165,-5.0,10.0,6x4,3,3,5.151899313204922e-05,0.003585907630622387,0.9963625073432922,16755.293177064803,19822.430765296886,39227.18662965298,41602.55000681145,1537.3998007506252
1965,2,Case4,6x4_166,-61.0,-3.0,6x4,2,2,5.597011295321863e-06,0.9998618364334106,0.00013249667244963348,22131.98328592722,24877.983885504225,41922.423767507076,41982.188148419315,478.2304864984791
1967,5,Case4,6x4_168,-5.0,-1.0,6x4,3,3,6.254320396692492e-06,1.4058888154977467e-05,0.9999797344207764,17139.540631082622,18262.718476433507,35472.77913182974,42068.60251667654,5434.119065033286
1968,5,Case4,6x4_169,58.0,-70.0,6x4,1,1,0.999988317489624,3.3437368074373808e-06,8.313568287121598e-06,11097.69246060567,10382.98734886756,13366.241691589355,12164.563668642602,815.326598689896
1969,4,Case4,6x4_170,-35.0,-50.0,6x4,2,2,0.431427538394928,0.5684963464736938,7.609010935993865e-05,15763.79095797676,16744.771215869805,23481.918731689453,22917.44465398641,680.4205353026066
1970,4,Case4,6x4_171,-6.0,-18.0,6x4,3,3,0.00010089452553074807,0.015796653926372528,0.9841024279594421,17410.69431437889,19969.46028764575,40138.85045647621,41321.703302867165,1109.964583227655
1971,2,Case4,6x4_172,-68.0,5.0,6x4,2,2,3.5233390462963143e-06,0.9998506307601929,0.00014577098772861063,22001.661542988226,23917.94023796013,41786.77072298527,42190.181594267946,610.4297588726774
1972,5,Case4,6x4_173,82.0,-55.0,6x4,1,1,0.999962329864502,1.9139568394166417e-05,1.8442711734678596e-05,10147.57003477745,10204.402262707903,14231.309196472168,13002.670156462122,967.6798760798148
1973,5,Case4,6x4_174,-76.0,51.0,6x4,1,1,0.9998676776885986,0.00012805954611394554,4.258899934939109e-06,11586.020496456618,12690.608288798576,16010.045120239258,14296.269229695838,1354.0052281412761
1974,5,Case4,6x4_175,-73.0,85.0,6x4,1,1,0.9999856948852539,6.6965981204702985e-06,7.6289320531941485e-06,6486.307386958716,6097.06672507152,9564.116756439209,8561.31834352206,712.5560712227286
1975,2,Case4,6x4_176,-36.0,30.0,6x4,2,2,0.01144252996891737,0.9882866740226746,0.00027082706219516695,16882.71816026857,19562.722790055344,27425.878536224365,27875.63116246622,593.1155013926536
1976,5,Case4,6x4_177,25.0,-81.0,6x4,2,2,0.0001864643709268421,0.9994244575500488,0.0003891108790412545,19145.919367808307,20511.319723582048,34952.29942703247,35572.28615813245,689.7366358415034
1977,2,Case4,6x4_178,27.0,63.0,6x4,2,2,0.0012551952386274934,0.9986938834190369,5.0984061090275645e-05,17812.74790622233,19387.039487134207,32171.261039733887,32947.92133008811,998.7989345788534
1978,3,Case4,6x4_179,73.0,-44.0,6x4,1,1,0.9854830503463745,0.01447064708918333,4.625159635907039e-05,15042.643394652185,14328.833585536991,21821.834632873535,20605.159514481704,685.6281659167478
1980,4,Case4,6x4_181,88.0,45.0,6x4,2,1,0.9605994820594788,0.03935694694519043,4.353730400907807e-05,12392.318254241229,12911.640731121144,19440.69637298584,20328.53354208976,731.344700352432
1983,2,Case4,6x4_184,83.0,43.0,6x4,2,1,0.9630647301673889,0.036915332078933716,1.9913881260436028e-05,11956.04729499557,12727.773021055116,20672.77809906006,19781.878809994116,1042.1779030754906
1984,1,Case4,6x4_185,-18.0,49.0,6x4,2,2,4.778762740897946e-05,0.9997816681861877,0.0001705880422377959,19624.96577963115,20645.808140402045,36200.83619117737,37612.3701330948,912.141427299995
1985,5,Case4,6x4_186,-54.0,1.0,6x4,2,2,4.011282726423815e-06,0.9996154308319092,0.0003804902662523091,22179.04572113914,23472.872219526904,41754.846172749996,42274.49702486802,909.4825337777648
1986,1,Case4,6x4_187,-47.0,-37.0,6x4,1,2,0.3099866211414337,0.6899346113204956,7.874867151258513e-05,15396.657748207082,15829.222590115722,21801.105545043945,22426.937273745487,655.1627895502634
1987,5,Case4,6x4_188,-40.0,56.0,6x4,1,1,0.6910340785980225,0.308914452791214,5.151486402610317e-05,15513.92063728736,16591.252238079658,21403.307205200195,22689.54849822804,1155.6664415068706
1988,1,Case4,6x4_189,34.0,0.0,6x4,3,3,1.41585278470302e-05,0.021786920726299286,0.9781990051269531,21657.906151661224,22594.609733991412,40842.209557533264,43358.83020605654,1943.8515166992697
1989,4,Case4,6x4_190,-80.0,40.0,6x4,2,2,0.008478962816298008,0.9915072917938232,1.3768831195193343e-05,15648.583910240095,15559.2675598543,24990.77540588379,24963.36580349381,700.9639576180896
1990,1,Case4,6x4_191,-75.0,6.0,6x4,2,2,1.964622924788273e-06,0.9994926452636719,0.0005053533823229373,21874.91778887755,25544.603284819263,41424.22816514969,43167.01072099288,1223.24277387606
1991,3,Case4,6x4_192,89.0,-86.0,6x4,1,1,0.9999567270278931,5.69468829780817e-06,3.749236566363834e-05,4973.9925900578555,5023.544819072531,8325.08712387085,7777.87146275575,488.66738314999355
1992,3,Case4,6x4_193,48.0,41.0,6x4,1,1,0.7790144085884094,0.22095999121665955,2.5504083168925717e-05,15388.243323403005,15297.462796078398,19897.840744018555,19813.495619599893,700.7959497651352
1993,5,Case4,6x4_194,-11.0,-16.0,6x4,3,3,2.519636655051727e-05,0.00014162925072014332,0.9998332262039185,17756.135113982586,20697.207997357276,40126.27185535431,40305.705714391755,873.7428675593491
1994,3,Case4,6x4_195,12.0,71.0,6x4,2,2,3.6560686567099765e-06,0.9996252059936523,0.00037113952566869557,21996.260955284524,24648.152697212074,40460.92272722721,43536.3152896755,2441.1874771883645
1996,5,Case4,6x4_197,-80.0,-38.0,6x4,2,2,0.09656712412834167,0.9033517837524414,8.112448995234445e-05,15893.15974336097,15542.199098443216,26222.593955993652,24624.489848843165,1160.1679124622137
1997,1,Case4,6x4_198,-82.0,-53.0,6x4,1,1,0.9986557960510254,0.0013334299437701702,1.0720262253016699e-05,10577.037843011174,11394.089338694277,15089.862396240234,14375.098363700643,758.4427873598756
1998,2,Case4,6x4_199,-45.0,82.0,6x4,1,1,0.9699844717979431,0.03000631369650364,9.207985385728534e-06,12884.544918881533,13138.127845808405,19586.481552124023,18690.74164880121,1016.8738663950893
1999,5,Case4,6x4_200,88.0,-42.0,6x4,1,1,0.912835419178009,0.08635410666465759,0.0008105143788270652,11926.17822368546,14183.073856672776,21503.02456665039,21020.91906917163,942.6275418013083
2001,1,Case4,6x4_202,-24.0,-76.0,6x4,2,2,7.261645805556327e-06,0.9998549222946167,0.0001378068991471082,19533.891318677703,21927.37194297166,35297.19714355469,39077.44778537641,2546.53749022453
2002,1,Case4,6x4_203,33.0,58.0,6x4,2,2,0.11667811125516891,0.8831881880760193,0.0001337169378530234,16486.365230660547,17449.85732788352,26644.18016052246,26791.307406595108,591.1379734683735
2003,3,Case4,6x4_204,27.0,-22.0,6x4,3,2,0.000646643980871886,0.7799401879310608,0.21941308677196503,20176.706110514904,24619.270424336057,35379.805713653564,38590.528017599485,2377.309543066136
2005,4,Case4,6x4_206,4.0,90.0,6x4,2,2,4.998446001991397e-06,0.9997666478157043,0.00022838640143163502,10036.736432191612,19089.46329804401,39174.30488228798,41084.96966296564,1950.8839246670925
2006,3,Case4,6x4_207,19.0,-83.0,6x4,2,2,8.017279469640926e-06,0.9997426867485046,0.00024924217723309994,19995.28621372993,21969.278204224494,37934.218438744545,40240.52732241303,1901.7233794740564
2007,4,Case4,6x4_208,-87.0,47.0,6x4,1,2,0.29179707169532776,0.7081730961799622,2.9777644158457406e-05,11851.482992077586,12521.75477767253,18244.729026794434,19668.389304732074,1274.7432528021448
2008,4,Case4,6x4_209,58.0,-69.0,6x4,1,1,0.9999886751174927,9.285919986723457e-06,2.072433517241734e-06,11273.829196034098,11330.618063945212,13412.545066833496,12694.616170050393,433.33165799811593
2009,2,Case4,6x4_210,-10.0,23.0,6x4,3,3,5.648089791066013e-05,0.01556304469704628,0.9843804836273193,18809.799572454758,24759.40049087527,40067.85463523865,41202.90765873539,986.7670169613789
2010,4,Case4,6x4_211,55.0,-59.0,6x4,1,1,0.9999783039093018,2.0908253645757213e-05,8.282767680611869e-07,13099.915601604815,13699.791671348703,14740.223693847656,14677.813253999335,780.8172091465206
2011,3,Case4,6x4_212,-63.0,54.0,6x4,1,1,0.9998040795326233,0.0001939039648277685,1.9845942915708292e-06,13167.471008135466,13514.812010096464,14890.271011352539,14542.98540917578,509.4379739269302
2012,5,Case4,6x4_213,67.0,-42.0,6x4,2,1,0.9941097497940063,0.00585983507335186,3.047761128982529e-05,15297.196516776994,16230.092291505565,22138.659698486328,19925.666903791993,1409.5730383826146
2013,1,Case4,6x4_214,63.0,-14.0,6x4,2,2,6.570431196450954e-06,0.9998663663864136,0.00012709527800325304,21497.268914674736,24199.462332315245,39553.2885093689,40434.873108811764,789.4216406937675
2014,1,Case4,6x4_215,9.0,13.0,6x4,3,3,3.084378477069549e-05,0.0008695514407008886,0.999099612236023,17607.910295194793,20521.323967023593,39884.910847365856,42681.445706744336,1849.0321762175677
2015,1,Case4,6x4_216,-10.0,59.0,6x4,2,2,9.571268492436502e-06,0.9999091625213623,8.128575427690521e-05,21611.4483428287,24009.812142082235,40790.01819849014,41167.192889955986,590.9718971522566
2016,3,Case4,6x4_217,21.0,56.0,6x4,2,2,1.1110588275187183e-05,0.9999264478683472,6.24470558250323e-05,19024.884481113513,20276.55596761698,35216.01766204834,38081.95952024937,2077.8365928172284
2017,1,Case4,6x4_218,5.0,-15.0,6x4,3,3,2.828516335284803e-05,0.003494999138638377,0.9964767098426819,17605.792968490783,20881.48414676165,39929.942858655006,43069.76618367239,2355.3756262017164
2019,1,Case4,6x4_220,14.0,-23.0,6x4,3,3,7.904445374151692e-05,0.009836125187575817,0.9900847673416138,19382.372791549784,23585.22103468196,39462.51999473572,40906.2751759962,1477.5340401032083
2020,1,Case4,6x4_221,74.0,-56.0,6x4,1,1,0.999956488609314,4.053901648148894e-05,3.0100238745944807e-06,10787.729413537414,11927.521741882287,13884.575492858887,14087.045214634734,310.9273336298278
2022,3,Case4,6x4_223,-78.0,-48.0,6x4,1,1,0.9953199028968811,0.004669656977057457,1.0429364920128137e-05,12156.378780918145,13013.720289117304,17635.207153320312,16780.085802390084,994.8706119979453
2023,2,Case4,6x4_224,-4.0,-43.0,6x4,2,2,3.433342499192804e-05,0.963609516620636,0.036356158554553986,21078.173809356336,23921.579548651916,40888.068081855774,41486.710327872934,734.8462397576442
2024,4,Case4,6x4_225,2.0,-73.0,6x4,2,2,4.283952421246795e-06,0.9986841082572937,0.0013115828623995185,22317.9362294314,22225.88655268286,41939.1175006032,43042.539538196834,1008.495481938236
2025,1,Case4,6x4_226,-42.0,80.0,6x4,1,1,0.7751524448394775,0.2248121201992035,3.5529730666894466e-05,12651.832225226417,14956.857684507127,21526.792266845703,20685.14047612674,1074.2458753900687
2026,2,Case4,6x4_227,-42.0,-6.0,6x4,2,2,2.606906127766706e-05,0.9952994585037231,0.004674422554671764,22052.64681319117,24382.475935510905,40368.082856178284,40648.26100723021,544.5057826980324
2028,4,Case4,6x4_229,42.0,86.0,6x4,1,2,0.4638756215572357,0.5360270738601685,9.735712228575721e-05,12126.526532711148,15363.57213770817,21427.551780700684,24033.079713832154,1730.2091368582708
2029,5,Case4,6x4_230,-44.0,-30.0,6x4,2,2,0.0019594840705394745,0.9979935884475708,4.695360621553846e-05,16287.154204140936,17276.62033752193,26379.516693115234,27374.678014748388,663.1542653529901
2031,1,Case4,6x4_232,-8.0,-27.0,6x4,3,3,3.340691182529554e-05,0.030448006466031075,0.9695185422897339,20104.036356437533,21901.548890114464,40418.499338150024,41358.43589858882,1109.3726253723858
2033,3,Case4,6x4_234,-49.0,-40.0,6x4,1,1,0.6614242792129517,0.3385172188282013,5.8489229559199885e-05,15308.929501320623,17255.39524995043,20318.814880371094,22085.785966695563,1461.4851964526977
2035,2,Case4,6x4_236,16.0,-57.0,6x4,2,2,6.70180043016444e-06,0.9998924732208252,0.00010083999222842976,21051.064603649524,21850.00345823051,38302.59153556824,38960.63327379075,571.0143304982827
2036,2,Case4,6x4_237,-32.0,66.0,6x4,2,2,0.004466481506824493,0.9955238103866577,9.739906090544537e-06,16872.448392359238,17346.61335297019,29039.536193847656,28025.016699133022,901.9168188996097
2037,2,Case4,6x4_238,64.0,-22.0,6x4,2,2,3.907803329639137e-05,0.9999485015869141,1.2380558473523706e-05,19034.095052135843,19137.896802301693,35609.33871269226,35612.04951832479,398.6801958912177
2040,2,Case4,6x4_241,13.0,6.0,6x4,3,3,1.915883694891818e-05,0.0017513739876449108,0.998229444026947,17461.919738302284,20683.415551456183,39844.10912939161,40512.31408056865,619.2099697145062
2042,5,Case4,6x4_243,-63.0,-63.0,6x4,1,1,0.9999669790267944,3.0755167244933546e-05,2.2775673187425127e-06,11471.812100818797,11564.95593277265,13156.117813110352,12755.75015037994,651.6029746736076
2043,5,Case4,6x4_244,85.0,-58.0,6x4,1,1,0.9999613761901855,1.5651918147341348e-05,2.2949350750423037e-05,9219.000408770862,9249.007065700618,13041.403137207031,12284.207746392829,621.8115054500524
2044,5,Case4,6x4_245,-34.0,-14.0,6x4,2,2,8.440959936706349e-05,0.9928890466690063,0.007026577368378639,19881.196425051658,24096.24715749563,37702.959857940674,39484.8643031978,1480.6710035766177
2045,4,Case4,6x4_246,60.0,61.0,6x4,1,1,0.9998917579650879,0.00010572418250376359,2.545678171372856e-06,12071.324130888881,12296.584834705742,13655.95573425293,13911.104461093331,944.6945288257859
2046,5,Case4,6x4_247,-83.0,78.0,6x4,1,1,0.9999829530715942,5.829547262692358e-06,1.119855460274266e-05,5902.682443111473,5581.393273764141,9047.162437438965,7910.820431372099,803.6245874195415
2047,4,Case4,6x4_248,6.0,27.0,6x4,3,3,2.2154621547088027e-05,0.007954876869916916,0.9920229911804199,19351.973849259746,21891.708025062144,40712.27438735962,41520.56906517003,941.0034958140438
2048,5,Case4,6x4_249,6.0,16.0,6x4,3,3,5.059371233073762e-06,2.6572717615636066e-05,0.999968409538269,17597.91997942234,18466.008221657346,39949.529588878155,41959.75545864881,1584.2744909391668
2049,5,Case4,6x4_250,-47.0,64.0,6x4,1,1,0.9992415904998779,0.0007543249521404505,4.0224790609499905e-06,15084.932570751116,14559.523665666933,19076.27603149414,16852.674366930427,1122.3997247752814
2051,2,Case4,6x4_252,-82.0,-45.0,6x4,1,1,0.9166696667671204,0.08330463618040085,2.5683966669021174e-05,12769.51346224902,14883.097324061448,19500.198013305664,19867.72455254135,874.5421049601036
2052,3,Case4,6x4_253,56.0,-34.0,6x4,2,2,0.023873507976531982,0.9761081337928772,1.838935713749379e-05,16106.740025738418,16426.111263398358,25408.312728881836,26901.19826034477,1134.8523922107727
2053,3,Case4,6x4_254,-75.0,-17.0,6x4,2,2,3.9749238567310385e-06,0.9998931884765625,0.00010282894800184295,21039.167923651,23201.67958029295,38595.90729957819,40698.20613591529,1750.3541705379719
2054,1,Case4,6x4_255,32.0,-60.0,6x4,2,2,0.03137081861495972,0.9685752987861633,5.3849111282033846e-05,16913.702942077303,19089.276980832292,27915.70143890381,28031.012821094515,538.8042544848721
2055,4,Case4,6x4_256,-25.0,-11.0,6x4,3,3,0.00029392572469078004,0.23480865359306335,0.7648975253105164,19397.504730784083,21243.435706404875,39872.809144973755,40155.7595299123,875.0128147260351
2056,2,Case4,6x4_257,65.0,80.0,6x4,1,1,0.9999185800552368,7.938935596030205e-05,2.0269012566132005e-06,8200.740123507769,8238.120277073753,11099.058334350586,10062.920495150149,713.2582705345553
2057,1,Case4,6x4_258,54.0,-18.0,6x4,2,2,1.2404338121996261e-05,0.9999380111694336,4.9535417929291725e-05,20314.08596558775,22115.954193256563,36753.55570793152,37918.34751384283,879.8807430768534
2060,1,Case4,6x4_261,-14.0,-28.0,6x4,2,3,7.37995287636295e-05,0.10598202049732208,0.8939441442489624,21004.782456813682,22055.192306457946,38665.482971191406,39695.57051604936,1164.1213719341667
2062,5,Case4,6x4_263,-24.0,2.0,6x4,3,3,1.4937676496629138e-05,0.000671646383125335,0.999313473701477,19691.9189183975,24666.833683912148,41033.24241924286,43908.47660622775,2429.1914738040214
2063,1,Case4,6x4_264,87.0,-65.0,6x4,1,1,0.9999749660491943,1.7578824554220773e-05,7.523709882661933e-06,7704.507732738949,7656.305657877813,10948.574035644531,11041.334117568485,215.64856245591676
2065,2,Case4,6x4_266,-26.0,-39.0,6x4,2,2,0.00044987924047745764,0.9989702701568604,0.0005798246711492538,17615.15288396271,19358.834431709198,29614.4393119812,31723.168263003245,1405.893874567589
2066,1,Case4,6x4_267,-33.0,-46.0,6x4,2,2,0.015186990611255169,0.9847427606582642,7.019593613222241e-05,15968.063155630864,17545.29071423474,24417.041625976562,26372.157058384444,1354.3480023817926
2067,1,Case4,6x4_268,-59.0,29.0,6x4,2,2,0.0013342078309506178,0.9986525177955627,1.3352891073736828e-05,17341.88221619938,17722.537613272587,29907.205989837646,31206.86596345316,880.7383513895501
2068,3,Case4,6x4_269,-60.0,60.0,6x4,1,1,0.9999569654464722,4.130766319576651e-05,1.6756429204178858e-06,12357.183283795895,12563.871213813518,13876.258666992188,13355.259057550064,656.646064097592
2071,4,Case4,6x4_272,72.0,69.0,6x4,1,1,0.9999697208404541,2.63307574641658e-05,3.978399035986513e-06,8556.787257813003,9051.301961747444,10881.313636779785,10510.762250055941,301.7309344749576
2072,1,Case4,6x4_273,81.0,62.0,6x4,1,1,0.9998468160629272,0.00014951644698157907,3.6904420994687825e-06,8656.637987841574,8991.45621604477,11759.73550415039,11197.760604458459,469.6795760880806
2073,2,Case4,6x4_274,30.0,-25.0,6x4,2,2,0.0014760317280888557,0.9599433541297913,0.03858056291937828,19052.604303117045,21776.28671436781,32602.56338119507,35562.213974120656,2103.0001150304065
2074,3,Case4,6x4_275,80.0,-20.0,6x4,2,2,0.00017555593512952328,0.9992941617965698,0.0005303049692884088,20254.760134148695,22580.816490296893,37373.2635281682,38660.43122026324,1300.0698004688043
2075,2,Case4,6x4_276,-88.0,70.0,6x4,1,1,0.9999508857727051,4.754236579174176e-05,1.5571541780445841e-06,6779.553781179912,5868.510885430636,9903.611362457275,8477.56052853467,970.4043410661492
2076,1,Case4,6x4_277,57.0,88.0,6x4,1,1,0.9979717135429382,0.0020115613006055355,1.6744139429647475e-05,9385.134860089873,10102.748846727303,13386.326713562012,13345.156972697292,330.7373337942079
2077,5,Case4,6x4_278,18.0,78.0,6x4,2,2,6.430154371628305e-06,0.9999653100967407,2.82995624729665e-05,20206.486064621356,21851.557715236344,38341.35233968496,40450.88256432763,1580.226880647397
2078,3,Case4,6x4_279,-88.0,-89.0,6x4,1,1,0.9996893405914307,0.00024229295377153903,6.839383422629908e-05,4910.86792918435,5638.143602433027,8274.803367614746,7924.313033696041,384.60211877218705
2080,1,Case4,6x4_281,-72.0,-17.0,6x4,2,2,4.3715185711334925e-06,0.9998785257339478,0.00011705671204254031,21030.65079267539,23647.848278920996,38566.046637654305,41733.590598452756,2149.0365896769554
2081,4,Case4,6x4_282,25.0,-74.0,6x4,2,2,5.466898801387288e-05,0.999798595905304,0.00014674951671622694,18957.25163945338,20338.177716768037,34723.058992385864,37030.01722489761,1750.006787271802
2083,3,Case4,6x4_284,16.0,16.0,6x4,3,3,6.13575684837997e-05,0.002098740078508854,0.9978398084640503,18518.32541803028,18879.21052177848,39910.99075508118,39096.42338740966,906.6778178398926
2084,5,Case4,6x4_285,-21.0,55.0,6x4,2,2,2.743208642641548e-05,0.9999631643295288,9.421554750588257e-06,19079.6016532544,20778.909717427345,35148.091022491455,36341.9351256932,789.3974292306594
2085,2,Case4,6x4_286,40.0,-87.0,6x4,1,2,0.06059757247567177,0.9393834471702576,1.8940023437608033e-05,12552.935520450395,14361.358258285798,22815.928943634033,24441.144613381144,1101.1014226358675
2087,2,Case4,6x4_288,37.0,70.0,6x4,2,1,0.6286158561706543,0.3713171184062958,6.699856021441519e-05,16209.397827074268,15741.237012385347,26008.825035095215,23669.65665329865,1595.3569571630514
2088,3,Case4,6x4_289,-9.0,44.0,6x4,2,2,1.757796053425409e-05,0.968572735786438,0.03140963241457939,21690.846366785077,26411.828523468,39923.93608093262,43130.40337536861,2349.8101719700735
2091,1,Case4,6x4_292,71.0,-88.0,6x4,1,1,0.9999672174453735,1.910739956656471e-05,1.370180234516738e-05,6673.224529845868,6377.287393698896,9773.9221534729,9678.292481265777,197.2030843149225
2093,2,Case4,6x4_294,-71.0,-57.0,6x4,1,1,0.9999033212661743,9.474687976762652e-05,1.9003241504833568e-06,10910.039753327488,11777.033568666457,13534.364639282227,12660.558867898346,505.8422293371358
2094,2,Case4,6x4_295,-84.0,-9.0,6x4,2,2,6.162057161418488e-06,0.9998407363891602,0.0001530749286757782,21533.987799605206,22666.184677186422,40530.658658742905,41579.66286704339,963.0993518476504
2095,4,Case4,6x4_296,-48.0,82.0,6x4,1,1,0.9969124794006348,0.0030766481067985296,1.0785768608911894e-05,11897.097229080318,11821.447802133576,17774.949348449707,16812.524559197118,1023.1061204095342
2096,2,Case4,6x4_297,-13.0,-4.0,6x4,3,3,3.192683288943954e-05,0.00862941611558199,0.9913387298583984,17587.509234222816,20593.447516730765,39752.30374979973,40953.13376873202,930.7344923703145
2097,5,Case4,6x4_298,-19.0,-23.0,6x4,3,3,0.0014173834351822734,0.16080084443092346,0.8377817273139954,19774.53180813125,22766.593149203567,37954.98165798187,38226.87203722171,1124.151215599067
2098,5,Case4,6x4_299,5.0,-32.0,6x4,3,2,8.746611274546012e-05,0.570229709148407,0.42968282103538513,21926.645819261597,28386.405227494393,40686.85452079773,44594.20575028828,3219.352469438041
2100,5,Case4,6x8_001,65.0,19.0,6x8,2,2,1.917543841045699e-06,0.9999669790267944,3.108258169959299e-05,7534.715071405816,7291.240751991361,33705.483895242214,34815.130031902685,1006.7522616759234
2101,3,Case4,6x8_002,40.0,-51.0,6x8,2,2,0.05528557300567627,0.944679856300354,3.455203113844618e-05,9914.920416991428,9880.012911347749,18070.49949645996,19202.37653177924,961.0112553217199
2102,3,Case4,6x8_003,-44.0,65.0,6x8,2,2,0.012053655460476875,0.987940788269043,5.5330651775875594e-06,9432.477883311005,9757.150442846789,17878.788291931152,19003.766776035383,821.5879340716714
2104,1,Case4,6x8_005,-52.0,20.0,6x8,2,2,1.7692187839202234e-06,0.9999825954437256,1.5618521501892246e-05,7813.979543973258,8043.830749798552,31957.366971969604,31575.127017317234,627.2400951049748
2106,3,Case4,6x8_007,51.0,-83.0,6x8,1,1,0.9414923191070557,0.05839216709136963,0.00011554253433132544,8428.041592901605,7551.807834130946,14345.992431640625,13497.5535446063,908.4678289437138
2107,2,Case4,6x8_008,86.0,9.0,6x8,2,2,6.237905381567543e-06,0.9851153492927551,0.014878415502607822,6282.417083502739,5786.652020686314,35602.07823204994,39154.0786574697,2696.064689768097
2108,4,Case4,6x8_009,-63.0,21.0,6x8,2,2,1.4844645193079486e-06,0.999991774559021,6.7721662162512075e-06,7789.657812953683,7386.704445257397,32614.913469433784,32096.988410644135,485.78460435261763
2109,4,Case4,6x8_010,-74.0,83.0,6x8,1,1,0.9996213912963867,0.00037262195837683976,5.902157226955751e-06,4291.269133329335,3794.3853737847235,8428.703804016113,7086.5229084409975,934.6341529771138
2110,2,Case4,6x8_011,-39.0,-9.0,6x8,3,3,1.0447776730870828e-05,0.29260870814323425,0.7073808312416077,6617.1769490242,6627.925141962729,35756.648736953735,37589.56424326846,1428.0105421042695
2111,4,Case4,6x8_012,-56.0,9.0,6x8,2,2,9.196196515404154e-07,0.999850869178772,0.00014817660849075764,7211.061770148175,6735.66553403585,36933.377395272255,36522.14490209745,627.9238915462732
2112,3,Case4,6x8_013,61.0,33.0,6x8,2,2,0.00012519063602667302,0.999873161315918,1.637039304114296e-06,8742.194851189088,9384.93300249524,24305.960605621338,24793.32949341314,584.8070974366952
2113,2,Case4,6x8_014,19.0,79.0,6x8,2,2,2.3500665520259645e-06,0.9999688863754272,2.8802340239053592e-05,6960.1225870275575,6624.66975919712,33789.76813340187,34843.45703536433,933.7604302591172
2114,4,Case4,6x8_015,35.0,60.0,6x8,2,2,0.00037416990380734205,0.9996194839477539,6.265867796173552e-06,8937.893070147522,9073.541504334551,22693.695697784424,22461.46958223839,354.03126603998345
2117,1,Case4,6x8_018,-53.0,31.0,6x8,2,2,7.516892947023734e-05,0.9999215602874756,3.3033284125849605e-06,8868.372983953357,8872.410556107154,24358.789821624756,24481.579645727077,333.6807527014469
2118,2,Case4,6x8_019,-79.0,29.0,6x8,2,2,1.8473552927389392e-06,0.9999885559082031,9.592909918865189e-06,7800.330377543276,7299.728611449041,28809.295796453953,30619.736028138166,1336.6416203347007
2119,3,Case4,6x8_020,-2.0,48.0,6x8,2,2,2.5637173166614957e-06,0.9654505848884583,0.03454684838652611,6916.845392701806,6455.38300827477,37510.125083208084,39446.6327834251,1817.724796761218
2121,3,Case4,6x8_022,43.0,-33.0,6x8,2,2,8.318752952618524e-05,0.9999102354049683,6.590746124857105e-06,9081.458872312436,8884.329216411528,21935.990325927734,23514.54120920469,1134.1069214084564
2122,2,Case4,6x8_023,62.0,-67.0,6x8,1,1,0.9999556541442871,4.35461442975793e-05,7.814928153493383e-07,7298.688867118204,7685.556712400845,11143.746047973633,10208.481195331178,705.789502256466
2123,1,Case4,6x8_024,30.0,75.0,6x8,2,2,1.2668557246797718e-05,0.9999778270721436,9.45580904954113e-06,7933.859772224845,8261.272450617316,27998.774030804634,27825.61461449268,399.2492887677133
2124,2,Case4,6x8_025,80.0,-80.0,6x8,1,1,0.9999620914459229,3.30493894580286e-05,4.8667161536286585e-06,4242.450811588644,3702.463842090802,8627.483963012695,7157.716115535448,1017.7052913699354
2125,3,Case4,6x8_026,-81.0,73.0,6x8,1,1,0.9991490840911865,0.00083015242125839,2.067933564831037e-05,4542.812673731576,3894.4783049808652,8600.80205154419,6760.405510683227,1269.7691946053399
2127,3,Case4,6x8_028,36.0,-31.0,6x8,2,2,0.00019192384206689894,0.9995334148406982,0.00027472240617498755,8694.219410304984,8500.760154523763,24340.502279281616,25179.75278109642,888.4350913346899
2128,2,Case4,6x8_029,52.0,-41.0,6x8,2,2,0.026989853009581566,0.9729931354522705,1.69657632795861e-05,9981.447883419944,10358.69359694928,17637.919509887695,19209.702493879595,1334.9308615888103
2129,4,Case4,6x8_030,15.0,-12.0,6x8,3,3,5.812196377519285e-06,5.962004797765985e-05,0.9999345541000366,5254.507497881742,4846.233457509179,36502.38508540392,37456.78608741849,1115.6401281189114
2130,4,Case4,6x8_031,-55.0,-62.0,6x8,1,1,0.9989792704582214,0.001017987378872931,2.7573623810894787e-06,8703.90252296249,9633.230119440079,12584.831481933594,13100.103916417163,420.7157202409789
2131,3,Case4,6x8_032,-19.0,-7.0,6x8,3,3,5.706390311388532e-06,0.00021247305267024785,0.9997817873954773,5185.704814453898,5098.280772281288,36738.573304884136,37645.742515119484,936.7363637997171
2132,1,Case4,6x8_033,-61.0,86.0,6x8,1,1,0.8711433410644531,0.12882716953754425,2.9540504328906536e-05,5970.411415920815,5966.049090428662,10685.583778381348,11071.098684070865,421.597405589995
2133,4,Case4,6x8_034,-43.0,-15.0,6x8,2,2,1.288122348341858e-05,0.711192786693573,0.28879430890083313,7190.763504882399,6482.219637807495,33661.93801498413,34544.545729744255,1055.7801183664376
2134,2,Case4,6x8_035,70.0,81.0,6x8,1,1,0.9957697987556458,0.004215831868350506,1.4336095773614943e-05,4865.016050006694,5252.548771240595,8915.887134552002,8233.684653841778,487.4637484289103
2135,1,Case4,6x8_036,8.0,25.0,6x8,3,3,3.132474830636056e-06,0.000224076138692908,0.999772846698761,5720.320830925971,5747.394153857834,36522.732303619385,38648.45447686837,1859.1162354973007
2137,5,Case4,6x8_038,-56.0,52.0,6x8,1,1,0.9924774765968323,0.007519932929426432,2.6403008632769343e-06,9708.181842461105,9949.35849938611,13366.45329284668,13687.141664055822,440.02307236692496
2139,1,Case4,6x8_040,-27.0,-54.0,6x8,2,2,4.423123755259439e-06,0.9999078512191772,8.770820568315685e-05,8424.713745640005,8418.465398091626,27420.580761909485,28672.994140514646,1076.1584146136636
2140,4,Case4,6x8_041,-2.0,-68.0,6x8,2,2,8.594881819590228e-07,0.9983741044998169,0.0016249587060883641,6692.884215057182,6612.388344510031,37726.90247607231,37884.26632824385,782.4009987056057
2141,4,Case4,6x8_042,84.0,51.0,6x8,1,1,0.5911465883255005,0.4088272154331207,2.6233019525534473e-05,8357.185167173264,7955.221209176809,14311.45567703247,14303.379768843355,506.42556543412667
2142,3,Case4,6x8_043,79.0,-71.0,6x8,1,1,0.9999721050262451,6.2128556237439625e-06,2.1681669750250876e-05,4956.117892093866,4400.102153548377,8928.654529571533,7404.265316437273,1138.782772470576
2143,3,Case4,6x8_044,59.0,-56.0,6x8,1,1,0.999934196472168,6.284627306740731e-05,2.9931966309959535e-06,8837.212253399226,10772.544346441051,12458.33814239502,13231.29226714723,688.0673190761784
2144,2,Case4,6x8_045,-18.0,-35.0,6x8,3,3,1.654486550251022e-05,0.058061383664608,0.941922128200531,7103.081242022104,7146.890571240079,32167.812128067017,34579.47703070654,1815.0211783005584
2145,4,Case4,6x8_046,-76.0,-77.0,6x8,1,1,0.9997969269752502,0.00018024751625489444,2.2933718355488963e-05,4604.562149050341,3745.2778342449424,8570.702350616455,6666.16246263593,1355.8813303902757
2146,5,Case4,6x8_047,42.0,27.0,6x8,2,2,9.363835124531761e-05,0.9998284578323364,7.786841888446361e-05,8206.135290238222,8119.680091387429,25985.208335876465,27712.68829349844,1222.1525744737194
2147,1,Case4,6x8_048,1.0,71.0,6x8,2,2,5.390912747316179e-07,0.9997838139533997,0.00021565526549238712,6563.388039393604,5901.671011568353,37460.47254657745,37754.42866584925,565.3520767029471
2148,3,Case4,6x8_049,-37.0,22.0,6x8,2,2,2.9905182600487024e-05,0.9978220462799072,0.0021480803843587637,7640.056383316708,7395.464967399722,29725.13399028778,31983.71391062034,1634.229530511815
2149,4,Case4,6x8_050,-16.0,44.0,6x8,2,2,1.931924998643808e-06,0.99978107213974,0.00021699255739804357,7421.293317093813,7361.748347570348,33374.84113883972,34054.387037800756,943.1105487555299
2151,1,Case4,6x8_052,-79.0,34.0,6x8,2,2,3.5589735034591286e-06,0.9999878406524658,8.628151590528432e-06,8096.135686112949,7771.5321254926075,25661.374096393585,27272.433023834106,1249.8991387166507
2152,4,Case4,6x8_053,3.0,87.0,6x8,2,2,9.595335086487466e-07,0.9999090433120728,9.0026791440323e-05,6096.586330399429,6138.832659639744,35784.17149066925,37155.08341823781,1081.6755345618974
2153,3,Case4,6x8_054,-17.0,-44.0,6x8,2,2,1.0641131666488945e-05,0.833623468875885,0.166365846991539,7424.493099337768,6722.453181021572,32731.11966228485,35031.5069492003,1812.0221147185368
2155,1,Case4,6x8_056,67.0,-19.0,6x8,2,2,1.3193155155022396e-06,0.9998981952667236,0.0001004576770355925,7464.384582603821,7124.858024782913,33847.39423036575,33078.55423275687,613.7170955209011
2156,3,Case4,6x8_057,2.0,74.0,6x8,2,2,3.293134227533301e-07,0.9997981190681458,0.00020157182007096708,6406.265356381364,5786.662566705411,37083.127145290375,39488.84656994915,1908.5754898041564
2157,4,Case4,6x8_058,82.0,19.0,6x8,2,2,1.791248223526054e-06,0.999821126461029,0.00017705383652355522,6870.007684597509,6266.230156030978,33701.59477734566,34984.884183234986,1335.0672630311453
2158,5,Case4,6x8_059,14.0,3.0,6x8,3,3,9.687196325103287e-07,7.297764568647835e-06,0.999991774559021,4709.967384803875,4889.874969240047,36283.97216536105,37231.42455103091,893.2637225741504
2159,2,Case4,6x8_060,44.0,-84.0,6x8,2,2,0.014347609132528305,0.9856393337249756,1.2988265552849043e-05,8477.213186269419,8569.014038361369,19641.73341369629,19095.378473278462,495.7400471077952
2160,2,Case4,6x8_061,0.0,-52.0,6x8,2,2,3.603310915423208e-06,0.9554574489593506,0.044538918882608414,6987.518535161345,6634.938128274283,37791.60583847761,39429.083832312,1496.8665847613424
2161,5,Case4,6x8_062,33.0,26.0,6x8,2,2,0.00010620503599056974,0.9929637312889099,0.006930066738277674,7827.58928641721,7650.679329712885,27905.85082244873,30032.96262645783,1653.8016394162687
2162,2,Case4,6x8_063,-75.0,38.0,6x8,2,2,1.554668415337801e-05,0.9999805688858032,3.84417899113032e-06,8508.498726557214,8272.964922818923,22792.95470237732,23824.530992397864,746.085881103158
2163,4,Case4,6x8_064,-20.0,55.0,6x8,2,2,1.7905308595800307e-06,0.9999880790710449,1.0125278095074464e-05,7897.68401295813,7573.250353379484,32365.383768633008,32075.626668436293,439.75354067544197
2164,5,Case4,6x8_065,72.0,31.0,6x8,2,2,2.2328928025672212e-05,0.9999710321426392,6.623781700909603e-06,8148.871497925377,8040.480755220192,27144.148475646973,27339.634661052114,439.65608525002733
2166,2,Case4,6x8_067,-83.0,68.0,6x8,1,1,0.994453489780426,0.005528206471353769,1.821214573283214e-05,5018.832270502839,4034.908479419605,9187.676223754883,7389.869690773743,1266.6396469522065
2167,3,Case4,6x8_068,-26.0,-1.0,6x8,3,3,3.146718427160522e-06,0.00030308691202662885,0.9996938705444336,5685.7966610439935,5244.878434419169,37042.489168167114,38079.974737239194,881.5024078505371
2172,4,Case4,6x8_073,-22.0,46.0,6x8,2,2,4.067836925969459e-06,0.9999696016311646,2.6361907657701522e-05,7986.551751007632,7878.271266579249,29955.00981616974,30359.37517819978,586.5248373543376
2173,1,Case4,6x8_074,-1.0,-8.0,6x8,3,3,2.776812607407919e-06,0.00010239414405077696,0.9998948574066162,4454.939969781293,5108.700884855728,34572.73795604706,38942.592641587595,2595.375280609796
2174,3,Case4,6x8_075,-22.0,82.0,6x8,2,2,1.0081221262225881e-06,0.9999938011169434,5.160386990610277e-06,7143.206077416182,6753.857667355622,32508.79560136795,32948.0279703637,687.589690793824
2176,2,Case4,6x8_077,-64.0,20.0,6x8,2,2,1.5089821090441546e-06,0.999987006187439,1.143783811130561e-05,7737.312632660686,7258.246675941104,33218.64424107596,32004.3238619788,897.2997458835703
2177,1,Case4,6x8_078,29.0,-79.0,6x8,2,2,2.7312735255691223e-06,0.9999473094940186,4.994596019969322e-05,7803.462007931789,8009.056852826349,28817.76700347662,30823.7940431363,1640.5630327050928
2178,3,Case4,6x8_079,-67.0,39.0,6x8,2,2,0.00046006127377040684,0.9995373487472534,2.615830680952058e-06,8982.995305747301,9213.250853063075,21198.69228744507,20316.98994829944,608.8612913298745
2180,5,Case4,6x8_081,-38.0,-72.0,6x8,2,2,0.00036091665970161557,0.9996216297149658,1.747098212945275e-05,8627.018592297212,8943.00731097993,22412.53833580017,22766.447056868776,421.34328833363634
2181,3,Case4,6x8_082,85.0,48.0,6x8,2,2,0.1756725013256073,0.8242886662483215,3.8813697756268084e-05,8544.433939422363,7082.413373908954,17533.52880859375,15424.126548670965,1390.5580969588957
2182,4,Case4,6x8_083,-12.0,85.0,6x8,2,2,1.0438859590067295e-06,0.9999655485153198,3.3463929867139086e-05,6471.801341815617,6439.156109326763,35389.4536447525,36325.653833106204,973.7993068125622
2183,3,Case4,6x8_084,77.0,-48.0,6x8,2,1,0.9637885093688965,0.036153048276901245,5.846006752108224e-05,8872.342836870366,8417.125017351296,17141.75830078125,15448.07591918352,1103.629362096773
2184,1,Case4,6x8_085,45.0,75.0,6x8,2,2,0.09419398754835129,0.9057735800743103,3.2438769267173484e-05,8820.118349899549,8411.899045440814,18522.13893890381,16904.92005049691,1085.963594807472
2185,3,Case4,6x8_086,-41.0,-54.0,6x8,2,2,0.07595089823007584,0.9239728450775146,7.630998152308166e-05,9785.106877733755,9445.819680387202,17765.097412109375,18531.8375167638,846.0796933773297
2186,3,Case4,6x8_087,-38.0,89.0,6x8,2,2,3.593825749703683e-05,0.9999611377716064,2.9210757475084392e-06,8152.117779680076,7875.505922365302,23303.865891456604,25710.190627777207,1798.6948855592377
2187,1,Case4,6x8_088,23.0,33.0,6x8,2,3,0.0002828013966791332,0.4551610052585602,0.544556200504303,7461.225603669868,7876.841159257262,29644.01386642456,32808.504854155595,2458.103237181286
2188,4,Case4,6x8_089,18.0,-35.0,6x8,3,3,9.519177183392458e-06,0.026068491861224174,0.9739219546318054,7095.691677222553,6858.009109109028,32278.67674446106,35774.880126794626,2742.7317563979723
2189,1,Case4,6x8_090,-65.0,24.0,6x8,2,2,1.333450200036168e-06,0.9999910593032837,7.655232366232667e-06,7976.981791930181,7994.73149539659,31059.3299562037,30658.393110535224,495.8843526856587
2190,5,Case4,6x8_091,11.0,36.0,6x8,3,2,1.2677673112193588e-05,0.5384829044342041,0.46150439977645874,6625.152210227835,6138.953340727307,35152.06474304199,36514.86642115326,1516.439772408811
2191,4,Case4,6x8_092,-38.0,-40.0,6x8,2,2,0.005126229487359524,0.9947236776351929,0.00015012157382443547,9702.760328515584,9211.23787011004,19931.329193115234,19922.640312196687,509.58443745710855
2192,5,Case4,6x8_093,-70.0,-78.0,6x8,1,1,0.9939908385276794,0.0059856451116502285,2.3513583073508926e-05,5125.362950803406,4804.494470378062,9084.25541305542,7902.367722482462,874.0638498744323
2193,2,Case4,6x8_094,73.0,-55.0,6x8,1,1,0.9982621073722839,0.0017347150715067983,3.2449502214149106e-06,8508.594598327965,7612.939391964561,12607.300354003906,11905.08683183409,686.364879006545
2194,4,Case4,6x8_095,68.0,-30.0,6x8,2,2,6.775185283913743e-06,0.9999873638153076,5.826999768032692e-06,8337.406838288463,8291.607008055915,27472.71853494644,28979.002870323315,1109.2866039195806
2195,1,Case4,6x8_096,84.0,-52.0,6x8,1,1,0.9513731598854065,0.04856589064002037,6.1024366004858166e-05,8107.180297654419,7567.9880868544315,13964.109455108643,13743.58265846753,578.3547817508954
2197,5,Case4,6x8_098,-1.0,36.0,6x8,3,3,3.2141742849489674e-06,0.0967550128698349,0.9032416939735413,6233.452447751497,5750.907945759971,36925.04207992554,38664.43825612663,1729.5663394841965
2198,1,Case4,6x8_099,90.0,40.0,6x8,2,2,0.0002582490269560367,0.9997214674949646,2.0304722056607716e-05,8219.557921999232,8222.693636719709,22097.97560119629,23172.073677515476,882.9998452697454
2199,2,Case4,6x8_100,69.0,62.0,6x8,1,1,0.9981566071510315,0.0018373954808339477,5.987899385218043e-06,7030.441717237739,7490.951599139205,10978.130340576172,10239.722193937912,444.2322676361129
2200,2,Case4,6x8_101,48.0,15.0,6x8,2,2,3.298992851341609e-06,0.998945415019989,0.0010512502631172538,7301.068736934463,7499.496225417715,34110.09099674225,33939.83135297627,648.7748822726159
2201,5,Case4,6x8_102,76.0,-24.0,6x8,2,2,7.571030096187314e-07,0.9999624490737915,3.6754263419425115e-05,7559.699790121312,7023.250806144154,31557.619253396988,31372.810565363074,618.3975630396758
2202,4,Case4,6x8_103,66.0,14.0,6x8,2,2,9.689688340586144e-07,0.9999266862869263,7.230265327962115e-05,7188.988053844833,6723.390612140024,35749.72376251221,36159.812080473355,760.7564372064422
2203,3,Case4,6x8_104,83.0,3.0,6x8,2,2,9.217861588695087e-06,0.9819707870483398,0.018019961193203926,6097.975702163886,5586.220702501345,35949.53554010391,39271.75796451316,2292.48517522955
2205,3,Case4,6x8_106,-12.0,43.0,6x8,2,2,1.2688043170783203e-05,0.9759702682495117,0.024017030373215675,7095.8887279968985,6605.491543814513,35078.30541229248,36211.99351043786,1091.8127086884326
2206,1,Case4,6x8_107,69.0,8.0,6x8,2,2,1.1915725508515607e-06,0.9941285848617554,0.005870274733752012,6732.279195085798,6551.1767675774345,37105.37023180723,37332.48234387048,812.14922509623
2208,3,Case4,6x8_109,-69.0,17.0,6x8,2,2,7.213083108581486e-07,0.9999860525131226,1.3173624211049173e-05,7278.778854284408,7161.9917073116885,34754.555527091026,34009.33225289695,550.7931471716774
2210,5,Case4,6x8_111,7.0,87.0,6x8,2,2,3.466779503469297e-07,0.999927282333374,7.237320096464828e-05,6102.399929010011,5836.032662987964,35681.71909940243,36621.8133847543,954.8946228715256
2211,4,Case4,6x8_112,21.0,-8.0,6x8,3,3,2.6200959837296978e-06,6.117169687058777e-05,0.9999362230300903,5365.207130041489,4809.051542238664,36747.76578569412,38883.37295560666,1914.3602514528836
2212,5,Case4,6x8_113,35.0,-2.0,6x8,3,3,1.0759042652352946e-06,0.0020542594138532877,0.9979446530342102,6319.804566328414,5890.116141050875,36853.53817367554,37325.294572291314,716.5807718321048
2213,3,Case4,6x8_114,-35.0,-78.0,6x8,2,2,1.538877040729858e-05,0.9999603033065796,2.4302602469106205e-05,8154.096991937224,8493.128862726375,24880.792165756226,26597.382058999556,1571.5471602730488
2214,2,Case4,6x8_115,22.0,74.0,6x8,2,2,2.789935933833476e-06,0.99997878074646,1.8372147678746842e-05,7451.756926284188,7059.957689833755,32529.516162991524,32686.60030465461,521.2891865165743
2215,4,Case4,6x8_116,12.0,-85.0,6x8,2,2,1.677041495895537e-06,0.9992141723632812,0.0007841500919312239,6463.706076030276,6267.6554242522725,35406.35543906689,36161.84467652225,986.0197707932007
2216,5,Case4,6x8_117,-87.0,33.0,6x8,2,2,2.7765624963649316e-06,0.999987006187439,1.0199699318036437e-05,7845.6568553549905,7009.726002998279,26478.1285238266,28301.17777336924,1390.5080155405376
2217,5,Case4,6x8_118,54.0,-88.0,6x8,1,1,0.9842512607574463,0.015645984560251236,0.0001027249381877482,7396.543953430085,7131.427448794483,13026.606548309326,12392.25514648862,662.8668351664192
2218,4,Case4,6x8_119,31.0,-10.0,6x8,3,3,2.156169784939266e-06,0.00028660279349423945,0.9997112154960632,6212.083369363901,5433.667070216333,35747.41060256958,38236.50956238322,2263.0942350796126
2219,3,Case4,6x8_120,-58.0,-26.0,6x8,2,2,6.954195669095498e-06,0.9999809265136719,1.2154697287769523e-05,8291.989442905944,8041.375796426218,28769.92271757126,28207.858023512992,586.0726914432227
2221,5,Case4,6x8_122,20.0,-73.0,6x8,2,2,1.211536527989665e-06,0.9999121427536011,8.659750164952129e-05,7388.882997730079,6686.899500988228,33526.60138350725,33125.774890406894,460.15369206877597
2222,4,Case4,6x8_123,76.0,4.0,6x8,2,2,1.4198774351825705e-06,0.9922435879707336,0.007754982449114323,6353.228650931616,5668.523536269537,36745.282670378685,38553.84666138645,1675.4096532984433
2224,1,Case4,6x8_125,-3.0,72.0,6x8,2,2,5.199183874537994e-07,0.9998483657836914,0.00015110423555597663,6528.593395970822,5863.19047926614,37317.469690322876,37225.92952302647,468.34611679406424
2225,5,Case4,6x8_126,-8.0,18.0,6x8,3,3,8.434392384515377e-07,9.626727660361212e-06,0.9999895095825195,5230.918348215608,5015.056866126588,36754.269908726215,37603.02381163992,1009.2623217257095
2226,4,Case4,6x8_127,-66.0,77.0,6x8,1,1,0.999573290348053,0.000423878722358495,2.8598278731806204e-06,5823.231516011065,5372.96301043641,9724.064674377441,8443.06256632508,952.5295678321374
2227,2,Case4,6x8_128,59.0,-70.0,6x8,1,1,0.9999035596847534,9.54918286879547e-05,9.318160323346092e-07,7537.689137484869,7687.731347703406,11684.552711486816,10467.758395348481,894.4712106570913
2229,2,Case4,6x8_130,-59.0,12.0,6x8,2,2,1.1725913964255597e-06,0.9999412298202515,5.761256761616096e-05,7269.536334397416,6882.097910067938,36258.40586686134,35624.18019827521,612.1720167094222
2230,1,Case4,6x8_131,41.0,53.0,6x8,2,2,0.16206036508083344,0.8378704190254211,6.924706394784153e-05,9829.567362078002,10060.67936915736,17669.67562866211,18100.348857585843,446.34114606624496
2232,1,Case4,6x8_133,-21.0,37.0,6x8,2,2,5.552393849939108e-05,0.9609380960464478,0.03900642320513725,7463.232752412636,7215.401571605218,30374.55472755432,32054.048197170334,1369.045868437586
2233,1,Case4,6x8_134,-56.0,37.0,6x8,2,2,0.0030649167019873857,0.9969301819801331,4.879682364844484e-06,9356.261202620251,9442.65051698848,20598.71053314209,20367.73518418369,402.54159101160116
2234,5,Case4,6x8_135,39.0,-76.0,6x8,2,2,0.0012750736204907298,0.9987006187438965,2.42940332100261e-05,8532.372438883216,8710.34731140443,22233.710041046143,21361.106265938542,601.88308536435
2235,2,Case4,6x8_136,8.0,-68.0,6x8,2,2,2.1638861653627828e-06,0.9987467527389526,0.0012510769302025437,6876.527845280246,6584.537276528625,37225.65834212303,37112.39684760988,595.4627192985145
2236,3,Case4,6x8_137,68.0,53.0,6x8,1,1,0.9300782084465027,0.06991470605134964,7.041541266517015e-06,9689.06781898347,8640.498599034088,14412.138404846191,13516.900794388566,579.9136747602003
2237,5,Case4,6x8_138,-28.0,-75.0,6x8,2,2,2.7125095130031696e-06,0.9999715089797974,2.583378409326542e-05,7787.798763569689,7960.176272972349,29193.327721953392,28846.87937796671,411.7695295148786
2238,1,Case4,6x8_139,-52.0,-36.0,6x8,2,2,0.0014157413970679045,0.9985644221305847,1.9840146705973893e-05,9305.793114337961,9325.147248707768,20490.91738128662,21339.717384800635,615.9592844223228
2240,4,Case4,6x8_141,79.0,49.0,6x8,2,2,0.4014178514480591,0.5985612273216248,2.0993245925637893e-05,8774.357101799495,8464.739843484225,16800.02375793457,15294.68110703094,1033.8905606075305
2241,2,Case4,6x8_142,56.0,10.0,6x8,2,2,1.8295729660167126e-06,0.9993552565574646,0.0006429269560612738,7098.562548082026,6854.987742864636,36636.37007161975,35419.223418199545,969.9581537262958
2242,1,Case4,6x8_143,39.0,-35.0,6x8,2,2,0.0026997884269803762,0.9972266554832458,7.349238876486197e-05,9348.751601905826,9222.783921931281,21474.658615112305,20770.78167803717,819.45212413989
2243,1,Case4,6x8_144,-86.0,-39.0,6x8,2,2,1.6472855350002646e-05,0.9999696016311646,1.3935909009887837e-05,8188.0332908818,7297.244521620456,22624.78446006775,24381.168084742676,1276.8483161379731
2244,5,Case4,6x8_145,29.0,32.0,6x8,2,2,0.0002159617142751813,0.9973335266113281,0.0024505238980054855,8133.6579178682105,7933.034771580346,26719.665184259415,28125.641983038833,1265.2964371036849
2245,4,Case4,6x8_146,-41.0,-28.0,6x8,2,2,6.371807830873877e-05,0.9983409643173218,0.0015953517286106944,8355.232193454245,7891.569577426344,25290.06001472473,25832.575647319558,624.5653324162292
2246,3,Case4,6x8_147,47.0,23.0,6x8,2,2,1.2458833225537091e-05,0.9999662637710571,2.1260011635604315e-05,7994.233175780046,8631.649827944731,29256.78796672821,29277.99690159248,592.0373834695849
2247,5,Case4,6x8_148,46.0,-62.0,6x8,1,1,0.8427757620811462,0.15718156099319458,4.265630559530109e-05,9783.622353743329,10381.048496079915,16454.51943206787,16114.137478228306,322.39651019066935
2249,3,Case4,6x8_150,15.0,-47.0,6x8,2,2,1.1454255854914663e-06,0.9961716532707214,0.003827261971309781,7448.043010883276,7199.44574641615,34115.008313179016,36305.68449504086,1645.791235839446
2250,5,Case4,6x8_151,-66.0,-82.0,6x8,1,1,0.9694195985794067,0.030530832707881927,4.95863969263155e-05,5337.450907776226,5021.296728101759,9570.851428985596,8625.985258526222,728.4447149597256
2251,2,Case4,6x8_152,-23.0,-66.0,6x8,2,2,5.125410552864196e-06,0.9997733235359192,0.00022161082597449422,7805.297601571619,7231.076620289928,31623.97051203251,32072.260884991458,616.5741958442461
2252,5,Case4,6x8_153,50.0,-62.0,6x8,1,1,0.9947541952133179,0.005236814729869366,8.995320968097076e-06,10093.466280529354,10129.405776263384,14906.41128540039,14203.939442468054,434.8727248105883
2254,1,Case4,6x8_155,11.0,-32.0,6x8,3,3,2.126523213519249e-06,0.0003109962271992117,0.9996868371963501,6458.419722424503,5725.830720261183,35438.96967506409,37860.69732649925,2066.8896403455938
2255,3,Case4,6x8_156,70.0,-86.0,6x8,1,1,0.9999593496322632,1.665521449467633e-05,2.3998974938876927e-05,4611.594982181081,4266.436485752316,8817.519039154053,7285.986062150285,1108.416988475884
2256,2,Case4,6x8_157,78.0,-26.0,6x8,2,2,7.052142791508231e-06,0.9999234676361084,6.952075636945665e-05,7610.389501731962,7027.98332202716,30498.66189098358,31505.56377265871,939.5784312969236
2258,4,Case4,6x8_159,-9.0,-4.0,6x8,3,3,4.833065304410411e-06,9.564108768245205e-05,0.9998995065689087,4267.542858404089,4907.418639930763,34946.44998884201,36951.14493799039,1240.2277268728049
2259,4,Case4,6x8_160,47.0,-13.0,6x8,2,2,1.26792951959942e-06,0.9995019435882568,0.0004968092544004321,7323.433927324804,7745.062062710441,34977.15957736969,35078.79460919799,883.0944795199687
2261,3,Case4,6x8_162,-71.0,-11.0,6x8,2,2,1.0995745469699614e-06,0.9996544122695923,0.0003444869362283498,6772.271893460154,6394.627372330766,36435.12523508072,37168.81194083621,844.8360843880313
2262,4,Case4,6x8_163,-84.0,28.0,6x8,2,2,3.1000006401882274e-06,0.9999880790710449,8.78301216289401e-06,7571.172369407428,6818.266014018074,29455.665850639343,30670.234123456634,1144.3638972926642
2263,5,Case4,6x8_164,-16.0,-5.0,6x8,3,3,9.264068694392336e-07,6.504570592369419e-06,0.9999924898147583,5038.163977626102,4976.916393098611,36589.599919736385,37292.92842657028,848.77588765778
2264,4,Case4,6x8_165,-5.0,10.0,6x8,3,3,4.075514425494475e-06,8.422773680649698e-05,0.9999116659164429,4616.582490604712,4760.726766644048,35375.9841016531,37850.16740288836,1640.1758219064207
2265,2,Case4,6x8_166,-61.0,-3.0,6x8,2,2,1.3805862408844405e-06,0.9996258020401001,0.00037274020723998547,6840.473835881717,6696.079441438444,37905.59092140198,38060.134062183824,719.0109946919455
2267,5,Case4,6x8_168,-5.0,-1.0,6x8,3,3,9.842922281677602e-07,5.019701347919181e-06,0.9999940395355225,11591.474641550583,5027.807920426344,38299.20504760742,37691.94263244645,1860.4424202067926
2268,5,Case4,6x8_169,58.0,-70.0,6x8,1,1,0.9999570846557617,3.953313353122212e-05,3.3636986245255684e-06,7739.8607075403825,7519.53767623426,11935.071678161621,10474.109274223572,1017.1464822118978
2269,4,Case4,6x8_170,-35.0,-50.0,6x8,2,2,0.0003854893730022013,0.9995908141136169,2.3719707314739935e-05,9210.473663926265,9145.410142641433,20895.018173217773,21240.547150093036,467.34672078859745
2270,4,Case4,6x8_171,-6.0,-18.0,6x8,3,3,3.013415380337392e-06,9.971954568754882e-05,0.9998972415924072,5081.54076738477,4978.174168512627,36766.01670271158,37475.36913641424,739.9889023190327
2271,2,Case4,6x8_172,-68.0,5.0,6x8,2,2,1.3050344023213256e-06,0.9994813799858093,0.0005173250683583319,6756.282934545184,6326.426056554703,37562.398341178894,39336.40525688274,1565.7074003206264
2272,5,Case4,6x8_173,82.0,-55.0,6x8,1,1,0.9976402521133423,0.002311261370778084,4.846637966693379e-05,7446.86356777576,6688.098548055632,12681.97745513916,11688.657768048899,865.0012227401209
2273,5,Case4,6x8_174,-76.0,51.0,6x8,2,1,0.5000355243682861,0.4999409019947052,2.355991273361724e-05,9017.341679504323,7885.679644849397,15759.008728027344,13427.729505001815,1499.3192161212314
2274,5,Case4,6x8_175,-73.0,85.0,6x8,1,1,0.9989933371543884,0.0009806460002437234,2.5966272005462088e-05,4298.531024147931,3985.9198346858107,8476.607692718506,7758.057479050562,526.7168619040096
2275,2,Case4,6x8_176,-36.0,30.0,6x8,2,2,9.345998842036352e-05,0.9997509121894836,0.00015561512554995716,8548.73040465072,8669.356316632371,24883.935117721558,24933.644649113412,530.3356110624609
2276,5,Case4,6x8_177,25.0,-81.0,6x8,2,2,1.6329414620486205e-06,0.9999465942382812,5.176746708457358e-05,7427.862084587249,6871.32303193856,31097.243665367365,32062.166184855778,905.3414312929933
2277,2,Case4,6x8_178,27.0,63.0,6x8,2,2,1.4836149603070226e-05,0.9999643564224243,2.080568447127007e-05,8186.938122022841,7843.005799650229,28866.799626350403,28468.781656535688,433.42758131008605
2278,3,Case4,6x8_179,73.0,-44.0,6x8,2,2,0.1954757422208786,0.8044564723968506,6.776308146072552e-05,8956.674580669807,8684.528891430447,18892.421676635742,18301.23525774084,729.2830743616486
2280,4,Case4,6x8_181,88.0,45.0,6x8,2,2,0.012583678588271141,0.9874047636985779,1.1495902981550898e-05,8447.547484966599,8532.783498520992,19156.094997406006,19278.652741566882,296.67929879523507
2283,2,Case4,6x8_184,83.0,43.0,6x8,2,2,0.011311041191220284,0.9886481165885925,4.080690268892795e-05,8465.3020747716,8573.356434813708,20165.294631958008,18802.43417874183,914.4482194871123
2284,1,Case4,6x8_185,-18.0,49.0,6x8,2,2,3.0066678391449386e-06,0.9999319314956665,6.501525786006823e-05,7665.455632397459,7202.229758202996,32785.84787464142,32034.286015441023,702.1490918896409
2285,5,Case4,6x8_186,-54.0,1.0,6x8,2,2,5.700742349290522e-07,0.9983965754508972,0.0016028020763769746,6943.000399302032,7169.90812113172,37860.259395331144,39113.510532267464,1566.477486903248
2286,1,Case4,6x8_187,-47.0,-37.0,6x8,2,2,0.003323792014271021,0.9966304898262024,4.569891098071821e-05,9521.431627939932,9311.534255260181,19392.940742492676,20884.26513718514,995.613144970853
2287,5,Case4,6x8_188,-40.0,56.0,6x8,2,2,0.0018196392338722944,0.9981776475906372,2.771805839074659e-06,9673.450888141793,9624.217201253356,18708.81195831299,20244.5783599919,1099.2001707158752
2288,1,Case4,6x8_189,34.0,0.0,6x8,3,3,2.113461960107088e-06,0.003148255404084921,0.9968495965003967,6082.068388142859,6304.577892676577,36893.51391410828,38016.862521396,983.6551418955333
2289,4,Case4,6x8_190,-80.0,40.0,6x8,2,2,7.550380541943014e-05,0.999922513961792,1.937054776135483e-06,8425.356405442357,7812.913908084989,21859.952493667603,21940.905380446195,433.0800809893981
2290,1,Case4,6x8_191,-75.0,6.0,6x8,2,2,4.862739615418832e-07,0.9962586164474487,0.0037409255746752024,6429.327393041925,6383.536233670415,36861.98337638378,38513.840704200054,1462.2288926837177
2291,3,Case4,6x8_192,89.0,-86.0,6x8,1,1,0.9999469518661499,8.245487151725683e-06,4.476446702028625e-05,3263.3188186067814,3494.3483519271244,7514.614477157593,6792.719512066868,537.5400573994687
2292,3,Case4,6x8_193,48.0,41.0,6x8,2,2,0.04183419793844223,0.9581518769264221,1.3970032341603655e-05,10046.174480990912,9798.232666659364,17432.919235229492,18610.461358222612,828.3982416310074
2293,5,Case4,6x8_194,-11.0,-16.0,6x8,3,3,1.1658274843284744e-06,7.032716894173063e-06,0.999991774559021,5237.654919306807,5096.785044770621,36505.34897875786,36457.9904511507,540.2835910507621
2294,3,Case4,6x8_195,12.0,71.0,6x8,2,2,4.338105838996853e-07,0.9999463558197021,5.325692109181546e-05,6946.349910892112,6307.9368927870655,36242.2918664217,37947.15214522727,1696.478552452682
2296,5,Case4,6x8_197,-80.0,-38.0,6x8,2,2,0.00011836906924145296,0.9998770952224731,4.490455012273742e-06,8317.76013648186,8137.020834431496,23041.35165977478,22662.455287968027,351.5132096135339
2297,1,Case4,6x8_198,-82.0,-53.0,6x8,1,2,0.2776280641555786,0.7222937345504761,7.820484461262822e-05,7928.287032672046,7190.818368140653,13490.037986755371,14545.159464573653,764.1831249776066
2298,2,Case4,6x8_199,-45.0,82.0,6x8,2,2,0.0012771844631060958,0.998715877532959,7.0113560468598735e-06,8574.72791292092,7999.124037590065,18978.885009765625,18463.480997778286,425.34712216690843
2299,5,Case4,6x8_200,88.0,-42.0,6x8,2,2,0.0002763710217550397,0.9996284246444702,9.516458521829918e-05,8316.444040223607,7962.863486626698,20837.985919952393,23356.460281187698,1892.7178292767624
2301,1,Case4,6x8_202,-24.0,-76.0,6x8,2,2,8.261544621745998e-07,0.9998158812522888,0.00018333322077523917,7462.219246770399,7144.511004197848,31500.960268735886,33457.190051173595,1628.702739632471
2302,1,Case4,6x8_203,33.0,58.0,6x8,2,2,0.0007693946245126426,0.9992135763168335,1.703171437839046e-05,8859.81603558297,9352.643249581095,23758.408853530884,24137.715463057844,473.11743008588456
2303,3,Case4,6x8_204,27.0,-22.0,6x8,3,3,2.9301010727067478e-05,0.002182177035138011,0.9977885484695435,7044.645326569065,6824.335616419066,32006.37156867981,32463.706279735034,689.8673603345599
2305,4,Case4,6x8_206,4.0,90.0,6x8,2,2,9.88219312603178e-07,0.9999189376831055,8.007540600374341e-05,6074.071427162674,6209.403588811567,35682.755324840546,36712.82345241421,903.1067020781668
2306,3,Case4,6x8_207,19.0,-83.0,6x8,2,2,5.915230190112197e-07,0.9999690055847168,3.037611168110743e-05,6877.81567878057,6748.691957999383,33729.92104625702,33811.11519270405,592.8915857916717
2307,4,Case4,6x8_208,-87.0,47.0,6x8,2,2,0.0004722189623862505,0.9995250701904297,2.777856479951879e-06,8521.277528450852,7391.479966262737,18084.98872756958,18379.9980874012,453.9366324448686
2308,4,Case4,6x8_209,58.0,-69.0,6x8,1,1,0.9999475479125977,5.118461194797419e-05,1.2768206261171144e-06,7790.152050882739,8105.703443558613,11923.441772460938,10362.772877319636,1111.375833101579
2309,2,Case4,6x8_210,-10.0,23.0,6x8,3,3,1.535937144581112e-06,0.0001797868899302557,0.999818742275238,5820.59639528756,5131.310872219701,36468.14674091339,38601.51272428979,1854.9790475370592
2310,4,Case4,6x8_211,55.0,-59.0,6x8,1,1,0.9996399879455566,0.0003585461527109146,1.4104078900345485e-06,8977.951214951056,10108.935221034584,12644.674362182617,12274.491479345263,343.53841878443825
2311,3,Case4,6x8_212,-63.0,54.0,6x8,1,1,0.9812062382698059,0.018788713961839676,4.986136900697602e-06,9102.073316116324,9344.097348384987,12866.364707946777,12704.668151333988,312.20205818945846
2312,5,Case4,6x8_213,67.0,-42.0,6x8,2,2,0.0011850293958559632,0.9987988471984863,1.605659599590581e-05,9206.236256584609,9183.004951995701,19309.72088623047,20172.59978157953,771.441339041311
2313,1,Case4,6x8_214,63.0,-14.0,6x8,2,2,8.868603345035808e-07,0.9997311234474182,0.0002679340832401067,7279.9161091390515,7037.760573397345,35755.06809189916,34750.15671070293,764.1176465043611
2314,1,Case4,6x8_215,9.0,13.0,6x8,3,3,2.980505087180063e-06,6.996563752181828e-05,0.9999270439147949,4849.314193866626,5414.391644589647,36314.05093002319,38532.08713200241,1770.0198430857597
2315,1,Case4,6x8_216,-10.0,59.0,6x8,2,2,1.1204602969883126e-06,0.9999426603317261,5.625867925118655e-05,7242.66427212453,6614.158205031561,36850.64399167895,34814.40284446084,1397.6503303652366
2316,3,Case4,6x8_217,21.0,56.0,6x8,2,2,2.2632984837400727e-06,0.9999814033508301,1.62763044500025e-05,7853.240550876927,7976.247263631638,31811.387053877115,32299.4651521722,778.0275736127711
2317,1,Case4,6x8_218,5.0,-15.0,6x8,3,3,2.6692873689171392e-06,9.922777098836377e-05,0.9998981952667236,4867.449820563283,5051.865489064314,36561.004885196686,38831.700687415534,1761.755221506232
2319,1,Case4,6x8_220,14.0,-23.0,6x8,3,3,2.9846605684724636e-06,0.00010155299969483167,0.999895453453064,5967.011292460819,5325.796307469527,35736.99559402466,37636.931100110014,1717.3037432234441
2320,1,Case4,6x8_221,74.0,-56.0,6x8,1,1,0.999450147151947,0.0005462578847073019,3.592337179725291e-06,8068.908987704633,7232.54069779657,12262.692710876465,11825.870276799267,498.012665487919
2322,3,Case4,6x8_223,-78.0,-48.0,6x8,2,1,0.5744873285293579,0.4254477620124817,6.494205445051193e-05,8770.61738588107,7976.097936315757,17161.52939605713,14414.490493569243,1844.7270619480569
2323,2,Case4,6x8_224,-4.0,-43.0,6x8,3,3,5.229635917203268e-06,0.18254557251930237,0.8174492120742798,6756.134135417976,6501.510950150729,36963.22048473358,38827.47155423326,1798.3865607817452
2324,4,Case4,6x8_225,2.0,-73.0,6x8,2,2,1.133387058871449e-06,0.9977860450744629,0.0022128161508589983,6553.797028649301,6487.9046506376535,37239.65524101257,38214.772329274376,1077.60520463697
2325,1,Case4,6x8_226,-42.0,80.0,6x8,2,2,0.0001521412341389805,0.9998451471328735,2.6838354187930236e-06,8504.552723978,8597.429783287378,20609.39585876465,22211.386510415952,1062.7523021605152
2326,2,Case4,6x8_227,-42.0,-6.0,6x8,3,2,8.102308129309677e-06,0.7472141981124878,0.25277769565582275,6687.500769842818,6577.088746631576,36572.19023132324,38106.8327898962,1303.3933005305269
2328,4,Case4,6x8_229,42.0,86.0,6x8,2,2,0.0004046876565553248,0.9995920062065125,3.339964450788102e-06,8332.300372542817,8047.930732193331,20845.13359451294,20363.69432315637,390.82886466365676
2329,5,Case4,6x8_230,-44.0,-30.0,6x8,2,2,1.9889243048965e-05,0.9999390840530396,4.102012098883279e-05,8628.477266734028,8672.320500409669,23868.806844711304,24688.505950725357,596.3767704965024
2331,1,Case4,6x8_232,-8.0,-27.0,6x8,3,3,2.0494162527029403e-06,0.00015599899052176625,0.9998419284820557,5854.452901889895,5588.829948481636,36419.698808670044,37898.33357731759,1415.7380753693262
2333,3,Case4,6x8_234,-49.0,-40.0,6x8,2,2,0.03421727940440178,0.9657332301139832,4.9461614253232256e-05,9870.65127412545,9468.759718604071,17869.689079284668,18858.830487136922,850.3498107965534
2335,2,Case4,6x8_236,16.0,-57.0,6x8,2,2,1.659090685279807e-06,0.9997228980064392,0.0002754033193923533,7618.114801552607,7457.264035999008,34626.86268143356,34396.81839681777,495.1905015997439
2336,2,Case4,6x8_237,-32.0,66.0,6x8,2,2,9.196583050652407e-06,0.9999849796295166,5.867190338904038e-06,8551.364840916036,8240.415403138752,25863.995517730713,24911.24213643992,672.7766219920985
2337,2,Case4,6x8_238,64.0,-22.0,6x8,2,2,2.6485140551812947e-06,0.9999504089355469,4.6921511966502294e-05,7883.04153052559,7440.728422265684,32137.172632336617,31669.278475647443,593.4202928117359
2340,2,Case4,6x8_241,13.0,6.0,6x8,3,3,1.4756042219232768e-06,5.953378422418609e-05,0.9999390840530396,4712.504330772433,5036.79076908046,36207.494529008865,38233.36644348895,1507.3146070162777
2342,5,Case4,6x8_243,-63.0,-63.0,6x8,1,1,0.9996190071105957,0.00037834123941138387,2.6696875465859193e-06,7489.867644310873,8586.629845107456,11255.203315734863,11567.30389818678,315.3363042803274
2343,5,Case4,6x8_244,85.0,-58.0,6x8,1,1,0.9993201494216919,0.0006425908068194985,3.727471994352527e-05,6585.13957749185,5808.02521342005,11602.975784301758,10625.910831499164,813.9521163890583
2344,5,Case4,6x8_245,-34.0,-14.0,6x8,3,3,1.0962654641843983e-06,0.002329745329916477,0.9976691603660583,6645.13716517518,6451.593785449477,34110.36566352844,36133.307584951224,1734.5838915636616
2345,4,Case4,6x8_246,60.0,61.0,6x8,1,1,0.9980212450027466,0.0019741870928555727,4.4832872845290694e-06,8016.524719105659,9001.955841704845,11652.463493347168,11542.987133907482,272.77670003930274
2346,5,Case4,6x8_247,-83.0,78.0,6x8,1,1,0.9996628761291504,0.00031072492129169405,2.6439565772307105e-05,3910.3576392995824,3568.384200456716,8075.369565963745,6994.8095884441955,764.0096884083348
2347,4,Case4,6x8_248,6.0,27.0,6x8,3,3,1.9209867332392605e-06,0.00014063062553759664,0.9998574256896973,5791.436961737282,5191.541631135401,36677.64201450348,38756.65502415488,1908.42307004768
2348,5,Case4,6x8_249,6.0,16.0,6x8,3,3,1.0196379207627615e-06,1.0809967534441967e-05,0.9999880790710449,5014.3416237022275,4883.0942901559865,36580.70262796432,37454.83647603998,909.1483108415689
2349,5,Case4,6x8_250,-47.0,64.0,6x8,2,2,0.31003081798553467,0.6899561285972595,1.3101389413350262e-05,9693.143819672801,9498.31945933238,16260.291786193848,15434.349863900045,592.4284893062674
2351,2,Case4,6x8_252,-82.0,-45.0,6x8,2,2,0.029002847149968147,0.9709623456001282,3.473044853308238e-05,8531.870916889393,7777.216471284844,18940.328830718994,17041.244870935574,1319.2540439225763
2352,3,Case4,6x8_253,56.0,-34.0,6x8,2,2,2.234329076600261e-05,0.9999760389328003,1.634970089980925e-06,9073.869971416205,8696.77972733727,22709.830249786377,24886.390199124748,1482.0297394194426
2353,3,Case4,6x8_254,-75.0,-17.0,6x8,2,2,1.4779660659769434e-06,0.999774158000946,0.0002244211791548878,6987.70638296544,6515.746834049309,34583.14906048775,35645.53298714215,1089.0832568022631
2354,1,Case4,6x8_255,32.0,-60.0,6x8,2,2,4.193810673314147e-05,0.9999489784240723,9.120119102590252e-06,8796.646424600342,8916.971976709448,24922.026947021484,25407.880720799643,657.3357875122864
2355,4,Case4,6x8_256,-25.0,-11.0,6x8,3,3,2.0856662104051793e-06,0.0002123843296431005,0.9997856020927429,5836.440591966097,5363.113687337085,36003.197551727295,37616.75411714902,1281.614214546488
2356,2,Case4,6x8_257,65.0,80.0,6x8,1,1,0.9920692443847656,0.007915754802525043,1.5066569176269695e-05,5628.329122277541,5916.587007818076,9745.61672592163,9099.442894972273,484.6543542277494
2357,1,Case4,6x8_258,54.0,-18.0,6x8,2,2,1.019326532514242e-06,0.9998675584793091,0.00013136619236320257,7719.553151008214,7407.589897204593,33344.6894723773,32924.38547586106,600.2666677742577
2360,1,Case4,6x8_261,-14.0,-28.0,6x8,3,3,2.2780077415518463e-06,0.00017498568922746927,0.9998227953910828,6248.642845926579,5780.313930898115,34847.64225959778,36612.60127613642,1631.8125420929164
2362,5,Case4,6x8_263,-24.0,2.0,6x8,3,3,6.077412990634912e-07,1.0803170880535617e-05,0.9999885559082031,5480.171510131111,5103.777609356965,37059.00299358368,37651.88488691676,915.9119251115509
2363,1,Case4,6x8_264,87.0,-65.0,6x8,1,1,0.9998912811279297,9.955029236152768e-05,9.142617273028009e-06,5286.27500763011,5303.338379196454,9712.750240325928,9415.310294892586,291.5183327781586
2365,2,Case4,6x8_266,-26.0,-39.0,6x8,2,2,5.0712253141682595e-05,0.9935892820358276,0.006360022816807032,7999.906321739766,7905.705910561402,26815.10499382019,28434.99674029175,1255.0471923820196
2366,1,Case4,6x8_267,-33.0,-46.0,6x8,2,2,0.00017417660274077207,0.99973064661026,9.521562606096268e-05,9025.507685443468,9308.10709847457,21876.491802215576,23550.57329326313,1194.8986126905047
2367,1,Case4,6x8_268,-59.0,29.0,6x8,2,2,1.210643858939875e-05,0.9999850988388062,2.8326810479484266e-06,8528.921784722004,8623.64556634317,26922.92152786255,26821.14161555757,386.42628185244394
2368,3,Case4,6x8_269,-60.0,60.0,6x8,1,1,0.9994275569915771,0.0005707084201276302,1.7372605043419753e-06,8248.923787334112,8990.457472858721,11859.778518676758,10871.059029250293,585.3523566034253
2371,4,Case4,6x8_272,72.0,69.0,6x8,1,1,0.9997138381004333,0.000282093184068799,4.044375145895174e-06,5881.108702172178,5910.8850040315065,9907.176811218262,8034.481805097782,1343.8545874428194
2372,1,Case4,6x8_273,81.0,62.0,6x8,1,1,0.9943670630455017,0.005625239573419094,7.742383786535356e-06,6032.558029957592,5998.5331572680925,10386.012912750244,9899.375837577043,437.67503649456313
2373,2,Case4,6x8_274,30.0,-25.0,6x8,3,3,2.9949358577141538e-05,0.044344980269670486,0.9556251168251038,7629.616753920288,6953.06447108179,29554.85240316391,31608.293734736653,1472.663426598784
2374,3,Case4,6x8_275,80.0,-20.0,6x8,2,2,4.549985078483587e-06,0.999832034111023,0.00016338603745680302,7028.847522719755,6841.36859500186,33382.14854872227,34519.373253833015,1134.964474813241
2375,2,Case4,6x8_276,-88.0,70.0,6x8,1,1,0.9893701076507568,0.010597293265163898,3.251940870541148e-05,4555.869102414041,3685.3125645122177,8790.9680519104,7261.483528268751,1068.4509833767277
2376,1,Case4,6x8_277,57.0,88.0,6x8,1,1,0.7309862971305847,0.2689606249332428,5.303982470650226e-05,6677.546177430286,6308.996995568756,11867.329853057861,11703.031599906586,436.4254136353524
2377,5,Case4,6x8_278,18.0,78.0,6x8,2,2,5.840145149704767e-07,0.9999905824661255,8.814568900561426e-06,6986.401290238939,6877.4266415372695,34186.36030507088,34341.1119546277,525.1481970618834
2378,3,Case4,6x8_279,-88.0,-89.0,6x8,1,1,0.9943155646324158,0.004957560915499926,0.0007268544868566096,3213.761617080221,3841.440240633018,7474.643984794617,6958.621813843682,386.28479964963554
2380,1,Case4,6x8_281,-72.0,-17.0,6x8,2,2,4.0225950215244666e-07,0.9996998310089111,0.000299833103781566,7200.763124621847,6569.986560081576,34638.86068856716,36125.210377181866,1303.1377529075398
2381,4,Case4,6x8_282,25.0,-74.0,6x8,2,2,4.254996383679099e-06,0.9999749660491943,2.077749013551511e-05,7657.1672168572795,7542.753322560529,31015.85711956024,30783.73650041699,482.2192234406322
2383,3,Case4,6x8_284,16.0,16.0,6x8,3,3,7.0200271693465766e-06,0.00011727773380698636,0.9998756647109985,5663.779520126856,5049.544659524429,36058.39754009247,36928.40403256275,925.0495076576385
2384,5,Case4,6x8_285,-21.0,55.0,6x8,2,2,8.614257467343123e-07,0.9999932050704956,5.905343641643412e-06,7933.874078893078,7244.207508004253,31769.998810999095,32467.075401202215,650.2276481380103
2385,2,Case4,6x8_286,40.0,-87.0,6x8,2,2,0.0002481482515577227,0.9997453093528748,6.584758921235334e-06,8252.835828434652,8451.85746866735,22084.210639953613,23034.637159433812,728.7068901410266
2387,2,Case4,6x8_288,37.0,70.0,6x8,2,2,0.00039388780714944005,0.9995926022529602,1.3581918210547883e-05,8663.786558560198,8547.59232476292,22898.767457962036,21866.010518399136,699.9929367121057
2388,3,Case4,6x8_289,-9.0,44.0,6x8,2,2,9.311598660133313e-06,0.9500640034675598,0.049926746636629105,6906.107339208253,6511.369826337642,36113.73318004608,37231.29138028377,1144.5565698126845
2391,1,Case4,6x8_292,71.0,-88.0,6x8,1,1,0.9998608827590942,0.00011927344894502312,1.9774382963078097e-05,4440.815415954187,4219.2342978237575,8650.598766326904,8318.606042918283,273.766916430083
2393,2,Case4,6x8_294,-71.0,-57.0,6x8,1,1,0.9980880618095398,0.0019044283544644713,7.487473340006545e-06,7786.067680964321,7588.73012389344,12198.166442871094,10855.503441297413,1016.1921035035589
2394,2,Case4,6x8_295,-84.0,-9.0,6x8,2,2,2.8981478408240946e-06,0.9983804225921631,0.0016166329151019454,6279.295256327633,6138.113502333847,35719.95810222626,38303.342208738,2003.2255070145004
2395,4,Case4,6x8_296,-48.0,82.0,6x8,2,2,0.023409711197018623,0.9765834808349609,6.775412657589186e-06,8642.350030281408,8121.753276374196,17417.97820663452,16557.259910334356,599.9798669591067
2396,2,Case4,6x8_297,-13.0,-4.0,6x8,3,3,1.8134441006623092e-06,0.0001318862196058035,0.9998663663864136,4755.711890487717,5128.791259077008,36161.53864415735,38347.54738273014,1502.911281230846
2397,5,Case4,6x8_298,-19.0,-23.0,6x8,3,3,1.5103150872164406e-06,3.640040085883811e-05,0.9999620914459229,6383.194555592167,5859.595005409569,34251.41528892517,34353.725455926746,532.933653474847
2398,5,Case4,6x8_299,5.0,-32.0,6x8,3,3,4.5111679014553374e-07,6.982104241615161e-05,0.999929666519165,6165.130861327447,5767.49411154434,36667.77972984314,36760.84034493249,589.9680602101396
2400,5,Case4,8x8_001,65.0,19.0,8x8,2,2,2.238710067103966e-06,0.9942662119865417,0.005731543060392141,5243.146533150198,4928.3628363527005,34368.95395588875,32647.01164548216,1068.1461251449582
2401,3,Case4,8x8_002,40.0,-51.0,8x8,2,2,0.0002622458559926599,0.9996787309646606,5.8986213844036683e-05,7021.620575402726,6528.620250232354,18411.45991706848,18788.379500732004,481.11011867328574
2402,3,Case4,8x8_003,-44.0,65.0,8x8,2,2,9.778676030691713e-05,0.9998998641967773,2.393112254139851e-06,6339.951506160524,6096.874890008422,17952.34709739685,17852.226984712586,345.37731508076
2404,1,Case4,8x8_005,-52.0,20.0,8x8,2,2,1.5097557479748502e-06,0.999537467956543,0.0004610497853718698,5859.593453963796,5583.021584373144,32638.887106895447,31530.45400454963,1046.6348672072845
2406,3,Case4,8x8_007,51.0,-83.0,8x8,2,2,0.0037289634346961975,0.9961434006690979,0.0001276890398003161,5358.196387701002,5630.308032526375,15771.6189661026,14959.40562718487,548.1187382011117
2407,2,Case4,8x8_008,86.0,9.0,8x8,3,3,1.050895662046969e-05,0.1719742715358734,0.8280152678489685,3977.652908810087,3770.6337919230937,35124.225829675794,38064.30426802284,1861.1334178866061
2408,4,Case4,8x8_009,-63.0,21.0,8x8,2,2,9.140773613580677e-07,0.9999370574951172,6.205594399943948e-05,5480.785455307892,5652.766027856801,33301.364924907684,31786.867602715967,1041.1750744047672
2409,4,Case4,8x8_010,-74.0,83.0,8x8,2,2,0.04547929763793945,0.9540732502937317,0.0004474080342333764,3176.082725807057,3031.6942423601613,9173.703207015991,8150.601515541938,634.0792108007909
2410,2,Case4,8x8_011,-39.0,-9.0,8x8,3,3,1.905740873553441e-06,0.00506520364433527,0.9949329495429993,5546.763244744537,5605.2159443031105,36390.95762729645,36620.29748832108,653.9832744208769
2411,4,Case4,8x8_012,-56.0,9.0,8x8,2,2,1.623169509912259e-06,0.9966764450073242,0.003321926575154066,5273.534272909072,5271.375966958584,37629.07426786423,37483.40045154958,1203.6773901702052
2412,3,Case4,8x8_013,61.0,33.0,8x8,2,2,9.692321327747777e-06,0.9999794960021973,1.0867191122088116e-05,6008.2013620093485,6276.3348167789045,24829.24469614029,23930.17604319985,651.618555164885
2413,2,Case4,8x8_014,19.0,79.0,8x8,2,2,9.749634273248375e-07,0.9997197985649109,0.0002791771257761866,4634.824733294473,4309.366655817229,34225.59701573849,34719.14903609258,596.6631228745429
2414,4,Case4,8x8_015,35.0,60.0,8x8,2,2,1.2613783837878145e-05,0.999925971031189,6.143590871943161e-05,6239.34877250512,6060.034795683234,23158.273713588715,22888.304396539508,408.48221159364107
2417,1,Case4,8x8_018,-53.0,31.0,8x8,2,2,1.1574393283808604e-05,0.9999610185623169,2.735814450716134e-05,6396.058340830846,6044.781120202202,24980.107803821564,25018.292182979883,399.57981726439573
2418,2,Case4,8x8_019,-79.0,29.0,8x8,2,2,1.1739649607989122e-06,0.9999171495437622,8.163038728525862e-05,5030.325538034453,4644.463524842259,29301.969620743766,29313.288235201875,437.70459225949736
2419,3,Case4,8x8_020,-2.0,48.0,8x8,2,3,2.4242840481747407e-06,0.17934498190879822,0.8206525444984436,5331.7997951298075,5151.7676211581365,38126.3230509758,39908.5200352582,1596.7504837644099
2421,3,Case4,8x8_022,43.0,-33.0,8x8,2,2,3.0321063604787923e-05,0.9994056224822998,0.0005640059243887663,6874.125899147057,6592.811163219174,22526.868020817637,23834.800122285174,1045.6451481632148
2422,2,Case4,8x8_023,62.0,-67.0,8x8,1,1,0.9980113506317139,0.001982427202165127,6.1784021454514004e-06,5717.628678366705,5472.485059005361,11283.870931625366,9711.858577208735,1170.0120494916625
2423,1,Case4,8x8_024,30.0,75.0,8x8,2,2,1.8674708144317265e-06,0.9998922348022461,0.00010593941260594875,5187.809762973678,5087.0636124242,28483.715084969997,28418.270472360153,417.7192861181036
2424,2,Case4,8x8_025,80.0,-80.0,8x8,1,1,0.9994864463806152,0.0004803907359018922,3.3127587812487036e-05,2887.943609067684,2840.506585471735,8823.332853078842,6883.208917640273,1256.371563081209
2425,3,Case4,8x8_026,-81.0,73.0,8x8,2,2,0.042435064911842346,0.9572921991348267,0.0002727310638874769,3332.197124562026,3274.2429560137953,9302.709329605103,8371.054433801984,549.1983049560241
2427,3,Case4,8x8_028,36.0,-31.0,8x8,2,2,0.0002171995147364214,0.5900842547416687,0.4096985459327698,6907.5481421899485,6456.1498564982185,24954.35393166542,27661.68874275805,2021.1401423645298
2428,2,Case4,8x8_029,52.0,-41.0,8x8,2,2,0.0001438603358110413,0.9998489618301392,7.102221843524603e-06,7031.156484932987,7195.662434089283,17925.71795272827,19679.00102316959,1212.7923445607753
2429,4,Case4,8x8_030,15.0,-12.0,8x8,3,3,2.780119757517241e-06,4.701965372078121e-05,0.9999502897262573,5441.57721996812,4637.67841127007,37362.41138628125,38362.52365147732,1073.3971220823096
2430,4,Case4,8x8_031,-55.0,-62.0,8x8,1,2,0.3594747483730316,0.640437126159668,8.809983410174027e-05,6831.671181465092,6750.996841699384,13168.334457397461,12709.753494622935,440.15736657124603
2431,3,Case4,8x8_032,-19.0,-7.0,8x8,3,3,3.5610305531008635e-06,0.00010785133054014295,0.99988853931427,5359.584771501703,4838.954552355696,37585.41097345948,38608.52183550855,928.7959255984947
2432,1,Case4,8x8_033,-61.0,86.0,8x8,2,2,0.0005373554304242134,0.9994053840637207,5.731805140385404e-05,4830.024157415195,4553.996367121033,11556.46583366394,13949.666371655852,1696.047619358893
2433,4,Case4,8x8_034,-43.0,-15.0,8x8,3,3,5.390408659877721e-06,0.029004018753767014,0.9709905982017517,5827.978496269107,5405.230080628044,34290.74633693695,37058.579834166194,1961.4934480957638
2434,2,Case4,8x8_035,70.0,81.0,8x8,2,2,0.020195243880152702,0.9796803593635559,0.00012445470201782882,3610.3371868537433,4016.90335748416,9638.760562896729,9566.946422038402,152.09493682394108
2435,1,Case4,8x8_036,8.0,25.0,8x8,3,3,1.3323332268555532e-06,0.00010162300895899534,0.9998970031738281,5475.147959568679,5050.341870845397,37234.78681373596,38574.71060307961,1197.6528088775726
2437,5,Case4,8x8_038,-56.0,52.0,8x8,1,2,0.19751355051994324,0.8024715781211853,1.4810546417720616e-05,7396.749389773339,6924.5876362305735,13992.862014770508,13167.598708563894,678.1377894264854
2439,1,Case4,8x8_040,-27.0,-54.0,8x8,2,2,3.722178007592447e-06,0.985802412033081,0.014193861745297909,6052.790867714633,5934.061839182103,28086.379722118378,29606.085446369416,1160.1203802198847
2440,4,Case4,8x8_041,-2.0,-68.0,8x8,2,2,9.610637334844796e-07,0.9630777835845947,0.03692127391695976,4555.340433428779,4465.6912910689325,38012.463999032974,40259.15012108882,1881.4472059540317
2441,4,Case4,8x8_042,84.0,51.0,8x8,2,2,8.352576696779579e-05,0.9998748302459717,4.159941090620123e-05,5309.258463234165,4827.341637135952,15789.51280927658,15219.342896899914,349.01610708182017
2442,3,Case4,8x8_043,79.0,-71.0,8x8,1,1,0.9990572333335876,0.0006473794346675277,0.00029530341271311045,3642.8322741126576,2993.300489809313,9605.081888198853,7322.889690042268,1543.347304718591
2443,3,Case4,8x8_044,59.0,-56.0,8x8,1,1,0.9524417519569397,0.047489725053310394,6.846454925835133e-05,7238.789213154945,7001.7426509838715,13186.219528198242,12533.788406334377,571.8763490391493
2444,2,Case4,8x8_045,-18.0,-35.0,8x8,3,3,2.2751644337404286e-06,0.0015458256239071488,0.9984519481658936,5928.894179967925,5886.786532225695,32770.003299713135,35318.175614479864,1891.1227317193677
2445,4,Case4,8x8_046,-76.0,-77.0,8x8,2,2,0.07273700833320618,0.9248238205909729,0.002439216710627079,3325.702933850627,2896.2149994587744,9239.269235610962,7208.296936908182,1309.1642828429874
2446,5,Case4,8x8_047,42.0,27.0,8x8,2,2,3.922429823433049e-05,0.9344240427017212,0.0655367374420166,6447.413847677848,6158.307513895973,26579.460785210133,30064.20357152957,2533.848099416024
2447,1,Case4,8x8_048,1.0,71.0,8x8,2,2,7.532593713222013e-07,0.994371771812439,0.005627485457807779,4561.667684391576,4224.003749764178,37394.83870396018,37263.09462251887,670.5913148606058
2448,3,Case4,8x8_049,-37.0,22.0,8x8,3,3,2.992635199916549e-05,0.2705352306365967,0.7294348478317261,6218.377756499581,5698.324210632054,30326.311512857676,34174.32594100837,2782.749994346692
2449,4,Case4,8x8_050,-16.0,44.0,8x8,2,2,4.553554390440695e-06,0.9486302137374878,0.051365241408348083,5944.171053835692,5467.95649206196,33971.12632417679,36837.73695880373,2011.4248564631062
2451,1,Case4,8x8_052,-79.0,34.0,8x8,2,2,1.7478151903560502e-06,0.9999237060546875,7.458653999492526e-05,5211.287395855482,5220.184199145959,26054.84589961171,26402.25974630977,538.4478534377441
2452,4,Case4,8x8_053,3.0,87.0,8x8,2,2,1.2284277772778296e-06,0.9985743761062622,0.0014243286568671465,3942.826924573259,4126.218769643029,35300.80510020256,37762.75834984477,1690.1315945684585
2453,3,Case4,8x8_054,-17.0,-44.0,8x8,3,3,5.6822832448233385e-06,0.055250056087970734,0.944744348526001,5907.430626773915,5571.925553312857,33349.78262376785,36242.83375239405,2186.9915623463044
2455,1,Case4,8x8_056,67.0,-19.0,8x8,2,2,9.140574093180476e-07,0.9935000538825989,0.006498975213617086,5129.169267328459,5010.760727072466,34523.81034786999,34539.92920339052,709.1733310953036
2456,3,Case4,8x8_057,2.0,74.0,8x8,2,2,3.9428852005585213e-07,0.9943203926086426,0.005679141730070114,4353.320318499713,4218.53672786894,36867.15681934357,40455.104605033615,2282.9052330064255
2457,4,Case4,8x8_058,82.0,19.0,8x8,2,2,4.630980129149975e-06,0.9095796346664429,0.09041579812765121,4483.206267148011,3985.953819087743,34023.60108137131,36211.471449002,1882.3581314069647
2458,5,Case4,8x8_059,14.0,3.0,8x8,3,3,8.29147779768391e-07,7.510221166739939e-06,0.9999916553497314,4910.672094088812,4613.133183706711,37199.42845213413,37758.49719764558,587.5706746697175
2459,2,Case4,8x8_060,44.0,-84.0,8x8,2,2,2.630091694300063e-05,0.9999620914459229,1.1597963748499751e-05,5287.38848041502,5399.276660974595,19637.798690631986,20269.437100799554,584.7060601142333
2460,2,Case4,8x8_061,0.0,-52.0,8x8,2,2,3.5564280551625416e-06,0.7073143124580383,0.29268205165863037,5258.231674033918,5113.685639536696,38457.771136283875,39497.754172567045,1178.5244107631597
2461,5,Case4,8x8_062,33.0,26.0,8x8,3,3,1.2297387002035975e-05,0.028218522667884827,0.9717692136764526,6531.7067096171195,5806.488230727853,28488.842171669006,32086.066539610543,2667.0737108277203
2462,2,Case4,8x8_063,-75.0,38.0,8x8,2,2,3.2999405448208563e-06,0.9999825954437256,1.41423688546638e-05,5539.777538259725,4836.546560521678,23088.54741895199,22005.99240857309,727.4661713655701
2463,4,Case4,8x8_064,-20.0,55.0,8x8,2,2,1.45917613281199e-06,0.9997345805168152,0.0002639290178194642,5777.092574565379,5308.599037896433,33034.910084724426,33510.444081354384,661.808030972679
2464,5,Case4,8x8_065,72.0,31.0,8x8,2,2,3.2830848795128986e-06,0.9998055100440979,0.00019123601668979973,5385.415431575042,5272.11513135142,27647.056838810444,25195.833536697573,1530.8728198122367
2466,2,Case4,8x8_067,-83.0,68.0,8x8,2,2,0.011574692092835903,0.9882502555847168,0.00017509494500700384,3750.214207800359,3116.4083411148213,9917.712527275085,8912.759750219499,676.5912988790932
2467,3,Case4,8x8_068,-26.0,-1.0,8x8,3,3,1.8741633311947226e-06,0.00012381015403661877,0.9998742341995239,5339.616235800141,4863.526454759285,37809.12155628204,38998.57850977957,1055.1762828130989
2472,4,Case4,8x8_073,-22.0,46.0,8x8,2,2,3.8040832350816345e-06,0.9974972605705261,0.002498881658539176,6117.933401400916,5945.11799942238,30573.391775369644,31803.632372115662,1090.485097914843
2473,1,Case4,8x8_074,-1.0,-8.0,8x8,3,3,2.4686025881237583e-06,8.216940477723256e-05,0.999915361404419,4852.647906996622,4817.385847199307,35499.50668609142,39148.259081976175,1973.6016610879349
2474,3,Case4,8x8_075,-22.0,82.0,8x8,2,2,2.7755970677389996e-07,0.9999591112136841,4.060974242747761e-05,4601.165845380445,4635.439309378079,32993.25084012747,33700.74300960114,872.7077131981946
2476,2,Case4,8x8_077,-64.0,20.0,8x8,2,2,1.0850014859897783e-06,0.9998164772987366,0.00018248955893795937,5379.981001325868,4972.235976627759,33904.30020189285,33756.541325248254,454.88622962918924
2477,1,Case4,8x8_078,29.0,-79.0,8x8,2,2,1.4035988442628877e-06,0.999458372592926,0.0005402100505307317,5029.137264612036,4985.960671283168,29296.080900266767,29898.203208803734,809.6473336993391
2478,3,Case4,8x8_079,-67.0,39.0,8x8,2,2,1.8307086065760814e-05,0.9999779462814331,3.7331019484554417e-06,6039.966685547486,6042.333742082084,21502.44856595993,21962.4092135916,571.9416991854223
2480,5,Case4,8x8_081,-38.0,-72.0,8x8,2,2,8.411441740463488e-06,0.9999591112136841,3.248637221986428e-05,5654.696885076137,5670.971406782372,22732.52862921357,22442.9275220481,351.29587621954676
2481,3,Case4,8x8_082,85.0,48.0,8x8,2,2,2.7371208489057608e-05,0.9999568462371826,1.578437331772875e-05,5285.141937458496,5149.008509325236,17340.985971689224,18809.837630545444,1232.3466495682933
2482,4,Case4,8x8_083,-12.0,85.0,8x8,2,2,1.3412375210464234e-06,0.9995923638343811,0.0004062847001478076,4198.382432559146,4236.226364808818,34967.61535900831,36554.75334305341,1021.0640131099631
2483,3,Case4,8x8_084,77.0,-48.0,8x8,2,2,0.0007711531943641603,0.999188244342804,4.054284727317281e-05,5628.180711447854,6011.712921733744,16980.53556203842,17763.27520255058,832.7110368234538
2484,1,Case4,8x8_085,45.0,75.0,8x8,2,2,5.77238570258487e-05,0.9999189376831055,2.3314409190788865e-05,5669.4289757575825,5682.816568954249,18499.23530101776,18440.53446916952,264.31463482019274
2485,3,Case4,8x8_086,-41.0,-54.0,8x8,2,2,0.004980508703738451,0.9948699474334717,0.000149562576552853,6841.532431490997,6806.79815765904,18052.78157234192,17691.019928374335,438.29545380605924
2486,3,Case4,8x8_087,-38.0,89.0,8x8,2,2,1.3749267964158207e-06,0.9999945163726807,4.167831320955884e-06,5040.7985395543565,5104.076679706108,23544.523963958025,25998.739122774514,1912.774723281987
2487,1,Case4,8x8_088,23.0,33.0,8x8,3,3,9.145151125267148e-06,0.0050435783341526985,0.9949473142623901,6275.406838615661,6314.726437123773,30207.822803214192,34070.00648207828,2946.882258838379
2488,4,Case4,8x8_089,18.0,-35.0,8x8,3,3,2.4073644908639835e-06,0.0013477697502821684,0.9986498951911926,5925.446041446913,5767.581377156276,32873.479425281286,36410.61837257219,2860.876594527753
2489,1,Case4,8x8_090,-65.0,24.0,8x8,2,2,1.2620561165022082e-06,0.9999219179153442,7.68043173593469e-05,5517.707394730965,5575.256906499167,31721.447984218597,30560.768807230106,935.7925759705466
2490,5,Case4,8x8_091,11.0,36.0,8x8,3,3,1.5064208582771244e-06,0.003426705254241824,0.9965717792510986,5551.947821633755,5260.085972548766,35733.01303386688,36048.79732558718,793.7317741646901
2491,4,Case4,8x8_092,-38.0,-40.0,8x8,2,2,0.0004592387122102082,0.9947850108146667,0.004755746107548475,7338.688659752844,6939.604638998494,20469.233841225505,20919.11926673918,555.9184751662141
2492,5,Case4,8x8_093,-70.0,-78.0,8x8,2,2,0.010676132515072823,0.9890957474708557,0.000228148463065736,3767.8638945992357,3559.0201495440742,9769.728497505188,8948.691579805898,556.2278918014904
2493,2,Case4,8x8_094,73.0,-55.0,8x8,2,1,0.8213499188423157,0.17860057950019836,4.947988782078028e-05,5911.174039522077,5448.941441031736,13656.953987121582,11801.007577404205,1259.6037152147812
2494,4,Case4,8x8_095,68.0,-30.0,8x8,2,2,1.3407718597591156e-06,0.9999650716781616,3.358012327225879e-05,5567.214456656735,5711.752054517344,28046.489857673645,30271.48791013653,1670.2776563068958
2495,1,Case4,8x8_096,84.0,-52.0,8x8,2,2,0.023824544623494148,0.9759815335273743,0.00019388284999877214,5332.283882503391,5144.633213571107,15319.519672393799,13827.587292362172,969.8169877024586
2497,5,Case4,8x8_098,-1.0,36.0,8x8,3,3,5.630706141346309e-07,0.00308506703004241,0.996914267539978,5556.815577206858,4970.621675297285,37536.084285736084,39186.769405480976,1545.7492404908378
2498,1,Case4,8x8_099,90.0,40.0,8x8,2,2,3.257805019529769e-06,0.999927282333374,6.943501648493111e-05,5090.936272818905,5006.970474049382,22255.811595350504,23605.40259724819,1081.597939450563
2499,2,Case4,8x8_100,69.0,62.0,8x8,2,2,0.26150840520858765,0.7383614778518677,0.0001301669835811481,5541.392523080407,5602.709531367925,11123.933963775635,11238.94343070465,343.02227300271056
2500,2,Case4,8x8_101,48.0,15.0,8x8,3,2,7.60274451749865e-06,0.7067522406578064,0.29324015974998474,5712.411234695455,5444.553381430818,34733.2903137207,35813.43991451678,1187.2564283115635
2501,5,Case4,8x8_102,76.0,-24.0,8x8,2,2,8.814917578092718e-07,0.9989927411079407,0.0010063853114843369,4971.603958387639,4860.892938403948,32138.970479905605,31859.70849986251,530.4382310400548
2502,4,Case4,8x8_103,66.0,14.0,8x8,2,2,2.027635673584882e-06,0.9859617352485657,0.014036226086318493,5048.477384049053,4482.978703952323,36413.10548534617,37751.65775324669,1590.3074310829795
2503,3,Case4,8x8_104,83.0,3.0,8x8,3,3,7.144354640331585e-06,0.07150586694478989,0.9284868836402893,3944.2451119482002,3699.8701336769827,35606.55335319042,38123.11365548994,1296.6033044012004
2505,3,Case4,8x8_106,-12.0,43.0,8x8,2,3,4.201342107990058e-06,0.10695037990808487,0.8930454254150391,5751.923471731576,5326.277171429508,35670.6035194397,36922.77110708045,1189.6778549796218
2506,1,Case4,8x8_107,69.0,8.0,8x8,2,3,2.883013394239242e-06,0.4163477420806885,0.5836493968963623,4563.510717066899,4036.942941200129,37587.24213898182,38464.02114844047,1069.820214504574
2508,3,Case4,8x8_109,-69.0,17.0,8x8,2,2,6.788982318539638e-07,0.9997305274009705,0.0002687630767468363,4929.5489664530605,4697.839273972516,35410.39058342576,35482.92852087845,458.95198108506196
2510,5,Case4,8x8_111,7.0,87.0,8x8,2,2,6.135356329650676e-07,0.9976567029953003,0.002342660678550601,3849.0300386143745,3887.4915906167676,35184.11937749386,38895.30703278027,2473.793302077464
2511,4,Case4,8x8_112,21.0,-8.0,8x8,3,3,1.8024798009719234e-06,5.7597149861976504e-05,0.9999406337738037,5386.785174280919,4674.720010304152,37554.984080314636,38843.748693153524,1226.3931232155123
2512,5,Case4,8x8_113,35.0,-2.0,8x8,3,3,3.1293976121560263e-07,7.998326327651739e-05,0.9999196529388428,5384.739640654454,5107.632231951084,37499.255732536316,38153.464263943395,800.3661726360149
2513,3,Case4,8x8_114,-35.0,-78.0,8x8,2,2,1.6328023093592492e-06,0.9999366998672485,6.162857607705519e-05,5222.914055470661,5153.953784891724,25260.451993862167,27693.25222309352,1972.2549435739609
2514,2,Case4,8x8_115,22.0,74.0,8x8,2,2,8.326243801093369e-07,0.9998157620429993,0.00018346366414334625,4965.063057742168,4664.196590218513,33094.428084641695,34203.10750792206,956.878959285345
2515,4,Case4,8x8_116,12.0,-85.0,8x8,2,2,1.152839899987157e-06,0.9694259166717529,0.030573004856705666,4201.873786700601,4034.9153378448414,34968.29138994217,37679.58232998451,1948.294032374386
2516,5,Case4,8x8_117,-87.0,33.0,8x8,2,2,9.72018028733146e-07,0.999942421913147,5.659790986101143e-05,4884.778796260707,4693.09090704829,26849.872207522392,26756.954270176837,367.97122474315046
2517,5,Case4,8x8_118,54.0,-88.0,8x8,2,2,0.012165001593530178,0.9874846339225769,0.0003503615444060415,5229.660739150098,4907.474610150035,14535.156603813171,13807.64572324732,468.48964311043324
2518,4,Case4,8x8_119,31.0,-10.0,8x8,3,3,1.2577638699440286e-06,0.00013415860303211957,0.9998644590377808,5539.759207789687,4903.913511411397,36415.57181930542,38880.4449701921,2048.417716492987
2519,3,Case4,8x8_120,-58.0,-26.0,8x8,2,2,6.347433100017952e-06,0.9998413324356079,0.00015223892114590853,5878.255602479533,5987.945913448436,29450.95227432251,28374.692597904228,844.442745827942
2521,5,Case4,8x8_122,20.0,-73.0,8x8,2,2,1.6339897683792515e-06,0.9989532232284546,0.001045064884237945,4920.210070410504,4878.547028410249,34120.70115053654,34042.28244187183,422.3696714938196
2522,4,Case4,8x8_123,76.0,4.0,8x8,3,3,4.222306870360626e-06,0.18613667786121368,0.8138590455055237,4324.6132507525035,3832.5690418461304,36499.355161726475,38859.16825882486,1451.0449533719661
2524,1,Case4,8x8_125,-3.0,72.0,8x8,2,2,7.463410724994901e-07,0.9960117340087891,0.003987564705312252,4341.607088190484,4200.654171157676,37208.56110906601,36917.51925345401,714.3029917327773
2525,5,Case4,8x8_126,-8.0,18.0,8x8,3,3,7.914530897323857e-07,9.259429134544916e-06,0.9999898672103882,5406.434928622647,4728.384659103591,37573.716035336256,37939.69359286086,615.1394088887646
2526,4,Case4,8x8_127,-66.0,77.0,8x8,2,2,0.028130723163485527,0.9717427492141724,0.00012660310312639922,4342.321180761343,3685.1119080187914,10394.299449920654,9454.367663034707,641.9066152547547
2527,2,Case4,8x8_128,59.0,-70.0,8x8,1,1,0.9815985560417175,0.01838676817715168,1.4623855349782389e-05,6169.744815598298,5357.444357324587,12473.600393295288,10308.075662392424,1515.820724132916
2529,2,Case4,8x8_130,-59.0,12.0,8x8,2,2,1.715585426609323e-06,0.9977276921272278,0.002270630095154047,5383.20262964873,4866.711090162616,36959.38739824295,37362.83156027754,747.2950674346127
2530,1,Case4,8x8_131,41.0,53.0,8x8,2,2,0.0017628208734095097,0.9981690645217896,6.807868339819834e-05,6908.643982115371,7256.800091229487,17938.696937561035,18993.766715612262,779.8302731106015
2532,1,Case4,8x8_133,-21.0,37.0,8x8,3,3,3.633725646068342e-05,0.3121493458747864,0.6878142952919006,6221.646179193704,5928.1631899433005,30951.054872393608,32893.864710635266,1533.8851346814647
2533,1,Case4,8x8_134,-56.0,37.0,8x8,2,2,0.0001084932591766119,0.9998748302459717,1.6627367585897446e-05,6591.27454541036,6540.522336551629,21043.112740516663,20846.48228231439,397.353405132879
2534,5,Case4,8x8_135,39.0,-76.0,8x8,2,2,3.268744330853224e-05,0.9999105930328369,5.673613122780807e-05,5522.12689960489,5315.881129058954,22476.613810777664,22006.64179423948,383.70378232756804
2535,2,Case4,8x8_136,8.0,-68.0,8x8,2,2,2.3039035568217514e-06,0.9845939874649048,0.015403712168335915,4757.9858468053535,4483.577129643376,37803.36699080467,37939.008136060416,635.4227484865457
2536,3,Case4,8x8_137,68.0,53.0,8x8,2,2,0.010616743937134743,0.9893639087677002,1.9269677068223245e-05,6257.26568709228,5699.572017067265,13996.258895874023,13224.01871160503,549.233897335167
2537,5,Case4,8x8_138,-28.0,-75.0,8x8,2,2,7.287479206752323e-07,0.9998131394386292,0.00018618001195136458,5135.016463880489,5260.6165136063155,29740.988512887503,30787.12780945763,1013.7262812677459
2538,1,Case4,8x8_139,-52.0,-36.0,8x8,2,2,0.00011428441939642653,0.9996777772903442,0.0002079568657791242,6649.2554796134755,6729.0367219397995,21004.8382730484,21478.276206072558,473.7724690208749
2540,4,Case4,8x8_141,79.0,49.0,8x8,2,2,8.240800525527447e-05,0.999881386756897,3.6226356314728037e-05,5501.692907303858,5015.562003989124,16570.952990055084,15659.574941825222,570.6923990337704
2541,2,Case4,8x8_142,56.0,10.0,8x8,2,2,3.6018036553286947e-06,0.9248602390289307,0.0751362293958664,5378.158773666985,5108.521507355112,37307.92590045929,37913.03526913977,1013.8166732567722
2542,1,Case4,8x8_143,39.0,-35.0,8x8,2,2,0.00024557067081332207,0.998021125793457,0.0017333225114271045,7200.629831170267,6531.569228538869,22063.690896332264,21699.78783838697,720.1221446324669
2543,1,Case4,8x8_144,-86.0,-39.0,8x8,2,2,4.5169153963797726e-06,0.9998062252998352,0.0001892552973004058,5092.2717418326865,4981.271852585035,22842.30921174586,23876.473409005703,912.1631790415261
2544,5,Case4,8x8_145,29.0,32.0,8x8,3,3,2.9657707273145206e-05,0.07910112291574478,0.9208692908287048,6818.416907123097,6020.496944710365,27298.378313302994,30786.69850461489,2675.7853149883094
2545,4,Case4,8x8_146,-41.0,-28.0,8x8,2,2,9.007992775877938e-05,0.6173157095909119,0.3825942277908325,6497.607281512817,6054.823057899211,25914.316740572453,29149.97545791865,2308.9437736753825
2546,3,Case4,8x8_147,47.0,23.0,8x8,2,2,1.4571277461072896e-05,0.9839531779289246,0.016032323241233826,6094.534426967528,5877.368266496976,29876.080837726593,31134.763083165813,1505.9546104637232
2547,5,Case4,8x8_148,46.0,-62.0,8x8,2,2,0.01562749780714512,0.9843073487281799,6.514230335596949e-05,6610.444312614568,6574.302609807303,16424.313093185425,15546.616775129729,667.0117326510114
2549,3,Case4,8x8_150,15.0,-47.0,8x8,2,3,4.703352260548854e-06,0.38621577620506287,0.6137795448303223,5730.032278198862,5488.717040816846,34746.12608242035,37596.333949994245,2066.9490379649687
2550,5,Case4,8x8_151,-66.0,-82.0,8x8,2,2,0.0020824354141950607,0.9977942705154419,0.0001233543298440054,4023.532078867632,3752.1565025414393,10338.514646530151,10025.31388766374,262.10449454224056
2551,2,Case4,8x8_152,-23.0,-66.0,8x8,2,2,1.3613528153655352e-06,0.9962027668952942,0.003795914351940155,5343.757771973382,5182.587159187944,32286.7543861866,35049.48973212036,2232.2631760528243
2552,5,Case4,8x8_153,50.0,-62.0,8x8,2,2,0.4447411894798279,0.5551434755325317,0.0001153493722085841,6765.554546962981,6802.264407329416,14653.02237701416,14013.040145510819,535.4960579179774
2554,1,Case4,8x8_155,11.0,-32.0,8x8,3,3,1.2550498240671004e-06,0.00016489643894601613,0.9998338222503662,5747.826899139963,5129.848014543241,36084.32733488083,38838.494157955014,2360.785017886351
2555,3,Case4,8x8_156,70.0,-86.0,8x8,1,1,0.9973050355911255,0.0022395311389118433,0.00045549109927378595,3437.7405388736584,3223.0175496321153,9593.92038822174,7736.11377829196,1209.330768139521
2556,2,Case4,8x8_157,78.0,-26.0,8x8,2,2,5.388331828726223e-06,0.9987271428108215,0.0012674614554271102,4944.276227952215,4810.204935327952,31047.539894774556,32901.242119214425,1495.1651765780089
2558,4,Case4,8x8_159,-9.0,-4.0,8x8,3,3,2.557060952312895e-06,4.925769826513715e-05,0.999948263168335,4612.8769843549635,4663.2839927029545,35896.16551328823,37996.86085178077,1221.4701758732704
2559,4,Case4,8x8_160,47.0,-13.0,8x8,3,2,6.841470622021006e-06,0.8513484597206116,0.14864470064640045,5675.996402923296,5316.049089899965,35612.007378578186,36901.97474363051,1426.6001349686228
2561,3,Case4,8x8_162,-71.0,-11.0,8x8,2,2,1.959721430466743e-06,0.9850481748580933,0.014949921518564224,4599.294178303902,4167.495720994814,36932.742673799396,38648.5158059603,1376.473778572603
2562,4,Case4,8x8_163,-84.0,28.0,8x8,2,2,1.7509910321678035e-06,0.9998364448547363,0.00016181438695639372,4797.410433362092,4722.526122946933,29918.11446774006,30764.677921084065,977.2518803147894
2563,5,Case4,8x8_164,-16.0,-5.0,8x8,3,3,7.711566354373645e-07,5.635850811813725e-06,0.9999936819076538,5056.352614122,4741.12006258351,37481.04876220226,37808.85027966094,538.923659670407
2564,4,Case4,8x8_165,-5.0,10.0,8x8,3,3,2.2532001366926124e-06,5.4607582569587976e-05,0.9999431371688843,5090.954793240228,4564.2915249771395,36292.83956062794,38522.33986974758,1398.3265974134417
2565,2,Case4,8x8_166,-61.0,-3.0,8x8,2,2,3.5350287816982018e-06,0.9747008681297302,0.02529558725655079,4948.3297103265295,4880.83682198808,38608.723622232676,39239.15709814724,1165.2959729011054
2567,5,Case4,8x8_168,-5.0,-1.0,8x8,3,3,8.894911047718779e-07,5.025799964641919e-06,0.999994158744812,4920.81710064781,4730.626143453838,34967.27252852917,37983.571172937256,1550.69953819533
2568,5,Case4,8x8_169,58.0,-70.0,8x8,1,1,0.9900389313697815,0.009916841052472591,4.4251439248910174e-05,6147.733388037361,5236.831610714138,12691.076684951782,10974.036155873695,1239.8898734544512
2569,4,Case4,8x8_170,-35.0,-50.0,8x8,2,2,3.25799519487191e-05,0.999697208404541,0.00027020875131711364,6667.091255857744,6852.285003680223,21439.490132331848,21972.50013707417,622.4235973250408
2570,4,Case4,8x8_171,-6.0,-18.0,8x8,3,3,1.9692256501002703e-06,5.7422072131885216e-05,0.9999405145645142,5183.317029035286,4846.067145648134,37609.14368468523,37786.19579601891,741.6814544017659
2571,2,Case4,8x8_172,-68.0,5.0,8x8,2,2,5.107166089146631e-06,0.9575029611587524,0.04249192774295807,4680.854805367758,4400.313848774596,38014.34830626845,39025.31861740161,1062.3517186877104
2572,5,Case4,8x8_173,82.0,-55.0,8x8,2,2,0.1307538002729416,0.868704617023468,0.0005415983614511788,5396.066274877702,4969.042348152366,14028.51635837555,13507.648768420426,369.1466680490308
2573,5,Case4,8x8_174,-76.0,51.0,8x8,2,2,0.0002442995028104633,0.9997503161430359,5.403108843893278e-06,5716.346537682102,5187.876457595166,15440.200798034668,14129.360609625823,869.2724392427338
2574,5,Case4,8x8_175,-73.0,85.0,8x8,2,2,0.03530914708971977,0.9641934037208557,0.0004974858602508903,3184.584675773478,3080.456849147764,9242.469762802124,8564.461096767118,459.5084393402894
2575,2,Case4,8x8_176,-36.0,30.0,8x8,2,2,8.14290760899894e-05,0.8226175308227539,0.17730101943016052,6826.5865967205,6538.053757167873,25498.137719348073,27394.9371825298,1420.6665466296824
2576,5,Case4,8x8_177,25.0,-81.0,8x8,2,2,1.8995161781276693e-06,0.9995087385177612,0.0004893098957836628,4740.583584099746,4811.505532368277,31586.89203774929,31883.2080999641,535.2268003235081
2577,2,Case4,8x8_178,27.0,63.0,8x8,2,2,1.659240183471411e-06,0.9998825788497925,0.00011577499390114099,5753.656861396799,5550.177962987015,29473.17245912552,29648.325614619713,464.7026966913611
2578,3,Case4,8x8_179,73.0,-44.0,8x8,2,2,7.112338062142953e-05,0.9999117851257324,1.709993193799164e-05,5779.634416145858,6001.412432850751,18944.997714996338,19934.23319650079,926.1281785495783
2580,4,Case4,8x8_181,88.0,45.0,8x8,2,2,1.394270748278359e-05,0.9999289512634277,5.704153227270581e-05,5201.543614533061,4954.284307334934,19103.136747449636,19904.20741934802,789.5669904726558
2583,2,Case4,8x8_184,83.0,43.0,8x8,2,2,5.09631063323468e-05,0.9999059438705444,4.307297422201373e-05,5226.493674878216,5418.356996297501,20211.045112907887,20261.744120757216,319.8742413590509
2584,1,Case4,8x8_185,-18.0,49.0,8x8,2,2,2.8485046641435474e-06,0.9980815649032593,0.0019156155176460743,5804.797852690206,5730.465662725608,33419.45472717285,33108.24403984744,858.8972783698906
2585,5,Case4,8x8_186,-54.0,1.0,8x8,2,2,1.8331952560401987e-06,0.8966983556747437,0.1032998189330101,5219.328430638435,4758.429118080834,38551.14230155945,40606.67709560244,1862.2078866664785
2586,1,Case4,8x8_187,-47.0,-37.0,8x8,2,2,0.00026863714447245,0.9992544054985046,0.0004769030783791095,6935.742758138661,6863.3139692169025,19895.12066936493,21010.480517266864,807.2506608208155
2587,5,Case4,8x8_188,-40.0,56.0,8x8,2,2,1.5919054931146093e-05,0.9999788999557495,5.239698566583684e-06,6776.089686222022,6248.297454899188,19019.169551849365,19867.82084343719,563.8891762023784
2588,1,Case4,8x8_189,34.0,0.0,8x8,3,3,6.267945309446077e-07,0.00026058818912133574,0.9997387528419495,5507.412328101359,5128.179243995624,37547.135993003845,38618.89755054851,1039.6466664020957
2589,4,Case4,8x8_190,-80.0,40.0,8x8,2,2,4.926520432491088e-06,0.9999772310256958,1.788466215657536e-05,5347.303917829418,5172.652280943987,22049.81611788273,23550.532328007026,1195.461056781724
2590,1,Case4,8x8_191,-75.0,6.0,8x8,2,2,1.9750539195229067e-06,0.9038569927215576,0.09614107012748718,4268.111521146384,4315.7376838641185,36645.338681817055,38684.746363722814,1291.1339434320819
2591,3,Case4,8x8_192,89.0,-86.0,8x8,1,1,0.9994392991065979,0.00020507982117123902,0.0003556558513082564,2388.625959708781,2564.5675884528964,8302.60329863429,6959.640706461805,836.1803525742793
2592,3,Case4,8x8_193,48.0,41.0,8x8,2,2,0.0017027222784236073,0.9982591271400452,3.8203568692551926e-05,7161.006423146732,6796.362463749,17745.825231552124,18199.67673200128,540.2442575145723
2593,5,Case4,8x8_194,-11.0,-16.0,8x8,3,3,8.789851335677668e-07,6.576313808182022e-06,0.9999926090240479,5421.383928249801,4857.0995950156885,37346.718326330185,37209.86790017522,491.76561414244753
2594,3,Case4,8x8_195,12.0,71.0,8x8,2,2,4.595148368480295e-07,0.9985211491584778,0.0014783538645133376,4719.397713500662,4525.167459004968,36757.28127115965,39046.88655476205,1829.1465836803832
2596,5,Case4,8x8_197,-80.0,-38.0,8x8,2,2,5.510079517989652e-06,0.9999790191650391,1.548269392515067e-05,5286.694193507215,5107.504244191179,23319.70100042224,21801.277273017895,951.6943519300482
2597,1,Case4,8x8_198,-82.0,-53.0,8x8,2,2,0.0007408222882077098,0.9991697072982788,8.945511217461899e-05,5387.4441692054315,5407.973078623079,14802.022415161133,14525.228191520462,297.8397214777019
2598,2,Case4,8x8_199,-45.0,82.0,8x8,2,2,9.207750736095477e-06,0.9999854564666748,5.295827577356249e-06,5346.55003683039,5529.180281109864,18947.28888221085,20153.72379065251,936.8006332880047
2599,5,Case4,8x8_200,88.0,-42.0,8x8,2,2,8.175212315109093e-06,0.9999372959136963,5.4497755627380684e-05,5128.971330250995,5420.203654000216,20933.190840512514,23294.479009873212,1735.6741180874983
2601,1,Case4,8x8_202,-24.0,-76.0,8x8,2,2,8.33232434160891e-07,0.9979766011238098,0.00202256441116333,4828.2039051447055,4705.098957354619,32072.64054274559,32473.472877209006,767.5829334550301
2602,1,Case4,8x8_203,33.0,58.0,8x8,2,2,2.2925762095837854e-05,0.9999152421951294,6.184910307638347e-05,6244.372750498665,6294.15886066639,24287.292871952057,24033.797972673667,488.6021535144444
2603,3,Case4,8x8_204,27.0,-22.0,8x8,3,3,3.845793344225967e-06,0.00015166150114964694,0.9998445510864258,6226.403684229021,5554.247819349003,32660.257042054087,34075.93468492778,1132.3877110262156
2605,4,Case4,8x8_206,4.0,90.0,8x8,2,2,1.1139525213366142e-06,0.9989932179450989,0.001005701720714569,3933.435720827932,4203.914363574542,35216.689435720444,37583.66539196295,1668.0083110145663
2606,3,Case4,8x8_207,19.0,-83.0,8x8,2,2,9.537250207358738e-07,0.997492790222168,0.002506279619410634,4493.641383878025,4436.508478813551,34004.47443044186,35493.4630279946,1527.2717270420994
2607,4,Case4,8x8_208,-87.0,47.0,8x8,2,2,1.2070688171661459e-05,0.9999688863754272,1.898399023048114e-05,5243.310154702068,4982.637622983584,17940.525859355927,20914.642160229654,2106.8452168191484
2608,4,Case4,8x8_209,58.0,-69.0,8x8,1,1,0.9811253547668457,0.018852565437555313,2.20647834794363e-05,6242.166811589561,5309.227261589539,12668.854997634888,10609.109176333228,1421.6556704130858
2609,2,Case4,8x8_210,-10.0,23.0,8x8,3,3,1.1123404419777216e-06,8.94327022251673e-05,0.999909520149231,5577.351555250903,4949.877606999127,37212.07727050781,38058.06950396273,906.9208812540076
2610,4,Case4,8x8_211,55.0,-59.0,8x8,1,1,0.9345529675483704,0.06543036550283432,1.6677682651788928e-05,7212.237586505177,6850.519720547815,13317.006591796875,12088.57073157753,920.9300328442695
2611,3,Case4,8x8_212,-63.0,54.0,8x8,2,2,0.2792365252971649,0.7207257151603699,3.778772952500731e-05,6775.949680996342,5962.422009362622,13461.585933685303,11906.896438201398,1096.590866167663
2612,5,Case4,8x8_213,67.0,-42.0,8x8,2,2,1.7959782780962996e-05,0.9999667406082153,1.532104033685755e-05,6103.323487775923,5967.692834871765,19481.315861701965,21414.838921794235,1410.7187551433594
2613,1,Case4,8x8_214,63.0,-14.0,8x8,2,2,1.5211091977107571e-06,0.9588404297828674,0.041158124804496765,5204.1017927191015,4811.876264062619,36450.09357562661,36519.9914353615,933.757484314458
2614,1,Case4,8x8_215,9.0,13.0,8x8,3,3,1.996891569433501e-06,5.3509844292420894e-05,0.9999444484710693,5128.430687855934,4986.34442073848,37176.81573855877,38366.62180771355,903.732355832043
2615,1,Case4,8x8_216,-10.0,59.0,8x8,2,2,1.095787411031779e-06,0.9982979893684387,0.0017009383300319314,5190.278468825795,4717.80477636797,37524.65800189972,35500.00123813468,1543.8912034523912
2616,3,Case4,8x8_217,21.0,56.0,8x8,2,2,2.4518906229786808e-06,0.9948229789733887,0.005174602381885052,5728.5584674049005,5495.753901817639,32457.191237449646,34377.18847172371,1829.524425990864
2617,1,Case4,8x8_218,5.0,-15.0,8x8,3,3,2.4242294784926344e-06,7.518368511227891e-05,0.9999223947525024,5131.379349583795,4785.423262076707,37439.65592825413,39246.1459020458,1359.6790022010966
2619,1,Case4,8x8_220,14.0,-23.0,8x8,3,3,2.5359629489685176e-06,6.127837696112692e-05,0.9999362230300903,5663.074141097864,4979.349757251725,36468.60534763336,38395.43773166129,1738.7940499329861
2620,1,Case4,8x8_221,74.0,-56.0,8x8,1,1,0.6489824056625366,0.3508792817592621,0.00013826352369505912,5848.450496615078,5102.420575942528,13381.223178863525,11473.921287188507,1290.4314311744415
2622,3,Case4,8x8_223,-78.0,-48.0,8x8,2,2,0.00026045198319479823,0.9997155070304871,2.3973863790160976e-05,5552.409673831452,5215.7009869595995,17002.470581531525,15153.832468544128,1178.3264801064988
2623,2,Case4,8x8_224,-4.0,-43.0,8x8,3,3,1.7431239029974677e-06,0.024173719808459282,0.9758244752883911,5449.875206149635,5422.296814368252,37590.511200904846,38280.318701615426,973.7529511970793
2624,4,Case4,8x8_225,2.0,-73.0,8x8,2,2,1.080039396583743e-06,0.9513344168663025,0.04866446182131767,4350.04428528579,4267.238020026418,37087.68264877796,39889.77901911033,2056.0762321449038
2625,1,Case4,8x8_226,-42.0,80.0,8x8,2,2,6.053874130884651e-06,0.9999802112579346,1.3782869245915208e-05,5402.61428433205,5130.832403457877,20721.01615357399,21854.21544745512,949.3323352166045
2626,2,Case4,8x8_227,-42.0,-6.0,8x8,3,3,2.500899199731066e-06,0.02097577415406704,0.9790217876434326,5609.594139622134,5409.59427328069,37212.33675956726,37931.9191708836,924.3601251341084
2628,4,Case4,8x8_229,42.0,86.0,8x8,2,2,5.395909283834044e-06,0.9999809265136719,1.364206491416553e-05,5174.879164897978,5287.031884778287,20918.56074231863,21697.66199917508,730.5861749510304
2629,5,Case4,8x8_230,-44.0,-30.0,8x8,2,2,1.0214622307103127e-05,0.9947735667228699,0.00521626602858305,6609.274191783107,6454.436939790762,24499.39865154028,26067.429553712373,1206.0266218410754
2631,1,Case4,8x8_232,-8.0,-27.0,8x8,3,3,1.8353223367739702e-06,0.000115902119432576,0.9998823404312134,5473.562249097838,5150.822878523747,37138.79301071167,38031.471613778594,969.5348138848913
2633,3,Case4,8x8_234,-49.0,-40.0,8x8,2,2,0.004545037634670734,0.995283305644989,0.00017163461598102003,7073.029794926691,6914.535874122494,18243.015209197998,18059.030385949496,376.79334869435695
2635,2,Case4,8x8_236,16.0,-57.0,8x8,2,2,1.7945383206097176e-06,0.9966901540756226,0.0033080559223890305,5576.126242207978,5098.218115560596,35308.36425971985,36026.13275920063,695.9874140042004
2636,2,Case4,8x8_237,-32.0,66.0,8x8,2,2,2.1605330857710214e-06,0.9999837875366211,1.4109218682278879e-05,5803.6489955198285,5460.626287670548,26398.599876642227,25271.644090055295,794.3905674048946
2637,2,Case4,8x8_238,64.0,-22.0,8x8,2,2,2.4546202439523768e-06,0.9993127584457397,0.0006847903714515269,5469.22873025311,5318.707107700946,32817.53378891945,33394.22439801961,572.844389379717
2640,2,Case4,8x8_241,13.0,6.0,8x8,3,3,1.1686850029946072e-06,3.372695209691301e-05,0.9999650716781616,4912.369171550609,4849.489515935788,37119.77460980415,38254.103779880614,769.6913050152646
2642,5,Case4,8x8_243,-63.0,-63.0,8x8,1,1,0.9368432760238647,0.06312407553195953,3.261029632994905e-05,5845.489505495841,6139.954449805258,11404.1676902771,10965.680776267925,525.2741747339945
2643,5,Case4,8x8_244,85.0,-58.0,8x8,1,1,0.501374363899231,0.49749696254730225,0.0011286394437775016,5269.388426168064,4520.184421158852,13053.426951408386,12280.844961891082,564.7757795275403
2644,5,Case4,8x8_245,-34.0,-14.0,8x8,3,3,6.676631301161251e-07,0.00017073228082153946,0.999828577041626,5722.014366647285,5599.397923702736,34749.44816851616,36061.626924917364,1042.8114307420099
2645,4,Case4,8x8_246,60.0,61.0,8x8,1,2,0.17569634318351746,0.8241065144538879,0.0001971908495761454,6414.926868742866,5579.495870511388,11793.771648406982,10285.3550713868,1190.8057596632816
2646,5,Case4,8x8_247,-83.0,78.0,8x8,2,2,0.28225716948509216,0.7166239619255066,0.0011188292410224676,2875.365408486812,2590.367224132725,8808.048295617104,7171.115905214765,1035.7461158223848
2647,4,Case4,8x8_248,6.0,27.0,8x8,3,3,9.125749329541577e-07,0.00010378727893112227,0.9998952150344849,5337.155050735757,4888.972242837422,37370.73360443115,39493.79010255479,1757.1378641620197
2648,5,Case4,8x8_249,6.0,16.0,8x8,3,3,8.42389567878854e-07,1.044843975250842e-05,0.9999886751174927,5033.920258561974,4651.217934855622,37425.926933050156,37796.42642843312,570.2712575007401
2649,5,Case4,8x8_250,-47.0,64.0,8x8,2,2,0.00020118094107601792,0.9997959733009338,2.8521433250716655e-06,6510.1726382970855,5966.1444729254235,16174.261264801025,15733.35151406883,365.57926210803384
2651,2,Case4,8x8_252,-82.0,-45.0,8x8,2,2,4.591256220010109e-05,0.9999014139175415,5.263123239274137e-05,5345.709180904387,5081.249908794801,18916.02695654705,17115.543980513496,1158.4967838391287
2652,3,Case4,8x8_253,56.0,-34.0,8x8,2,2,2.417588575553964e-06,0.9999897480010986,7.792083124513738e-06,6435.373547005507,6236.589417468309,23251.43856525421,24674.88191682174,1000.0002874766013
2653,3,Case4,8x8_254,-75.0,-17.0,8x8,2,2,1.9788424197031418e-06,0.9917808175086975,0.008217251859605312,4647.53528096619,4126.63163836733,35137.64240026474,37327.236306400795,1769.4272713354264
2654,1,Case4,8x8_255,32.0,-60.0,8x8,2,2,3.974228548031533e-06,0.9998764991760254,0.00011948695464525372,6182.533474493076,5832.9424817329345,25486.385642051697,26512.4316481036,748.4209777705701
2655,4,Case4,8x8_256,-25.0,-11.0,8x8,3,3,1.8185486396760098e-06,9.42617843975313e-05,0.9999039173126221,5465.96567042454,5167.982851749092,36753.837794303894,37364.3085621691,636.0809905406514
2656,2,Case4,8x8_257,65.0,80.0,8x8,2,2,0.00759938545525074,0.9923323392868042,6.831709470134228e-05,4244.860282077907,4678.819449990174,10477.690231323242,11064.379941731508,476.7630654338694
2657,1,Case4,8x8_258,54.0,-18.0,8x8,2,2,1.8103363572663511e-06,0.9747888445854187,0.02520930767059326,5697.6644276066045,5544.24441494225,34025.866788864136,34212.77818797522,1053.1736380454556
2660,1,Case4,8x8_261,-14.0,-28.0,8x8,3,3,1.8946492446048069e-06,0.00012240151409059763,0.9998756647109985,5641.098317175473,5339.56563921887,35527.624478816986,36755.50119792955,1172.4947242430214
2662,5,Case4,8x8_263,-24.0,2.0,8x8,3,3,5.651572223541734e-07,7.176450708357152e-06,0.9999922513961792,5280.665195874081,4801.535229959085,37851.54274082184,38096.43766028963,560.8182472321237
2663,1,Case4,8x8_264,87.0,-65.0,8x8,1,1,0.9883412718772888,0.011456241831183434,0.0002024416025960818,4010.9472648991655,3642.379894484731,10497.50957775116,8597.234440955319,1221.0130774900997
2665,2,Case4,8x8_266,-26.0,-39.0,8x8,3,3,3.474443292361684e-05,0.22794319689273834,0.772022008895874,6448.349927870425,6242.40086831394,27417.101002454758,30879.80332692201,2475.5239569900755
2666,1,Case4,8x8_267,-33.0,-46.0,8x8,2,2,4.659237674786709e-05,0.9934636950492859,0.006489707622677088,6734.943532373052,6738.522069087476,22470.044870972633,24307.205437105793,1313.8389157310144
2667,1,Case4,8x8_268,-59.0,29.0,8x8,2,2,5.057736416347325e-06,0.999969482421875,2.551265606598463e-05,6046.986618471814,5834.024075057234,27558.133433818817,26868.9220089405,710.6083128659069
2668,3,Case4,8x8_269,-60.0,60.0,8x8,1,1,0.9173479676246643,0.0826290026307106,2.30048881348921e-05,6610.134475080261,5853.301063286721,12020.371646881104,10087.164965075846,1449.0921546710724
2671,4,Case4,8x8_272,72.0,69.0,8x8,2,2,0.1635037362575531,0.8358728885650635,0.0006233601015992463,4309.3744405898005,3748.154016568592,10057.052396774292,7621.227127777965,1664.8128494674977
2672,1,Case4,8x8_273,81.0,62.0,8x8,2,2,0.0024921849835664034,0.9974699020385742,3.7925958167761564e-05,4742.611978977223,4480.484158972253,11137.279244422913,11252.285058531543,215.11480780923412
2673,2,Case4,8x8_274,30.0,-25.0,8x8,3,3,3.0021949442016194e-06,0.0013059708289802074,0.9986910223960876,6523.920232007052,6049.724768720633,30172.77317211032,33320.477606360255,2433.5771816300307
2674,3,Case4,8x8_275,80.0,-20.0,8x8,2,2,3.694492306749453e-06,0.9818106889724731,0.0181856919080019,4520.0351556959895,4270.137594466092,33875.49804353714,35917.80118957743,1687.008094432548
2675,2,Case4,8x8_276,-88.0,70.0,8x8,2,2,0.0103071890771389,0.9894666075706482,0.00022623360564466566,3401.7317264621424,2982.6455138859974,9548.030936717987,8971.82313803817,386.8990199833344
2676,1,Case4,8x8_277,57.0,88.0,8x8,2,2,0.00011454600462457165,0.9998534917831421,3.198473496013321e-05,5213.697149798556,4599.755058971753,13411.59644317627,14194.017064341382,588.8313347054957
2677,5,Case4,8x8_278,18.0,78.0,8x8,2,2,3.653646842849412e-07,0.9996030926704407,0.00039655843283981085,4565.811842110341,4373.2408359634,34615.27819728851,36010.10369820872,1348.5845037626991
2678,3,Case4,8x8_279,-88.0,-89.0,8x8,2,2,0.031056134030222893,0.9593459367752075,0.009597919881343842,2344.943979526629,3143.1747611629844,8266.440940499306,7637.567026867837,320.3656432209185
2680,1,Case4,8x8_281,-72.0,-17.0,8x8,2,2,7.359981850640906e-07,0.9936115145683289,0.006387701723724604,4787.612249160009,4556.459317405684,35263.95238664746,36036.70478092377,808.351598226404
2681,4,Case4,8x8_282,25.0,-74.0,8x8,2,2,1.2576444987644209e-06,0.9997695088386536,0.00022924617223907262,5035.503067616418,5053.877623492876,31583.84233444929,31559.3000370248,839.0673307832029
2683,3,Case4,8x8_284,16.0,16.0,8x8,3,3,2.6442221496836282e-06,4.104313120478764e-05,0.9999563694000244,5555.589859873759,4801.983831545519,36863.655093193054,38117.0960944342,1159.391292004216
2684,5,Case4,8x8_285,-21.0,55.0,8x8,2,2,5.240520977167762e-07,0.9997033476829529,0.00029609553166665137,5843.114011190877,5580.218862073463,32439.419779777527,31286.438180932655,913.5226522090182
2685,2,Case4,8x8_286,40.0,-87.0,8x8,2,2,5.404954208643176e-06,0.999981164932251,1.3387907529249787e-05,5145.964977049403,5407.011334838235,22237.160434752703,24428.440813306268,1633.7915520242218
2687,2,Case4,8x8_288,37.0,70.0,8x8,2,2,8.411906492256094e-06,0.9999724626541138,1.916783548949752e-05,5751.779431391062,5597.70671034724,23239.50598409772,22508.960804725924,528.9440610712962
2688,3,Case4,8x8_289,-9.0,44.0,8x8,2,3,2.9908644592069322e-06,0.07542534917593002,0.9245716333389282,5685.163983814196,5264.622219704835,36711.87814903259,37702.334278343216,1075.5543190842125
2691,1,Case4,8x8_292,71.0,-88.0,8x8,1,1,0.9937252402305603,0.005923070013523102,0.0003517421428114176,3297.3904128750733,3213.217656472512,9434.592494010925,8234.211137356038,765.1417666058034
2693,2,Case4,8x8_294,-71.0,-57.0,8x8,2,1,0.5815718173980713,0.4181538224220276,0.00027434981893748045,6039.465721970441,4944.624498290571,12919.866918563843,10468.699913826504,1696.300620193116
2694,2,Case4,8x8_295,-84.0,-9.0,8x8,2,2,9.499470252194442e-06,0.8381835222244263,0.16180691123008728,3975.29723894365,4070.6415836166543,35286.54403823614,37592.24115794374,1587.9194862577817
2695,4,Case4,8x8_296,-48.0,82.0,8x8,2,2,4.3857653508894145e-05,0.9999492168426514,6.8793524405919015e-06,5381.438025484839,5326.078513351688,17240.31763267517,18462.11350026385,986.6272346879003
2696,2,Case4,8x8_297,-13.0,-4.0,8x8,3,3,1.4826971437287284e-06,8.412208990193903e-05,0.9999144077301025,4957.21357458884,4820.72794281977,37098.99595475197,38589.813212317895,1000.5523747861656
2697,5,Case4,8x8_298,-19.0,-23.0,8x8,3,3,1.0204796581092523e-06,1.7192260202136822e-05,0.9999817609786987,5847.20507938656,5285.515521598705,34958.99359154701,35512.8111477574,633.7987367004323
2698,5,Case4,8x8_299,5.0,-32.0,8x8,3,3,4.1289894170404295e-07,4.092562085133977e-05,0.9999587535858154,5586.388062633913,5117.705871795449,37334.86614704132,37938.268042873875,710.8116978485825
