case,test_id,label,case_id,theta1,theta2,pt,n_points,transition_index,transition_x_ratio,transition_load_ratio,post_points,post_fraction,pre_slope,post_slope_full,post_slope_early,post_slope_tail,post_slope_ratio,post_slope_drop,post_r2,post_nrmse,tail_r2,quad_a,abs_quad_a,slope_drift,mean_abs_curvature,max_abs_curvature,data_quality_code
Case3,Test_001,2,0,11.0,49.0,11016.5431411,1001,98,0.098,0.2777265925601691,883,0.8821178821178821,809667.5211031429,200888.41287111523,291042.26066371764,150637.0113089199,0.5175777942536399,0.48242220574636,0.9891660338084037,0.029299288850951344,0.9997821685360193,-0.38586419296699576,0.38586419296699576,0.6787663215656703,1.1026044469429337,9.040559779619002,0
Case3,Test_002,2,0,-15.0,-71.0,11700.1177156,1001,113,0.113,0.29588972683405973,868,0.8671328671328671,745325.7116151128,200651.3471806377,276773.7159301483,154147.11038206783,0.5569427352016736,0.4430572647983264,0.9913542893576271,0.026339650506633245,0.9998163716857646,-0.3486786472260852,0.3486786472260852,0.5977867195745854,0.973487911817831,8.410178036821662,0
Case3,Test_003,2,0,-88.0,11.0,10710.2722324,1001,98,0.098,0.2668873013212661,883,0.8821178821178821,794600.352672466,208769.50405974977,291584.26587501913,154658.90781921404,0.5304089620717224,0.4695910379282776,0.9894666127410906,0.029155328827092177,0.9997654125437399,-0.38713400906046996,0.38713400906046996,0.6425225724739881,0.9979506714427991,8.857724449446664,0
Case3,Test_004,2,0,-25.0,-46.0,12392.9921577,1001,182,0.182,0.40335683095862485,799,0.7982017982017982,482389.03620676184,142796.8317242713,193695.50411038357,116152.59010743325,0.5996659067586824,0.40033409324131763,0.9938533056074832,0.022112250579466752,0.9998891274125655,-0.2898202216454834,0.2898202216454834,0.5294220758335593,0.8998642501781599,6.584720613433888,0
Case3,Test_005,2,0,32.0,27.0,11379.7484883,1001,149,0.149,0.3717949994311036,832,0.8311688311688312,535061.6070171148,144498.06415125527,198244.14732763392,112200.74258814244,0.5659725348799863,0.43402746512001367,0.9919067064311208,0.025493152170395314,0.9998240476752611,-0.33707805849693606,0.33707805849693606,0.5824394711529187,0.9183376439940475,7.334985860385018,0
Case3,Test_006,1,0,-76.0,-52.0,11416.5282671,1001,512,0.512,0.7335349254098726,469,0.46853146853146854,155944.11054061863,55548.03661290936,61099.004698589255,52457.879732777066,0.8585717556539557,0.14142824434604429,0.9995032808568018,0.0064000444028964555,0.9999913153341092,-0.08403041124145949,0.08403041124145949,0.15439780311546697,0.2808187430426231,2.2405473395056674,0
Case3,Test_007,2,0,-66.0,-12.0,11246.0538027,1001,105,0.105,0.2786579352250505,876,0.8751248751248751,773479.2899313307,207014.50794184595,290888.4847146314,157481.04208890896,0.5413794301393596,0.4586205698606404,0.990511827787788,0.02752524617123352,0.9998028648801589,-0.363726764914545,0.363726764914545,0.6287380911519891,1.0323552581256037,8.883161273415112,0
Case3,Test_008,1,0,-43.0,77.0,13800.9876706,1001,395,0.395,0.6629026556974721,586,0.5854145854145855,243675.71475959895,77796.75861109474,80639.60223639708,72087.9158522261,0.893951778691796,0.10604822130820407,0.9994557759605053,0.006825247613988279,0.9999789726460389,-0.08957451852294968,0.08957451852294968,0.11797872238652721,0.8088321698981826,43.036899159357375,0
Case3,Test_009,1,0,75.0,40.0,13748.8356,1001,347,0.347,0.5597620064767611,634,0.6333666333666333,276457.3570721918,106611.36300263743,135118.578574711,92580.30650842903,0.6851782152018324,0.3148217847981676,0.9966498654283587,0.01641526173681151,0.9999584610620049,-0.21413893934420225,0.21413893934420225,0.3909802985988861,0.6068984673752906,2.723224448896133,0
Case3,Test_010,1,0,-63.0,87.0,7961.14295199,1001,468,0.468,0.6919100433608076,513,0.5124875124875125,117298.95278263841,43435.65318909829,48106.95233425631,41136.79366747652,0.8551111985155536,0.1448888014844464,0.9994972484026559,0.006426160077420703,0.9999926599757953,-0.08361237056801213,0.08361237056801213,0.15905612095235577,0.3095881969748027,2.879694313411221,0
Case3,Test_011,2,0,-72.0,-8.0,10880.1311718,1001,96,0.096,0.26363827928819344,885,0.8841158841158842,821254.1997867727,214131.00246634224,303736.57805561164,159831.4835844119,0.526217436857895,0.47378256314210504,0.989393132669701,0.029131934235450133,0.9997750201011079,-0.38547490754407815,0.38547490754407815,0.6562588664994288,1.0461673719061757,8.973064066093116,0
Case3,Test_012,1,0,-84.0,47.0,11807.1005286,1001,394,0.394,0.6452454671363672,587,0.5864135864135864,211010.64162302905,70256.49373896232,77842.8522147614,64946.305931723255,0.8343258768646126,0.1656741231353874,0.999213899124151,0.008063290138756103,0.9999815241235539,-0.10718711534395546,0.10718711534395546,0.18252345865171835,0.31055404767628375,2.859100303469063,0
Case3,Test_013,1,0,57.0,48.0,15150.7104033,1001,754,0.754,0.8523184529934446,227,0.22677322677322678,138368.65221336196,69228.96425965818,80841.86658333587,61576.391171264244,0.7616893792004196,0.2383106207995804,0.9980610628988531,0.012674771709040368,0.9999719415082186,-0.16722442191450737,0.16722442191450737,0.2754611997489037,0.35128384841313276,0.6690981670317342,0
Case3,Test_014,1,0,54.0,51.0,14087.4922414,1001,762,0.762,0.888399307363726,219,0.21878121878121878,125280.56407483129,48524.87582263883,50725.119391024644,47302.593670173985,0.932527990827041,0.06747200917295908,0.9999035781900218,0.002837942594885806,0.9999980721340087,-0.037038530829366555,0.037038530829366555,0.0701853280543536,0.1310794070308518,1.045673082445063,0
Case3,Test_015,2,0,17.0,33.0,10147.0146016,1001,89,0.089,0.277757305736626,892,0.8911088911088911,812226.6260068895,183323.5215527451,273542.21155481215,130698.89384813089,0.47780155430212845,0.5221984456978715,0.9858570943159995,0.03354539804837435,0.9996904067083049,-0.4428794999683557,0.4428794999683557,0.7562505721727723,1.1139182921302804,7.339172464351805,0
Case3,Test_016,1,0,52.0,44.0,15389.4510576,1001,675,0.675,0.8157766635456825,306,0.30569430569430567,158415.7595468113,69408.23972590966,81318.22582886342,62721.76976331104,0.7713125701403131,0.2286874298596869,0.998299685596778,0.011820936978013981,0.9999820919098864,-0.15511261666135667,0.15511261666135667,0.2647336559982991,0.35761693988064036,0.9513901938838387,0
Case3,Test_017,2,0,-41.0,73.0,14066.9083979,1001,378,0.378,0.5915859140455423,603,0.6023976023976024,259842.63253493625,100477.81136154101,126924.81870429756,87680.84086593032,0.69080926615467,0.3091907338453301,0.9967730809754286,0.016113642657400423,0.9999633573636747,-0.20991347474939,0.20991347474939,0.38274779333332404,0.585471961135988,2.4774818387589335,0
Case3,Test_018,2,0,88.0,18.0,11268.6646619,1001,117,0.117,0.29517292341888685,864,0.8631368631368631,696898.1719296712,195160.89060327937,264898.2203749685,150247.20824483148,0.5671884395151983,0.43281156048480174,0.9918547281360521,0.02563715898447996,0.9998159501920659,-0.34022647928329997,0.34022647928329997,0.57626242447685,0.9340409785578208,8.241999933133911,0
Case3,Test_019,2,0,-28.0,-86.0,12696.7037594,1001,175,0.175,0.38209649726596717,806,0.8051948051948052,516888.62729616906,160326.5628798649,207746.30113157886,131072.59589953462,0.6309262556569807,0.3690737443430193,0.9948510997062163,0.020399943833634693,0.9998871489186607,-0.27007953988856165,0.27007953988856165,0.47004160467331685,0.7760060811494482,5.776206656801492,0
Case3,Test_020,2,0,-15.0,-39.0,10465.3629268,1001,95,0.095,0.2814116657623996,886,0.8851148851148851,784896.262258919,186613.26175197,275775.84184141003,136618.5706601535,0.4953971665825555,0.5046028334174445,0.9874203140316036,0.03156555749257108,0.999744364949895,-0.4158254097930222,0.4158254097930222,0.7232012555913512,1.1302808530433592,9.0000203369259,0
Case3,Test_021,2,0,-2.0,-69.0,10946.161437,1001,91,0.091,0.2597786247813854,890,0.8891108891108891,870312.901467958,218085.15393202077,312531.59182019136,161449.87037981572,0.5165873614232976,0.48341263857670236,0.9887258135150306,0.030013334068033623,0.9997617964095352,-0.39690496940157827,0.39690496940157827,0.6757230040164504,1.0633370247685026,9.012639703862533,0
Case3,Test_022,2,0,-19.0,-70.0,12126.1621855,1001,130,0.13,0.32070359018477274,851,0.8501498501498501,672173.6112344642,188781.3654635045,255526.18521706015,148213.4903927096,0.5800324936045503,0.41996750639544966,0.9926235718821201,0.02434312853188571,0.9998429776636655,-0.32213205964588826,0.32213205964588826,0.5567149008593059,0.9220207987016042,7.733321401986245,0
Case3,Test_023,2,0,-49.0,30.0,13141.5343455,1001,258,0.258,0.4851232919030744,723,0.7222777222777222,358822.9439653926,120182.07113119014,157350.93391574826,101867.11373888716,0.6473880466030836,0.3526119533969164,0.9956395699387091,0.018658523135567786,0.9999342849732089,-0.24336409402996972,0.24336409402996972,0.45098727040559544,0.7489374794803324,4.464900963701211,0
Case3,Test_024,2,0,59.0,-11.0,11242.0417724,1001,104,0.104,0.27825920909357316,877,0.8761238761238761,783359.2490623352,206623.68291220692,292830.7009412847,156960.87610108845,0.5360123634460056,0.4639876365539945,0.9902703432413863,0.027832872034635636,0.9998012579036327,-0.3672807139343234,0.3672807139343234,0.6405319313498026,1.0515481318766355,8.739681858552444,0
Case3,Test_025,2,0,-11.0,53.0,11303.2786439,1001,102,0.102,0.2821898810872847,879,0.8781218781218781,800452.0147041574,202899.2599531248,290354.6907051,153420.6150054163,0.5283903443503815,0.47160965564961854,0.9898608079448978,0.028379643006882154,0.9997950783488389,-0.3741049598196623,0.3741049598196623,0.6564305699197481,1.0722123548667368,8.7940632406237,0
Case3,Test_026,1,0,-56.0,40.0,14645.6488478,1001,492,0.492,0.6879750025379074,489,0.4885114885114885,207429.86247270208,84661.12428882577,103293.45106859726,75158.333129441,0.7276195378497742,0.2723804621502258,0.9975503103223508,0.014104694686184586,0.9999743659505014,-0.18439013244045346,0.18439013244045346,0.3269475129413469,0.472095207654925,1.6704582231796508,0
Case3,Test_027,2,0,62.0,-28.0,13035.0377729,1001,205,0.205,0.4173152769436076,776,0.7752247752247752,450909.7363284685,146631.59356295425,191621.1809566038,121906.75261640515,0.6361862086843793,0.36381379131562075,0.9951902232877448,0.01964145229028479,0.9999103051230909,-0.2582622769840359,0.2582622769840359,0.4656379476898344,0.7855748138259898,5.373711711186274,0
Case3,Test_028,2,0,-60.0,15.0,11649.3161919,1001,117,0.117,0.299018398039018,864,0.8631368631368631,718662.8248304358,196947.54245163177,274170.72406311013,152243.19045504322,0.5552860940032351,0.4447139059967648,0.9914411339417326,0.026134616871617777,0.9998260549175118,-0.3449639438590494,0.3449639438590494,0.6040008533137561,0.9998665936811143,8.130257937211468,0
Case3,Test_029,2,0,-86.0,4.0,10320.7757557,1001,89,0.089,0.2518332516140689,892,0.8911088911088911,849057.2868093615,214772.6832080584,306100.0061470452,155171.40425000028,0.5069304186013593,0.49306958139864066,0.9876193605980412,0.031597811248704366,0.9997327517233564,-0.4194796765714726,0.4194796765714726,0.6874941785659068,1.0425078048778373,9.278099146424779,0
Case3,Test_030,2,0,-45.0,-21.0,11546.7100145,1001,142,0.142,0.34425408987140366,839,0.8381618381618382,581612.1365942258,162754.4709472957,227080.38683985872,127796.053132655,0.5627789123980097,0.43722108760199035,0.9919963411853603,0.02521334298675933,0.9998478279167364,-0.33143864988152366,0.33143864988152366,0.5938749526512507,0.990806066543873,7.630579980032962,0
Case3,Test_031,1,0,39.0,-42.0,15017.7750069,1001,466,0.466,0.6941493504047734,515,0.5144855144855145,223244.4636645538,79371.92267452266,98298.42552185393,71376.05086871002,0.7261159117227318,0.2738840882772681,0.9976713830218434,0.013678847916358493,0.9999807441006343,-0.17595309323994593,0.17595309323994593,0.3325300559566586,0.5414498851179947,2.8637456615624615,0
Case3,Test_032,2,0,-68.0,32.0,13277.3287505,1001,238,0.238,0.4537925070196182,743,0.7422577422577422,392953.9229775674,134666.2501547121,173768.9739336757,113749.21830140025,0.654600276024051,0.3453997239759489,0.9958049482016289,0.018354700958736092,0.9999286393918216,-0.24090537807993914,0.24090537807993914,0.4367148035695229,0.7261292633128019,4.583688775468204,0
Case3,Test_033,2,0,30.0,-72.0,13215.3548123,1001,207,0.207,0.4222923026698353,774,0.7732267732267732,452271.0907841687,146488.09327362553,189250.20998280201,122270.18479007107,0.6460768778073339,0.35392312219266603,0.9955002860583075,0.019029046086433826,0.9999140082382678,-0.2507086422734117,0.2507086422734117,0.44852919219318144,0.7571047307047815,5.447325695648374,0
Case3,Test_034,1,0,65.0,-56.0,12354.3019315,1001,735,0.735,0.8727192551108829,246,0.24575424575424576,115413.9375960239,43638.667504841134,50033.88078007766,41296.72863194656,0.8253752854683613,0.17462471453163872,0.999220380986026,0.007982101976427876,0.999996436496525,-0.10083706466336025,0.10083706466336025,0.19735386510536734,0.32932885605573975,1.7677577329509973,0
Case3,Test_035,1,0,62.0,45.0,14991.9020856,1001,610,0.61,0.7650622199491957,371,0.3706293706293706,171004.8144301419,76628.68788955793,90494.1550999127,68570.83598754015,0.757737733578843,0.242262266421157,0.9980389898798823,0.012688126008607782,0.9999771211674681,-0.16699173666057424,0.16699173666057424,0.2827131891855475,0.3781346887454267,0.9403532316465544,0
Case3,Test_036,1,0,-51.0,58.0,13740.0927033,1001,731,0.731,0.8693990161853027,250,0.24975024975024976,126960.02390484042,50271.92940605573,48998.496274220146,49435.31510981448,1.0089149436984695,-0.008914943698469392,0.9999822182919443,0.0012293776159018166,0.9999970037509,-0.004988172533798803,0.004988172533798803,0.03412066526481605,0.1147677776944345,1.3526519900799059,0
Case3,Test_037,1,0,82.0,-75.0,6153.88558573,1001,427,0.427,0.6535824076757201,554,0.5534465534465535,98901.16068223491,37300.99598571325,40505.75928021533,35518.764591939376,0.8768818366352212,0.12311816336477875,0.9996375567962744,0.005469324055508567,0.999993247118668,-0.07181361900649569,0.07181361900649569,0.13283388408678867,0.2606387379407025,2.7857145230067886,0
Case3,Test_038,1,0,-37.0,59.0,14336.8383295,1001,377,0.377,0.5976741216932252,604,0.6033966033966034,266023.88158576173,99817.11223502294,124806.39793423448,87479.46917695312,0.700921351989099,0.29907864801090106,0.9970519293742671,0.015417639369779041,0.9999639082462347,-0.2011407232123441,0.2011407232123441,0.36690054661314964,0.5725411612819599,2.7101159264869352,0
Case3,Test_039,2,0,-35.0,-29.0,12075.4754961,1001,193,0.193,0.4264181760938977,788,0.7872127872127872,439379.2431581648,128740.42700860128,172764.649583008,103930.28971754512,0.6015715018575596,0.3984284981424404,0.99373411230434,0.022407247938723455,0.9998783372685894,-0.2951374872751419,0.2951374872751419,0.5228953313540409,0.8496429568095837,6.358374476685981,0
Case3,Test_040,2,0,84.0,24.0,11962.4358869,1001,146,0.146,0.337588871589657,835,0.8341658341658341,586745.8851531777,176372.93833769538,233486.16453583713,140906.3064758941,0.603488890898573,0.39651110910142695,0.9937257592474811,0.022490890175320556,0.9998608354671075,-0.29790660205019276,0.29790660205019276,0.5155570070750845,0.8620489603264134,7.163000296818723,0
Case3,Test_041,2,0,12.0,88.0,10994.1085219,1001,100,0.1,0.27455960330571305,881,0.8801198801198801,797319.4860149293,206794.19457421527,286677.6581048314,153884.41174364722,0.5367855059265736,0.4632144940734264,0.9898259039774062,0.02868753666915094,0.999769915318681,-0.3811114825628183,0.3811114825628183,0.6297522704317581,0.9525547247045697,7.717364645382077,0
Case3,Test_042,2,0,-80.0,36.0,13227.6951324,1001,263,0.263,0.47793709540273005,718,0.7172827172827173,353092.04187100305,126042.56906461004,161510.1684323739,107449.69983505881,0.6652813310639892,0.3347186689360107,0.9961362130421292,0.017620928792176502,0.9999378839052933,-0.2309315411287752,0.2309315411287752,0.4203523623117577,0.6879380303575335,3.9365745822653935,0
Case3,Test_043,1,0,90.0,52.0,10254.8851689,1001,418,0.418,0.6580325721995126,563,0.5624375624375625,171635.2939251988,59611.94778681188,67512.4787414054,55448.77299094695,0.8213114675189702,0.17868853248102978,0.9991761830487463,0.008213564021433667,0.999986437376483,-0.10749656223297675,0.10749656223297675,0.20034185540390015,0.38078589954027137,3.340825582836146,0
Case3,Test_044,2,0,-83.0,8.0,10548.5869583,1001,93,0.093,0.25880484850606555,888,0.8871128871128872,824346.779758214,212773.91802210078,300753.0647552609,156229.08790216455,0.5194596704419177,0.4805403295580823,0.9887065897168165,0.03015545561605938,0.9997547170784069,-0.4001251913783719,0.4001251913783719,0.6644726172734429,1.0301916393425208,9.205418535265835,0
Case3,Test_045,2,0,77.0,-20.0,11758.3743013,1001,129,0.129,0.3143995373792961,852,0.8511488511488512,654461.8503041487,188613.07444948584,254718.71106394834,147861.94511447757,0.5804911013284616,0.4195088986715384,0.9926360646798383,0.02433704747684265,0.999840845662675,-0.3222921950028062,0.3222921950028062,0.5551532748593254,0.9194831534962502,7.785711221024826,0
Case3,Test_046,1,0,56.0,-82.0,9755.35869186,1001,474,0.474,0.7036253742140864,507,0.5064935064935064,142823.6014934667,50859.814439810674,56940.546299767,47925.846438136025,0.8416822379228234,0.15831776207717663,0.99939252385458,0.007055484688704189,0.9999913266101729,-0.09163495538867583,0.09163495538867583,0.17549133438433281,0.3426663799475312,3.038025154182037,0
Case3,Test_047,2,0,-33.0,64.0,13728.3061273,1001,267,0.267,0.49102054299001946,714,0.7132867132867133,361850.7982114559,124684.69232407094,159466.62347758954,106524.16601041923,0.6680028941942793,0.33199710580572067,0.9962341519657512,0.01739485625405971,0.9999394533396732,-0.2278977814729399,0.2278977814729399,0.41615090801928545,0.6921210891892212,4.273006010020481,0
Case3,Test_048,3,0,-23.0,-2.0,7396.39157645,1001,40,0.04,0.1801289735630817,941,0.9400599400599401,1329753.8528251853,215865.98779585137,382292.6027158017,124894.65335523196,0.3266991107543854,0.6733008892456145,0.969258226344114,0.04886988687539274,0.9986896751120117,-0.6419069778994931,0.6419069778994931,1.1346184218765838,1.6532430078807419,8.749616620915958,0
Case3,Test_049,2,0,4.0,78.0,10746.0495732,1001,90,0.09,0.2586495075474595,891,0.8901098901098901,864015.0403708346,215996.29490079408,307780.84926651674,158007.57849336797,0.5133769007068547,0.48662309929314534,0.9882599629796309,0.03072143942925299,0.9997473736491014,-0.40728936492205825,0.40728936492205825,0.6775621047694149,1.0337761695390706,8.875647710348403,0
Case3,Test_050,2,0,-13.0,60.0,11613.9478453,1001,109,0.109,0.2911079065221663,872,0.8711288711288712,767328.6183874465,201840.03714645343,282937.2437342701,154652.7447787271,0.546597339882106,0.45340266011789404,0.9909013482635091,0.026939246750091652,0.99981298095201,-0.35568620295323083,0.35568620295323083,0.619863379405551,1.0275276750970217,8.860938571135193,0
Case3,Test_051,2,0,-54.0,22.0,12202.1882605,1001,155,0.155,0.35686740391551436,826,0.8251748251748252,561903.8493269656,165843.37113074513,225171.51497084182,133117.45606356108,0.5911824862962746,0.4088175137037254,0.9934068665763733,0.022928435283770813,0.9998710032720606,-0.30163045742204514,0.30163045742204514,0.5418904762865007,0.9255701938954383,7.098594414476793,0
Case3,Test_052,3,0,14.0,-3.0,6306.63837996,1001,29,0.029,0.15707362831143312,952,0.951048951048951,1554799.7745563665,212585.46562373213,404690.8262208896,103532.70945983953,0.2558316194776528,0.7441683805223472,0.9587169986737248,0.056583282230452406,0.9963667963147581,-0.7442478328131777,0.7442478328131777,1.3400648342059094,1.9894775305841954,9.461616366467979,0
Case3,Test_053,2,0,-67.0,23.0,12333.052393,1001,153,0.153,0.34913912013670373,828,0.8271728271728271,576120.2287395777,173577.4546578172,232099.63518079405,139568.6946449042,0.6013309522705071,0.3986690477294928,0.9937495495734268,0.02238620271451034,0.9998736111561094,-0.29548191459983586,0.29548191459983586,0.521838938902776,0.884594678790725,7.0329648707805745,0
Case3,Test_054,2,0,-36.0,-80.0,13387.5401103,1001,263,0.263,0.48244778696957885,718,0.7172827172827173,358397.67319009017,125188.392633331,160067.8799119125,106768.13438544601,0.6670178579500269,0.33298214204997306,0.9961887043028547,0.01750600366520922,0.9999375253768296,-0.22953782081075663,0.22953782081075663,0.4174037063100229,0.6853514065345964,4.018245484541239,0
Case3,Test_055,1,0,69.0,-62.0,10398.0207424,1001,682,0.682,0.8392386046756933,299,0.2987012987012987,104937.86904559379,40677.795595276046,45380.163340451385,38685.55836694303,0.852477283449069,0.14752271655093097,0.9994546879145846,0.006696699781457323,0.9999962822137262,-0.08600464967966295,0.08600464967966295,0.1628304006121107,0.26493874243206883,1.4218276598778345,0
Case3,Test_056,1,0,88.0,-61.0,8280.19797932,1001,468,0.468,0.6880735360703405,513,0.5124875124875125,122753.32528981668,45923.52047776702,52073.15494848797,43128.90572343657,0.8282368480669307,0.1717631519330694,0.9992652624996362,0.007748647771782667,0.9999914773032317,-0.10020215081112686,0.10020215081112686,0.19254654744037328,0.35641588939761853,2.7522465195313544,0
Case3,Test_057,1,0,-85.0,56.0,9493.64421018,1001,461,0.461,0.6879466657222524,520,0.5194805194805194,143688.73611020637,51911.82169043692,58817.483206879646,48621.206491700505,0.8266454775136226,0.17335452248637737,0.9992420613371055,0.007872888479192222,0.9999899694688552,-0.10219804119423848,0.10219804119423848,0.19440427926195222,0.3607832156689116,2.808405819641962,0
Case3,Test_058,1,0,46.0,41.0,15249.0629269,1001,570,0.57,0.7578966265163407,411,0.41058941058941056,186486.11825992222,73090.9516562147,88082.96694350385,66039.5047688229,0.7497420563862299,0.25025794361377,0.9980081233500873,0.012718763468208076,0.9999840885474972,-0.16515570853375347,0.16515570853375347,0.2966904047146923,0.43587126110079366,1.6456084148337595,0
Case3,Test_059,2,0,34.0,-32.0,12712.5665375,1001,224,0.224,0.468535654491253,757,0.7562437562437563,394461.32410716015,119225.52764759959,155833.1906918022,98615.31176779544,0.6328261093160253,0.3671738906839747,0.9949678796674537,0.020120953063340163,0.9999034221926164,-0.2649395731249507,0.2649395731249507,0.47036081796045903,0.7535506944622659,5.307257501297499,0
Case3,Test_060,3,0,11.0,-2.0,6059.58282942,1001,28,0.028,0.1536482434139872,953,0.952047952047952,1612704.7650283424,209274.43817308027,406916.04504413134,93690.6261712323,0.23024559319372934,0.7697544068062706,0.9547943294111232,0.059429288828579944,0.9922941751907929,-0.782487597842096,0.782487597842096,1.4156411720465103,2.2224457024177378,21.56829210287931,0
Case3,Test_061,2,0,19.0,-67.0,12225.4857379,1001,132,0.132,0.32434017371174817,849,0.8481518481518482,666398.2630321286,187570.61030957344,254048.5216613697,147759.26913629135,0.581618299409925,0.418381700590075,0.9927572518459623,0.02410758473375674,0.9998488498666648,-0.3187809520490231,0.3187809520490231,0.5546463311375432,0.9242879204653798,7.725117396487235,0
Case3,Test_062,1,0,-45.0,-80.0,12860.836074,1001,399,0.399,0.6569321112431546,582,0.5814185814185814,227609.87520344913,74103.7098120113,80019.9630624005,68644.39493256847,0.8578408725212578,0.14215912747874213,0.9993527047607842,0.007353676803271055,0.9999807777927674,-0.09826229126392522,0.09826229126392522,0.1532267787712757,0.18680652127035396,0.7085346950332223,0
Case3,Test_063,2,0,38.0,69.0,14003.8210263,1001,335,0.335,0.5554656937816101,646,0.6453546453546454,292487.4629167132,108562.75695464961,137025.3242137374,94314.41392734402,0.6882991481211805,0.3117008518788194,0.9967229940109805,0.01624199161267588,0.9999570188201271,-0.21212150682362096,0.21212150682362096,0.38579929009685376,0.6083973255137259,3.008937970905208,0
Case3,Test_064,2,0,-65.0,32.0,13414.8932304,1001,248,0.248,0.4661828719870521,733,0.7322677322677322,380578.7457698433,131289.42692881418,169002.3936557733,111292.64309988177,0.6585270225613747,0.34147297743862526,0.995930792836537,0.018078714223623227,0.9999321934519927,-0.23712961493529974,0.23712961493529974,0.4307199248574044,0.7122675900249421,4.365290772042499,0
Case3,Test_065,2,0,-32.0,-36.0,13023.7883099,1001,244,0.244,0.4935088794067503,737,0.7362637362637363,369896.1090187815,113401.4631325974,147784.0403031556,94926.7956895678,0.6423345544947918,0.35766544550520823,0.9953462754506404,0.019330581969457486,0.9999183693136313,-0.2537423781620337,0.2537423781620337,0.4564396949056068,0.7357617352904756,4.966321235784108,0
Case3,Test_066,2,0,-17.0,82.0,11521.5885181,1001,115,0.115,0.29753722130476457,866,0.8651348651348651,723518.5593941165,196922.324583122,267881.1742492948,151175.6628889428,0.5643385105825173,0.43566148941748273,0.9916420893667413,0.02597242977564874,0.9998117533100652,-0.3446724883448868,0.3446724883448868,0.5813298441182493,0.9306871170670418,8.16637277951213,0
Case3,Test_067,1,0,-61.0,78.0,9145.10917239,1001,538,0.538,0.7470685849497748,443,0.44255744255744256,117180.26072332857,43651.32807766063,48404.28816041662,41483.35084074654,0.8570180952412025,0.14298190475879746,0.9995163612070279,0.006301800656061091,0.9999942904689951,-0.08144993760403006,0.08144993760403006,0.15704706216105044,0.29584189696180596,2.3990000868532775,0
Case3,Test_068,1,0,45.0,-66.0,14878.3557705,1001,557,0.557,0.7302679100451067,424,0.42357642357642356,185930.8811611432,80283.77181540323,97214.79434358948,71305.65737862178,0.7334856578166881,0.26651434218331194,0.9975979411068397,0.013993298880028739,0.9999764213178319,-0.18332855301096,0.18332855301096,0.31787766443132104,0.4361893310314678,1.2227199698834283,0
Case3,Test_069,2,0,33.0,-41.0,13575.4208724,1001,308,0.308,0.551205457244834,673,0.6723276723276723,308811.07286630437,102105.86723275475,132387.9127962285,87777.54567062197,0.6630329296431252,0.33696707035687484,0.996092425486923,0.017668377626078216,0.9999496011465296,-0.229692240727799,0.229692240727799,0.426874822759278,0.7019471015257309,4.1628574876832545,0
Case3,Test_070,1,0,48.0,85.0,11487.9728116,1001,392,0.392,0.646757368653758,589,0.5884115884115884,205911.72548323552,67701.85265420558,74854.42839280835,62794.1700909095,0.8388838367903757,0.1611161632096243,0.9992769410070897,0.007730711262086719,0.9999829408424473,-0.10268754573549514,0.10268754573549514,0.1771022088950993,0.31644029492454356,3.1741175791366913,0
Case3,Test_071,1,0,82.0,86.0,5101.55234728,1001,353,0.353,0.591715953320425,628,0.6273726273726273,98266.8809389044,35870.159263659734,38092.56783732315,34295.89627927982,0.9003303853324547,0.09966961466754537,0.9997489924932739,0.004565569589305119,0.9999931139345964,-0.06070480565573259,0.06070480565573259,0.10547136934790709,0.1961059807516405,2.4840853680893815,0
Case3,Test_072,2,0,-21.0,38.0,11165.2966163,1001,127,0.127,0.3333665744083214,854,0.8531468531468531,627253.1065555437,162341.40970137052,229726.8508554838,124004.00401994871,0.5397888995481723,0.46021110045182767,0.9905001476967606,0.027510850428820115,0.9998106587455018,-0.3627195084871072,0.3627195084871072,0.6342334089060757,1.0097292629474133,7.937925558173561,0
Case3,Test_073,1,0,81.0,-73.0,6539.6675405,1001,451,0.451,0.6731529261705188,530,0.5294705294705294,99529.25752011238,37839.29127010845,41359.30502593522,35992.86841050228,0.8702483851682759,0.12975161483172418,0.9995969446073718,0.00576243641301077,0.9999932908185956,-0.07533609960272215,0.07533609960272215,0.14088984287729983,0.2763222386633505,2.7717119131745562,0
Case3,Test_074,2,0,78.0,-23.0,11993.2061312,1001,143,0.143,0.3341043738926688,838,0.8371628371628371,599996.6935463026,178766.61634771162,238538.98296610074,142345.6362593027,0.5967395118789943,0.4032604881210057,0.9934600536575364,0.022937955503994845,0.99986005018821,-0.3035664605280233,0.3035664605280233,0.527548528185032,0.8859058293085743,7.407554380476199,0
Case3,Test_075,2,0,26.0,-58.0,12987.5507827,1001,189,0.189,0.40435006402284696,792,0.7912087912087912,487924.60120995954,150809.97005382268,198995.90610711797,124400.76163566882,0.6251423160871704,0.37485768391282964,0.994837468040845,0.020325451197466524,0.9999008917354326,-0.2672106234401373,0.2672106234401373,0.48395605091422406,0.8383231450726848,6.319524795876532,0
Case3,Test_076,3,0,13.0,14.0,7038.77670317,1001,35,0.035,0.17498065488965084,946,0.945054945054945,1419501.354011357,211936.67964540064,381849.50864112616,114999.70636324439,0.3011649976256081,0.6988350023743919,0.966164139402829,0.05137618717771819,0.997937725772533,-0.676384360416633,0.676384360416633,1.1987294991484594,1.7484346600745522,7.934218319325623,0
Case3,Test_077,2,0,-6.0,51.0,10850.911948,1001,90,0.09,0.2631480993872631,891,0.8901098901098901,868712.258873805,210994.18915878155,308837.44715354784,156325.00057582898,0.5061724283004687,0.49382757169953134,0.9883139750749288,0.03041727818804845,0.9997616794283273,-0.40063721529961,0.40063721529961,0.7014470297158751,1.1287017720308934,9.210236018267551,0
Case3,Test_078,2,0,73.0,-45.0,14002.8855815,514,471,0.9181286549707602,0.9804607119895514,33,0.06420233463035019,204872.51247993487,110463.31776586326,119749.56348339307,0.0,0.0,0.0,0.9913838528628705,0.02132495420264774,0.0,-0.30635739005601864,0.30635739005601864,0.0,50782.8369516956,303492.10406891326,1
Case3,Test_079,3,0,0.0,1.0,5357.99959509,1006,23,0.022885572139303482,0.14318438643504597,963,0.9572564612326043,1696895.8267119394,199869.74286375457,408627.6751599927,62032.088321330484,0.15180589101568476,0.8481941089843152,0.9433432855759687,0.06739739956715458,0.9383287713351923,-0.8635152697737635,0.8635152697737635,1.650268253664012,6.781010770974213,961.9839939587989,0
Case3,Test_080,1,0,-42.0,-56.0,15077.2102818,1001,567,0.567,0.7446991565684807,414,0.41358641358641357,185407.20226236334,77303.19785857285,92591.26484638678,69213.18419391688,0.7475131083773915,0.2524868916226085,0.9979196000529311,0.013031068259366464,0.9999785871051642,-0.17067374199925453,0.17067374199925453,0.29811852445351467,0.41798330455598154,1.3254267502156836,0
Case3,Test_081,2,0,-80.0,12.0,10902.2638604,1001,101,0.101,0.2714069257737887,880,0.8791208791208791,781869.4580007822,208078.5287964152,290200.6681650163,156120.8587661029,0.5379755317356064,0.4620244682643936,0.9900626196390577,0.028271027303951982,0.9997822219806807,-0.3748686694391565,0.3748686694391565,0.631004061873948,1.0026753775709762,8.849868074714095,0
Case3,Test_082,3,0,23.0,-15.0,8380.74445302,1001,53,0.053,0.21336931209095567,928,0.9270729270729271,1115317.6632819043,203628.382995174,336213.7038757418,128467.90231211564,0.3821019215790054,0.6178980784209945,0.9764186364050549,0.04305833715411566,0.9992613799022456,-0.5672349627886325,0.5672349627886325,0.979741764475301,1.4145049057270005,8.130080155809537,0
Case3,Test_083,3,0,9.0,25.0,8284.22162421,1001,47,0.047,0.20469879896058218,934,0.9330669330669331,1199123.6414717282,210645.1115209691,357217.6377932885,129297.61519825854,0.3619575337796711,0.6380424662203289,0.9738098713226484,0.04529329699477218,0.9991309217098515,-0.5957638921121862,0.5957638921121862,1.035193157749688,1.4409702094073882,5.10154946698151,0
Case3,Test_084,2,0,-58.0,-24.0,12524.5140599,1001,169,0.169,0.37477658958104704,812,0.8111888111888111,526533.5352520326,160768.59914381962,215234.17109011445,130540.56295149795,0.6065048235154217,0.39349517648457827,0.9940674874723152,0.02177582789678308,0.99988453565166,-0.28656756317272625,0.28656756317272625,0.5149819519355946,0.880046610271229,6.595673259231148,0
Case3,Test_085,2,0,-27.0,19.0,9417.82771356,1001,76,0.076,0.2558258832669069,905,0.9040959040959041,881463.8993594829,186794.49555709513,286409.9241249643,128094.02415981679,0.44724017350714335,0.5527598264928566,0.983158705395018,0.03657937280154544,0.9995872624856771,-0.4831477987227701,0.4831477987227701,0.8216186793362584,1.2047111297507807,8.27399253541978,0
Case3,Test_086,2,0,-44.0,-26.0,12245.5779794,1001,193,0.193,0.41366346854934105,788,0.7872127872127872,450453.07776074443,137041.43750647435,185347.4485437242,111757.7022392954,0.6029632623344762,0.39703673766552383,0.9939351055696024,0.021976465398317047,0.999893751711474,-0.2880416957231053,0.2880416957231053,0.5237268424618545,0.8713658912949793,5.917822173243167,0
Case3,Test_087,1,0,87.0,-65.0,7509.66837585,1001,467,0.467,0.6853035922701475,514,0.5134865134865135,111207.21276840958,42167.31909888127,47444.060863391795,39748.12998195481,0.8377893725497847,0.1622106274502153,0.9993557899654892,0.007261111269918765,0.999992341393939,-0.09396777241376933,0.09396777241376933,0.18056535831257872,0.3385783619108003,2.766416669557941,0
Case3,Test_088,2,0,-9.0,-87.0,10756.0260455,1001,94,0.094,0.26504670341502057,887,0.8861138861138861,830339.8147954924,210662.44679967398,295674.4174159795,154337.12796883684,0.5219833671024113,0.4780166328975886,0.9887599274153185,0.03014881585957524,0.9997491344108193,-0.4005042460645444,0.4005042460645444,0.6574395726004234,0.9813235735954927,8.268479011038949,0
Case3,Test_089,2,0,2.0,55.0,10907.1079715,1001,89,0.089,0.2598535026722825,892,0.8911088911088911,882332.1266747946,215771.960459546,314499.4176800455,159936.27997378146,0.5085423723629654,0.4914576276370346,0.988445768220491,0.030268343631905472,0.9997625115940376,-0.3989813313000964,0.3989813313000964,0.6956724330119681,1.1208776514596934,9.335507707063243,0
Case3,Test_090,1,0,40.0,61.0,14577.3643965,1001,445,0.445,0.6514913085800587,536,0.5354645354645354,228797.81305881002,90680.03712527826,111586.31342881468,80140.04123315058,0.718188806230928,0.28181119376907204,0.9973623562599363,0.014616550099779375,0.9999710364006988,-0.19095188141177097,0.19095188141177097,0.34088889086533175,0.5056507193495833,1.9851955920942714,0
Case3,Test_091,1,0,50.0,-64.0,14112.5001079,1001,682,0.682,0.8570480465967741,299,0.2987012987012987,142188.4257724199,46891.39055984006,41417.5560058905,47287.04770570211,1.1417150664075117,-0.14171506640751175,0.9996326845824226,0.005559597985615881,0.999998230775786,0.057129905831551246,0.057129905831551246,0.13981507243131538,1.1263675912364772,19.63809327974718,0
Case3,Test_092,3,0,-7.0,20.0,7424.51463188,1001,38,0.038,0.18425613603653868,943,0.942057942057942,1372931.1794165664,211957.3187072901,372161.2767728011,119835.26933501911,0.32199822177678294,0.678001778223217,0.9693334982285795,0.04900915566229567,0.9983561665343376,-0.6456794966634355,0.6456794966634355,1.1369426659913089,1.6299697157196862,6.2340838818078055,0
Case3,Test_093,2,0,85.0,-17.0,11270.3860123,1001,115,0.115,0.29229817566773875,866,0.8651348651348651,710946.4080125564,197444.90881426932,269138.6286196015,151278.4983942902,0.5620839311331488,0.4379160688668512,0.991536040725484,0.026131580287211544,0.9998087537971756,-0.34677242141859715,0.34677242141859715,0.5854135603426971,0.9387109950840825,8.024460979566243,0
Case3,Test_094,2,0,18.0,-59.0,12147.5052494,1001,130,0.13,0.3238518700683403,851,0.8501498501498501,671288.5721021749,185853.6990261515,254615.89861970567,146029.213291816,0.573527474456437,0.42647252554356296,0.9924347901475795,0.02458759791983839,0.9998445270385882,-0.3245020478659236,0.3245020478659236,0.5707891365837409,0.9630712913246514,7.993803173846459,0
Case3,Test_095,2,0,-26.0,-51.0,12850.2082779,1001,197,0.197,0.41807749674010897,784,0.7832167832167832,463163.0724797067,142150.94597132475,189213.01289120715,117310.53209406514,0.6199918827016185,0.38000811729838146,0.9946965648233148,0.020572115325118774,0.9999026564163879,-0.2697478251757779,0.2697478251757779,0.4940685743197845,0.8454370121182858,5.968468014957239,0
Case3,Test_096,2,0,-86.0,26.0,12135.3099879,1001,157,0.157,0.35342449131880554,824,0.8231768231768232,550156.572614847,169260.74578122696,222672.03150939674,136627.31329221715,0.6135809350014911,0.38641906499850887,0.9942110048205116,0.0216000690487451,0.9998746511652336,-0.28587428529588893,0.28587428529588893,0.4989281767091912,0.8414247638932596,6.897666156403261,0
Case3,Test_097,1,0,71.0,68.0,8847.4586782,1001,606,0.606,0.7918762752146347,375,0.37462537462537465,99808.56749208458,38502.857922718045,42058.8114416929,36852.990642768396,0.8762252041729364,0.1237747958270636,0.9996371907555153,0.005469367059402556,0.9999959530508128,-0.07076522844130735,0.07076522844130735,0.13422425679118327,0.24346039993036023,1.8380362808664756,0
Case3,Test_098,3,0,-1.0,-33.0,8960.34622804,1001,59,0.059,0.21833662714120589,922,0.9210789210789211,1084211.8930123008,212805.8867716396,345595.35159387696,140259.59860087975,0.40584920472456026,0.5941507952754398,0.9789447368073506,0.04063849099251137,0.9994741088799819,-0.5342089824139715,0.5342089824139715,0.9265569564907107,1.329006917601778,7.133304421373282,0
Case3,Test_099,1,0,64.0,-58.0,12185.3424231,1001,766,0.766,0.8887895146963817,215,0.21478521478521478,109029.82079813001,41814.76834407941,47337.554383933224,39576.76234512457,0.836054225026827,0.16394577497317303,0.9992875821835944,0.007652178849505075,0.9999964023724565,-0.09764906981459176,0.09764906981459176,0.1835071458443894,0.2888044417050524,1.3729316381246974,0
Case3,Test_100,2,0,-77.0,-19.0,11634.7323779,1001,125,0.125,0.3074940999986503,856,0.8551448551448552,671885.7421274841,191541.53804408776,259743.47754501135,149315.2151293216,0.5748564566109134,0.42514354338908655,0.9923248445262192,0.024846500149883006,0.999833242121867,-0.32910979374784555,0.32910979374784555,0.5648706878096279,0.928455983785681,7.809049196720252,0
Case3,Test_101,2,0,-37.0,81.0,13440.2598303,1001,275,0.275,0.49514666842009014,706,0.7052947052947053,343033.8642174251,121563.54176749925,155456.05069925982,104057.4558209636,0.6693689653950475,0.33063103460495247,0.9962630499723573,0.01732592227537857,0.9999413591319749,-0.2267930432880957,0.2267930432880957,0.41433757759950474,0.6797053868311264,3.8131910997871046,0
Case3,Test_102,2,0,-38.0,46.0,14808.4641699,1001,473,0.473,0.6889412655959197,508,0.5074925074925075,218882.80576024353,81434.13526448465,100960.87629235286,72687.23257102,0.7199544540455379,0.28004554595446207,0.9974772325650744,0.01425681958731693,0.9999783689937282,-0.18447911429460398,0.18447911429460398,0.34041392907318496,0.524038807211779,2.3129464241757205,0
Case3,Test_103,2,0,-40.0,-10.0,9984.05626145,1001,83,0.083,0.25413814725191036,898,0.8971028971028971,871105.102483943,201238.45301845012,304688.16776659456,144224.1446954837,0.4733500015857727,0.5266499984142273,0.9857044405850689,0.03357778148193487,0.9997048834384729,-0.44186131907139964,0.44186131907139964,0.7710645566726096,1.2013580803196466,9.35895886784192,0
Case3,Test_104,2,0,-31.0,10.0,8924.95154098,1001,63,0.063,0.22531950969379635,918,0.9170829170829171,1019451.6178157828,204996.91662204306,328111.8475142812,136488.70995375424,0.4159822663758385,0.5840177336241615,0.9801029377468871,0.03955249742086985,0.9995078767612353,-0.5206184014007151,0.5206184014007151,0.8996104239759315,1.3330805742663923,9.303604676099894,0
Case3,Test_105,1,0,-65.0,-72.0,9300.11790439,1001,613,0.613,0.8005585003391559,368,0.3676323676323676,103269.44287965266,39205.332470939626,41936.16088094965,37798.27710220261,0.901328979767751,0.09867102023224904,0.9997772625241582,0.004295885910514359,0.9999966784862165,-0.05602775699557913,0.05602775699557913,0.10491062117321016,0.19431533778530655,1.6423815275409481,0
Case3,Test_106,2,0,-10.0,-49.0,10970.0289598,1001,96,0.096,0.2742410161089788,885,0.8841158841158842,825250.9196114844,202962.94601333013,295481.1264145876,151379.7025185185,0.5123159788761554,0.4876840211238445,0.9887680613468316,0.029825480710080732,0.9997720656329676,-0.3927772614413903,0.3927772614413903,0.6897010605852076,1.111895316727967,8.88909487918022,0
Case3,Test_107,2,0,-53.0,-14.0,11260.548918,1001,110,0.11,0.2910783263839428,871,0.8701298701298701,736877.3234232629,195475.6180562064,277431.6676935472,149451.6064896266,0.5386969978305137,0.4613030021694863,0.9905367750206389,0.02741247407672353,0.9998098737231177,-0.36115801490005295,0.36115801490005295,0.6371173162028696,1.062650525636552,8.864482614731628,0
Case3,Test_108,2,0,-12.0,31.0,9314.47240294,1001,67,0.067,0.23830198024206134,914,0.913086913086913,984131.6114577722,200422.76783203174,315980.4042972585,135034.74227877072,0.4273516346024319,0.572648365397568,0.9812065928068467,0.03852823604915239,0.9995491682790995,-0.5076691695306421,0.5076691695306421,0.8708026632100625,1.2457403791145434,6.961421737965793,0
Case3,Test_109,1,0,44.0,-41.0,15345.4613297,1001,550,0.55,0.7492185541366082,431,0.4305694305694306,193983.15880256004,73480.6305049378,89023.11410651433,66540.58179139106,0.7474528661374013,0.2525471338625987,0.9980109313078428,0.012690099864677631,0.9999848739509947,-0.16408379172213217,0.16408379172213217,0.3006399882257419,0.4585990283639914,1.971573775187153,0
Case3,Test_110,2,0,-74.0,-31.0,12992.5198404,1001,213,0.213,0.4240727204974652,768,0.7672327672327672,431423.3025585921,143979.7736207504,186463.73224334186,120230.9218668402,0.644795212561414,0.35520478743858597,0.9954550755907784,0.019117760628673753,0.9999154598116046,-0.251669860180502,0.251669860180502,0.451050779568436,0.7514250094621812,5.028814485854923,0
Case3,Test_111,2,0,31.0,-77.0,13134.687782,1001,209,0.209,0.42345758559225277,772,0.7712287712287712,445539.6167453867,145314.83398734036,186988.783200814,121464.89732738829,0.6495838694075181,0.3504161305924819,0.9955966712466302,0.018835110744478408,0.9999142885275956,-0.24829392039921458,0.24829392039921458,0.44258591846593703,0.7425896433384958,5.25305806376889,0
Case3,Test_112,3,0,25.0,2.0,7655.85315934,1001,43,0.043,0.18644330892665517,938,0.9370629370629371,1273006.3962379312,215618.79462010582,374904.8364570246,128722.80317545206,0.3433479396849754,0.6566520603150247,0.9715058900921787,0.04709051123581204,0.9989435018376231,-0.6186085329498178,0.6186085329498178,1.0884360484086335,1.5860638233285098,8.99533194510559,0
Case3,Test_113,2,0,57.0,13.0,11299.4011787,1001,108,0.108,0.28584227652932737,873,0.8721278721278721,753980.4121567181,201005.2197183074,283859.1635195755,153751.415260666,0.5416468270895295,0.4583531729104705,0.9906780623935058,0.027233089280409045,0.9998114206045015,-0.3591543619778058,0.3591543619778058,0.6304688073232114,1.0500202395026794,8.910844228221777,0
Case3,Test_114,2,0,42.0,-63.0,14718.0313279,1001,488,0.488,0.6833191578097366,493,0.4925074925074925,210247.6906464259,86158.73447604016,105399.8401862699,76264.96846077355,0.7235776479925664,0.2764223520074336,0.9974352097334299,0.01443165990019787,0.9999735622744561,-0.18878466167691516,0.18878466167691516,0.3326717240871713,0.4762788180578312,1.643654246595645,0
Case3,Test_115,2,0,60.0,35.0,13845.6240585,1001,322,0.322,0.542305347336843,659,0.6583416583416584,301470.8407811456,110836.11287825993,140274.70449843735,95998.07238954447,0.6843576875302837,0.3156423124697163,0.9966512610194986,0.01641627087499857,0.999953845644681,-0.21452083097619884,0.21452083097619884,0.391653704499296,0.622300193037949,3.1648202231676805,0
Case3,Test_116,2,0,29.0,-81.0,12819.2785204,1001,185,0.185,0.39405805944356737,796,0.7952047952047953,492961.5171939563,155501.96408094937,201156.00131465684,128237.95823211319,0.6375050080236875,0.3624949919763126,0.9951372167147156,0.01980631972210967,0.9998980626343438,-0.26175820180467935,0.26175820180467935,0.46055597469865917,0.7731942982569043,5.85868990266431,0
Case3,Test_117,1,0,54.0,80.0,10416.4315687,1001,477,0.477,0.7092731378097971,504,0.5034965034965035,151990.07189859689,53242.33032576171,59200.90553824998,50199.42095226529,0.8479502212990849,0.15204977870091513,0.9994393439728705,0.00678577369973157,0.9999910859458896,-0.08854258628927127,0.08854258628927127,0.16755522789028368,0.3252788463364268,2.923019177359606,0
Case3,Test_118,2,0,83.0,16.0,11130.6301996,1001,110,0.11,0.2858232106887073,871,0.8701298701298701,728708.3641706404,200148.1441939532,274546.2689612468,152704.0753615039,0.5562052470764358,0.44379475292356413,0.9912227790412663,0.026588939886112665,0.999803805682057,-0.35269770588654276,0.35269770588654276,0.5965567310317388,0.9695121096353756,8.81658856480874,0
Case3,Test_119,3,0,3.0,27.0,8229.63513899,1001,47,0.047,0.20026121646270367,934,0.9330669330669331,1217568.567644991,214364.87571091586,365386.02224579715,131757.05071711124,0.36059685564128546,0.6394031443587145,0.9735993340599421,0.04541787549661346,0.9991456243795575,-0.5968373004077361,0.5968373004077361,1.041378909878303,1.459034291049031,5.685116731328776,0
Case3,Test_120,2,0,10.0,76.0,11096.7855791,1001,98,0.098,0.27151511229797903,883,0.8821178821178821,817560.3799543636,210799.9608772267,295856.578744143,157590.67520545586,0.5326590196993402,0.46734098030065985,0.9897339389876768,0.02872068927191401,0.999778915983836,-0.3806320946693039,0.3806320946693039,0.6413313186894254,1.0084631776359785,8.84788579757037,0
Case3,Test_121,3,0,-6.0,-20.0,7287.16586669,1001,37,0.037,0.18082338952800608,944,0.9430569430569431,1385363.8068069182,212216.47988642435,374382.6339402232,119083.43379256563,0.31807948071538866,0.6819205192846114,0.9688067583530229,0.04941349623293007,0.9982834061510548,-0.6509341738484481,0.6509341738484481,1.148194348036025,1.6484495315975676,6.33530535664363,0
Case3,Test_122,2,0,-76.0,-7.0,10743.7314964,1001,94,0.094,0.26046262794795,887,0.8861138861138861,829932.7242305409,214755.57819971975,304981.86008824274,158920.68381438212,0.5210824137815947,0.4789175862184053,0.9889550459926291,0.029761538205686028,0.9997644187348076,-0.3942196786504284,0.3942196786504284,0.6641597136906632,1.0405251807785667,8.844709762567959,0
Case3,Test_123,3,0,-24.0,0.0,7458.52931859,1001,41,0.041,0.18144099808394465,940,0.939060939060939,1305394.2156031316,216057.20244082905,379738.4939608715,126821.51376505669,0.3339706555483534,0.6660293444516466,0.9702019986571206,0.048122498951641356,0.998809136773715,-0.6320324789081465,0.6320324789081465,1.1155385819494175,1.626335090585004,8.97465920746879,0
Case3,Test_124,1,0,86.0,43.0,12728.390697,1001,349,0.349,0.6119656335777395,632,0.6313686313686314,256409.55542743704,81823.13596011687,90460.2190897077,74538.35542895833,0.8239904366696265,0.1760095633303735,0.9989892981944697,0.009174246574883105,0.9999734068237499,-0.1225014085551388,0.1225014085551388,0.1939683720145856,0.25653297547907844,2.095124703627505,0
Case3,Test_125,2,0,15.0,-39.0,10577.8761174,1001,97,0.097,0.28418514858419397,884,0.8831168831168831,783781.6831616336,186543.78495960977,274950.9299246493,136825.09282272583,0.49763458832535296,0.502365411674647,0.9876024244054059,0.031351623253576044,0.9997491747635202,-0.4130991248568897,0.4130991248568897,0.7183044286657195,1.1101475177644036,8.28172568131447,0
Case3,Test_126,1,0,-78.0,64.0,8487.83576137,1001,541,0.541,0.742919808102683,440,0.43956043956043955,108497.82788242649,41614.28275705683,46671.50809606307,39363.73953738633,0.8434212037109385,0.1565787962890614,0.9993929101597736,0.007053148688844775,0.9999938344491723,-0.09100661624384868,0.09100661624384868,0.17387889146249844,0.31042493438487173,2.16197412896247,0
Case3,Test_127,2,0,-22.0,-34.0,10927.5262813,1001,119,0.119,0.32806399682289916,862,0.8611388611388612,646839.2450584739,161825.6732277342,230337.6023682554,121275.03672431743,0.5265099379233239,0.47349006207667604,0.9895286033006363,0.028933884076892416,0.9997779791015836,-0.38231997309642907,0.38231997309642907,0.6569993758935417,1.0087306859878398,7.650549826859674,0
Case3,Test_128,1,0,67.0,-77.0,8128.11918789,1001,534,0.534,0.745000460104119,447,0.44655344655344653,103716.16928556556,39154.42166613206,42171.90714464595,37525.543490492055,0.8898232503875797,0.11017674961242027,0.9997159400918814,0.004846659215106925,0.9999951173085921,-0.06345867100909532,0.06345867100909532,0.11793618614215289,0.22736477777166683,2.2124024716541157,0
Case3,Test_129,2,0,53.0,17.0,11654.9316356,1001,125,0.125,0.31339445197645693,856,0.8551448551448552,673112.1637393852,185476.68795859235,258148.37459461341,144471.52301312532,0.5596452940677934,0.44035470593220655,0.99175512652857,0.025623943141697563,0.9998339346798101,-0.33765706227946585,0.33765706227946585,0.5975103746493043,0.9960072412330763,7.818240031090681,0
Case3,Test_130,2,0,5.0,84.0,10570.5302321,1001,89,0.089,0.25708547625390155,892,0.8911088911088911,860403.3310577726,214253.5369120952,304314.16253078385,155282.1693877782,0.5102692825611432,0.48973071743885677,0.9878639546437782,0.0313006608986574,0.999736269439277,-0.41558134474270647,0.41558134474270647,0.6807777713044056,1.0185360782176087,9.256598597038874,0
Case3,Test_131,1,0,-89.0,71.0,6381.47112682,1001,430,0.43,0.6548571837582898,551,0.5504495504495505,102309.93308567854,38532.017703234276,42530.19454415331,36528.98310173351,0.8588952741283711,0.14110472587162892,0.9995228205474534,0.00626188702237565,0.9999926681391614,-0.08159272786692798,0.08159272786692798,0.1544448007439896,0.30560885103987023,3.0280490400015196,0
Case3,Test_132,1,0,51.0,58.0,13688.2716321,1001,728,0.728,0.8688170829444488,253,0.25274725274725274,126961.17425507118,49886.85850751088,48716.175337055676,49029.9067319527,1.0064399841064369,-0.006439984106436778,0.9999826650054628,0.0012133767450811961,0.9999970335633994,-0.00605688225822161,0.00605688225822161,0.03230286156651498,0.11441801894896898,1.4954468306220292,0
Case3,Test_133,1,0,-72.0,-54.0,11493.7807035,1001,586,0.586,0.7837163054241265,395,0.3946053946053946,136123.65097487162,49798.52147329654,55423.259887069966,47281.95919921833,0.8531067875754639,0.1468932124245361,0.9994900604045994,0.006469083374262406,0.9999940880661319,-0.08338283140937154,0.08338283140937154,0.16198121918294534,0.3053547962086572,2.3024614088874955,0
Case3,Test_134,2,0,-18.0,71.0,11920.1463932,1001,123,0.123,0.3109047068902931,858,0.8571428571428571,694977.8584819243,192633.40790950562,262340.65598063846,150264.97944661177,0.5727857120922263,0.42721428790777366,0.9922624676129489,0.024921747460801322,0.9998361652376162,-0.32981335599684974,0.32981335599684974,0.5695159765444062,0.950173140608436,8.470767570870407,0
Case3,Test_135,2,0,75.0,-31.0,12934.6143852,1001,210,0.21,0.4206729196526705,771,0.7702297702297702,434940.88807690836,144844.9335005458,187810.31829567815,120853.81570589756,0.6434886900922665,0.35651130990773355,0.9954103515543633,0.01920678012404892,0.9999140502469838,-0.25281030699688417,0.25281030699688417,0.4532051153113452,0.7608978752621625,5.214830739822446,0
Case3,Test_136,2,0,-50.0,-9.0,10701.5029581,1001,94,0.094,0.26569015968709814,887,0.8861138861138861,824365.7462079999,206217.05649230757,301155.5162705503,153506.0319078884,0.5097234605192572,0.49027653948074273,0.9886136422139181,0.030014824497242108,0.999770665618282,-0.39518946113418235,0.39518946113418235,0.6947377236692959,1.1319693856476132,9.367143204894887,0
Case3,Test_137,2,0,-19.0,70.0,12129.0031345,1001,130,0.13,0.3205499492852754,851,0.8501498501498501,672385.7335223797,188932.58065180221,255541.70795839807,148442.4139987231,0.5808930964134018,0.41910690358659825,0.9926671588725215,0.02427168130328806,0.9998439524139007,-0.32118827930824817,0.32118827930824817,0.5551946942079617,0.9210525185738686,7.772316804923435,0
Case3,Test_138,2,0,37.0,34.0,13360.2164885,1001,289,0.289,0.5357847486301947,692,0.6913086913086913,322207.07030290295,104352.83919952232,134295.63340665295,89205.05451583912,0.6642438942576963,0.3357561057423038,0.9960859842798792,0.017718681607418744,0.9999411209837413,-0.23155624791592838,0.23155624791592838,0.4230398503049543,0.6936737363400175,4.477251130375976,0
Case3,Test_139,1,0,48.0,-47.0,14922.3870876,1001,682,0.682,0.8526912805649093,299,0.2987012987012987,148646.6719564215,53039.02663413783,56448.33083275108,51269.28568256381,0.9082515802720172,0.09174841972798271,0.9998079168592653,0.003994038425067477,0.9999972456311604,-0.05207523160882889,0.05207523160882889,0.09707919805569949,0.1756269848782783,1.4049125265319162,0
Case3,Test_140,3,0,-3.0,-6.0,5514.66786628,978,24,0.02456499488229273,0.1443766001023439,935,0.9560327198364008,1668027.496045803,208723.61148242714,410533.8453867106,89237.97214234536,0.21737056066177896,0.7826294393382209,0.9521356292429709,0.06119741723075905,0.9903744690453512,-0.8042589552012247,0.8042589552012247,1.4571648483688675,2.311864498107146,23.20818301171265,1
Case3,Test_141,2,0,72.0,-18.0,11692.7014026,1001,123,0.123,0.3057195353897851,858,0.8571428571428571,683739.9342856475,193561.12762436934,264237.806727206,150801.0485696555,0.5707020143614029,0.4292979856385971,0.9921654914748133,0.02507168658124758,0.9998348993599129,-0.33172229197106495,0.33172229197106495,0.5734840811636074,0.9502808306529169,8.070158799245178,0
Case3,Test_142,3,0,20.0,-1.0,7022.17463591,1001,36,0.036,0.17158533887379016,945,0.9440559440559441,1416704.6302325756,215622.72382947625,391974.3358167845,118173.24372276863,0.301482094424684,0.698517905575316,0.9657461549834019,0.05155188062471671,0.9981372652280356,-0.6773599602093697,0.6773599602093697,1.2065416338153125,1.7628209594921294,8.631826486481941,0
Case3,Test_143,3,0,8.0,9.0,5996.67837275,1002,27,0.026973026973026972,0.15205890503673564,955,0.9530938123752495,1596320.0416582786,209453.5616470891,402476.4950744194,96525.65837188068,0.2398293056940697,0.7601706943059303,0.9563260643336624,0.05841237774559308,0.9943534165646639,-0.7674091820282738,0.7674091820282738,1.3847661808373566,2.1650852545093655,20.806266318818757,0
Case3,Test_144,2,0,27.0,-85.0,12621.1145329,1001,168,0.168,0.37283118749840627,813,0.8121878121878122,536060.2476141091,164356.71623311442,213511.79811898322,133821.2632581405,0.6267628507515367,0.37323714924846335,0.9946896835348189,0.020718782055535224,0.9998830764362248,-0.27441451852084175,0.27441451852084175,0.4765477594594212,0.7863610235489435,5.997382140583227,0
Case3,Test_145,2,0,-30.0,67.0,13318.4264905,1001,216,0.216,0.4341598421462872,765,0.7642357642357642,435735.90740197746,142092.23699722934,183901.34262074417,119046.57306630013,0.6473393362429515,0.3526606637570485,0.9955618904935664,0.018879863723350366,0.9999176782764596,-0.24827509523370447,0.24827509523370447,0.4476918023919153,0.7636622676182641,5.4328616137393055,0
Case3,Test_146,2,0,-11.0,38.0,10044.7030767,1001,81,0.081,0.2572250982146357,900,0.8991008991008991,886893.6174884104,198874.44325826658,301760.8238084482,141522.22883800886,0.46898807821337457,0.5310119217866254,0.9852181249005784,0.03417414511741028,0.9996883341799533,-0.4499799418027459,0.4499799418027459,0.7799433757695444,1.1815591337327185,8.558099091396002,0
Case3,Test_147,1,0,-69.0,-49.0,13080.5694308,1001,556,0.556,0.772427459588281,425,0.4245754245754246,161952.30167783896,55768.42479821655,57395.52649557501,53709.34599050583,0.9357758220868769,0.06422417791312303,0.9998876549899902,0.003047358966093149,0.9999928772699146,-0.03830574849310883,0.03830574849310883,0.06611280228683283,0.6035045720664295,11.988957953999034,0
Case3,Test_148,2,0,41.0,-14.0,10416.2570063,1001,97,0.097,0.2766345243084793,884,0.8831168831168831,778778.6529566557,190334.80251293193,280268.1744948754,140367.11771732452,0.5008314553384693,0.4991685446615307,0.9879140206011346,0.03092568020631895,0.9997584473678909,-0.4071970908659151,0.4071970908659151,0.7127341671638929,1.1318769854280932,8.99454188775644,0
Case3,Test_149,2,0,22.0,-68.0,12469.6002001,1001,147,0.147,0.3451714292191016,834,0.8331668331668332,608509.3711252569,177375.5897430354,236968.44744769324,141934.67791354365,0.5989602389781168,0.4010397610218832,0.9936025779844087,0.022666718056127563,0.999867294943665,-0.2995880116161705,0.2995880116161705,0.5248450678370388,0.8868184793318671,7.361215243311904,0
Case3,Test_150,2,0,5.0,-35.0,9223.40466597,1001,64,0.064,0.2268473000563539,917,0.916083916083916,1023003.8326045912,210118.0403157452,334139.9345384707,142131.19093112883,0.4253642747833985,0.5746357252166016,0.9810508909342811,0.03858839648697631,0.9995622020546835,-0.5074614184624836,0.5074614184624836,0.879439668360809,1.2876470853738728,8.171856743456715,0
Case3,Test_151,2,0,-53.0,6.0,10764.3054006,1001,92,0.092,0.26097292066581895,889,0.8881118881118881,848771.0182707864,212308.9701771556,309713.6194246645,157766.5468464101,0.5093949279320784,0.4906050720679216,0.9885687490353201,0.03009049875601788,0.9997686163186763,-0.3964144496326109,0.3964144496326109,0.6947090842724153,1.1250575896653332,9.209494965421527,0
Case3,Test_152,2,0,-52.0,62.0,13831.0420452,736,730,0.9931972789115646,1.01370029502107,3,0.004076086956521739,127613.95046030759,-84132.57144044325,0.0,0.0,0.0,0.0,0.2748287623660085,0.3951528428334609,0.0,8.043706293706293,8.043706293706293,0.0,0.0,0.0,2
Case3,Test_153,1,0,-82.0,-88.0,5030.89170978,1001,347,0.347,0.5862918157480455,634,0.6333666333666333,98323.31199032365,35855.55814862055,38045.43862335678,34288.829630092805,0.9012599373487648,0.09874006265123524,0.9997533235253636,0.00452640573543747,0.9999931488960934,-0.06020702343059055,0.06020702343059055,0.10441122349207846,0.19540421613289685,2.5956084170069857,0
Case3,Test_154,2,0,24.0,53.0,12645.6997874,1001,174,0.174,0.38703978492579916,807,0.8061938061938062,518338.0737268495,154602.4098253254,206877.99443409653,126101.96402610124,0.6095474986164975,0.39045250138350246,0.9942419899489905,0.021441593679347677,0.9998882387245008,-0.28180274221157625,0.28180274221157625,0.5105258272664805,0.8790385743779348,6.634711561952031,0
Case3,Test_155,2,0,19.0,48.0,11753.8752382,1001,132,0.132,0.3318332595037665,849,0.8481518481518482,638687.0006023712,173120.67448203373,241271.7513843567,135502.2524350005,0.5616167315797337,0.4383832684202663,0.9919359874486406,0.025320677545727227,0.9998415352269072,-0.33319869610890096,0.33319869610890096,0.5951084568997033,0.9976804962229977,7.980937216092343,0
Case3,Test_156,1,0,74.0,-74.0,7350.55346826,1001,507,0.507,0.721567831333037,474,0.47352647352647353,98550.36050848832,37777.26073137602,40503.96154649228,36173.27647589864,0.8930799629161535,0.10692003708384644,0.9997253372886904,0.004769821191416898,0.9999946532155335,-0.0628249829860868,0.0628249829860868,0.11402552688398655,0.21342802896067534,2.12146790477982,0
Case3,Test_157,2,0,-59.0,-37.0,14086.4616185,1001,374,0.374,0.590930555014744,607,0.6063936063936064,263125.16886710346,100404.56991865876,125944.38686222305,87675.21662269806,0.6961423117539206,0.3038576882460794,0.996903753262772,0.01580004817701408,0.9999618177447246,-0.2062747397305081,0.2062747397305081,0.37393765925309114,0.5763568431983684,2.602235652475258,0
Case3,Test_158,2,0,76.0,3.0,10600.9154278,1001,91,0.091,0.2547047750591619,890,0.8891108891108891,851086.1075483644,217316.80542178312,310579.07835174503,159556.3455965435,0.5137382287413406,0.4862617712586595,0.9883817258758313,0.03052171261805002,0.9997515845236502,-0.4042804589620011,0.4042804589620011,0.6788281770869415,1.0506609049991495,8.741354665678273,0
Case3,Test_159,1,0,-58.0,75.0,10217.6885379,1001,570,0.57,0.7723203739855449,411,0.41058941058941056,123946.86394768495,45604.948239040925,50562.395842451566,43397.33121598237,0.8582926202944383,0.14170737970556166,0.999525647349393,0.006241437317502762,0.9999947455259101,-0.0804601296462152,0.0804601296462152,0.15559788585788395,0.2890844106907736,2.193284229172349,0
Case3,Test_160,3,0,27.0,5.0,8097.91141296,1001,49,0.049,0.19842907660435205,932,0.9310689310689311,1195742.0934102312,213436.51565087037,361398.9530536026,132330.78320381255,0.36616260806982825,0.6338373919301717,0.9744066007684176,0.04470422915659577,0.9991802845661268,-0.5875786533315787,0.5875786533315787,1.0262682343234917,1.492945274195536,8.683777049982154,0
Case3,Test_161,1,0,47.0,-42.0,15470.7745649,1001,611,0.611,0.7843117569367278,370,0.3696303696303696,176312.08850442505,70716.59511857676,84321.45282331742,64080.66017703717,0.759956784797201,0.24004321520279903,0.9981655169794442,0.01222749466628159,0.9999849376139006,-0.15914146280349972,0.15914146280349972,0.28221720806751904,0.40530586527255796,1.4086387672225555,0
Case3,Test_162,2,0,-4.0,55.0,10940.3748355,1001,90,0.09,0.2617042761996397,891,0.8901098901098901,873929.7989213845,214648.71165732938,312184.21676871704,159462.0538514562,0.5107947336414971,0.4892052663585029,0.9886024745297587,0.03006397781353447,0.9997659529989538,-0.39629358711661294,0.39629358711661294,0.691151858041867,1.1186536037046297,9.44407117755145,0
Case3,Test_163,1,0,-78.0,84.0,5655.14745652,1001,387,0.387,0.6241005956273014,594,0.5934065934065934,98673.93800474801,36701.86588514435,38823.39641859033,35087.65829307007,0.9037761125986538,0.0962238874013462,0.9997574854948544,0.004492075834540908,0.9999930490958402,-0.05985858335641061,0.05985858335641061,0.10148457920750102,0.1706662115253857,1.8108966766541812,0
Case3,Test_164,2,0,-8.0,62.0,11264.3351755,1001,98,0.098,0.27178716655402346,883,0.8821178821178821,833515.0900113989,212318.6846849628,302124.50274813414,159781.50500247732,0.5288598029921427,0.4711401970078572,0.9897355636455832,0.028607176598469865,0.9997877350665443,-0.3778351239957978,0.3778351239957978,0.6532171627068015,1.055025080078513,8.889594308407254,0
Case3,Test_165,2,0,6.0,-37.0,9591.09529786,1001,70,0.07,0.23696782665172256,911,0.9100899100899101,980056.0747278709,208354.37883622837,325650.82639013353,143908.24441187544,0.44190965521908937,0.5580903447809107,0.9827342842942262,0.036863097932534346,0.9996187891246712,-0.484887300755432,0.484887300755432,0.8409908791749717,1.246733954307898,8.214208382608604,0
Case3,Test_166,2,0,-22.0,23.0,9513.90070856,1001,72,0.072,0.25733742770883755,909,0.9080919080919081,905681.5028708657,187380.59344217632,288270.98299808335,126915.56208470682,0.44026478407488784,0.5597352159251122,0.9825586040058979,0.037280789997195876,0.9995441722826215,-0.4928370380695245,0.4928370380695245,0.834537715637143,1.1683636992379214,5.541825399657114,0
Case3,Test_167,1,0,-71.0,-50.0,12548.3516226,1001,544,0.544,0.7620263618767137,437,0.43656343656343655,159594.86405639435,55823.21209737519,60006.67231629189,53209.45001168987,0.8867255583050125,0.11327444169498743,0.9997049290972404,0.004936952162217364,0.999992424032508,-0.06498785253355835,0.06498785253355835,0.12108237176339828,0.3324346631123138,5.101181989706561,0
Case3,Test_168,2,0,-16.0,-87.0,11321.4364875,1001,110,0.11,0.29044865255212327,871,0.8701298701298701,742189.9400975214,199298.33272259383,272088.14244085137,151515.81661387888,0.5568629902599176,0.4431370097400824,0.9911653152740926,0.026723728800603426,0.9997978412803379,-0.3549151100750465,0.3549151100750465,0.5936631971518699,0.9326671809303724,8.0230268273707,0
Case3,Test_169,1,0,-46.0,-76.0,13088.8307702,1001,440,0.44,0.6932506522183834,541,0.5404595404595405,208538.1873680648,68839.03965443706,72599.69451983992,64519.669024156254,0.8887044146793818,0.11129558532061826,0.9995758525799621,0.005966847093143977,0.9999850471517043,-0.07964992771301387,0.07964992771301387,0.1173835405635068,0.15351433154401367,0.5068747073240161,0
Case3,Test_170,3,0,1.0,-16.0,6623.36827501,1001,32,0.032,0.1658598471841761,949,0.948051948051948,1519177.1825405825,211418.35142134153,389759.95422013116,107566.05050867709,0.2759802523168536,0.7240197476831465,0.962672230361551,0.05399648690672015,0.9969930810887458,-0.7114872800153204,0.7114872800153204,1.269099729258061,1.8552815612423983,7.745181821059987,0
Case3,Test_171,1,0,80.0,66.0,7841.75266685,1001,510,0.51,0.7199595296389305,471,0.47052947052947053,106145.84743034815,40578.70595894305,45385.196244884355,38390.29068562888,0.8458769348156359,0.1541230651843642,0.9994186444908476,0.006903055968905655,0.9999934599248901,-0.0892536807135405,0.0892536807135405,0.17062902339228408,0.31359619830360747,2.396630185608501,0
Case3,Test_172,2,0,7.0,42.0,10179.1678289,1001,81,0.081,0.252104649257911,900,0.8991008991008991,908931.3256518324,206666.3552700335,312539.09475467424,148385.48868087004,0.47477416800398803,0.525225831996012,0.9858011701701346,0.03346981465436594,0.9997046929598841,-0.4403727794193927,0.4403727794193927,0.7686829689876034,1.1812280581958434,8.590713004007625,0
Case3,Test_173,1,0,68.0,90.0,6965.14153175,1001,446,0.446,0.6754314957710876,535,0.5344655344655345,106822.18490181655,39623.43355174728,42984.88247331484,37739.16664417503,0.8779637042768147,0.1220362957231853,0.9996432179616679,0.005426891821429265,0.9999931084033843,-0.07126246240747766,0.07126246240747766,0.1316513334482761,0.26348364559142584,2.913690198651068,0
Case3,Test_174,2,0,-69.0,28.0,12873.7624564,1001,191,0.191,0.3992014727251867,790,0.7892107892107892,477195.6210320853,153766.0541209153,201062.0617700597,127037.39638551425,0.6318317601398012,0.3681682398601988,0.9949904337458911,0.02005717389458152,0.9999031119622867,-0.26421823217741186,0.26421823217741186,0.47208449494604726,0.7979491839462196,5.735078632917521,0
Case3,Test_175,2,0,66.0,18.0,11826.6629083,1001,126,0.126,0.3112438135600789,855,0.8541458541458542,673855.9918895289,191236.86370294596,261462.07819799928,149781.29935288464,0.5728605095820384,0.42713949041796156,0.9923294088247447,0.024779308754963064,0.9998407300368759,-0.32739530664257754,0.32739530664257754,0.5713360939822376,0.9572345352865274,8.016221442422761,0
Case3,Test_176,2,0,-56.0,-10.0,11056.9717629,1001,100,0.1,0.2732137300296255,881,0.8801198801198801,799548.4184874523,207143.9060332666,296744.9359287423,156276.74111819352,0.5266365898682781,0.4733634101317219,0.98970934186251,0.028587618159784882,0.9997905312992371,-0.37690874547501685,0.37690874547501685,0.6596351264035221,1.0855152830479322,9.111422557881838,0
Case3,Test_177,2,0,65.0,-4.0,10805.0777444,1001,92,0.092,0.25748801637372637,889,0.8881118881118881,850076.7264390038,217827.54614468644,313011.19575044746,162179.16481578033,0.5181257636071265,0.4818742363928735,0.9889973108134864,0.029602726049553617,0.9997726595957017,-0.3909820672211654,0.3909820672211654,0.6740858453906095,1.0878109611449365,9.41845445319359,0
Case3,Test_178,1,0,79.0,72.0,6917.04697491,1001,477,0.477,0.695061170750642,504,0.5034965034965035,99550.68387899442,37966.926420013355,41553.9482538568,36125.73357460881,0.8693694604881698,0.13063053951183026,0.9995934706776465,0.005787172788553869,0.9999937426388135,-0.07555737758108375,0.07555737758108375,0.1418878947698213,0.27112543741040707,2.53060269228871,0
Case3,Test_179,2,0,36.0,-84.0,13327.407454,1001,258,0.258,0.47653734717178864,723,0.7222777222777222,363993.0180096725,126814.43689247208,161863.82025434237,108151.95658569726,0.6681663414081928,0.3318336585918073,0.9962291264279447,0.017417196835545393,0.9999364710787305,-0.2284973021353385,0.2284973021353385,0.41536313595518193,0.6841752939794644,4.020920473403862,0
Case3,Test_180,2,0,22.0,-27.0,10229.4984285,1001,88,0.088,0.2881114622091056,893,0.8921078921078921,792444.181604583,176691.59048791442,261619.44928300322,124618.98855967731,0.47633686601362896,0.523663133986371,0.9856461055733124,0.03392202393278621,0.9996583526742375,-0.44898814700695727,0.44898814700695727,0.7546372200438896,1.0312630511384844,3.700280279911226,0
Case3,Test_181,2,0,-47.0,5.0,10282.5719076,1001,85,0.085,0.25092447365744935,896,0.8951048951048951,881054.8382395782,211136.61213671823,314935.93600219215,154097.68813600164,0.48929852239831095,0.510701477601689,0.9870652754179908,0.03194609000372109,0.9997363983777622,-0.42032061694823136,0.42032061694823136,0.7375373006258391,1.1786866971838046,9.505983365036855,0
Case3,Test_182,2,0,16.0,-60.0,11961.9587398,1001,121,0.121,0.30969453251268486,860,0.8591408591408591,712600.4028093447,193227.12987512414,266843.03085932875,150253.10861922323,0.5630767576554471,0.43692324234455293,0.9918388304057231,0.025535920247093755,0.9998311077304505,-0.33718517085767347,0.33718517085767347,0.5896341335079824,0.9829840704789564,8.188834793982437,0
Case3,Test_183,1,0,70.0,-63.0,10009.3121341,1001,662,0.662,0.8266027385237079,319,0.31868131868131866,104053.29981285491,40398.63235188985,44986.17252793841,38438.621252349985,0.8544541376236864,0.14554586237631367,0.9994745496060237,0.0065731745279667955,0.9999961328917089,-0.08449341314953047,0.08449341314953047,0.16039486819032658,0.265324868726931,1.4974505322869618,0
Case3,Test_184,2,0,58.0,-22.0,12280.4425861,1001,153,0.153,0.3524941127868595,828,0.8271728271728271,572506.5413497481,169984.46154492054,229744.42307790395,136447.7954298127,0.593911241029536,0.4060887589704641,0.9935064557175989,0.022774048782500562,0.9998718060139543,-0.29995794386916297,0.29995794386916297,0.5362710012067001,0.9166801779628331,7.189412130727646,0
Case3,Test_185,3,0,-4.0,7.0,5713.53649114,972,25,0.025746652935118436,0.14873174139758324,928,0.9547325102880658,1654353.3659162796,210870.47729234144,410010.7416138505,94921.00959866711,0.23150859225064896,0.7684914077493511,0.954432037488617,0.059614720170930745,0.9942828001765864,-0.7802593327167391,0.7802593327167391,1.4126707509089127,2.2322824059482502,25.706756978375438,1
Case3,Test_186,1,0,61.0,-55.0,13104.5603553,1001,775,0.775,0.8915274888827841,206,0.2057942057942058,114600.38864696804,46854.60009652475,43879.794757984564,46402.03975197128,1.0574807837615912,-0.05748078376159122,0.9999419054851849,0.0022387525096775164,0.9999974755972126,0.012529967041149812,0.012529967041149812,0.07448727194271504,0.27194377516833584,3.592635603415445,0
Case3,Test_187,2,0,51.0,-25.0,12486.8862646,1001,184,0.184,0.3970855776946523,797,0.7962037962037962,481767.5773810014,148225.95881525555,198944.32708828448,121302.8043753313,0.6097324118294732,0.3902675881705268,0.9942582593116871,0.021394676339161228,0.999894256365837,-0.28066791111129263,0.28066791111129263,0.5113577371267314,0.8710288026347449,6.184139065479144,0
Case3,Test_188,3,0,-30.0,-6.0,8514.80439425,1001,56,0.056,0.2100405287389573,925,0.9240759240759241,1107037.1958534205,211144.28395310772,347312.5370991278,136376.91674035642,0.3926633857776132,0.6073366142223867,0.9775062979729915,0.04196884596847638,0.9993848918314331,-0.5518153679574997,0.5518153679574997,0.9589963718488422,1.4053415201734563,8.907152122828393,0
Case3,Test_189,2,0,-82.0,-27.0,12331.1785852,1001,167,0.167,0.36630567802335484,814,0.8131868131868132,526163.6923806205,164424.6043036587,215702.6722536426,133581.67127785456,0.6192861214105739,0.380713878589426,0.9944561842687386,0.021133380610667465,0.9998830176132036,-0.2794571516822103,0.2794571516822103,0.49008187695100275,0.8222536539102381,6.40242408947563,0
Case3,Test_190,2,0,31.0,-45.0,13357.8399023,1001,279,0.279,0.5153672622604734,702,0.7012987012987013,337167.83717158687,111203.88423835997,145372.94827038303,94871.21763681069,0.6526057204285158,0.3473942795714841,0.9958026821273174,0.018297631404762323,0.999941567026248,-0.23805113034565323,0.23805113034565323,0.4434259872891867,0.736731694075606,4.382460680118811,0
Case3,Test_191,1,0,-48.0,-78.0,12252.301561,1001,444,0.444,0.6907046430333645,537,0.5364635364635365,194017.12219566468,65103.344821,70150.02785662227,61049.21282710142,0.8702664089011946,0.12973359109880547,0.999516649747855,0.006341471631002848,0.9999865298397527,-0.0845870079561942,0.0845870079561942,0.1393293177683233,0.22294080278174788,1.9396192291648617,0
Case3,Test_192,2,0,-34.0,65.0,13848.236456,1001,281,0.281,0.5054448311027011,700,0.6993006993006993,346414.8730780859,121225.73413420585,154183.5612051294,104031.03859903777,0.6747219858324095,0.32527801416759045,0.9963938673812082,0.017030937820249652,0.9999430574669691,-0.22308431919951063,0.22308431919951063,0.4059611421123522,0.6669462778186025,3.9265522038660947,0
Case3,Test_193,1,0,41.0,-83.0,13421.6342435,1001,332,0.332,0.6044712021092647,649,0.6483516483516484,282978.8810163582,86840.57059233126,92729.20484487838,78870.68989823695,0.850548541100675,0.149451458899325,0.9990444667222395,0.009056222752646049,0.9999701986614561,-0.12005958963928816,0.12005958963928816,0.16009809712457657,1.9911516569003331,220.95739857838294,0
Case3,Test_194,2,0,-29.0,74.0,13034.4433166,1001,193,0.193,0.4054951183887829,788,0.7872127872127872,478828.7410692567,152196.2704223384,197510.3395713576,125986.82921106296,0.6378746018283552,0.3621253981716448,0.9951947088160416,0.01966714733988419,0.9999044866015029,-0.2594545737301925,0.2594545737301925,0.46106751345443403,0.7807821191059997,5.876413422301198,0
Case3,Test_195,1,0,43.0,37.0,14330.1557036,1001,423,0.423,0.649366190137987,558,0.5574425574425574,236935.4860457297,86004.84713328203,107992.49352865896,76036.78669872269,0.7040932588388109,0.2959067411611891,0.9971258369137322,0.015197729351432888,0.9999727299332952,-0.19688214170289417,0.19688214170289417,0.36391575378188673,0.5690340656967173,2.697220870686067,0
Case3,Test_196,1,0,-73.0,89.0,6140.2527211,1001,410,0.41,0.6473289540759148,571,0.5704295704295704,101305.87217310135,37439.600426094476,39556.56296793153,35849.428246070005,0.9062826887951085,0.09371731120489152,0.9997744801725656,0.004331007093538491,0.9999933403741267,-0.05767518922426745,0.05767518922426745,0.09871372498543383,0.18178539957330717,2.299137336604417,0
Case3,Test_197,2,0,-41.0,12.0,10217.7984449,1001,90,0.09,0.2648921872770919,891,0.8901098901098901,823008.3020309516,196361.03395626222,292665.72168667725,143092.48242551478,0.48892805621666574,0.5110719437833343,0.9869755348976353,0.03207541838136938,0.9997356808477321,-0.422188678409329,0.422188678409329,0.73776365770893,1.1662503908768176,9.31132569200679,0
Case3,Test_198,1,0,-64.0,-44.0,14730.2615499,1001,546,0.546,0.7209168274654786,435,0.43456543456543456,187793.81585007565,81337.1236910242,97958.3395576745,72242.21765779857,0.7374789934578754,0.26252100654212457,0.9976665358911875,0.013802059203565106,0.9999745165327414,-0.1811640871063786,0.1811640871063786,0.3120195246227818,0.42872631196033484,1.222481658568256,0
Case3,Test_199,1,0,-62.0,-53.0,13540.2440583,1001,758,0.758,0.8866796459090498,223,0.22277722277722278,122227.07455200599,44786.43436181894,52474.89651958133,42918.028455503605,0.8178773337740357,0.18212266622596426,0.9993014452766614,0.007512148857557855,0.9999979354115274,-0.08872669111327845,0.08872669111327845,0.20917087297988213,0.4285589685870424,3.040570740551459,0
Case3,Test_200,2,0,35.0,82.0,13304.7458106,1001,247,0.247,0.4658203371182851,734,0.7332667332667333,379418.6732113626,130416.07307346912,166619.21086203068,110812.65663987891,0.6650653070949755,0.3349346929050245,0.9961299655046966,0.01764938271918349,0.9999326498729657,-0.23182420918319013,0.23182420918319013,0.41974325896275866,0.6934264090098312,4.261688875767277,0
Case3,Test_201,1,0,-69.0,46.0,14713.4584525423,1001,560,0.56,0.7283820311658928,421,0.4205794205794206,182204.0082450234,80684.71203049517,97884.89928672476,71756.46022224879,0.7330697660735139,0.26693023392648607,0.9976275547756047,0.01389626994050524,0.9999759446875176,-0.18177868925563023,0.18177868925563023,0.3188268177048427,0.45114947637432545,1.395071198949438,0
Case3,Test_202,1,0,54.0,-51.0,14143.002232421,1001,764,0.764,0.8891073336388199,217,0.21678321678321677,125295.23625030497,48922.03340081628,51148.31838199747,47701.54983795153,0.9326122802649345,0.06738771973506553,0.999904120120163,0.0028297267793204045,0.9999980611539467,-0.03687753713593199,0.03687753713593199,0.07010460820344383,0.13400507407879939,1.1045349539259064,0
Case3,Test_203,1,0,-41.0,-60.0,14736.8051949966,1001,487,0.487,0.6844804588316119,494,0.4935064935064935,211221.044346195,85541.68436681338,104423.53605571146,75838.75369918955,0.7262611147234899,0.2737388852765101,0.9975158817950114,0.014204214245611472,0.9999736820783695,-0.18580133926581294,0.18580133926581294,0.3287780023754964,0.47480803952301986,1.687579391357076,0
Case3,Test_204,1,0,70.0,64.0,9777.93927832567,1001,654,0.654,0.8224244226001861,327,0.32667332667332666,102725.67339243423,39681.443038824706,44080.01431218781,37800.8735091611,0.8575512984511311,0.1424487015488689,0.9995003555172554,0.006409855034736103,0.9999961495950814,-0.08237354940275672,0.08237354940275672,0.15664064911923523,0.26473979952829674,1.577405838607831,0
Case3,Test_205,3,0,28.0,0.0,8084.54253073211,1001,49,0.049,0.19692453461388768,932,0.9310689310689311,1194849.8141053228,214938.68174878738,363759.77672890277,133820.80177056268,0.36788235074790737,0.6321176492520926,0.9745980314530373,0.0445205068611331,0.9992070468120884,-0.5849623325271318,0.5849623325271318,1.0227341508875676,1.4918073164513135,8.907678012969768,0
Case3,Test_206,1,0,-88.0,-74.0,5930.51916355873,1001,407,0.407,0.6358835550297972,574,0.5734265734265734,100077.94865809115,37516.16614465007,41003.25635996682,35658.33524824653,0.8696464235718907,0.1303535764281093,0.9995971962067405,0.005759859575893301,0.9999928695789532,-0.07540092856018137,0.07540092856018137,0.14144442300445773,0.28731835264756533,3.212560624698483,0
Case3,Test_207,1,0,64.0,84.0,7912.42649987792,1001,479,0.479,0.7021388589029396,502,0.5014985014985015,113483.28206988255,42077.07606256158,46475.60018854636,39928.54929855802,0.8591292879827763,0.1408707120172237,0.9995288193742577,0.006222133876115638,0.9999931792199528,-0.08088866801068498,0.08088866801068498,0.1542485536012638,0.30469930111251803,2.938509078224456,0
Case3,Test_208,1,0,-76.0,80.0,6276.11273990952,1001,430,0.43,0.6614208555345088,551,0.5504495504495505,98667.43078664574,37196.82269049955,39363.11406344769,35591.97221671931,0.9041960491070437,0.0958039508929563,0.9997609834202779,0.0044591935053421555,0.9999934272777387,-0.05935979660319896,0.05935979660319896,0.10106043365319155,0.1708082012196373,1.7011645352941969,0
Case3,Test_209,2,0,-5.0,73.0,10943.1777789456,1001,92,0.092,0.2620633362563516,889,0.8881118881118881,858363.2140994642,216302.3923285983,308268.8684864062,159939.74921813034,0.518831985868152,0.48116801413184795,0.9888257536783419,0.029922090620641887,0.9997637312973844,-0.3961576972549739,0.3961576972549739,0.6692266095874271,1.0440691670717395,8.955722877657308,0
Case3,Test_210,2,0,81.0,-19.0,11496.6517573558,1001,122,0.122,0.30384820335940843,859,0.8581418581418582,677414.3047032979,192212.97180251972,260643.28706215028,149255.48651262667,0.5726427417140298,0.42735725828597015,0.9922056764150671,0.02505129049443533,0.9998287944151126,-0.33206349134829305,0.33206349134829305,0.5680006552466337,0.9352959524409005,8.209398708343883,0
Case3,Test_211,2,0,-54.0,25.0,12588.9903062784,1001,182,0.182,0.39339000814593744,799,0.7982017982017982,490362.4198536655,151637.30055424623,202803.8010152279,124149.94674447074,0.6121677509148299,0.38783224908517017,0.9943592411253727,0.021217567636484535,0.9998948316860917,-0.27859767738975144,0.27859767738975144,0.5066581646648113,0.8662962155559145,6.259061074088322,0
Case3,Test_212,2,0,-85.0,-39.0,13228.4458713519,1001,298,0.298,0.5113485765395653,683,0.6823176823176823,310545.6572849829,115369.52600287559,148620.83834297874,99109.34283702727,0.666860340326626,0.33313965967337394,0.9962438180258252,0.017337043739245446,0.9999473759532803,-0.22599990136266643,0.22599990136266643,0.41976567785556346,0.6965166542139616,3.399941435149742,0
Case3,Test_213,2,0,6.0,-80.0,10757.822418172,1001,91,0.091,0.2606816015828163,890,0.8891108891108891,853674.3658965182,214479.59040034236,304264.62157806923,157070.84307716216,0.5162310434335541,0.48376895656644586,0.9884190093666961,0.030534185298764102,0.9997498145397858,-0.40502211352390743,0.40502211352390743,0.6715746656537478,1.02357217016301,8.987073785821963,0
Case3,Test_214,1,0,88.0,-56.0,9368.07450234547,1001,450,0.45,0.6782064426404892,531,0.5304695304695305,145164.09013180077,52575.23619936723,59658.34807876526,49174.11978229559,0.8242621756367167,0.17573782436328333,0.9992187339351574,0.007992247585371313,0.9999894522832465,-0.10382687002396611,0.10382687002396611,0.19722370320379629,0.3670438154487309,2.8856757483072784,0
Case3,Test_215,3,0,-15.0,-1.0,6249.06905466469,1001,29,0.029,0.15503110223733904,952,0.951048951048951,1540535.5013351268,213437.57980465487,405014.4674272388,105523.1410807385,0.26054165855123634,0.7394583414487637,0.9594187447951126,0.056071145214950484,0.9966645542717856,-0.7372154073425514,0.7372154073425514,1.3271232970621112,1.9681237906233953,9.575209344019413,0
Case3,Test_216,1,0,-45.0,-46.0,15012.716397063,1001,621,0.621,0.8182054054568998,360,0.3596403596403596,164017.5779116772,57290.89023289663,62600.283776644435,54763.99164984714,0.8748201820497028,0.12517981795029717,0.9996297278907539,0.005525815306821819,0.9999954188611277,-0.07160939792562868,0.07160939792562868,0.13580183360394885,0.2566885030590596,2.2204389201056074,0
Case3,Test_217,2,0,71.0,1.0,10643.6393796586,1001,90,0.09,0.2535778496335453,891,0.8901098901098901,857743.370078486,218888.29004272164,314221.3478021288,161613.39712458552,0.5143297813946001,0.4856702186053999,0.9885715088167721,0.030214499022933834,0.9997590942843594,-0.39962088257115264,0.39962088257115264,0.6795361854503077,1.0774261861564816,9.33377607471391,0
Case3,Test_218,3,0,-14.0,24.0,8714.76689759948,1001,53,0.053,0.22065001125848463,928,0.9270729270729271,1115564.7178105176,203999.9371650136,336288.3249770087,128830.43593991827,0.38309517866469533,0.6169048213353047,0.976390182770262,0.043130391148672724,0.9992764711348991,-0.5682345989654981,0.5682345989654981,0.9769838627582016,1.3433937626393735,4.189879062866453,0
Case3,Test_219,1,0,47.0,-76.0,12825.2384906136,1001,452,0.452,0.7023365999442106,529,0.5284715284715285,198900.81554497898,65776.9563958603,69605.84082976179,61869.79642056702,0.8888592635765271,0.11114073642347293,0.9996094843208755,0.005716271803126875,0.9999869369440245,-0.0763825969284145,0.0763825969284145,0.11749327352637527,0.1648692622294416,1.5776968474972932,0
Case3,Test_220,1,0,41.0,88.0,13172.0014559844,1001,321,0.321,0.5931481981881714,660,0.6593406593406593,287944.59004646627,88009.11313649644,96633.16659600716,79565.96929651342,0.8233815790095514,0.17661842099044853,0.9988733926669444,0.009726953589013338,0.999968277889614,-0.12989891217700344,0.12989891217700344,0.19394132310920723,0.34681378427212345,3.533286831213445,0
Case3,Test_221,2,0,17.0,-80.0,11604.4306745973,1001,116,0.116,0.2992694111460808,865,0.8641358641358642,721783.3854574881,196963.39980511944,267863.4383100305,151673.57460008372,0.5662347036124195,0.43376529638758055,0.991759070616014,0.025779580664861124,0.9998159200211897,-0.34196838162191,0.34196838162191,0.5788637724152026,0.9308445141910975,8.12974233861803,0
Case3,Test_222,2,0,28.0,-80.0,12774.0770024773,1001,178,0.178,0.38550845567287856,803,0.8021978021978022,511153.4614849124,159285.19334653948,206723.85694560292,130710.43072642157,0.6322948529390905,0.3677051470609095,0.9949420786409718,0.020201249786644875,0.9998932292537951,-0.26712463553544663,0.26712463553544663,0.4686815430385806,0.7849539308124481,6.04906831755045,0
Case3,Test_223,2,0,31.0,71.0,13310.488571105,1001,219,0.219,0.43676167967154406,762,0.7612387612387612,429232.89964476536,141307.8771605531,182028.84887052356,118690.38807906743,0.6520416341449891,0.34795836585501094,0.9957065664504694,0.018582505651542264,0.9999204645068944,-0.24449913548424215,0.24449913548424215,0.43961250404327595,0.7432504751885592,5.202080821349682,0
Case3,Test_224,2,0,33.0,44.0,13663.7660694357,1001,321,0.321,0.5595034311608919,660,0.6593406593406593,298573.23192644183,101350.8616585417,130939.7223941559,87653.98019443903,0.6694223768902018,0.33057762310979816,0.9962810856530223,0.01723399105684049,0.9999545397640822,-0.22359087722668927,0.22359087722668927,0.4175288599835772,0.6853464812182014,3.843977976874271,0
Case3,Test_225,2,0,20.0,-27.0,9875.4607791255,1001,79,0.079,0.270790197224998,902,0.9010989010989011,854577.7600366907,183375.41454023283,277548.8687358294,126778.91485798173,0.4567805137719718,0.5432194862280282,0.9839543050286808,0.03579363509183296,0.9996118977851784,-0.4732574971577811,0.4732574971577811,0.79808455624839,1.1029922085858355,4.615822612825468,0
Case3,Test_226,2,0,-15.0,46.0,11216.4972515656,1001,109,0.109,0.2983013178855373,872,0.8711288711288712,739298.7758400006,187625.09694722,269150.24709048733,142330.44108718366,0.5288140829361108,0.4711859170638893,0.9899160778909157,0.02827986865651381,0.99979950943463,-0.37233708117798386,0.37233708117798386,0.6569275954099282,1.0697041172643804,8.577584493588915,0
Case3,Test_227,2,0,-72.0,0.0,10652.8484658869,1001,91,0.091,0.25401971888622327,890,0.8891108891108891,856330.0724426035,218642.6896276458,313520.7177438946,161261.2902334427,0.514356089109148,0.48564391089085196,0.9885275080303474,0.03028793530850033,0.9997571471368543,-0.40071621859708967,0.40071621859708967,0.679438900265062,1.0638922726081317,8.826980685330454,0
Case3,Test_228,1,0,42.0,-83.0,13274.6156007379,1001,345,0.345,0.6166244488910934,636,0.6353646353646354,269532.8957210821,83798.59979791287,90895.20807392836,76399.36973257268,0.840521424082492,0.15947857591750805,0.9990799116039272,0.008795523898019878,0.9999725096178621,-0.11744100268361676,0.11744100268361676,0.17296374650297508,0.31735968164634826,3.1792806812527488,0
Case3,Test_229,1,0,-83.0,61.0,8541.76355414934,1001,492,0.492,0.7074893532737164,489,0.4885114885114885,120466.17629835455,45161.49232220309,51181.82826707557,42479.75479323467,0.8299772835696297,0.1700227164303703,0.9992831533692426,0.00765431406669692,0.9999922676211868,-0.09881130624149723,0.09881130624149723,0.19046608921161456,0.34836267737958454,2.5879222051554507,0
Case3,Test_230,1,0,45.0,-74.0,13597.9189175266,1001,441,0.441,0.7000182179479048,540,0.5394605394605395,214219.59186407118,69314.79662070605,68777.41316997995,65317.44822625727,0.949693296327218,0.05030670367278201,0.9997119298729182,0.004991279179269531,0.9999849206149631,-0.06076188756488764,0.06076188756488764,0.09543713825965196,0.6842754332825912,18.982285067906815,0
Case3,Test_231,2,0,-27.0,38.0,12178.2674620367,1001,187,0.187,0.41833070675947126,794,0.7932067932067932,459461.14970598393,132959.13174295638,179650.57653401094,107352.15382302737,0.5975608645080177,0.4024391354919823,0.9936054549196033,0.022605457582123022,0.9998810962552618,-0.2972580190779561,0.2972580190779561,0.5310573315784988,0.8680563408522654,6.3780507044981505,0
Case3,Test_232,2,0,-56.0,26.0,12806.6452724032,1001,192,0.192,0.40496429071523526,789,0.7882117882117882,472717.57012883766,149046.56990515187,197471.5050007453,122871.03702778592,0.6222216062379338,0.3777783937620662,0.9947354618279065,0.020517812679309015,0.9999019978524271,-0.26951191850511536,0.26951191850511536,0.4893855486086378,0.8317947923698343,5.841416392731503,0
Case3,Test_233,1,0,52.0,-84.0,10522.9193016957,1001,430,0.43,0.6728871709382076,551,0.5504495504495505,170871.40493270895,58510.21475799508,65258.56353966946,54758.26511858079,0.8390970034958595,0.16090299650414058,0.9993430393595032,0.007346831235116564,0.9999877745791985,-0.09646644833457259,0.09646644833457259,0.17795170633755988,0.3477247564076532,3.366056932433537,0
Case3,Test_234,2,0,23.0,-68.0,12536.9771694044,1001,152,0.152,0.35284047495934684,829,0.8281718281718282,588747.8141781124,173582.3165532028,231245.9644027072,139614.88086751036,0.6037505615638579,0.39624943843614213,0.9938393745729679,0.022237494310196143,0.9998734197453115,-0.2937493120395424,0.2937493120395424,0.5170739322713284,0.8835920999417962,7.435199144559533,0
Case3,Test_235,2,0,-63.0,2.0,10900.9634557258,1001,93,0.093,0.2589329406833027,888,0.8871128871128872,855301.6535514583,218208.96941816402,314194.9211651878,162351.17906571322,0.5167212075345966,0.4832787924654034,0.9889075347686522,0.02971885144672629,0.9997698841566782,-0.39239647339546474,0.39239647339546474,0.6772373133175652,1.0796361370700633,8.728757439660285,0
Case3,Test_236,1,0,80.0,72.0,6800.73429496865,1001,468,0.468,0.6877791704297899,513,0.5124875124875125,99801.46691725933,37987.51269911189,41621.5027523964,36124.12746304945,0.8679198268728913,0.13208017312710874,0.9995835035495224,0.0058566700576404744,0.9999935417482633,-0.07645585054516323,0.07645585054516323,0.1436078709583544,0.2760719091154493,2.604377598487247,0
Case3,Test_237,2,0,11.0,46.0,10762.412190422,1001,94,0.094,0.2731616528709907,887,0.8861138861138861,821649.3738852566,199658.32673882312,292567.14483173995,148255.3930701996,0.5067397200579842,0.4932602799420158,0.9883897816538385,0.030305822639686425,0.9997669002847875,-0.39892282262688294,0.39892282262688294,0.7010674692407295,1.1279259357277074,9.232225062589578,0
Case3,Test_238,1,0,75.0,55.0,10805.7569974275,1001,552,0.552,0.7598473517433058,429,0.42857142857142855,136321.19846459344,49556.12109798846,55384.38474940487,46888.56238592303,0.8466025685412507,0.15339743145874934,0.9994323215716377,0.006824165547328869,0.9999934268823496,-0.08824947016614988,0.08824947016614988,0.16969213864123653,0.3087271967291018,2.2300417906104713,0
Case3,Test_239,2,0,-31.0,-79.0,13044.4563544934,1001,205,0.205,0.4194534874536024,776,0.7752247752247752,450246.23238216783,146127.4638537504,188426.7650921714,121755.97320774832,0.646171328941458,0.35382867105854204,0.9954752912525622,0.019092421705738303,0.9999105504675108,-0.2517862618096823,0.2517862618096823,0.4478352170324142,0.7526716114751094,5.4094620163274385,0
Case3,Test_240,2,0,2.0,-73.0,10949.0331234622,1001,92,0.092,0.26088741899537915,889,0.8881118881118881,868055.3383749874,217530.0373180601,310856.6644351618,160284.05951513228,0.5156204703102455,0.48437952968975456,0.9885667560712992,0.030272345022478626,0.9997586554943928,-0.40079701537807777,0.40079701537807777,0.6754206711254735,1.034509327318379,8.20933048915765,0
Case3,Test_241,2,0,40.0,-77.0,13778.7771000721,1001,337,0.337,0.5540156706531508,644,0.6433566433566433,285930.6852395891,107480.83097934515,136950.6983686653,93267.61510599797,0.681030591424409,0.318969408575591,0.9965817705356425,0.01656314564728633,0.999957618291894,-0.21571098655998644,0.21571098655998644,0.3978880081517731,0.6301705724236683,2.9395095230058246,0
Case3,Test_242,3,0,16.0,-10.0,6878.5399567018,1001,34,0.034,0.16994882939972714,947,0.9460539460539461,1430836.004056372,213448.89512503083,388232.4664717476,115122.56882535206,0.2965299885184377,0.7034700114815623,0.9652746926311092,0.051969004531284,0.9979185720426428,-0.683591383886392,0.683591383886392,1.2157858558576977,1.7821528874435664,8.67031531474504,0
Case3,Test_243,1,0,-47.0,65.0,15075.0536671224,1001,639,0.639,0.7840864120605726,342,0.34165834165834164,163793.68797484838,74563.75462704756,89170.89270166156,66390.69597098745,0.7445332659515963,0.25546673404840364,0.9977797206835171,0.01348652081612543,0.9999770379530052,-0.17705775146951203,0.17705775146951203,0.30142068438417907,0.40083037193170074,0.9478912968281463,0
Case3,Test_244,2,0,21.0,-26.0,9959.22529526549,1001,79,0.079,0.2740104995002399,902,0.9010989010989011,850195.0163872764,182493.95950328425,275574.02605502727,126110.89070314792,0.4576298155108631,0.5423701844891369,0.9840225833658296,0.03574344317329397,0.9996082718179202,-0.47277744332647087,0.47277744332647087,0.7954283203122983,1.0785093074739285,3.3278752693840943,0
Case3,Test_245,2,0,38.0,-71.0,13935.6722284767,1001,326,0.326,0.5461484925885083,655,0.6543456543456544,299604.57717623416,110514.03049082916,139732.90813655112,95821.11491506199,0.6857447983650549,0.3142552016349451,0.99665876197716,0.016398040059421245,0.9999549131866846,-0.21422212201779928,0.21422212201779928,0.3898631919069932,0.6168899772607459,3.089045494519894,0
Case3,Test_246,1,0,-41.0,87.0,13195.2628197854,1001,322,0.322,0.5926076697155688,659,0.6583416583416584,287417.849047922,88445.315453712,96991.70466893371,79961.63965712365,0.8244173038308835,0.17558269616911643,0.9988802300614292,0.009701451558532694,0.999968732400696,-0.12954067553808057,0.12954067553808057,0.1924261237851251,0.3685159881597973,4.435110037516722,0
Case3,Test_247,2,0,-81.0,-10.0,10702.5136560162,1001,97,0.097,0.2641047307410832,884,0.8831168831168831,804497.8161724763,210710.87360655682,296199.1117222548,156321.32865985652,0.5277575876271995,0.47224241237280057,0.9893647033771303,0.029252693566217274,0.999769107688411,-0.387992428197219,0.387992428197219,0.6493737970153695,1.0159815991573422,8.865448363823475,0
Case3,Test_248,1,0,-77.0,51.0,11548.8947676503,1001,490,0.49,0.7197341456000812,491,0.4905094905094905,165019.0967236247,57712.68283617394,63356.602787825606,54385.26094887245,0.8583992599950915,0.14160074000490855,0.9994905250379997,0.006484435022697604,0.9999900683738017,-0.0854383848657592,0.0854383848657592,0.15438134927246305,0.28317931161623483,2.399180240665146,0
Case3,Test_249,2,0,-58.0,-27.0,12865.6365293124,1001,199,0.199,0.412232957816646,782,0.7812187812187812,457949.4350887338,146512.400306114,193247.50288776562,121250.28329571123,0.6274351879523692,0.3725648120476308,0.9949161332698698,0.020168551687281648,0.9999058654484785,-0.2649036142605259,0.2649036142605259,0.4806772543967913,0.8182370577206677,5.703895234070842,0
Case3,Test_250,1,0,-51.0,-40.0,14825.6091730173,1001,532,0.532,0.7222462685638836,449,0.4485514485514486,194433.6549264526,78747.82999548454,95525.5822502358,70362.60133729399,0.7365838519881966,0.2634161480118034,0.9977346636611021,0.013568470873591351,0.9999784423115294,-0.1770762843086926,0.1770762843086926,0.3144157616378382,0.4518472867107806,1.5747966238170648,0
Case3,Test_251,1,0,-49.0,-84.0,11286.8981278139,1001,405,0.405,0.6548302549945485,576,0.5754245754245755,195540.1446605632,65495.516918722904,72450.79227136254,60927.77137291286,0.8409538317360215,0.15904616826397858,0.9993108792626543,0.007542734010827883,0.9999842898027866,-0.09999306407710053,0.09999306407710053,0.17483019511752992,0.3197772430780989,3.1626333447748607,0
Case3,Test_252,2,0,65.0,34.0,13582.2521258956,1001,279,0.279,0.49782207325633526,702,0.7012987012987013,342069.6340084204,122099.63142087888,155869.18243983784,104584.22658138942,0.6709743705864158,0.3290256294135841,0.9962843228763698,0.017283400616255547,0.9999428627173792,-0.22632773056007888,0.22632773056007888,0.4117063615892821,0.6685977560194544,3.7531364926834385,0
Case3,Test_253,2,0,-32.0,69.0,13513.0108475982,1001,237,0.237,0.4579875291246935,744,0.7432567432567433,401866.1347345203,134813.75231474545,173176.3419074263,113964.66028461701,0.6580844648256765,0.3419155351743235,0.9959147968163111,0.01812431253046037,0.9999282054530331,-0.23813443867303669,0.23813443867303669,0.43065544467266853,0.7213590511400338,4.7854464126187395,0
Case3,Test_254,2,0,37.0,74.0,13705.9211705737,1001,295,0.295,0.5156555764712012,686,0.6853146853146853,326218.0246928741,117408.34130413452,149152.19439618627,101150.21815765274,0.6781678175580305,0.3218321824419696,0.9964822618028116,0.016820578227210014,0.9999480732766651,-0.2200473595818575,0.2200473595818575,0.4008435194095049,0.6469384017111618,3.5179424953528837,0
Case3,Test_255,2,0,26.0,-62.0,13013.3135295636,1001,184,0.184,0.3966284063192553,797,0.7962037962037962,502752.68650849425,155321.0063341571,204251.44484038372,127810.6405047883,0.6257514633723567,0.37424853662764335,0.9948104582427284,0.02039892425749561,0.9998982432248719,-0.268640637639177,0.268640637639177,0.48197876759841557,0.8296310731027896,6.3396713368524615,0
Case3,Test_256,1,0,-82.0,-54.0,10170.3964361413,1001,465,0.465,0.6931890442328364,516,0.5154845154845155,152701.88230651128,54782.586170791146,61714.686421088314,51321.1786446411,0.8315877730378343,0.16841222696216576,0.9992852772835901,0.007652292171815376,0.9999895399496207,-0.09971165716170086,0.09971165716170086,0.1878113379085438,0.3496110061519703,2.7783302782146393,0
Case3,Test_257,2,0,6.0,36.0,9442.08941007177,1001,68,0.068,0.23337940144498634,913,0.9120879120879121,995376.8387831901,208536.11825684406,327707.0380197496,142935.46436121076,0.4361684302691009,0.5638315697308991,0.9821801545082476,0.037449815350750065,0.9995989211080996,-0.49265582830437255,0.49265582830437255,0.8538630396473703,1.255268542411689,7.984844327448172,0
Case3,Test_258,1,0,-45.0,-78.0,13161.0485787146,1001,417,0.417,0.6734186976871853,564,0.5634365634365635,222760.30014296257,72892.3630202507,77853.23784802144,67816.58419606024,0.8710823861744336,0.1289176138255664,0.9994489115695443,0.0067953270207065574,0.9999824855755669,-0.09079205262968056,0.09079205262968056,0.13758718822624477,0.17073664495905344,0.3109039975341261,0
Case3,Test_259,1,0,-65.0,69.0,9961.52899816816,1001,662,0.662,0.8365938901101174,319,0.31868131868131866,101849.45076498431,38095.53257002033,39323.58382204516,37152.16323545564,0.9447807047186731,0.05521929528132687,0.9999230642803375,0.002536930797477699,0.9999979502453895,-0.033719065067329586,0.033719065067329586,0.056845216639539474,0.08414390845127324,0.44546335770758105,0
Case3,Test_260,2,0,47.0,-18.0,11343.954739039,1001,124,0.124,0.31647298134704727,857,0.8561438561438561,655483.8040615696,177482.0103518117,250396.96852639795,137391.84056381186,0.5486961019231644,0.4513038980768355,0.9911857162482755,0.026446876273831757,0.9998280937980907,-0.34794171702881865,0.34794171702881865,0.6194816675686421,1.0354820382718848,8.372337360298275,0
Case3,Test_261,1,0,-53.0,83.0,10375.5603699807,1001,445,0.445,0.6834169397331027,536,0.5354645354645354,162490.80940640354,56538.25440468843,63033.76019739243,53042.953296535845,0.841500699473266,0.158499300526734,0.9993711386374559,0.007186855058980687,0.9999889413384943,-0.09414694968553122,0.09414694968553122,0.17517794209215412,0.3401361125432192,3.1553612792133094,0
Case3,Test_262,2,0,-4.0,70.0,10994.1934761941,1001,92,0.092,0.2619012952190086,889,0.8881118881118881,863145.7434357093,217185.58413607164,310325.6644547172,161010.28030673575,0.5188429406560746,0.4811570593439254,0.9888953126215572,0.029801049934369904,0.999766764849206,-0.39424053638685175,0.39424053638685175,0.6703957256199692,1.0536812306157775,8.961246171503717,0
Case3,Test_263,2,0,-23.0,-67.0,12565.0977150335,1001,153,0.153,0.3549395682062982,828,0.8271728271728271,585714.3833939795,172643.886294065,230252.6644255503,138797.6062868267,0.6028056467147002,0.3971943532852998,0.9937997731984274,0.02230532926114923,0.9998725932704225,-0.2945951631624736,0.2945951631624736,0.5188182608582121,0.8856126010220388,7.368673134794449,0
Case3,Test_264,1,0,76.0,48.0,12438.9435892673,1001,465,0.465,0.7071691034811692,516,0.5154845154845155,187305.2677693575,63431.2884960721,68083.92486539698,59653.766191976676,0.8761798957670718,0.12382010423292822,0.9995618033780727,0.006038621228149861,0.9999876362784704,-0.0805491512409061,0.0805491512409061,0.13248380080579697,0.22567902814056123,2.3637269912937313,0
Case3,Test_265,2,0,-19.0,30.0,10008.7917364659,1001,86,0.086,0.277277315811032,895,0.8941058941058941,812842.8510596432,180820.36784386533,270161.2330656988,127595.98823965288,0.47229569835663143,0.5277043016433686,0.9853246582454619,0.03421401501766628,0.999663616549029,-0.4521955809270372,0.4521955809270372,0.7663949652938031,1.1044686625236089,6.784836845553514,0
Case3,Test_266,2,0,38.0,-75.0,13749.6594938108,1001,309,0.309,0.5286681368957223,672,0.6713286713286714,312263.0887485911,113983.36286223473,144761.05698294542,98470.13909764461,0.6802253392585105,0.3197746607414895,0.9965399382436461,0.016679768653344716,0.9999515221123327,-0.21795451647739875,0.21795451647739875,0.3980504008489227,0.6364994691768906,3.293673274079424,0
Case3,Test_267,1,0,49.0,53.0,14337.2223443229,1001,730,0.73,0.873338791345664,251,0.25074925074925075,133355.1646000047,50526.93405478679,52657.66860402303,49123.59420625117,0.9328858551572513,0.06711414484274865,0.9998954441062121,0.00295594829765967,0.9999974486334874,-0.03899925830783096,0.03899925830783096,0.069662906062967,0.12568358030264787,1.0160713874040823,0
Case3,Test_268,2,0,2.0,72.0,10946.4904450555,1001,91,0.091,0.260549286344385,890,0.8891108891108891,869577.2093631774,217794.81641160062,311358.70328826987,160707.1959340842,0.5161480769185188,0.4838519230814812,0.9886140549760511,0.03019460633367087,0.999757362735546,-0.3996483082428806,0.3996483082428806,0.6752826165505691,1.0477515227743202,8.711697113397577,0
Case3,Test_269,2,0,41.0,-22.0,11459.2114973758,1001,145,0.145,0.3516756600287318,836,0.8351648351648352,566896.412446329,156979.0056871682,218729.95023712327,122787.38761009517,0.5613652244559212,0.4386347755440788,0.991814791345965,0.025524484616519735,0.9998419855625461,-0.3359157958296738,0.3359157958296738,0.5954998862502962,0.9715694819294091,7.214628926388627,0
Case3,Test_270,3,0,-21.0,8.0,7380.45064142783,1001,40,0.04,0.18129182825098852,941,0.9400599400599401,1328011.875682535,213754.2219173325,377461.3108115599,123177.274455972,0.3263308607473835,0.6736691392526164,0.9693244922504863,0.0488644361412113,0.9986368313091457,-0.6423334285849971,0.6423334285849971,1.133067247755777,1.6486515900792473,8.478701755410384,0
Case3,Test_271,2,0,-36.0,-11.0,9614.09144478225,1001,77,0.077,0.2469422652710004,904,0.903096903096903,903721.1573051144,199731.82094686097,307409.9641767509,139846.75592173962,0.45491939825780076,0.5450806017421992,0.9840128027770322,0.03550725790845392,0.9996549467681948,-0.46748391996647015,0.46748391996647015,0.8103028526659127,1.2355165992079489,9.36897261205047,0
Case3,Test_272,2,0,-65.0,36.0,13812.089506958,1001,316,0.316,0.5347952377454879,665,0.6643356643356644,306115.535436153,113032.38771126069,143261.13004350482,97658.68245070628,0.6816830386654761,0.318316961334524,0.996548118943136,0.0166667916052168,0.9999517769437772,-0.21792356199235968,0.21792356199235968,0.3958479057595411,0.6278579356507452,3.1867667046450947,0
Case3,Test_273,2,0,-21.0,30.0,10379.9999350059,1001,96,0.096,0.2965926612663997,885,0.8841158841158842,751355.8597177301,173354.16394311568,253705.7732370413,124673.37348530295,0.4914092883839054,0.5085907116160946,0.9868784503426559,0.03240629169001526,0.9997012929423299,-0.42869015089931917,0.42869015089931917,0.725228397989247,1.0461385673346233,6.37736369591471,0
Case3,Test_274,2,0,34.0,-29.0,12018.0540659461,1001,186,0.186,0.41873644296896617,795,0.7942057942057942,453750.4990289407,131065.37843873292,175697.95456876533,105337.49964749142,0.5995374272058701,0.4004625727941299,0.9935985534625704,0.02266635503503566,0.9998701019650628,-0.29893994360627624,0.29893994360627624,0.5257562231705792,0.8472775508996953,6.415736654215834,0
Case3,Test_275,2,0,-32.0,-82.0,13082.1574507343,1001,213,0.213,0.4280549848641389,768,0.7672327672327672,435051.0689939573,142910.780909516,183515.07781070058,119545.3461716633,0.6514197503432207,0.34858024965677925,0.9956556750269958,0.01871599354537433,0.9999148632553123,-0.24680588935528566,0.24680588935528566,0.439489080562527,0.7303985449753349,4.983399281431048,0
Case3,Test_276,2,0,-55.0,-10.0,11068.8982357084,1001,100,0.1,0.2740257210536418,881,0.8801198801198801,799949.6251761095,206604.3375275488,296431.15670550853,155744.66737227916,0.5253991149351575,0.4746008850648425,0.9896361983058861,0.028684521590962655,0.9997892115867018,-0.37812370026982756,0.37812370026982756,0.6622390894886897,1.086786344670011,9.00233900994283,0
Case3,Test_277,1,0,41.0,-54.0,15076.9105785936,1001,550,0.55,0.7351640393480765,431,0.4305694305694306,191165.40529634512,78113.05360904298,94043.33591137842,69997.1086420508,0.7443069512975642,0.25569304870243587,0.9978735496568808,0.013158147512050203,0.9999790020509756,-0.17190166788712613,0.17190166788712613,0.3032003277245679,0.4343403116057341,1.477748852816319,0
Case3,Test_278,2,0,-58.0,-31.0,13398.269507876,1001,255,0.255,0.47648414286503077,726,0.7252747252747253,370071.2779039612,126758.71866661285,163655.89911310846,107584.60420486199,0.6573829894790801,0.3426170105209198,0.9959184640152178,0.018092750884503284,0.9999326650975014,-0.23693078147224386,0.23693078147224386,0.43316025094566746,0.7187119684138088,4.328265512632356,0
Case3,Test_279,2,0,51.0,-22.0,12131.8579464691,1001,156,0.156,0.3599993345290307,825,0.8241758241758241,555286.6606476874,162805.61793609647,221848.15916174543,130504.660167145,0.5882611812523377,0.4117388187476622,0.9932727308018509,0.02315105977966482,0.999869263638682,-0.30438248135006424,0.30438248135006424,0.547802945095388,0.9285773201184758,6.963954688186391,0
Case3,Test_280,2,0,55.0,-15.0,11442.8501429008,1001,115,0.115,0.29738214500510857,866,0.8651348651348651,717178.9995603514,193955.7846542873,272368.00425241876,149553.672042839,0.5490867859215915,0.45091321407840845,0.9911407802818238,0.02654744924737244,0.9998214494640125,-0.34993180815767577,0.34993180815767577,0.6169158361151806,1.033413731631397,8.606925314652699,0
Case3,Test_281,1,0,-76.0,-89.0,5726.00253590003,1001,386,0.386,0.6291509017312207,595,0.5944055944055944,99644.95596408234,36519.71304905393,37971.096827378184,35062.46742191768,0.92339885732868,0.07660114267132,0.9998295239136491,0.003775929648569953,0.9999933984639158,-0.05048747280790705,0.05048747280790705,0.07964836858199055,0.09943068313630302,0.3309251331830865,0
Case3,Test_282,2,0,32.0,8.0,8891.96813090958,1001,63,0.063,0.22212901628877918,918,0.9170829170829171,1032566.1726298645,207552.2694723342,332679.50882732996,138273.72785475332,0.4156364434411898,0.5843635565588102,0.9800891197365054,0.03955351678133825,0.9995076118725268,-0.5204549829665778,0.5204549829665778,0.9011099739159025,1.3316594231246281,8.924970570464097,0
Case3,Test_283,2,0,13.0,90.0,10953.7981202937,1001,101,0.101,0.27516195859799225,880,0.8791208791208791,786267.0313257511,205305.5387609761,283675.30668341176,153476.51595624335,0.5410288183015052,0.45897118169849477,0.9901232502649029,0.02826087949578324,0.9997753161143883,-0.3754288339279609,0.3754288339279609,0.6224353784113833,0.954084476526764,8.084016991949852,0
Case3,Test_284,3,0,26.0,-2.0,7864.59397163862,1001,46,0.046,0.19153924039684234,935,0.9340659340659341,1244739.1692763977,215185.82605258524,370018.1577353326,130595.20778880136,0.3529427004017835,0.6470572995982166,0.9727184012699936,0.04610767487711979,0.9990450980792044,-0.6057820209800389,0.6057820209800389,1.0629257204954,1.5433530497907626,8.538644770216251,0
Case3,Test_285,3,0,6.0,16.0,6711.84767085781,1001,32,0.032,0.16764611490028922,949,0.948051948051948,1488424.4560519455,211856.32231940673,387714.419296509,110016.63248707817,0.28375687622528606,0.7162431237747139,0.9638164033899765,0.05315400930466817,0.9973219272918479,-0.700252584373407,0.700252584373407,1.2468154247279446,1.822396928087768,7.832370239174679,0
Case3,Test_286,1,0,43.0,52.0,15525.674342884,1001,647,0.647,0.8019846829734351,334,0.3336663336663337,167289.67564658343,70377.67060715427,82575.41812401546,63835.56020886848,0.7730576684818886,0.22694233151811133,0.9983650894468343,0.011579178370944802,0.9999841181402046,-0.15162694387181014,0.15162694387181014,0.2629198270893418,0.3620217260004388,1.0608755438878177,0
Case3,Test_287,2,0,20.0,24.0,9444.09385930497,1001,69,0.069,0.2523963616124214,912,0.9110889110889111,938459.4834842769,190155.0778296392,294577.54755342903,127571.4721185718,0.4330658367485849,0.5669341632514151,0.9818709823841449,0.038006087189683097,0.9995046159776497,-0.5023783301469943,0.5023783301469943,0.8507049848113165,1.168699246273682,4.066577673904817,0
Case3,Test_288,1,0,75.0,52.0,11544.7314015205,1001,523,0.523,0.7442747303525762,458,0.45754245754245754,154089.51892042466,54370.55090881475,59752.028003042695,51460.86568319774,0.8612404867760681,0.1387595132239319,0.9995311232806886,0.006216512180326453,0.9999920051671619,-0.0814340954416983,0.0814340954416983,0.1513262145745733,0.284489057150246,2.4047986331933657,0
Case3,Test_289,2,0,13.0,-85.0,11066.8441687687,1001,102,0.102,0.27750653837511213,879,0.8781218781218781,784977.5749889297,205439.10221697087,284135.7369307578,153928.00225556226,0.5417410844489217,0.45825891555107834,0.9902188977677187,0.028109465567384063,0.9997815298459932,-0.3732779893487291,0.3732779893487291,0.6213375714262312,0.9615604702848383,8.46736699372343,0
Case3,Test_290,2,0,35.0,27.0,11709.8618596998,1001,170,0.17,0.3957972444100045,811,0.8101898101898102,486461.8501665276,137678.4351107342,187129.79894312154,109256.8585997247,0.5838560144711828,0.4161439855288172,0.9928835122873165,0.02387431599346516,0.9998563743002141,-0.3148618241694447,0.3148618241694447,0.5528995929320507,0.8922657951139586,6.763169231399843,0
Case3,Test_291,2,0,-52.0,-35.0,13944.8454930924,1001,363,0.363,0.5859738393866477,618,0.6173826173826173,268945.40946356725,99392.0938731073,125790.45743100432,86734.76473164014,0.6895178418379939,0.31048215816200614,0.9967836477308447,0.01607720050219257,0.9999614485670487,-0.20924468668682036,0.20924468668682036,0.3849275224748644,0.604958436705478,2.8734594363566544,0
Case3,Test_292,1,0,-54.0,-72.0,11580.6606598891,1001,584,0.584,0.7866646674534632,397,0.3966033966033966,137444.59255113866,49279.46377118203,53951.14470777822,47061.75887684637,0.872303250130324,0.12769674986967605,0.9996282912779086,0.005533184693546167,0.9999948104672907,-0.07166683454752965,0.07166683454752965,0.13864193038772835,0.27034866411284,2.2829520111768034,0
Case3,Test_293,2,0,-58.0,-40.0,14531.1701397919,1001,473,0.473,0.6716083246804436,508,0.5074925074925075,214380.30159804504,87088.23354953536,106559.02641067207,77073.30185955616,0.7232920988084134,0.27670790119158656,0.997455422092904,0.014372242831508238,0.999972125429793,-0.1880117546104211,0.1880117546104211,0.3330760251950648,0.482702387447445,1.7424993086422091,0
Case3,Test_294,1,0,-52.0,-80.0,10915.09564881,1001,461,0.461,0.6976130717033253,520,0.5194805194805194,165405.14303121157,57389.30719349415,63322.12766647033,53978.84595111915,0.8524483926919825,0.14755160730801758,0.9994500018456353,0.006731568388805876,0.9999893274389783,-0.08856096077120004,0.08856096077120004,0.16173641693573446,0.3065982016351526,2.804860109459298,0
Case3,Test_295,2,0,34.0,-45.0,13943.52803784,1001,350,0.35,0.5858516599286192,631,0.6303696303696303,279238.50512851623,97083.32556278504,124482.6234353708,84573.97980637092,0.6794038996959303,0.32059610030406976,0.9965504763269021,0.016609275608593373,0.9999609961452318,-0.2152445692335913,0.2152445692335913,0.40183612515606276,0.6512938358297943,3.4445415511781903,0
Case3,Test_296,3,0,-5.0,5.0,5506.61260131286,959,23,0.024008350730688934,0.1443021352890958,917,0.9562043795620438,1664528.1369143808,212743.09823773854,414453.5773729018,96323.15977267202,0.2324100093024554,0.7675899906975445,0.9543079989184762,0.05964782967667721,0.9945335749321252,-0.7782183661515558,0.7782183661515558,1.4124827691011288,2.139552556527703,10.180993765440007,1
Case3,Test_297,2,0,-58.0,2.0,10810.0291492321,1001,91,0.091,0.25748538106890895,890,0.8891108891108891,861968.2223185439,217209.9647567594,315165.2413369842,161376.16713566668,0.5120366905026763,0.4879633094973237,0.9886504644710906,0.03001378734577526,0.999765432901729,-0.3957978553678712,0.3957978553678712,0.6885459783830009,1.1120101111810672,9.207171422577062,0
Case3,Test_298,2,0,25.0,-82.0,12420.5839448277,1001,155,0.155,0.3550388002300084,826,0.8251748251748252,573824.3671468508,171616.0630535437,224970.04407291365,138271.7693531801,0.614623026469985,0.38537697353001493,0.9941818735990258,0.021677484145158334,0.9998708423728628,-0.2872097196661577,0.2872097196661577,0.49629956388141777,0.8230013837913279,6.650083959296921,0
Case3,Test_299,3,0,-30.0,-10.0,8802.60594255605,1001,61,0.061,0.22187827935080695,920,0.919080919080919,1042534.4391316572,205511.78522110503,331514.2673776781,135347.44664115165,0.40827035201763096,0.591729647982369,0.979240813149494,0.0403879840569533,0.9994630253339398,-0.5315751425400214,0.5315751425400214,0.9186698322490304,1.3518311156531388,8.979007338357292,0
Case3,Test_300,2,0,-73.0,-18.0,11712.978120585,1001,124,0.124,0.30629354126430003,857,0.8561438561438561,683084.150784428,193540.9946129554,263735.806325481,150684.04430182514,0.571344658888916,0.42865534111108405,0.9921658479456712,0.02508557871199682,0.9998330030781838,-0.3320515532024169,0.3320515532024169,0.571847592249024,0.9359255811120505,7.653915456143864,0
Case4,Test_001,2,1,11.0,49.0,11011.2961092,1001,98,0.098,0.27822252884765003,883,0.8821178821178821,809146.0697581063,200550.13879458405,290444.1514093995,150356.6247965499,0.5176782664306869,0.48232173356931307,0.9891727919173167,0.029294501088953623,0.999780760746747,-0.3858369193285103,0.3858369193285103,0.6784405572572845,1.0976888354340253,8.815083435968859,0
Case4,Test_002,2,1,-15.0,-71.0,11586.5645964,1001,112,0.112,0.29365153236751496,869,0.8681318681318682,745938.6498321329,200318.1170614228,276974.7447587826,153571.78752243836,0.5544613378240824,0.4455386621759176,0.9912285466972132,0.026524911181784513,0.9998135806706384,-0.35110580395917507,0.35110580395917507,0.6024012835983003,0.9830990183934768,8.592268217636502,0
Case4,Test_003,2,1,-88.0,11.0,10716.931733,1001,98,0.098,0.267130314111349,883,0.8821178821178821,794519.3381603842,208710.28662052358,291449.68729976827,154630.85524425498,0.5305576296097056,0.46944237039029435,0.9894823105396872,0.029134178647182808,0.9997642884224404,-0.3868557908758497,0.3868557908758497,0.6422202927009825,0.9976494164905997,8.854230321656814,0
Case4,Test_004,2,1,-25.0,-46.0,12312.4544519,1001,181,0.181,0.40201570833531614,800,0.7992007992007992,482116.64503594645,142507.90577007033,193415.45520997173,115732.63040706582,0.5983628882264167,0.4016371117735833,0.9937709218821664,0.022260357066152713,0.9998856332966424,-0.29182351731680084,0.29182351731680084,0.5318650841959505,0.9021638947869906,6.5370088002629245,0
Case4,Test_005,2,1,32.0,27.0,11302.030914,1001,148,0.148,0.37036189341693776,833,0.8321678321678322,534992.181851495,144312.84585441844,198007.81617823208,112030.40339814118,0.5657877833332582,0.43421221666674187,0.9919021673648077,0.025501645530966822,0.9998239800775554,-0.33720473290556957,0.33720473290556957,0.5827515751399649,0.9167096999385346,7.264558476311208,0
Case4,Test_006,1,1,-76.0,-52.0,11317.8406285,1001,507,0.507,0.7294130228961634,474,0.47352647352647353,155993.17146848113,55801.74370961572,61426.31412598807,52635.122497947545,0.8568823190333477,0.14311768096665228,0.9994867407490354,0.006505984748605845,0.9999909323311297,-0.08549143631453103,0.08549143631453103,0.1563717673231623,0.2819443145853723,2.2208927492928296,0
Case4,Test_007,2,1,-66.0,-12.0,11242.2263908,1001,105,0.105,0.27919966643028615,876,0.8751248751248751,772872.4593446591,206526.51960962865,290542.29674395226,156879.92575906153,0.5399555504213417,0.4600444495786583,0.9904246154266813,0.027651882583064002,0.999799992916809,-0.3654088894163079,0.3654088894163079,0.6313847325368069,1.0323802519377994,8.741173215658364,0
Case4,Test_008,1,1,-43.0,77.0,13759.4394451,1001,394,0.394,0.6612494178285019,587,0.5864135864135864,243663.13019365916,77972.812730061,81152.48713217603,72207.7192451205,0.8897782655448766,0.1102217344551234,0.9994412252590155,0.006905867001586344,0.9999789230400496,-0.09098250788998533,0.09098250788998533,0.11857707434267743,0.6687287273240146,29.5951099615001,0
Case4,Test_009,1,1,75.0,40.0,13655.920189,1001,345,0.345,0.5569369124399932,636,0.6353646353646354,276457.22770311584,106635.10422179241,135110.91422043723,92622.66858108122,0.6855306184218748,0.31446938157812515,0.9966522611497758,0.016407859340832897,0.9999580335582654,-0.2140093337244402,0.2140093337244402,0.39046968953550854,0.6087411999269375,2.7368998946063243,0
Case4,Test_010,1,1,-63.0,87.0,7942.92839762,1001,467,0.467,0.6910319422239586,514,0.5134865134865135,117278.26118961054,43500.61625668655,48135.15066276932,41197.99602841933,0.8558817301113049,0.14411826988869517,0.9995021567187983,0.006395960474869381,0.9999926352032299,-0.08329264314716307,0.08329264314716307,0.15808726838689371,0.30529018371105404,2.821867870350559,0
Case4,Test_011,2,1,-72.0,-8.0,10889.5463732,1001,97,0.097,0.2642864173004121,884,0.8831168831168831,819345.0782619497,213647.5346037495,303203.6446253424,159319.40972474217,0.5254534783762488,0.4745465216237512,0.9893652670364323,0.029176871905100578,0.9997749153565839,-0.3861060499368401,0.3861060499368401,0.6571767930748306,1.0370889171248343,8.524597789445806,0
Case4,Test_012,1,1,-84.0,47.0,11739.5403689,1001,391,0.391,0.6434613774626458,590,0.5894105894105894,211217.9947240746,70069.2171719396,77781.00164947708,64739.94821754738,0.832336262642905,0.16766373735709503,0.9991963593054107,0.008149903873620419,0.9999812156074892,-0.10828602256489978,0.10828602256489978,0.18517669513084778,0.32087755688514086,3.054187217171375,0
Case4,Test_013,1,1,57.0,48.0,15063.2943447,1001,751,0.751,0.85019751977784,230,0.22977022977022976,138262.5238668809,68926.38180506487,80388.37333472616,61400.954404870245,0.7638039166336292,0.23619608336637074,0.9980936934002328,0.012566224494458645,0.9999722395133639,-0.16577705608762047,0.16577705608762047,0.27324296536322057,0.349103977312548,0.6719453333350884,0
Case4,Test_014,1,1,54.0,51.0,13934.8684426,1001,754,0.754,0.8850239304465028,227,0.22677322677322678,125248.83738058472,48189.70474199226,50443.866424600725,46916.240112347354,0.9300682806000573,0.06993171939994275,0.9998937967904533,0.002977754816820109,0.9999978557830355,-0.03891795363100788,0.03891795363100788,0.07284638777406462,0.13492951723493884,1.061342077612636,0
Case4,Test_015,2,1,17.0,33.0,10022.3210295,1001,87,0.087,0.2751195354290369,894,0.8931068931068931,812609.1600173517,183163.07947859555,273880.61327645904,130370.39102697623,0.47601175368837984,0.5239882463116202,0.9857367526708585,0.03367925105561315,0.9996882685915307,-0.4446041043904363,0.4446041043904363,0.7602030117901083,1.1263517488869819,7.870585688711685,0
Case4,Test_016,1,1,52.0,44.0,15284.4841387,1001,671,0.671,0.8131814713298494,310,0.3096903096903097,158317.82049156405,69289.01633538265,81106.15736705199,62669.678920309445,0.7726870678473043,0.2273129321526956,0.9983225854235632,0.01174044141219094,0.999982265062935,-0.154041440323562,0.154041440323562,0.26324658779809135,0.35635520793572123,0.9516117800322945,0
Case4,Test_017,2,1,-41.0,73.0,14021.8938199,1001,377,0.377,0.5901583345052297,604,0.6033966033966034,259915.61046491508,100423.67594226179,127060.83016205726,87577.27740212143,0.6892547238234057,0.31074527617659436,0.996739769574613,0.016193595794299537,0.9999631768666756,-0.21091044602923414,0.21091044602923414,0.3851928430552117,0.589567958134804,2.490718132957568,0
Case4,Test_018,2,1,88.0,18.0,11264.079576,1001,117,0.117,0.29528812187792447,864,0.8631368631368631,696635.7274430235,195023.8548647261,264588.05276157893,150159.49288376438,0.5675218186025713,0.4324781813974286,0.991875535945418,0.025606492213630476,0.9998151833092586,-0.33983678731521877,0.33983678731521877,0.5755934443813997,0.9322654798989539,8.204714946702211,0
Case4,Test_019,2,1,-28.0,-86.0,12615.596692,1001,174,0.174,0.3803572882200698,807,0.8061938061938062,517226.9237267598,160084.99378204433,207767.16864530736,130676.16414582098,0.6289548295713007,0.37104517042869933,0.9947836755649629,0.020530980002867124,0.9998856897126764,-0.27181751636076606,0.27181751636076606,0.47324125178738197,0.7820631998562575,5.851703457200983,0
Case4,Test_020,2,1,-15.0,-39.0,10466.5064959,1001,96,0.096,0.2822263609905319,885,0.8841158841158842,783882.0290741607,186031.03093586044,275024.2965136526,136007.6577999479,0.4945296089256473,0.5054703910743527,0.9873413133496779,0.031671273091457626,0.9997401595818302,-0.4172648987458967,0.4172648987458967,0.7252594174630645,1.120496194218608,8.317230473931659,0
Case4,Test_021,2,1,-2.0,-69.0,10943.26182,1001,91,0.091,0.2600413008664594,890,0.8891108891108891,870028.6704978346,217802.57152545816,312450.72268321685,161075.80625596203,0.5155238716451019,0.48447612835489806,0.9886539985416372,0.030107483183190883,0.9997594596506632,-0.39813620116798437,0.39813620116798437,0.6778458765168879,1.0642040970529523,8.906320039088655,0
Case4,Test_022,2,1,-19.0,-70.0,12020.3608639,1001,128,0.128,0.31868497908870724,853,0.8521478521478522,673648.1388656115,188513.43802401368,256090.8570071726,147624.6348773454,0.5764541405443878,0.42354585945561213,0.9924706108074455,0.024583723063637323,0.9998405910616409,-0.32525550610140996,0.32525550610140996,0.5632426123158818,0.9392534757092473,8.105891364583726,0
Case4,Test_023,2,1,-49.0,30.0,13146.5034248,1001,258,0.258,0.4853872508550166,723,0.7222777222777222,358789.4248994313,120157.4713583055,157325.96480667463,101844.95232344988,0.6473499301186492,0.35265006988135084,0.9956378969279148,0.01866203218965603,0.9999343045689595,-0.24340802681507911,0.24340802681507911,0.4510539743726181,0.74889245251482,4.4619178113983935,0
Case4,Test_024,2,1,59.0,-11.0,11249.2442423,1001,104,0.104,0.2786457271319106,877,0.8761238761238761,783060.167713314,206499.88101720106,292687.82666420366,156837.3545665656,0.53585199068256,0.46414800931744,0.990258420082295,0.027850623226223437,0.999800973792436,-0.3675194197363944,0.3675194197363944,0.6408252603794371,1.050356452288518,8.674015648743762,0
Case4,Test_025,2,1,-11.0,53.0,11308.6086761,1001,102,0.102,0.2825398858027846,879,0.8781218781218781,800234.35630554,202784.10664275967,290189.4606883541,153323.06536396683,0.5283550443226693,0.4716449556773307,0.9898570337346141,0.02838584081510938,0.9997948747862839,-0.3741908392024472,0.3741908392024472,0.6564856952928335,1.0705679655125853,8.712890972396963,0
Case4,Test_026,1,1,-56.0,40.0,14646.8444603,1001,493,0.493,0.6881090609347216,488,0.4875124875124875,207292.23658131665,84604.63775300261,103069.06701173473,75154.42160245987,0.7291656340879006,0.2708343659120994,0.9975791700374819,0.014023589072752415,0.9999744244780074,-0.1833642717222823,0.1833642717222823,0.32467660101455903,0.4685363867823278,1.6596690466651012,0
Case4,Test_027,2,1,62.0,-28.0,13035.4194559,1001,205,0.205,0.41747510746530236,776,0.7752247752247752,450810.7352219258,146584.3698566808,191542.69141519186,121849.12742094877,0.636146054546274,0.36385394545372596,0.9951872817225746,0.01964830943668737,0.9999100987303481,-0.25837153638422367,0.25837153638422367,0.4656648046782149,0.7850579946803673,5.362913538779139,0
Case4,Test_028,2,1,-60.0,15.0,11527.7571215,1001,115,0.115,0.29609069785659176,866,0.8651348651348651,720980.1646665593,197034.9037614754,274970.4193109668,152157.70490640632,0.5533602679433297,0.44663973205667024,0.9913318972442369,0.026285829199073636,0.9998236931507312,-0.34683587622389056,0.34683587622389056,0.607917030692564,1.0183841334329706,8.625531493214453,0
Case4,Test_029,2,1,-86.0,4.0,10320.0099764,1001,89,0.089,0.25182213864480774,892,0.8911088911088911,849044.4014959937,214769.27197249138,306093.5010743061,155163.46657594937,0.506915259655521,0.493084740344479,0.9876220625405391,0.03159461150643462,0.9997310701970795,-0.4194365031677634,0.4194365031677634,0.6875149095080582,1.0427535781493313,9.274365715701038,0
Case4,Test_030,2,1,-45.0,-21.0,11450.9530458,1001,141,0.141,0.3424557506011021,840,0.8391608391608392,581584.8737891612,162402.23277462917,226881.4480507662,127292.00925730726,0.5610507617565313,0.43894923824346865,0.9918778620281982,0.02539652982237775,0.9998435100095866,-0.3338558001915238,0.3338558001915238,0.5973829246284325,0.9959109294882521,7.622770376083054,0
Case4,Test_031,1,1,39.0,-42.0,15017.8709402,1001,466,0.466,0.694156673149616,515,0.5144855144855145,223244.38327975495,79370.08606186316,98299.99806264999,71373.31204781095,0.7260764339214154,0.2739235660785846,0.9976705111990967,0.013681345439666138,0.9999807428907375,-0.17598426852574942,0.17598426852574942,0.3325893800103998,0.5415332360987881,2.861056457769962,0
Case4,Test_032,2,1,-68.0,32.0,13274.154748,1001,238,0.238,0.4538403310949173,743,0.7422577422577422,392839.6982516138,134638.34351803196,173640.6472177064,113768.2479398188,0.6551936413665802,0.3448063586334198,0.9958232657800448,0.018315512959002984,0.9999289301849275,-0.24039582128354134,0.24039582128354134,0.4357563788497257,0.7244311586866778,4.573951448204866,0
Case4,Test_033,2,1,30.0,-72.0,13140.8120875,1001,205,0.205,0.42006839111679734,776,0.7752247752247752,453318.7287062636,146590.16159836433,189681.13953779126,122326.43291336829,0.644905620091957,0.355094379908043,0.995460719016777,0.01910419619796033,0.9999131773117417,-0.25158786903427743,0.25158786903427743,0.450624408534914,0.7687911520163784,5.681234013175413,0
Case4,Test_034,1,1,65.0,-56.0,12351.5149036,1001,735,0.735,0.8725472149350849,246,0.24575424575424576,115409.27081012311,43669.37251086822,50043.881505921934,41329.79258956451,0.8258710424904542,0.1741289575095458,0.999225010318223,0.007958945446352459,0.999996435379364,-0.100569248721073,0.100569248721073,0.19670790583310024,0.32797082866381666,1.7582062222084573,0
Case4,Test_035,1,1,62.0,45.0,14907.5453923,1001,607,0.607,0.7628481075101946,374,0.37362637362637363,170893.9215464839,76573.73966119623,90432.22206013741,68553.85379164813,0.7580688855136152,0.24193111448638488,0.9980563743642245,0.012631286783369906,0.9999777962221107,-0.1662301124618366,0.1662301124618366,0.28229831988814297,0.3771590149813925,0.9433779954171087,0
Case4,Test_036,1,1,-51.0,58.0,13739.8908747,1001,731,0.731,0.8693810976283163,250,0.24975024975024976,126959.51701578531,50277.11717525788,48994.12563322039,49441.3525173254,1.0091281735988726,-0.009128173598872606,0.999982139958448,0.0012321213017860205,0.9999970029201647,-0.004918723423766889,0.004918723423766889,0.034312065904776076,0.11501764155657604,1.344571543563731,0
Case4,Test_037,1,1,82.0,-75.0,6153.59747511,1001,427,0.427,0.6535488889758635,554,0.5534465534465535,98898.73192562522,37318.45283883256,40515.710065558545,35536.466535196996,0.8771033872464625,0.12289661275353748,0.9996386159209578,0.005461553535828442,0.9999932469835299,-0.07172259285534029,0.07172259285534029,0.13256952167939495,0.2594709015803994,2.758513773478626,0
Case4,Test_038,1,1,-37.0,59.0,14332.6667656,1001,377,0.377,0.5975772684648418,604,0.6033966033966034,265996.9536235396,99810.83633178084,124778.70895671008,87471.33061097162,0.7010116657106812,0.29898833428931887,0.997053685663418,0.015413566995616875,0.9999638428765639,-0.20110267119268316,0.20110267119268316,0.3667431019238255,0.5721129702202589,2.705257786341292,0
Case4,Test_039,2,1,-35.0,-29.0,12006.8955547,1001,192,0.192,0.4252444039472407,789,0.7882117882117882,439227.21765972447,128556.36304897687,172784.05439822268,103598.0455443772,0.5995810545434385,0.40041894545656154,0.9936502650511075,0.02255706440086857,0.9998764641293093,-0.29714375720128916,0.29714375720128916,0.5262544201937706,0.8503838815151838,6.2360082367627,0
Case4,Test_040,2,1,84.0,24.0,11960.1731404,1001,146,0.146,0.3379246261443937,835,0.8341658341658341,586291.583132104,176218.34217708657,233087.7878448988,140808.07227420533,0.6040988829835298,0.3959011170164702,0.9937505361273004,0.022449979079124324,0.9998604163538012,-0.2974007215238412,0.2974007215238412,0.5144087234551447,0.858330326635221,7.094227786792203,0
Case4,Test_041,2,1,12.0,88.0,10861.8750677,1001,98,0.098,0.27140191208683345,883,0.8821178821178821,799691.9160107328,206902.3689557964,287314.9550712532,153821.02022991038,0.5353742209199075,0.46462577908009256,0.9897704223651761,0.02875589852657858,0.9997690699070656,-0.3819821370731325,0.3819821370731325,0.6325688827442669,0.969848265823054,8.590383252285164,0
Case4,Test_042,2,1,-80.0,36.0,13228.4187088,1001,264,0.264,0.4782237005936436,717,0.7162837162837162,352450.4564577372,125960.74546555866,161040.99774313465,107491.08603204368,0.6674765279552929,0.3325234720447071,0.9961935288459906,0.01749458520887696,0.9999382509547771,-0.22933484489061576,0.22933484489061576,0.416772177298182,0.6807043516707257,3.8720604728373473,0
Case4,Test_043,1,1,90.0,52.0,10201.0263764,1001,416,0.416,0.6570207692410657,565,0.5644355644355644,171607.3206120242,59387.154254137204,67231.77339300376,55233.444637937486,0.8215378213373911,0.178462178662609,0.9991733499862172,0.008227977055245512,0.9999862015609433,-0.10770839162577557,0.10770839162577557,0.20017439883235097,0.3799611579216845,3.313512160401899,0
Case4,Test_044,2,1,-83.0,8.0,10546.2695091,1001,93,0.093,0.25877835447959996,888,0.8871128871128872,824304.6875236755,212750.87815084154,300713.5805280806,156221.7721870544,0.519503548568424,0.480496451431576,0.9887127604146907,0.030147187344866714,0.9997538003754272,-0.40001146795259523,0.40001146795259523,0.6643957175229609,1.0301116136546633,9.197894417462862,0
Case4,Test_045,2,1,77.0,-20.0,11760.6102924,1001,129,0.129,0.31470367575636377,852,0.8511488511488512,654317.2028413662,188435.4797230861,254547.5392530389,147645.34672777756,0.5800305403110075,0.41996945968899246,0.9926115631203597,0.024378142791884008,0.999840064975521,-0.3228499653602773,0.3228499653602773,0.55591694472427,0.9199011921696916,7.774012821557108,0
Case4,Test_046,1,1,56.0,-82.0,9733.11474831,1001,473,0.473,0.7034975026650855,508,0.5074925074925075,142802.95019980526,50725.817606154844,56784.27947787342,47797.420967691134,0.8417368575807305,0.1582631424192695,0.9993933823080318,0.007050865854083709,0.9999913438559037,-0.0915981251339349,0.0915981251339349,0.17541615247907352,0.3413419116115315,3.0301314185953174,0
Case4,Test_047,2,1,-33.0,64.0,13726.8000241,1001,267,0.267,0.4911540585646997,714,0.7132867132867133,361776.5596894961,124635.95851729166,159380.08408596614,106467.45017617098,0.668009750319524,0.33199024968047597,0.9962330009351613,0.01739842814063016,0.9999392603587606,-0.22796927920522417,0.22796927920522417,0.41609798404355375,0.6915453074150048,4.2646465935685,0
Case4,Test_048,3,1,-23.0,-2.0,7397.61497851,1001,40,0.04,0.1804410899961437,941,0.9400599400599401,1329744.5955288622,215509.6084804416,382186.2571008942,124371.10242490999,0.3254201324985817,0.6745798675014183,0.9690857408025362,0.04900522646532718,0.9986646541963746,-0.6436801966799198,0.6436801966799198,1.1381903156057875,1.657684561281569,8.699781914964433,0
Case4,Test_049,2,1,4.0,78.0,10742.8534234,1001,90,0.09,0.25878573492310325,891,0.8901098901098901,863893.9293781061,215821.3783428077,307564.5681205625,157812.59719985674,0.5131039578590069,0.48689604214099313,0.9882464987197295,0.03074036777310839,0.9997453483081682,-0.4075524443885194,0.4075524443885194,0.6780299527230669,1.0334354891824609,8.818867264413825,0
Case4,Test_050,2,1,-13.0,60.0,11609.1517173,1001,109,0.109,0.2911874284636341,872,0.8711288711288712,767133.547564694,201724.79164466882,282795.3173153443,154543.0823153721,0.5464838802229584,0.4535161197770417,0.9908928529413189,0.026952480996391425,0.999812808261278,-0.3558652884895432,0.3558652884895432,0.6200639176606145,1.0263446379654628,8.797490990973188,0
Case4,Test_051,2,1,-54.0,22.0,12204.5963718,1001,155,0.155,0.3570952080135631,826,0.8251748251748252,561766.3658820067,165768.34038460845,225106.1311740868,133042.3171044431,0.5910204062880644,0.4089795937119356,0.9933987322512924,0.02294246914705816,0.9998709108827486,-0.3018124868782932,0.3018124868782932,0.54218426314636,0.925323295107545,7.076729280728273,0
Case4,Test_052,3,1,14.0,-3.0,6300.99044099,1001,29,0.029,0.15708606478325032,952,0.951048951048951,1554795.5245862564,212417.0489725833,404508.26390463917,103175.53818634576,0.2550641047241222,0.7449358952758778,0.9586178448398959,0.056670261949821055,0.9962610660233938,-0.7454542763070511,0.7454542763070511,1.3420244105506585,2.031115089322263,9.466522257045426,0
Case4,Test_053,2,1,-67.0,23.0,12333.831269,1001,153,0.153,0.3492953867651684,828,0.8271728271728271,575970.7139224813,173524.19449226328,231971.84538830497,139552.82716491216,0.6015938138152511,0.3984061861847489,0.9937600493533308,0.022368032441110137,0.999873795553179,-0.295244556817264,0.295244556817264,0.5213812525999242,0.8834157868415841,7.0152345399429805,0
Case4,Test_054,2,1,-36.0,-80.0,13328.6170924,1001,262,0.262,0.4815392657942953,719,0.7182817182817183,358231.0372109714,124923.86399187818,159893.74548980253,106413.8918677219,0.6655287956495373,0.3344712043504628,0.9961471471153522,0.017601131366790545,0.9999365980804027,-0.2308310226015358,0.2308310226015358,0.4196686918378036,0.6880991235083036,4.034253907099242,0
Case4,Test_055,1,1,69.0,-62.0,10398.1935933,1001,682,0.682,0.8392555722482036,299,0.2987012987012987,104934.94675675796,40700.231629954775,45391.07505151113,38709.654265054094,0.8528032046195257,0.14719679538047428,0.9994571549284849,0.006681816638641865,0.9999962832411846,-0.08582611492578805,0.08582611492578805,0.16242651990425425,0.2641048942302469,1.4144701973978897,0
Case4,Test_056,1,1,88.0,-61.0,8241.59796288,1001,466,0.466,0.6856875893465479,515,0.5144855144855145,122755.92251848301,46003.61732989585,52124.32752511707,43201.854960974495,0.8288232580105112,0.17117674198948882,0.999266415165133,0.007743009560390212,0.999991280180233,-0.10017013029846593,0.10017013029846593,0.19190008725565486,0.3560930717182985,2.751628636315104,0
Case4,Test_057,1,1,-85.0,56.0,9449.00038741,1001,458,0.458,0.686496867120839,523,0.5224775224775224,143765.33531492445,51782.45442964981,58817.233476600864,48471.45562959022,0.8241029501816592,0.17589704981834076,0.9992240782227272,0.007963041527875588,0.9999899882822254,-0.10327913778492193,0.10327913778492193,0.1975407030052587,0.36900315698176545,2.920815177195948,0
Case4,Test_058,1,1,46.0,41.0,15105.2994032,1001,564,0.564,0.7536788789727155,417,0.4165834165834166,186547.05614116194,73108.01774357687,88319.05620168458,66028.634158387,0.7476148070197287,0.25238519298027123,0.9979774426251974,0.012811287044919415,0.9999841495952365,-0.1662378144725093,0.1662378144725093,0.2998202490880861,0.44234281453635943,1.6988790406118142,0
Case4,Test_059,2,1,34.0,-32.0,12712.4369919,1001,224,0.224,0.46853148083998797,757,0.7562437562437563,394460.921129767,119226.44919616672,155829.48013152444,98617.91627894898,0.6328578918168288,0.3671421081831711,0.9949690231737729,0.020118732479866796,0.999903436170753,-0.26491103322288795,0.26491103322288795,0.47030698408020655,0.7535087661097729,5.305816055217974,0
Case4,Test_060,3,1,11.0,-2.0,6055.65434826,990,28,0.028311425682507583,0.15414691633837208,943,0.9525252525252526,1612674.8249171616,211119.89758710665,408778.6358212407,96204.56614779642,0.23534636528770736,0.7646536347122926,0.955596856693715,0.05889933070292243,0.9928554466454693,-0.7728599794060267,0.7728599794060267,1.4003858366367052,2.2004200363772055,20.892349258554106,1
Case4,Test_061,2,1,19.0,-67.0,12124.1583887,1001,130,0.13,0.32178436701748475,851,0.8501498501498501,668336.747854167,187694.1023278234,254733.98621829646,147760.6287849476,0.5800585582574085,0.41994144174259157,0.99268185464922,0.02421993071757514,0.9998470791892393,-0.3201595149873105,0.3201595149873105,0.5576927865065024,0.9418188514390555,8.20374401274944,0
Case4,Test_062,1,1,-45.0,-80.0,12713.3128752,1001,393,0.393,0.6509141611578279,588,0.5874125874125874,228130.22396596282,74431.65456527263,80685.51594881763,68818.52264998876,0.8529228801566241,0.14707711984337585,0.9993119098406507,0.007578396188887996,0.9999801637592245,-0.10125089931991238,0.10125089931991238,0.15908849965896457,0.20243772404306368,1.047320783762018,0
Case4,Test_063,2,1,38.0,69.0,13909.7894913,1001,333,0.333,0.5528660348786538,648,0.6473526473526473,292473.5897003613,108573.42103454523,137030.3833704781,94339.39093730724,0.6884560096591816,0.3115439903408184,0.9967368285047121,0.016208014536030803,0.9999573221220208,-0.2116820922014797,0.2116820922014797,0.3855650041395611,0.6079827683111684,3.0312074014472046,0
Case4,Test_064,2,1,-65.0,32.0,13412.9027285,1001,248,0.248,0.4662651099718519,733,0.7322677322677322,380481.8612315379,131259.27820028216,168888.78397115774,111301.73027703223,0.6590238123571306,0.34097618764286935,0.9959457137328059,0.018046295633035038,0.9999324384780649,-0.236708231366084,0.236708231366084,0.42992209032985723,0.7108623754227008,4.35624044488452,0
Case4,Test_065,2,1,-32.0,-36.0,12914.8956566,1001,242,0.242,0.4908635478078098,739,0.7382617382617382,369864.5427469818,113333.4002489045,148083.900845085,94678.15632129862,0.6393548237248576,0.36064517627514237,0.9952543963396134,0.01951734038515815,0.9999168888881139,-0.2561955775468334,0.2561955775468334,0.4613249081326297,0.7417152852210025,4.9741099510411,0
Case4,Test_066,2,1,-17.0,82.0,11514.6740322,1001,115,0.115,0.29759198507078455,866,0.8651348651348651,723408.6164208854,196732.71637397038,267712.06392882,150927.56365331225,0.5637682569786667,0.43623174302133333,0.9916108225486174,0.026021813504406018,0.9998104058213836,-0.34534147986713204,0.34534147986713204,0.5822900371121115,0.9313942013203492,8.15073407870716,0
Case4,Test_067,1,1,-61.0,78.0,9127.18709862,1001,537,0.537,0.7458841359258315,444,0.4435564435564436,117180.67415443108,43713.05820425352,48489.118301246184,41535.59184411252,0.8565961456767722,0.1434038543232278,0.9995143572984033,0.006314684837828718,0.9999942771945929,-0.08162050559070133,0.08162050559070133,0.15755499310104254,0.29669474719867256,2.4203946273636348,0
Case4,Test_068,1,1,45.0,-66.0,14877.8607996,1001,557,0.557,0.7304069263466128,424,0.42357642357642356,185891.52115437665,80272.4743805026,97178.91507426063,71315.4735230691,0.7338574779166076,0.26614252208339245,0.9976065245822856,0.013968272646660406,0.999976562119215,-0.18299026510375538,0.18299026510375538,0.3173633751162056,0.43558563323612726,1.221441604473739,0
Case4,Test_069,2,1,33.0,-41.0,13575.1033316,1001,308,0.308,0.5512042879978151,673,0.6723276723276723,308807.37836866104,102101.86754570866,132395.60529564365,87769.46557275462,0.6629333758984113,0.3370666241015887,0.9960891363124095,0.017675652750311837,0.9999495861358983,-0.22978535689554663,0.22978535689554663,0.42703776178334774,0.7021334597608802,4.166405928747224,0
Case4,Test_070,1,1,48.0,85.0,11390.6216746,1001,388,0.388,0.6442870410326968,593,0.5924075924075924,206120.16409795583,67425.12623857446,74678.10828207439,62496.290253091145,0.8368756479078173,0.16312435209218268,0.9992593299837621,0.007822138157785046,0.9999826406769619,-0.10386276772511022,0.10386276772511022,0.1795891886208625,0.32491000850303015,3.334736233302351,0
Case4,Test_071,1,1,82.0,86.0,5086.42287956,1001,351,0.351,0.5905746873441813,630,0.6293706293706294,98265.11542109035,35840.53246582242,38086.21362024799,34260.5186401938,0.8995517113305189,0.10044828866948106,0.9997450746876313,0.004600328399377451,0.9999929840358739,-0.06114774573883831,0.06114774573883831,0.10644349084584141,0.203167590948281,2.740845808385018,0
Case4,Test_072,2,1,-21.0,38.0,11159.0857734,1001,126,0.126,0.33324758689800055,855,0.8541458541458542,627742.9287957215,162420.6886976052,229914.55174007113,124047.36205819533,0.539536802344014,0.46046319765598603,0.9904616889739614,0.02756067075299751,0.9998084672825754,-0.3633343222128636,0.3633343222128636,0.6352157638047398,1.017888551178277,8.251235704992155,0
Case4,Test_073,1,1,81.0,-73.0,6540.12498476,1001,451,0.451,0.6732116638878978,530,0.5294705294705294,99525.78233012171,37859.67745709089,41368.62075862202,36013.829866784035,0.870559114767636,0.129440885232364,0.9995985771219675,0.005751083608587136,0.9999932901781717,-0.07520423156505864,0.07520423156505864,0.14051480816494166,0.2748157139211379,2.7421774275442203,0
Case4,Test_074,2,1,78.0,-23.0,11993.2690704,1001,143,0.143,0.33439737941264613,838,0.8371628371628371,599833.3593254111,178577.7645712689,238345.48092164856,142115.78247452647,0.596259605699192,0.403740394300808,0.9934362725646579,0.022980489597135837,0.9998592451246648,-0.30414801088529136,0.30414801088529136,0.5283154747786007,0.8862310394702883,7.395990633078554,0
Case4,Test_075,2,1,26.0,-58.0,12979.6804331,1001,189,0.189,0.40424753101707034,792,0.7912087912087912,487819.00790390593,150759.49920504115,198917.8656150088,124365.50453360502,0.6252103306512724,0.3747896693487276,0.9948392406029013,0.020322195829803085,0.9999009665857818,-0.26716811273017943,0.26716811273017943,0.4838434684774994,0.8377101077673015,6.3051712534728495,0
Case4,Test_076,3,1,13.0,14.0,7040.28462787,1001,35,0.035,0.17544864209610495,946,0.945054945054945,1419489.5208088954,211437.4403724985,381350.3795212555,114252.73453959986,0.2996004217513351,0.7003995782486648,0.965958262870227,0.051540787412600084,0.9978777222879707,-0.6786318307451467,0.6786318307451467,1.2027353267222969,1.7536690553860945,7.915631043883877,0
Case4,Test_077,2,1,-6.0,51.0,10863.5648821,1001,91,0.091,0.2637485220214774,890,0.8891108891108891,867496.5582668923,210681.81576515932,307960.2039204977,156161.36848830394,0.507082949356074,0.492917050643926,0.9883628196769244,0.03036276596530797,0.9997608688921354,-0.39998016287698474,0.39998016287698474,0.6998235061123678,1.1170679449557064,8.726198108072822,0
Case4,Test_078,1,1,73.0,-45.0,14124.5573614,1001,478,0.478,0.7299918179381117,503,0.5024975024975025,205147.20142718303,68983.41934264908,70479.2763653384,65102.77100942131,0.9237150885595464,0.07628491144045356,0.9997116425090764,0.004949289574583788,0.9999867796797894,-0.06465528176766787,0.06465528176766787,0.08979439193747794,0.32171255189233156,6.41215985775051,0
Case4,Test_079,3,1,0.0,1.0,5357.92259939,1003,23,0.022954091816367265,0.14321077745306326,960,0.9571286141575274,1696895.5684251436,200407.28833091827,408614.38372875244,63743.10005472231,0.15599817968482588,0.844001820315174,0.9438474755266071,0.06706723331448419,0.9435663146833844,-0.8593265655509482,0.8593265655509482,1.6396474900023756,3.764681001711172,234.20267090633524,0
Case4,Test_080,1,1,-42.0,-56.0,14957.0899963,1001,563,0.563,0.7417101556152277,418,0.4175824175824176,185317.27799533063,77107.90855840917,92422.81139634372,68994.8627828744,0.7465133524990765,0.2534866475009235,0.9978989333209994,0.01309443969530823,0.9999780443108155,-0.17151382827177827,0.17151382827177827,0.29951484970292874,0.4208703240714414,1.3308109408289397,0
Case4,Test_081,2,1,-80.0,12.0,10909.0260958,1001,101,0.101,0.27163058262739914,880,0.8791208791208791,781788.3044694096,208040.72272122148,290120.54671239865,156121.88311668963,0.5381276331023044,0.46187236689769556,0.990073335690107,0.02825571342426219,0.9997821897015875,-0.3746602059544024,0.3746602059544024,0.6307364804613188,1.002173444261665,8.83613119761128,0
Case4,Test_082,3,1,23.0,-15.0,8378.18367328,1001,53,0.053,0.21334543122889535,928,0.9270729270729271,1115313.0538783162,203594.9627373249,336136.3989690989,128432.21485495543,0.3820836281011097,0.6179163718988903,0.9764193173894374,0.04305879932822071,0.9992602747488367,-0.5672523791793039,0.5672523791793039,0.9797301760865722,1.4144196209027835,8.12429561625936,0
Case4,Test_083,3,1,9.0,25.0,8284.8669635,1001,48,0.048,0.20522706545390143,933,0.932067932067932,1199155.7149513846,209984.42671699624,355942.8419702853,128730.15266554592,0.3616596191483253,0.6383403808516747,0.9737982589082386,0.045313007755515444,0.9991130469036136,-0.5961072309152665,0.5961072309152665,1.0355246686851838,1.4397251368272959,4.959192229253631,0
Case4,Test_084,2,1,-58.0,-24.0,12444.2836255,1001,169,0.169,0.37356121009259835,812,0.8111888111888111,525590.1290345645,160291.21781293038,214607.48350549125,129979.52429390934,0.605661658068804,0.394338341931196,0.9940209871067253,0.021866250189509294,0.9998827312296218,-0.2878614190882417,0.2878614190882417,0.5161941161166218,0.8764215935484808,6.456241571331134,0
Case4,Test_085,2,1,-27.0,19.0,9415.99099593,1001,76,0.076,0.2557964985982789,905,0.9040959040959041,881462.9030275982,186776.24401049648,286436.9978624757,128058.97313269848,0.44707553175160086,0.5529244682483991,0.9831431292258456,0.03659572986132783,0.9995868344451513,-0.4833591798307605,0.4833591798307605,0.8220017914587969,1.2050832309876136,8.265622731464191,0
Case4,Test_086,2,1,-44.0,-26.0,12108.8656918,1001,190,0.19,0.410358492937163,791,0.7902097902097902,451263.2952825608,136899.64833730718,185829.25529559003,111366.1148734561,0.5992926931570121,0.40070730684298794,0.9937776031118668,0.022249013783508874,0.9998905117592328,-0.2915352093886384,0.2915352093886384,0.5302856805537587,0.8873679284061118,6.119474575018444,0
Case4,Test_087,1,1,87.0,-65.0,7492.79006805,1001,467,0.467,0.6843621866789438,514,0.5134865134865135,111158.82686993796,42208.50271282449,47381.894112698064,39800.69758227262,0.83999802725502,0.16000197274497993,0.9993720183656056,0.007171818607999715,0.9999923332742188,-0.09293938019040782,0.09293938019040782,0.17775799060796058,0.3300597670867126,2.6514812490488,0
Case4,Test_088,2,1,-9.0,-87.0,10758.9887906,1001,94,0.094,0.2652776205600214,887,0.8861138861138861,830256.1241629611,210519.6159266059,295592.38700655993,154098.56458438004,0.5213211549354287,0.47867884506457126,0.9887219175254586,0.03020093129191999,0.9997458118693845,-0.4012091801119409,0.4012091801119409,0.6586206866783328,0.9821723130703588,8.207962538580887,0
Case4,Test_089,2,1,2.0,55.0,10893.2701251,1001,89,0.089,0.25994283487551556,892,0.8911088911088911,882009.9849829176,215492.30568271407,314118.50093851454,159669.87399039927,0.5083109511644238,0.49168904883557624,0.9884319481189946,0.030288439831627777,0.9997607726009194,-0.399259990391676,0.399259990391676,0.6960763376361763,1.118470387990557,9.176846340647785,0
Case4,Test_090,1,1,40.0,61.0,14464.7492882,1001,441,0.441,0.6481753665448601,540,0.5394605394605395,228920.86568854857,90729.8874250962,111727.86404708786,80178.56478813842,0.717623714298763,0.2823762857012369,0.9973502580006094,0.014647448112461664,0.99997089699474,-0.1913054874824554,0.1913054874824554,0.34202548568623997,0.5088150688715968,2.0300319917897127,0
Case4,Test_091,1,1,50.0,-64.0,14101.899112,1001,682,0.682,0.8567524390005655,299,0.2987012987012987,142176.68924348423,46847.10837153942,41409.11076642533,47231.548156455916,1.1406076412235213,-0.14060764122352135,0.9996426511406237,0.005486037711584446,0.9999982388597622,0.05642097160491267,0.05642097160491267,0.13891224588322645,1.099929706098219,19.291938098015578,0
Case4,Test_092,3,1,-7.0,20.0,7426.68999791,1001,38,0.038,0.1844444858692209,943,0.942057942057942,1372929.3293195472,211809.3207330039,371970.4425244669,119604.49947004813,0.3215430200806371,0.6784569799193629,0.9692821059553862,0.049054009397726514,0.9983406873637757,-0.6463089766087662,0.6463089766087662,1.1379728368126345,1.6314766506468183,6.2385950534271615,0
Case4,Test_093,2,1,85.0,-17.0,11263.5123207,1001,114,0.114,0.2923688426574702,867,0.8661338661338661,712191.2326205898,197335.69245471284,269419.3598300344,151005.07998788162,0.5604834043223342,0.4395165956776657,0.9914636785733734,0.026237563615956045,0.9998072323415367,-0.34815656477195406,0.34815656477195406,0.5883648109067197,0.9490724572322059,8.320262735962729,0
Case4,Test_094,2,1,18.0,-59.0,12146.2977638,1001,130,0.13,0.3239955523399814,851,0.8501498501498501,671092.9667712568,185756.36018511446,254561.38009892276,145927.7133234786,0.5732515799009691,0.4267484200990309,0.9924204486088475,0.024610363692954326,0.999844369316205,-0.3247931026056095,0.3247931026056095,0.5713132213145552,0.9628740844154284,7.95648888427354,0
Case4,Test_095,2,1,-26.0,-51.0,12701.4639058,1001,194,0.194,0.41459694641161854,787,0.7862137862137862,463976.2433984815,141975.37801507593,189686.2109856045,116869.71334148657,0.6161212917598736,0.38387870824012643,0.9945478582624935,0.020847925557291546,0.9998995176217678,-0.27328832112445667,0.27328832112445667,0.5007703517021561,0.8621214338540293,6.1820177845412445,0
Case4,Test_096,2,1,-86.0,26.0,12134.8482333,1001,158,0.158,0.3536501617089169,823,0.8221778221778222,548961.5113807977,169105.1944611039,221996.38096590896,136620.0139090035,0.6154155005345949,0.384584499465405,0.9942712225007919,0.02149490602097643,0.9998747347234812,-0.28454898994434946,0.28454898994434946,0.49567549922286364,0.8306539521507911,6.670816048927577,0
Case4,Test_097,1,1,71.0,68.0,8771.27632575,1001,601,0.601,0.789218305235478,380,0.37962037962037964,99791.39800588957,38301.71738555498,41832.73508048578,36654.734869343214,0.8762213323804876,0.12377866761951237,0.9996371386044407,0.005469739854081535,0.9999958814143002,-0.07080453352957383,0.07080453352957383,0.13421380928592466,0.24416345884995955,1.859744092857028,0
Case4,Test_098,3,1,-1.0,-33.0,8954.07697237,1001,59,0.059,0.21858773497786052,922,0.9210789210789211,1084166.9757054334,212409.3632428309,345519.4723213454,139698.6505718938,0.40431484116753075,0.5956851588324692,0.9787815825474115,0.04079241280721906,0.9994646184009264,-0.5362161551989727,0.5362161551989727,0.9303190364204763,1.3330643895372212,7.05274614967891,0
Case4,Test_099,1,1,64.0,-58.0,12184.1206697,1001,766,0.766,0.8886976117117174,215,0.21478521478521478,109028.34183032878,41835.38489775868,47348.80746575792,39598.906814672984,0.8363232134898103,0.16367678651018971,0.9992900612419607,0.007639108783176272,0.9999964038051175,-0.09749157484382474,0.09749157484382474,0.1831652798027147,0.2881675269023312,1.368703230644826,0
Case4,Test_100,2,1,-77.0,-19.0,11632.6761619,1001,125,0.125,0.3080662941622357,856,0.8551448551448552,671364.5330267783,191125.52706801187,259373.66032271468,148795.06433540408,0.5736706809406634,0.4263293190593365,0.9922605803731948,0.024952123456709854,0.9998310021472072,-0.3305360151300246,0.3305360151300246,0.5668745573041516,0.9281717026247518,7.7150506167487265,0
Case4,Test_101,2,1,-37.0,81.0,13438.5367693,1001,276,0.276,0.49570415003363755,705,0.7042957042957043,342400.8764465123,121328.1832947648,154937.21206848053,103859.37570036831,0.6703320287863681,0.32966797121363184,0.9962820571375266,0.017286184863439812,0.9999408665297228,-0.2263654841599385,0.2263654841599385,0.41292042404379636,0.6751974731168617,3.754590644864834,0
Case4,Test_102,2,1,-38.0,46.0,14808.1990773,1001,472,0.472,0.6888988730021708,509,0.5084915084915085,218993.43013623322,81490.47439125634,101201.36216458796,72699.6685712148,0.7183665023498431,0.2816334976501569,0.9974474832811203,0.014337687205917663,0.9999783683330168,-0.1854692504423264,0.1854692504423264,0.342824960937986,0.5281191753092347,2.325827649937935,0
Case4,Test_103,2,1,-40.0,-10.0,9846.8012717,1001,82,0.082,0.2513049276909586,899,0.8981018981018981,871712.099528488,200855.44619540017,305046.492892756,143573.58247255514,0.47066131169398734,0.5293386883060126,0.9854971794896619,0.03381032509829263,0.9996999295178755,-0.4448588132679462,0.4448588132679462,0.7770428443567187,1.212320536059682,9.56206041722669,0
Case4,Test_104,2,1,-31.0,10.0,8923.71335701,1001,63,0.063,0.2254489575982849,918,0.9170829170829171,1019415.6556725646,204840.55219468265,328105.21212545055,136268.0873436463,0.41531826471426,0.58468173528574,0.9800337436967831,0.03961956452460192,0.9995046537768139,-0.5214888014510184,0.5214888014510184,0.9012263731268054,1.3344387230332793,9.247168014452996,0
Case4,Test_105,1,1,-65.0,-72.0,9221.09247104,1001,608,0.608,0.7965592507370328,373,0.3726273726273726,103252.71060573115,39359.59604511601,42057.16669562276,37935.04827204101,0.9019877289068364,0.0980122710931636,0.9997786905882589,0.004282908801767616,0.999996541766279,-0.0559631194486567,0.0559631194486567,0.10412203215919925,0.19132766596076808,1.6185435774539485,0
Case4,Test_106,2,1,-10.0,-49.0,10836.6945277,1001,94,0.094,0.2716265282527458,887,0.8861138861138861,826570.812519333,202692.35027068993,296441.9121995732,150705.7329726643,0.5083820025800025,0.4916179974199975,0.9885285847124783,0.030124634215671648,0.9997681368535714,-0.39660252889082187,0.39660252889082187,0.6975395751863059,1.1325723018651208,9.405045636511545,0
Case4,Test_107,2,1,-53.0,-14.0,11257.3140444,1001,111,0.111,0.2918241842271714,870,0.8691308691308691,734791.5220219321,194818.11761295376,276426.45820403757,148787.23020459703,0.5382524928014427,0.46174750719855734,0.9904898682613569,0.027489127797754604,0.9998069319005438,-0.3622536372569034,0.3622536372569034,0.6380932377027331,1.0523255028562062,8.390282044070887,0
Case4,Test_108,2,1,-12.0,31.0,9312.22679377,1001,67,0.067,0.2383984151898651,914,0.913086913086913,984124.4576687803,200311.5424742229,315776.9848020793,134932.85402339773,0.4273042701575293,0.5726957298424707,0.9812062929856101,0.03853023628222235,0.9995475943125773,-0.5077125968331181,0.5077125968331181,0.8708302806831616,1.2452841436413804,6.923267949507931,0
Case4,Test_109,1,1,44.0,-41.0,15345.4017313,1001,550,0.55,0.7492068183218737,431,0.4305694305694306,193983.20193755752,73484.40457440598,89025.76465340161,66544.40617014754,0.7474735704795199,0.25252642952048004,0.9980113248870813,0.01268888072467611,0.9999848731607599,-0.16406888489960023,0.16406888489960023,0.30060970721560903,0.45857758531136034,1.9700166954978044,0
Case4,Test_110,2,1,-74.0,-31.0,12920.1977323,1001,212,0.212,0.4228823447414875,769,0.7682317682317682,431316.8213026583,143645.33823873673,186242.54786836726,119778.38592610159,0.6431311603982067,0.35686883960179333,0.9953996093001277,0.019234254544342445,0.9999142326840497,-0.25324933030634966,0.25324933030634966,0.45364839749525215,0.754466556486817,5.044625822149214,0
Case4,Test_111,2,1,31.0,-77.0,13134.5046744,1001,209,0.209,0.4236434488903894,772,0.7712287712287712,445372.67129728454,145283.12330902723,186807.18617723955,121500.80197084797,0.6504075376177982,0.34959246238220176,0.9956230843508374,0.018780000030507463,0.9999146590276852,-0.2475773436714195,0.2475773436714195,0.44124790287417587,0.7399624809356543,5.227452590563644,0
Case4,Test_112,3,1,25.0,2.0,7653.03885662,1001,43,0.043,0.1867363760603086,938,0.9370629370629371,1272964.7892339167,215228.86820682738,374432.5822229863,128189.52775542007,0.34235676552068645,0.6576432344793136,0.9713966847085743,0.04718665005762557,0.9989213030821987,-0.6199410839082611,0.6199410839082611,1.0907426792582249,1.5884609953740916,8.932518467908267,0
Case4,Test_113,2,1,57.0,13.0,11296.7231194,1001,109,0.109,0.2863599163721287,872,0.8711288711288712,751835.5585233804,200598.84488448763,282744.7364474314,153494.72060626282,0.5428738392617292,0.4571261607382709,0.9907309096498753,0.027167934078049478,0.9998102739987779,-0.3583952807156457,0.3583952807156457,0.6278022658383992,1.035377833670733,8.441660829068269,0
Case4,Test_114,2,1,42.0,-63.0,14715.7225365,1001,488,0.488,0.6833518223384164,493,0.4925074925074925,210215.28588176722,86144.40410460277,105350.88541649983,76271.23919878961,0.7239734046586777,0.2760265953413224,0.9974441517110848,0.01440672935635947,0.9999736918623374,-0.18845501896231698,0.18845501896231698,0.3321034877525886,0.4754886681493111,1.6405290435593542,0
Case4,Test_115,2,1,60.0,35.0,13744.0186395,1001,319,0.319,0.539649631904848,662,0.6613386613386614,301640.22249875276,110873.75033539228,140353.9307512684,96027.13331541483,0.6841784394737873,0.31582156052621263,0.9966430585803596,0.016434321877879854,0.9999534216245244,-0.2147260498218493,0.2147260498218493,0.39196138026811844,0.6254484569986617,3.2135584441647893,0
Case4,Test_116,2,1,29.0,-81.0,12818.3842967,1001,185,0.185,0.39424260497504765,796,0.7952047952047953,492763.3810013172,155454.60445936024,200935.00279782354,128264.28577335243,0.6383371935571085,0.3616628064428915,0.9951658598036065,0.019749677209960074,0.9998983890400931,-0.2610234641138617,0.2610234641138617,0.45917439429579604,0.7703241134768568,5.824740240739857,0
Case4,Test_117,1,1,54.0,80.0,10323.1180214,1001,472,0.472,0.706585792665744,509,0.5084915084915085,152084.53050193703,52986.455662980145,58988.767169378014,49931.720984846615,0.8464615109089269,0.15353848909107312,0.9994283103738542,0.006850812010766677,0.9999909272301469,-0.08936661675976712,0.08936661675976712,0.16938210556219177,0.3319082950496024,3.0417439059674507,0
Case4,Test_118,2,1,83.0,16.0,11132.0214102,1001,111,0.111,0.2861564176561189,870,0.8691308691308691,727024.3815313871,199860.34821513272,273722.9926152736,152548.7724521461,0.5573107724514699,0.4426892275485301,0.9912729619627918,0.02652180472937193,0.9998025319704235,-0.3518652337760827,0.3518652337760827,0.5947030706379585,0.9576967100744722,8.409680494652775,0
Case4,Test_119,3,1,3.0,27.0,8230.00436492,1001,47,0.047,0.20068890031809813,934,0.9330669330669331,1217565.9825393774,213949.90191371043,364865.62759413087,131243.39868699788,0.35970337779526435,0.6402966222047357,0.973510571723185,0.045498612338819876,0.999128635987519,-0.5979543281733718,0.5979543281733718,1.0434150838055296,1.4614764432564586,5.649447530414363,0
Case4,Test_120,2,1,10.0,76.0,11094.5537939,1001,98,0.098,0.2718003998935521,883,0.8821178821178821,817309.7315506296,210557.80264807324,295499.40176773065,157352.32387778335,0.5324962518924689,0.4675037481075312,0.9897283253171345,0.02873077973396536,0.999777082865934,-0.38078509605688576,0.38078509605688576,0.6415500150260834,1.0069166686006936,8.751434024390846,0
Case4,Test_121,3,1,-6.0,-20.0,7286.98419499,1001,37,0.037,0.18112980244474997,944,0.9430569430569431,1385364.1637413516,211841.95002125853,374313.3334946473,118499.09402031127,0.3165772720784092,0.6834227279215909,0.968605270103482,0.04957137078829722,0.998244485500255,-0.6530058973804448,0.6530058973804448,1.1523858813417338,1.6543563827247263,6.33028873600847,0
Case4,Test_122,2,1,-76.0,-7.0,10747.2775566,1001,95,0.095,0.26085988481055805,886,0.8851148851148851,828080.0107252232,214356.51507076056,304312.29496050015,158560.93811661514,0.5210467691987155,0.47895323080128455,0.9889390480155389,0.029789540689856876,0.999762029170673,-0.3946211448683268,0.3946211448683268,0.6640944409151592,1.0315566094450963,8.405285818197058,0
Case4,Test_123,3,1,-24.0,0.0,7450.23480464,1001,41,0.041,0.18149432517243574,940,0.939060939060939,1305384.7196346999,215735.63622194866,379648.7066481411,126350.16336543093,0.33280809641354164,0.6671919035864584,0.9700480189017975,0.04824507785267211,0.9987888344608012,-0.6336372883519718,0.6336372883519718,1.1187554340544184,1.6301947075982766,8.922031778048677,0
Case4,Test_124,1,1,86.0,43.0,12643.7726822,1001,347,0.347,0.6107040796603906,634,0.6333666333666333,256389.48789829254,81483.78612415165,90298.91609279094,74183.0259921408,0.8215273139703084,0.17847268602969157,0.9989692120719113,0.009261422268367897,0.9999733854902544,-0.12363877047885694,0.12363877047885694,0.19708907990209829,0.2654528889569519,2.102035017231856,0
Case4,Test_125,2,1,15.0,-39.0,10459.2392057,1001,95,0.095,0.28115310578542574,886,0.8851148851148851,784925.7293900095,186676.7177726914,275823.3837902965,136714.50935449998,0.49565960462018527,0.5043403953798147,0.9874393292830316,0.03154119880290785,0.9997451609520615,-0.41549277209593644,0.41549277209593644,0.7227024538809055,1.130059663373083,9.022105401709723,0
Case4,Test_126,1,1,-78.0,64.0,8471.29892218,1001,539,0.539,0.7421251758560998,442,0.44155844155844154,108532.64606591976,41575.626930139515,46744.19375920821,39306.355566339524,0.8408820947649034,0.1591179052350966,0.999376072403647,0.007147809043247409,0.9999938405553541,-0.09212826404053592,0.09212826404053592,0.17694688267875675,0.3181403512605876,2.250284959658245,0
Case4,Test_127,2,1,-22.0,-34.0,10831.4795245,1001,118,0.118,0.32608640673437056,863,0.8621378621378621,646857.867024698,161575.790100068,230600.24455171914,120796.35889517587,0.5238344787101196,0.4761655212898805,0.9893650070713932,0.02915368566005817,0.9997747512628604,-0.3851934942591268,0.3851934942591268,0.662308562963359,1.0154058587270491,7.6659519796293125,0
Case4,Test_128,1,1,67.0,-77.0,8128.15652106,1001,535,0.535,0.7454023516165583,446,0.44555444555444557,103706.35720737303,39104.90102901677,42061.86183658701,37487.34275416054,0.89124306717095,0.10875693282904991,0.9997214811520765,0.004800263611539831,0.9999951194225284,-0.06290820180524095,0.06290820180524095,0.11628145881480918,0.22072120340473997,2.0781480313832503,0
Case4,Test_129,2,1,53.0,17.0,11547.1709873,1001,123,0.123,0.3112064738232119,858,0.8571428571428571,674471.4559667589,185403.49063374716,258594.01906893108,144265.296486885,0.5578833455093541,0.44211665449064586,0.9916860975514464,0.025722786113842034,0.9998333864154911,-0.33889588510583296,0.33889588510583296,0.6009646816891329,1.007145459782502,8.105339993649864,0
Case4,Test_130,2,1,5.0,84.0,10574.4405663,1001,89,0.089,0.25728884586784684,892,0.8911088911088911,860352.8494057871,214160.44313174402,304172.3586127462,155200.23746979976,0.5102378078587716,0.4897621921412284,0.9878667279282684,0.0312977768878007,0.9997353465063624,-0.4155480829573013,0.4155480829573013,0.6808109547050669,1.0180200746064068,9.220056143140482,0
Case4,Test_131,1,1,-89.0,71.0,6366.62043489,1001,429,0.429,0.6544638953483631,552,0.5514485514485514,102303.68149897888,38459.795704352226,42451.94052109785,36456.97854282481,0.8587823806241871,0.1412176193758129,0.999522478200964,0.006264268355335614,0.999992659451915,-0.08163881711193985,0.08163881711193985,0.1545725943308232,0.30535410202715435,3.034100491309232,0
Case4,Test_132,1,1,51.0,58.0,13543.787667,1001,721,0.721,0.8655736604088207,260,0.2597402597402597,126943.606179204,49605.6663201819,48879.827640638505,48632.659549711745,0.9949433518312724,0.0050566481687276885,0.9999804585418813,0.0012870714299861512,0.9999967193313624,-0.011424718837409796,0.011424718837409796,0.02969508521832297,0.09992568631624764,1.1921275802148443,0
Case4,Test_133,1,1,-72.0,-54.0,11394.9149,1001,581,0.581,0.7798001174817155,400,0.3996003996003996,136108.1533717329,50044.67770731843,55574.644009715055,47486.369423208045,0.8544610634826002,0.14553893651739977,0.9994945570721294,0.006443484651102116,0.9999937862188254,-0.0833227319301437,0.0833227319301437,0.1602065873965316,0.2983907560237905,2.2426231555998015,0
Case4,Test_134,2,1,-18.0,71.0,11921.4773028,1001,123,0.123,0.3111495065690758,858,0.8571428571428571,694848.038037235,192489.54176887215,262184.8632178009,150098.62690729738,0.5724915811886828,0.4275084188113171,0.9922452954685897,0.024950136847809678,0.9998356730036008,-0.33020098910091544,0.33020098910091544,0.5700021540010364,0.9499698606600799,8.44510039991087,0
Case4,Test_135,2,1,75.0,-31.0,12937.5190947,1001,210,0.21,0.42113754102988443,771,0.7702297702297702,434766.250292881,144692.01468867747,187624.94545988314,120676.54525743854,0.6431796420334784,0.3568203579665216,0.9953977309127376,0.019234172310530054,0.9999135393620824,-0.25319931246982463,0.25319931246982463,0.45364591001372806,0.7607774648605546,5.201112252304824,0
Case4,Test_136,2,1,-50.0,-9.0,10692.5209167,1001,94,0.094,0.26616049737988234,887,0.8861138861138861,823718.1223018729,205677.82658596235,300825.1600569222,152840.7445914588,0.5080716804489965,0.4919283195510035,0.9884992635849874,0.030164512544532812,0.999766978891652,-0.3971609813588745,0.3971609813588745,0.6980516712747192,1.1323171943099124,9.174103988794627,0
Case4,Test_137,2,1,-19.0,70.0,12129.5267785,1001,130,0.13,0.3207764293887188,851,0.8501498501498501,672242.8648294384,188795.70698015008,255389.5979829572,148284.42419796088,0.5806204534918304,0.41937954650816955,0.9926516503956965,0.024298110496171026,0.9998434948652722,-0.3215505330325224,0.3215505330325224,0.555635888914709,0.9208053008994995,7.7492742235056085,0
Case4,Test_138,2,1,37.0,34.0,13216.0731954,1001,285,0.285,0.5318262546237759,696,0.6953046953046953,322386.19311803597,104361.64697425682,134567.33814893052,89164.90067018983,0.6626043280391548,0.33739567196084513,0.9960414460207178,0.017812265216305852,0.9999405997975159,-0.23267347506140418,0.23267347506140418,0.4258203943032029,0.7040096298892492,4.674795780206523,0
Case4,Test_139,1,1,48.0,-47.0,14922.4216028,1001,682,0.682,0.8526967352752639,299,0.2987012987012987,148646.69174445464,53037.43731260423,56446.44045506544,51267.89600072846,0.9082573779216531,0.09174262207834691,0.9998079449154359,0.003993747003863434,0.9999972465743849,-0.052071334524743794,0.052071334524743794,0.09707271911309724,0.17563273840229385,1.4050970476593818,0
Case4,Test_140,3,1,-3.0,-6.0,5511.0838039,963,24,0.02494802494802495,0.14479998885754947,920,0.9553478712357217,1668029.0489454395,211181.47774584696,412021.4487086567,93502.75113250078,0.22693661076517704,0.773063389234823,0.9536825828926264,0.06014382306269149,0.9921494850910001,-0.7900268318192707,0.7900268318192707,1.4278211309996154,2.2056383762077565,27.241315934532793,1
Case4,Test_141,2,1,72.0,-18.0,11683.4045351,1001,123,0.123,0.30568232572668347,858,0.8571428571428571,683586.3859589732,193413.4338918056,264091.96290629107,150626.70463860294,0.57035701874824,0.4296429812517601,0.9921456785061747,0.0251039090319865,0.9998343754014472,-0.3321590507999279,0.3321590507999279,0.5740684897025932,0.9503529718176351,8.050118675961244,0
Case4,Test_142,3,1,20.0,-1.0,7019.25163093,1001,36,0.036,0.17175634958527214,945,0.9440559440559441,1416689.576006304,215328.89619497597,391637.60408121947,117702.47749908616,0.30053926454589514,0.6994607354541048,0.9656278114866934,0.05164791899411379,0.9981007034446372,-0.6786952012441195,0.6786952012441195,1.208867413155032,1.765910283951744,8.620233059578595,0
Case4,Test_143,3,1,8.0,9.0,5994.64317605,976,27,0.027692307692307693,0.15331537463822606,930,0.9528688524590164,1596311.5684467817,213379.9186383727,405465.9155935525,102417.5057596341,0.2525921460246724,0.7474078539753277,0.9582793207617059,0.05702522609728463,0.995750461056258,-0.7490826764294881,0.7490826764294881,1.3467423944223196,2.113915733070745,21.16080962968182,1
Case4,Test_144,2,1,27.0,-85.0,12537.9637431,1001,166,0.166,0.37062017266597386,815,0.8141858141858141,537502.5766818714,164430.79011388915,213839.57600929285,133860.17810471702,0.625984116704851,0.37401588329514907,0.9946608794746413,0.020767446207360082,0.9998817574740163,-0.27498970356100527,0.27498970356100527,0.47829579256833393,0.797989493480131,6.296745496750191,0
Case4,Test_145,2,1,-30.0,67.0,13324.0585517,1001,216,0.216,0.4345770594539459,765,0.7642357642357642,435629.58802744106,142009.11551408295,183776.76092378405,118948.79641716175,0.6472461252404608,0.35275387475953923,0.9955568098023256,0.018891768346185583,0.9999173635158131,-0.24845817305500878,0.24845817305500878,0.4477898182078118,0.7630680424957034,5.4198889245221835,0
Case4,Test_146,2,1,-11.0,38.0,10037.7046515,1001,81,0.081,0.25725364807768675,900,0.8991008991008991,886830.8394763732,198747.56577407086,301532.9600877132,141415.17254094005,0.46898744502028455,0.5310125549797154,0.9852196503616735,0.03417413531046459,0.9996874373717757,-0.4499946767070352,0.4499946767070352,0.7798827522733264,1.1801734919168443,8.481876240207043,0
Case4,Test_147,1,1,-69.0,-49.0,12964.2852989,1001,552,0.552,0.768369211873698,429,0.42857142857142855,161900.95431432323,56227.38005974941,57966.78483551161,53975.03803996153,0.9311373434480249,0.06886265655197513,0.9998638816842845,0.0033618532648551675,0.9999925049312678,-0.04376775214892305,0.04376775214892305,0.07091616696310427,0.4895379964551638,11.24197707221657,0
Case4,Test_148,2,1,41.0,-14.0,10413.3784557,1001,97,0.097,0.27671558008378927,884,0.8831168831168831,778605.8826639156,190262.82815002147,280115.5388646094,140310.97336951262,0.5009039267804787,0.4990960732195213,0.9879181755730815,0.030921966520058138,0.9997581727298132,-0.4071615036863729,0.4071615036863729,0.7125396024241326,1.1302689726265989,8.934367708455511,0
Case4,Test_149,2,1,22.0,-68.0,12470.1180562,1001,147,0.147,0.3453154163316846,834,0.8331668331668332,608366.2695905638,177322.86816012912,236851.55646075655,141918.2562792576,0.5991865048299639,0.400813495170036,0.9936117075111035,0.0226510462366918,0.9998674805243375,-0.29938125177768765,0.29938125177768765,0.5244557873497078,0.8856777508446518,7.339669093584348,0
Case4,Test_150,2,1,5.0,-35.0,9229.30596651,1001,64,0.064,0.22728792986223123,917,0.916083916083916,1022955.6734003755,209840.66581163148,334118.95285050024,141732.85465827084,0.42419878743510986,0.5758012125648901,0.9809345393368006,0.038704113613724896,0.9995568898599235,-0.5089676025021451,0.5089676025021451,0.8822124945773968,1.2902205838839107,8.083836241877634,0
Case4,Test_151,2,1,-53.0,6.0,10766.0987218,1001,92,0.092,0.26136456248076584,889,0.8881118881118881,848416.8894299199,212014.31196645234,309608.1048677039,157406.63880192194,0.5084060666602448,0.4915939333397552,0.9885007623035416,0.030177993475612463,0.9997668318487245,-0.3975469101757169,0.3975469101757169,0.6967572767346328,1.125798284328805,9.107309691733576,0
Case4,Test_152,1,1,-52.0,62.0,13812.48164,1001,769,0.769,0.886043322336073,212,0.21178821178821178,126612.30614716686,51304.606923212144,51803.589110008004,50163.54868777292,0.9683411815588229,0.031658818441177135,0.9999638105506192,0.0017481505953448318,0.9999972692937288,-0.022773220679683074,0.022773220679683074,0.03312342166737728,0.0531477780408198,0.14878896724913204,0
Case4,Test_153,1,1,-82.0,-88.0,5030.14365757,1001,347,0.347,0.5863270649961763,634,0.6333666333666333,98322.30557869289,35873.17361355611,38056.13665920178,34306.25463263339,0.901464458671958,0.09853554132804196,0.9997539587359533,0.004520802324796187,0.999993146826498,-0.060139828402178755,0.060139828402178755,0.10417626799689648,0.1933751628373865,2.5160769662098232,0
Case4,Test_154,2,1,24.0,53.0,12557.1419762,1001,172,0.172,0.38529402527847956,809,0.8081918081918081,518857.7889234933,154540.11075294245,207040.10869640758,125999.56834866008,0.6085756481775182,0.39142435182248175,0.9942209570443523,0.021476867516258585,0.9998883919294385,-0.2822283502945935,0.2822283502945935,0.5122924244159532,0.8848770756973525,6.763030396641739,0
Case4,Test_155,2,1,19.0,48.0,11654.7232054,1001,131,0.131,0.32987940572238544,850,0.8491508491508492,638761.5022363701,172925.72832716833,240860.12277278755,135356.6575636756,0.5619720525151548,0.4380279474848452,0.9919296928977708,0.025330448578581553,0.9998393725153181,-0.33333172373323217,0.33333172373323217,0.5947651438782546,0.9983821944714488,7.9985424548027595,0
Case4,Test_156,1,1,74.0,-74.0,7350.55346826,1001,507,0.507,0.721567831333037,474,0.47352647352647353,98550.36050845133,37777.26073137602,40503.96154649228,36173.27647589864,0.8930799629161535,0.10692003708384644,0.9997253372886904,0.004769821191416898,0.9999946532155335,-0.0628249829860868,0.0628249829860868,0.11402552688398655,0.21342802896067534,2.12146790477982,0
Case4,Test_157,2,1,-59.0,-37.0,14000.2344445,1001,372,0.372,0.5895076434943748,609,0.6083916083916084,262900.1410294916,100124.23988652832,125641.49075520385,87351.52600220531,0.6952442658643587,0.3047557341356413,0.996887556320665,0.015842825171278534,0.9999612548699155,-0.20691653642226232,0.20691653642226232,0.3751905707880658,0.5772880310474382,2.61114787605851,0
Case4,Test_158,2,1,76.0,3.0,10607.8953211,1001,91,0.091,0.25509715642801917,890,0.8891108891108891,850851.0888786167,217136.4457643428,310367.68497757794,159342.61820165385,0.5133995126237622,0.4866004873762379,0.9883615848747869,0.030549636540471884,0.9997496927519203,-0.40466550704159776,0.40466550704159776,0.6794190977025026,1.0503054886962284,8.684593890289989,0
Case4,Test_159,1,1,-58.0,75.0,10198.5277422,1001,569,0.569,0.7711184142023567,412,0.4115884115884116,123949.72038067918,45673.93355739866,50668.925319817405,43453.80840777526,0.8576027246186687,0.14239727538133126,0.9995219111254184,0.006265598857272972,0.999994730736918,-0.08076598803680732,0.08076598803680732,0.15643405479369907,0.290693092959666,2.197411071675475,0
Case4,Test_160,3,1,27.0,5.0,7915.50875836,1001,47,0.047,0.1943961152690541,934,0.9330669330669331,1196252.8758968234,213366.90157963082,362363.779175861,131781.88841407877,0.3636729054813254,0.6363270945186745,0.9741153410042038,0.04494545130939924,0.9991633934259674,-0.5907186431437126,0.5907186431437126,1.032937962690582,1.5126833219183886,9.550130744225271,0
Case4,Test_161,1,1,47.0,-42.0,15470.7981034,1001,611,0.611,0.784294523478647,370,0.3696303696303696,176312.5387024588,70723.55165759231,84327.69360710321,64087.29300885657,0.7599791986183086,0.24002080138169132,0.9981659179323192,0.01222620012422906,0.9999849357951066,-0.15912574690954345,0.15912574690954345,0.2821849578671414,0.4052748907982639,1.4086364155695321,0
Case4,Test_162,2,1,-4.0,55.0,10936.6866621,1001,90,0.09,0.2619318669314102,891,0.8901098901098901,873684.7755825474,214440.86997026665,311916.8293366258,159267.84775458762,0.5106099856596809,0.48939001434031915,0.9885901962618933,0.030081364623969507,0.9997649542834937,-0.39652854345634414,0.39652854345634414,0.69149474078607,1.116727471864899,9.315783313234533,0
Case4,Test_163,1,1,-78.0,84.0,5655.05581872,1001,387,0.387,0.6240797743878437,594,0.5934065934065934,98673.84335675382,36716.48404776266,38836.21000293361,35101.941071089524,0.903845691133043,0.09615430886695699,0.9997577165838719,0.004490002907825612,0.9999930492363184,-0.05983272654691008,0.05983272654691008,0.10140522355345563,0.1700719085379783,1.7848021348813177,0
Case4,Test_164,2,1,-8.0,62.0,11269.0898655,1001,98,0.098,0.2721453365071918,883,0.8821178821178821,833293.3165973972,212153.76665287153,301941.4984652971,159621.06501512788,0.5286489794428623,0.47135102055713773,0.989721128540715,0.028627789176388706,0.9997872552387417,-0.37810900869324027,0.37810900869324027,0.6536163450763699,1.053942133542002,8.808723387613782,0
Case4,Test_165,2,1,6.0,-37.0,9598.69325311,1001,70,0.07,0.2374521111850279,911,0.9100899100899101,979978.2930286027,208090.3227516171,325635.4698006053,143532.01955469,0.4407751392763762,0.5592248607236239,0.9826282099538455,0.036973652654947946,0.9996146057209525,-0.4863248560152799,0.4863248560152799,0.8436174835560121,1.2489545120546994,8.126193188203843,0
Case4,Test_166,2,1,-22.0,23.0,9513.83731165,1001,72,0.072,0.2573371824131854,909,0.9080919080919081,905681.3844786616,187380.09623386426,288265.0926613477,126916.60218712261,0.4402773884808299,0.55972261151917,0.9825598882718899,0.037279497641914044,0.9995441828723187,-0.4928206637090544,0.4928206637090544,0.8345063954272506,1.1683213850508525,5.5425119765967565,0
Case4,Test_167,1,1,-71.0,-50.0,12440.6491104,1001,540,0.54,0.7581356395946555,441,0.4405594405594406,159544.23729674725,56174.973002952516,60368.56828113432,53448.09500377481,0.8853629715859567,0.11463702841404333,0.9996849061627575,0.0051052637412567015,0.9999919431195442,-0.06743560480314957,0.06743560480314957,0.12255098891605051,0.30788746950203305,4.507662778253234,0
Case4,Test_168,2,1,-16.0,-87.0,11326.5790758,1001,110,0.11,0.29091418945811326,871,0.8701298701298701,741984.2020847845,199038.0011958179,271882.6223325331,151153.0363896325,0.5559496046229864,0.4440503953770137,0.9911155198126542,0.026800366435468473,0.9997952994941204,-0.35595079985215655,0.35595079985215655,0.5952218795330615,0.9331278556074449,7.935868160726045,0
Case4,Test_169,1,1,-46.0,-76.0,12994.3439677,1001,439,0.439,0.6901350302513506,542,0.5414585414585414,208187.24431819073,69151.27034372998,73346.57620938502,64707.59348450165,0.8822169599270542,0.1177830400729458,0.9995405983720947,0.006205396180254284,0.99998473469515,-0.08289376947426229,0.08289376947426229,0.12485937760520506,0.15084474391624905,0.2925213177709338,0
Case4,Test_170,3,1,1.0,-16.0,6386.51713251,1001,29,0.029,0.16004578448637094,952,0.951048951048951,1519117.4069511623,211911.27421179434,392141.5180291152,107379.82244929498,0.2738292619179446,0.7261707380820555,0.9621888708253017,0.05431016227802647,0.9969265364927044,-0.7154166349362273,0.7154166349362273,1.2768751035409769,1.8778156734166342,8.336012023157991,0
Case4,Test_171,1,1,80.0,66.0,7777.08112666,1001,506,0.506,0.717044411427282,475,0.4745254745254745,106153.13010774246,40418.17205361436,45224.2373454976,38229.16441235334,0.8453246899510033,0.1546753100489967,0.9994138558957122,0.00693068263810657,0.9999933405055397,-0.08960442138339955,0.08960442138339955,0.1714246387255498,0.31720764081958197,2.4725452606652425,0
Case4,Test_172,2,1,7.0,42.0,10045.5654489,1001,79,0.079,0.24936146140882007,902,0.9010989010989011,909950.0096541828,206563.71174236332,313207.4285211199,148038.54745799414,0.472653372740844,0.5273466272591559,0.9856586341552658,0.03362522198238032,0.9997017461276999,-0.44234815399459265,0.44234815399459265,0.772976042629178,1.1974380194110177,9.219737762434534,0
Case4,Test_173,1,1,68.0,90.0,6932.80719457,1001,444,0.444,0.6738097720515496,537,0.5364635364635365,106824.45231942767,39533.164063715696,42910.25084096857,37644.43074413699,0.8772829337132647,0.12271706628673532,0.9996404567425919,0.005447498351980912,0.9999931007823264,-0.07152870809031095,0.07152870809031095,0.1323458779589802,0.2662876364036155,3.0088067828173166,0
Case4,Test_174,2,1,-69.0,28.0,12880.5091841,1001,192,0.192,0.3995540942875869,789,0.7882117882117882,476369.57666419575,153658.94530081484,200685.90415056405,127019.23972921945,0.6329255672781264,0.3670744327218736,0.9950409600755201,0.019961740456428047,0.9999046700651093,-0.2630264147239042,0.2630264147239042,0.4698761291689689,0.7894850216667151,5.6156092415089915,0
Case4,Test_175,2,1,66.0,18.0,11723.8417724,1001,125,0.125,0.3091187944220469,856,0.8551448551448552,674257.0944576729,191086.60545844754,261444.79288004973,149571.3122914992,0.5720952046657214,0.42790479533427855,0.9923013622897201,0.02482292656788843,0.9998399451870122,-0.3279692235885343,0.3279692235885343,0.5723589920652532,0.961002474086582,8.101299578999601,0
Case4,Test_176,2,1,-56.0,-10.0,11063.3106912,1001,101,0.101,0.2740715237270465,880,0.8791208791208791,797439.6795958783,206485.97873660334,295788.93907686643,155619.71150140057,0.526117413271359,0.473882586728641,0.9896590345014288,0.028664943749308003,0.9997872776743468,-0.3779886999072722,0.3779886999072722,0.6608439484550694,1.076016119600706,8.63991899966743,0
Case4,Test_177,2,1,65.0,-4.0,10808.6130166,1001,92,0.092,0.2578338577132715,889,0.8881118881118881,849762.453643338,217632.96309719371,312808.0680742081,161969.37807747713,0.5177915616903231,0.48220843830967686,0.9889741409644243,0.02963472925479762,0.999771650883666,-0.39141092250319137,0.39141092250319137,0.6747151743168063,1.0867500706130697,9.3296963752814,0
Case4,Test_178,1,1,79.0,72.0,6871.07398847,1001,474,0.474,0.6929686856678235,507,0.5064935064935064,99544.10525260675,37842.486282866,41415.39227604536,36000.68543754596,0.8692585886327276,0.1307414113672723,0.9995911003996037,0.0058039109624370856,0.9999936109594592,-0.07579126119311043,0.07579126119311043,0.14200713484069177,0.2725255931602009,2.564336050543659,0
Case4,Test_179,2,1,36.0,-84.0,13329.6451674,1001,258,0.258,0.4769521953106495,723,0.7222777222777222,363720.4794780475,126777.34230500477,161679.4538271617,108188.4858854721,0.6691542018760626,0.3308457981239374,0.996259536188155,0.017347944104549567,0.999936837912984,-0.22759016708441654,0.22759016708441654,0.41380744248545703,0.6818947736214427,3.9964496874392808,0
Case4,Test_180,2,1,22.0,-27.0,10233.4377325,1001,88,0.088,0.2882276820277011,893,0.8921078921078921,792444.0635339643,176687.54145757123,261644.23479895655,124603.30935839092,0.47623181704781004,0.52376818295219,0.9856374823553512,0.033931856600258756,0.9996581574017211,-0.44911573037955216,0.44911573037955216,0.7548666693975121,1.0316133015948292,3.7010594378185715,0
Case4,Test_181,2,1,-47.0,5.0,10282.293621,1001,85,0.085,0.25128726629877407,896,0.8951048951048951,880737.740445492,210813.0044699331,314829.65138166124,153688.68156835964,0.4881645705665955,0.5118354294334044,0.9869797521319765,0.03204946800900344,0.9997338384482968,-0.42166154750538676,0.42166154750538676,0.7399628879497183,1.1797447167049564,9.38830296160711,0
Case4,Test_182,2,1,16.0,-60.0,11856.2094569,1001,119,0.119,0.307139811468325,862,0.8611388611388612,714532.7890054256,193322.6041580567,267860.1502233719,150133.16993861005,0.5604908748591835,0.43950912514081647,0.9917323208230998,0.02568702396428187,0.99983087915122,-0.33905503219377264,0.33905503219377264,0.5943721932586764,1.0019749432934868,8.696003678655757,0
Case4,Test_183,1,1,70.0,-63.0,10009.43025,1001,662,0.662,0.8266137012287096,319,0.31868131868131866,104050.34771380364,40420.83173258435,44996.95535985998,38462.33794373904,0.8547764540098147,0.14522354599018533,0.9994769048424744,0.006558708457242678,0.9999961331084022,-0.08432062592392865,0.08432062592392865,0.1599964528889788,0.26443181484230405,1.490157675771627,0
Case4,Test_184,2,1,58.0,-22.0,12281.2808972,1001,153,0.153,0.3526425645081976,828,0.8271728271728271,572362.7072023193,169942.8102230142,229671.52422162145,136401.19540369368,0.5938968527594801,0.40610314724051993,0.993503906069224,0.02277939862175677,0.9998716892905174,-0.3000414896314181,0.3000414896314181,0.5362655845799885,0.9158013809975594,7.164660304117433,0
Case4,Test_185,3,1,-4.0,7.0,5713.02350373,979,25,0.02556237218813906,0.14859121455126714,935,0.9550561797752809,1654352.5139672358,209650.1550910375,409002.2478371205,92433.88056851772,0.22599846591876982,0.7740015340812302,0.9536274807504705,0.0602047874470617,0.9924352015551527,-0.7911669604743854,0.7911669604743854,1.4297708250126389,2.2443428554510763,21.572679643484463,1
Case4,Test_186,1,1,61.0,-55.0,13106.4191378,1001,775,0.775,0.8916534352840597,206,0.2057942057942058,114599.63274017429,46860.04136209093,43867.72891543728,46409.32777874902,1.0579377808277042,-0.05793778082770415,0.9999412494584956,0.0022515249466938184,0.9999974760718869,0.012664285655257157,0.012664285655257157,0.07489220500619993,0.2746486873351763,3.6640264311569126,0
Case4,Test_187,2,1,51.0,-25.0,12479.8082266,1001,184,0.184,0.39690864460854886,797,0.7962037962037962,481686.3074720014,148232.50530932436,198918.37627718275,121311.50508860395,0.609855697391992,0.39014430260800803,0.9942618814611894,0.02138872821969423,0.9998942774955291,-0.28060134625025746,0.28060134625025746,0.5111230354177978,0.8700840622828391,6.1685448648314605,0
Case4,Test_188,3,1,-30.0,-6.0,8511.43768757,1001,56,0.056,0.2104168779022461,925,0.9240759240759241,1106937.4870894635,210673.88864019554,347155.1578631117,135756.2300509104,0.3910534727081343,0.6089465272918657,0.9773274256514063,0.042131958673269826,0.9993730354465767,-0.5539361299788179,0.5539361299788179,0.9630661647404192,1.408937794622376,8.770950492546035,0
Case4,Test_189,2,1,-82.0,-27.0,12329.4744284,1001,167,0.167,0.3670229992043307,814,0.8131868131868132,525642.4268649835,164057.33447343012,215280.83127255892,133136.02953192135,0.6184295589390533,0.3815704410609468,0.9944154061958448,0.021213873924397948,0.9998815142139302,-0.28057536851834675,0.28057536851834675,0.49136135417254767,0.8209980633432694,6.331089222452761,0
Case4,Test_190,2,1,31.0,-45.0,13356.4300829,1001,279,0.279,0.515354181176843,702,0.7012987012987013,337151.5644816903,111192.02876924453,145373.93071983312,94855.63057176936,0.6524940895666954,0.34750591043330464,0.9957986485255654,0.01830623725489401,0.9999415581487583,-0.23816093367532246,0.23816093367532246,0.44361287911976266,0.7368572153598996,4.37818614293667,0
Case4,Test_191,1,1,-48.0,-78.0,12128.3982345,1001,439,0.439,0.6855559372261345,542,0.5414585414585414,194182.0527397501,65402.510893005325,70689.5022479231,61228.5689006263,0.8661621167720873,0.13383788322791262,0.9994857071168451,0.006539415120629673,0.9999860043544095,-0.08719915538917782,0.08719915538917782,0.14414560730880635,0.23130676792623206,1.9921105617207218,0
Case4,Test_192,2,1,-34.0,65.0,13788.6295696,1001,279,0.279,0.5034791257131208,702,0.7012987012987013,347040.51336060755,121282.5077208554,154713.39973240084,103968.95686326611,0.6720100330229666,0.3279899669770335,0.9963327619810463,0.017167636763542757,0.9999428590396788,-0.22477400486759144,0.22477400486759144,0.41011015852714783,0.6770858516577178,4.033883623987322,0
Case4,Test_193,1,1,41.0,-83.0,13329.5438437,1001,329,0.329,0.6020790265357143,652,0.6513486513486514,283478.46587401326,86622.995076258,92729.68277680204,78627.65013982252,0.8479232084625723,0.15207679153742767,0.9990281529126447,0.009116499407181034,0.9999697113084799,-0.12094882480348525,0.12094882480348525,0.16326410483978485,1.0561002918019433,61.448016733814924,0
Case4,Test_194,2,1,-29.0,74.0,13037.6177862,1001,194,0.194,0.4059283571398073,787,0.7862137862137862,478008.90299988823,151981.47134609992,196956.17859226456,125812.63290286032,0.6387849002864519,0.36121509971354815,0.995212283976903,0.019637198981922382,0.9999039405129588,-0.2591424796368752,0.2591424796368752,0.4593865338718572,0.7733128309842101,5.706302481741545,0
Case4,Test_195,1,1,43.0,37.0,14179.7207757,1001,418,0.418,0.6449152564765356,563,0.5624375624375625,237080.44950409612,86021.4286850286,108247.13557414722,76022.56158653472,0.7023055269158667,0.2976944730841333,0.9970906148565208,0.015284620893879356,0.9999726242028733,-0.19787718735079166,0.19787718735079166,0.3667826506827579,0.5766477155200928,2.7676273604783432,0
Case4,Test_196,1,1,-73.0,89.0,6124.67629782,1001,409,0.409,0.6460479278746819,572,0.5714285714285714,101302.53392302689,37479.54637216331,39604.22710681015,35883.134810706324,0.9060430522714591,0.0939569477285409,0.9997734587359175,0.0043407896876769,0.9999933290484032,-0.05780699453930081,0.05780699453930081,0.0989791859399906,0.18223610217860556,2.3177875849156067,0
Case4,Test_197,2,1,-41.0,12.0,10227.5098708,1001,90,0.09,0.26536194740480784,891,0.8901098901098901,822847.0435400846,196191.95585299982,292642.9021153332,142865.20923754972,0.4881895586903566,0.5118104413096435,0.9869184509747159,0.03214426138866795,0.9997342262706411,-0.4230821725849899,0.4230821725849899,0.7393450589762015,1.1669449766856879,9.238154613576057,0
Case4,Test_198,1,1,-64.0,-44.0,14604.6823308,1001,541,0.541,0.7174811652617891,440,0.43956043956043955,187856.43952025345,81145.72623668001,97989.81347434944,71972.38767891092,0.7344884649438684,0.26551153505613156,0.9976058728761865,0.01397612065566383,0.9999739464531083,-0.18340517648341678,0.18340517648341678,0.31632952504613626,0.43574614998017974,1.2463626314266207,0
Case4,Test_199,1,1,-62.0,-53.0,13399.5175846,1001,750,0.75,0.8819555273399573,231,0.23076923076923078,122229.40492723537,45172.55653012817,52254.192960833745,43308.51298347334,0.8288045519320241,0.17119544806797593,0.9993884568199183,0.007040068902689859,0.9999975569533761,-0.08406565152668041,0.08406565152668041,0.19452373040609486,0.4086724336419901,3.0401488108963406,0
Case4,Test_200,2,1,35.0,82.0,13238.3779066,1001,246,0.246,0.46413927798334065,735,0.7342657342657343,379392.0633337221,130386.04072894073,166428.52855979474,110832.0385298842,0.6659437506837314,0.3340562493162687,0.9961427090149523,0.0176203309115109,0.9999318839569112,-0.2314396972522567,0.2314396972522567,0.41860304762135664,0.6934180419308661,4.2822608410225484,0
